#
# 86Box v7.0 logfile, created 2026/10/10 21:49:56
#
# Emulator path: C:/Users/lycet/RiderProjects/86Box-Inboard/86box_3c509b/build_log/src//
# Global configuration file: C:/Users/lycet/AppData/Local/86Box/86box_global.cfg
# VM: vm_6695_w2
#
# Configuration file: C:/Users/lycet/RiderProjects/86Box-Inboard/vm_6695_w2/86box.cfg
#

# Userfiles path: C:/Users/lycet/RiderProjects/86Box-Inboard/vm_6695_w2/
# ROM path: C:/Users/lycet/RiderProjects/86Box-Inboard/vm_6695_w2/roms/
# ROM path: C:/Users/lycet/RiderProjects/86Box-Inboard/86box_3c509b/build_log/src//roms/
# ROM path: C:/Users/lycet/AppData/Local/86Box/roms/
# Asset path: C:/Users/lycet/RiderProjects/86Box-Inboard/vm_6695_w2/assets/
# Asset path: C:/Users/lycet/RiderProjects/86Box-Inboard/86box_3c509b/build_log/src//assets/
# Asset path: C:/Users/lycet/AppData/Local/86Box/assets/
DIAG10 RESET hard  at 0000:00000000
DIAG10 RESETVEC F000:FFF0 reached from 0000:00000000 (pm=0)
DIAG10 RESETVEC F000:E05B reached from F000:0000FFF0 (pm=0)
DIAG10 RESETVEC F000:E05B reached from F000:0000F096 (pm=0)
DIAG7 [C000:00005DF9] 4AE8 advfunc=03 on=1 hdisp=0 vdisp=0
DIAG7 [C000:00005E27] 4AEE clock_sel=0051 on=1 hdisp=0 vdisp=0
DIAG7 [C000:00005E8B] 4AEE clock_sel=0000 on=0 hdisp=0 vdisp=0
DIAG7 [C000:00005EA2] 4AE8 advfunc=02 on=0 hdisp=640 vdisp=480
DIAG7 [C000:000059EA] 4AEE clock_sel=0250 on=0 hdisp=640 vdisp=480
DIAG7 [C000:000059EA] 4AEE clock_sel=0638 on=0 hdisp=1024 vdisp=768
DIAG7 [C000:000059EA] 4AEE clock_sel=0250 on=0 hdisp=640 vdisp=480
DIAG7 [C000:000059EA] 4AEE clock_sel=0638 on=0 hdisp=1024 vdisp=768
DIAG7 [C000:00005632] 4AE8 advfunc=02 on=0 hdisp=1024 vdisp=768
DIAG7 [C000:00005DF9] 4AE8 advfunc=03 on=1 hdisp=1024 vdisp=768
DIAG7 [C000:00005EA2] 4AE8 advfunc=02 on=0 hdisp=1024 vdisp=768
DIAG10 RESETVEC F000:E05B reached from F000:0000F096 (pm=0)
*** 36 repeats ***
DIAG7 [0FE2:00000172] 4AE8 advfunc=07 on=1 hdisp=1024 vdisp=768
[M8P] rect cmd=40b3 pixcntl=000 cur=0,96
[M8P] rect cmd=40b3 pixcntl=000 cur=64,96
[M8P] rect cmd=53b0 pixcntl=000 cur=0,96
[M8P] rect cmd=40b3 pixcntl=000 cur=0,96
[M8P] rect cmd=40b3 pixcntl=000 cur=64,96
[M8P] rect cmd=53b0 pixcntl=000 cur=0,96
[M8P] rect cmd=40b3 pixcntl=000 cur=0,96
[M8P] rect cmd=40b3 pixcntl=000 cur=64,96
[M8P] rect cmd=53b0 pixcntl=000 cur=0,96
[M8P] rect cmd=40b3 pixcntl=000 cur=0,96
[M8P] rect cmd=40b3 pixcntl=000 cur=64,96
[M8P] rect cmd=53b0 pixcntl=000 cur=0,96
[M8P] rect cmd=40b3 pixcntl=000 cur=0,96
[M8P] rect cmd=40b3 pixcntl=000 cur=64,96
[M8P] rect cmd=53b0 pixcntl=000 cur=0,96
[M8P] rect cmd=40b3 pixcntl=000 cur=0,96
[M8P] rect cmd=53b0 pixcntl=000 cur=0,96
[M8P] rect cmd=40b3 pixcntl=000 cur=0,96
[M8P] rect cmd=53b0 pixcntl=000 cur=0,96
[M8P] rect cmd=40b3 pixcntl=000 cur=0,96
[M8P] rect cmd=40b3 pixcntl=000 cur=64,96
[M8P] rect cmd=53b0 pixcntl=000 cur=0,96
[M8P] rect cmd=40b3 pixcntl=000 cur=0,97
[M8P] rect cmd=40b3 pixcntl=000 cur=1,97
[M8P] rect cmd=40b3 pixcntl=000 cur=2,97
[M8P] rect cmd=40b3 pixcntl=000 cur=3,97
[M8P] rect cmd=40b3 pixcntl=000 cur=4,97
[M8P] rect cmd=40b3 pixcntl=000 cur=5,97
[M8P] rect cmd=40b3 pixcntl=000 cur=6,97
[M8P] rect cmd=40b3 pixcntl=000 cur=7,97
[M8P] rect cmd=40b3 pixcntl=000 cur=8,97
[M8P] rect cmd=40b3 pixcntl=000 cur=9,97
[M8P] rect cmd=40b3 pixcntl=000 cur=10,97
[M8P] rect cmd=40b3 pixcntl=000 cur=11,97
[M8P] rect cmd=40b3 pixcntl=000 cur=12,97
[M8P] rect cmd=40b3 pixcntl=000 cur=13,97
[M8P] rect cmd=40b3 pixcntl=000 cur=14,97
[M8P] rect cmd=40b3 pixcntl=000 cur=15,97
[M8P] rect cmd=40b3 pixcntl=000 cur=16,97
[M8P] rect cmd=40b3 pixcntl=000 cur=17,97
[M8P] rect cmd=40b3 pixcntl=000 cur=18,97
[M8P] rect cmd=40b3 pixcntl=000 cur=19,97
[M8P] rect cmd=40b3 pixcntl=000 cur=20,97
[M8P] rect cmd=40b3 pixcntl=000 cur=21,97
[M8P] rect cmd=40b3 pixcntl=000 cur=22,97
[M8P] rect cmd=40b3 pixcntl=000 cur=23,97
[M8P] rect cmd=40b3 pixcntl=000 cur=24,97
[M8P] rect cmd=40b3 pixcntl=000 cur=25,97
[M8P] rect cmd=40b3 pixcntl=000 cur=26,97
[M8P] rect cmd=40b3 pixcntl=000 cur=27,97
[M8P] rect cmd=40b3 pixcntl=000 cur=28,97
[M8P] rect cmd=40b3 pixcntl=000 cur=29,97
[M8P] rect cmd=40b3 pixcntl=000 cur=30,97
[M8P] rect cmd=40b3 pixcntl=000 cur=31,97
[M8P] rect cmd=40b3 pixcntl=000 cur=32,97
[M8P] rect cmd=40b3 pixcntl=000 cur=33,97
[M8P] rect cmd=40b3 pixcntl=000 cur=34,97
[M8P] rect cmd=40b3 pixcntl=000 cur=35,97
[M8P] rect cmd=40b3 pixcntl=000 cur=36,97
[M8P] rect cmd=40b3 pixcntl=000 cur=37,97
[M8P] rect cmd=40b3 pixcntl=000 cur=38,97
[M8P] rect cmd=40b3 pixcntl=000 cur=39,97
[M8P] rect cmd=40b3 pixcntl=000 cur=40,97
[M8P] rect cmd=40b3 pixcntl=000 cur=41,97
[M8P] rect cmd=40b3 pixcntl=000 cur=42,97
[M8P] rect cmd=40b3 pixcntl=000 cur=43,97
[M8P] rect cmd=40b3 pixcntl=000 cur=44,97
[M8P] rect cmd=40b3 pixcntl=000 cur=45,97
[M8P] rect cmd=40b3 pixcntl=000 cur=46,97
[M8P] rect cmd=40b3 pixcntl=000 cur=47,97
[M8P] rect cmd=40b3 pixcntl=000 cur=48,97
[M8P] rect cmd=40b3 pixcntl=000 cur=49,97
[M8P] rect cmd=40b3 pixcntl=000 cur=50,97
[M8P] rect cmd=40b3 pixcntl=000 cur=51,97
[M8P] rect cmd=40b3 pixcntl=000 cur=52,97
[M8P] rect cmd=40b3 pixcntl=000 cur=53,97
[M8P] rect cmd=40b3 pixcntl=000 cur=54,97
[M8P] rect cmd=40b3 pixcntl=000 cur=55,97
[M8P] rect cmd=40b3 pixcntl=000 cur=56,97
[M8P] rect cmd=40b3 pixcntl=000 cur=57,97
[M8P] rect cmd=40b3 pixcntl=000 cur=58,97
[M8P] rect cmd=40b3 pixcntl=000 cur=59,97
[M8P] rect cmd=40b3 pixcntl=000 cur=60,97
[M8P] rect cmd=40b3 pixcntl=000 cur=61,97
[M8P] rect cmd=40b3 pixcntl=000 cur=62,97
[M8P] rect cmd=40b3 pixcntl=000 cur=63,97
[M8P] rect cmd=53b0 pixcntl=000 cur=0,97
[M8P] rect cmd=40b3 pixcntl=000 cur=0,97
[M8P] rect cmd=40b3 pixcntl=000 cur=1,97
[M8P] rect cmd=40b3 pixcntl=000 cur=2,97
[M8P] rect cmd=40b3 pixcntl=000 cur=3,97
[M8P] rect cmd=40b3 pixcntl=000 cur=4,97
[M8P] rect cmd=40b3 pixcntl=000 cur=5,97
[M8P] rect cmd=40b3 pixcntl=000 cur=6,97
[M8P] rect cmd=40b3 pixcntl=000 cur=7,97
[M8P] rect cmd=40b3 pixcntl=000 cur=8,97
[M8P] rect cmd=40b3 pixcntl=000 cur=9,97
[M8P] rect cmd=40b3 pixcntl=000 cur=10,97
[M8P] rect cmd=40b3 pixcntl=000 cur=11,97
[M8P] rect cmd=40b3 pixcntl=000 cur=12,97
[M8P] rect cmd=40b3 pixcntl=000 cur=13,97
[M8P] rect cmd=40b3 pixcntl=000 cur=14,97
[M8P] rect cmd=40b3 pixcntl=000 cur=15,97
[M8P] rect cmd=40b3 pixcntl=000 cur=16,97
[M8P] rect cmd=40b3 pixcntl=000 cur=17,97
[M8P] rect cmd=40b3 pixcntl=000 cur=18,97
[M8P] rect cmd=40b3 pixcntl=000 cur=19,97
[M8P] rect cmd=40b3 pixcntl=000 cur=20,97
[M8P] rect cmd=40b3 pixcntl=000 cur=21,97
[M8P] rect cmd=40b3 pixcntl=000 cur=22,97
[M8P] rect cmd=40b3 pixcntl=000 cur=23,97
[M8P] rect cmd=40b3 pixcntl=000 cur=24,97
[M8P] rect cmd=40b3 pixcntl=000 cur=25,97
[M8P] rect cmd=40b3 pixcntl=000 cur=26,97
[M8P] rect cmd=40b3 pixcntl=000 cur=27,97
[M8P] rect cmd=40b3 pixcntl=000 cur=28,97
[M8P] rect cmd=40b3 pixcntl=000 cur=29,97
[M8P] rect cmd=40b3 pixcntl=000 cur=30,97
[M8P] rect cmd=40b3 pixcntl=000 cur=31,97
[M8P] rect cmd=40b3 pixcntl=000 cur=32,97
[M8P] rect cmd=40b3 pixcntl=000 cur=33,97
[M8P] rect cmd=40b3 pixcntl=000 cur=34,97
[M8P] rect cmd=40b3 pixcntl=000 cur=35,97
[M8P] rect cmd=40b3 pixcntl=000 cur=36,97
[M8P] rect cmd=40b3 pixcntl=000 cur=37,97
[M8P] rect cmd=40b3 pixcntl=000 cur=38,97
[M8P] rect cmd=40b3 pixcntl=000 cur=39,97
[M8P] rect cmd=40b3 pixcntl=000 cur=40,97
[M8P] rect cmd=40b3 pixcntl=000 cur=41,97
[M8P] rect cmd=40b3 pixcntl=000 cur=42,97
[M8P] rect cmd=40b3 pixcntl=000 cur=43,97
[M8P] rect cmd=40b3 pixcntl=000 cur=44,97
[M8P] rect cmd=40b3 pixcntl=000 cur=45,97
[M8P] rect cmd=40b3 pixcntl=000 cur=46,97
[M8P] rect cmd=40b3 pixcntl=000 cur=47,97
[M8P] rect cmd=40b3 pixcntl=000 cur=48,97
[M8P] rect cmd=40b3 pixcntl=000 cur=49,97
[M8P] rect cmd=40b3 pixcntl=000 cur=50,97
[M8P] rect cmd=40b3 pixcntl=000 cur=51,97
[M8P] rect cmd=40b3 pixcntl=000 cur=52,97
[M8P] rect cmd=40b3 pixcntl=000 cur=53,97
[M8P] rect cmd=40b3 pixcntl=000 cur=54,97
[M8P] rect cmd=40b3 pixcntl=000 cur=55,97
[M8P] rect cmd=40b3 pixcntl=000 cur=56,97
[M8P] rect cmd=40b3 pixcntl=000 cur=57,97
[M8P] rect cmd=40b3 pixcntl=000 cur=58,97
[M8P] rect cmd=40b3 pixcntl=000 cur=59,97
[M8P] rect cmd=40b3 pixcntl=000 cur=60,97
[M8P] rect cmd=40b3 pixcntl=000 cur=61,97
[M8P] rect cmd=40b3 pixcntl=000 cur=62,97
[M8P] rect cmd=40b3 pixcntl=000 cur=63,97
[M8P] rect cmd=53b0 pixcntl=000 cur=0,97
[M8P] rect cmd=40b3 pixcntl=000 cur=0,97
[M8P] rect cmd=40b3 pixcntl=000 cur=1,97
[M8P] rect cmd=40b3 pixcntl=000 cur=2,97
[M8P] rect cmd=40b3 pixcntl=000 cur=3,97
[M8P] rect cmd=40b3 pixcntl=000 cur=4,97
[M8P] rect cmd=40b3 pixcntl=000 cur=5,97
[M8P] rect cmd=40b3 pixcntl=000 cur=6,97
[M8P] rect cmd=40b3 pixcntl=000 cur=7,97
[M8P] rect cmd=40b3 pixcntl=000 cur=8,97
[M8P] rect cmd=40b3 pixcntl=000 cur=9,97
[M8P] rect cmd=40b3 pixcntl=000 cur=10,97
[M8P] rect cmd=40b3 pixcntl=000 cur=11,97
[M8P] rect cmd=40b3 pixcntl=000 cur=12,97
[M8P] rect cmd=40b3 pixcntl=000 cur=13,97
[M8P] rect cmd=40b3 pixcntl=000 cur=14,97
[M8P] rect cmd=40b3 pixcntl=000 cur=15,97
[M8P] rect cmd=40b3 pixcntl=000 cur=16,97
[M8P] rect cmd=40b3 pixcntl=000 cur=17,97
[M8P] rect cmd=40b3 pixcntl=000 cur=18,97
[M8P] rect cmd=40b3 pixcntl=000 cur=19,97
[M8P] rect cmd=40b3 pixcntl=000 cur=20,97
[M8P] rect cmd=40b3 pixcntl=000 cur=21,97
[M8P] rect cmd=40b3 pixcntl=000 cur=22,97
[M8P] rect cmd=40b3 pixcntl=000 cur=23,97
[M8P] rect cmd=40b3 pixcntl=000 cur=24,97
[M8P] rect cmd=40b3 pixcntl=000 cur=25,97
[M8P] rect cmd=40b3 pixcntl=000 cur=26,97
[M8P] rect cmd=40b3 pixcntl=000 cur=27,97
[M8P] rect cmd=40b3 pixcntl=000 cur=28,97
[M8P] rect cmd=40b3 pixcntl=000 cur=29,97
[M8P] rect cmd=40b3 pixcntl=000 cur=30,97
[M8P] rect cmd=40b3 pixcntl=000 cur=31,97
[M8P] rect cmd=40b3 pixcntl=000 cur=32,97
[M8P] rect cmd=40b3 pixcntl=000 cur=33,97
[M8P] rect cmd=40b3 pixcntl=000 cur=34,97
[M8P] rect cmd=40b3 pixcntl=000 cur=35,97
[M8P] rect cmd=40b3 pixcntl=000 cur=36,97
[M8P] rect cmd=40b3 pixcntl=000 cur=37,97
[M8P] rect cmd=40b3 pixcntl=000 cur=38,97
[M8P] rect cmd=40b3 pixcntl=000 cur=39,97
[M8P] rect cmd=40b3 pixcntl=000 cur=40,97
[M8P] rect cmd=40b3 pixcntl=000 cur=41,97
[M8P] rect cmd=40b3 pixcntl=000 cur=42,97
[M8P] rect cmd=40b3 pixcntl=000 cur=43,97
[M8P] rect cmd=40b3 pixcntl=000 cur=44,97
[M8P] rect cmd=40b3 pixcntl=000 cur=45,97
[M8P] rect cmd=40b3 pixcntl=000 cur=46,97
[M8P] rect cmd=40b3 pixcntl=000 cur=47,97
[M8P] rect cmd=40b3 pixcntl=000 cur=48,97
[M8P] rect cmd=40b3 pixcntl=000 cur=49,97
[M8P] rect cmd=40b3 pixcntl=000 cur=50,97
[M8P] rect cmd=40b3 pixcntl=000 cur=51,97
[M8P] rect cmd=40b3 pixcntl=000 cur=52,97
[M8P] rect cmd=40b3 pixcntl=000 cur=53,97
[M8P] rect cmd=40b3 pixcntl=000 cur=54,97
[M8P] rect cmd=40b3 pixcntl=000 cur=55,97
[M8P] rect cmd=40b3 pixcntl=000 cur=56,97
[M8P] rect cmd=40b3 pixcntl=000 cur=57,97
[M8P] rect cmd=40b3 pixcntl=000 cur=58,97
[M8P] rect cmd=40b3 pixcntl=000 cur=59,97
[M8P] rect cmd=40b3 pixcntl=000 cur=60,97
[M8P] rect cmd=40b3 pixcntl=000 cur=61,97
[M8P] rect cmd=40b3 pixcntl=000 cur=62,97
[M8P] rect cmd=40b3 pixcntl=000 cur=63,97
[M8P] rect cmd=53b0 pixcntl=000 cur=0,97
DIAG7 [0FE2:000001E4] 4AE8 advfunc=02 on=0 hdisp=1024 vdisp=768
DIAG7 [0FE2:00000177] 4AE8 advfunc=07 on=1 hdisp=1024 vdisp=768
[M8P] rect cmd=40b3 pixcntl=000 cur=0,96
[M8P] rect cmd=40b3 pixcntl=000 cur=64,96
[M8P] rect cmd=53b0 pixcntl=000 cur=0,96
[M8P] rect cmd=40b3 pixcntl=000 cur=0,96
[M8P] rect cmd=40b3 pixcntl=000 cur=64,96
[M8P] rect cmd=53b0 pixcntl=000 cur=0,96
[M8P] rect cmd=40b3 pixcntl=000 cur=0,96
[M8P] rect cmd=40b3 pixcntl=000 cur=80,96
[M8P] rect cmd=53b0 pixcntl=000 cur=0,96
[M8P] rect cmd=40b3 pixcntl=000 cur=0,96
[M8P] rect cmd=40b3 pixcntl=000 cur=64,96
[M8P] rect cmd=53b0 pixcntl=000 cur=0,96
[M8P] rect cmd=40b3 pixcntl=000 cur=0,96
[M8P] rect cmd=53b0 pixcntl=000 cur=0,96
[M8P] rect cmd=40b3 pixcntl=000 cur=0,96
[M8P] rect cmd=40b3 pixcntl=000 cur=64,96
[M8P] rect cmd=53b0 pixcntl=000 cur=0,96
[M8P] rect cmd=40b3 pixcntl=000 cur=0,96
[M8P] rect cmd=40b3 pixcntl=000 cur=64,96
[M8P] rect cmd=53b0 pixcntl=000 cur=0,96
[M8P] rect cmd=40b3 pixcntl=000 cur=0,96
[M8P] rect cmd=53b0 pixcntl=000 cur=0,96
DIAG7 [0FE2:000001DF] 4AE8 advfunc=02 on=0 hdisp=1024 vdisp=768
DIAG7 [0FE2:00000177] 4AE8 advfunc=07 on=1 hdisp=1024 vdisp=768
[M8P] rect cmd=40b3 pixcntl=000 cur=0,96
[M8P] rect cmd=40b3 pixcntl=000 cur=64,96
[M8P] rect cmd=53b0 pixcntl=000 cur=0,96
[M8P] rect cmd=40b3 pixcntl=000 cur=0,96
[M8P] rect cmd=40b3 pixcntl=000 cur=64,96
[M8P] rect cmd=53b0 pixcntl=000 cur=0,96
[M8P] rect cmd=40b3 pixcntl=000 cur=0,96
[M8P] rect cmd=40b3 pixcntl=000 cur=64,96
[M8P] rect cmd=53b0 pixcntl=000 cur=0,96
[M8P] rect cmd=40b3 pixcntl=000 cur=0,96
[M8P] rect cmd=40b3 pixcntl=000 cur=64,96
[M8P] rect cmd=40b3 pixcntl=000 cur=64,97
[M8P] rect cmd=53b0 pixcntl=000 cur=0,96
DIAG7 [0FE2:000001DF] 4AE8 advfunc=02 on=0 hdisp=1024 vdisp=768
DIAG7 [0FE2:00000177] 4AE8 advfunc=07 on=1 hdisp=1024 vdisp=768
[M8P] rect cmd=40b3 pixcntl=000 cur=0,96
[M8P] rect cmd=40b3 pixcntl=000 cur=0,48
[M8P] rect cmd=40b3 pixcntl=000 cur=64,96
[M8P] rect cmd=53b0 pixcntl=000 cur=0,96
[M8P] rect cmd=40b3 pixcntl=000 cur=0,96
[M8P] rect cmd=40b3 pixcntl=000 cur=0,48
[M8P] rect cmd=40b3 pixcntl=000 cur=64,96
[M8P] rect cmd=53b0 pixcntl=000 cur=0,48
DIAG7 [0FE2:000001DF] 4AE8 advfunc=02 on=0 hdisp=1024 vdisp=768
DIAG7 [0FE2:000001CB] 4AE8 advfunc=07 on=1 hdisp=1024 vdisp=768
[M8P] rect cmd=40b1 pixcntl=000 cur=0,518
[M8P] rect cmd=43f1 pixcntl=000 cur=0,518
[M8P] rect cmd=53b0 pixcntl=000 cur=0,518
[M8P] rect cmd=40b1 pixcntl=000 cur=0,518
[M8P] rect cmd=43f1 pixcntl=000 cur=0,518
[M8P] rect cmd=53b0 pixcntl=000 cur=0,518
[M8P] rect cmd=40b1 pixcntl=000 cur=0,518
[M8P] rect cmd=43f1 pixcntl=000 cur=0,518
[M8P] rect cmd=53b0 pixcntl=000 cur=0,518
[M8P] rect cmd=40b1 pixcntl=000 cur=0,518
[M8P] rect cmd=43f1 pixcntl=000 cur=2,518
[M8P] rect cmd=53b0 pixcntl=000 cur=0,518
DIAG7 [0FE2:00000243] 4AE8 advfunc=02 on=0 hdisp=1024 vdisp=768
DIAG7 [0FE2:000001D3] 4AE8 advfunc=07 on=1 hdisp=1024 vdisp=768
[M8P] rect cmd=40b3 pixcntl=000 cur=116,70
[M8P] rect cmd=40b3 pixcntl=000 cur=120,70
[M8P] rect cmd=40b3 pixcntl=000 cur=124,70
[M8P] rect cmd=40b3 pixcntl=000 cur=128,70
[M8P] rect cmd=40b3 pixcntl=000 cur=132,70
[M8P] rect cmd=40b3 pixcntl=000 cur=136,70
[M8P] rect cmd=40b3 pixcntl=000 cur=140,70
[M8P] rect cmd=40b3 pixcntl=000 cur=144,70
[M8P] rect cmd=40b3 pixcntl=000 cur=148,70
[M8P] rect cmd=40b3 pixcntl=000 cur=152,70
[M8P] rect cmd=40b3 pixcntl=000 cur=156,70
[M8P] rect cmd=40b3 pixcntl=000 cur=160,70
[M8P] rect cmd=40b3 pixcntl=000 cur=164,70
[M8P] rect cmd=40b3 pixcntl=000 cur=168,70
[M8P] rect cmd=40b3 pixcntl=000 cur=172,70
[M8P] rect cmd=40b3 pixcntl=000 cur=176,70
[M8P] rect cmd=40b3 pixcntl=000 cur=116,78
[M8B] start cur=116,78 dyend=79 dpc=6011 dpitch=1024 doff=-1835008 clip 0,0-1023,1023 compat=0
[M8B] end cur=116,79
[M8P] rect cmd=53b0 pixcntl=000 cur=116,78
[M8P] rect cmd=40b3 pixcntl=000 cur=116,70
[M8P] rect cmd=40b3 pixcntl=000 cur=120,70
[M8P] rect cmd=40b3 pixcntl=000 cur=124,70
[M8P] rect cmd=40b3 pixcntl=000 cur=128,70
[M8P] rect cmd=40b3 pixcntl=000 cur=132,70
[M8P] rect cmd=40b3 pixcntl=000 cur=136,70
[M8P] rect cmd=40b3 pixcntl=000 cur=140,70
[M8P] rect cmd=40b3 pixcntl=000 cur=144,70
[M8P] rect cmd=40b3 pixcntl=000 cur=148,70
[M8P] rect cmd=40b3 pixcntl=000 cur=152,70
[M8P] rect cmd=40b3 pixcntl=000 cur=156,70
[M8P] rect cmd=40b3 pixcntl=000 cur=160,70
[M8P] rect cmd=40b3 pixcntl=000 cur=164,70
[M8P] rect cmd=40b3 pixcntl=000 cur=168,70
[M8P] rect cmd=40b3 pixcntl=000 cur=172,70
[M8P] rect cmd=40b3 pixcntl=000 cur=176,70
[M8P] rect cmd=40b3 pixcntl=000 cur=116,78
[M8B] start cur=116,78 dyend=79 dpc=6011 dpitch=1024 doff=-1835008 clip 0,0-1023,1023 compat=0
[M8B] end cur=116,79
[M8P] rect cmd=53b0 pixcntl=000 cur=116,78
[M8P] rect cmd=40b3 pixcntl=000 cur=116,70
[M8P] rect cmd=40b3 pixcntl=000 cur=120,70
[M8P] rect cmd=40b3 pixcntl=000 cur=124,70
[M8P] rect cmd=40b3 pixcntl=000 cur=128,70
[M8P] rect cmd=40b3 pixcntl=000 cur=132,70
[M8P] rect cmd=40b3 pixcntl=000 cur=136,70
[M8P] rect cmd=40b3 pixcntl=000 cur=140,70
[M8P] rect cmd=40b3 pixcntl=000 cur=144,70
[M8P] rect cmd=40b3 pixcntl=000 cur=148,70
[M8P] rect cmd=40b3 pixcntl=000 cur=152,70
[M8P] rect cmd=40b3 pixcntl=000 cur=156,70
[M8P] rect cmd=40b3 pixcntl=000 cur=160,70
[M8P] rect cmd=40b3 pixcntl=000 cur=164,70
[M8P] rect cmd=40b3 pixcntl=000 cur=168,70
[M8P] rect cmd=40b3 pixcntl=000 cur=172,70
[M8P] rect cmd=40b3 pixcntl=000 cur=176,70
[M8P] rect cmd=40b3 pixcntl=000 cur=116,78
[M8B] start cur=116,78 dyend=79 dpc=6011 dpitch=1024 doff=-1835008 clip 0,0-1023,1023 compat=0
[M8B] end cur=116,79
[M8P] rect cmd=53b0 pixcntl=000 cur=116,78
[M8P] rect cmd=40b3 pixcntl=000 cur=116,70
[M8P] rect cmd=40b3 pixcntl=000 cur=120,70
[M8P] rect cmd=40b3 pixcntl=000 cur=124,70
[M8P] rect cmd=40b3 pixcntl=000 cur=128,70
[M8P] rect cmd=40b3 pixcntl=000 cur=132,70
[M8P] rect cmd=40b3 pixcntl=000 cur=136,70
[M8P] rect cmd=40b3 pixcntl=000 cur=140,70
[M8P] rect cmd=40b3 pixcntl=000 cur=144,70
[M8P] rect cmd=40b3 pixcntl=000 cur=148,70
[M8P] rect cmd=40b3 pixcntl=000 cur=152,70
[M8P] rect cmd=40b3 pixcntl=000 cur=156,70
[M8P] rect cmd=40b3 pixcntl=000 cur=160,70
[M8P] rect cmd=40b3 pixcntl=000 cur=164,70
[M8P] rect cmd=40b3 pixcntl=000 cur=168,70
[M8P] rect cmd=40b3 pixcntl=000 cur=172,70
[M8P] rect cmd=40b3 pixcntl=000 cur=176,70
[M8P] rect cmd=40b3 pixcntl=000 cur=116,78
[M8B] start cur=116,78 dyend=79 dpc=6011 dpitch=1024 doff=-1835008 clip 0,0-1023,1023 compat=0
[M8B] end cur=116,79
[M8P] rect cmd=53b0 pixcntl=000 cur=116,78
[M8P] rect cmd=40b3 pixcntl=000 cur=116,70
[M8P] rect cmd=40b3 pixcntl=000 cur=120,70
[M8P] rect cmd=40b3 pixcntl=000 cur=124,70
[M8P] rect cmd=40b3 pixcntl=000 cur=128,70
[M8P] rect cmd=40b3 pixcntl=000 cur=132,70
[M8P] rect cmd=40b3 pixcntl=000 cur=136,70
[M8P] rect cmd=40b3 pixcntl=000 cur=140,70
[M8P] rect cmd=40b3 pixcntl=000 cur=144,70
[M8P] rect cmd=40b3 pixcntl=000 cur=148,70
[M8P] rect cmd=40b3 pixcntl=000 cur=152,70
[M8P] rect cmd=40b3 pixcntl=000 cur=156,70
[M8P] rect cmd=40b3 pixcntl=000 cur=160,70
[M8P] rect cmd=40b3 pixcntl=000 cur=164,70
[M8P] rect cmd=40b3 pixcntl=000 cur=168,70
[M8P] rect cmd=40b3 pixcntl=000 cur=172,70
[M8P] rect cmd=40b3 pixcntl=000 cur=176,70
[M8P] rect cmd=40b3 pixcntl=000 cur=116,78
[M8B] start cur=116,78 dyend=79 dpc=6011 dpitch=1024 doff=-1835008 clip 0,0-1023,1023 compat=0
[M8B] end cur=116,79
[M8P] rect cmd=53b0 pixcntl=000 cur=116,78
[M8P] rect cmd=40b3 pixcntl=000 cur=116,70
[M8P] rect cmd=40b3 pixcntl=000 cur=120,70
[M8P] rect cmd=40b3 pixcntl=000 cur=124,70
[M8P] rect cmd=40b3 pixcntl=000 cur=128,70
[M8P] rect cmd=40b3 pixcntl=000 cur=132,70
[M8P] rect cmd=40b3 pixcntl=000 cur=136,70
[M8P] rect cmd=40b3 pixcntl=000 cur=140,70
[M8P] rect cmd=40b3 pixcntl=000 cur=144,70
[M8P] rect cmd=40b3 pixcntl=000 cur=148,70
[M8P] rect cmd=40b3 pixcntl=000 cur=152,70
[M8P] rect cmd=40b3 pixcntl=000 cur=156,70
[M8P] rect cmd=40b3 pixcntl=000 cur=160,70
[M8P] rect cmd=40b3 pixcntl=000 cur=164,70
[M8P] rect cmd=40b3 pixcntl=000 cur=168,70
[M8P] rect cmd=40b3 pixcntl=000 cur=172,70
[M8P] rect cmd=40b3 pixcntl=000 cur=176,70
[M8P] rect cmd=40b3 pixcntl=000 cur=116,78
[M8B] start cur=116,78 dyend=79 dpc=6011 dpitch=1024 doff=-1835008 clip 0,0-1023,1023 compat=0
[M8B] end cur=116,79
[M8P] rect cmd=53b0 pixcntl=000 cur=116,78
[M8P] rect cmd=40b3 pixcntl=000 cur=116,70
[M8P] rect cmd=40b3 pixcntl=000 cur=120,70
[M8P] rect cmd=40b3 pixcntl=000 cur=124,70
[M8P] rect cmd=40b3 pixcntl=000 cur=128,70
[M8P] rect cmd=40b3 pixcntl=000 cur=132,70
[M8P] rect cmd=40b3 pixcntl=000 cur=136,70
[M8P] rect cmd=40b3 pixcntl=000 cur=140,70
[M8P] rect cmd=40b3 pixcntl=000 cur=144,70
[M8P] rect cmd=40b3 pixcntl=000 cur=148,70
[M8P] rect cmd=40b3 pixcntl=000 cur=152,70
[M8P] rect cmd=40b3 pixcntl=000 cur=156,70
[M8P] rect cmd=40b3 pixcntl=000 cur=160,70
[M8P] rect cmd=40b3 pixcntl=000 cur=164,70
[M8P] rect cmd=40b3 pixcntl=000 cur=168,70
[M8P] rect cmd=40b3 pixcntl=000 cur=172,70
[M8P] rect cmd=40b3 pixcntl=000 cur=176,70
[M8P] rect cmd=40b3 pixcntl=000 cur=116,78
[M8B] start cur=116,78 dyend=79 dpc=6011 dpitch=1024 doff=-1835008 clip 0,0-1023,1023 compat=0
[M8B] end cur=116,79
[M8P] rect cmd=53b0 pixcntl=000 cur=116,78
[M8P] rect cmd=40b3 pixcntl=000 cur=116,70
[M8P] rect cmd=40b3 pixcntl=000 cur=120,70
[M8P] rect cmd=40b3 pixcntl=000 cur=124,70
[M8P] rect cmd=40b3 pixcntl=000 cur=128,70
[M8P] rect cmd=40b3 pixcntl=000 cur=132,70
[M8P] rect cmd=40b3 pixcntl=000 cur=136,70
[M8P] rect cmd=40b3 pixcntl=000 cur=140,70
[M8P] rect cmd=40b3 pixcntl=000 cur=144,70
[M8P] rect cmd=40b3 pixcntl=000 cur=148,70
[M8P] rect cmd=40b3 pixcntl=000 cur=152,70
[M8P] rect cmd=40b3 pixcntl=000 cur=156,70
[M8P] rect cmd=40b3 pixcntl=000 cur=160,70
[M8P] rect cmd=40b3 pixcntl=000 cur=164,70
[M8P] rect cmd=40b3 pixcntl=000 cur=168,70
[M8P] rect cmd=40b3 pixcntl=000 cur=172,70
[M8P] rect cmd=40b3 pixcntl=000 cur=176,70
[M8P] rect cmd=40b3 pixcntl=000 cur=116,78
[M8B] start cur=116,78 dyend=79 dpc=6011 dpitch=1024 doff=-1835008 clip 0,0-1023,1023 compat=0
[M8B] end cur=116,79
[M8P] rect cmd=53b0 pixcntl=000 cur=116,78
[M8P] rect cmd=40b3 pixcntl=000 cur=116,70
[M8P] rect cmd=40b3 pixcntl=000 cur=120,70
[M8P] rect cmd=40b3 pixcntl=000 cur=124,70
[M8P] rect cmd=40b3 pixcntl=000 cur=128,70
[M8P] rect cmd=40b3 pixcntl=000 cur=132,70
[M8P] rect cmd=40b3 pixcntl=000 cur=136,70
[M8P] rect cmd=40b3 pixcntl=000 cur=140,70
[M8P] rect cmd=40b3 pixcntl=000 cur=144,70
[M8P] rect cmd=40b3 pixcntl=000 cur=148,70
[M8P] rect cmd=40b3 pixcntl=000 cur=152,70
[M8P] rect cmd=40b3 pixcntl=000 cur=156,70
[M8P] rect cmd=40b3 pixcntl=000 cur=160,70
[M8P] rect cmd=40b3 pixcntl=000 cur=164,70
[M8P] rect cmd=40b3 pixcntl=000 cur=168,70
[M8P] rect cmd=40b3 pixcntl=000 cur=172,70
[M8P] rect cmd=40b3 pixcntl=000 cur=176,70
[M8P] rect cmd=40b3 pixcntl=000 cur=116,78
[M8B] start cur=116,78 dyend=79 dpc=6011 dpitch=1024 doff=-1835008 clip 0,0-1023,1023 compat=0
[M8B] end cur=116,79
[M8P] rect cmd=53b0 pixcntl=000 cur=116,78
[M8P] rect cmd=40b3 pixcntl=000 cur=116,70
[M8P] rect cmd=40b3 pixcntl=000 cur=120,70
[M8P] rect cmd=40b3 pixcntl=000 cur=124,70
[M8P] rect cmd=40b3 pixcntl=000 cur=128,70
[M8P] rect cmd=40b3 pixcntl=000 cur=132,70
[M8P] rect cmd=40b3 pixcntl=000 cur=136,70
[M8P] rect cmd=40b3 pixcntl=000 cur=140,70
[M8P] rect cmd=40b3 pixcntl=000 cur=144,70
[M8P] rect cmd=40b3 pixcntl=000 cur=148,70
[M8P] rect cmd=40b3 pixcntl=000 cur=152,70
[M8P] rect cmd=40b3 pixcntl=000 cur=156,70
[M8P] rect cmd=40b3 pixcntl=000 cur=160,70
[M8P] rect cmd=40b3 pixcntl=000 cur=164,70
[M8P] rect cmd=40b3 pixcntl=000 cur=168,70
[M8P] rect cmd=40b3 pixcntl=000 cur=172,70
[M8P] rect cmd=40b3 pixcntl=000 cur=176,70
[M8P] rect cmd=40b3 pixcntl=000 cur=116,78
[M8B] start cur=116,78 dyend=79 dpc=6011 dpitch=1024 doff=-1835008 clip 0,0-1023,1023 compat=0
[M8B] end cur=116,79
[M8P] rect cmd=53b0 pixcntl=000 cur=116,78
[M8P] rect cmd=40b3 pixcntl=000 cur=116,70
[M8P] rect cmd=40b3 pixcntl=000 cur=120,70
[M8P] rect cmd=40b3 pixcntl=000 cur=124,70
[M8P] rect cmd=40b3 pixcntl=000 cur=128,70
[M8P] rect cmd=40b3 pixcntl=000 cur=132,70
[M8P] rect cmd=40b3 pixcntl=000 cur=136,70
[M8P] rect cmd=40b3 pixcntl=000 cur=140,70
[M8P] rect cmd=40b3 pixcntl=000 cur=144,70
[M8P] rect cmd=40b3 pixcntl=000 cur=148,70
[M8P] rect cmd=40b3 pixcntl=000 cur=152,70
[M8P] rect cmd=40b3 pixcntl=000 cur=156,70
[M8P] rect cmd=40b3 pixcntl=000 cur=160,70
[M8P] rect cmd=40b3 pixcntl=000 cur=164,70
[M8P] rect cmd=40b3 pixcntl=000 cur=168,70
[M8P] rect cmd=40b3 pixcntl=000 cur=172,70
[M8P] rect cmd=40b3 pixcntl=000 cur=176,70
[M8P] rect cmd=40b3 pixcntl=000 cur=116,78
[M8B] start cur=116,78 dyend=79 dpc=6011 dpitch=1024 doff=-1835008 clip 0,0-1023,1023 compat=0
[M8B] end cur=116,79
[M8P] rect cmd=53b0 pixcntl=000 cur=116,78
[M8P] rect cmd=40b3 pixcntl=000 cur=116,70
[M8P] rect cmd=40b3 pixcntl=000 cur=120,70
[M8P] rect cmd=40b3 pixcntl=000 cur=124,70
[M8P] rect cmd=40b3 pixcntl=000 cur=128,70
[M8P] rect cmd=40b3 pixcntl=000 cur=132,70
[M8P] rect cmd=40b3 pixcntl=000 cur=136,70
[M8P] rect cmd=40b3 pixcntl=000 cur=140,70
[M8P] rect cmd=40b3 pixcntl=000 cur=144,70
[M8P] rect cmd=40b3 pixcntl=000 cur=148,70
[M8P] rect cmd=40b3 pixcntl=000 cur=152,70
[M8P] rect cmd=40b3 pixcntl=000 cur=156,70
[M8P] rect cmd=40b3 pixcntl=000 cur=160,70
[M8P] rect cmd=40b3 pixcntl=000 cur=164,70
[M8P] rect cmd=40b3 pixcntl=000 cur=168,70
[M8P] rect cmd=40b3 pixcntl=000 cur=172,70
[M8P] rect cmd=40b3 pixcntl=000 cur=176,70
[M8P] rect cmd=40b3 pixcntl=000 cur=116,78
[M8B] start cur=116,78 dyend=79 dpc=6011 dpitch=1024 doff=-1835008 clip 0,0-1023,1023 compat=0
[M8B] end cur=116,79
[M8P] rect cmd=53b0 pixcntl=000 cur=116,78
DIAG7 [0FE2:00000274] 4AE8 advfunc=02 on=0 hdisp=1024 vdisp=768
DIAG7 [0FE2:000001C3] 4AE8 advfunc=07 on=1 hdisp=1024 vdisp=768
[M8P] rect cmd=40b3 pixcntl=000 cur=32,56
[M8L] start cmd=3319 cur=64,72 maj=15
[M8L] exit 2 cmd=3319 cpu=1 cx=79 cy=72 cur=64,72
[M8P] rect cmd=53b0 pixcntl=000 cur=32,56
[M8P] rect cmd=40b3 pixcntl=000 cur=32,56
[M8L] start cmd=3319 cur=64,72 maj=15
[M8L] exit 2 cmd=3319 cpu=1 cx=79 cy=72 cur=64,72
[M8P] rect cmd=53b0 pixcntl=000 cur=32,56
[M8P] rect cmd=40b3 pixcntl=000 cur=32,56
[M8L] start cmd=3319 cur=64,72 maj=15
[M8L] exit 2 cmd=3319 cpu=1 cx=79 cy=72 cur=64,72
[M8P] rect cmd=53b0 pixcntl=000 cur=32,56
[M8P] rect cmd=40b3 pixcntl=000 cur=32,56
[M8L] start cmd=3319 cur=64,72 maj=15
[M8L] exit 2 cmd=3319 cpu=1 cx=79 cy=72 cur=64,72
[M8P] rect cmd=53b0 pixcntl=000 cur=32,56
[M8P] rect cmd=40b3 pixcntl=000 cur=32,56
[M8L] start cmd=3319 cur=64,72 maj=15
[M8L] exit 2 cmd=3319 cpu=1 cx=79 cy=72 cur=64,72
[M8P] rect cmd=53b0 pixcntl=000 cur=32,56
[M8P] rect cmd=40b3 pixcntl=000 cur=32,56
[M8L] start cmd=3319 cur=64,72 maj=15
[M8L] exit 2 cmd=3319 cpu=1 cx=79 cy=72 cur=64,72
[M8P] rect cmd=53b0 pixcntl=000 cur=32,56
[M8P] rect cmd=40b3 pixcntl=000 cur=32,56
[M8L] start cmd=3319 cur=64,72 maj=15
[M8L] exit 2 cmd=3319 cpu=1 cx=79 cy=72 cur=64,72
[M8P] rect cmd=53b0 pixcntl=000 cur=32,56
[M8P] rect cmd=40b3 pixcntl=000 cur=32,56
[M8L] start cmd=3319 cur=64,72 maj=15
[M8L] exit 2 cmd=3319 cpu=1 cx=79 cy=72 cur=64,72
[M8P] rect cmd=53b0 pixcntl=000 cur=32,56
[M8P] rect cmd=40b3 pixcntl=000 cur=32,56
[M8L] start cmd=3319 cur=64,72 maj=15
[M8L] exit 2 cmd=3319 cpu=1 cx=79 cy=72 cur=64,72
[M8P] rect cmd=53b0 pixcntl=000 cur=32,56
[M8P] rect cmd=40b3 pixcntl=000 cur=32,56
[M8L] start cmd=3319 cur=65,72 maj=15
[M8L] exit 2 cmd=3319 cpu=1 cx=80 cy=72 cur=65,72
[M8P] rect cmd=53b0 pixcntl=000 cur=32,56
[M8P] rect cmd=40b3 pixcntl=000 cur=32,56
[M8L] start cmd=3319 cur=65,72 maj=15
[M8L] exit 2 cmd=3319 cpu=1 cx=80 cy=72 cur=65,72
[M8P] rect cmd=53b0 pixcntl=000 cur=32,56
[M8P] rect cmd=40b3 pixcntl=000 cur=32,56
[M8L] start cmd=3319 cur=65,72 maj=15
[M8L] exit 2 cmd=3319 cpu=1 cx=80 cy=72 cur=65,72
[M8P] rect cmd=53b0 pixcntl=000 cur=32,56
[M8P] rect cmd=40b3 pixcntl=000 cur=32,56
[M8L] start cmd=3319 cur=65,72 maj=15
[M8L] exit 2 cmd=3319 cpu=1 cx=80 cy=72 cur=65,72
[M8P] rect cmd=53b0 pixcntl=000 cur=32,56
[M8P] rect cmd=40b3 pixcntl=000 cur=32,56
[M8L] start cmd=3319 cur=65,72 maj=15
[M8L] exit 2 cmd=3319 cpu=1 cx=80 cy=72 cur=65,72
[M8P] rect cmd=53b0 pixcntl=000 cur=32,56
[M8P] rect cmd=40b3 pixcntl=000 cur=32,56
[M8L] start cmd=3319 cur=65,72 maj=15
[M8L] exit 2 cmd=3319 cpu=1 cx=80 cy=72 cur=65,72
[M8P] rect cmd=53b0 pixcntl=000 cur=32,56
[M8P] rect cmd=40b3 pixcntl=000 cur=32,56
[M8L] start cmd=3319 cur=65,72 maj=15
[M8L] exit 2 cmd=3319 cpu=1 cx=80 cy=72 cur=65,72
[M8P] rect cmd=53b0 pixcntl=000 cur=32,56
[M8P] rect cmd=40b3 pixcntl=000 cur=32,56
[M8L] start cmd=3319 cur=65,72 maj=15
[M8L] exit 2 cmd=3319 cpu=1 cx=80 cy=72 cur=65,72
[M8P] rect cmd=53b0 pixcntl=000 cur=32,56
[M8P] rect cmd=40b3 pixcntl=000 cur=32,56
[M8L] start cmd=3319 cur=65,72 maj=15
[M8L] exit 2 cmd=3319 cpu=1 cx=80 cy=72 cur=65,72
[M8P] rect cmd=53b0 pixcntl=000 cur=32,56
[M8P] rect cmd=40b3 pixcntl=000 cur=32,56
[M8L] start cmd=3119 cur=64,72 maj=15
[M8P] rect cmd=53b0 pixcntl=000 cur=32,56
[M8P] rect cmd=40b3 pixcntl=000 cur=32,56
[M8L] start cmd=3119 cur=64,72 maj=15
[M8P] rect cmd=53b0 pixcntl=000 cur=32,56
[M8P] rect cmd=40b3 pixcntl=000 cur=32,56
[M8L] start cmd=3119 cur=64,72 maj=15
[M8P] rect cmd=53b0 pixcntl=000 cur=32,56
[M8P] rect cmd=40b3 pixcntl=000 cur=32,56
[M8L] start cmd=3119 cur=64,72 maj=15
[M8P] rect cmd=53b0 pixcntl=000 cur=32,56
[M8P] rect cmd=40b3 pixcntl=000 cur=32,56
[M8L] start cmd=3119 cur=64,72 maj=15
[M8P] rect cmd=53b0 pixcntl=000 cur=32,56
[M8P] rect cmd=40b3 pixcntl=000 cur=32,56
[M8L] start cmd=3119 cur=64,72 maj=15
[M8P] rect cmd=53b0 pixcntl=000 cur=32,56
[M8P] rect cmd=40b3 pixcntl=000 cur=32,56
[M8L] start cmd=3119 cur=64,72 maj=15
[M8P] rect cmd=53b0 pixcntl=000 cur=32,56
[M8P] rect cmd=40b3 pixcntl=000 cur=32,56
[M8L] start cmd=3119 cur=64,72 maj=15
[M8P] rect cmd=53b0 pixcntl=000 cur=32,56
[M8P] rect cmd=40b3 pixcntl=000 cur=32,56
[M8L] start cmd=3119 cur=64,72 maj=15
[M8P] rect cmd=53b0 pixcntl=000 cur=32,56
[M8P] rect cmd=40b3 pixcntl=000 cur=32,56
[M8L] start cmd=3119 cur=65,72 maj=15
[M8P] rect cmd=53b0 pixcntl=000 cur=32,56
[M8P] rect cmd=40b3 pixcntl=000 cur=32,56
[M8L] start cmd=3119 cur=65,72 maj=15
[M8P] rect cmd=53b0 pixcntl=000 cur=32,56
[M8P] rect cmd=40b3 pixcntl=000 cur=32,56
[M8L] start cmd=3119 cur=65,72 maj=15
[M8P] rect cmd=53b0 pixcntl=000 cur=32,56
[M8P] rect cmd=40b3 pixcntl=000 cur=32,56
[M8L] start cmd=3119 cur=65,72 maj=15
[M8P] rect cmd=53b0 pixcntl=000 cur=32,56
[M8P] rect cmd=40b3 pixcntl=000 cur=32,56
[M8L] start cmd=3119 cur=65,72 maj=15
[M8P] rect cmd=53b0 pixcntl=000 cur=32,56
[M8P] rect cmd=40b3 pixcntl=000 cur=32,56
[M8L] start cmd=3119 cur=65,72 maj=15
[M8P] rect cmd=53b0 pixcntl=000 cur=32,56
[M8P] rect cmd=40b3 pixcntl=000 cur=32,56
[M8L] start cmd=3119 cur=65,72 maj=15
[M8P] rect cmd=53b0 pixcntl=000 cur=32,56
[M8P] rect cmd=40b3 pixcntl=000 cur=32,56
[M8L] start cmd=3119 cur=65,72 maj=15
[M8P] rect cmd=53b0 pixcntl=000 cur=32,56
[M8P] rect cmd=40b3 pixcntl=000 cur=32,56
[M8L] start cmd=3119 cur=65,72 maj=15
[M8P] rect cmd=53b0 pixcntl=000 cur=32,56
[M8P] rect cmd=40b3 pixcntl=000 cur=32,56
[M8P] rect cmd=5319 pixcntl=080 cur=65,72
[M8P] rect cmd=53b0 pixcntl=000 cur=32,56
[M8P] rect cmd=40b3 pixcntl=000 cur=32,56
[M8P] rect cmd=5319 pixcntl=080 cur=65,72
[M8P] rect cmd=53b0 pixcntl=000 cur=32,56
[M8P] rect cmd=40b3 pixcntl=000 cur=32,56
[M8P] rect cmd=5319 pixcntl=080 cur=65,72
[M8P] rect cmd=53b0 pixcntl=000 cur=32,56
[M8P] rect cmd=40b3 pixcntl=000 cur=32,56
[M8P] rect cmd=5319 pixcntl=080 cur=65,72
[M8P] rect cmd=53b0 pixcntl=000 cur=32,56
[M8P] rect cmd=40b3 pixcntl=000 cur=32,56
[M8P] rect cmd=5319 pixcntl=080 cur=65,72
[M8P] rect cmd=53b0 pixcntl=000 cur=32,56
[M8P] rect cmd=40b3 pixcntl=000 cur=32,56
[M8P] rect cmd=5319 pixcntl=080 cur=65,72
[M8P] rect cmd=53b0 pixcntl=000 cur=32,56
[M8P] rect cmd=40b3 pixcntl=000 cur=32,56
[M8P] rect cmd=5319 pixcntl=080 cur=65,72
[M8P] rect cmd=53b0 pixcntl=000 cur=32,56
[M8P] rect cmd=40b3 pixcntl=000 cur=32,56
[M8P] rect cmd=5319 pixcntl=080 cur=65,72
[M8P] rect cmd=53b0 pixcntl=000 cur=32,56
[M8P] rect cmd=40b3 pixcntl=000 cur=32,56
[M8P] rect cmd=5319 pixcntl=080 cur=65,72
[M8P] rect cmd=53b0 pixcntl=000 cur=32,56
[M8P] rect cmd=40b3 pixcntl=000 cur=32,56
[M8P] rect cmd=43b3 pixcntl=080 cur=65,72
[M8P] rect cmd=53b0 pixcntl=000 cur=32,56
[M8P] rect cmd=40b3 pixcntl=000 cur=32,56
[M8P] rect cmd=43b3 pixcntl=080 cur=65,72
[M8P] rect cmd=53b0 pixcntl=000 cur=32,56
[M8P] rect cmd=40b3 pixcntl=000 cur=32,56
[M8P] rect cmd=43b3 pixcntl=080 cur=65,72
[M8P] rect cmd=53b0 pixcntl=000 cur=32,56
[M8P] rect cmd=40b3 pixcntl=000 cur=32,56
[M8P] rect cmd=43b3 pixcntl=080 cur=65,72
[M8P] rect cmd=53b0 pixcntl=000 cur=32,56
[M8P] rect cmd=40b3 pixcntl=000 cur=32,56
[M8P] rect cmd=43b3 pixcntl=080 cur=65,72
[M8P] rect cmd=53b0 pixcntl=000 cur=32,56
[M8P] rect cmd=40b3 pixcntl=000 cur=32,56
[M8P] rect cmd=43b3 pixcntl=080 cur=65,72
[M8P] rect cmd=53b0 pixcntl=000 cur=32,56
[M8P] rect cmd=40b3 pixcntl=000 cur=32,56
[M8P] rect cmd=43b3 pixcntl=080 cur=65,72
[M8P] rect cmd=53b0 pixcntl=000 cur=32,56
[M8P] rect cmd=40b3 pixcntl=000 cur=32,56
[M8P] rect cmd=43b3 pixcntl=080 cur=65,72
[M8P] rect cmd=53b0 pixcntl=000 cur=32,56
[M8P] rect cmd=40b3 pixcntl=000 cur=32,56
[M8P] rect cmd=43b3 pixcntl=080 cur=65,72
[M8P] rect cmd=53b0 pixcntl=000 cur=32,56
DIAG7 [0FE2:0000021B] 4AE8 advfunc=02 on=0 hdisp=1024 vdisp=768
[M8P] rect cmd=40f3 pixcntl=000 cur=0,0
[M8P] rect cmd=40f3 pixcntl=000 cur=1,0
[M8P] rect cmd=40f3 pixcntl=000 cur=2,0
[M8P] rect cmd=40f3 pixcntl=000 cur=3,0
[M8P] rect cmd=40f3 pixcntl=000 cur=4,0
[M8P] rect cmd=40f3 pixcntl=000 cur=5,0
[M8P] rect cmd=40f3 pixcntl=000 cur=6,0
[M8P] rect cmd=40f3 pixcntl=000 cur=7,0
[M8P] rect cmd=40f3 pixcntl=000 cur=8,0
[M8P] rect cmd=40f3 pixcntl=000 cur=9,0
[M8P] rect cmd=40f3 pixcntl=000 cur=10,0
[M8P] rect cmd=40f3 pixcntl=000 cur=11,0
[M8P] rect cmd=40f3 pixcntl=000 cur=12,0
[M8P] rect cmd=40f3 pixcntl=000 cur=13,0
[M8P] rect cmd=40f3 pixcntl=000 cur=14,0
[M8P] rect cmd=40f3 pixcntl=000 cur=15,0
[M8P] rect cmd=40f3 pixcntl=000 cur=16,0
[M8P] rect cmd=40f3 pixcntl=000 cur=17,0
[M8P] rect cmd=40f3 pixcntl=000 cur=18,0
[M8P] rect cmd=40f3 pixcntl=000 cur=19,0
[M8P] rect cmd=40f3 pixcntl=000 cur=20,0
[M8P] rect cmd=40f3 pixcntl=000 cur=21,0
[M8P] rect cmd=40f3 pixcntl=000 cur=22,0
[M8P] rect cmd=40f3 pixcntl=000 cur=23,0
[M8P] rect cmd=40f3 pixcntl=000 cur=24,0
[M8P] rect cmd=40f3 pixcntl=000 cur=25,0
[M8P] rect cmd=40f3 pixcntl=000 cur=26,0
[M8P] rect cmd=40f3 pixcntl=000 cur=27,0
[M8P] rect cmd=40f3 pixcntl=000 cur=28,0
[M8P] rect cmd=40f3 pixcntl=000 cur=29,0
[M8P] rect cmd=40f3 pixcntl=000 cur=30,0
[M8P] rect cmd=40f3 pixcntl=000 cur=31,0
[M8P] rect cmd=40f3 pixcntl=000 cur=32,0
[M8P] rect cmd=40f3 pixcntl=000 cur=33,0
[M8P] rect cmd=40f3 pixcntl=000 cur=34,0
[M8P] rect cmd=40f3 pixcntl=000 cur=35,0
[M8P] rect cmd=40f3 pixcntl=000 cur=36,0
[M8P] rect cmd=40f3 pixcntl=000 cur=37,0
[M8P] rect cmd=40f3 pixcntl=000 cur=38,0
[M8P] rect cmd=40f3 pixcntl=000 cur=39,0
[M8P] rect cmd=40f3 pixcntl=000 cur=40,0
[M8P] rect cmd=40f3 pixcntl=000 cur=41,0
[M8P] rect cmd=40f3 pixcntl=000 cur=42,0
[M8P] rect cmd=40f3 pixcntl=000 cur=43,0
[M8P] rect cmd=40f3 pixcntl=000 cur=44,0
[M8P] rect cmd=40f3 pixcntl=000 cur=45,0
[M8P] rect cmd=40f3 pixcntl=000 cur=46,0
[M8P] rect cmd=40f3 pixcntl=000 cur=47,0
[M8P] rect cmd=40f3 pixcntl=000 cur=48,0
[M8P] rect cmd=40f3 pixcntl=000 cur=49,0
[M8P] rect cmd=40f3 pixcntl=000 cur=50,0
[M8P] rect cmd=40f3 pixcntl=000 cur=51,0
[M8P] rect cmd=40f3 pixcntl=000 cur=52,0
[M8P] rect cmd=40f3 pixcntl=000 cur=53,0
[M8P] rect cmd=40f3 pixcntl=000 cur=54,0
[M8P] rect cmd=40f3 pixcntl=000 cur=55,0
[M8P] rect cmd=40f3 pixcntl=000 cur=56,0
[M8P] rect cmd=40f3 pixcntl=000 cur=57,0
[M8P] rect cmd=40f3 pixcntl=000 cur=58,0
[M8P] rect cmd=40f3 pixcntl=000 cur=59,0
[M8P] rect cmd=40f3 pixcntl=000 cur=60,0
[M8P] rect cmd=40f3 pixcntl=000 cur=61,0
[M8P] rect cmd=40f3 pixcntl=000 cur=62,0
[M8P] rect cmd=40f3 pixcntl=000 cur=63,0
[M8P] rect cmd=40f3 pixcntl=000 cur=64,0
[M8P] rect cmd=40f3 pixcntl=000 cur=65,0
[M8P] rect cmd=40f3 pixcntl=000 cur=66,0
[M8P] rect cmd=40f3 pixcntl=000 cur=67,0
[M8P] rect cmd=40f3 pixcntl=000 cur=68,0
[M8P] rect cmd=40f3 pixcntl=000 cur=69,0
[M8P] rect cmd=40f3 pixcntl=000 cur=70,0
[M8P] rect cmd=40f3 pixcntl=000 cur=71,0
[M8P] rect cmd=40f3 pixcntl=000 cur=72,0
[M8P] rect cmd=40f3 pixcntl=000 cur=73,0
[M8P] rect cmd=40f3 pixcntl=000 cur=74,0
[M8P] rect cmd=40f3 pixcntl=000 cur=75,0
[M8P] rect cmd=40f3 pixcntl=000 cur=76,0
[M8P] rect cmd=40f3 pixcntl=000 cur=77,0
[M8P] rect cmd=40f3 pixcntl=000 cur=78,0
[M8P] rect cmd=40f3 pixcntl=000 cur=79,0
[M8P] rect cmd=40f3 pixcntl=000 cur=80,0
[M8P] rect cmd=40f3 pixcntl=000 cur=81,0
[M8P] rect cmd=40f3 pixcntl=000 cur=82,0
[M8P] rect cmd=40f3 pixcntl=000 cur=83,0
[M8P] rect cmd=40f3 pixcntl=000 cur=84,0
[M8P] rect cmd=40f3 pixcntl=000 cur=85,0
[M8P] rect cmd=40f3 pixcntl=000 cur=86,0
[M8P] rect cmd=40f3 pixcntl=000 cur=87,0
[M8P] rect cmd=40f3 pixcntl=000 cur=88,0
[M8P] rect cmd=40f3 pixcntl=000 cur=89,0
[M8P] rect cmd=40f3 pixcntl=000 cur=90,0
[M8P] rect cmd=40f3 pixcntl=000 cur=91,0
[M8P] rect cmd=40f3 pixcntl=000 cur=92,0
[M8P] rect cmd=40f3 pixcntl=000 cur=93,0
[M8P] rect cmd=40f3 pixcntl=000 cur=94,0
[M8P] rect cmd=40f3 pixcntl=000 cur=95,0
[M8P] rect cmd=40f3 pixcntl=000 cur=96,0
[M8P] rect cmd=40f3 pixcntl=000 cur=97,0
[M8P] rect cmd=40f3 pixcntl=000 cur=98,0
[M8P] rect cmd=40f3 pixcntl=000 cur=99,0
[M8P] rect cmd=40f3 pixcntl=000 cur=100,0
[M8P] rect cmd=40f3 pixcntl=000 cur=101,0
[M8P] rect cmd=40f3 pixcntl=000 cur=102,0
[M8P] rect cmd=40f3 pixcntl=000 cur=103,0
[M8P] rect cmd=40f3 pixcntl=000 cur=104,0
[M8P] rect cmd=40f3 pixcntl=000 cur=105,0
[M8P] rect cmd=40f3 pixcntl=000 cur=106,0
[M8P] rect cmd=40f3 pixcntl=000 cur=107,0
[M8P] rect cmd=40f3 pixcntl=000 cur=108,0
[M8P] rect cmd=40f3 pixcntl=000 cur=109,0
[M8P] rect cmd=40f3 pixcntl=000 cur=110,0
[M8P] rect cmd=40f3 pixcntl=000 cur=111,0
[M8P] rect cmd=40f3 pixcntl=000 cur=112,0
[M8P] rect cmd=40f3 pixcntl=000 cur=113,0
[M8P] rect cmd=40f3 pixcntl=000 cur=114,0
[M8P] rect cmd=40f3 pixcntl=000 cur=115,0
[M8P] rect cmd=40f3 pixcntl=000 cur=116,0
[M8P] rect cmd=40f3 pixcntl=000 cur=117,0
[M8P] rect cmd=40f3 pixcntl=000 cur=118,0
[M8P] rect cmd=40f3 pixcntl=000 cur=119,0
[M8P] rect cmd=40f3 pixcntl=000 cur=120,0
[M8P] rect cmd=40f3 pixcntl=000 cur=121,0
[M8P] rect cmd=40f3 pixcntl=000 cur=122,0
[M8P] rect cmd=40f3 pixcntl=000 cur=123,0
[M8P] rect cmd=40f3 pixcntl=000 cur=124,0
[M8P] rect cmd=40f3 pixcntl=000 cur=125,0
[M8P] rect cmd=40f3 pixcntl=000 cur=126,0
[M8P] rect cmd=40f3 pixcntl=000 cur=127,0
[M8P] rect cmd=40f3 pixcntl=000 cur=128,0
[M8P] rect cmd=40f3 pixcntl=000 cur=129,0
[M8P] rect cmd=40f3 pixcntl=000 cur=130,0
[M8P] rect cmd=40f3 pixcntl=000 cur=131,0
[M8P] rect cmd=40f3 pixcntl=000 cur=132,0
[M8P] rect cmd=40f3 pixcntl=000 cur=133,0
[M8P] rect cmd=40f3 pixcntl=000 cur=134,0
[M8P] rect cmd=40f3 pixcntl=000 cur=135,0
[M8P] rect cmd=40f3 pixcntl=000 cur=136,0
[M8P] rect cmd=40f3 pixcntl=000 cur=137,0
[M8P] rect cmd=40f3 pixcntl=000 cur=138,0
[M8P] rect cmd=40f3 pixcntl=000 cur=139,0
[M8P] rect cmd=40f3 pixcntl=000 cur=140,0
[M8P] rect cmd=40f3 pixcntl=000 cur=141,0
[M8P] rect cmd=40f3 pixcntl=000 cur=142,0
[M8P] rect cmd=40f3 pixcntl=000 cur=143,0
[M8P] rect cmd=40f3 pixcntl=000 cur=144,0
[M8P] rect cmd=40f3 pixcntl=000 cur=145,0
[M8P] rect cmd=40f3 pixcntl=000 cur=146,0
[M8P] rect cmd=40f3 pixcntl=000 cur=147,0
[M8P] rect cmd=40f3 pixcntl=000 cur=148,0
[M8P] rect cmd=40f3 pixcntl=000 cur=149,0
[M8P] rect cmd=40f3 pixcntl=000 cur=150,0
[M8P] rect cmd=40f3 pixcntl=000 cur=151,0
[M8P] rect cmd=40f3 pixcntl=000 cur=152,0
[M8P] rect cmd=40f3 pixcntl=000 cur=153,0
[M8P] rect cmd=40f3 pixcntl=000 cur=154,0
[M8P] rect cmd=40f3 pixcntl=000 cur=155,0
[M8P] rect cmd=40f3 pixcntl=000 cur=156,0
[M8P] rect cmd=40f3 pixcntl=000 cur=157,0
[M8P] rect cmd=40f3 pixcntl=000 cur=158,0
[M8P] rect cmd=40f3 pixcntl=000 cur=159,0
[M8P] rect cmd=40f3 pixcntl=000 cur=160,0
[M8P] rect cmd=40f3 pixcntl=000 cur=161,0
[M8P] rect cmd=40f3 pixcntl=000 cur=162,0
[M8P] rect cmd=40f3 pixcntl=000 cur=163,0
[M8P] rect cmd=40f3 pixcntl=000 cur=164,0
[M8P] rect cmd=40f3 pixcntl=000 cur=165,0
[M8P] rect cmd=40f3 pixcntl=000 cur=166,0
[M8P] rect cmd=40f3 pixcntl=000 cur=167,0
[M8P] rect cmd=40f3 pixcntl=000 cur=168,0
[M8P] rect cmd=40f3 pixcntl=000 cur=169,0
[M8P] rect cmd=40f3 pixcntl=000 cur=170,0
[M8P] rect cmd=40f3 pixcntl=000 cur=171,0
[M8P] rect cmd=40f3 pixcntl=000 cur=172,0
[M8P] rect cmd=40f3 pixcntl=000 cur=173,0
[M8P] rect cmd=40f3 pixcntl=000 cur=174,0
[M8P] rect cmd=40f3 pixcntl=000 cur=175,0
[M8P] rect cmd=40f3 pixcntl=000 cur=176,0
[M8P] rect cmd=40f3 pixcntl=000 cur=177,0
[M8P] rect cmd=40f3 pixcntl=000 cur=178,0
[M8P] rect cmd=40f3 pixcntl=000 cur=179,0
[M8P] rect cmd=40f3 pixcntl=000 cur=180,0
[M8P] rect cmd=40f3 pixcntl=000 cur=181,0
[M8P] rect cmd=40f3 pixcntl=000 cur=182,0
[M8P] rect cmd=40f3 pixcntl=000 cur=183,0
[M8P] rect cmd=40f3 pixcntl=000 cur=184,0
[M8P] rect cmd=40f3 pixcntl=000 cur=185,0
[M8P] rect cmd=40f3 pixcntl=000 cur=186,0
[M8P] rect cmd=40f3 pixcntl=000 cur=187,0
[M8P] rect cmd=40f3 pixcntl=000 cur=188,0
[M8P] rect cmd=40f3 pixcntl=000 cur=189,0
[M8P] rect cmd=40f3 pixcntl=000 cur=190,0
[M8P] rect cmd=40f3 pixcntl=000 cur=191,0
[M8P] rect cmd=40f3 pixcntl=000 cur=192,0
[M8P] rect cmd=40f3 pixcntl=000 cur=193,0
[M8P] rect cmd=40f3 pixcntl=000 cur=194,0
[M8P] rect cmd=40f3 pixcntl=000 cur=195,0
[M8P] rect cmd=40f3 pixcntl=000 cur=196,0
[M8P] rect cmd=40f3 pixcntl=000 cur=197,0
[M8P] rect cmd=40f3 pixcntl=000 cur=198,0
[M8P] rect cmd=40f3 pixcntl=000 cur=199,0
[M8P] rect cmd=40f3 pixcntl=000 cur=200,0
[M8P] rect cmd=40f3 pixcntl=000 cur=201,0
[M8P] rect cmd=40f3 pixcntl=000 cur=202,0
[M8P] rect cmd=40f3 pixcntl=000 cur=203,0
[M8P] rect cmd=40f3 pixcntl=000 cur=204,0
[M8P] rect cmd=40f3 pixcntl=000 cur=205,0
[M8P] rect cmd=40f3 pixcntl=000 cur=206,0
[M8P] rect cmd=40f3 pixcntl=000 cur=207,0
[M8P] rect cmd=40f3 pixcntl=000 cur=208,0
[M8P] rect cmd=40f3 pixcntl=000 cur=209,0
[M8P] rect cmd=40f3 pixcntl=000 cur=210,0
[M8P] rect cmd=40f3 pixcntl=000 cur=211,0
[M8P] rect cmd=40f3 pixcntl=000 cur=212,0
[M8P] rect cmd=40f3 pixcntl=000 cur=213,0
[M8P] rect cmd=40f3 pixcntl=000 cur=214,0
[M8P] rect cmd=40f3 pixcntl=000 cur=215,0
[M8P] rect cmd=40f3 pixcntl=000 cur=216,0
[M8P] rect cmd=40f3 pixcntl=000 cur=217,0
[M8P] rect cmd=40f3 pixcntl=000 cur=218,0
[M8P] rect cmd=40f3 pixcntl=000 cur=219,0
[M8P] rect cmd=40f3 pixcntl=000 cur=220,0
[M8P] rect cmd=40f3 pixcntl=000 cur=221,0
[M8P] rect cmd=40f3 pixcntl=000 cur=222,0
[M8P] rect cmd=40f3 pixcntl=000 cur=223,0
[M8P] rect cmd=40f3 pixcntl=000 cur=224,0
[M8P] rect cmd=40f3 pixcntl=000 cur=225,0
[M8P] rect cmd=40f3 pixcntl=000 cur=226,0
[M8P] rect cmd=40f3 pixcntl=000 cur=227,0
[M8P] rect cmd=40f3 pixcntl=000 cur=228,0
[M8P] rect cmd=40f3 pixcntl=000 cur=229,0
[M8P] rect cmd=40f3 pixcntl=000 cur=230,0
[M8P] rect cmd=40f3 pixcntl=000 cur=231,0
[M8P] rect cmd=40f3 pixcntl=000 cur=232,0
[M8P] rect cmd=40f3 pixcntl=000 cur=233,0
[M8P] rect cmd=40f3 pixcntl=000 cur=234,0
[M8P] rect cmd=40f3 pixcntl=000 cur=235,0
[M8P] rect cmd=40f3 pixcntl=000 cur=236,0
[M8P] rect cmd=40f3 pixcntl=000 cur=237,0
[M8P] rect cmd=40f3 pixcntl=000 cur=238,0
[M8P] rect cmd=40f3 pixcntl=000 cur=239,0
[M8P] rect cmd=40f3 pixcntl=000 cur=240,0
[M8P] rect cmd=40f3 pixcntl=000 cur=241,0
[M8P] rect cmd=40f3 pixcntl=000 cur=242,0
[M8P] rect cmd=40f3 pixcntl=000 cur=243,0
[M8P] rect cmd=40f3 pixcntl=000 cur=244,0
[M8P] rect cmd=40f3 pixcntl=000 cur=245,0
[M8P] rect cmd=40f3 pixcntl=000 cur=246,0
[M8P] rect cmd=40f3 pixcntl=000 cur=247,0
[M8P] rect cmd=40f3 pixcntl=000 cur=248,0
[M8P] rect cmd=40f3 pixcntl=000 cur=249,0
[M8P] rect cmd=40f3 pixcntl=000 cur=250,0
[M8P] rect cmd=40f3 pixcntl=000 cur=251,0
[M8P] rect cmd=40f3 pixcntl=000 cur=252,0
[M8P] rect cmd=40f3 pixcntl=000 cur=253,0
[M8P] rect cmd=40f3 pixcntl=000 cur=254,0
[M8P] rect cmd=40f3 pixcntl=000 cur=255,0
[M8P] rect cmd=40f3 pixcntl=000 cur=0,0
[M8P] rect cmd=53b0 pixcntl=000 cur=0,0
[M8P] rect cmd=40f3 pixcntl=000 cur=0,0
[M8P] rect cmd=40f3 pixcntl=000 cur=1,0
[M8P] rect cmd=40f3 pixcntl=000 cur=2,0
[M8P] rect cmd=40f3 pixcntl=000 cur=3,0
[M8P] rect cmd=40f3 pixcntl=000 cur=4,0
[M8P] rect cmd=40f3 pixcntl=000 cur=5,0
[M8P] rect cmd=40f3 pixcntl=000 cur=6,0
[M8P] rect cmd=40f3 pixcntl=000 cur=7,0
[M8P] rect cmd=40f3 pixcntl=000 cur=8,0
[M8P] rect cmd=40f3 pixcntl=000 cur=9,0
[M8P] rect cmd=40f3 pixcntl=000 cur=10,0
[M8P] rect cmd=40f3 pixcntl=000 cur=11,0
[M8P] rect cmd=40f3 pixcntl=000 cur=12,0
[M8P] rect cmd=40f3 pixcntl=000 cur=13,0
[M8P] rect cmd=40f3 pixcntl=000 cur=14,0
[M8P] rect cmd=40f3 pixcntl=000 cur=15,0
[M8P] rect cmd=40f3 pixcntl=000 cur=16,0
[M8P] rect cmd=40f3 pixcntl=000 cur=17,0
[M8P] rect cmd=40f3 pixcntl=000 cur=18,0
[M8P] rect cmd=40f3 pixcntl=000 cur=19,0
[M8P] rect cmd=40f3 pixcntl=000 cur=20,0
[M8P] rect cmd=40f3 pixcntl=000 cur=21,0
[M8P] rect cmd=40f3 pixcntl=000 cur=22,0
[M8P] rect cmd=40f3 pixcntl=000 cur=23,0
[M8P] rect cmd=40f3 pixcntl=000 cur=24,0
[M8P] rect cmd=40f3 pixcntl=000 cur=25,0
[M8P] rect cmd=40f3 pixcntl=000 cur=26,0
[M8P] rect cmd=40f3 pixcntl=000 cur=27,0
[M8P] rect cmd=40f3 pixcntl=000 cur=28,0
[M8P] rect cmd=40f3 pixcntl=000 cur=29,0
[M8P] rect cmd=40f3 pixcntl=000 cur=30,0
[M8P] rect cmd=40f3 pixcntl=000 cur=31,0
[M8P] rect cmd=40f3 pixcntl=000 cur=32,0
[M8P] rect cmd=40f3 pixcntl=000 cur=33,0
[M8P] rect cmd=40f3 pixcntl=000 cur=34,0
[M8P] rect cmd=40f3 pixcntl=000 cur=35,0
[M8P] rect cmd=40f3 pixcntl=000 cur=36,0
[M8P] rect cmd=40f3 pixcntl=000 cur=37,0
[M8P] rect cmd=40f3 pixcntl=000 cur=38,0
[M8P] rect cmd=40f3 pixcntl=000 cur=39,0
[M8P] rect cmd=40f3 pixcntl=000 cur=40,0
[M8P] rect cmd=40f3 pixcntl=000 cur=41,0
[M8P] rect cmd=40f3 pixcntl=000 cur=42,0
[M8P] rect cmd=40f3 pixcntl=000 cur=43,0
[M8P] rect cmd=40f3 pixcntl=000 cur=44,0
[M8P] rect cmd=40f3 pixcntl=000 cur=45,0
[M8P] rect cmd=40f3 pixcntl=000 cur=46,0
[M8P] rect cmd=40f3 pixcntl=000 cur=47,0
[M8P] rect cmd=40f3 pixcntl=000 cur=48,0
[M8P] rect cmd=40f3 pixcntl=000 cur=49,0
[M8P] rect cmd=40f3 pixcntl=000 cur=50,0
[M8P] rect cmd=40f3 pixcntl=000 cur=51,0
[M8P] rect cmd=40f3 pixcntl=000 cur=52,0
[M8P] rect cmd=40f3 pixcntl=000 cur=53,0
[M8P] rect cmd=40f3 pixcntl=000 cur=54,0
[M8P] rect cmd=40f3 pixcntl=000 cur=55,0
[M8P] rect cmd=40f3 pixcntl=000 cur=56,0
[M8P] rect cmd=40f3 pixcntl=000 cur=57,0
[M8P] rect cmd=40f3 pixcntl=000 cur=58,0
[M8P] rect cmd=40f3 pixcntl=000 cur=59,0
[M8P] rect cmd=40f3 pixcntl=000 cur=60,0
[M8P] rect cmd=40f3 pixcntl=000 cur=61,0
[M8P] rect cmd=40f3 pixcntl=000 cur=62,0
[M8P] rect cmd=40f3 pixcntl=000 cur=63,0
[M8P] rect cmd=40f3 pixcntl=000 cur=64,0
[M8P] rect cmd=40f3 pixcntl=000 cur=65,0
[M8P] rect cmd=40f3 pixcntl=000 cur=66,0
[M8P] rect cmd=40f3 pixcntl=000 cur=67,0
[M8P] rect cmd=40f3 pixcntl=000 cur=68,0
[M8P] rect cmd=40f3 pixcntl=000 cur=69,0
[M8P] rect cmd=40f3 pixcntl=000 cur=70,0
[M8P] rect cmd=40f3 pixcntl=000 cur=71,0
[M8P] rect cmd=40f3 pixcntl=000 cur=72,0
[M8P] rect cmd=40f3 pixcntl=000 cur=73,0
[M8P] rect cmd=40f3 pixcntl=000 cur=74,0
[M8P] rect cmd=40f3 pixcntl=000 cur=75,0
[M8P] rect cmd=40f3 pixcntl=000 cur=76,0
[M8P] rect cmd=40f3 pixcntl=000 cur=77,0
[M8P] rect cmd=40f3 pixcntl=000 cur=78,0
[M8P] rect cmd=40f3 pixcntl=000 cur=79,0
[M8P] rect cmd=40f3 pixcntl=000 cur=80,0
[M8P] rect cmd=40f3 pixcntl=000 cur=81,0
[M8P] rect cmd=40f3 pixcntl=000 cur=82,0
[M8P] rect cmd=40f3 pixcntl=000 cur=83,0
[M8P] rect cmd=40f3 pixcntl=000 cur=84,0
[M8P] rect cmd=40f3 pixcntl=000 cur=85,0
[M8P] rect cmd=40f3 pixcntl=000 cur=86,0
[M8P] rect cmd=40f3 pixcntl=000 cur=87,0
[M8P] rect cmd=40f3 pixcntl=000 cur=88,0
[M8P] rect cmd=40f3 pixcntl=000 cur=89,0
[M8P] rect cmd=40f3 pixcntl=000 cur=90,0
[M8P] rect cmd=40f3 pixcntl=000 cur=91,0
[M8P] rect cmd=40f3 pixcntl=000 cur=92,0
[M8P] rect cmd=40f3 pixcntl=000 cur=93,0
[M8P] rect cmd=40f3 pixcntl=000 cur=94,0
[M8P] rect cmd=40f3 pixcntl=000 cur=95,0
[M8P] rect cmd=40f3 pixcntl=000 cur=96,0
[M8P] rect cmd=40f3 pixcntl=000 cur=97,0
[M8P] rect cmd=40f3 pixcntl=000 cur=98,0
[M8P] rect cmd=40f3 pixcntl=000 cur=99,0
[M8P] rect cmd=40f3 pixcntl=000 cur=100,0
[M8P] rect cmd=40f3 pixcntl=000 cur=101,0
[M8P] rect cmd=40f3 pixcntl=000 cur=102,0
[M8P] rect cmd=40f3 pixcntl=000 cur=103,0
[M8P] rect cmd=40f3 pixcntl=000 cur=104,0
[M8P] rect cmd=40f3 pixcntl=000 cur=105,0
[M8P] rect cmd=40f3 pixcntl=000 cur=106,0
[M8P] rect cmd=40f3 pixcntl=000 cur=107,0
[M8P] rect cmd=40f3 pixcntl=000 cur=108,0
[M8P] rect cmd=40f3 pixcntl=000 cur=109,0
[M8P] rect cmd=40f3 pixcntl=000 cur=110,0
[M8P] rect cmd=40f3 pixcntl=000 cur=111,0
[M8P] rect cmd=40f3 pixcntl=000 cur=112,0
[M8P] rect cmd=40f3 pixcntl=000 cur=113,0
[M8P] rect cmd=40f3 pixcntl=000 cur=114,0
[M8P] rect cmd=40f3 pixcntl=000 cur=115,0
[M8P] rect cmd=40f3 pixcntl=000 cur=116,0
[M8P] rect cmd=40f3 pixcntl=000 cur=117,0
[M8P] rect cmd=40f3 pixcntl=000 cur=118,0
[M8P] rect cmd=40f3 pixcntl=000 cur=119,0
[M8P] rect cmd=40f3 pixcntl=000 cur=120,0
[M8P] rect cmd=40f3 pixcntl=000 cur=121,0
[M8P] rect cmd=40f3 pixcntl=000 cur=122,0
[M8P] rect cmd=40f3 pixcntl=000 cur=123,0
[M8P] rect cmd=40f3 pixcntl=000 cur=124,0
[M8P] rect cmd=40f3 pixcntl=000 cur=125,0
[M8P] rect cmd=40f3 pixcntl=000 cur=126,0
[M8P] rect cmd=40f3 pixcntl=000 cur=127,0
[M8P] rect cmd=40f3 pixcntl=000 cur=128,0
[M8P] rect cmd=40f3 pixcntl=000 cur=129,0
[M8P] rect cmd=40f3 pixcntl=000 cur=130,0
[M8P] rect cmd=40f3 pixcntl=000 cur=131,0
[M8P] rect cmd=40f3 pixcntl=000 cur=132,0
[M8P] rect cmd=40f3 pixcntl=000 cur=133,0
[M8P] rect cmd=40f3 pixcntl=000 cur=134,0
[M8P] rect cmd=40f3 pixcntl=000 cur=135,0
[M8P] rect cmd=40f3 pixcntl=000 cur=136,0
[M8P] rect cmd=40f3 pixcntl=000 cur=137,0
[M8P] rect cmd=40f3 pixcntl=000 cur=138,0
[M8P] rect cmd=40f3 pixcntl=000 cur=139,0
[M8P] rect cmd=40f3 pixcntl=000 cur=140,0
[M8P] rect cmd=40f3 pixcntl=000 cur=141,0
[M8P] rect cmd=40f3 pixcntl=000 cur=142,0
[M8P] rect cmd=40f3 pixcntl=000 cur=143,0
[M8P] rect cmd=40f3 pixcntl=000 cur=144,0
[M8P] rect cmd=40f3 pixcntl=000 cur=145,0
[M8P] rect cmd=40f3 pixcntl=000 cur=146,0
[M8P] rect cmd=40f3 pixcntl=000 cur=147,0
[M8P] rect cmd=40f3 pixcntl=000 cur=148,0
[M8P] rect cmd=40f3 pixcntl=000 cur=149,0
[M8P] rect cmd=40f3 pixcntl=000 cur=150,0
[M8P] rect cmd=40f3 pixcntl=000 cur=151,0
[M8P] rect cmd=40f3 pixcntl=000 cur=152,0
[M8P] rect cmd=40f3 pixcntl=000 cur=153,0
[M8P] rect cmd=40f3 pixcntl=000 cur=154,0
[M8P] rect cmd=40f3 pixcntl=000 cur=155,0
[M8P] rect cmd=40f3 pixcntl=000 cur=156,0
[M8P] rect cmd=40f3 pixcntl=000 cur=157,0
[M8P] rect cmd=40f3 pixcntl=000 cur=158,0
[M8P] rect cmd=40f3 pixcntl=000 cur=159,0
[M8P] rect cmd=40f3 pixcntl=000 cur=160,0
[M8P] rect cmd=40f3 pixcntl=000 cur=161,0
[M8P] rect cmd=40f3 pixcntl=000 cur=162,0
[M8P] rect cmd=40f3 pixcntl=000 cur=163,0
[M8P] rect cmd=40f3 pixcntl=000 cur=164,0
[M8P] rect cmd=40f3 pixcntl=000 cur=165,0
[M8P] rect cmd=40f3 pixcntl=000 cur=166,0
[M8P] rect cmd=40f3 pixcntl=000 cur=167,0
[M8P] rect cmd=40f3 pixcntl=000 cur=168,0
[M8P] rect cmd=40f3 pixcntl=000 cur=169,0
[M8P] rect cmd=40f3 pixcntl=000 cur=170,0
[M8P] rect cmd=40f3 pixcntl=000 cur=171,0
[M8P] rect cmd=40f3 pixcntl=000 cur=172,0
[M8P] rect cmd=40f3 pixcntl=000 cur=173,0
[M8P] rect cmd=40f3 pixcntl=000 cur=174,0
[M8P] rect cmd=40f3 pixcntl=000 cur=175,0
[M8P] rect cmd=40f3 pixcntl=000 cur=176,0
[M8P] rect cmd=40f3 pixcntl=000 cur=177,0
[M8P] rect cmd=40f3 pixcntl=000 cur=178,0
[M8P] rect cmd=40f3 pixcntl=000 cur=179,0
[M8P] rect cmd=40f3 pixcntl=000 cur=180,0
[M8P] rect cmd=40f3 pixcntl=000 cur=181,0
[M8P] rect cmd=40f3 pixcntl=000 cur=182,0
[M8P] rect cmd=40f3 pixcntl=000 cur=183,0
[M8P] rect cmd=40f3 pixcntl=000 cur=184,0
[M8P] rect cmd=40f3 pixcntl=000 cur=185,0
[M8P] rect cmd=40f3 pixcntl=000 cur=186,0
[M8P] rect cmd=40f3 pixcntl=000 cur=187,0
[M8P] rect cmd=40f3 pixcntl=000 cur=188,0
[M8P] rect cmd=40f3 pixcntl=000 cur=189,0
[M8P] rect cmd=40f3 pixcntl=000 cur=190,0
[M8P] rect cmd=40f3 pixcntl=000 cur=191,0
[M8P] rect cmd=40f3 pixcntl=000 cur=192,0
[M8P] rect cmd=40f3 pixcntl=000 cur=193,0
[M8P] rect cmd=40f3 pixcntl=000 cur=194,0
[M8P] rect cmd=40f3 pixcntl=000 cur=195,0
[M8P] rect cmd=40f3 pixcntl=000 cur=196,0
[M8P] rect cmd=40f3 pixcntl=000 cur=197,0
[M8P] rect cmd=40f3 pixcntl=000 cur=198,0
[M8P] rect cmd=40f3 pixcntl=000 cur=199,0
[M8P] rect cmd=40f3 pixcntl=000 cur=200,0
[M8P] rect cmd=40f3 pixcntl=000 cur=201,0
[M8P] rect cmd=40f3 pixcntl=000 cur=202,0
[M8P] rect cmd=40f3 pixcntl=000 cur=203,0
[M8P] rect cmd=40f3 pixcntl=000 cur=204,0
[M8P] rect cmd=40f3 pixcntl=000 cur=205,0
[M8P] rect cmd=40f3 pixcntl=000 cur=206,0
[M8P] rect cmd=40f3 pixcntl=000 cur=207,0
[M8P] rect cmd=40f3 pixcntl=000 cur=208,0
[M8P] rect cmd=40f3 pixcntl=000 cur=209,0
[M8P] rect cmd=40f3 pixcntl=000 cur=210,0
[M8P] rect cmd=40f3 pixcntl=000 cur=211,0
[M8P] rect cmd=40f3 pixcntl=000 cur=212,0
[M8P] rect cmd=40f3 pixcntl=000 cur=213,0
[M8P] rect cmd=40f3 pixcntl=000 cur=214,0
[M8P] rect cmd=40f3 pixcntl=000 cur=215,0
[M8P] rect cmd=40f3 pixcntl=000 cur=216,0
[M8P] rect cmd=40f3 pixcntl=000 cur=217,0
[M8P] rect cmd=40f3 pixcntl=000 cur=218,0
[M8P] rect cmd=40f3 pixcntl=000 cur=219,0
[M8P] rect cmd=40f3 pixcntl=000 cur=220,0
[M8P] rect cmd=40f3 pixcntl=000 cur=221,0
[M8P] rect cmd=40f3 pixcntl=000 cur=222,0
[M8P] rect cmd=40f3 pixcntl=000 cur=223,0
[M8P] rect cmd=40f3 pixcntl=000 cur=224,0
[M8P] rect cmd=40f3 pixcntl=000 cur=225,0
[M8P] rect cmd=40f3 pixcntl=000 cur=226,0
[M8P] rect cmd=40f3 pixcntl=000 cur=227,0
[M8P] rect cmd=40f3 pixcntl=000 cur=228,0
[M8P] rect cmd=40f3 pixcntl=000 cur=229,0
[M8P] rect cmd=40f3 pixcntl=000 cur=230,0
[M8P] rect cmd=40f3 pixcntl=000 cur=231,0
[M8P] rect cmd=40f3 pixcntl=000 cur=232,0
[M8P] rect cmd=40f3 pixcntl=000 cur=233,0
[M8P] rect cmd=40f3 pixcntl=000 cur=234,0
[M8P] rect cmd=40f3 pixcntl=000 cur=235,0
[M8P] rect cmd=40f3 pixcntl=000 cur=236,0
[M8P] rect cmd=40f3 pixcntl=000 cur=237,0
[M8P] rect cmd=40f3 pixcntl=000 cur=238,0
[M8P] rect cmd=40f3 pixcntl=000 cur=239,0
[M8P] rect cmd=40f3 pixcntl=000 cur=240,0
[M8P] rect cmd=40f3 pixcntl=000 cur=241,0
[M8P] rect cmd=40f3 pixcntl=000 cur=242,0
[M8P] rect cmd=40f3 pixcntl=000 cur=243,0
[M8P] rect cmd=40f3 pixcntl=000 cur=244,0
[M8P] rect cmd=40f3 pixcntl=000 cur=245,0
[M8P] rect cmd=40f3 pixcntl=000 cur=246,0
[M8P] rect cmd=40f3 pixcntl=000 cur=247,0
[M8P] rect cmd=40f3 pixcntl=000 cur=248,0
[M8P] rect cmd=40f3 pixcntl=000 cur=249,0
[M8P] rect cmd=40f3 pixcntl=000 cur=250,0
[M8P] rect cmd=40f3 pixcntl=000 cur=251,0
[M8P] rect cmd=40f3 pixcntl=000 cur=252,0
[M8P] rect cmd=40f3 pixcntl=000 cur=253,0
[M8P] rect cmd=40f3 pixcntl=000 cur=254,0
[M8P] rect cmd=40f3 pixcntl=000 cur=255,0
[M8P] rect cmd=40f3 pixcntl=000 cur=0,0
[M8P] rect cmd=53b0 pixcntl=000 cur=0,0
[M8P] rect cmd=40f3 pixcntl=000 cur=0,0
[M8P] rect cmd=40f3 pixcntl=000 cur=1,0
[M8P] rect cmd=40f3 pixcntl=000 cur=2,0
[M8P] rect cmd=40f3 pixcntl=000 cur=3,0
[M8P] rect cmd=40f3 pixcntl=000 cur=4,0
[M8P] rect cmd=40f3 pixcntl=000 cur=5,0
[M8P] rect cmd=40f3 pixcntl=000 cur=6,0
[M8P] rect cmd=40f3 pixcntl=000 cur=7,0
[M8P] rect cmd=40f3 pixcntl=000 cur=8,0
[M8P] rect cmd=40f3 pixcntl=000 cur=9,0
[M8P] rect cmd=40f3 pixcntl=000 cur=10,0
[M8P] rect cmd=40f3 pixcntl=000 cur=11,0
[M8P] rect cmd=40f3 pixcntl=000 cur=12,0
[M8P] rect cmd=40f3 pixcntl=000 cur=13,0
[M8P] rect cmd=40f3 pixcntl=000 cur=14,0
[M8P] rect cmd=40f3 pixcntl=000 cur=15,0
[M8P] rect cmd=40f3 pixcntl=000 cur=16,0
[M8P] rect cmd=40f3 pixcntl=000 cur=17,0
[M8P] rect cmd=40f3 pixcntl=000 cur=18,0
[M8P] rect cmd=40f3 pixcntl=000 cur=19,0
[M8P] rect cmd=40f3 pixcntl=000 cur=20,0
[M8P] rect cmd=40f3 pixcntl=000 cur=21,0
[M8P] rect cmd=40f3 pixcntl=000 cur=22,0
[M8P] rect cmd=40f3 pixcntl=000 cur=23,0
[M8P] rect cmd=40f3 pixcntl=000 cur=24,0
[M8P] rect cmd=40f3 pixcntl=000 cur=25,0
[M8P] rect cmd=40f3 pixcntl=000 cur=26,0
[M8P] rect cmd=40f3 pixcntl=000 cur=27,0
[M8P] rect cmd=40f3 pixcntl=000 cur=28,0
[M8P] rect cmd=40f3 pixcntl=000 cur=29,0
[M8P] rect cmd=40f3 pixcntl=000 cur=30,0
[M8P] rect cmd=40f3 pixcntl=000 cur=31,0
[M8P] rect cmd=40f3 pixcntl=000 cur=32,0
[M8P] rect cmd=40f3 pixcntl=000 cur=33,0
[M8P] rect cmd=40f3 pixcntl=000 cur=34,0
[M8P] rect cmd=40f3 pixcntl=000 cur=35,0
[M8P] rect cmd=40f3 pixcntl=000 cur=36,0
[M8P] rect cmd=40f3 pixcntl=000 cur=37,0
[M8P] rect cmd=40f3 pixcntl=000 cur=38,0
[M8P] rect cmd=40f3 pixcntl=000 cur=39,0
[M8P] rect cmd=40f3 pixcntl=000 cur=40,0
[M8P] rect cmd=40f3 pixcntl=000 cur=41,0
[M8P] rect cmd=40f3 pixcntl=000 cur=42,0
[M8P] rect cmd=40f3 pixcntl=000 cur=43,0
[M8P] rect cmd=40f3 pixcntl=000 cur=44,0
[M8P] rect cmd=40f3 pixcntl=000 cur=45,0
[M8P] rect cmd=40f3 pixcntl=000 cur=46,0
[M8P] rect cmd=40f3 pixcntl=000 cur=47,0
[M8P] rect cmd=40f3 pixcntl=000 cur=48,0
[M8P] rect cmd=40f3 pixcntl=000 cur=49,0
[M8P] rect cmd=40f3 pixcntl=000 cur=50,0
[M8P] rect cmd=40f3 pixcntl=000 cur=51,0
[M8P] rect cmd=40f3 pixcntl=000 cur=52,0
[M8P] rect cmd=40f3 pixcntl=000 cur=53,0
[M8P] rect cmd=40f3 pixcntl=000 cur=54,0
[M8P] rect cmd=40f3 pixcntl=000 cur=55,0
[M8P] rect cmd=40f3 pixcntl=000 cur=56,0
[M8P] rect cmd=40f3 pixcntl=000 cur=57,0
[M8P] rect cmd=40f3 pixcntl=000 cur=58,0
[M8P] rect cmd=40f3 pixcntl=000 cur=59,0
[M8P] rect cmd=40f3 pixcntl=000 cur=60,0
[M8P] rect cmd=40f3 pixcntl=000 cur=61,0
[M8P] rect cmd=40f3 pixcntl=000 cur=62,0
[M8P] rect cmd=40f3 pixcntl=000 cur=63,0
[M8P] rect cmd=40f3 pixcntl=000 cur=64,0
[M8P] rect cmd=40f3 pixcntl=000 cur=65,0
[M8P] rect cmd=40f3 pixcntl=000 cur=66,0
[M8P] rect cmd=40f3 pixcntl=000 cur=67,0
[M8P] rect cmd=40f3 pixcntl=000 cur=68,0
[M8P] rect cmd=40f3 pixcntl=000 cur=69,0
[M8P] rect cmd=40f3 pixcntl=000 cur=70,0
[M8P] rect cmd=40f3 pixcntl=000 cur=71,0
[M8P] rect cmd=40f3 pixcntl=000 cur=72,0
[M8P] rect cmd=40f3 pixcntl=000 cur=73,0
[M8P] rect cmd=40f3 pixcntl=000 cur=74,0
[M8P] rect cmd=40f3 pixcntl=000 cur=75,0
[M8P] rect cmd=40f3 pixcntl=000 cur=76,0
[M8P] rect cmd=40f3 pixcntl=000 cur=77,0
[M8P] rect cmd=40f3 pixcntl=000 cur=78,0
[M8P] rect cmd=40f3 pixcntl=000 cur=79,0
[M8P] rect cmd=40f3 pixcntl=000 cur=80,0
[M8P] rect cmd=40f3 pixcntl=000 cur=81,0
[M8P] rect cmd=40f3 pixcntl=000 cur=82,0
[M8P] rect cmd=40f3 pixcntl=000 cur=83,0
[M8P] rect cmd=40f3 pixcntl=000 cur=84,0
[M8P] rect cmd=40f3 pixcntl=000 cur=85,0
[M8P] rect cmd=40f3 pixcntl=000 cur=86,0
[M8P] rect cmd=40f3 pixcntl=000 cur=87,0
[M8P] rect cmd=40f3 pixcntl=000 cur=88,0
[M8P] rect cmd=40f3 pixcntl=000 cur=89,0
[M8P] rect cmd=40f3 pixcntl=000 cur=90,0
[M8P] rect cmd=40f3 pixcntl=000 cur=91,0
[M8P] rect cmd=40f3 pixcntl=000 cur=92,0
[M8P] rect cmd=40f3 pixcntl=000 cur=93,0
[M8P] rect cmd=40f3 pixcntl=000 cur=94,0
[M8P] rect cmd=40f3 pixcntl=000 cur=95,0
[M8P] rect cmd=40f3 pixcntl=000 cur=96,0
[M8P] rect cmd=40f3 pixcntl=000 cur=97,0
[M8P] rect cmd=40f3 pixcntl=000 cur=98,0
[M8P] rect cmd=40f3 pixcntl=000 cur=99,0
[M8P] rect cmd=40f3 pixcntl=000 cur=100,0
[M8P] rect cmd=40f3 pixcntl=000 cur=101,0
[M8P] rect cmd=40f3 pixcntl=000 cur=102,0
[M8P] rect cmd=40f3 pixcntl=000 cur=103,0
[M8P] rect cmd=40f3 pixcntl=000 cur=104,0
[M8P] rect cmd=40f3 pixcntl=000 cur=105,0
[M8P] rect cmd=40f3 pixcntl=000 cur=106,0
[M8P] rect cmd=40f3 pixcntl=000 cur=107,0
[M8P] rect cmd=40f3 pixcntl=000 cur=108,0
[M8P] rect cmd=40f3 pixcntl=000 cur=109,0
[M8P] rect cmd=40f3 pixcntl=000 cur=110,0
[M8P] rect cmd=40f3 pixcntl=000 cur=111,0
[M8P] rect cmd=40f3 pixcntl=000 cur=112,0
[M8P] rect cmd=40f3 pixcntl=000 cur=113,0
[M8P] rect cmd=40f3 pixcntl=000 cur=114,0
[M8P] rect cmd=40f3 pixcntl=000 cur=115,0
[M8P] rect cmd=40f3 pixcntl=000 cur=116,0
[M8P] rect cmd=40f3 pixcntl=000 cur=117,0
[M8P] rect cmd=40f3 pixcntl=000 cur=118,0
[M8P] rect cmd=40f3 pixcntl=000 cur=119,0
[M8P] rect cmd=40f3 pixcntl=000 cur=120,0
[M8P] rect cmd=40f3 pixcntl=000 cur=121,0
[M8P] rect cmd=40f3 pixcntl=000 cur=122,0
[M8P] rect cmd=40f3 pixcntl=000 cur=123,0
[M8P] rect cmd=40f3 pixcntl=000 cur=124,0
[M8P] rect cmd=40f3 pixcntl=000 cur=125,0
[M8P] rect cmd=40f3 pixcntl=000 cur=126,0
[M8P] rect cmd=40f3 pixcntl=000 cur=127,0
[M8P] rect cmd=40f3 pixcntl=000 cur=128,0
[M8P] rect cmd=40f3 pixcntl=000 cur=129,0
[M8P] rect cmd=40f3 pixcntl=000 cur=130,0
[M8P] rect cmd=40f3 pixcntl=000 cur=131,0
[M8P] rect cmd=40f3 pixcntl=000 cur=132,0
[M8P] rect cmd=40f3 pixcntl=000 cur=133,0
[M8P] rect cmd=40f3 pixcntl=000 cur=134,0
[M8P] rect cmd=40f3 pixcntl=000 cur=135,0
[M8P] rect cmd=40f3 pixcntl=000 cur=136,0
[M8P] rect cmd=40f3 pixcntl=000 cur=137,0
[M8P] rect cmd=40f3 pixcntl=000 cur=138,0
[M8P] rect cmd=40f3 pixcntl=000 cur=139,0
[M8P] rect cmd=40f3 pixcntl=000 cur=140,0
[M8P] rect cmd=40f3 pixcntl=000 cur=141,0
[M8P] rect cmd=40f3 pixcntl=000 cur=142,0
[M8P] rect cmd=40f3 pixcntl=000 cur=143,0
[M8P] rect cmd=40f3 pixcntl=000 cur=144,0
[M8P] rect cmd=40f3 pixcntl=000 cur=145,0
[M8P] rect cmd=40f3 pixcntl=000 cur=146,0
[M8P] rect cmd=40f3 pixcntl=000 cur=147,0
[M8P] rect cmd=40f3 pixcntl=000 cur=148,0
[M8P] rect cmd=40f3 pixcntl=000 cur=149,0
[M8P] rect cmd=40f3 pixcntl=000 cur=150,0
[M8P] rect cmd=40f3 pixcntl=000 cur=151,0
[M8P] rect cmd=40f3 pixcntl=000 cur=152,0
[M8P] rect cmd=40f3 pixcntl=000 cur=153,0
[M8P] rect cmd=40f3 pixcntl=000 cur=154,0
[M8P] rect cmd=40f3 pixcntl=000 cur=155,0
[M8P] rect cmd=40f3 pixcntl=000 cur=156,0
[M8P] rect cmd=40f3 pixcntl=000 cur=157,0
[M8P] rect cmd=40f3 pixcntl=000 cur=158,0
[M8P] rect cmd=40f3 pixcntl=000 cur=159,0
[M8P] rect cmd=40f3 pixcntl=000 cur=160,0
[M8P] rect cmd=40f3 pixcntl=000 cur=161,0
[M8P] rect cmd=40f3 pixcntl=000 cur=162,0
[M8P] rect cmd=40f3 pixcntl=000 cur=163,0
[M8P] rect cmd=40f3 pixcntl=000 cur=164,0
[M8P] rect cmd=40f3 pixcntl=000 cur=165,0
[M8P] rect cmd=40f3 pixcntl=000 cur=166,0
[M8P] rect cmd=40f3 pixcntl=000 cur=167,0
[M8P] rect cmd=40f3 pixcntl=000 cur=168,0
[M8P] rect cmd=40f3 pixcntl=000 cur=169,0
[M8P] rect cmd=40f3 pixcntl=000 cur=170,0
[M8P] rect cmd=40f3 pixcntl=000 cur=171,0
[M8P] rect cmd=40f3 pixcntl=000 cur=172,0
[M8P] rect cmd=40f3 pixcntl=000 cur=173,0
[M8P] rect cmd=40f3 pixcntl=000 cur=174,0
[M8P] rect cmd=40f3 pixcntl=000 cur=175,0
[M8P] rect cmd=40f3 pixcntl=000 cur=176,0
[M8P] rect cmd=40f3 pixcntl=000 cur=177,0
[M8P] rect cmd=40f3 pixcntl=000 cur=178,0
[M8P] rect cmd=40f3 pixcntl=000 cur=179,0
[M8P] rect cmd=40f3 pixcntl=000 cur=180,0
[M8P] rect cmd=40f3 pixcntl=000 cur=181,0
[M8P] rect cmd=40f3 pixcntl=000 cur=182,0
[M8P] rect cmd=40f3 pixcntl=000 cur=183,0
[M8P] rect cmd=40f3 pixcntl=000 cur=184,0
[M8P] rect cmd=40f3 pixcntl=000 cur=185,0
[M8P] rect cmd=40f3 pixcntl=000 cur=186,0
[M8P] rect cmd=40f3 pixcntl=000 cur=187,0
[M8P] rect cmd=40f3 pixcntl=000 cur=188,0
[M8P] rect cmd=40f3 pixcntl=000 cur=189,0
[M8P] rect cmd=40f3 pixcntl=000 cur=190,0
[M8P] rect cmd=40f3 pixcntl=000 cur=191,0
[M8P] rect cmd=40f3 pixcntl=000 cur=192,0
[M8P] rect cmd=40f3 pixcntl=000 cur=193,0
[M8P] rect cmd=40f3 pixcntl=000 cur=194,0
[M8P] rect cmd=40f3 pixcntl=000 cur=195,0
[M8P] rect cmd=40f3 pixcntl=000 cur=196,0
[M8P] rect cmd=40f3 pixcntl=000 cur=197,0
[M8P] rect cmd=40f3 pixcntl=000 cur=198,0
[M8P] rect cmd=40f3 pixcntl=000 cur=199,0
[M8P] rect cmd=40f3 pixcntl=000 cur=200,0
[M8P] rect cmd=40f3 pixcntl=000 cur=201,0
[M8P] rect cmd=40f3 pixcntl=000 cur=202,0
[M8P] rect cmd=40f3 pixcntl=000 cur=203,0
[M8P] rect cmd=40f3 pixcntl=000 cur=204,0
[M8P] rect cmd=40f3 pixcntl=000 cur=205,0
[M8P] rect cmd=40f3 pixcntl=000 cur=206,0
[M8P] rect cmd=40f3 pixcntl=000 cur=207,0
[M8P] rect cmd=40f3 pixcntl=000 cur=208,0
[M8P] rect cmd=40f3 pixcntl=000 cur=209,0
[M8P] rect cmd=40f3 pixcntl=000 cur=210,0
[M8P] rect cmd=40f3 pixcntl=000 cur=211,0
[M8P] rect cmd=40f3 pixcntl=000 cur=212,0
[M8P] rect cmd=40f3 pixcntl=000 cur=213,0
[M8P] rect cmd=40f3 pixcntl=000 cur=214,0
[M8P] rect cmd=40f3 pixcntl=000 cur=215,0
[M8P] rect cmd=40f3 pixcntl=000 cur=216,0
[M8P] rect cmd=40f3 pixcntl=000 cur=217,0
[M8P] rect cmd=40f3 pixcntl=000 cur=218,0
[M8P] rect cmd=40f3 pixcntl=000 cur=219,0
[M8P] rect cmd=40f3 pixcntl=000 cur=220,0
[M8P] rect cmd=40f3 pixcntl=000 cur=221,0
[M8P] rect cmd=40f3 pixcntl=000 cur=222,0
[M8P] rect cmd=40f3 pixcntl=000 cur=223,0
[M8P] rect cmd=40f3 pixcntl=000 cur=224,0
[M8P] rect cmd=40f3 pixcntl=000 cur=225,0
[M8P] rect cmd=40f3 pixcntl=000 cur=226,0
[M8P] rect cmd=40f3 pixcntl=000 cur=227,0
[M8P] rect cmd=40f3 pixcntl=000 cur=228,0
[M8P] rect cmd=40f3 pixcntl=000 cur=229,0
[M8P] rect cmd=40f3 pixcntl=000 cur=230,0
[M8P] rect cmd=40f3 pixcntl=000 cur=231,0
[M8P] rect cmd=40f3 pixcntl=000 cur=232,0
[M8P] rect cmd=40f3 pixcntl=000 cur=233,0
[M8P] rect cmd=40f3 pixcntl=000 cur=234,0
[M8P] rect cmd=40f3 pixcntl=000 cur=235,0
[M8P] rect cmd=40f3 pixcntl=000 cur=236,0
[M8P] rect cmd=40f3 pixcntl=000 cur=237,0
[M8P] rect cmd=40f3 pixcntl=000 cur=238,0
[M8P] rect cmd=40f3 pixcntl=000 cur=239,0
[M8P] rect cmd=40f3 pixcntl=000 cur=240,0
[M8P] rect cmd=40f3 pixcntl=000 cur=241,0
[M8P] rect cmd=40f3 pixcntl=000 cur=242,0
[M8P] rect cmd=40f3 pixcntl=000 cur=243,0
[M8P] rect cmd=40f3 pixcntl=000 cur=244,0
[M8P] rect cmd=40f3 pixcntl=000 cur=245,0
[M8P] rect cmd=40f3 pixcntl=000 cur=246,0
[M8P] rect cmd=40f3 pixcntl=000 cur=247,0
[M8P] rect cmd=40f3 pixcntl=000 cur=248,0
[M8P] rect cmd=40f3 pixcntl=000 cur=249,0
[M8P] rect cmd=40f3 pixcntl=000 cur=250,0
[M8P] rect cmd=40f3 pixcntl=000 cur=251,0
[M8P] rect cmd=40f3 pixcntl=000 cur=252,0
[M8P] rect cmd=40f3 pixcntl=000 cur=253,0
[M8P] rect cmd=40f3 pixcntl=000 cur=254,0
[M8P] rect cmd=40f3 pixcntl=000 cur=255,0
[M8P] rect cmd=40f3 pixcntl=000 cur=0,0
[M8P] rect cmd=53b0 pixcntl=000 cur=0,0
[M8P] rect cmd=40f3 pixcntl=000 cur=0,0
[M8P] rect cmd=40f3 pixcntl=000 cur=1,0
[M8P] rect cmd=40f3 pixcntl=000 cur=2,0
[M8P] rect cmd=40f3 pixcntl=000 cur=3,0
[M8P] rect cmd=40f3 pixcntl=000 cur=4,0
[M8P] rect cmd=40f3 pixcntl=000 cur=5,0
[M8P] rect cmd=40f3 pixcntl=000 cur=6,0
[M8P] rect cmd=40f3 pixcntl=000 cur=7,0
[M8P] rect cmd=40f3 pixcntl=000 cur=8,0
[M8P] rect cmd=40f3 pixcntl=000 cur=9,0
[M8P] rect cmd=40f3 pixcntl=000 cur=10,0
[M8P] rect cmd=40f3 pixcntl=000 cur=11,0
[M8P] rect cmd=40f3 pixcntl=000 cur=12,0
[M8P] rect cmd=40f3 pixcntl=000 cur=13,0
[M8P] rect cmd=40f3 pixcntl=000 cur=14,0
[M8P] rect cmd=40f3 pixcntl=000 cur=15,0
[M8P] rect cmd=40f3 pixcntl=000 cur=16,0
[M8P] rect cmd=40f3 pixcntl=000 cur=17,0
[M8P] rect cmd=40f3 pixcntl=000 cur=18,0
[M8P] rect cmd=40f3 pixcntl=000 cur=19,0
[M8P] rect cmd=40f3 pixcntl=000 cur=20,0
[M8P] rect cmd=40f3 pixcntl=000 cur=21,0
[M8P] rect cmd=40f3 pixcntl=000 cur=22,0
[M8P] rect cmd=40f3 pixcntl=000 cur=23,0
[M8P] rect cmd=40f3 pixcntl=000 cur=24,0
[M8P] rect cmd=40f3 pixcntl=000 cur=25,0
[M8P] rect cmd=40f3 pixcntl=000 cur=26,0
[M8P] rect cmd=40f3 pixcntl=000 cur=27,0
[M8P] rect cmd=40f3 pixcntl=000 cur=28,0
[M8P] rect cmd=40f3 pixcntl=000 cur=29,0
[M8P] rect cmd=40f3 pixcntl=000 cur=30,0
[M8P] rect cmd=40f3 pixcntl=000 cur=31,0
[M8P] rect cmd=40f3 pixcntl=000 cur=32,0
[M8P] rect cmd=40f3 pixcntl=000 cur=33,0
[M8P] rect cmd=40f3 pixcntl=000 cur=34,0
[M8P] rect cmd=40f3 pixcntl=000 cur=35,0
[M8P] rect cmd=40f3 pixcntl=000 cur=36,0
[M8P] rect cmd=40f3 pixcntl=000 cur=37,0
[M8P] rect cmd=40f3 pixcntl=000 cur=38,0
[M8P] rect cmd=40f3 pixcntl=000 cur=39,0
[M8P] rect cmd=40f3 pixcntl=000 cur=40,0
[M8P] rect cmd=40f3 pixcntl=000 cur=41,0
[M8P] rect cmd=40f3 pixcntl=000 cur=42,0
[M8P] rect cmd=40f3 pixcntl=000 cur=43,0
[M8P] rect cmd=40f3 pixcntl=000 cur=44,0
[M8P] rect cmd=40f3 pixcntl=000 cur=45,0
[M8P] rect cmd=40f3 pixcntl=000 cur=46,0
[M8P] rect cmd=40f3 pixcntl=000 cur=47,0
[M8P] rect cmd=40f3 pixcntl=000 cur=48,0
[M8P] rect cmd=40f3 pixcntl=000 cur=49,0
[M8P] rect cmd=40f3 pixcntl=000 cur=50,0
[M8P] rect cmd=40f3 pixcntl=000 cur=51,0
[M8P] rect cmd=40f3 pixcntl=000 cur=52,0
[M8P] rect cmd=40f3 pixcntl=000 cur=53,0
[M8P] rect cmd=40f3 pixcntl=000 cur=54,0
[M8P] rect cmd=40f3 pixcntl=000 cur=55,0
[M8P] rect cmd=40f3 pixcntl=000 cur=56,0
[M8P] rect cmd=40f3 pixcntl=000 cur=57,0
[M8P] rect cmd=40f3 pixcntl=000 cur=58,0
[M8P] rect cmd=40f3 pixcntl=000 cur=59,0
[M8P] rect cmd=40f3 pixcntl=000 cur=60,0
[M8P] rect cmd=40f3 pixcntl=000 cur=61,0
[M8P] rect cmd=40f3 pixcntl=000 cur=62,0
[M8P] rect cmd=40f3 pixcntl=000 cur=63,0
[M8P] rect cmd=40f3 pixcntl=000 cur=64,0
[M8P] rect cmd=40f3 pixcntl=000 cur=65,0
[M8P] rect cmd=40f3 pixcntl=000 cur=66,0
[M8P] rect cmd=40f3 pixcntl=000 cur=67,0
[M8P] rect cmd=40f3 pixcntl=000 cur=68,0
[M8P] rect cmd=40f3 pixcntl=000 cur=69,0
[M8P] rect cmd=40f3 pixcntl=000 cur=70,0
[M8P] rect cmd=40f3 pixcntl=000 cur=71,0
[M8P] rect cmd=40f3 pixcntl=000 cur=72,0
[M8P] rect cmd=40f3 pixcntl=000 cur=73,0
[M8P] rect cmd=40f3 pixcntl=000 cur=74,0
[M8P] rect cmd=40f3 pixcntl=000 cur=75,0
[M8P] rect cmd=40f3 pixcntl=000 cur=76,0
[M8P] rect cmd=40f3 pixcntl=000 cur=77,0
[M8P] rect cmd=40f3 pixcntl=000 cur=78,0
[M8P] rect cmd=40f3 pixcntl=000 cur=79,0
[M8P] rect cmd=40f3 pixcntl=000 cur=80,0
[M8P] rect cmd=40f3 pixcntl=000 cur=81,0
[M8P] rect cmd=40f3 pixcntl=000 cur=82,0
[M8P] rect cmd=40f3 pixcntl=000 cur=83,0
[M8P] rect cmd=40f3 pixcntl=000 cur=84,0
[M8P] rect cmd=40f3 pixcntl=000 cur=85,0
[M8P] rect cmd=40f3 pixcntl=000 cur=86,0
[M8P] rect cmd=40f3 pixcntl=000 cur=87,0
[M8P] rect cmd=40f3 pixcntl=000 cur=88,0
[M8P] rect cmd=40f3 pixcntl=000 cur=89,0
[M8P] rect cmd=40f3 pixcntl=000 cur=90,0
[M8P] rect cmd=40f3 pixcntl=000 cur=91,0
[M8P] rect cmd=40f3 pixcntl=000 cur=92,0
[M8P] rect cmd=40f3 pixcntl=000 cur=93,0
[M8P] rect cmd=40f3 pixcntl=000 cur=94,0
[M8P] rect cmd=40f3 pixcntl=000 cur=95,0
[M8P] rect cmd=40f3 pixcntl=000 cur=96,0
[M8P] rect cmd=40f3 pixcntl=000 cur=97,0
[M8P] rect cmd=40f3 pixcntl=000 cur=98,0
[M8P] rect cmd=40f3 pixcntl=000 cur=99,0
[M8P] rect cmd=40f3 pixcntl=000 cur=100,0
[M8P] rect cmd=40f3 pixcntl=000 cur=101,0
[M8P] rect cmd=40f3 pixcntl=000 cur=102,0
[M8P] rect cmd=40f3 pixcntl=000 cur=103,0
[M8P] rect cmd=40f3 pixcntl=000 cur=104,0
[M8P] rect cmd=40f3 pixcntl=000 cur=105,0
[M8P] rect cmd=40f3 pixcntl=000 cur=106,0
[M8P] rect cmd=40f3 pixcntl=000 cur=107,0
[M8P] rect cmd=40f3 pixcntl=000 cur=108,0
[M8P] rect cmd=40f3 pixcntl=000 cur=109,0
[M8P] rect cmd=40f3 pixcntl=000 cur=110,0
[M8P] rect cmd=40f3 pixcntl=000 cur=111,0
[M8P] rect cmd=40f3 pixcntl=000 cur=112,0
[M8P] rect cmd=40f3 pixcntl=000 cur=113,0
[M8P] rect cmd=40f3 pixcntl=000 cur=114,0
[M8P] rect cmd=40f3 pixcntl=000 cur=115,0
[M8P] rect cmd=40f3 pixcntl=000 cur=116,0
[M8P] rect cmd=40f3 pixcntl=000 cur=117,0
[M8P] rect cmd=40f3 pixcntl=000 cur=118,0
[M8P] rect cmd=40f3 pixcntl=000 cur=119,0
[M8P] rect cmd=40f3 pixcntl=000 cur=120,0
[M8P] rect cmd=40f3 pixcntl=000 cur=121,0
[M8P] rect cmd=40f3 pixcntl=000 cur=122,0
[M8P] rect cmd=40f3 pixcntl=000 cur=123,0
[M8P] rect cmd=40f3 pixcntl=000 cur=124,0
[M8P] rect cmd=40f3 pixcntl=000 cur=125,0
[M8P] rect cmd=40f3 pixcntl=000 cur=126,0
[M8P] rect cmd=40f3 pixcntl=000 cur=127,0
[M8P] rect cmd=40f3 pixcntl=000 cur=128,0
[M8P] rect cmd=40f3 pixcntl=000 cur=129,0
[M8P] rect cmd=40f3 pixcntl=000 cur=130,0
[M8P] rect cmd=40f3 pixcntl=000 cur=131,0
[M8P] rect cmd=40f3 pixcntl=000 cur=132,0
[M8P] rect cmd=40f3 pixcntl=000 cur=133,0
[M8P] rect cmd=40f3 pixcntl=000 cur=134,0
[M8P] rect cmd=40f3 pixcntl=000 cur=135,0
[M8P] rect cmd=40f3 pixcntl=000 cur=136,0
[M8P] rect cmd=40f3 pixcntl=000 cur=137,0
[M8P] rect cmd=40f3 pixcntl=000 cur=138,0
[M8P] rect cmd=40f3 pixcntl=000 cur=139,0
[M8P] rect cmd=40f3 pixcntl=000 cur=140,0
[M8P] rect cmd=40f3 pixcntl=000 cur=141,0
[M8P] rect cmd=40f3 pixcntl=000 cur=142,0
[M8P] rect cmd=40f3 pixcntl=000 cur=143,0
[M8P] rect cmd=40f3 pixcntl=000 cur=144,0
[M8P] rect cmd=40f3 pixcntl=000 cur=145,0
[M8P] rect cmd=40f3 pixcntl=000 cur=146,0
[M8P] rect cmd=40f3 pixcntl=000 cur=147,0
[M8P] rect cmd=40f3 pixcntl=000 cur=148,0
[M8P] rect cmd=40f3 pixcntl=000 cur=149,0
[M8P] rect cmd=40f3 pixcntl=000 cur=150,0
[M8P] rect cmd=40f3 pixcntl=000 cur=151,0
[M8P] rect cmd=40f3 pixcntl=000 cur=152,0
[M8P] rect cmd=40f3 pixcntl=000 cur=153,0
[M8P] rect cmd=40f3 pixcntl=000 cur=154,0
[M8P] rect cmd=40f3 pixcntl=000 cur=155,0
[M8P] rect cmd=40f3 pixcntl=000 cur=156,0
[M8P] rect cmd=40f3 pixcntl=000 cur=157,0
[M8P] rect cmd=40f3 pixcntl=000 cur=158,0
[M8P] rect cmd=40f3 pixcntl=000 cur=159,0
[M8P] rect cmd=40f3 pixcntl=000 cur=160,0
[M8P] rect cmd=40f3 pixcntl=000 cur=161,0
[M8P] rect cmd=40f3 pixcntl=000 cur=162,0
[M8P] rect cmd=40f3 pixcntl=000 cur=163,0
[M8P] rect cmd=40f3 pixcntl=000 cur=164,0
[M8P] rect cmd=40f3 pixcntl=000 cur=165,0
[M8P] rect cmd=40f3 pixcntl=000 cur=166,0
[M8P] rect cmd=40f3 pixcntl=000 cur=167,0
[M8P] rect cmd=40f3 pixcntl=000 cur=168,0
[M8P] rect cmd=40f3 pixcntl=000 cur=169,0
[M8P] rect cmd=40f3 pixcntl=000 cur=170,0
[M8P] rect cmd=40f3 pixcntl=000 cur=171,0
[M8P] rect cmd=40f3 pixcntl=000 cur=172,0
[M8P] rect cmd=40f3 pixcntl=000 cur=173,0
[M8P] rect cmd=40f3 pixcntl=000 cur=174,0
[M8P] rect cmd=40f3 pixcntl=000 cur=175,0
[M8P] rect cmd=40f3 pixcntl=000 cur=176,0
[M8P] rect cmd=40f3 pixcntl=000 cur=177,0
[M8P] rect cmd=40f3 pixcntl=000 cur=178,0
[M8P] rect cmd=40f3 pixcntl=000 cur=179,0
[M8P] rect cmd=40f3 pixcntl=000 cur=180,0
[M8P] rect cmd=40f3 pixcntl=000 cur=181,0
[M8P] rect cmd=40f3 pixcntl=000 cur=182,0
[M8P] rect cmd=40f3 pixcntl=000 cur=183,0
[M8P] rect cmd=40f3 pixcntl=000 cur=184,0
[M8P] rect cmd=40f3 pixcntl=000 cur=185,0
[M8P] rect cmd=40f3 pixcntl=000 cur=186,0
[M8P] rect cmd=40f3 pixcntl=000 cur=187,0
[M8P] rect cmd=40f3 pixcntl=000 cur=188,0
[M8P] rect cmd=40f3 pixcntl=000 cur=189,0
[M8P] rect cmd=40f3 pixcntl=000 cur=190,0
[M8P] rect cmd=40f3 pixcntl=000 cur=191,0
[M8P] rect cmd=40f3 pixcntl=000 cur=192,0
[M8P] rect cmd=40f3 pixcntl=000 cur=193,0
[M8P] rect cmd=40f3 pixcntl=000 cur=194,0
[M8P] rect cmd=40f3 pixcntl=000 cur=195,0
[M8P] rect cmd=40f3 pixcntl=000 cur=196,0
[M8P] rect cmd=40f3 pixcntl=000 cur=197,0
[M8P] rect cmd=40f3 pixcntl=000 cur=198,0
[M8P] rect cmd=40f3 pixcntl=000 cur=199,0
[M8P] rect cmd=40f3 pixcntl=000 cur=200,0
[M8P] rect cmd=40f3 pixcntl=000 cur=201,0
[M8P] rect cmd=40f3 pixcntl=000 cur=202,0
[M8P] rect cmd=40f3 pixcntl=000 cur=203,0
[M8P] rect cmd=40f3 pixcntl=000 cur=204,0
[M8P] rect cmd=40f3 pixcntl=000 cur=205,0
[M8P] rect cmd=40f3 pixcntl=000 cur=206,0
[M8P] rect cmd=40f3 pixcntl=000 cur=207,0
[M8P] rect cmd=40f3 pixcntl=000 cur=208,0
[M8P] rect cmd=40f3 pixcntl=000 cur=209,0
[M8P] rect cmd=40f3 pixcntl=000 cur=210,0
[M8P] rect cmd=40f3 pixcntl=000 cur=211,0
[M8P] rect cmd=40f3 pixcntl=000 cur=212,0
[M8P] rect cmd=40f3 pixcntl=000 cur=213,0
[M8P] rect cmd=40f3 pixcntl=000 cur=214,0
[M8P] rect cmd=40f3 pixcntl=000 cur=215,0
[M8P] rect cmd=40f3 pixcntl=000 cur=216,0
[M8P] rect cmd=40f3 pixcntl=000 cur=217,0
[M8P] rect cmd=40f3 pixcntl=000 cur=218,0
[M8P] rect cmd=40f3 pixcntl=000 cur=219,0
[M8P] rect cmd=40f3 pixcntl=000 cur=220,0
[M8P] rect cmd=40f3 pixcntl=000 cur=221,0
[M8P] rect cmd=40f3 pixcntl=000 cur=222,0
[M8P] rect cmd=40f3 pixcntl=000 cur=223,0
[M8P] rect cmd=40f3 pixcntl=000 cur=224,0
[M8P] rect cmd=40f3 pixcntl=000 cur=225,0
[M8P] rect cmd=40f3 pixcntl=000 cur=226,0
[M8P] rect cmd=40f3 pixcntl=000 cur=227,0
[M8P] rect cmd=40f3 pixcntl=000 cur=228,0
[M8P] rect cmd=40f3 pixcntl=000 cur=229,0
[M8P] rect cmd=40f3 pixcntl=000 cur=230,0
[M8P] rect cmd=40f3 pixcntl=000 cur=231,0
[M8P] rect cmd=40f3 pixcntl=000 cur=232,0
[M8P] rect cmd=40f3 pixcntl=000 cur=233,0
[M8P] rect cmd=40f3 pixcntl=000 cur=234,0
[M8P] rect cmd=40f3 pixcntl=000 cur=235,0
[M8P] rect cmd=40f3 pixcntl=000 cur=236,0
[M8P] rect cmd=40f3 pixcntl=000 cur=237,0
[M8P] rect cmd=40f3 pixcntl=000 cur=238,0
[M8P] rect cmd=40f3 pixcntl=000 cur=239,0
[M8P] rect cmd=40f3 pixcntl=000 cur=240,0
[M8P] rect cmd=40f3 pixcntl=000 cur=241,0
[M8P] rect cmd=40f3 pixcntl=000 cur=242,0
[M8P] rect cmd=40f3 pixcntl=000 cur=243,0
[M8P] rect cmd=40f3 pixcntl=000 cur=244,0
[M8P] rect cmd=40f3 pixcntl=000 cur=245,0
[M8P] rect cmd=40f3 pixcntl=000 cur=246,0
[M8P] rect cmd=40f3 pixcntl=000 cur=247,0
[M8P] rect cmd=40f3 pixcntl=000 cur=248,0
[M8P] rect cmd=40f3 pixcntl=000 cur=249,0
[M8P] rect cmd=40f3 pixcntl=000 cur=250,0
[M8P] rect cmd=40f3 pixcntl=000 cur=251,0
[M8P] rect cmd=40f3 pixcntl=000 cur=252,0
[M8P] rect cmd=40f3 pixcntl=000 cur=253,0
[M8P] rect cmd=40f3 pixcntl=000 cur=254,0
[M8P] rect cmd=40f3 pixcntl=000 cur=255,0
[M8P] rect cmd=40f3 pixcntl=000 cur=0,0
[M8P] rect cmd=53b0 pixcntl=000 cur=0,0
[M8P] rect cmd=40f3 pixcntl=000 cur=0,0
[M8P] rect cmd=40f3 pixcntl=000 cur=1,0
[M8P] rect cmd=40f3 pixcntl=000 cur=2,0
[M8P] rect cmd=40f3 pixcntl=000 cur=3,0
[M8P] rect cmd=40f3 pixcntl=000 cur=4,0
[M8P] rect cmd=40f3 pixcntl=000 cur=5,0
[M8P] rect cmd=40f3 pixcntl=000 cur=6,0
[M8P] rect cmd=40f3 pixcntl=000 cur=7,0
[M8P] rect cmd=40f3 pixcntl=000 cur=8,0
[M8P] rect cmd=40f3 pixcntl=000 cur=9,0
[M8P] rect cmd=40f3 pixcntl=000 cur=10,0
[M8P] rect cmd=40f3 pixcntl=000 cur=11,0
[M8P] rect cmd=40f3 pixcntl=000 cur=12,0
[M8P] rect cmd=40f3 pixcntl=000 cur=13,0
[M8P] rect cmd=40f3 pixcntl=000 cur=14,0
[M8P] rect cmd=40f3 pixcntl=000 cur=15,0
[M8P] rect cmd=40f3 pixcntl=000 cur=16,0
[M8P] rect cmd=40f3 pixcntl=000 cur=17,0
[M8P] rect cmd=40f3 pixcntl=000 cur=18,0
[M8P] rect cmd=40f3 pixcntl=000 cur=19,0
[M8P] rect cmd=40f3 pixcntl=000 cur=20,0
[M8P] rect cmd=40f3 pixcntl=000 cur=21,0
[M8P] rect cmd=40f3 pixcntl=000 cur=22,0
[M8P] rect cmd=40f3 pixcntl=000 cur=23,0
[M8P] rect cmd=40f3 pixcntl=000 cur=24,0
[M8P] rect cmd=40f3 pixcntl=000 cur=25,0
[M8P] rect cmd=40f3 pixcntl=000 cur=26,0
[M8P] rect cmd=40f3 pixcntl=000 cur=27,0
[M8P] rect cmd=40f3 pixcntl=000 cur=28,0
[M8P] rect cmd=40f3 pixcntl=000 cur=29,0
[M8P] rect cmd=40f3 pixcntl=000 cur=30,0
[M8P] rect cmd=40f3 pixcntl=000 cur=31,0
[M8P] rect cmd=40f3 pixcntl=000 cur=32,0
[M8P] rect cmd=40f3 pixcntl=000 cur=33,0
[M8P] rect cmd=40f3 pixcntl=000 cur=34,0
[M8P] rect cmd=40f3 pixcntl=000 cur=35,0
[M8P] rect cmd=40f3 pixcntl=000 cur=36,0
[M8P] rect cmd=40f3 pixcntl=000 cur=37,0
[M8P] rect cmd=40f3 pixcntl=000 cur=38,0
[M8P] rect cmd=40f3 pixcntl=000 cur=39,0
[M8P] rect cmd=40f3 pixcntl=000 cur=40,0
[M8P] rect cmd=40f3 pixcntl=000 cur=41,0
[M8P] rect cmd=40f3 pixcntl=000 cur=42,0
[M8P] rect cmd=40f3 pixcntl=000 cur=43,0
[M8P] rect cmd=40f3 pixcntl=000 cur=44,0
[M8P] rect cmd=40f3 pixcntl=000 cur=45,0
[M8P] rect cmd=40f3 pixcntl=000 cur=46,0
[M8P] rect cmd=40f3 pixcntl=000 cur=47,0
[M8P] rect cmd=40f3 pixcntl=000 cur=48,0
[M8P] rect cmd=40f3 pixcntl=000 cur=49,0
[M8P] rect cmd=40f3 pixcntl=000 cur=50,0
[M8P] rect cmd=40f3 pixcntl=000 cur=51,0
[M8P] rect cmd=40f3 pixcntl=000 cur=52,0
[M8P] rect cmd=40f3 pixcntl=000 cur=53,0
[M8P] rect cmd=40f3 pixcntl=000 cur=54,0
[M8P] rect cmd=40f3 pixcntl=000 cur=55,0
[M8P] rect cmd=40f3 pixcntl=000 cur=56,0
[M8P] rect cmd=40f3 pixcntl=000 cur=57,0
[M8P] rect cmd=40f3 pixcntl=000 cur=58,0
[M8P] rect cmd=40f3 pixcntl=000 cur=59,0
[M8P] rect cmd=40f3 pixcntl=000 cur=60,0
[M8P] rect cmd=40f3 pixcntl=000 cur=61,0
[M8P] rect cmd=40f3 pixcntl=000 cur=62,0
[M8P] rect cmd=40f3 pixcntl=000 cur=63,0
[M8P] rect cmd=40f3 pixcntl=000 cur=64,0
[M8P] rect cmd=40f3 pixcntl=000 cur=65,0
[M8P] rect cmd=40f3 pixcntl=000 cur=66,0
[M8P] rect cmd=40f3 pixcntl=000 cur=67,0
[M8P] rect cmd=40f3 pixcntl=000 cur=68,0
[M8P] rect cmd=40f3 pixcntl=000 cur=69,0
[M8P] rect cmd=40f3 pixcntl=000 cur=70,0
[M8P] rect cmd=40f3 pixcntl=000 cur=71,0
[M8P] rect cmd=40f3 pixcntl=000 cur=72,0
[M8P] rect cmd=40f3 pixcntl=000 cur=73,0
[M8P] rect cmd=40f3 pixcntl=000 cur=74,0
[M8P] rect cmd=40f3 pixcntl=000 cur=75,0
[M8P] rect cmd=40f3 pixcntl=000 cur=76,0
[M8P] rect cmd=40f3 pixcntl=000 cur=77,0
[M8P] rect cmd=40f3 pixcntl=000 cur=78,0
[M8P] rect cmd=40f3 pixcntl=000 cur=79,0
[M8P] rect cmd=40f3 pixcntl=000 cur=80,0
[M8P] rect cmd=40f3 pixcntl=000 cur=81,0
[M8P] rect cmd=40f3 pixcntl=000 cur=82,0
[M8P] rect cmd=40f3 pixcntl=000 cur=83,0
[M8P] rect cmd=40f3 pixcntl=000 cur=84,0
[M8P] rect cmd=40f3 pixcntl=000 cur=85,0
[M8P] rect cmd=40f3 pixcntl=000 cur=86,0
[M8P] rect cmd=40f3 pixcntl=000 cur=87,0
[M8P] rect cmd=40f3 pixcntl=000 cur=88,0
[M8P] rect cmd=40f3 pixcntl=000 cur=89,0
[M8P] rect cmd=40f3 pixcntl=000 cur=90,0
[M8P] rect cmd=40f3 pixcntl=000 cur=91,0
[M8P] rect cmd=40f3 pixcntl=000 cur=92,0
[M8P] rect cmd=40f3 pixcntl=000 cur=93,0
[M8P] rect cmd=40f3 pixcntl=000 cur=94,0
[M8P] rect cmd=40f3 pixcntl=000 cur=95,0
[M8P] rect cmd=40f3 pixcntl=000 cur=96,0
[M8P] rect cmd=40f3 pixcntl=000 cur=97,0
[M8P] rect cmd=40f3 pixcntl=000 cur=98,0
[M8P] rect cmd=40f3 pixcntl=000 cur=99,0
[M8P] rect cmd=40f3 pixcntl=000 cur=100,0
[M8P] rect cmd=40f3 pixcntl=000 cur=101,0
[M8P] rect cmd=40f3 pixcntl=000 cur=102,0
[M8P] rect cmd=40f3 pixcntl=000 cur=103,0
[M8P] rect cmd=40f3 pixcntl=000 cur=104,0
[M8P] rect cmd=40f3 pixcntl=000 cur=105,0
[M8P] rect cmd=40f3 pixcntl=000 cur=106,0
[M8P] rect cmd=40f3 pixcntl=000 cur=107,0
[M8P] rect cmd=40f3 pixcntl=000 cur=108,0
[M8P] rect cmd=40f3 pixcntl=000 cur=109,0
[M8P] rect cmd=40f3 pixcntl=000 cur=110,0
[M8P] rect cmd=40f3 pixcntl=000 cur=111,0
[M8P] rect cmd=40f3 pixcntl=000 cur=112,0
[M8P] rect cmd=40f3 pixcntl=000 cur=113,0
[M8P] rect cmd=40f3 pixcntl=000 cur=114,0
[M8P] rect cmd=40f3 pixcntl=000 cur=115,0
[M8P] rect cmd=40f3 pixcntl=000 cur=116,0
[M8P] rect cmd=40f3 pixcntl=000 cur=117,0
[M8P] rect cmd=40f3 pixcntl=000 cur=118,0
[M8P] rect cmd=40f3 pixcntl=000 cur=119,0
[M8P] rect cmd=40f3 pixcntl=000 cur=120,0
[M8P] rect cmd=40f3 pixcntl=000 cur=121,0
[M8P] rect cmd=40f3 pixcntl=000 cur=122,0
[M8P] rect cmd=40f3 pixcntl=000 cur=123,0
[M8P] rect cmd=40f3 pixcntl=000 cur=124,0
[M8P] rect cmd=40f3 pixcntl=000 cur=125,0
[M8P] rect cmd=40f3 pixcntl=000 cur=126,0
[M8P] rect cmd=40f3 pixcntl=000 cur=127,0
[M8P] rect cmd=40f3 pixcntl=000 cur=128,0
[M8P] rect cmd=40f3 pixcntl=000 cur=129,0
[M8P] rect cmd=40f3 pixcntl=000 cur=130,0
[M8P] rect cmd=40f3 pixcntl=000 cur=131,0
[M8P] rect cmd=40f3 pixcntl=000 cur=132,0
[M8P] rect cmd=40f3 pixcntl=000 cur=133,0
[M8P] rect cmd=40f3 pixcntl=000 cur=134,0
[M8P] rect cmd=40f3 pixcntl=000 cur=135,0
[M8P] rect cmd=40f3 pixcntl=000 cur=136,0
[M8P] rect cmd=40f3 pixcntl=000 cur=137,0
[M8P] rect cmd=40f3 pixcntl=000 cur=138,0
[M8P] rect cmd=40f3 pixcntl=000 cur=139,0
[M8P] rect cmd=40f3 pixcntl=000 cur=140,0
[M8P] rect cmd=40f3 pixcntl=000 cur=141,0
[M8P] rect cmd=40f3 pixcntl=000 cur=142,0
[M8P] rect cmd=40f3 pixcntl=000 cur=143,0
[M8P] rect cmd=40f3 pixcntl=000 cur=144,0
[M8P] rect cmd=40f3 pixcntl=000 cur=145,0
[M8P] rect cmd=40f3 pixcntl=000 cur=146,0
[M8P] rect cmd=40f3 pixcntl=000 cur=147,0
[M8P] rect cmd=40f3 pixcntl=000 cur=148,0
[M8P] rect cmd=40f3 pixcntl=000 cur=149,0
[M8P] rect cmd=40f3 pixcntl=000 cur=150,0
[M8P] rect cmd=40f3 pixcntl=000 cur=151,0
[M8P] rect cmd=40f3 pixcntl=000 cur=152,0
[M8P] rect cmd=40f3 pixcntl=000 cur=153,0
[M8P] rect cmd=40f3 pixcntl=000 cur=154,0
[M8P] rect cmd=40f3 pixcntl=000 cur=155,0
[M8P] rect cmd=40f3 pixcntl=000 cur=156,0
[M8P] rect cmd=40f3 pixcntl=000 cur=157,0
[M8P] rect cmd=40f3 pixcntl=000 cur=158,0
[M8P] rect cmd=40f3 pixcntl=000 cur=159,0
[M8P] rect cmd=40f3 pixcntl=000 cur=160,0
[M8P] rect cmd=40f3 pixcntl=000 cur=161,0
[M8P] rect cmd=40f3 pixcntl=000 cur=162,0
[M8P] rect cmd=40f3 pixcntl=000 cur=163,0
[M8P] rect cmd=40f3 pixcntl=000 cur=164,0
[M8P] rect cmd=40f3 pixcntl=000 cur=165,0
[M8P] rect cmd=40f3 pixcntl=000 cur=166,0
[M8P] rect cmd=40f3 pixcntl=000 cur=167,0
[M8P] rect cmd=40f3 pixcntl=000 cur=168,0
[M8P] rect cmd=40f3 pixcntl=000 cur=169,0
[M8P] rect cmd=40f3 pixcntl=000 cur=170,0
[M8P] rect cmd=40f3 pixcntl=000 cur=171,0
[M8P] rect cmd=40f3 pixcntl=000 cur=172,0
[M8P] rect cmd=40f3 pixcntl=000 cur=173,0
[M8P] rect cmd=40f3 pixcntl=000 cur=174,0
[M8P] rect cmd=40f3 pixcntl=000 cur=175,0
[M8P] rect cmd=40f3 pixcntl=000 cur=176,0
[M8P] rect cmd=40f3 pixcntl=000 cur=177,0
[M8P] rect cmd=40f3 pixcntl=000 cur=178,0
[M8P] rect cmd=40f3 pixcntl=000 cur=179,0
[M8P] rect cmd=40f3 pixcntl=000 cur=180,0
[M8P] rect cmd=40f3 pixcntl=000 cur=181,0
[M8P] rect cmd=40f3 pixcntl=000 cur=182,0
[M8P] rect cmd=40f3 pixcntl=000 cur=183,0
[M8P] rect cmd=40f3 pixcntl=000 cur=184,0
[M8P] rect cmd=40f3 pixcntl=000 cur=185,0
[M8P] rect cmd=40f3 pixcntl=000 cur=186,0
[M8P] rect cmd=40f3 pixcntl=000 cur=187,0
[M8P] rect cmd=40f3 pixcntl=000 cur=188,0
[M8P] rect cmd=40f3 pixcntl=000 cur=189,0
[M8P] rect cmd=40f3 pixcntl=000 cur=190,0
[M8P] rect cmd=40f3 pixcntl=000 cur=191,0
[M8P] rect cmd=40f3 pixcntl=000 cur=192,0
[M8P] rect cmd=40f3 pixcntl=000 cur=193,0
[M8P] rect cmd=40f3 pixcntl=000 cur=194,0
[M8P] rect cmd=40f3 pixcntl=000 cur=195,0
[M8P] rect cmd=40f3 pixcntl=000 cur=196,0
[M8P] rect cmd=40f3 pixcntl=000 cur=197,0
[M8P] rect cmd=40f3 pixcntl=000 cur=198,0
[M8P] rect cmd=40f3 pixcntl=000 cur=199,0
[M8P] rect cmd=40f3 pixcntl=000 cur=200,0
[M8P] rect cmd=40f3 pixcntl=000 cur=201,0
[M8P] rect cmd=40f3 pixcntl=000 cur=202,0
[M8P] rect cmd=40f3 pixcntl=000 cur=203,0
[M8P] rect cmd=40f3 pixcntl=000 cur=204,0
[M8P] rect cmd=40f3 pixcntl=000 cur=205,0
[M8P] rect cmd=40f3 pixcntl=000 cur=206,0
[M8P] rect cmd=40f3 pixcntl=000 cur=207,0
[M8P] rect cmd=40f3 pixcntl=000 cur=208,0
[M8P] rect cmd=40f3 pixcntl=000 cur=209,0
[M8P] rect cmd=40f3 pixcntl=000 cur=210,0
[M8P] rect cmd=40f3 pixcntl=000 cur=211,0
[M8P] rect cmd=40f3 pixcntl=000 cur=212,0
[M8P] rect cmd=40f3 pixcntl=000 cur=213,0
[M8P] rect cmd=40f3 pixcntl=000 cur=214,0
[M8P] rect cmd=40f3 pixcntl=000 cur=215,0
[M8P] rect cmd=40f3 pixcntl=000 cur=216,0
[M8P] rect cmd=40f3 pixcntl=000 cur=217,0
[M8P] rect cmd=40f3 pixcntl=000 cur=218,0
[M8P] rect cmd=40f3 pixcntl=000 cur=219,0
[M8P] rect cmd=40f3 pixcntl=000 cur=220,0
[M8P] rect cmd=40f3 pixcntl=000 cur=221,0
[M8P] rect cmd=40f3 pixcntl=000 cur=222,0
[M8P] rect cmd=40f3 pixcntl=000 cur=223,0
[M8P] rect cmd=40f3 pixcntl=000 cur=224,0
[M8P] rect cmd=40f3 pixcntl=000 cur=225,0
[M8P] rect cmd=40f3 pixcntl=000 cur=226,0
[M8P] rect cmd=40f3 pixcntl=000 cur=227,0
[M8P] rect cmd=40f3 pixcntl=000 cur=228,0
[M8P] rect cmd=40f3 pixcntl=000 cur=229,0
[M8P] rect cmd=40f3 pixcntl=000 cur=230,0
[M8P] rect cmd=40f3 pixcntl=000 cur=231,0
[M8P] rect cmd=40f3 pixcntl=000 cur=232,0
[M8P] rect cmd=40f3 pixcntl=000 cur=233,0
[M8P] rect cmd=40f3 pixcntl=000 cur=234,0
[M8P] rect cmd=40f3 pixcntl=000 cur=235,0
[M8P] rect cmd=40f3 pixcntl=000 cur=236,0
[M8P] rect cmd=40f3 pixcntl=000 cur=237,0
[M8P] rect cmd=40f3 pixcntl=000 cur=238,0
[M8P] rect cmd=40f3 pixcntl=000 cur=239,0
[M8P] rect cmd=40f3 pixcntl=000 cur=240,0
[M8P] rect cmd=40f3 pixcntl=000 cur=241,0
[M8P] rect cmd=40f3 pixcntl=000 cur=242,0
[M8P] rect cmd=40f3 pixcntl=000 cur=243,0
[M8P] rect cmd=40f3 pixcntl=000 cur=244,0
[M8P] rect cmd=40f3 pixcntl=000 cur=245,0
[M8P] rect cmd=40f3 pixcntl=000 cur=246,0
[M8P] rect cmd=40f3 pixcntl=000 cur=247,0
[M8P] rect cmd=40f3 pixcntl=000 cur=248,0
[M8P] rect cmd=40f3 pixcntl=000 cur=249,0
[M8P] rect cmd=40f3 pixcntl=000 cur=250,0
[M8P] rect cmd=40f3 pixcntl=000 cur=251,0
[M8P] rect cmd=40f3 pixcntl=000 cur=252,0
[M8P] rect cmd=40f3 pixcntl=000 cur=253,0
[M8P] rect cmd=40f3 pixcntl=000 cur=254,0
[M8P] rect cmd=40f3 pixcntl=000 cur=255,0
[M8P] rect cmd=40f3 pixcntl=000 cur=0,0
[M8P] rect cmd=53b0 pixcntl=000 cur=0,0
[M8P] rect cmd=40f3 pixcntl=000 cur=0,0
[M8P] rect cmd=40f3 pixcntl=000 cur=1,0
[M8P] rect cmd=40f3 pixcntl=000 cur=2,0
[M8P] rect cmd=40f3 pixcntl=000 cur=3,0
[M8P] rect cmd=40f3 pixcntl=000 cur=4,0
[M8P] rect cmd=40f3 pixcntl=000 cur=5,0
[M8P] rect cmd=40f3 pixcntl=000 cur=6,0
[M8P] rect cmd=40f3 pixcntl=000 cur=7,0
[M8P] rect cmd=40f3 pixcntl=000 cur=8,0
[M8P] rect cmd=40f3 pixcntl=000 cur=9,0
[M8P] rect cmd=40f3 pixcntl=000 cur=10,0
[M8P] rect cmd=40f3 pixcntl=000 cur=11,0
[M8P] rect cmd=40f3 pixcntl=000 cur=12,0
[M8P] rect cmd=40f3 pixcntl=000 cur=13,0
[M8P] rect cmd=40f3 pixcntl=000 cur=14,0
[M8P] rect cmd=40f3 pixcntl=000 cur=15,0
[M8P] rect cmd=40f3 pixcntl=000 cur=16,0
[M8P] rect cmd=40f3 pixcntl=000 cur=17,0
[M8P] rect cmd=40f3 pixcntl=000 cur=18,0
[M8P] rect cmd=40f3 pixcntl=000 cur=19,0
[M8P] rect cmd=40f3 pixcntl=000 cur=20,0
[M8P] rect cmd=40f3 pixcntl=000 cur=21,0
[M8P] rect cmd=40f3 pixcntl=000 cur=22,0
[M8P] rect cmd=40f3 pixcntl=000 cur=23,0
[M8P] rect cmd=40f3 pixcntl=000 cur=24,0
[M8P] rect cmd=40f3 pixcntl=000 cur=25,0
[M8P] rect cmd=40f3 pixcntl=000 cur=26,0
[M8P] rect cmd=40f3 pixcntl=000 cur=27,0
[M8P] rect cmd=40f3 pixcntl=000 cur=28,0
[M8P] rect cmd=40f3 pixcntl=000 cur=29,0
[M8P] rect cmd=40f3 pixcntl=000 cur=30,0
[M8P] rect cmd=40f3 pixcntl=000 cur=31,0
[M8P] rect cmd=40f3 pixcntl=000 cur=32,0
[M8P] rect cmd=40f3 pixcntl=000 cur=33,0
[M8P] rect cmd=40f3 pixcntl=000 cur=34,0
[M8P] rect cmd=40f3 pixcntl=000 cur=35,0
[M8P] rect cmd=40f3 pixcntl=000 cur=36,0
[M8P] rect cmd=40f3 pixcntl=000 cur=37,0
[M8P] rect cmd=40f3 pixcntl=000 cur=38,0
[M8P] rect cmd=40f3 pixcntl=000 cur=39,0
[M8P] rect cmd=40f3 pixcntl=000 cur=40,0
[M8P] rect cmd=40f3 pixcntl=000 cur=41,0
[M8P] rect cmd=40f3 pixcntl=000 cur=42,0
[M8P] rect cmd=40f3 pixcntl=000 cur=43,0
[M8P] rect cmd=40f3 pixcntl=000 cur=44,0
[M8P] rect cmd=40f3 pixcntl=000 cur=45,0
[M8P] rect cmd=40f3 pixcntl=000 cur=46,0
[M8P] rect cmd=40f3 pixcntl=000 cur=47,0
[M8P] rect cmd=40f3 pixcntl=000 cur=48,0
[M8P] rect cmd=40f3 pixcntl=000 cur=49,0
[M8P] rect cmd=40f3 pixcntl=000 cur=50,0
[M8P] rect cmd=40f3 pixcntl=000 cur=51,0
[M8P] rect cmd=40f3 pixcntl=000 cur=52,0
[M8P] rect cmd=40f3 pixcntl=000 cur=53,0
[M8P] rect cmd=40f3 pixcntl=000 cur=54,0
[M8P] rect cmd=40f3 pixcntl=000 cur=55,0
[M8P] rect cmd=40f3 pixcntl=000 cur=56,0
[M8P] rect cmd=40f3 pixcntl=000 cur=57,0
[M8P] rect cmd=40f3 pixcntl=000 cur=58,0
[M8P] rect cmd=40f3 pixcntl=000 cur=59,0
[M8P] rect cmd=40f3 pixcntl=000 cur=60,0
[M8P] rect cmd=40f3 pixcntl=000 cur=61,0
[M8P] rect cmd=40f3 pixcntl=000 cur=62,0
[M8P] rect cmd=40f3 pixcntl=000 cur=63,0
[M8P] rect cmd=40f3 pixcntl=000 cur=64,0
[M8P] rect cmd=40f3 pixcntl=000 cur=65,0
[M8P] rect cmd=40f3 pixcntl=000 cur=66,0
[M8P] rect cmd=40f3 pixcntl=000 cur=67,0
[M8P] rect cmd=40f3 pixcntl=000 cur=68,0
[M8P] rect cmd=40f3 pixcntl=000 cur=69,0
[M8P] rect cmd=40f3 pixcntl=000 cur=70,0
[M8P] rect cmd=40f3 pixcntl=000 cur=71,0
[M8P] rect cmd=40f3 pixcntl=000 cur=72,0
[M8P] rect cmd=40f3 pixcntl=000 cur=73,0
[M8P] rect cmd=40f3 pixcntl=000 cur=74,0
[M8P] rect cmd=40f3 pixcntl=000 cur=75,0
[M8P] rect cmd=40f3 pixcntl=000 cur=76,0
[M8P] rect cmd=40f3 pixcntl=000 cur=77,0
[M8P] rect cmd=40f3 pixcntl=000 cur=78,0
[M8P] rect cmd=40f3 pixcntl=000 cur=79,0
[M8P] rect cmd=40f3 pixcntl=000 cur=80,0
[M8P] rect cmd=40f3 pixcntl=000 cur=81,0
[M8P] rect cmd=40f3 pixcntl=000 cur=82,0
[M8P] rect cmd=40f3 pixcntl=000 cur=83,0
[M8P] rect cmd=40f3 pixcntl=000 cur=84,0
[M8P] rect cmd=40f3 pixcntl=000 cur=85,0
[M8P] rect cmd=40f3 pixcntl=000 cur=86,0
[M8P] rect cmd=40f3 pixcntl=000 cur=87,0
[M8P] rect cmd=40f3 pixcntl=000 cur=88,0
[M8P] rect cmd=40f3 pixcntl=000 cur=89,0
[M8P] rect cmd=40f3 pixcntl=000 cur=90,0
[M8P] rect cmd=40f3 pixcntl=000 cur=91,0
[M8P] rect cmd=40f3 pixcntl=000 cur=92,0
[M8P] rect cmd=40f3 pixcntl=000 cur=93,0
[M8P] rect cmd=40f3 pixcntl=000 cur=94,0
[M8P] rect cmd=40f3 pixcntl=000 cur=95,0
[M8P] rect cmd=40f3 pixcntl=000 cur=96,0
[M8P] rect cmd=40f3 pixcntl=000 cur=97,0
[M8P] rect cmd=40f3 pixcntl=000 cur=98,0
[M8P] rect cmd=40f3 pixcntl=000 cur=99,0
[M8P] rect cmd=40f3 pixcntl=000 cur=100,0
[M8P] rect cmd=40f3 pixcntl=000 cur=101,0
[M8P] rect cmd=40f3 pixcntl=000 cur=102,0
[M8P] rect cmd=40f3 pixcntl=000 cur=103,0
[M8P] rect cmd=40f3 pixcntl=000 cur=104,0
[M8P] rect cmd=40f3 pixcntl=000 cur=105,0
[M8P] rect cmd=40f3 pixcntl=000 cur=106,0
[M8P] rect cmd=40f3 pixcntl=000 cur=107,0
[M8P] rect cmd=40f3 pixcntl=000 cur=108,0
[M8P] rect cmd=40f3 pixcntl=000 cur=109,0
[M8P] rect cmd=40f3 pixcntl=000 cur=110,0
[M8P] rect cmd=40f3 pixcntl=000 cur=111,0
[M8P] rect cmd=40f3 pixcntl=000 cur=112,0
[M8P] rect cmd=40f3 pixcntl=000 cur=113,0
[M8P] rect cmd=40f3 pixcntl=000 cur=114,0
[M8P] rect cmd=40f3 pixcntl=000 cur=115,0
[M8P] rect cmd=40f3 pixcntl=000 cur=116,0
[M8P] rect cmd=40f3 pixcntl=000 cur=117,0
[M8P] rect cmd=40f3 pixcntl=000 cur=118,0
[M8P] rect cmd=40f3 pixcntl=000 cur=119,0
[M8P] rect cmd=40f3 pixcntl=000 cur=120,0
[M8P] rect cmd=40f3 pixcntl=000 cur=121,0
[M8P] rect cmd=40f3 pixcntl=000 cur=122,0
[M8P] rect cmd=40f3 pixcntl=000 cur=123,0
[M8P] rect cmd=40f3 pixcntl=000 cur=124,0
[M8P] rect cmd=40f3 pixcntl=000 cur=125,0
[M8P] rect cmd=40f3 pixcntl=000 cur=126,0
[M8P] rect cmd=40f3 pixcntl=000 cur=127,0
[M8P] rect cmd=40f3 pixcntl=000 cur=128,0
[M8P] rect cmd=40f3 pixcntl=000 cur=129,0
[M8P] rect cmd=40f3 pixcntl=000 cur=130,0
[M8P] rect cmd=40f3 pixcntl=000 cur=131,0
[M8P] rect cmd=40f3 pixcntl=000 cur=132,0
[M8P] rect cmd=40f3 pixcntl=000 cur=133,0
[M8P] rect cmd=40f3 pixcntl=000 cur=134,0
[M8P] rect cmd=40f3 pixcntl=000 cur=135,0
[M8P] rect cmd=40f3 pixcntl=000 cur=136,0
[M8P] rect cmd=40f3 pixcntl=000 cur=137,0
[M8P] rect cmd=40f3 pixcntl=000 cur=138,0
[M8P] rect cmd=40f3 pixcntl=000 cur=139,0
[M8P] rect cmd=40f3 pixcntl=000 cur=140,0
[M8P] rect cmd=40f3 pixcntl=000 cur=141,0
[M8P] rect cmd=40f3 pixcntl=000 cur=142,0
[M8P] rect cmd=40f3 pixcntl=000 cur=143,0
[M8P] rect cmd=40f3 pixcntl=000 cur=144,0
[M8P] rect cmd=40f3 pixcntl=000 cur=145,0
[M8P] rect cmd=40f3 pixcntl=000 cur=146,0
[M8P] rect cmd=40f3 pixcntl=000 cur=147,0
[M8P] rect cmd=40f3 pixcntl=000 cur=148,0
[M8P] rect cmd=40f3 pixcntl=000 cur=149,0
[M8P] rect cmd=40f3 pixcntl=000 cur=150,0
[M8P] rect cmd=40f3 pixcntl=000 cur=151,0
[M8P] rect cmd=40f3 pixcntl=000 cur=152,0
[M8P] rect cmd=40f3 pixcntl=000 cur=153,0
[M8P] rect cmd=40f3 pixcntl=000 cur=154,0
[M8P] rect cmd=40f3 pixcntl=000 cur=155,0
[M8P] rect cmd=40f3 pixcntl=000 cur=156,0
[M8P] rect cmd=40f3 pixcntl=000 cur=157,0
[M8P] rect cmd=40f3 pixcntl=000 cur=158,0
[M8P] rect cmd=40f3 pixcntl=000 cur=159,0
[M8P] rect cmd=40f3 pixcntl=000 cur=160,0
[M8P] rect cmd=40f3 pixcntl=000 cur=161,0
[M8P] rect cmd=40f3 pixcntl=000 cur=162,0
[M8P] rect cmd=40f3 pixcntl=000 cur=163,0
[M8P] rect cmd=40f3 pixcntl=000 cur=164,0
[M8P] rect cmd=40f3 pixcntl=000 cur=165,0
[M8P] rect cmd=40f3 pixcntl=000 cur=166,0
[M8P] rect cmd=40f3 pixcntl=000 cur=167,0
[M8P] rect cmd=40f3 pixcntl=000 cur=168,0
[M8P] rect cmd=40f3 pixcntl=000 cur=169,0
[M8P] rect cmd=40f3 pixcntl=000 cur=170,0
[M8P] rect cmd=40f3 pixcntl=000 cur=171,0
[M8P] rect cmd=40f3 pixcntl=000 cur=172,0
[M8P] rect cmd=40f3 pixcntl=000 cur=173,0
[M8P] rect cmd=40f3 pixcntl=000 cur=174,0
[M8P] rect cmd=40f3 pixcntl=000 cur=175,0
[M8P] rect cmd=40f3 pixcntl=000 cur=176,0
[M8P] rect cmd=40f3 pixcntl=000 cur=177,0
[M8P] rect cmd=40f3 pixcntl=000 cur=178,0
[M8P] rect cmd=40f3 pixcntl=000 cur=179,0
[M8P] rect cmd=40f3 pixcntl=000 cur=180,0
[M8P] rect cmd=40f3 pixcntl=000 cur=181,0
[M8P] rect cmd=40f3 pixcntl=000 cur=182,0
[M8P] rect cmd=40f3 pixcntl=000 cur=183,0
[M8P] rect cmd=40f3 pixcntl=000 cur=184,0
[M8P] rect cmd=40f3 pixcntl=000 cur=185,0
[M8P] rect cmd=40f3 pixcntl=000 cur=186,0
[M8P] rect cmd=40f3 pixcntl=000 cur=187,0
[M8P] rect cmd=40f3 pixcntl=000 cur=188,0
[M8P] rect cmd=40f3 pixcntl=000 cur=189,0
[M8P] rect cmd=40f3 pixcntl=000 cur=190,0
[M8P] rect cmd=40f3 pixcntl=000 cur=191,0
[M8P] rect cmd=40f3 pixcntl=000 cur=192,0
[M8P] rect cmd=40f3 pixcntl=000 cur=193,0
[M8P] rect cmd=40f3 pixcntl=000 cur=194,0
[M8P] rect cmd=40f3 pixcntl=000 cur=195,0
[M8P] rect cmd=40f3 pixcntl=000 cur=196,0
[M8P] rect cmd=40f3 pixcntl=000 cur=197,0
[M8P] rect cmd=40f3 pixcntl=000 cur=198,0
[M8P] rect cmd=40f3 pixcntl=000 cur=199,0
[M8P] rect cmd=40f3 pixcntl=000 cur=200,0
[M8P] rect cmd=40f3 pixcntl=000 cur=201,0
[M8P] rect cmd=40f3 pixcntl=000 cur=202,0
[M8P] rect cmd=40f3 pixcntl=000 cur=203,0
[M8P] rect cmd=40f3 pixcntl=000 cur=204,0
[M8P] rect cmd=40f3 pixcntl=000 cur=205,0
[M8P] rect cmd=40f3 pixcntl=000 cur=206,0
[M8P] rect cmd=40f3 pixcntl=000 cur=207,0
[M8P] rect cmd=40f3 pixcntl=000 cur=208,0
[M8P] rect cmd=40f3 pixcntl=000 cur=209,0
[M8P] rect cmd=40f3 pixcntl=000 cur=210,0
[M8P] rect cmd=40f3 pixcntl=000 cur=211,0
[M8P] rect cmd=40f3 pixcntl=000 cur=212,0
[M8P] rect cmd=40f3 pixcntl=000 cur=213,0
[M8P] rect cmd=40f3 pixcntl=000 cur=214,0
[M8P] rect cmd=40f3 pixcntl=000 cur=215,0
[M8P] rect cmd=40f3 pixcntl=000 cur=216,0
[M8P] rect cmd=40f3 pixcntl=000 cur=217,0
[M8P] rect cmd=40f3 pixcntl=000 cur=218,0
[M8P] rect cmd=40f3 pixcntl=000 cur=219,0
[M8P] rect cmd=40f3 pixcntl=000 cur=220,0
[M8P] rect cmd=40f3 pixcntl=000 cur=221,0
[M8P] rect cmd=40f3 pixcntl=000 cur=222,0
[M8P] rect cmd=40f3 pixcntl=000 cur=223,0
[M8P] rect cmd=40f3 pixcntl=000 cur=224,0
[M8P] rect cmd=40f3 pixcntl=000 cur=225,0
[M8P] rect cmd=40f3 pixcntl=000 cur=226,0
[M8P] rect cmd=40f3 pixcntl=000 cur=227,0
[M8P] rect cmd=40f3 pixcntl=000 cur=228,0
[M8P] rect cmd=40f3 pixcntl=000 cur=229,0
[M8P] rect cmd=40f3 pixcntl=000 cur=230,0
[M8P] rect cmd=40f3 pixcntl=000 cur=231,0
[M8P] rect cmd=40f3 pixcntl=000 cur=232,0
[M8P] rect cmd=40f3 pixcntl=000 cur=233,0
[M8P] rect cmd=40f3 pixcntl=000 cur=234,0
[M8P] rect cmd=40f3 pixcntl=000 cur=235,0
[M8P] rect cmd=40f3 pixcntl=000 cur=236,0
[M8P] rect cmd=40f3 pixcntl=000 cur=237,0
[M8P] rect cmd=40f3 pixcntl=000 cur=238,0
[M8P] rect cmd=40f3 pixcntl=000 cur=239,0
[M8P] rect cmd=40f3 pixcntl=000 cur=240,0
[M8P] rect cmd=40f3 pixcntl=000 cur=241,0
[M8P] rect cmd=40f3 pixcntl=000 cur=242,0
[M8P] rect cmd=40f3 pixcntl=000 cur=243,0
[M8P] rect cmd=40f3 pixcntl=000 cur=244,0
[M8P] rect cmd=40f3 pixcntl=000 cur=245,0
[M8P] rect cmd=40f3 pixcntl=000 cur=246,0
[M8P] rect cmd=40f3 pixcntl=000 cur=247,0
[M8P] rect cmd=40f3 pixcntl=000 cur=248,0
[M8P] rect cmd=40f3 pixcntl=000 cur=249,0
[M8P] rect cmd=40f3 pixcntl=000 cur=250,0
[M8P] rect cmd=40f3 pixcntl=000 cur=251,0
[M8P] rect cmd=40f3 pixcntl=000 cur=252,0
[M8P] rect cmd=40f3 pixcntl=000 cur=253,0
[M8P] rect cmd=40f3 pixcntl=000 cur=254,0
[M8P] rect cmd=40f3 pixcntl=000 cur=255,0
[M8P] rect cmd=40f3 pixcntl=000 cur=0,0
[M8P] rect cmd=53b0 pixcntl=000 cur=0,0
[M8P] rect cmd=40f3 pixcntl=000 cur=0,0
[M8P] rect cmd=40f3 pixcntl=000 cur=1,0
[M8P] rect cmd=40f3 pixcntl=000 cur=2,0
[M8P] rect cmd=40f3 pixcntl=000 cur=3,0
[M8P] rect cmd=40f3 pixcntl=000 cur=4,0
[M8P] rect cmd=40f3 pixcntl=000 cur=5,0
[M8P] rect cmd=40f3 pixcntl=000 cur=6,0
[M8P] rect cmd=40f3 pixcntl=000 cur=7,0
[M8P] rect cmd=40f3 pixcntl=000 cur=8,0
[M8P] rect cmd=40f3 pixcntl=000 cur=9,0
[M8P] rect cmd=40f3 pixcntl=000 cur=10,0
[M8P] rect cmd=40f3 pixcntl=000 cur=11,0
[M8P] rect cmd=40f3 pixcntl=000 cur=12,0
[M8P] rect cmd=40f3 pixcntl=000 cur=13,0
[M8P] rect cmd=40f3 pixcntl=000 cur=14,0
[M8P] rect cmd=40f3 pixcntl=000 cur=15,0
[M8P] rect cmd=40f3 pixcntl=000 cur=16,0
[M8P] rect cmd=40f3 pixcntl=000 cur=17,0
[M8P] rect cmd=40f3 pixcntl=000 cur=18,0
[M8P] rect cmd=40f3 pixcntl=000 cur=19,0
[M8P] rect cmd=40f3 pixcntl=000 cur=20,0
[M8P] rect cmd=40f3 pixcntl=000 cur=21,0
[M8P] rect cmd=40f3 pixcntl=000 cur=22,0
[M8P] rect cmd=40f3 pixcntl=000 cur=23,0
[M8P] rect cmd=40f3 pixcntl=000 cur=24,0
[M8P] rect cmd=40f3 pixcntl=000 cur=25,0
[M8P] rect cmd=40f3 pixcntl=000 cur=26,0
[M8P] rect cmd=40f3 pixcntl=000 cur=27,0
[M8P] rect cmd=40f3 pixcntl=000 cur=28,0
[M8P] rect cmd=40f3 pixcntl=000 cur=29,0
[M8P] rect cmd=40f3 pixcntl=000 cur=30,0
[M8P] rect cmd=40f3 pixcntl=000 cur=31,0
[M8P] rect cmd=40f3 pixcntl=000 cur=32,0
[M8P] rect cmd=40f3 pixcntl=000 cur=33,0
[M8P] rect cmd=40f3 pixcntl=000 cur=34,0
[M8P] rect cmd=40f3 pixcntl=000 cur=35,0
[M8P] rect cmd=40f3 pixcntl=000 cur=36,0
[M8P] rect cmd=40f3 pixcntl=000 cur=37,0
[M8P] rect cmd=40f3 pixcntl=000 cur=38,0
[M8P] rect cmd=40f3 pixcntl=000 cur=39,0
[M8P] rect cmd=40f3 pixcntl=000 cur=40,0
[M8P] rect cmd=40f3 pixcntl=000 cur=41,0
[M8P] rect cmd=40f3 pixcntl=000 cur=42,0
[M8P] rect cmd=40f3 pixcntl=000 cur=43,0
[M8P] rect cmd=40f3 pixcntl=000 cur=44,0
[M8P] rect cmd=40f3 pixcntl=000 cur=45,0
[M8P] rect cmd=40f3 pixcntl=000 cur=46,0
[M8P] rect cmd=40f3 pixcntl=000 cur=47,0
[M8P] rect cmd=40f3 pixcntl=000 cur=48,0
[M8P] rect cmd=40f3 pixcntl=000 cur=49,0
[M8P] rect cmd=40f3 pixcntl=000 cur=50,0
[M8P] rect cmd=40f3 pixcntl=000 cur=51,0
[M8P] rect cmd=40f3 pixcntl=000 cur=52,0
[M8P] rect cmd=40f3 pixcntl=000 cur=53,0
[M8P] rect cmd=40f3 pixcntl=000 cur=54,0
[M8P] rect cmd=40f3 pixcntl=000 cur=55,0
[M8P] rect cmd=40f3 pixcntl=000 cur=56,0
[M8P] rect cmd=40f3 pixcntl=000 cur=57,0
[M8P] rect cmd=40f3 pixcntl=000 cur=58,0
[M8P] rect cmd=40f3 pixcntl=000 cur=59,0
[M8P] rect cmd=40f3 pixcntl=000 cur=60,0
[M8P] rect cmd=40f3 pixcntl=000 cur=61,0
[M8P] rect cmd=40f3 pixcntl=000 cur=62,0
[M8P] rect cmd=40f3 pixcntl=000 cur=63,0
[M8P] rect cmd=40f3 pixcntl=000 cur=64,0
[M8P] rect cmd=40f3 pixcntl=000 cur=65,0
[M8P] rect cmd=40f3 pixcntl=000 cur=66,0
[M8P] rect cmd=40f3 pixcntl=000 cur=67,0
[M8P] rect cmd=40f3 pixcntl=000 cur=68,0
[M8P] rect cmd=40f3 pixcntl=000 cur=69,0
[M8P] rect cmd=40f3 pixcntl=000 cur=70,0
[M8P] rect cmd=40f3 pixcntl=000 cur=71,0
[M8P] rect cmd=40f3 pixcntl=000 cur=72,0
[M8P] rect cmd=40f3 pixcntl=000 cur=73,0
[M8P] rect cmd=40f3 pixcntl=000 cur=74,0
[M8P] rect cmd=40f3 pixcntl=000 cur=75,0
[M8P] rect cmd=40f3 pixcntl=000 cur=76,0
[M8P] rect cmd=40f3 pixcntl=000 cur=77,0
[M8P] rect cmd=40f3 pixcntl=000 cur=78,0
[M8P] rect cmd=40f3 pixcntl=000 cur=79,0
[M8P] rect cmd=40f3 pixcntl=000 cur=80,0
[M8P] rect cmd=40f3 pixcntl=000 cur=81,0
[M8P] rect cmd=40f3 pixcntl=000 cur=82,0
[M8P] rect cmd=40f3 pixcntl=000 cur=83,0
[M8P] rect cmd=40f3 pixcntl=000 cur=84,0
[M8P] rect cmd=40f3 pixcntl=000 cur=85,0
[M8P] rect cmd=40f3 pixcntl=000 cur=86,0
[M8P] rect cmd=40f3 pixcntl=000 cur=87,0
[M8P] rect cmd=40f3 pixcntl=000 cur=88,0
[M8P] rect cmd=40f3 pixcntl=000 cur=89,0
[M8P] rect cmd=40f3 pixcntl=000 cur=90,0
[M8P] rect cmd=40f3 pixcntl=000 cur=91,0
[M8P] rect cmd=40f3 pixcntl=000 cur=92,0
[M8P] rect cmd=40f3 pixcntl=000 cur=93,0
[M8P] rect cmd=40f3 pixcntl=000 cur=94,0
[M8P] rect cmd=40f3 pixcntl=000 cur=95,0
[M8P] rect cmd=40f3 pixcntl=000 cur=96,0
[M8P] rect cmd=40f3 pixcntl=000 cur=97,0
[M8P] rect cmd=40f3 pixcntl=000 cur=98,0
[M8P] rect cmd=40f3 pixcntl=000 cur=99,0
[M8P] rect cmd=40f3 pixcntl=000 cur=100,0
[M8P] rect cmd=40f3 pixcntl=000 cur=101,0
[M8P] rect cmd=40f3 pixcntl=000 cur=102,0
[M8P] rect cmd=40f3 pixcntl=000 cur=103,0
[M8P] rect cmd=40f3 pixcntl=000 cur=104,0
[M8P] rect cmd=40f3 pixcntl=000 cur=105,0
[M8P] rect cmd=40f3 pixcntl=000 cur=106,0
[M8P] rect cmd=40f3 pixcntl=000 cur=107,0
[M8P] rect cmd=40f3 pixcntl=000 cur=108,0
[M8P] rect cmd=40f3 pixcntl=000 cur=109,0
[M8P] rect cmd=40f3 pixcntl=000 cur=110,0
[M8P] rect cmd=40f3 pixcntl=000 cur=111,0
[M8P] rect cmd=40f3 pixcntl=000 cur=112,0
[M8P] rect cmd=40f3 pixcntl=000 cur=113,0
[M8P] rect cmd=40f3 pixcntl=000 cur=114,0
[M8P] rect cmd=40f3 pixcntl=000 cur=115,0
[M8P] rect cmd=40f3 pixcntl=000 cur=116,0
[M8P] rect cmd=40f3 pixcntl=000 cur=117,0
[M8P] rect cmd=40f3 pixcntl=000 cur=118,0
[M8P] rect cmd=40f3 pixcntl=000 cur=119,0
[M8P] rect cmd=40f3 pixcntl=000 cur=120,0
[M8P] rect cmd=40f3 pixcntl=000 cur=121,0
[M8P] rect cmd=40f3 pixcntl=000 cur=122,0
[M8P] rect cmd=40f3 pixcntl=000 cur=123,0
[M8P] rect cmd=40f3 pixcntl=000 cur=124,0
[M8P] rect cmd=40f3 pixcntl=000 cur=125,0
[M8P] rect cmd=40f3 pixcntl=000 cur=126,0
[M8P] rect cmd=40f3 pixcntl=000 cur=127,0
[M8P] rect cmd=40f3 pixcntl=000 cur=128,0
[M8P] rect cmd=40f3 pixcntl=000 cur=129,0
[M8P] rect cmd=40f3 pixcntl=000 cur=130,0
[M8P] rect cmd=40f3 pixcntl=000 cur=131,0
[M8P] rect cmd=40f3 pixcntl=000 cur=132,0
[M8P] rect cmd=40f3 pixcntl=000 cur=133,0
[M8P] rect cmd=40f3 pixcntl=000 cur=134,0
[M8P] rect cmd=40f3 pixcntl=000 cur=135,0
[M8P] rect cmd=40f3 pixcntl=000 cur=136,0
[M8P] rect cmd=40f3 pixcntl=000 cur=137,0
[M8P] rect cmd=40f3 pixcntl=000 cur=138,0
[M8P] rect cmd=40f3 pixcntl=000 cur=139,0
[M8P] rect cmd=40f3 pixcntl=000 cur=140,0
[M8P] rect cmd=40f3 pixcntl=000 cur=141,0
[M8P] rect cmd=40f3 pixcntl=000 cur=142,0
[M8P] rect cmd=40f3 pixcntl=000 cur=143,0
[M8P] rect cmd=40f3 pixcntl=000 cur=144,0
[M8P] rect cmd=40f3 pixcntl=000 cur=145,0
[M8P] rect cmd=40f3 pixcntl=000 cur=146,0
[M8P] rect cmd=40f3 pixcntl=000 cur=147,0
[M8P] rect cmd=40f3 pixcntl=000 cur=148,0
[M8P] rect cmd=40f3 pixcntl=000 cur=149,0
[M8P] rect cmd=40f3 pixcntl=000 cur=150,0
[M8P] rect cmd=40f3 pixcntl=000 cur=151,0
[M8P] rect cmd=40f3 pixcntl=000 cur=152,0
[M8P] rect cmd=40f3 pixcntl=000 cur=153,0
[M8P] rect cmd=40f3 pixcntl=000 cur=154,0
[M8P] rect cmd=40f3 pixcntl=000 cur=155,0
[M8P] rect cmd=40f3 pixcntl=000 cur=156,0
[M8P] rect cmd=40f3 pixcntl=000 cur=157,0
[M8P] rect cmd=40f3 pixcntl=000 cur=158,0
[M8P] rect cmd=40f3 pixcntl=000 cur=159,0
[M8P] rect cmd=40f3 pixcntl=000 cur=160,0
[M8P] rect cmd=40f3 pixcntl=000 cur=161,0
[M8P] rect cmd=40f3 pixcntl=000 cur=162,0
[M8P] rect cmd=40f3 pixcntl=000 cur=163,0
[M8P] rect cmd=40f3 pixcntl=000 cur=164,0
[M8P] rect cmd=40f3 pixcntl=000 cur=165,0
[M8P] rect cmd=40f3 pixcntl=000 cur=166,0
[M8P] rect cmd=40f3 pixcntl=000 cur=167,0
[M8P] rect cmd=40f3 pixcntl=000 cur=168,0
[M8P] rect cmd=40f3 pixcntl=000 cur=169,0
[M8P] rect cmd=40f3 pixcntl=000 cur=170,0
[M8P] rect cmd=40f3 pixcntl=000 cur=171,0
[M8P] rect cmd=40f3 pixcntl=000 cur=172,0
[M8P] rect cmd=40f3 pixcntl=000 cur=173,0
[M8P] rect cmd=40f3 pixcntl=000 cur=174,0
[M8P] rect cmd=40f3 pixcntl=000 cur=175,0
[M8P] rect cmd=40f3 pixcntl=000 cur=176,0
[M8P] rect cmd=40f3 pixcntl=000 cur=177,0
[M8P] rect cmd=40f3 pixcntl=000 cur=178,0
[M8P] rect cmd=40f3 pixcntl=000 cur=179,0
[M8P] rect cmd=40f3 pixcntl=000 cur=180,0
[M8P] rect cmd=40f3 pixcntl=000 cur=181,0
[M8P] rect cmd=40f3 pixcntl=000 cur=182,0
[M8P] rect cmd=40f3 pixcntl=000 cur=183,0
[M8P] rect cmd=40f3 pixcntl=000 cur=184,0
[M8P] rect cmd=40f3 pixcntl=000 cur=185,0
[M8P] rect cmd=40f3 pixcntl=000 cur=186,0
[M8P] rect cmd=40f3 pixcntl=000 cur=187,0
[M8P] rect cmd=40f3 pixcntl=000 cur=188,0
[M8P] rect cmd=40f3 pixcntl=000 cur=189,0
[M8P] rect cmd=40f3 pixcntl=000 cur=190,0
[M8P] rect cmd=40f3 pixcntl=000 cur=191,0
[M8P] rect cmd=40f3 pixcntl=000 cur=192,0
[M8P] rect cmd=40f3 pixcntl=000 cur=193,0
[M8P] rect cmd=40f3 pixcntl=000 cur=194,0
[M8P] rect cmd=40f3 pixcntl=000 cur=195,0
[M8P] rect cmd=40f3 pixcntl=000 cur=196,0
[M8P] rect cmd=40f3 pixcntl=000 cur=197,0
[M8P] rect cmd=40f3 pixcntl=000 cur=198,0
[M8P] rect cmd=40f3 pixcntl=000 cur=199,0
[M8P] rect cmd=40f3 pixcntl=000 cur=200,0
[M8P] rect cmd=40f3 pixcntl=000 cur=201,0
[M8P] rect cmd=40f3 pixcntl=000 cur=202,0
[M8P] rect cmd=40f3 pixcntl=000 cur=203,0
[M8P] rect cmd=40f3 pixcntl=000 cur=204,0
[M8P] rect cmd=40f3 pixcntl=000 cur=205,0
[M8P] rect cmd=40f3 pixcntl=000 cur=206,0
[M8P] rect cmd=40f3 pixcntl=000 cur=207,0
[M8P] rect cmd=40f3 pixcntl=000 cur=208,0
[M8P] rect cmd=40f3 pixcntl=000 cur=209,0
[M8P] rect cmd=40f3 pixcntl=000 cur=210,0
[M8P] rect cmd=40f3 pixcntl=000 cur=211,0
[M8P] rect cmd=40f3 pixcntl=000 cur=212,0
[M8P] rect cmd=40f3 pixcntl=000 cur=213,0
[M8P] rect cmd=40f3 pixcntl=000 cur=214,0
[M8P] rect cmd=40f3 pixcntl=000 cur=215,0
[M8P] rect cmd=40f3 pixcntl=000 cur=216,0
[M8P] rect cmd=40f3 pixcntl=000 cur=217,0
[M8P] rect cmd=40f3 pixcntl=000 cur=218,0
[M8P] rect cmd=40f3 pixcntl=000 cur=219,0
[M8P] rect cmd=40f3 pixcntl=000 cur=220,0
[M8P] rect cmd=40f3 pixcntl=000 cur=221,0
[M8P] rect cmd=40f3 pixcntl=000 cur=222,0
[M8P] rect cmd=40f3 pixcntl=000 cur=223,0
[M8P] rect cmd=40f3 pixcntl=000 cur=224,0
[M8P] rect cmd=40f3 pixcntl=000 cur=225,0
[M8P] rect cmd=40f3 pixcntl=000 cur=226,0
[M8P] rect cmd=40f3 pixcntl=000 cur=227,0
[M8P] rect cmd=40f3 pixcntl=000 cur=228,0
[M8P] rect cmd=40f3 pixcntl=000 cur=229,0
[M8P] rect cmd=40f3 pixcntl=000 cur=230,0
[M8P] rect cmd=40f3 pixcntl=000 cur=231,0
[M8P] rect cmd=40f3 pixcntl=000 cur=232,0
[M8P] rect cmd=40f3 pixcntl=000 cur=233,0
[M8P] rect cmd=40f3 pixcntl=000 cur=234,0
[M8P] rect cmd=40f3 pixcntl=000 cur=235,0
[M8P] rect cmd=40f3 pixcntl=000 cur=236,0
[M8P] rect cmd=40f3 pixcntl=000 cur=237,0
[M8P] rect cmd=40f3 pixcntl=000 cur=238,0
[M8P] rect cmd=40f3 pixcntl=000 cur=239,0
[M8P] rect cmd=40f3 pixcntl=000 cur=240,0
[M8P] rect cmd=40f3 pixcntl=000 cur=241,0
[M8P] rect cmd=40f3 pixcntl=000 cur=242,0
[M8P] rect cmd=40f3 pixcntl=000 cur=243,0
[M8P] rect cmd=40f3 pixcntl=000 cur=244,0
[M8P] rect cmd=40f3 pixcntl=000 cur=245,0
[M8P] rect cmd=40f3 pixcntl=000 cur=246,0
[M8P] rect cmd=40f3 pixcntl=000 cur=247,0
[M8P] rect cmd=40f3 pixcntl=000 cur=248,0
[M8P] rect cmd=40f3 pixcntl=000 cur=249,0
[M8P] rect cmd=40f3 pixcntl=000 cur=250,0
[M8P] rect cmd=40f3 pixcntl=000 cur=251,0
[M8P] rect cmd=40f3 pixcntl=000 cur=252,0
[M8P] rect cmd=40f3 pixcntl=000 cur=253,0
[M8P] rect cmd=40f3 pixcntl=000 cur=254,0
[M8P] rect cmd=40f3 pixcntl=000 cur=255,0
[M8P] rect cmd=40f3 pixcntl=000 cur=0,0
[M8P] rect cmd=53b0 pixcntl=000 cur=0,0
[M8P] rect cmd=40f3 pixcntl=000 cur=0,0
[M8P] rect cmd=40f3 pixcntl=000 cur=1,0
[M8P] rect cmd=40f3 pixcntl=000 cur=2,0
[M8P] rect cmd=40f3 pixcntl=000 cur=3,0
[M8P] rect cmd=40f3 pixcntl=000 cur=4,0
[M8P] rect cmd=40f3 pixcntl=000 cur=5,0
[M8P] rect cmd=40f3 pixcntl=000 cur=6,0
[M8P] rect cmd=40f3 pixcntl=000 cur=7,0
[M8P] rect cmd=40f3 pixcntl=000 cur=8,0
[M8P] rect cmd=40f3 pixcntl=000 cur=9,0
[M8P] rect cmd=40f3 pixcntl=000 cur=10,0
[M8P] rect cmd=40f3 pixcntl=000 cur=11,0
[M8P] rect cmd=40f3 pixcntl=000 cur=12,0
[M8P] rect cmd=40f3 pixcntl=000 cur=13,0
[M8P] rect cmd=40f3 pixcntl=000 cur=14,0
[M8P] rect cmd=40f3 pixcntl=000 cur=15,0
[M8P] rect cmd=40f3 pixcntl=000 cur=16,0
[M8P] rect cmd=40f3 pixcntl=000 cur=17,0
[M8P] rect cmd=40f3 pixcntl=000 cur=18,0
[M8P] rect cmd=40f3 pixcntl=000 cur=19,0
[M8P] rect cmd=40f3 pixcntl=000 cur=20,0
[M8P] rect cmd=40f3 pixcntl=000 cur=21,0
[M8P] rect cmd=40f3 pixcntl=000 cur=22,0
[M8P] rect cmd=40f3 pixcntl=000 cur=23,0
[M8P] rect cmd=40f3 pixcntl=000 cur=24,0
[M8P] rect cmd=40f3 pixcntl=000 cur=25,0
[M8P] rect cmd=40f3 pixcntl=000 cur=26,0
[M8P] rect cmd=40f3 pixcntl=000 cur=27,0
[M8P] rect cmd=40f3 pixcntl=000 cur=28,0
[M8P] rect cmd=40f3 pixcntl=000 cur=29,0
[M8P] rect cmd=40f3 pixcntl=000 cur=30,0
[M8P] rect cmd=40f3 pixcntl=000 cur=31,0
[M8P] rect cmd=40f3 pixcntl=000 cur=32,0
[M8P] rect cmd=40f3 pixcntl=000 cur=33,0
[M8P] rect cmd=40f3 pixcntl=000 cur=34,0
[M8P] rect cmd=40f3 pixcntl=000 cur=35,0
[M8P] rect cmd=40f3 pixcntl=000 cur=36,0
[M8P] rect cmd=40f3 pixcntl=000 cur=37,0
[M8P] rect cmd=40f3 pixcntl=000 cur=38,0
[M8P] rect cmd=40f3 pixcntl=000 cur=39,0
[M8P] rect cmd=40f3 pixcntl=000 cur=40,0
[M8P] rect cmd=40f3 pixcntl=000 cur=41,0
[M8P] rect cmd=40f3 pixcntl=000 cur=42,0
[M8P] rect cmd=40f3 pixcntl=000 cur=43,0
[M8P] rect cmd=40f3 pixcntl=000 cur=44,0
[M8P] rect cmd=40f3 pixcntl=000 cur=45,0
[M8P] rect cmd=40f3 pixcntl=000 cur=46,0
[M8P] rect cmd=40f3 pixcntl=000 cur=47,0
[M8P] rect cmd=40f3 pixcntl=000 cur=48,0
[M8P] rect cmd=40f3 pixcntl=000 cur=49,0
[M8P] rect cmd=40f3 pixcntl=000 cur=50,0
[M8P] rect cmd=40f3 pixcntl=000 cur=51,0
[M8P] rect cmd=40f3 pixcntl=000 cur=52,0
[M8P] rect cmd=40f3 pixcntl=000 cur=53,0
[M8P] rect cmd=40f3 pixcntl=000 cur=54,0
[M8P] rect cmd=40f3 pixcntl=000 cur=55,0
[M8P] rect cmd=40f3 pixcntl=000 cur=56,0
[M8P] rect cmd=40f3 pixcntl=000 cur=57,0
[M8P] rect cmd=40f3 pixcntl=000 cur=58,0
[M8P] rect cmd=40f3 pixcntl=000 cur=59,0
[M8P] rect cmd=40f3 pixcntl=000 cur=60,0
[M8P] rect cmd=40f3 pixcntl=000 cur=61,0
[M8P] rect cmd=40f3 pixcntl=000 cur=62,0
[M8P] rect cmd=40f3 pixcntl=000 cur=63,0
[M8P] rect cmd=40f3 pixcntl=000 cur=64,0
[M8P] rect cmd=40f3 pixcntl=000 cur=65,0
[M8P] rect cmd=40f3 pixcntl=000 cur=66,0
[M8P] rect cmd=40f3 pixcntl=000 cur=67,0
[M8P] rect cmd=40f3 pixcntl=000 cur=68,0
[M8P] rect cmd=40f3 pixcntl=000 cur=69,0
[M8P] rect cmd=40f3 pixcntl=000 cur=70,0
[M8P] rect cmd=40f3 pixcntl=000 cur=71,0
[M8P] rect cmd=40f3 pixcntl=000 cur=72,0
[M8P] rect cmd=40f3 pixcntl=000 cur=73,0
[M8P] rect cmd=40f3 pixcntl=000 cur=74,0
[M8P] rect cmd=40f3 pixcntl=000 cur=75,0
[M8P] rect cmd=40f3 pixcntl=000 cur=76,0
[M8P] rect cmd=40f3 pixcntl=000 cur=77,0
[M8P] rect cmd=40f3 pixcntl=000 cur=78,0
[M8P] rect cmd=40f3 pixcntl=000 cur=79,0
[M8P] rect cmd=40f3 pixcntl=000 cur=80,0
[M8P] rect cmd=40f3 pixcntl=000 cur=81,0
[M8P] rect cmd=40f3 pixcntl=000 cur=82,0
[M8P] rect cmd=40f3 pixcntl=000 cur=83,0
[M8P] rect cmd=40f3 pixcntl=000 cur=84,0
[M8P] rect cmd=40f3 pixcntl=000 cur=85,0
[M8P] rect cmd=40f3 pixcntl=000 cur=86,0
[M8P] rect cmd=40f3 pixcntl=000 cur=87,0
[M8P] rect cmd=40f3 pixcntl=000 cur=88,0
[M8P] rect cmd=40f3 pixcntl=000 cur=89,0
[M8P] rect cmd=40f3 pixcntl=000 cur=90,0
[M8P] rect cmd=40f3 pixcntl=000 cur=91,0
[M8P] rect cmd=40f3 pixcntl=000 cur=92,0
[M8P] rect cmd=40f3 pixcntl=000 cur=93,0
[M8P] rect cmd=40f3 pixcntl=000 cur=94,0
[M8P] rect cmd=40f3 pixcntl=000 cur=95,0
[M8P] rect cmd=40f3 pixcntl=000 cur=96,0
[M8P] rect cmd=40f3 pixcntl=000 cur=97,0
[M8P] rect cmd=40f3 pixcntl=000 cur=98,0
[M8P] rect cmd=40f3 pixcntl=000 cur=99,0
[M8P] rect cmd=40f3 pixcntl=000 cur=100,0
[M8P] rect cmd=40f3 pixcntl=000 cur=101,0
[M8P] rect cmd=40f3 pixcntl=000 cur=102,0
[M8P] rect cmd=40f3 pixcntl=000 cur=103,0
[M8P] rect cmd=40f3 pixcntl=000 cur=104,0
[M8P] rect cmd=40f3 pixcntl=000 cur=105,0
[M8P] rect cmd=40f3 pixcntl=000 cur=106,0
[M8P] rect cmd=40f3 pixcntl=000 cur=107,0
[M8P] rect cmd=40f3 pixcntl=000 cur=108,0
[M8P] rect cmd=40f3 pixcntl=000 cur=109,0
[M8P] rect cmd=40f3 pixcntl=000 cur=110,0
[M8P] rect cmd=40f3 pixcntl=000 cur=111,0
[M8P] rect cmd=40f3 pixcntl=000 cur=112,0
[M8P] rect cmd=40f3 pixcntl=000 cur=113,0
[M8P] rect cmd=40f3 pixcntl=000 cur=114,0
[M8P] rect cmd=40f3 pixcntl=000 cur=115,0
[M8P] rect cmd=40f3 pixcntl=000 cur=116,0
[M8P] rect cmd=40f3 pixcntl=000 cur=117,0
[M8P] rect cmd=40f3 pixcntl=000 cur=118,0
[M8P] rect cmd=40f3 pixcntl=000 cur=119,0
[M8P] rect cmd=40f3 pixcntl=000 cur=120,0
[M8P] rect cmd=40f3 pixcntl=000 cur=121,0
[M8P] rect cmd=40f3 pixcntl=000 cur=122,0
[M8P] rect cmd=40f3 pixcntl=000 cur=123,0
[M8P] rect cmd=40f3 pixcntl=000 cur=124,0
[M8P] rect cmd=40f3 pixcntl=000 cur=125,0
[M8P] rect cmd=40f3 pixcntl=000 cur=126,0
[M8P] rect cmd=40f3 pixcntl=000 cur=127,0
[M8P] rect cmd=40f3 pixcntl=000 cur=128,0
[M8P] rect cmd=40f3 pixcntl=000 cur=129,0
[M8P] rect cmd=40f3 pixcntl=000 cur=130,0
[M8P] rect cmd=40f3 pixcntl=000 cur=131,0
[M8P] rect cmd=40f3 pixcntl=000 cur=132,0
[M8P] rect cmd=40f3 pixcntl=000 cur=133,0
[M8P] rect cmd=40f3 pixcntl=000 cur=134,0
[M8P] rect cmd=40f3 pixcntl=000 cur=135,0
[M8P] rect cmd=40f3 pixcntl=000 cur=136,0
[M8P] rect cmd=40f3 pixcntl=000 cur=137,0
[M8P] rect cmd=40f3 pixcntl=000 cur=138,0
[M8P] rect cmd=40f3 pixcntl=000 cur=139,0
[M8P] rect cmd=40f3 pixcntl=000 cur=140,0
[M8P] rect cmd=40f3 pixcntl=000 cur=141,0
[M8P] rect cmd=40f3 pixcntl=000 cur=142,0
[M8P] rect cmd=40f3 pixcntl=000 cur=143,0
[M8P] rect cmd=40f3 pixcntl=000 cur=144,0
[M8P] rect cmd=40f3 pixcntl=000 cur=145,0
[M8P] rect cmd=40f3 pixcntl=000 cur=146,0
[M8P] rect cmd=40f3 pixcntl=000 cur=147,0
[M8P] rect cmd=40f3 pixcntl=000 cur=148,0
[M8P] rect cmd=40f3 pixcntl=000 cur=149,0
[M8P] rect cmd=40f3 pixcntl=000 cur=150,0
[M8P] rect cmd=40f3 pixcntl=000 cur=151,0
[M8P] rect cmd=40f3 pixcntl=000 cur=152,0
[M8P] rect cmd=40f3 pixcntl=000 cur=153,0
[M8P] rect cmd=40f3 pixcntl=000 cur=154,0
[M8P] rect cmd=40f3 pixcntl=000 cur=155,0
[M8P] rect cmd=40f3 pixcntl=000 cur=156,0
[M8P] rect cmd=40f3 pixcntl=000 cur=157,0
[M8P] rect cmd=40f3 pixcntl=000 cur=158,0
[M8P] rect cmd=40f3 pixcntl=000 cur=159,0
[M8P] rect cmd=40f3 pixcntl=000 cur=160,0
[M8P] rect cmd=40f3 pixcntl=000 cur=161,0
[M8P] rect cmd=40f3 pixcntl=000 cur=162,0
[M8P] rect cmd=40f3 pixcntl=000 cur=163,0
[M8P] rect cmd=40f3 pixcntl=000 cur=164,0
[M8P] rect cmd=40f3 pixcntl=000 cur=165,0
[M8P] rect cmd=40f3 pixcntl=000 cur=166,0
[M8P] rect cmd=40f3 pixcntl=000 cur=167,0
[M8P] rect cmd=40f3 pixcntl=000 cur=168,0
[M8P] rect cmd=40f3 pixcntl=000 cur=169,0
[M8P] rect cmd=40f3 pixcntl=000 cur=170,0
[M8P] rect cmd=40f3 pixcntl=000 cur=171,0
[M8P] rect cmd=40f3 pixcntl=000 cur=172,0
[M8P] rect cmd=40f3 pixcntl=000 cur=173,0
[M8P] rect cmd=40f3 pixcntl=000 cur=174,0
[M8P] rect cmd=40f3 pixcntl=000 cur=175,0
[M8P] rect cmd=40f3 pixcntl=000 cur=176,0
[M8P] rect cmd=40f3 pixcntl=000 cur=177,0
[M8P] rect cmd=40f3 pixcntl=000 cur=178,0
[M8P] rect cmd=40f3 pixcntl=000 cur=179,0
[M8P] rect cmd=40f3 pixcntl=000 cur=180,0
[M8P] rect cmd=40f3 pixcntl=000 cur=181,0
[M8P] rect cmd=40f3 pixcntl=000 cur=182,0
[M8P] rect cmd=40f3 pixcntl=000 cur=183,0
[M8P] rect cmd=40f3 pixcntl=000 cur=184,0
[M8P] rect cmd=40f3 pixcntl=000 cur=185,0
[M8P] rect cmd=40f3 pixcntl=000 cur=186,0
[M8P] rect cmd=40f3 pixcntl=000 cur=187,0
[M8P] rect cmd=40f3 pixcntl=000 cur=188,0
[M8P] rect cmd=40f3 pixcntl=000 cur=189,0
[M8P] rect cmd=40f3 pixcntl=000 cur=190,0
[M8P] rect cmd=40f3 pixcntl=000 cur=191,0
[M8P] rect cmd=40f3 pixcntl=000 cur=192,0
[M8P] rect cmd=40f3 pixcntl=000 cur=193,0
[M8P] rect cmd=40f3 pixcntl=000 cur=194,0
[M8P] rect cmd=40f3 pixcntl=000 cur=195,0
[M8P] rect cmd=40f3 pixcntl=000 cur=196,0
[M8P] rect cmd=40f3 pixcntl=000 cur=197,0
[M8P] rect cmd=40f3 pixcntl=000 cur=198,0
[M8P] rect cmd=40f3 pixcntl=000 cur=199,0
[M8P] rect cmd=40f3 pixcntl=000 cur=200,0
[M8P] rect cmd=40f3 pixcntl=000 cur=201,0
[M8P] rect cmd=40f3 pixcntl=000 cur=202,0
[M8P] rect cmd=40f3 pixcntl=000 cur=203,0
[M8P] rect cmd=40f3 pixcntl=000 cur=204,0
[M8P] rect cmd=40f3 pixcntl=000 cur=205,0
[M8P] rect cmd=40f3 pixcntl=000 cur=206,0
[M8P] rect cmd=40f3 pixcntl=000 cur=207,0
[M8P] rect cmd=40f3 pixcntl=000 cur=208,0
[M8P] rect cmd=40f3 pixcntl=000 cur=209,0
[M8P] rect cmd=40f3 pixcntl=000 cur=210,0
[M8P] rect cmd=40f3 pixcntl=000 cur=211,0
[M8P] rect cmd=40f3 pixcntl=000 cur=212,0
[M8P] rect cmd=40f3 pixcntl=000 cur=213,0
[M8P] rect cmd=40f3 pixcntl=000 cur=214,0
[M8P] rect cmd=40f3 pixcntl=000 cur=215,0
[M8P] rect cmd=40f3 pixcntl=000 cur=216,0
[M8P] rect cmd=40f3 pixcntl=000 cur=217,0
[M8P] rect cmd=40f3 pixcntl=000 cur=218,0
[M8P] rect cmd=40f3 pixcntl=000 cur=219,0
[M8P] rect cmd=40f3 pixcntl=000 cur=220,0
[M8P] rect cmd=40f3 pixcntl=000 cur=221,0
[M8P] rect cmd=40f3 pixcntl=000 cur=222,0
[M8P] rect cmd=40f3 pixcntl=000 cur=223,0
[M8P] rect cmd=40f3 pixcntl=000 cur=224,0
[M8P] rect cmd=40f3 pixcntl=000 cur=225,0
[M8P] rect cmd=40f3 pixcntl=000 cur=226,0
[M8P] rect cmd=40f3 pixcntl=000 cur=227,0
[M8P] rect cmd=40f3 pixcntl=000 cur=228,0
[M8P] rect cmd=40f3 pixcntl=000 cur=229,0
[M8P] rect cmd=40f3 pixcntl=000 cur=230,0
[M8P] rect cmd=40f3 pixcntl=000 cur=231,0
[M8P] rect cmd=40f3 pixcntl=000 cur=232,0
[M8P] rect cmd=40f3 pixcntl=000 cur=233,0
[M8P] rect cmd=40f3 pixcntl=000 cur=234,0
[M8P] rect cmd=40f3 pixcntl=000 cur=235,0
[M8P] rect cmd=40f3 pixcntl=000 cur=236,0
[M8P] rect cmd=40f3 pixcntl=000 cur=237,0
[M8P] rect cmd=40f3 pixcntl=000 cur=238,0
[M8P] rect cmd=40f3 pixcntl=000 cur=239,0
[M8P] rect cmd=40f3 pixcntl=000 cur=240,0
[M8P] rect cmd=40f3 pixcntl=000 cur=241,0
[M8P] rect cmd=40f3 pixcntl=000 cur=242,0
[M8P] rect cmd=40f3 pixcntl=000 cur=243,0
[M8P] rect cmd=40f3 pixcntl=000 cur=244,0
[M8P] rect cmd=40f3 pixcntl=000 cur=245,0
[M8P] rect cmd=40f3 pixcntl=000 cur=246,0
[M8P] rect cmd=40f3 pixcntl=000 cur=247,0
[M8P] rect cmd=40f3 pixcntl=000 cur=248,0
[M8P] rect cmd=40f3 pixcntl=000 cur=249,0
[M8P] rect cmd=40f3 pixcntl=000 cur=250,0
[M8P] rect cmd=40f3 pixcntl=000 cur=251,0
[M8P] rect cmd=40f3 pixcntl=000 cur=252,0
[M8P] rect cmd=40f3 pixcntl=000 cur=253,0
[M8P] rect cmd=40f3 pixcntl=000 cur=254,0
[M8P] rect cmd=40f3 pixcntl=000 cur=255,0
[M8P] rect cmd=40f3 pixcntl=000 cur=0,0
[M8P] rect cmd=53b0 pixcntl=000 cur=0,0
[M8P] rect cmd=40f3 pixcntl=000 cur=0,0
[M8P] rect cmd=40f3 pixcntl=000 cur=1,0
[M8P] rect cmd=40f3 pixcntl=000 cur=2,0
[M8P] rect cmd=40f3 pixcntl=000 cur=3,0
[M8P] rect cmd=40f3 pixcntl=000 cur=4,0
[M8P] rect cmd=40f3 pixcntl=000 cur=5,0
[M8P] rect cmd=40f3 pixcntl=000 cur=6,0
[M8P] rect cmd=40f3 pixcntl=000 cur=7,0
[M8P] rect cmd=40f3 pixcntl=000 cur=8,0
[M8P] rect cmd=40f3 pixcntl=000 cur=9,0
[M8P] rect cmd=40f3 pixcntl=000 cur=10,0
[M8P] rect cmd=40f3 pixcntl=000 cur=11,0
[M8P] rect cmd=40f3 pixcntl=000 cur=12,0
[M8P] rect cmd=40f3 pixcntl=000 cur=13,0
[M8P] rect cmd=40f3 pixcntl=000 cur=14,0
[M8P] rect cmd=40f3 pixcntl=000 cur=15,0
[M8P] rect cmd=40f3 pixcntl=000 cur=16,0
[M8P] rect cmd=40f3 pixcntl=000 cur=17,0
[M8P] rect cmd=40f3 pixcntl=000 cur=18,0
[M8P] rect cmd=40f3 pixcntl=000 cur=19,0
[M8P] rect cmd=40f3 pixcntl=000 cur=20,0
[M8P] rect cmd=40f3 pixcntl=000 cur=21,0
[M8P] rect cmd=40f3 pixcntl=000 cur=22,0
[M8P] rect cmd=40f3 pixcntl=000 cur=23,0
[M8P] rect cmd=40f3 pixcntl=000 cur=24,0
[M8P] rect cmd=40f3 pixcntl=000 cur=25,0
[M8P] rect cmd=40f3 pixcntl=000 cur=26,0
[M8P] rect cmd=40f3 pixcntl=000 cur=27,0
[M8P] rect cmd=40f3 pixcntl=000 cur=28,0
[M8P] rect cmd=40f3 pixcntl=000 cur=29,0
[M8P] rect cmd=40f3 pixcntl=000 cur=30,0
[M8P] rect cmd=40f3 pixcntl=000 cur=31,0
[M8P] rect cmd=40f3 pixcntl=000 cur=32,0
[M8P] rect cmd=40f3 pixcntl=000 cur=33,0
[M8P] rect cmd=40f3 pixcntl=000 cur=34,0
[M8P] rect cmd=40f3 pixcntl=000 cur=35,0
[M8P] rect cmd=40f3 pixcntl=000 cur=36,0
[M8P] rect cmd=40f3 pixcntl=000 cur=37,0
[M8P] rect cmd=40f3 pixcntl=000 cur=38,0
[M8P] rect cmd=40f3 pixcntl=000 cur=39,0
[M8P] rect cmd=40f3 pixcntl=000 cur=40,0
[M8P] rect cmd=40f3 pixcntl=000 cur=41,0
[M8P] rect cmd=40f3 pixcntl=000 cur=42,0
[M8P] rect cmd=40f3 pixcntl=000 cur=43,0
[M8P] rect cmd=40f3 pixcntl=000 cur=44,0
[M8P] rect cmd=40f3 pixcntl=000 cur=45,0
[M8P] rect cmd=40f3 pixcntl=000 cur=46,0
[M8P] rect cmd=40f3 pixcntl=000 cur=47,0
[M8P] rect cmd=40f3 pixcntl=000 cur=48,0
[M8P] rect cmd=40f3 pixcntl=000 cur=49,0
[M8P] rect cmd=40f3 pixcntl=000 cur=50,0
[M8P] rect cmd=40f3 pixcntl=000 cur=51,0
[M8P] rect cmd=40f3 pixcntl=000 cur=52,0
[M8P] rect cmd=40f3 pixcntl=000 cur=53,0
[M8P] rect cmd=40f3 pixcntl=000 cur=54,0
[M8P] rect cmd=40f3 pixcntl=000 cur=55,0
[M8P] rect cmd=40f3 pixcntl=000 cur=56,0
[M8P] rect cmd=40f3 pixcntl=000 cur=57,0
[M8P] rect cmd=40f3 pixcntl=000 cur=58,0
[M8P] rect cmd=40f3 pixcntl=000 cur=59,0
[M8P] rect cmd=40f3 pixcntl=000 cur=60,0
[M8P] rect cmd=40f3 pixcntl=000 cur=61,0
[M8P] rect cmd=40f3 pixcntl=000 cur=62,0
[M8P] rect cmd=40f3 pixcntl=000 cur=63,0
[M8P] rect cmd=40f3 pixcntl=000 cur=64,0
[M8P] rect cmd=40f3 pixcntl=000 cur=65,0
[M8P] rect cmd=40f3 pixcntl=000 cur=66,0
[M8P] rect cmd=40f3 pixcntl=000 cur=67,0
[M8P] rect cmd=40f3 pixcntl=000 cur=68,0
[M8P] rect cmd=40f3 pixcntl=000 cur=69,0
[M8P] rect cmd=40f3 pixcntl=000 cur=70,0
[M8P] rect cmd=40f3 pixcntl=000 cur=71,0
[M8P] rect cmd=40f3 pixcntl=000 cur=72,0
[M8P] rect cmd=40f3 pixcntl=000 cur=73,0
[M8P] rect cmd=40f3 pixcntl=000 cur=74,0
[M8P] rect cmd=40f3 pixcntl=000 cur=75,0
[M8P] rect cmd=40f3 pixcntl=000 cur=76,0
[M8P] rect cmd=40f3 pixcntl=000 cur=77,0
[M8P] rect cmd=40f3 pixcntl=000 cur=78,0
[M8P] rect cmd=40f3 pixcntl=000 cur=79,0
[M8P] rect cmd=40f3 pixcntl=000 cur=80,0
[M8P] rect cmd=40f3 pixcntl=000 cur=81,0
[M8P] rect cmd=40f3 pixcntl=000 cur=82,0
[M8P] rect cmd=40f3 pixcntl=000 cur=83,0
[M8P] rect cmd=40f3 pixcntl=000 cur=84,0
[M8P] rect cmd=40f3 pixcntl=000 cur=85,0
[M8P] rect cmd=40f3 pixcntl=000 cur=86,0
[M8P] rect cmd=40f3 pixcntl=000 cur=87,0
[M8P] rect cmd=40f3 pixcntl=000 cur=88,0
[M8P] rect cmd=40f3 pixcntl=000 cur=89,0
[M8P] rect cmd=40f3 pixcntl=000 cur=90,0
[M8P] rect cmd=40f3 pixcntl=000 cur=91,0
[M8P] rect cmd=40f3 pixcntl=000 cur=92,0
[M8P] rect cmd=40f3 pixcntl=000 cur=93,0
[M8P] rect cmd=40f3 pixcntl=000 cur=94,0
[M8P] rect cmd=40f3 pixcntl=000 cur=95,0
[M8P] rect cmd=40f3 pixcntl=000 cur=96,0
[M8P] rect cmd=40f3 pixcntl=000 cur=97,0
[M8P] rect cmd=40f3 pixcntl=000 cur=98,0
[M8P] rect cmd=40f3 pixcntl=000 cur=99,0
[M8P] rect cmd=40f3 pixcntl=000 cur=100,0
[M8P] rect cmd=40f3 pixcntl=000 cur=101,0
[M8P] rect cmd=40f3 pixcntl=000 cur=102,0
[M8P] rect cmd=40f3 pixcntl=000 cur=103,0
[M8P] rect cmd=40f3 pixcntl=000 cur=104,0
[M8P] rect cmd=40f3 pixcntl=000 cur=105,0
[M8P] rect cmd=40f3 pixcntl=000 cur=106,0
[M8P] rect cmd=40f3 pixcntl=000 cur=107,0
[M8P] rect cmd=40f3 pixcntl=000 cur=108,0
[M8P] rect cmd=40f3 pixcntl=000 cur=109,0
[M8P] rect cmd=40f3 pixcntl=000 cur=110,0
[M8P] rect cmd=40f3 pixcntl=000 cur=111,0
[M8P] rect cmd=40f3 pixcntl=000 cur=112,0
[M8P] rect cmd=40f3 pixcntl=000 cur=113,0
[M8P] rect cmd=40f3 pixcntl=000 cur=114,0
[M8P] rect cmd=40f3 pixcntl=000 cur=115,0
[M8P] rect cmd=40f3 pixcntl=000 cur=116,0
[M8P] rect cmd=40f3 pixcntl=000 cur=117,0
[M8P] rect cmd=40f3 pixcntl=000 cur=118,0
[M8P] rect cmd=40f3 pixcntl=000 cur=119,0
[M8P] rect cmd=40f3 pixcntl=000 cur=120,0
[M8P] rect cmd=40f3 pixcntl=000 cur=121,0
[M8P] rect cmd=40f3 pixcntl=000 cur=122,0
[M8P] rect cmd=40f3 pixcntl=000 cur=123,0
[M8P] rect cmd=40f3 pixcntl=000 cur=124,0
[M8P] rect cmd=40f3 pixcntl=000 cur=125,0
[M8P] rect cmd=40f3 pixcntl=000 cur=126,0
[M8P] rect cmd=40f3 pixcntl=000 cur=127,0
[M8P] rect cmd=40f3 pixcntl=000 cur=128,0
[M8P] rect cmd=40f3 pixcntl=000 cur=129,0
[M8P] rect cmd=40f3 pixcntl=000 cur=130,0
[M8P] rect cmd=40f3 pixcntl=000 cur=131,0
[M8P] rect cmd=40f3 pixcntl=000 cur=132,0
[M8P] rect cmd=40f3 pixcntl=000 cur=133,0
[M8P] rect cmd=40f3 pixcntl=000 cur=134,0
[M8P] rect cmd=40f3 pixcntl=000 cur=135,0
[M8P] rect cmd=40f3 pixcntl=000 cur=136,0
[M8P] rect cmd=40f3 pixcntl=000 cur=137,0
[M8P] rect cmd=40f3 pixcntl=000 cur=138,0
[M8P] rect cmd=40f3 pixcntl=000 cur=139,0
[M8P] rect cmd=40f3 pixcntl=000 cur=140,0
[M8P] rect cmd=40f3 pixcntl=000 cur=141,0
[M8P] rect cmd=40f3 pixcntl=000 cur=142,0
[M8P] rect cmd=40f3 pixcntl=000 cur=143,0
[M8P] rect cmd=40f3 pixcntl=000 cur=144,0
[M8P] rect cmd=40f3 pixcntl=000 cur=145,0
[M8P] rect cmd=40f3 pixcntl=000 cur=146,0
[M8P] rect cmd=40f3 pixcntl=000 cur=147,0
[M8P] rect cmd=40f3 pixcntl=000 cur=148,0
[M8P] rect cmd=40f3 pixcntl=000 cur=149,0
[M8P] rect cmd=40f3 pixcntl=000 cur=150,0
[M8P] rect cmd=40f3 pixcntl=000 cur=151,0
[M8P] rect cmd=40f3 pixcntl=000 cur=152,0
[M8P] rect cmd=40f3 pixcntl=000 cur=153,0
[M8P] rect cmd=40f3 pixcntl=000 cur=154,0
[M8P] rect cmd=40f3 pixcntl=000 cur=155,0
[M8P] rect cmd=40f3 pixcntl=000 cur=156,0
[M8P] rect cmd=40f3 pixcntl=000 cur=157,0
[M8P] rect cmd=40f3 pixcntl=000 cur=158,0
[M8P] rect cmd=40f3 pixcntl=000 cur=159,0
[M8P] rect cmd=40f3 pixcntl=000 cur=160,0
[M8P] rect cmd=40f3 pixcntl=000 cur=161,0
[M8P] rect cmd=40f3 pixcntl=000 cur=162,0
[M8P] rect cmd=40f3 pixcntl=000 cur=163,0
[M8P] rect cmd=40f3 pixcntl=000 cur=164,0
[M8P] rect cmd=40f3 pixcntl=000 cur=165,0
[M8P] rect cmd=40f3 pixcntl=000 cur=166,0
[M8P] rect cmd=40f3 pixcntl=000 cur=167,0
[M8P] rect cmd=40f3 pixcntl=000 cur=168,0
[M8P] rect cmd=40f3 pixcntl=000 cur=169,0
[M8P] rect cmd=40f3 pixcntl=000 cur=170,0
[M8P] rect cmd=40f3 pixcntl=000 cur=171,0
[M8P] rect cmd=40f3 pixcntl=000 cur=172,0
[M8P] rect cmd=40f3 pixcntl=000 cur=173,0
[M8P] rect cmd=40f3 pixcntl=000 cur=174,0
[M8P] rect cmd=40f3 pixcntl=000 cur=175,0
[M8P] rect cmd=40f3 pixcntl=000 cur=176,0
[M8P] rect cmd=40f3 pixcntl=000 cur=177,0
[M8P] rect cmd=40f3 pixcntl=000 cur=178,0
[M8P] rect cmd=40f3 pixcntl=000 cur=179,0
[M8P] rect cmd=40f3 pixcntl=000 cur=180,0
[M8P] rect cmd=40f3 pixcntl=000 cur=181,0
[M8P] rect cmd=40f3 pixcntl=000 cur=182,0
[M8P] rect cmd=40f3 pixcntl=000 cur=183,0
[M8P] rect cmd=40f3 pixcntl=000 cur=184,0
[M8P] rect cmd=40f3 pixcntl=000 cur=185,0
[M8P] rect cmd=40f3 pixcntl=000 cur=186,0
[M8P] rect cmd=40f3 pixcntl=000 cur=187,0
[M8P] rect cmd=40f3 pixcntl=000 cur=188,0
[M8P] rect cmd=40f3 pixcntl=000 cur=189,0
[M8P] rect cmd=40f3 pixcntl=000 cur=190,0
[M8P] rect cmd=40f3 pixcntl=000 cur=191,0
[M8P] rect cmd=40f3 pixcntl=000 cur=192,0
[M8P] rect cmd=40f3 pixcntl=000 cur=193,0
[M8P] rect cmd=40f3 pixcntl=000 cur=194,0
[M8P] rect cmd=40f3 pixcntl=000 cur=195,0
[M8P] rect cmd=40f3 pixcntl=000 cur=196,0
[M8P] rect cmd=40f3 pixcntl=000 cur=197,0
[M8P] rect cmd=40f3 pixcntl=000 cur=198,0
[M8P] rect cmd=40f3 pixcntl=000 cur=199,0
[M8P] rect cmd=40f3 pixcntl=000 cur=200,0
[M8P] rect cmd=40f3 pixcntl=000 cur=201,0
[M8P] rect cmd=40f3 pixcntl=000 cur=202,0
[M8P] rect cmd=40f3 pixcntl=000 cur=203,0
[M8P] rect cmd=40f3 pixcntl=000 cur=204,0
[M8P] rect cmd=40f3 pixcntl=000 cur=205,0
[M8P] rect cmd=40f3 pixcntl=000 cur=206,0
[M8P] rect cmd=40f3 pixcntl=000 cur=207,0
[M8P] rect cmd=40f3 pixcntl=000 cur=208,0
[M8P] rect cmd=40f3 pixcntl=000 cur=209,0
[M8P] rect cmd=40f3 pixcntl=000 cur=210,0
[M8P] rect cmd=40f3 pixcntl=000 cur=211,0
[M8P] rect cmd=40f3 pixcntl=000 cur=212,0
[M8P] rect cmd=40f3 pixcntl=000 cur=213,0
[M8P] rect cmd=40f3 pixcntl=000 cur=214,0
[M8P] rect cmd=40f3 pixcntl=000 cur=215,0
[M8P] rect cmd=40f3 pixcntl=000 cur=216,0
[M8P] rect cmd=40f3 pixcntl=000 cur=217,0
[M8P] rect cmd=40f3 pixcntl=000 cur=218,0
[M8P] rect cmd=40f3 pixcntl=000 cur=219,0
[M8P] rect cmd=40f3 pixcntl=000 cur=220,0
[M8P] rect cmd=40f3 pixcntl=000 cur=221,0
[M8P] rect cmd=40f3 pixcntl=000 cur=222,0
[M8P] rect cmd=40f3 pixcntl=000 cur=223,0
[M8P] rect cmd=40f3 pixcntl=000 cur=224,0
[M8P] rect cmd=40f3 pixcntl=000 cur=225,0
[M8P] rect cmd=40f3 pixcntl=000 cur=226,0
[M8P] rect cmd=40f3 pixcntl=000 cur=227,0
[M8P] rect cmd=40f3 pixcntl=000 cur=228,0
[M8P] rect cmd=40f3 pixcntl=000 cur=229,0
[M8P] rect cmd=40f3 pixcntl=000 cur=230,0
[M8P] rect cmd=40f3 pixcntl=000 cur=231,0
[M8P] rect cmd=40f3 pixcntl=000 cur=232,0
[M8P] rect cmd=40f3 pixcntl=000 cur=233,0
[M8P] rect cmd=40f3 pixcntl=000 cur=234,0
[M8P] rect cmd=40f3 pixcntl=000 cur=235,0
[M8P] rect cmd=40f3 pixcntl=000 cur=236,0
[M8P] rect cmd=40f3 pixcntl=000 cur=237,0
[M8P] rect cmd=40f3 pixcntl=000 cur=238,0
[M8P] rect cmd=40f3 pixcntl=000 cur=239,0
[M8P] rect cmd=40f3 pixcntl=000 cur=240,0
[M8P] rect cmd=40f3 pixcntl=000 cur=241,0
[M8P] rect cmd=40f3 pixcntl=000 cur=242,0
[M8P] rect cmd=40f3 pixcntl=000 cur=243,0
[M8P] rect cmd=40f3 pixcntl=000 cur=244,0
[M8P] rect cmd=40f3 pixcntl=000 cur=245,0
[M8P] rect cmd=40f3 pixcntl=000 cur=246,0
[M8P] rect cmd=40f3 pixcntl=000 cur=247,0
[M8P] rect cmd=40f3 pixcntl=000 cur=248,0
[M8P] rect cmd=40f3 pixcntl=000 cur=249,0
[M8P] rect cmd=40f3 pixcntl=000 cur=250,0
[M8P] rect cmd=40f3 pixcntl=000 cur=251,0
[M8P] rect cmd=40f3 pixcntl=000 cur=252,0
[M8P] rect cmd=40f3 pixcntl=000 cur=253,0
[M8P] rect cmd=40f3 pixcntl=000 cur=254,0
[M8P] rect cmd=40f3 pixcntl=000 cur=255,0
[M8P] rect cmd=40f3 pixcntl=000 cur=0,0
[M8P] rect cmd=53b0 pixcntl=000 cur=0,0
[M8P] rect cmd=40f3 pixcntl=000 cur=0,0
[M8P] rect cmd=40f3 pixcntl=000 cur=1,0
[M8P] rect cmd=40f3 pixcntl=000 cur=2,0
[M8P] rect cmd=40f3 pixcntl=000 cur=3,0
[M8P] rect cmd=40f3 pixcntl=000 cur=4,0
[M8P] rect cmd=40f3 pixcntl=000 cur=5,0
[M8P] rect cmd=40f3 pixcntl=000 cur=6,0
[M8P] rect cmd=40f3 pixcntl=000 cur=7,0
[M8P] rect cmd=40f3 pixcntl=000 cur=8,0
[M8P] rect cmd=40f3 pixcntl=000 cur=9,0
[M8P] rect cmd=40f3 pixcntl=000 cur=10,0
[M8P] rect cmd=40f3 pixcntl=000 cur=11,0
[M8P] rect cmd=40f3 pixcntl=000 cur=12,0
[M8P] rect cmd=40f3 pixcntl=000 cur=13,0
[M8P] rect cmd=40f3 pixcntl=000 cur=14,0
[M8P] rect cmd=40f3 pixcntl=000 cur=15,0
[M8P] rect cmd=40f3 pixcntl=000 cur=16,0
[M8P] rect cmd=40f3 pixcntl=000 cur=17,0
[M8P] rect cmd=40f3 pixcntl=000 cur=18,0
[M8P] rect cmd=40f3 pixcntl=000 cur=19,0
[M8P] rect cmd=40f3 pixcntl=000 cur=20,0
[M8P] rect cmd=40f3 pixcntl=000 cur=21,0
[M8P] rect cmd=40f3 pixcntl=000 cur=22,0
[M8P] rect cmd=40f3 pixcntl=000 cur=23,0
[M8P] rect cmd=40f3 pixcntl=000 cur=24,0
[M8P] rect cmd=40f3 pixcntl=000 cur=25,0
[M8P] rect cmd=40f3 pixcntl=000 cur=26,0
[M8P] rect cmd=40f3 pixcntl=000 cur=27,0
[M8P] rect cmd=40f3 pixcntl=000 cur=28,0
[M8P] rect cmd=40f3 pixcntl=000 cur=29,0
[M8P] rect cmd=40f3 pixcntl=000 cur=30,0
[M8P] rect cmd=40f3 pixcntl=000 cur=31,0
[M8P] rect cmd=40f3 pixcntl=000 cur=32,0
[M8P] rect cmd=40f3 pixcntl=000 cur=33,0
[M8P] rect cmd=40f3 pixcntl=000 cur=34,0
[M8P] rect cmd=40f3 pixcntl=000 cur=35,0
[M8P] rect cmd=40f3 pixcntl=000 cur=36,0
[M8P] rect cmd=40f3 pixcntl=000 cur=37,0
[M8P] rect cmd=40f3 pixcntl=000 cur=38,0
[M8P] rect cmd=40f3 pixcntl=000 cur=39,0
[M8P] rect cmd=40f3 pixcntl=000 cur=40,0
[M8P] rect cmd=40f3 pixcntl=000 cur=41,0
[M8P] rect cmd=40f3 pixcntl=000 cur=42,0
[M8P] rect cmd=40f3 pixcntl=000 cur=43,0
[M8P] rect cmd=40f3 pixcntl=000 cur=44,0
[M8P] rect cmd=40f3 pixcntl=000 cur=45,0
[M8P] rect cmd=40f3 pixcntl=000 cur=46,0
[M8P] rect cmd=40f3 pixcntl=000 cur=47,0
[M8P] rect cmd=40f3 pixcntl=000 cur=48,0
[M8P] rect cmd=40f3 pixcntl=000 cur=49,0
[M8P] rect cmd=40f3 pixcntl=000 cur=50,0
[M8P] rect cmd=40f3 pixcntl=000 cur=51,0
[M8P] rect cmd=40f3 pixcntl=000 cur=52,0
[M8P] rect cmd=40f3 pixcntl=000 cur=53,0
[M8P] rect cmd=40f3 pixcntl=000 cur=54,0
[M8P] rect cmd=40f3 pixcntl=000 cur=55,0
[M8P] rect cmd=40f3 pixcntl=000 cur=56,0
[M8P] rect cmd=40f3 pixcntl=000 cur=57,0
[M8P] rect cmd=40f3 pixcntl=000 cur=58,0
[M8P] rect cmd=40f3 pixcntl=000 cur=59,0
[M8P] rect cmd=40f3 pixcntl=000 cur=60,0
[M8P] rect cmd=40f3 pixcntl=000 cur=61,0
[M8P] rect cmd=40f3 pixcntl=000 cur=62,0
[M8P] rect cmd=40f3 pixcntl=000 cur=63,0
[M8P] rect cmd=40f3 pixcntl=000 cur=64,0
[M8P] rect cmd=40f3 pixcntl=000 cur=65,0
[M8P] rect cmd=40f3 pixcntl=000 cur=66,0
[M8P] rect cmd=40f3 pixcntl=000 cur=67,0
[M8P] rect cmd=40f3 pixcntl=000 cur=68,0
[M8P] rect cmd=40f3 pixcntl=000 cur=69,0
[M8P] rect cmd=40f3 pixcntl=000 cur=70,0
[M8P] rect cmd=40f3 pixcntl=000 cur=71,0
[M8P] rect cmd=40f3 pixcntl=000 cur=72,0
[M8P] rect cmd=40f3 pixcntl=000 cur=73,0
[M8P] rect cmd=40f3 pixcntl=000 cur=74,0
[M8P] rect cmd=40f3 pixcntl=000 cur=75,0
[M8P] rect cmd=40f3 pixcntl=000 cur=76,0
[M8P] rect cmd=40f3 pixcntl=000 cur=77,0
[M8P] rect cmd=40f3 pixcntl=000 cur=78,0
[M8P] rect cmd=40f3 pixcntl=000 cur=79,0
[M8P] rect cmd=40f3 pixcntl=000 cur=80,0
[M8P] rect cmd=40f3 pixcntl=000 cur=81,0
[M8P] rect cmd=40f3 pixcntl=000 cur=82,0
[M8P] rect cmd=40f3 pixcntl=000 cur=83,0
[M8P] rect cmd=40f3 pixcntl=000 cur=84,0
[M8P] rect cmd=40f3 pixcntl=000 cur=85,0
[M8P] rect cmd=40f3 pixcntl=000 cur=86,0
[M8P] rect cmd=40f3 pixcntl=000 cur=87,0
[M8P] rect cmd=40f3 pixcntl=000 cur=88,0
[M8P] rect cmd=40f3 pixcntl=000 cur=89,0
[M8P] rect cmd=40f3 pixcntl=000 cur=90,0
[M8P] rect cmd=40f3 pixcntl=000 cur=91,0
[M8P] rect cmd=40f3 pixcntl=000 cur=92,0
[M8P] rect cmd=40f3 pixcntl=000 cur=93,0
[M8P] rect cmd=40f3 pixcntl=000 cur=94,0
[M8P] rect cmd=40f3 pixcntl=000 cur=95,0
[M8P] rect cmd=40f3 pixcntl=000 cur=96,0
[M8P] rect cmd=40f3 pixcntl=000 cur=97,0
[M8P] rect cmd=40f3 pixcntl=000 cur=98,0
[M8P] rect cmd=40f3 pixcntl=000 cur=99,0
[M8P] rect cmd=40f3 pixcntl=000 cur=100,0
[M8P] rect cmd=40f3 pixcntl=000 cur=101,0
[M8P] rect cmd=40f3 pixcntl=000 cur=102,0
[M8P] rect cmd=40f3 pixcntl=000 cur=103,0
[M8P] rect cmd=40f3 pixcntl=000 cur=104,0
[M8P] rect cmd=40f3 pixcntl=000 cur=105,0
[M8P] rect cmd=40f3 pixcntl=000 cur=106,0
[M8P] rect cmd=40f3 pixcntl=000 cur=107,0
[M8P] rect cmd=40f3 pixcntl=000 cur=108,0
[M8P] rect cmd=40f3 pixcntl=000 cur=109,0
[M8P] rect cmd=40f3 pixcntl=000 cur=110,0
[M8P] rect cmd=40f3 pixcntl=000 cur=111,0
[M8P] rect cmd=40f3 pixcntl=000 cur=112,0
[M8P] rect cmd=40f3 pixcntl=000 cur=113,0
[M8P] rect cmd=40f3 pixcntl=000 cur=114,0
[M8P] rect cmd=40f3 pixcntl=000 cur=115,0
[M8P] rect cmd=40f3 pixcntl=000 cur=116,0
[M8P] rect cmd=40f3 pixcntl=000 cur=117,0
[M8P] rect cmd=40f3 pixcntl=000 cur=118,0
[M8P] rect cmd=40f3 pixcntl=000 cur=119,0
[M8P] rect cmd=40f3 pixcntl=000 cur=120,0
[M8P] rect cmd=40f3 pixcntl=000 cur=121,0
[M8P] rect cmd=40f3 pixcntl=000 cur=122,0
[M8P] rect cmd=40f3 pixcntl=000 cur=123,0
[M8P] rect cmd=40f3 pixcntl=000 cur=124,0
[M8P] rect cmd=40f3 pixcntl=000 cur=125,0
[M8P] rect cmd=40f3 pixcntl=000 cur=126,0
[M8P] rect cmd=40f3 pixcntl=000 cur=127,0
[M8P] rect cmd=40f3 pixcntl=000 cur=128,0
[M8P] rect cmd=40f3 pixcntl=000 cur=129,0
[M8P] rect cmd=40f3 pixcntl=000 cur=130,0
[M8P] rect cmd=40f3 pixcntl=000 cur=131,0
[M8P] rect cmd=40f3 pixcntl=000 cur=132,0
[M8P] rect cmd=40f3 pixcntl=000 cur=133,0
[M8P] rect cmd=40f3 pixcntl=000 cur=134,0
[M8P] rect cmd=40f3 pixcntl=000 cur=135,0
[M8P] rect cmd=40f3 pixcntl=000 cur=136,0
[M8P] rect cmd=40f3 pixcntl=000 cur=137,0
[M8P] rect cmd=40f3 pixcntl=000 cur=138,0
[M8P] rect cmd=40f3 pixcntl=000 cur=139,0
[M8P] rect cmd=40f3 pixcntl=000 cur=140,0
[M8P] rect cmd=40f3 pixcntl=000 cur=141,0
[M8P] rect cmd=40f3 pixcntl=000 cur=142,0
[M8P] rect cmd=40f3 pixcntl=000 cur=143,0
[M8P] rect cmd=40f3 pixcntl=000 cur=144,0
[M8P] rect cmd=40f3 pixcntl=000 cur=145,0
[M8P] rect cmd=40f3 pixcntl=000 cur=146,0
[M8P] rect cmd=40f3 pixcntl=000 cur=147,0
[M8P] rect cmd=40f3 pixcntl=000 cur=148,0
[M8P] rect cmd=40f3 pixcntl=000 cur=149,0
[M8P] rect cmd=40f3 pixcntl=000 cur=150,0
[M8P] rect cmd=40f3 pixcntl=000 cur=151,0
[M8P] rect cmd=40f3 pixcntl=000 cur=152,0
[M8P] rect cmd=40f3 pixcntl=000 cur=153,0
[M8P] rect cmd=40f3 pixcntl=000 cur=154,0
[M8P] rect cmd=40f3 pixcntl=000 cur=155,0
[M8P] rect cmd=40f3 pixcntl=000 cur=156,0
[M8P] rect cmd=40f3 pixcntl=000 cur=157,0
[M8P] rect cmd=40f3 pixcntl=000 cur=158,0
[M8P] rect cmd=40f3 pixcntl=000 cur=159,0
[M8P] rect cmd=40f3 pixcntl=000 cur=160,0
[M8P] rect cmd=40f3 pixcntl=000 cur=161,0
[M8P] rect cmd=40f3 pixcntl=000 cur=162,0
[M8P] rect cmd=40f3 pixcntl=000 cur=163,0
[M8P] rect cmd=40f3 pixcntl=000 cur=164,0
[M8P] rect cmd=40f3 pixcntl=000 cur=165,0
[M8P] rect cmd=40f3 pixcntl=000 cur=166,0
[M8P] rect cmd=40f3 pixcntl=000 cur=167,0
[M8P] rect cmd=40f3 pixcntl=000 cur=168,0
[M8P] rect cmd=40f3 pixcntl=000 cur=169,0
[M8P] rect cmd=40f3 pixcntl=000 cur=170,0
[M8P] rect cmd=40f3 pixcntl=000 cur=171,0
[M8P] rect cmd=40f3 pixcntl=000 cur=172,0
[M8P] rect cmd=40f3 pixcntl=000 cur=173,0
[M8P] rect cmd=40f3 pixcntl=000 cur=174,0
[M8P] rect cmd=40f3 pixcntl=000 cur=175,0
[M8P] rect cmd=40f3 pixcntl=000 cur=176,0
[M8P] rect cmd=40f3 pixcntl=000 cur=177,0
[M8P] rect cmd=40f3 pixcntl=000 cur=178,0
[M8P] rect cmd=40f3 pixcntl=000 cur=179,0
[M8P] rect cmd=40f3 pixcntl=000 cur=180,0
[M8P] rect cmd=40f3 pixcntl=000 cur=181,0
[M8P] rect cmd=40f3 pixcntl=000 cur=182,0
[M8P] rect cmd=40f3 pixcntl=000 cur=183,0
[M8P] rect cmd=40f3 pixcntl=000 cur=184,0
[M8P] rect cmd=40f3 pixcntl=000 cur=185,0
[M8P] rect cmd=40f3 pixcntl=000 cur=186,0
[M8P] rect cmd=40f3 pixcntl=000 cur=187,0
[M8P] rect cmd=40f3 pixcntl=000 cur=188,0
[M8P] rect cmd=40f3 pixcntl=000 cur=189,0
[M8P] rect cmd=40f3 pixcntl=000 cur=190,0
[M8P] rect cmd=40f3 pixcntl=000 cur=191,0
[M8P] rect cmd=40f3 pixcntl=000 cur=192,0
[M8P] rect cmd=40f3 pixcntl=000 cur=193,0
[M8P] rect cmd=40f3 pixcntl=000 cur=194,0
[M8P] rect cmd=40f3 pixcntl=000 cur=195,0
[M8P] rect cmd=40f3 pixcntl=000 cur=196,0
[M8P] rect cmd=40f3 pixcntl=000 cur=197,0
[M8P] rect cmd=40f3 pixcntl=000 cur=198,0
[M8P] rect cmd=40f3 pixcntl=000 cur=199,0
[M8P] rect cmd=40f3 pixcntl=000 cur=200,0
[M8P] rect cmd=40f3 pixcntl=000 cur=201,0
[M8P] rect cmd=40f3 pixcntl=000 cur=202,0
[M8P] rect cmd=40f3 pixcntl=000 cur=203,0
[M8P] rect cmd=40f3 pixcntl=000 cur=204,0
[M8P] rect cmd=40f3 pixcntl=000 cur=205,0
[M8P] rect cmd=40f3 pixcntl=000 cur=206,0
[M8P] rect cmd=40f3 pixcntl=000 cur=207,0
[M8P] rect cmd=40f3 pixcntl=000 cur=208,0
[M8P] rect cmd=40f3 pixcntl=000 cur=209,0
[M8P] rect cmd=40f3 pixcntl=000 cur=210,0
[M8P] rect cmd=40f3 pixcntl=000 cur=211,0
[M8P] rect cmd=40f3 pixcntl=000 cur=212,0
[M8P] rect cmd=40f3 pixcntl=000 cur=213,0
[M8P] rect cmd=40f3 pixcntl=000 cur=214,0
[M8P] rect cmd=40f3 pixcntl=000 cur=215,0
[M8P] rect cmd=40f3 pixcntl=000 cur=216,0
[M8P] rect cmd=40f3 pixcntl=000 cur=217,0
[M8P] rect cmd=40f3 pixcntl=000 cur=218,0
[M8P] rect cmd=40f3 pixcntl=000 cur=219,0
[M8P] rect cmd=40f3 pixcntl=000 cur=220,0
[M8P] rect cmd=40f3 pixcntl=000 cur=221,0
[M8P] rect cmd=40f3 pixcntl=000 cur=222,0
[M8P] rect cmd=40f3 pixcntl=000 cur=223,0
[M8P] rect cmd=40f3 pixcntl=000 cur=224,0
[M8P] rect cmd=40f3 pixcntl=000 cur=225,0
[M8P] rect cmd=40f3 pixcntl=000 cur=226,0
[M8P] rect cmd=40f3 pixcntl=000 cur=227,0
[M8P] rect cmd=40f3 pixcntl=000 cur=228,0
[M8P] rect cmd=40f3 pixcntl=000 cur=229,0
[M8P] rect cmd=40f3 pixcntl=000 cur=230,0
[M8P] rect cmd=40f3 pixcntl=000 cur=231,0
[M8P] rect cmd=40f3 pixcntl=000 cur=232,0
[M8P] rect cmd=40f3 pixcntl=000 cur=233,0
[M8P] rect cmd=40f3 pixcntl=000 cur=234,0
[M8P] rect cmd=40f3 pixcntl=000 cur=235,0
[M8P] rect cmd=40f3 pixcntl=000 cur=236,0
[M8P] rect cmd=40f3 pixcntl=000 cur=237,0
[M8P] rect cmd=40f3 pixcntl=000 cur=238,0
[M8P] rect cmd=40f3 pixcntl=000 cur=239,0
[M8P] rect cmd=40f3 pixcntl=000 cur=240,0
[M8P] rect cmd=40f3 pixcntl=000 cur=241,0
[M8P] rect cmd=40f3 pixcntl=000 cur=242,0
[M8P] rect cmd=40f3 pixcntl=000 cur=243,0
[M8P] rect cmd=40f3 pixcntl=000 cur=244,0
[M8P] rect cmd=40f3 pixcntl=000 cur=245,0
[M8P] rect cmd=40f3 pixcntl=000 cur=246,0
[M8P] rect cmd=40f3 pixcntl=000 cur=247,0
[M8P] rect cmd=40f3 pixcntl=000 cur=248,0
[M8P] rect cmd=40f3 pixcntl=000 cur=249,0
[M8P] rect cmd=40f3 pixcntl=000 cur=250,0
[M8P] rect cmd=40f3 pixcntl=000 cur=251,0
[M8P] rect cmd=40f3 pixcntl=000 cur=252,0
[M8P] rect cmd=40f3 pixcntl=000 cur=253,0
[M8P] rect cmd=40f3 pixcntl=000 cur=254,0
[M8P] rect cmd=40f3 pixcntl=000 cur=255,0
[M8P] rect cmd=40f3 pixcntl=000 cur=0,0
[M8P] rect cmd=53b0 pixcntl=000 cur=0,0
[M8P] rect cmd=40f3 pixcntl=000 cur=0,0
[M8P] rect cmd=40f3 pixcntl=000 cur=1,0
[M8P] rect cmd=40f3 pixcntl=000 cur=2,0
[M8P] rect cmd=40f3 pixcntl=000 cur=3,0
[M8P] rect cmd=40f3 pixcntl=000 cur=4,0
[M8P] rect cmd=40f3 pixcntl=000 cur=5,0
[M8P] rect cmd=40f3 pixcntl=000 cur=6,0
[M8P] rect cmd=40f3 pixcntl=000 cur=7,0
[M8P] rect cmd=40f3 pixcntl=000 cur=8,0
[M8P] rect cmd=40f3 pixcntl=000 cur=9,0
[M8P] rect cmd=40f3 pixcntl=000 cur=10,0
[M8P] rect cmd=40f3 pixcntl=000 cur=11,0
[M8P] rect cmd=40f3 pixcntl=000 cur=12,0
[M8P] rect cmd=40f3 pixcntl=000 cur=13,0
[M8P] rect cmd=40f3 pixcntl=000 cur=14,0
[M8P] rect cmd=40f3 pixcntl=000 cur=15,0
[M8P] rect cmd=40f3 pixcntl=000 cur=16,0
[M8P] rect cmd=40f3 pixcntl=000 cur=17,0
[M8P] rect cmd=40f3 pixcntl=000 cur=18,0
[M8P] rect cmd=40f3 pixcntl=000 cur=19,0
[M8P] rect cmd=40f3 pixcntl=000 cur=20,0
[M8P] rect cmd=40f3 pixcntl=000 cur=21,0
[M8P] rect cmd=40f3 pixcntl=000 cur=22,0
[M8P] rect cmd=40f3 pixcntl=000 cur=23,0
[M8P] rect cmd=40f3 pixcntl=000 cur=24,0
[M8P] rect cmd=40f3 pixcntl=000 cur=25,0
[M8P] rect cmd=40f3 pixcntl=000 cur=26,0
[M8P] rect cmd=40f3 pixcntl=000 cur=27,0
[M8P] rect cmd=40f3 pixcntl=000 cur=28,0
[M8P] rect cmd=40f3 pixcntl=000 cur=29,0
[M8P] rect cmd=40f3 pixcntl=000 cur=30,0
[M8P] rect cmd=40f3 pixcntl=000 cur=31,0
[M8P] rect cmd=40f3 pixcntl=000 cur=32,0
[M8P] rect cmd=40f3 pixcntl=000 cur=33,0
[M8P] rect cmd=40f3 pixcntl=000 cur=34,0
[M8P] rect cmd=40f3 pixcntl=000 cur=35,0
[M8P] rect cmd=40f3 pixcntl=000 cur=36,0
[M8P] rect cmd=40f3 pixcntl=000 cur=37,0
[M8P] rect cmd=40f3 pixcntl=000 cur=38,0
[M8P] rect cmd=40f3 pixcntl=000 cur=39,0
[M8P] rect cmd=40f3 pixcntl=000 cur=40,0
[M8P] rect cmd=40f3 pixcntl=000 cur=41,0
[M8P] rect cmd=40f3 pixcntl=000 cur=42,0
[M8P] rect cmd=40f3 pixcntl=000 cur=43,0
[M8P] rect cmd=40f3 pixcntl=000 cur=44,0
[M8P] rect cmd=40f3 pixcntl=000 cur=45,0
[M8P] rect cmd=40f3 pixcntl=000 cur=46,0
[M8P] rect cmd=40f3 pixcntl=000 cur=47,0
[M8P] rect cmd=40f3 pixcntl=000 cur=48,0
[M8P] rect cmd=40f3 pixcntl=000 cur=49,0
[M8P] rect cmd=40f3 pixcntl=000 cur=50,0
[M8P] rect cmd=40f3 pixcntl=000 cur=51,0
[M8P] rect cmd=40f3 pixcntl=000 cur=52,0
[M8P] rect cmd=40f3 pixcntl=000 cur=53,0
[M8P] rect cmd=40f3 pixcntl=000 cur=54,0
[M8P] rect cmd=40f3 pixcntl=000 cur=55,0
[M8P] rect cmd=40f3 pixcntl=000 cur=56,0
[M8P] rect cmd=40f3 pixcntl=000 cur=57,0
[M8P] rect cmd=40f3 pixcntl=000 cur=58,0
[M8P] rect cmd=40f3 pixcntl=000 cur=59,0
[M8P] rect cmd=40f3 pixcntl=000 cur=60,0
[M8P] rect cmd=40f3 pixcntl=000 cur=61,0
[M8P] rect cmd=40f3 pixcntl=000 cur=62,0
[M8P] rect cmd=40f3 pixcntl=000 cur=63,0
[M8P] rect cmd=40f3 pixcntl=000 cur=64,0
[M8P] rect cmd=40f3 pixcntl=000 cur=65,0
[M8P] rect cmd=40f3 pixcntl=000 cur=66,0
[M8P] rect cmd=40f3 pixcntl=000 cur=67,0
[M8P] rect cmd=40f3 pixcntl=000 cur=68,0
[M8P] rect cmd=40f3 pixcntl=000 cur=69,0
[M8P] rect cmd=40f3 pixcntl=000 cur=70,0
[M8P] rect cmd=40f3 pixcntl=000 cur=71,0
[M8P] rect cmd=40f3 pixcntl=000 cur=72,0
[M8P] rect cmd=40f3 pixcntl=000 cur=73,0
[M8P] rect cmd=40f3 pixcntl=000 cur=74,0
[M8P] rect cmd=40f3 pixcntl=000 cur=75,0
[M8P] rect cmd=40f3 pixcntl=000 cur=76,0
[M8P] rect cmd=40f3 pixcntl=000 cur=77,0
[M8P] rect cmd=40f3 pixcntl=000 cur=78,0
[M8P] rect cmd=40f3 pixcntl=000 cur=79,0
[M8P] rect cmd=40f3 pixcntl=000 cur=80,0
[M8P] rect cmd=40f3 pixcntl=000 cur=81,0
[M8P] rect cmd=40f3 pixcntl=000 cur=82,0
[M8P] rect cmd=40f3 pixcntl=000 cur=83,0
[M8P] rect cmd=40f3 pixcntl=000 cur=84,0
[M8P] rect cmd=40f3 pixcntl=000 cur=85,0
[M8P] rect cmd=40f3 pixcntl=000 cur=86,0
[M8P] rect cmd=40f3 pixcntl=000 cur=87,0
[M8P] rect cmd=40f3 pixcntl=000 cur=88,0
[M8P] rect cmd=40f3 pixcntl=000 cur=89,0
[M8P] rect cmd=40f3 pixcntl=000 cur=90,0
[M8P] rect cmd=40f3 pixcntl=000 cur=91,0
[M8P] rect cmd=40f3 pixcntl=000 cur=92,0
[M8P] rect cmd=40f3 pixcntl=000 cur=93,0
[M8P] rect cmd=40f3 pixcntl=000 cur=94,0
[M8P] rect cmd=40f3 pixcntl=000 cur=95,0
[M8P] rect cmd=40f3 pixcntl=000 cur=96,0
[M8P] rect cmd=40f3 pixcntl=000 cur=97,0
[M8P] rect cmd=40f3 pixcntl=000 cur=98,0
[M8P] rect cmd=40f3 pixcntl=000 cur=99,0
[M8P] rect cmd=40f3 pixcntl=000 cur=100,0
[M8P] rect cmd=40f3 pixcntl=000 cur=101,0
[M8P] rect cmd=40f3 pixcntl=000 cur=102,0
[M8P] rect cmd=40f3 pixcntl=000 cur=103,0
[M8P] rect cmd=40f3 pixcntl=000 cur=104,0
[M8P] rect cmd=40f3 pixcntl=000 cur=105,0
[M8P] rect cmd=40f3 pixcntl=000 cur=106,0
[M8P] rect cmd=40f3 pixcntl=000 cur=107,0
[M8P] rect cmd=40f3 pixcntl=000 cur=108,0
[M8P] rect cmd=40f3 pixcntl=000 cur=109,0
[M8P] rect cmd=40f3 pixcntl=000 cur=110,0
[M8P] rect cmd=40f3 pixcntl=000 cur=111,0
[M8P] rect cmd=40f3 pixcntl=000 cur=112,0
[M8P] rect cmd=40f3 pixcntl=000 cur=113,0
[M8P] rect cmd=40f3 pixcntl=000 cur=114,0
[M8P] rect cmd=40f3 pixcntl=000 cur=115,0
[M8P] rect cmd=40f3 pixcntl=000 cur=116,0
[M8P] rect cmd=40f3 pixcntl=000 cur=117,0
[M8P] rect cmd=40f3 pixcntl=000 cur=118,0
[M8P] rect cmd=40f3 pixcntl=000 cur=119,0
[M8P] rect cmd=40f3 pixcntl=000 cur=120,0
[M8P] rect cmd=40f3 pixcntl=000 cur=121,0
[M8P] rect cmd=40f3 pixcntl=000 cur=122,0
[M8P] rect cmd=40f3 pixcntl=000 cur=123,0
[M8P] rect cmd=40f3 pixcntl=000 cur=124,0
[M8P] rect cmd=40f3 pixcntl=000 cur=125,0
[M8P] rect cmd=40f3 pixcntl=000 cur=126,0
[M8P] rect cmd=40f3 pixcntl=000 cur=127,0
[M8P] rect cmd=40f3 pixcntl=000 cur=128,0
[M8P] rect cmd=40f3 pixcntl=000 cur=129,0
[M8P] rect cmd=40f3 pixcntl=000 cur=130,0
[M8P] rect cmd=40f3 pixcntl=000 cur=131,0
[M8P] rect cmd=40f3 pixcntl=000 cur=132,0
[M8P] rect cmd=40f3 pixcntl=000 cur=133,0
[M8P] rect cmd=40f3 pixcntl=000 cur=134,0
[M8P] rect cmd=40f3 pixcntl=000 cur=135,0
[M8P] rect cmd=40f3 pixcntl=000 cur=136,0
[M8P] rect cmd=40f3 pixcntl=000 cur=137,0
[M8P] rect cmd=40f3 pixcntl=000 cur=138,0
[M8P] rect cmd=40f3 pixcntl=000 cur=139,0
[M8P] rect cmd=40f3 pixcntl=000 cur=140,0
[M8P] rect cmd=40f3 pixcntl=000 cur=141,0
[M8P] rect cmd=40f3 pixcntl=000 cur=142,0
[M8P] rect cmd=40f3 pixcntl=000 cur=143,0
[M8P] rect cmd=40f3 pixcntl=000 cur=144,0
[M8P] rect cmd=40f3 pixcntl=000 cur=145,0
[M8P] rect cmd=40f3 pixcntl=000 cur=146,0
[M8P] rect cmd=40f3 pixcntl=000 cur=147,0
[M8P] rect cmd=40f3 pixcntl=000 cur=148,0
[M8P] rect cmd=40f3 pixcntl=000 cur=149,0
[M8P] rect cmd=40f3 pixcntl=000 cur=150,0
[M8P] rect cmd=40f3 pixcntl=000 cur=151,0
[M8P] rect cmd=40f3 pixcntl=000 cur=152,0
[M8P] rect cmd=40f3 pixcntl=000 cur=153,0
[M8P] rect cmd=40f3 pixcntl=000 cur=154,0
[M8P] rect cmd=40f3 pixcntl=000 cur=155,0
[M8P] rect cmd=40f3 pixcntl=000 cur=156,0
[M8P] rect cmd=40f3 pixcntl=000 cur=157,0
[M8P] rect cmd=40f3 pixcntl=000 cur=158,0
[M8P] rect cmd=40f3 pixcntl=000 cur=159,0
[M8P] rect cmd=40f3 pixcntl=000 cur=160,0
[M8P] rect cmd=40f3 pixcntl=000 cur=161,0
[M8P] rect cmd=40f3 pixcntl=000 cur=162,0
[M8P] rect cmd=40f3 pixcntl=000 cur=163,0
[M8P] rect cmd=40f3 pixcntl=000 cur=164,0
[M8P] rect cmd=40f3 pixcntl=000 cur=165,0
[M8P] rect cmd=40f3 pixcntl=000 cur=166,0
[M8P] rect cmd=40f3 pixcntl=000 cur=167,0
[M8P] rect cmd=40f3 pixcntl=000 cur=168,0
[M8P] rect cmd=40f3 pixcntl=000 cur=169,0
[M8P] rect cmd=40f3 pixcntl=000 cur=170,0
[M8P] rect cmd=40f3 pixcntl=000 cur=171,0
[M8P] rect cmd=40f3 pixcntl=000 cur=172,0
[M8P] rect cmd=40f3 pixcntl=000 cur=173,0
[M8P] rect cmd=40f3 pixcntl=000 cur=174,0
[M8P] rect cmd=40f3 pixcntl=000 cur=175,0
[M8P] rect cmd=40f3 pixcntl=000 cur=176,0
[M8P] rect cmd=40f3 pixcntl=000 cur=177,0
[M8P] rect cmd=40f3 pixcntl=000 cur=178,0
[M8P] rect cmd=40f3 pixcntl=000 cur=179,0
[M8P] rect cmd=40f3 pixcntl=000 cur=180,0
[M8P] rect cmd=40f3 pixcntl=000 cur=181,0
[M8P] rect cmd=40f3 pixcntl=000 cur=182,0
[M8P] rect cmd=40f3 pixcntl=000 cur=183,0
[M8P] rect cmd=40f3 pixcntl=000 cur=184,0
[M8P] rect cmd=40f3 pixcntl=000 cur=185,0
[M8P] rect cmd=40f3 pixcntl=000 cur=186,0
[M8P] rect cmd=40f3 pixcntl=000 cur=187,0
[M8P] rect cmd=40f3 pixcntl=000 cur=188,0
[M8P] rect cmd=40f3 pixcntl=000 cur=189,0
[M8P] rect cmd=40f3 pixcntl=000 cur=190,0
[M8P] rect cmd=40f3 pixcntl=000 cur=191,0
[M8P] rect cmd=40f3 pixcntl=000 cur=192,0
[M8P] rect cmd=40f3 pixcntl=000 cur=193,0
[M8P] rect cmd=40f3 pixcntl=000 cur=194,0
[M8P] rect cmd=40f3 pixcntl=000 cur=195,0
[M8P] rect cmd=40f3 pixcntl=000 cur=196,0
[M8P] rect cmd=40f3 pixcntl=000 cur=197,0
[M8P] rect cmd=40f3 pixcntl=000 cur=198,0
[M8P] rect cmd=40f3 pixcntl=000 cur=199,0
[M8P] rect cmd=40f3 pixcntl=000 cur=200,0
[M8P] rect cmd=40f3 pixcntl=000 cur=201,0
[M8P] rect cmd=40f3 pixcntl=000 cur=202,0
[M8P] rect cmd=40f3 pixcntl=000 cur=203,0
[M8P] rect cmd=40f3 pixcntl=000 cur=204,0
[M8P] rect cmd=40f3 pixcntl=000 cur=205,0
[M8P] rect cmd=40f3 pixcntl=000 cur=206,0
[M8P] rect cmd=40f3 pixcntl=000 cur=207,0
[M8P] rect cmd=40f3 pixcntl=000 cur=208,0
[M8P] rect cmd=40f3 pixcntl=000 cur=209,0
[M8P] rect cmd=40f3 pixcntl=000 cur=210,0
[M8P] rect cmd=40f3 pixcntl=000 cur=211,0
[M8P] rect cmd=40f3 pixcntl=000 cur=212,0
[M8P] rect cmd=40f3 pixcntl=000 cur=213,0
[M8P] rect cmd=40f3 pixcntl=000 cur=214,0
[M8P] rect cmd=40f3 pixcntl=000 cur=215,0
[M8P] rect cmd=40f3 pixcntl=000 cur=216,0
[M8P] rect cmd=40f3 pixcntl=000 cur=217,0
[M8P] rect cmd=40f3 pixcntl=000 cur=218,0
[M8P] rect cmd=40f3 pixcntl=000 cur=219,0
[M8P] rect cmd=40f3 pixcntl=000 cur=220,0
[M8P] rect cmd=40f3 pixcntl=000 cur=221,0
[M8P] rect cmd=40f3 pixcntl=000 cur=222,0
[M8P] rect cmd=40f3 pixcntl=000 cur=223,0
[M8P] rect cmd=40f3 pixcntl=000 cur=224,0
[M8P] rect cmd=40f3 pixcntl=000 cur=225,0
[M8P] rect cmd=40f3 pixcntl=000 cur=226,0
[M8P] rect cmd=40f3 pixcntl=000 cur=227,0
[M8P] rect cmd=40f3 pixcntl=000 cur=228,0
[M8P] rect cmd=40f3 pixcntl=000 cur=229,0
[M8P] rect cmd=40f3 pixcntl=000 cur=230,0
[M8P] rect cmd=40f3 pixcntl=000 cur=231,0
[M8P] rect cmd=40f3 pixcntl=000 cur=232,0
[M8P] rect cmd=40f3 pixcntl=000 cur=233,0
[M8P] rect cmd=40f3 pixcntl=000 cur=234,0
[M8P] rect cmd=40f3 pixcntl=000 cur=235,0
[M8P] rect cmd=40f3 pixcntl=000 cur=236,0
[M8P] rect cmd=40f3 pixcntl=000 cur=237,0
[M8P] rect cmd=40f3 pixcntl=000 cur=238,0
[M8P] rect cmd=40f3 pixcntl=000 cur=239,0
[M8P] rect cmd=40f3 pixcntl=000 cur=240,0
[M8P] rect cmd=40f3 pixcntl=000 cur=241,0
[M8P] rect cmd=40f3 pixcntl=000 cur=242,0
[M8P] rect cmd=40f3 pixcntl=000 cur=243,0
[M8P] rect cmd=40f3 pixcntl=000 cur=244,0
[M8P] rect cmd=40f3 pixcntl=000 cur=245,0
[M8P] rect cmd=40f3 pixcntl=000 cur=246,0
[M8P] rect cmd=40f3 pixcntl=000 cur=247,0
[M8P] rect cmd=40f3 pixcntl=000 cur=248,0
[M8P] rect cmd=40f3 pixcntl=000 cur=249,0
[M8P] rect cmd=40f3 pixcntl=000 cur=250,0
[M8P] rect cmd=40f3 pixcntl=000 cur=251,0
[M8P] rect cmd=40f3 pixcntl=000 cur=252,0
[M8P] rect cmd=40f3 pixcntl=000 cur=253,0
[M8P] rect cmd=40f3 pixcntl=000 cur=254,0
[M8P] rect cmd=40f3 pixcntl=000 cur=255,0
[M8P] rect cmd=40f3 pixcntl=000 cur=0,0
[M8P] rect cmd=53b0 pixcntl=000 cur=0,0
[M8P] rect cmd=40f3 pixcntl=000 cur=0,0
[M8P] rect cmd=40f3 pixcntl=000 cur=1,0
[M8P] rect cmd=40f3 pixcntl=000 cur=2,0
[M8P] rect cmd=40f3 pixcntl=000 cur=3,0
[M8P] rect cmd=40f3 pixcntl=000 cur=4,0
[M8P] rect cmd=40f3 pixcntl=000 cur=5,0
[M8P] rect cmd=40f3 pixcntl=000 cur=6,0
[M8P] rect cmd=40f3 pixcntl=000 cur=7,0
[M8P] rect cmd=40f3 pixcntl=000 cur=8,0
[M8P] rect cmd=40f3 pixcntl=000 cur=9,0
[M8P] rect cmd=40f3 pixcntl=000 cur=10,0
[M8P] rect cmd=40f3 pixcntl=000 cur=11,0
[M8P] rect cmd=40f3 pixcntl=000 cur=12,0
[M8P] rect cmd=40f3 pixcntl=000 cur=13,0
[M8P] rect cmd=40f3 pixcntl=000 cur=14,0
[M8P] rect cmd=40f3 pixcntl=000 cur=15,0
[M8P] rect cmd=40f3 pixcntl=000 cur=16,0
[M8P] rect cmd=40f3 pixcntl=000 cur=17,0
[M8P] rect cmd=40f3 pixcntl=000 cur=18,0
[M8P] rect cmd=40f3 pixcntl=000 cur=19,0
[M8P] rect cmd=40f3 pixcntl=000 cur=20,0
[M8P] rect cmd=40f3 pixcntl=000 cur=21,0
[M8P] rect cmd=40f3 pixcntl=000 cur=22,0
[M8P] rect cmd=40f3 pixcntl=000 cur=23,0
[M8P] rect cmd=40f3 pixcntl=000 cur=24,0
[M8P] rect cmd=40f3 pixcntl=000 cur=25,0
[M8P] rect cmd=40f3 pixcntl=000 cur=26,0
[M8P] rect cmd=40f3 pixcntl=000 cur=27,0
[M8P] rect cmd=40f3 pixcntl=000 cur=28,0
[M8P] rect cmd=40f3 pixcntl=000 cur=29,0
[M8P] rect cmd=40f3 pixcntl=000 cur=30,0
[M8P] rect cmd=40f3 pixcntl=000 cur=31,0
[M8P] rect cmd=40f3 pixcntl=000 cur=32,0
[M8P] rect cmd=40f3 pixcntl=000 cur=33,0
[M8P] rect cmd=40f3 pixcntl=000 cur=34,0
[M8P] rect cmd=40f3 pixcntl=000 cur=35,0
[M8P] rect cmd=40f3 pixcntl=000 cur=36,0
[M8P] rect cmd=40f3 pixcntl=000 cur=37,0
[M8P] rect cmd=40f3 pixcntl=000 cur=38,0
[M8P] rect cmd=40f3 pixcntl=000 cur=39,0
[M8P] rect cmd=40f3 pixcntl=000 cur=40,0
[M8P] rect cmd=40f3 pixcntl=000 cur=41,0
[M8P] rect cmd=40f3 pixcntl=000 cur=42,0
[M8P] rect cmd=40f3 pixcntl=000 cur=43,0
[M8P] rect cmd=40f3 pixcntl=000 cur=44,0
[M8P] rect cmd=40f3 pixcntl=000 cur=45,0
[M8P] rect cmd=40f3 pixcntl=000 cur=46,0
[M8P] rect cmd=40f3 pixcntl=000 cur=47,0
[M8P] rect cmd=40f3 pixcntl=000 cur=48,0
[M8P] rect cmd=40f3 pixcntl=000 cur=49,0
[M8P] rect cmd=40f3 pixcntl=000 cur=50,0
[M8P] rect cmd=40f3 pixcntl=000 cur=51,0
[M8P] rect cmd=40f3 pixcntl=000 cur=52,0
[M8P] rect cmd=40f3 pixcntl=000 cur=53,0
[M8P] rect cmd=40f3 pixcntl=000 cur=54,0
[M8P] rect cmd=40f3 pixcntl=000 cur=55,0
[M8P] rect cmd=40f3 pixcntl=000 cur=56,0
[M8P] rect cmd=40f3 pixcntl=000 cur=57,0
[M8P] rect cmd=40f3 pixcntl=000 cur=58,0
[M8P] rect cmd=40f3 pixcntl=000 cur=59,0
[M8P] rect cmd=40f3 pixcntl=000 cur=60,0
[M8P] rect cmd=40f3 pixcntl=000 cur=61,0
[M8P] rect cmd=40f3 pixcntl=000 cur=62,0
[M8P] rect cmd=40f3 pixcntl=000 cur=63,0
[M8P] rect cmd=40f3 pixcntl=000 cur=64,0
[M8P] rect cmd=40f3 pixcntl=000 cur=65,0
[M8P] rect cmd=40f3 pixcntl=000 cur=66,0
[M8P] rect cmd=40f3 pixcntl=000 cur=67,0
[M8P] rect cmd=40f3 pixcntl=000 cur=68,0
[M8P] rect cmd=40f3 pixcntl=000 cur=69,0
[M8P] rect cmd=40f3 pixcntl=000 cur=70,0
[M8P] rect cmd=40f3 pixcntl=000 cur=71,0
[M8P] rect cmd=40f3 pixcntl=000 cur=72,0
[M8P] rect cmd=40f3 pixcntl=000 cur=73,0
[M8P] rect cmd=40f3 pixcntl=000 cur=74,0
[M8P] rect cmd=40f3 pixcntl=000 cur=75,0
[M8P] rect cmd=40f3 pixcntl=000 cur=76,0
[M8P] rect cmd=40f3 pixcntl=000 cur=77,0
[M8P] rect cmd=40f3 pixcntl=000 cur=78,0
[M8P] rect cmd=40f3 pixcntl=000 cur=79,0
[M8P] rect cmd=40f3 pixcntl=000 cur=80,0
[M8P] rect cmd=40f3 pixcntl=000 cur=81,0
[M8P] rect cmd=40f3 pixcntl=000 cur=82,0
[M8P] rect cmd=40f3 pixcntl=000 cur=83,0
[M8P] rect cmd=40f3 pixcntl=000 cur=84,0
[M8P] rect cmd=40f3 pixcntl=000 cur=85,0
[M8P] rect cmd=40f3 pixcntl=000 cur=86,0
[M8P] rect cmd=40f3 pixcntl=000 cur=87,0
[M8P] rect cmd=40f3 pixcntl=000 cur=88,0
[M8P] rect cmd=40f3 pixcntl=000 cur=89,0
[M8P] rect cmd=40f3 pixcntl=000 cur=90,0
[M8P] rect cmd=40f3 pixcntl=000 cur=91,0
[M8P] rect cmd=40f3 pixcntl=000 cur=92,0
[M8P] rect cmd=40f3 pixcntl=000 cur=93,0
[M8P] rect cmd=40f3 pixcntl=000 cur=94,0
[M8P] rect cmd=40f3 pixcntl=000 cur=95,0
[M8P] rect cmd=40f3 pixcntl=000 cur=96,0
[M8P] rect cmd=40f3 pixcntl=000 cur=97,0
[M8P] rect cmd=40f3 pixcntl=000 cur=98,0
[M8P] rect cmd=40f3 pixcntl=000 cur=99,0
[M8P] rect cmd=40f3 pixcntl=000 cur=100,0
[M8P] rect cmd=40f3 pixcntl=000 cur=101,0
[M8P] rect cmd=40f3 pixcntl=000 cur=102,0
[M8P] rect cmd=40f3 pixcntl=000 cur=103,0
[M8P] rect cmd=40f3 pixcntl=000 cur=104,0
[M8P] rect cmd=40f3 pixcntl=000 cur=105,0
[M8P] rect cmd=40f3 pixcntl=000 cur=106,0
[M8P] rect cmd=40f3 pixcntl=000 cur=107,0
[M8P] rect cmd=40f3 pixcntl=000 cur=108,0
[M8P] rect cmd=40f3 pixcntl=000 cur=109,0
[M8P] rect cmd=40f3 pixcntl=000 cur=110,0
[M8P] rect cmd=40f3 pixcntl=000 cur=111,0
[M8P] rect cmd=40f3 pixcntl=000 cur=112,0
[M8P] rect cmd=40f3 pixcntl=000 cur=113,0
[M8P] rect cmd=40f3 pixcntl=000 cur=114,0
[M8P] rect cmd=40f3 pixcntl=000 cur=115,0
[M8P] rect cmd=40f3 pixcntl=000 cur=116,0
[M8P] rect cmd=40f3 pixcntl=000 cur=117,0
[M8P] rect cmd=40f3 pixcntl=000 cur=118,0
[M8P] rect cmd=40f3 pixcntl=000 cur=119,0
[M8P] rect cmd=40f3 pixcntl=000 cur=120,0
[M8P] rect cmd=40f3 pixcntl=000 cur=121,0
[M8P] rect cmd=40f3 pixcntl=000 cur=122,0
[M8P] rect cmd=40f3 pixcntl=000 cur=123,0
[M8P] rect cmd=40f3 pixcntl=000 cur=124,0
[M8P] rect cmd=40f3 pixcntl=000 cur=125,0
[M8P] rect cmd=40f3 pixcntl=000 cur=126,0
[M8P] rect cmd=40f3 pixcntl=000 cur=127,0
[M8P] rect cmd=40f3 pixcntl=000 cur=128,0
[M8P] rect cmd=40f3 pixcntl=000 cur=129,0
[M8P] rect cmd=40f3 pixcntl=000 cur=130,0
[M8P] rect cmd=40f3 pixcntl=000 cur=131,0
[M8P] rect cmd=40f3 pixcntl=000 cur=132,0
[M8P] rect cmd=40f3 pixcntl=000 cur=133,0
[M8P] rect cmd=40f3 pixcntl=000 cur=134,0
[M8P] rect cmd=40f3 pixcntl=000 cur=135,0
[M8P] rect cmd=40f3 pixcntl=000 cur=136,0
[M8P] rect cmd=40f3 pixcntl=000 cur=137,0
[M8P] rect cmd=40f3 pixcntl=000 cur=138,0
[M8P] rect cmd=40f3 pixcntl=000 cur=139,0
[M8P] rect cmd=40f3 pixcntl=000 cur=140,0
[M8P] rect cmd=40f3 pixcntl=000 cur=141,0
[M8P] rect cmd=40f3 pixcntl=000 cur=142,0
[M8P] rect cmd=40f3 pixcntl=000 cur=143,0
[M8P] rect cmd=40f3 pixcntl=000 cur=144,0
[M8P] rect cmd=40f3 pixcntl=000 cur=145,0
[M8P] rect cmd=40f3 pixcntl=000 cur=146,0
[M8P] rect cmd=40f3 pixcntl=000 cur=147,0
[M8P] rect cmd=40f3 pixcntl=000 cur=148,0
[M8P] rect cmd=40f3 pixcntl=000 cur=149,0
[M8P] rect cmd=40f3 pixcntl=000 cur=150,0
[M8P] rect cmd=40f3 pixcntl=000 cur=151,0
[M8P] rect cmd=40f3 pixcntl=000 cur=152,0
[M8P] rect cmd=40f3 pixcntl=000 cur=153,0
[M8P] rect cmd=40f3 pixcntl=000 cur=154,0
[M8P] rect cmd=40f3 pixcntl=000 cur=155,0
[M8P] rect cmd=40f3 pixcntl=000 cur=156,0
[M8P] rect cmd=40f3 pixcntl=000 cur=157,0
[M8P] rect cmd=40f3 pixcntl=000 cur=158,0
[M8P] rect cmd=40f3 pixcntl=000 cur=159,0
[M8P] rect cmd=40f3 pixcntl=000 cur=160,0
[M8P] rect cmd=40f3 pixcntl=000 cur=161,0
[M8P] rect cmd=40f3 pixcntl=000 cur=162,0
[M8P] rect cmd=40f3 pixcntl=000 cur=163,0
[M8P] rect cmd=40f3 pixcntl=000 cur=164,0
[M8P] rect cmd=40f3 pixcntl=000 cur=165,0
[M8P] rect cmd=40f3 pixcntl=000 cur=166,0
[M8P] rect cmd=40f3 pixcntl=000 cur=167,0
[M8P] rect cmd=40f3 pixcntl=000 cur=168,0
[M8P] rect cmd=40f3 pixcntl=000 cur=169,0
[M8P] rect cmd=40f3 pixcntl=000 cur=170,0
[M8P] rect cmd=40f3 pixcntl=000 cur=171,0
[M8P] rect cmd=40f3 pixcntl=000 cur=172,0
[M8P] rect cmd=40f3 pixcntl=000 cur=173,0
[M8P] rect cmd=40f3 pixcntl=000 cur=174,0
[M8P] rect cmd=40f3 pixcntl=000 cur=175,0
[M8P] rect cmd=40f3 pixcntl=000 cur=176,0
[M8P] rect cmd=40f3 pixcntl=000 cur=177,0
[M8P] rect cmd=40f3 pixcntl=000 cur=178,0
[M8P] rect cmd=40f3 pixcntl=000 cur=179,0
[M8P] rect cmd=40f3 pixcntl=000 cur=180,0
[M8P] rect cmd=40f3 pixcntl=000 cur=181,0
[M8P] rect cmd=40f3 pixcntl=000 cur=182,0
[M8P] rect cmd=40f3 pixcntl=000 cur=183,0
[M8P] rect cmd=40f3 pixcntl=000 cur=184,0
[M8P] rect cmd=40f3 pixcntl=000 cur=185,0
[M8P] rect cmd=40f3 pixcntl=000 cur=186,0
[M8P] rect cmd=40f3 pixcntl=000 cur=187,0
[M8P] rect cmd=40f3 pixcntl=000 cur=188,0
[M8P] rect cmd=40f3 pixcntl=000 cur=189,0
[M8P] rect cmd=40f3 pixcntl=000 cur=190,0
[M8P] rect cmd=40f3 pixcntl=000 cur=191,0
[M8P] rect cmd=40f3 pixcntl=000 cur=192,0
[M8P] rect cmd=40f3 pixcntl=000 cur=193,0
[M8P] rect cmd=40f3 pixcntl=000 cur=194,0
[M8P] rect cmd=40f3 pixcntl=000 cur=195,0
[M8P] rect cmd=40f3 pixcntl=000 cur=196,0
[M8P] rect cmd=40f3 pixcntl=000 cur=197,0
[M8P] rect cmd=40f3 pixcntl=000 cur=198,0
[M8P] rect cmd=40f3 pixcntl=000 cur=199,0
[M8P] rect cmd=40f3 pixcntl=000 cur=200,0
[M8P] rect cmd=40f3 pixcntl=000 cur=201,0
[M8P] rect cmd=40f3 pixcntl=000 cur=202,0
[M8P] rect cmd=40f3 pixcntl=000 cur=203,0
[M8P] rect cmd=40f3 pixcntl=000 cur=204,0
[M8P] rect cmd=40f3 pixcntl=000 cur=205,0
[M8P] rect cmd=40f3 pixcntl=000 cur=206,0
[M8P] rect cmd=40f3 pixcntl=000 cur=207,0
[M8P] rect cmd=40f3 pixcntl=000 cur=208,0
[M8P] rect cmd=40f3 pixcntl=000 cur=209,0
[M8P] rect cmd=40f3 pixcntl=000 cur=210,0
[M8P] rect cmd=40f3 pixcntl=000 cur=211,0
[M8P] rect cmd=40f3 pixcntl=000 cur=212,0
[M8P] rect cmd=40f3 pixcntl=000 cur=213,0
[M8P] rect cmd=40f3 pixcntl=000 cur=214,0
[M8P] rect cmd=40f3 pixcntl=000 cur=215,0
[M8P] rect cmd=40f3 pixcntl=000 cur=216,0
[M8P] rect cmd=40f3 pixcntl=000 cur=217,0
[M8P] rect cmd=40f3 pixcntl=000 cur=218,0
[M8P] rect cmd=40f3 pixcntl=000 cur=219,0
[M8P] rect cmd=40f3 pixcntl=000 cur=220,0
[M8P] rect cmd=40f3 pixcntl=000 cur=221,0
[M8P] rect cmd=40f3 pixcntl=000 cur=222,0
[M8P] rect cmd=40f3 pixcntl=000 cur=223,0
[M8P] rect cmd=40f3 pixcntl=000 cur=224,0
[M8P] rect cmd=40f3 pixcntl=000 cur=225,0
[M8P] rect cmd=40f3 pixcntl=000 cur=226,0
[M8P] rect cmd=40f3 pixcntl=000 cur=227,0
[M8P] rect cmd=40f3 pixcntl=000 cur=228,0
[M8P] rect cmd=40f3 pixcntl=000 cur=229,0
[M8P] rect cmd=40f3 pixcntl=000 cur=230,0
[M8P] rect cmd=40f3 pixcntl=000 cur=231,0
[M8P] rect cmd=40f3 pixcntl=000 cur=232,0
[M8P] rect cmd=40f3 pixcntl=000 cur=233,0
[M8P] rect cmd=40f3 pixcntl=000 cur=234,0
[M8P] rect cmd=40f3 pixcntl=000 cur=235,0
[M8P] rect cmd=40f3 pixcntl=000 cur=236,0
[M8P] rect cmd=40f3 pixcntl=000 cur=237,0
[M8P] rect cmd=40f3 pixcntl=000 cur=238,0
[M8P] rect cmd=40f3 pixcntl=000 cur=239,0
[M8P] rect cmd=40f3 pixcntl=000 cur=240,0
[M8P] rect cmd=40f3 pixcntl=000 cur=241,0
[M8P] rect cmd=40f3 pixcntl=000 cur=242,0
[M8P] rect cmd=40f3 pixcntl=000 cur=243,0
[M8P] rect cmd=40f3 pixcntl=000 cur=244,0
[M8P] rect cmd=40f3 pixcntl=000 cur=245,0
[M8P] rect cmd=40f3 pixcntl=000 cur=246,0
[M8P] rect cmd=40f3 pixcntl=000 cur=247,0
[M8P] rect cmd=40f3 pixcntl=000 cur=248,0
[M8P] rect cmd=40f3 pixcntl=000 cur=249,0
[M8P] rect cmd=40f3 pixcntl=000 cur=250,0
[M8P] rect cmd=40f3 pixcntl=000 cur=251,0
[M8P] rect cmd=40f3 pixcntl=000 cur=252,0
[M8P] rect cmd=40f3 pixcntl=000 cur=253,0
[M8P] rect cmd=40f3 pixcntl=000 cur=254,0
[M8P] rect cmd=40f3 pixcntl=000 cur=255,0
[M8P] rect cmd=40f3 pixcntl=000 cur=0,0
[M8P] rect cmd=53b0 pixcntl=000 cur=0,0
[M8P] rect cmd=40f3 pixcntl=000 cur=0,0
[M8P] rect cmd=40f3 pixcntl=000 cur=1,0
[M8P] rect cmd=40f3 pixcntl=000 cur=2,0
[M8P] rect cmd=40f3 pixcntl=000 cur=3,0
[M8P] rect cmd=40f3 pixcntl=000 cur=4,0
[M8P] rect cmd=40f3 pixcntl=000 cur=5,0
[M8P] rect cmd=40f3 pixcntl=000 cur=6,0
[M8P] rect cmd=40f3 pixcntl=000 cur=7,0
[M8P] rect cmd=40f3 pixcntl=000 cur=8,0
[M8P] rect cmd=40f3 pixcntl=000 cur=9,0
[M8P] rect cmd=40f3 pixcntl=000 cur=10,0
[M8P] rect cmd=40f3 pixcntl=000 cur=11,0
[M8P] rect cmd=40f3 pixcntl=000 cur=12,0
[M8P] rect cmd=40f3 pixcntl=000 cur=13,0
[M8P] rect cmd=40f3 pixcntl=000 cur=14,0
[M8P] rect cmd=40f3 pixcntl=000 cur=15,0
[M8P] rect cmd=40f3 pixcntl=000 cur=16,0
[M8P] rect cmd=40f3 pixcntl=000 cur=17,0
[M8P] rect cmd=40f3 pixcntl=000 cur=18,0
[M8P] rect cmd=40f3 pixcntl=000 cur=19,0
[M8P] rect cmd=40f3 pixcntl=000 cur=20,0
[M8P] rect cmd=40f3 pixcntl=000 cur=21,0
[M8P] rect cmd=40f3 pixcntl=000 cur=22,0
[M8P] rect cmd=40f3 pixcntl=000 cur=23,0
[M8P] rect cmd=40f3 pixcntl=000 cur=24,0
[M8P] rect cmd=40f3 pixcntl=000 cur=25,0
[M8P] rect cmd=40f3 pixcntl=000 cur=26,0
[M8P] rect cmd=40f3 pixcntl=000 cur=27,0
[M8P] rect cmd=40f3 pixcntl=000 cur=28,0
[M8P] rect cmd=40f3 pixcntl=000 cur=29,0
[M8P] rect cmd=40f3 pixcntl=000 cur=30,0
[M8P] rect cmd=40f3 pixcntl=000 cur=31,0
[M8P] rect cmd=40f3 pixcntl=000 cur=32,0
[M8P] rect cmd=40f3 pixcntl=000 cur=33,0
[M8P] rect cmd=40f3 pixcntl=000 cur=34,0
[M8P] rect cmd=40f3 pixcntl=000 cur=35,0
[M8P] rect cmd=40f3 pixcntl=000 cur=36,0
[M8P] rect cmd=40f3 pixcntl=000 cur=37,0
[M8P] rect cmd=40f3 pixcntl=000 cur=38,0
[M8P] rect cmd=40f3 pixcntl=000 cur=39,0
[M8P] rect cmd=40f3 pixcntl=000 cur=40,0
[M8P] rect cmd=40f3 pixcntl=000 cur=41,0
[M8P] rect cmd=40f3 pixcntl=000 cur=42,0
[M8P] rect cmd=40f3 pixcntl=000 cur=43,0
[M8P] rect cmd=40f3 pixcntl=000 cur=44,0
[M8P] rect cmd=40f3 pixcntl=000 cur=45,0
[M8P] rect cmd=40f3 pixcntl=000 cur=46,0
[M8P] rect cmd=40f3 pixcntl=000 cur=47,0
[M8P] rect cmd=40f3 pixcntl=000 cur=48,0
[M8P] rect cmd=40f3 pixcntl=000 cur=49,0
[M8P] rect cmd=40f3 pixcntl=000 cur=50,0
[M8P] rect cmd=40f3 pixcntl=000 cur=51,0
[M8P] rect cmd=40f3 pixcntl=000 cur=52,0
[M8P] rect cmd=40f3 pixcntl=000 cur=53,0
[M8P] rect cmd=40f3 pixcntl=000 cur=54,0
[M8P] rect cmd=40f3 pixcntl=000 cur=55,0
[M8P] rect cmd=40f3 pixcntl=000 cur=56,0
[M8P] rect cmd=40f3 pixcntl=000 cur=57,0
[M8P] rect cmd=40f3 pixcntl=000 cur=58,0
[M8P] rect cmd=40f3 pixcntl=000 cur=59,0
[M8P] rect cmd=40f3 pixcntl=000 cur=60,0
[M8P] rect cmd=40f3 pixcntl=000 cur=61,0
[M8P] rect cmd=40f3 pixcntl=000 cur=62,0
[M8P] rect cmd=40f3 pixcntl=000 cur=63,0
[M8P] rect cmd=40f3 pixcntl=000 cur=64,0
[M8P] rect cmd=40f3 pixcntl=000 cur=65,0
[M8P] rect cmd=40f3 pixcntl=000 cur=66,0
[M8P] rect cmd=40f3 pixcntl=000 cur=67,0
[M8P] rect cmd=40f3 pixcntl=000 cur=68,0
[M8P] rect cmd=40f3 pixcntl=000 cur=69,0
[M8P] rect cmd=40f3 pixcntl=000 cur=70,0
[M8P] rect cmd=40f3 pixcntl=000 cur=71,0
[M8P] rect cmd=40f3 pixcntl=000 cur=72,0
[M8P] rect cmd=40f3 pixcntl=000 cur=73,0
[M8P] rect cmd=40f3 pixcntl=000 cur=74,0
[M8P] rect cmd=40f3 pixcntl=000 cur=75,0
[M8P] rect cmd=40f3 pixcntl=000 cur=76,0
[M8P] rect cmd=40f3 pixcntl=000 cur=77,0
[M8P] rect cmd=40f3 pixcntl=000 cur=78,0
[M8P] rect cmd=40f3 pixcntl=000 cur=79,0
[M8P] rect cmd=40f3 pixcntl=000 cur=80,0
[M8P] rect cmd=40f3 pixcntl=000 cur=81,0
[M8P] rect cmd=40f3 pixcntl=000 cur=82,0
[M8P] rect cmd=40f3 pixcntl=000 cur=83,0
[M8P] rect cmd=40f3 pixcntl=000 cur=84,0
[M8P] rect cmd=40f3 pixcntl=000 cur=85,0
[M8P] rect cmd=40f3 pixcntl=000 cur=86,0
[M8P] rect cmd=40f3 pixcntl=000 cur=87,0
[M8P] rect cmd=40f3 pixcntl=000 cur=88,0
[M8P] rect cmd=40f3 pixcntl=000 cur=89,0
[M8P] rect cmd=40f3 pixcntl=000 cur=90,0
[M8P] rect cmd=40f3 pixcntl=000 cur=91,0
[M8P] rect cmd=40f3 pixcntl=000 cur=92,0
[M8P] rect cmd=40f3 pixcntl=000 cur=93,0
[M8P] rect cmd=40f3 pixcntl=000 cur=94,0
[M8P] rect cmd=40f3 pixcntl=000 cur=95,0
[M8P] rect cmd=40f3 pixcntl=000 cur=96,0
[M8P] rect cmd=40f3 pixcntl=000 cur=97,0
[M8P] rect cmd=40f3 pixcntl=000 cur=98,0
[M8P] rect cmd=40f3 pixcntl=000 cur=99,0
[M8P] rect cmd=40f3 pixcntl=000 cur=100,0
[M8P] rect cmd=40f3 pixcntl=000 cur=101,0
[M8P] rect cmd=40f3 pixcntl=000 cur=102,0
[M8P] rect cmd=40f3 pixcntl=000 cur=103,0
[M8P] rect cmd=40f3 pixcntl=000 cur=104,0
[M8P] rect cmd=40f3 pixcntl=000 cur=105,0
[M8P] rect cmd=40f3 pixcntl=000 cur=106,0
[M8P] rect cmd=40f3 pixcntl=000 cur=107,0
[M8P] rect cmd=40f3 pixcntl=000 cur=108,0
[M8P] rect cmd=40f3 pixcntl=000 cur=109,0
[M8P] rect cmd=40f3 pixcntl=000 cur=110,0
[M8P] rect cmd=40f3 pixcntl=000 cur=111,0
[M8P] rect cmd=40f3 pixcntl=000 cur=112,0
[M8P] rect cmd=40f3 pixcntl=000 cur=113,0
[M8P] rect cmd=40f3 pixcntl=000 cur=114,0
[M8P] rect cmd=40f3 pixcntl=000 cur=115,0
[M8P] rect cmd=40f3 pixcntl=000 cur=116,0
[M8P] rect cmd=40f3 pixcntl=000 cur=117,0
[M8P] rect cmd=40f3 pixcntl=000 cur=118,0
[M8P] rect cmd=40f3 pixcntl=000 cur=119,0
[M8P] rect cmd=40f3 pixcntl=000 cur=120,0
[M8P] rect cmd=40f3 pixcntl=000 cur=121,0
[M8P] rect cmd=40f3 pixcntl=000 cur=122,0
[M8P] rect cmd=40f3 pixcntl=000 cur=123,0
[M8P] rect cmd=40f3 pixcntl=000 cur=124,0
[M8P] rect cmd=40f3 pixcntl=000 cur=125,0
[M8P] rect cmd=40f3 pixcntl=000 cur=126,0
[M8P] rect cmd=40f3 pixcntl=000 cur=127,0
[M8P] rect cmd=40f3 pixcntl=000 cur=128,0
[M8P] rect cmd=40f3 pixcntl=000 cur=129,0
[M8P] rect cmd=40f3 pixcntl=000 cur=130,0
[M8P] rect cmd=40f3 pixcntl=000 cur=131,0
[M8P] rect cmd=40f3 pixcntl=000 cur=132,0
[M8P] rect cmd=40f3 pixcntl=000 cur=133,0
[M8P] rect cmd=40f3 pixcntl=000 cur=134,0
[M8P] rect cmd=40f3 pixcntl=000 cur=135,0
[M8P] rect cmd=40f3 pixcntl=000 cur=136,0
[M8P] rect cmd=40f3 pixcntl=000 cur=137,0
[M8P] rect cmd=40f3 pixcntl=000 cur=138,0
[M8P] rect cmd=40f3 pixcntl=000 cur=139,0
[M8P] rect cmd=40f3 pixcntl=000 cur=140,0
[M8P] rect cmd=40f3 pixcntl=000 cur=141,0
[M8P] rect cmd=40f3 pixcntl=000 cur=142,0
[M8P] rect cmd=40f3 pixcntl=000 cur=143,0
[M8P] rect cmd=40f3 pixcntl=000 cur=144,0
[M8P] rect cmd=40f3 pixcntl=000 cur=145,0
[M8P] rect cmd=40f3 pixcntl=000 cur=146,0
[M8P] rect cmd=40f3 pixcntl=000 cur=147,0
[M8P] rect cmd=40f3 pixcntl=000 cur=148,0
[M8P] rect cmd=40f3 pixcntl=000 cur=149,0
[M8P] rect cmd=40f3 pixcntl=000 cur=150,0
[M8P] rect cmd=40f3 pixcntl=000 cur=151,0
[M8P] rect cmd=40f3 pixcntl=000 cur=152,0
[M8P] rect cmd=40f3 pixcntl=000 cur=153,0
[M8P] rect cmd=40f3 pixcntl=000 cur=154,0
[M8P] rect cmd=40f3 pixcntl=000 cur=155,0
[M8P] rect cmd=40f3 pixcntl=000 cur=156,0
[M8P] rect cmd=40f3 pixcntl=000 cur=157,0
[M8P] rect cmd=40f3 pixcntl=000 cur=158,0
[M8P] rect cmd=40f3 pixcntl=000 cur=159,0
[M8P] rect cmd=40f3 pixcntl=000 cur=160,0
[M8P] rect cmd=40f3 pixcntl=000 cur=161,0
[M8P] rect cmd=40f3 pixcntl=000 cur=162,0
[M8P] rect cmd=40f3 pixcntl=000 cur=163,0
[M8P] rect cmd=40f3 pixcntl=000 cur=164,0
[M8P] rect cmd=40f3 pixcntl=000 cur=165,0
[M8P] rect cmd=40f3 pixcntl=000 cur=166,0
[M8P] rect cmd=40f3 pixcntl=000 cur=167,0
[M8P] rect cmd=40f3 pixcntl=000 cur=168,0
[M8P] rect cmd=40f3 pixcntl=000 cur=169,0
[M8P] rect cmd=40f3 pixcntl=000 cur=170,0
[M8P] rect cmd=40f3 pixcntl=000 cur=171,0
[M8P] rect cmd=40f3 pixcntl=000 cur=172,0
[M8P] rect cmd=40f3 pixcntl=000 cur=173,0
[M8P] rect cmd=40f3 pixcntl=000 cur=174,0
[M8P] rect cmd=40f3 pixcntl=000 cur=175,0
[M8P] rect cmd=40f3 pixcntl=000 cur=176,0
[M8P] rect cmd=40f3 pixcntl=000 cur=177,0
[M8P] rect cmd=40f3 pixcntl=000 cur=178,0
[M8P] rect cmd=40f3 pixcntl=000 cur=179,0
[M8P] rect cmd=40f3 pixcntl=000 cur=180,0
[M8P] rect cmd=40f3 pixcntl=000 cur=181,0
[M8P] rect cmd=40f3 pixcntl=000 cur=182,0
[M8P] rect cmd=40f3 pixcntl=000 cur=183,0
[M8P] rect cmd=40f3 pixcntl=000 cur=184,0
[M8P] rect cmd=40f3 pixcntl=000 cur=185,0
[M8P] rect cmd=40f3 pixcntl=000 cur=186,0
[M8P] rect cmd=40f3 pixcntl=000 cur=187,0
[M8P] rect cmd=40f3 pixcntl=000 cur=188,0
[M8P] rect cmd=40f3 pixcntl=000 cur=189,0
[M8P] rect cmd=40f3 pixcntl=000 cur=190,0
[M8P] rect cmd=40f3 pixcntl=000 cur=191,0
[M8P] rect cmd=40f3 pixcntl=000 cur=192,0
[M8P] rect cmd=40f3 pixcntl=000 cur=193,0
[M8P] rect cmd=40f3 pixcntl=000 cur=194,0
[M8P] rect cmd=40f3 pixcntl=000 cur=195,0
[M8P] rect cmd=40f3 pixcntl=000 cur=196,0
[M8P] rect cmd=40f3 pixcntl=000 cur=197,0
[M8P] rect cmd=40f3 pixcntl=000 cur=198,0
[M8P] rect cmd=40f3 pixcntl=000 cur=199,0
[M8P] rect cmd=40f3 pixcntl=000 cur=200,0
[M8P] rect cmd=40f3 pixcntl=000 cur=201,0
[M8P] rect cmd=40f3 pixcntl=000 cur=202,0
[M8P] rect cmd=40f3 pixcntl=000 cur=203,0
[M8P] rect cmd=40f3 pixcntl=000 cur=204,0
[M8P] rect cmd=40f3 pixcntl=000 cur=205,0
[M8P] rect cmd=40f3 pixcntl=000 cur=206,0
[M8P] rect cmd=40f3 pixcntl=000 cur=207,0
[M8P] rect cmd=40f3 pixcntl=000 cur=208,0
[M8P] rect cmd=40f3 pixcntl=000 cur=209,0
[M8P] rect cmd=40f3 pixcntl=000 cur=210,0
[M8P] rect cmd=40f3 pixcntl=000 cur=211,0
[M8P] rect cmd=40f3 pixcntl=000 cur=212,0
[M8P] rect cmd=40f3 pixcntl=000 cur=213,0
[M8P] rect cmd=40f3 pixcntl=000 cur=214,0
[M8P] rect cmd=40f3 pixcntl=000 cur=215,0
[M8P] rect cmd=40f3 pixcntl=000 cur=216,0
[M8P] rect cmd=40f3 pixcntl=000 cur=217,0
[M8P] rect cmd=40f3 pixcntl=000 cur=218,0
[M8P] rect cmd=40f3 pixcntl=000 cur=219,0
[M8P] rect cmd=40f3 pixcntl=000 cur=220,0
[M8P] rect cmd=40f3 pixcntl=000 cur=221,0
[M8P] rect cmd=40f3 pixcntl=000 cur=222,0
[M8P] rect cmd=40f3 pixcntl=000 cur=223,0
[M8P] rect cmd=40f3 pixcntl=000 cur=224,0
[M8P] rect cmd=40f3 pixcntl=000 cur=225,0
[M8P] rect cmd=40f3 pixcntl=000 cur=226,0
[M8P] rect cmd=40f3 pixcntl=000 cur=227,0
[M8P] rect cmd=40f3 pixcntl=000 cur=228,0
[M8P] rect cmd=40f3 pixcntl=000 cur=229,0
[M8P] rect cmd=40f3 pixcntl=000 cur=230,0
[M8P] rect cmd=40f3 pixcntl=000 cur=231,0
[M8P] rect cmd=40f3 pixcntl=000 cur=232,0
[M8P] rect cmd=40f3 pixcntl=000 cur=233,0
[M8P] rect cmd=40f3 pixcntl=000 cur=234,0
[M8P] rect cmd=40f3 pixcntl=000 cur=235,0
[M8P] rect cmd=40f3 pixcntl=000 cur=236,0
[M8P] rect cmd=40f3 pixcntl=000 cur=237,0
[M8P] rect cmd=40f3 pixcntl=000 cur=238,0
[M8P] rect cmd=40f3 pixcntl=000 cur=239,0
[M8P] rect cmd=40f3 pixcntl=000 cur=240,0
[M8P] rect cmd=40f3 pixcntl=000 cur=241,0
[M8P] rect cmd=40f3 pixcntl=000 cur=242,0
[M8P] rect cmd=40f3 pixcntl=000 cur=243,0
[M8P] rect cmd=40f3 pixcntl=000 cur=244,0
[M8P] rect cmd=40f3 pixcntl=000 cur=245,0
[M8P] rect cmd=40f3 pixcntl=000 cur=246,0
[M8P] rect cmd=40f3 pixcntl=000 cur=247,0
[M8P] rect cmd=40f3 pixcntl=000 cur=248,0
[M8P] rect cmd=40f3 pixcntl=000 cur=249,0
[M8P] rect cmd=40f3 pixcntl=000 cur=250,0
[M8P] rect cmd=40f3 pixcntl=000 cur=251,0
[M8P] rect cmd=40f3 pixcntl=000 cur=252,0
[M8P] rect cmd=40f3 pixcntl=000 cur=253,0
[M8P] rect cmd=40f3 pixcntl=000 cur=254,0
[M8P] rect cmd=40f3 pixcntl=000 cur=255,0
[M8P] rect cmd=40f3 pixcntl=000 cur=0,0
[M8P] rect cmd=53b0 pixcntl=000 cur=0,0
[M8P] rect cmd=40f3 pixcntl=000 cur=0,0
[M8P] rect cmd=40f3 pixcntl=000 cur=1,0
[M8P] rect cmd=40f3 pixcntl=000 cur=2,0
[M8P] rect cmd=40f3 pixcntl=000 cur=3,0
[M8P] rect cmd=40f3 pixcntl=000 cur=4,0
[M8P] rect cmd=40f3 pixcntl=000 cur=5,0
[M8P] rect cmd=40f3 pixcntl=000 cur=6,0
[M8P] rect cmd=40f3 pixcntl=000 cur=7,0
[M8P] rect cmd=40f3 pixcntl=000 cur=8,0
[M8P] rect cmd=40f3 pixcntl=000 cur=9,0
[M8P] rect cmd=40f3 pixcntl=000 cur=10,0
[M8P] rect cmd=40f3 pixcntl=000 cur=11,0
[M8P] rect cmd=40f3 pixcntl=000 cur=12,0
[M8P] rect cmd=40f3 pixcntl=000 cur=13,0
[M8P] rect cmd=40f3 pixcntl=000 cur=14,0
[M8P] rect cmd=40f3 pixcntl=000 cur=15,0
[M8P] rect cmd=40f3 pixcntl=000 cur=16,0
[M8P] rect cmd=40f3 pixcntl=000 cur=17,0
[M8P] rect cmd=40f3 pixcntl=000 cur=18,0
[M8P] rect cmd=40f3 pixcntl=000 cur=19,0
[M8P] rect cmd=40f3 pixcntl=000 cur=20,0
[M8P] rect cmd=40f3 pixcntl=000 cur=21,0
[M8P] rect cmd=40f3 pixcntl=000 cur=22,0
[M8P] rect cmd=40f3 pixcntl=000 cur=23,0
[M8P] rect cmd=40f3 pixcntl=000 cur=24,0
[M8P] rect cmd=40f3 pixcntl=000 cur=25,0
[M8P] rect cmd=40f3 pixcntl=000 cur=26,0
[M8P] rect cmd=40f3 pixcntl=000 cur=27,0
[M8P] rect cmd=40f3 pixcntl=000 cur=28,0
[M8P] rect cmd=40f3 pixcntl=000 cur=29,0
[M8P] rect cmd=40f3 pixcntl=000 cur=30,0
[M8P] rect cmd=40f3 pixcntl=000 cur=31,0
[M8P] rect cmd=40f3 pixcntl=000 cur=32,0
[M8P] rect cmd=40f3 pixcntl=000 cur=33,0
[M8P] rect cmd=40f3 pixcntl=000 cur=34,0
[M8P] rect cmd=40f3 pixcntl=000 cur=35,0
[M8P] rect cmd=40f3 pixcntl=000 cur=36,0
[M8P] rect cmd=40f3 pixcntl=000 cur=37,0
[M8P] rect cmd=40f3 pixcntl=000 cur=38,0
[M8P] rect cmd=40f3 pixcntl=000 cur=39,0
[M8P] rect cmd=40f3 pixcntl=000 cur=40,0
[M8P] rect cmd=40f3 pixcntl=000 cur=41,0
[M8P] rect cmd=40f3 pixcntl=000 cur=42,0
[M8P] rect cmd=40f3 pixcntl=000 cur=43,0
[M8P] rect cmd=40f3 pixcntl=000 cur=44,0
[M8P] rect cmd=40f3 pixcntl=000 cur=45,0
[M8P] rect cmd=40f3 pixcntl=000 cur=46,0
[M8P] rect cmd=40f3 pixcntl=000 cur=47,0
[M8P] rect cmd=40f3 pixcntl=000 cur=48,0
[M8P] rect cmd=40f3 pixcntl=000 cur=49,0
[M8P] rect cmd=40f3 pixcntl=000 cur=50,0
[M8P] rect cmd=40f3 pixcntl=000 cur=51,0
[M8P] rect cmd=40f3 pixcntl=000 cur=52,0
[M8P] rect cmd=40f3 pixcntl=000 cur=53,0
[M8P] rect cmd=40f3 pixcntl=000 cur=54,0
[M8P] rect cmd=40f3 pixcntl=000 cur=55,0
[M8P] rect cmd=40f3 pixcntl=000 cur=56,0
[M8P] rect cmd=40f3 pixcntl=000 cur=57,0
[M8P] rect cmd=40f3 pixcntl=000 cur=58,0
[M8P] rect cmd=40f3 pixcntl=000 cur=59,0
[M8P] rect cmd=40f3 pixcntl=000 cur=60,0
[M8P] rect cmd=40f3 pixcntl=000 cur=61,0
[M8P] rect cmd=40f3 pixcntl=000 cur=62,0
[M8P] rect cmd=40f3 pixcntl=000 cur=63,0
[M8P] rect cmd=40f3 pixcntl=000 cur=64,0
[M8P] rect cmd=40f3 pixcntl=000 cur=65,0
[M8P] rect cmd=40f3 pixcntl=000 cur=66,0
[M8P] rect cmd=40f3 pixcntl=000 cur=67,0
[M8P] rect cmd=40f3 pixcntl=000 cur=68,0
[M8P] rect cmd=40f3 pixcntl=000 cur=69,0
[M8P] rect cmd=40f3 pixcntl=000 cur=70,0
[M8P] rect cmd=40f3 pixcntl=000 cur=71,0
[M8P] rect cmd=40f3 pixcntl=000 cur=72,0
[M8P] rect cmd=40f3 pixcntl=000 cur=73,0
[M8P] rect cmd=40f3 pixcntl=000 cur=74,0
[M8P] rect cmd=40f3 pixcntl=000 cur=75,0
[M8P] rect cmd=40f3 pixcntl=000 cur=76,0
[M8P] rect cmd=40f3 pixcntl=000 cur=77,0
[M8P] rect cmd=40f3 pixcntl=000 cur=78,0
[M8P] rect cmd=40f3 pixcntl=000 cur=79,0
[M8P] rect cmd=40f3 pixcntl=000 cur=80,0
[M8P] rect cmd=40f3 pixcntl=000 cur=81,0
[M8P] rect cmd=40f3 pixcntl=000 cur=82,0
[M8P] rect cmd=40f3 pixcntl=000 cur=83,0
[M8P] rect cmd=40f3 pixcntl=000 cur=84,0
[M8P] rect cmd=40f3 pixcntl=000 cur=85,0
[M8P] rect cmd=40f3 pixcntl=000 cur=86,0
[M8P] rect cmd=40f3 pixcntl=000 cur=87,0
[M8P] rect cmd=40f3 pixcntl=000 cur=88,0
[M8P] rect cmd=40f3 pixcntl=000 cur=89,0
[M8P] rect cmd=40f3 pixcntl=000 cur=90,0
[M8P] rect cmd=40f3 pixcntl=000 cur=91,0
[M8P] rect cmd=40f3 pixcntl=000 cur=92,0
[M8P] rect cmd=40f3 pixcntl=000 cur=93,0
[M8P] rect cmd=40f3 pixcntl=000 cur=94,0
[M8P] rect cmd=40f3 pixcntl=000 cur=95,0
[M8P] rect cmd=40f3 pixcntl=000 cur=96,0
[M8P] rect cmd=40f3 pixcntl=000 cur=97,0
[M8P] rect cmd=40f3 pixcntl=000 cur=98,0
[M8P] rect cmd=40f3 pixcntl=000 cur=99,0
[M8P] rect cmd=40f3 pixcntl=000 cur=100,0
[M8P] rect cmd=40f3 pixcntl=000 cur=101,0
[M8P] rect cmd=40f3 pixcntl=000 cur=102,0
[M8P] rect cmd=40f3 pixcntl=000 cur=103,0
[M8P] rect cmd=40f3 pixcntl=000 cur=104,0
[M8P] rect cmd=40f3 pixcntl=000 cur=105,0
[M8P] rect cmd=40f3 pixcntl=000 cur=106,0
[M8P] rect cmd=40f3 pixcntl=000 cur=107,0
[M8P] rect cmd=40f3 pixcntl=000 cur=108,0
[M8P] rect cmd=40f3 pixcntl=000 cur=109,0
[M8P] rect cmd=40f3 pixcntl=000 cur=110,0
[M8P] rect cmd=40f3 pixcntl=000 cur=111,0
[M8P] rect cmd=40f3 pixcntl=000 cur=112,0
[M8P] rect cmd=40f3 pixcntl=000 cur=113,0
[M8P] rect cmd=40f3 pixcntl=000 cur=114,0
[M8P] rect cmd=40f3 pixcntl=000 cur=115,0
[M8P] rect cmd=40f3 pixcntl=000 cur=116,0
[M8P] rect cmd=40f3 pixcntl=000 cur=117,0
[M8P] rect cmd=40f3 pixcntl=000 cur=118,0
[M8P] rect cmd=40f3 pixcntl=000 cur=119,0
[M8P] rect cmd=40f3 pixcntl=000 cur=120,0
[M8P] rect cmd=40f3 pixcntl=000 cur=121,0
[M8P] rect cmd=40f3 pixcntl=000 cur=122,0
[M8P] rect cmd=40f3 pixcntl=000 cur=123,0
[M8P] rect cmd=40f3 pixcntl=000 cur=124,0
[M8P] rect cmd=40f3 pixcntl=000 cur=125,0
[M8P] rect cmd=40f3 pixcntl=000 cur=126,0
[M8P] rect cmd=40f3 pixcntl=000 cur=127,0
[M8P] rect cmd=40f3 pixcntl=000 cur=128,0
[M8P] rect cmd=40f3 pixcntl=000 cur=129,0
[M8P] rect cmd=40f3 pixcntl=000 cur=130,0
[M8P] rect cmd=40f3 pixcntl=000 cur=131,0
[M8P] rect cmd=40f3 pixcntl=000 cur=132,0
[M8P] rect cmd=40f3 pixcntl=000 cur=133,0
[M8P] rect cmd=40f3 pixcntl=000 cur=134,0
[M8P] rect cmd=40f3 pixcntl=000 cur=135,0
[M8P] rect cmd=40f3 pixcntl=000 cur=136,0
[M8P] rect cmd=40f3 pixcntl=000 cur=137,0
[M8P] rect cmd=40f3 pixcntl=000 cur=138,0
[M8P] rect cmd=40f3 pixcntl=000 cur=139,0
[M8P] rect cmd=40f3 pixcntl=000 cur=140,0
[M8P] rect cmd=40f3 pixcntl=000 cur=141,0
[M8P] rect cmd=40f3 pixcntl=000 cur=142,0
[M8P] rect cmd=40f3 pixcntl=000 cur=143,0
[M8P] rect cmd=40f3 pixcntl=000 cur=144,0
[M8P] rect cmd=40f3 pixcntl=000 cur=145,0
[M8P] rect cmd=40f3 pixcntl=000 cur=146,0
[M8P] rect cmd=40f3 pixcntl=000 cur=147,0
[M8P] rect cmd=40f3 pixcntl=000 cur=148,0
[M8P] rect cmd=40f3 pixcntl=000 cur=149,0
[M8P] rect cmd=40f3 pixcntl=000 cur=150,0
[M8P] rect cmd=40f3 pixcntl=000 cur=151,0
[M8P] rect cmd=40f3 pixcntl=000 cur=152,0
[M8P] rect cmd=40f3 pixcntl=000 cur=153,0
[M8P] rect cmd=40f3 pixcntl=000 cur=154,0
[M8P] rect cmd=40f3 pixcntl=000 cur=155,0
[M8P] rect cmd=40f3 pixcntl=000 cur=156,0
[M8P] rect cmd=40f3 pixcntl=000 cur=157,0
[M8P] rect cmd=40f3 pixcntl=000 cur=158,0
[M8P] rect cmd=40f3 pixcntl=000 cur=159,0
[M8P] rect cmd=40f3 pixcntl=000 cur=160,0
[M8P] rect cmd=40f3 pixcntl=000 cur=161,0
[M8P] rect cmd=40f3 pixcntl=000 cur=162,0
[M8P] rect cmd=40f3 pixcntl=000 cur=163,0
[M8P] rect cmd=40f3 pixcntl=000 cur=164,0
[M8P] rect cmd=40f3 pixcntl=000 cur=165,0
[M8P] rect cmd=40f3 pixcntl=000 cur=166,0
[M8P] rect cmd=40f3 pixcntl=000 cur=167,0
[M8P] rect cmd=40f3 pixcntl=000 cur=168,0
[M8P] rect cmd=40f3 pixcntl=000 cur=169,0
[M8P] rect cmd=40f3 pixcntl=000 cur=170,0
[M8P] rect cmd=40f3 pixcntl=000 cur=171,0
[M8P] rect cmd=40f3 pixcntl=000 cur=172,0
[M8P] rect cmd=40f3 pixcntl=000 cur=173,0
[M8P] rect cmd=40f3 pixcntl=000 cur=174,0
[M8P] rect cmd=40f3 pixcntl=000 cur=175,0
[M8P] rect cmd=40f3 pixcntl=000 cur=176,0
[M8P] rect cmd=40f3 pixcntl=000 cur=177,0
[M8P] rect cmd=40f3 pixcntl=000 cur=178,0
[M8P] rect cmd=40f3 pixcntl=000 cur=179,0
[M8P] rect cmd=40f3 pixcntl=000 cur=180,0
[M8P] rect cmd=40f3 pixcntl=000 cur=181,0
[M8P] rect cmd=40f3 pixcntl=000 cur=182,0
[M8P] rect cmd=40f3 pixcntl=000 cur=183,0
[M8P] rect cmd=40f3 pixcntl=000 cur=184,0
[M8P] rect cmd=40f3 pixcntl=000 cur=185,0
[M8P] rect cmd=40f3 pixcntl=000 cur=186,0
[M8P] rect cmd=40f3 pixcntl=000 cur=187,0
[M8P] rect cmd=40f3 pixcntl=000 cur=188,0
[M8P] rect cmd=40f3 pixcntl=000 cur=189,0
[M8P] rect cmd=40f3 pixcntl=000 cur=190,0
[M8P] rect cmd=40f3 pixcntl=000 cur=191,0
[M8P] rect cmd=40f3 pixcntl=000 cur=192,0
[M8P] rect cmd=40f3 pixcntl=000 cur=193,0
[M8P] rect cmd=40f3 pixcntl=000 cur=194,0
[M8P] rect cmd=40f3 pixcntl=000 cur=195,0
[M8P] rect cmd=40f3 pixcntl=000 cur=196,0
[M8P] rect cmd=40f3 pixcntl=000 cur=197,0
[M8P] rect cmd=40f3 pixcntl=000 cur=198,0
[M8P] rect cmd=40f3 pixcntl=000 cur=199,0
[M8P] rect cmd=40f3 pixcntl=000 cur=200,0
[M8P] rect cmd=40f3 pixcntl=000 cur=201,0
[M8P] rect cmd=40f3 pixcntl=000 cur=202,0
[M8P] rect cmd=40f3 pixcntl=000 cur=203,0
[M8P] rect cmd=40f3 pixcntl=000 cur=204,0
[M8P] rect cmd=40f3 pixcntl=000 cur=205,0
[M8P] rect cmd=40f3 pixcntl=000 cur=206,0
[M8P] rect cmd=40f3 pixcntl=000 cur=207,0
[M8P] rect cmd=40f3 pixcntl=000 cur=208,0
[M8P] rect cmd=40f3 pixcntl=000 cur=209,0
[M8P] rect cmd=40f3 pixcntl=000 cur=210,0
[M8P] rect cmd=40f3 pixcntl=000 cur=211,0
[M8P] rect cmd=40f3 pixcntl=000 cur=212,0
[M8P] rect cmd=40f3 pixcntl=000 cur=213,0
[M8P] rect cmd=40f3 pixcntl=000 cur=214,0
[M8P] rect cmd=40f3 pixcntl=000 cur=215,0
[M8P] rect cmd=40f3 pixcntl=000 cur=216,0
[M8P] rect cmd=40f3 pixcntl=000 cur=217,0
[M8P] rect cmd=40f3 pixcntl=000 cur=218,0
[M8P] rect cmd=40f3 pixcntl=000 cur=219,0
[M8P] rect cmd=40f3 pixcntl=000 cur=220,0
[M8P] rect cmd=40f3 pixcntl=000 cur=221,0
[M8P] rect cmd=40f3 pixcntl=000 cur=222,0
[M8P] rect cmd=40f3 pixcntl=000 cur=223,0
[M8P] rect cmd=40f3 pixcntl=000 cur=224,0
[M8P] rect cmd=40f3 pixcntl=000 cur=225,0
[M8P] rect cmd=40f3 pixcntl=000 cur=226,0
[M8P] rect cmd=40f3 pixcntl=000 cur=227,0
[M8P] rect cmd=40f3 pixcntl=000 cur=228,0
[M8P] rect cmd=40f3 pixcntl=000 cur=229,0
[M8P] rect cmd=40f3 pixcntl=000 cur=230,0
[M8P] rect cmd=40f3 pixcntl=000 cur=231,0
[M8P] rect cmd=40f3 pixcntl=000 cur=232,0
[M8P] rect cmd=40f3 pixcntl=000 cur=233,0
[M8P] rect cmd=40f3 pixcntl=000 cur=234,0
[M8P] rect cmd=40f3 pixcntl=000 cur=235,0
[M8P] rect cmd=40f3 pixcntl=000 cur=236,0
[M8P] rect cmd=40f3 pixcntl=000 cur=237,0
[M8P] rect cmd=40f3 pixcntl=000 cur=238,0
[M8P] rect cmd=40f3 pixcntl=000 cur=239,0
[M8P] rect cmd=40f3 pixcntl=000 cur=240,0
[M8P] rect cmd=40f3 pixcntl=000 cur=241,0
[M8P] rect cmd=40f3 pixcntl=000 cur=242,0
[M8P] rect cmd=40f3 pixcntl=000 cur=243,0
[M8P] rect cmd=40f3 pixcntl=000 cur=244,0
[M8P] rect cmd=40f3 pixcntl=000 cur=245,0
[M8P] rect cmd=40f3 pixcntl=000 cur=246,0
[M8P] rect cmd=40f3 pixcntl=000 cur=247,0
[M8P] rect cmd=40f3 pixcntl=000 cur=248,0
[M8P] rect cmd=40f3 pixcntl=000 cur=249,0
[M8P] rect cmd=40f3 pixcntl=000 cur=250,0
[M8P] rect cmd=40f3 pixcntl=000 cur=251,0
[M8P] rect cmd=40f3 pixcntl=000 cur=252,0
[M8P] rect cmd=40f3 pixcntl=000 cur=253,0
[M8P] rect cmd=40f3 pixcntl=000 cur=254,0
[M8P] rect cmd=40f3 pixcntl=000 cur=255,0
[M8P] rect cmd=40f3 pixcntl=000 cur=0,0
[M8P] rect cmd=53b0 pixcntl=000 cur=0,0
[M8P] rect cmd=40f3 pixcntl=000 cur=0,0
[M8P] rect cmd=40f3 pixcntl=000 cur=1,0
[M8P] rect cmd=40f3 pixcntl=000 cur=2,0
[M8P] rect cmd=40f3 pixcntl=000 cur=3,0
[M8P] rect cmd=40f3 pixcntl=000 cur=4,0
[M8P] rect cmd=40f3 pixcntl=000 cur=5,0
[M8P] rect cmd=40f3 pixcntl=000 cur=6,0
[M8P] rect cmd=40f3 pixcntl=000 cur=7,0
[M8P] rect cmd=40f3 pixcntl=000 cur=8,0
[M8P] rect cmd=40f3 pixcntl=000 cur=9,0
[M8P] rect cmd=40f3 pixcntl=000 cur=10,0
[M8P] rect cmd=40f3 pixcntl=000 cur=11,0
[M8P] rect cmd=40f3 pixcntl=000 cur=12,0
[M8P] rect cmd=40f3 pixcntl=000 cur=13,0
[M8P] rect cmd=40f3 pixcntl=000 cur=14,0
[M8P] rect cmd=40f3 pixcntl=000 cur=15,0
[M8P] rect cmd=40f3 pixcntl=000 cur=16,0
[M8P] rect cmd=40f3 pixcntl=000 cur=17,0
[M8P] rect cmd=40f3 pixcntl=000 cur=18,0
[M8P] rect cmd=40f3 pixcntl=000 cur=19,0
[M8P] rect cmd=40f3 pixcntl=000 cur=20,0
[M8P] rect cmd=40f3 pixcntl=000 cur=21,0
[M8P] rect cmd=40f3 pixcntl=000 cur=22,0
[M8P] rect cmd=40f3 pixcntl=000 cur=23,0
[M8P] rect cmd=40f3 pixcntl=000 cur=24,0
[M8P] rect cmd=40f3 pixcntl=000 cur=25,0
[M8P] rect cmd=40f3 pixcntl=000 cur=26,0
[M8P] rect cmd=40f3 pixcntl=000 cur=27,0
[M8P] rect cmd=40f3 pixcntl=000 cur=28,0
[M8P] rect cmd=40f3 pixcntl=000 cur=29,0
[M8P] rect cmd=40f3 pixcntl=000 cur=30,0
[M8P] rect cmd=40f3 pixcntl=000 cur=31,0
[M8P] rect cmd=40f3 pixcntl=000 cur=32,0
[M8P] rect cmd=40f3 pixcntl=000 cur=33,0
[M8P] rect cmd=40f3 pixcntl=000 cur=34,0
[M8P] rect cmd=40f3 pixcntl=000 cur=35,0
[M8P] rect cmd=40f3 pixcntl=000 cur=36,0
[M8P] rect cmd=40f3 pixcntl=000 cur=37,0
[M8P] rect cmd=40f3 pixcntl=000 cur=38,0
[M8P] rect cmd=40f3 pixcntl=000 cur=39,0
[M8P] rect cmd=40f3 pixcntl=000 cur=40,0
[M8P] rect cmd=40f3 pixcntl=000 cur=41,0
[M8P] rect cmd=40f3 pixcntl=000 cur=42,0
[M8P] rect cmd=40f3 pixcntl=000 cur=43,0
[M8P] rect cmd=40f3 pixcntl=000 cur=44,0
[M8P] rect cmd=40f3 pixcntl=000 cur=45,0
[M8P] rect cmd=40f3 pixcntl=000 cur=46,0
[M8P] rect cmd=40f3 pixcntl=000 cur=47,0
[M8P] rect cmd=40f3 pixcntl=000 cur=48,0
[M8P] rect cmd=40f3 pixcntl=000 cur=49,0
[M8P] rect cmd=40f3 pixcntl=000 cur=50,0
[M8P] rect cmd=40f3 pixcntl=000 cur=51,0
[M8P] rect cmd=40f3 pixcntl=000 cur=52,0
[M8P] rect cmd=40f3 pixcntl=000 cur=53,0
[M8P] rect cmd=40f3 pixcntl=000 cur=54,0
[M8P] rect cmd=40f3 pixcntl=000 cur=55,0
[M8P] rect cmd=40f3 pixcntl=000 cur=56,0
[M8P] rect cmd=40f3 pixcntl=000 cur=57,0
[M8P] rect cmd=40f3 pixcntl=000 cur=58,0
[M8P] rect cmd=40f3 pixcntl=000 cur=59,0
[M8P] rect cmd=40f3 pixcntl=000 cur=60,0
[M8P] rect cmd=40f3 pixcntl=000 cur=61,0
[M8P] rect cmd=40f3 pixcntl=000 cur=62,0
[M8P] rect cmd=40f3 pixcntl=000 cur=63,0
[M8P] rect cmd=40f3 pixcntl=000 cur=64,0
[M8P] rect cmd=40f3 pixcntl=000 cur=65,0
[M8P] rect cmd=40f3 pixcntl=000 cur=66,0
[M8P] rect cmd=40f3 pixcntl=000 cur=67,0
[M8P] rect cmd=40f3 pixcntl=000 cur=68,0
[M8P] rect cmd=40f3 pixcntl=000 cur=69,0
[M8P] rect cmd=40f3 pixcntl=000 cur=70,0
[M8P] rect cmd=40f3 pixcntl=000 cur=71,0
[M8P] rect cmd=40f3 pixcntl=000 cur=72,0
[M8P] rect cmd=40f3 pixcntl=000 cur=73,0
[M8P] rect cmd=40f3 pixcntl=000 cur=74,0
[M8P] rect cmd=40f3 pixcntl=000 cur=75,0
[M8P] rect cmd=40f3 pixcntl=000 cur=76,0
[M8P] rect cmd=40f3 pixcntl=000 cur=77,0
[M8P] rect cmd=40f3 pixcntl=000 cur=78,0
[M8P] rect cmd=40f3 pixcntl=000 cur=79,0
[M8P] rect cmd=40f3 pixcntl=000 cur=80,0
[M8P] rect cmd=40f3 pixcntl=000 cur=81,0
[M8P] rect cmd=40f3 pixcntl=000 cur=82,0
[M8P] rect cmd=40f3 pixcntl=000 cur=83,0
[M8P] rect cmd=40f3 pixcntl=000 cur=84,0
[M8P] rect cmd=40f3 pixcntl=000 cur=85,0
[M8P] rect cmd=40f3 pixcntl=000 cur=86,0
[M8P] rect cmd=40f3 pixcntl=000 cur=87,0
[M8P] rect cmd=40f3 pixcntl=000 cur=88,0
[M8P] rect cmd=40f3 pixcntl=000 cur=89,0
[M8P] rect cmd=40f3 pixcntl=000 cur=90,0
[M8P] rect cmd=40f3 pixcntl=000 cur=91,0
[M8P] rect cmd=40f3 pixcntl=000 cur=92,0
[M8P] rect cmd=40f3 pixcntl=000 cur=93,0
[M8P] rect cmd=40f3 pixcntl=000 cur=94,0
[M8P] rect cmd=40f3 pixcntl=000 cur=95,0
[M8P] rect cmd=40f3 pixcntl=000 cur=96,0
[M8P] rect cmd=40f3 pixcntl=000 cur=97,0
[M8P] rect cmd=40f3 pixcntl=000 cur=98,0
[M8P] rect cmd=40f3 pixcntl=000 cur=99,0
[M8P] rect cmd=40f3 pixcntl=000 cur=100,0
[M8P] rect cmd=40f3 pixcntl=000 cur=101,0
[M8P] rect cmd=40f3 pixcntl=000 cur=102,0
[M8P] rect cmd=40f3 pixcntl=000 cur=103,0
[M8P] rect cmd=40f3 pixcntl=000 cur=104,0
[M8P] rect cmd=40f3 pixcntl=000 cur=105,0
[M8P] rect cmd=40f3 pixcntl=000 cur=106,0
[M8P] rect cmd=40f3 pixcntl=000 cur=107,0
[M8P] rect cmd=40f3 pixcntl=000 cur=108,0
[M8P] rect cmd=40f3 pixcntl=000 cur=109,0
[M8P] rect cmd=40f3 pixcntl=000 cur=110,0
[M8P] rect cmd=40f3 pixcntl=000 cur=111,0
[M8P] rect cmd=40f3 pixcntl=000 cur=112,0
[M8P] rect cmd=40f3 pixcntl=000 cur=113,0
[M8P] rect cmd=40f3 pixcntl=000 cur=114,0
[M8P] rect cmd=40f3 pixcntl=000 cur=115,0
[M8P] rect cmd=40f3 pixcntl=000 cur=116,0
[M8P] rect cmd=40f3 pixcntl=000 cur=117,0
[M8P] rect cmd=40f3 pixcntl=000 cur=118,0
[M8P] rect cmd=40f3 pixcntl=000 cur=119,0
[M8P] rect cmd=40f3 pixcntl=000 cur=120,0
[M8P] rect cmd=40f3 pixcntl=000 cur=121,0
[M8P] rect cmd=40f3 pixcntl=000 cur=122,0
[M8P] rect cmd=40f3 pixcntl=000 cur=123,0
[M8P] rect cmd=40f3 pixcntl=000 cur=124,0
[M8P] rect cmd=40f3 pixcntl=000 cur=125,0
[M8P] rect cmd=40f3 pixcntl=000 cur=126,0
[M8P] rect cmd=40f3 pixcntl=000 cur=127,0
[M8P] rect cmd=40f3 pixcntl=000 cur=128,0
[M8P] rect cmd=40f3 pixcntl=000 cur=129,0
[M8P] rect cmd=40f3 pixcntl=000 cur=130,0
[M8P] rect cmd=40f3 pixcntl=000 cur=131,0
[M8P] rect cmd=40f3 pixcntl=000 cur=132,0
[M8P] rect cmd=40f3 pixcntl=000 cur=133,0
[M8P] rect cmd=40f3 pixcntl=000 cur=134,0
[M8P] rect cmd=40f3 pixcntl=000 cur=135,0
[M8P] rect cmd=40f3 pixcntl=000 cur=136,0
[M8P] rect cmd=40f3 pixcntl=000 cur=137,0
[M8P] rect cmd=40f3 pixcntl=000 cur=138,0
[M8P] rect cmd=40f3 pixcntl=000 cur=139,0
[M8P] rect cmd=40f3 pixcntl=000 cur=140,0
[M8P] rect cmd=40f3 pixcntl=000 cur=141,0
[M8P] rect cmd=40f3 pixcntl=000 cur=142,0
[M8P] rect cmd=40f3 pixcntl=000 cur=143,0
[M8P] rect cmd=40f3 pixcntl=000 cur=144,0
[M8P] rect cmd=40f3 pixcntl=000 cur=145,0
[M8P] rect cmd=40f3 pixcntl=000 cur=146,0
[M8P] rect cmd=40f3 pixcntl=000 cur=147,0
[M8P] rect cmd=40f3 pixcntl=000 cur=148,0
[M8P] rect cmd=40f3 pixcntl=000 cur=149,0
[M8P] rect cmd=40f3 pixcntl=000 cur=150,0
[M8P] rect cmd=40f3 pixcntl=000 cur=151,0
[M8P] rect cmd=40f3 pixcntl=000 cur=152,0
[M8P] rect cmd=40f3 pixcntl=000 cur=153,0
[M8P] rect cmd=40f3 pixcntl=000 cur=154,0
[M8P] rect cmd=40f3 pixcntl=000 cur=155,0
[M8P] rect cmd=40f3 pixcntl=000 cur=156,0
[M8P] rect cmd=40f3 pixcntl=000 cur=157,0
[M8P] rect cmd=40f3 pixcntl=000 cur=158,0
[M8P] rect cmd=40f3 pixcntl=000 cur=159,0
[M8P] rect cmd=40f3 pixcntl=000 cur=160,0
[M8P] rect cmd=40f3 pixcntl=000 cur=161,0
[M8P] rect cmd=40f3 pixcntl=000 cur=162,0
[M8P] rect cmd=40f3 pixcntl=000 cur=163,0
[M8P] rect cmd=40f3 pixcntl=000 cur=164,0
[M8P] rect cmd=40f3 pixcntl=000 cur=165,0
[M8P] rect cmd=40f3 pixcntl=000 cur=166,0
[M8P] rect cmd=40f3 pixcntl=000 cur=167,0
[M8P] rect cmd=40f3 pixcntl=000 cur=168,0
[M8P] rect cmd=40f3 pixcntl=000 cur=169,0
[M8P] rect cmd=40f3 pixcntl=000 cur=170,0
[M8P] rect cmd=40f3 pixcntl=000 cur=171,0
[M8P] rect cmd=40f3 pixcntl=000 cur=172,0
[M8P] rect cmd=40f3 pixcntl=000 cur=173,0
[M8P] rect cmd=40f3 pixcntl=000 cur=174,0
[M8P] rect cmd=40f3 pixcntl=000 cur=175,0
[M8P] rect cmd=40f3 pixcntl=000 cur=176,0
[M8P] rect cmd=40f3 pixcntl=000 cur=177,0
[M8P] rect cmd=40f3 pixcntl=000 cur=178,0
[M8P] rect cmd=40f3 pixcntl=000 cur=179,0
[M8P] rect cmd=40f3 pixcntl=000 cur=180,0
[M8P] rect cmd=40f3 pixcntl=000 cur=181,0
[M8P] rect cmd=40f3 pixcntl=000 cur=182,0
[M8P] rect cmd=40f3 pixcntl=000 cur=183,0
[M8P] rect cmd=40f3 pixcntl=000 cur=184,0
[M8P] rect cmd=40f3 pixcntl=000 cur=185,0
[M8P] rect cmd=40f3 pixcntl=000 cur=186,0
[M8P] rect cmd=40f3 pixcntl=000 cur=187,0
[M8P] rect cmd=40f3 pixcntl=000 cur=188,0
[M8P] rect cmd=40f3 pixcntl=000 cur=189,0
[M8P] rect cmd=40f3 pixcntl=000 cur=190,0
[M8P] rect cmd=40f3 pixcntl=000 cur=191,0
[M8P] rect cmd=40f3 pixcntl=000 cur=192,0
[M8P] rect cmd=40f3 pixcntl=000 cur=193,0
[M8P] rect cmd=40f3 pixcntl=000 cur=194,0
[M8P] rect cmd=40f3 pixcntl=000 cur=195,0
[M8P] rect cmd=40f3 pixcntl=000 cur=196,0
[M8P] rect cmd=40f3 pixcntl=000 cur=197,0
[M8P] rect cmd=40f3 pixcntl=000 cur=198,0
[M8P] rect cmd=40f3 pixcntl=000 cur=199,0
[M8P] rect cmd=40f3 pixcntl=000 cur=200,0
[M8P] rect cmd=40f3 pixcntl=000 cur=201,0
[M8P] rect cmd=40f3 pixcntl=000 cur=202,0
[M8P] rect cmd=40f3 pixcntl=000 cur=203,0
[M8P] rect cmd=40f3 pixcntl=000 cur=204,0
[M8P] rect cmd=40f3 pixcntl=000 cur=205,0
[M8P] rect cmd=40f3 pixcntl=000 cur=206,0
[M8P] rect cmd=40f3 pixcntl=000 cur=207,0
[M8P] rect cmd=40f3 pixcntl=000 cur=208,0
[M8P] rect cmd=40f3 pixcntl=000 cur=209,0
[M8P] rect cmd=40f3 pixcntl=000 cur=210,0
[M8P] rect cmd=40f3 pixcntl=000 cur=211,0
[M8P] rect cmd=40f3 pixcntl=000 cur=212,0
[M8P] rect cmd=40f3 pixcntl=000 cur=213,0
[M8P] rect cmd=40f3 pixcntl=000 cur=214,0
[M8P] rect cmd=40f3 pixcntl=000 cur=215,0
[M8P] rect cmd=40f3 pixcntl=000 cur=216,0
[M8P] rect cmd=40f3 pixcntl=000 cur=217,0
[M8P] rect cmd=40f3 pixcntl=000 cur=218,0
[M8P] rect cmd=40f3 pixcntl=000 cur=219,0
[M8P] rect cmd=40f3 pixcntl=000 cur=220,0
[M8P] rect cmd=40f3 pixcntl=000 cur=221,0
[M8P] rect cmd=40f3 pixcntl=000 cur=222,0
[M8P] rect cmd=40f3 pixcntl=000 cur=223,0
[M8P] rect cmd=40f3 pixcntl=000 cur=224,0
[M8P] rect cmd=40f3 pixcntl=000 cur=225,0
[M8P] rect cmd=40f3 pixcntl=000 cur=226,0
[M8P] rect cmd=40f3 pixcntl=000 cur=227,0
[M8P] rect cmd=40f3 pixcntl=000 cur=228,0
[M8P] rect cmd=40f3 pixcntl=000 cur=229,0
[M8P] rect cmd=40f3 pixcntl=000 cur=230,0
[M8P] rect cmd=40f3 pixcntl=000 cur=231,0
[M8P] rect cmd=40f3 pixcntl=000 cur=232,0
[M8P] rect cmd=40f3 pixcntl=000 cur=233,0
[M8P] rect cmd=40f3 pixcntl=000 cur=234,0
[M8P] rect cmd=40f3 pixcntl=000 cur=235,0
[M8P] rect cmd=40f3 pixcntl=000 cur=236,0
[M8P] rect cmd=40f3 pixcntl=000 cur=237,0
[M8P] rect cmd=40f3 pixcntl=000 cur=238,0
[M8P] rect cmd=40f3 pixcntl=000 cur=239,0
[M8P] rect cmd=40f3 pixcntl=000 cur=240,0
[M8P] rect cmd=40f3 pixcntl=000 cur=241,0
[M8P] rect cmd=40f3 pixcntl=000 cur=242,0
[M8P] rect cmd=40f3 pixcntl=000 cur=243,0
[M8P] rect cmd=40f3 pixcntl=000 cur=244,0
[M8P] rect cmd=40f3 pixcntl=000 cur=245,0
[M8P] rect cmd=40f3 pixcntl=000 cur=246,0
[M8P] rect cmd=40f3 pixcntl=000 cur=247,0
[M8P] rect cmd=40f3 pixcntl=000 cur=248,0
[M8P] rect cmd=40f3 pixcntl=000 cur=249,0
[M8P] rect cmd=40f3 pixcntl=000 cur=250,0
[M8P] rect cmd=40f3 pixcntl=000 cur=251,0
[M8P] rect cmd=40f3 pixcntl=000 cur=252,0
[M8P] rect cmd=40f3 pixcntl=000 cur=253,0
[M8P] rect cmd=40f3 pixcntl=000 cur=254,0
[M8P] rect cmd=40f3 pixcntl=000 cur=255,0
[M8P] rect cmd=40f3 pixcntl=000 cur=0,0
[M8P] rect cmd=53b0 pixcntl=000 cur=0,0
[M8P] rect cmd=40f3 pixcntl=000 cur=0,0
[M8P] rect cmd=40f3 pixcntl=000 cur=1,0
[M8P] rect cmd=40f3 pixcntl=000 cur=2,0
[M8P] rect cmd=40f3 pixcntl=000 cur=3,0
[M8P] rect cmd=40f3 pixcntl=000 cur=4,0
[M8P] rect cmd=40f3 pixcntl=000 cur=5,0
[M8P] rect cmd=40f3 pixcntl=000 cur=6,0
[M8P] rect cmd=40f3 pixcntl=000 cur=7,0
[M8P] rect cmd=40f3 pixcntl=000 cur=8,0
[M8P] rect cmd=40f3 pixcntl=000 cur=9,0
[M8P] rect cmd=40f3 pixcntl=000 cur=10,0
[M8P] rect cmd=40f3 pixcntl=000 cur=11,0
[M8P] rect cmd=40f3 pixcntl=000 cur=12,0
[M8P] rect cmd=40f3 pixcntl=000 cur=13,0
[M8P] rect cmd=40f3 pixcntl=000 cur=14,0
[M8P] rect cmd=40f3 pixcntl=000 cur=15,0
[M8P] rect cmd=40f3 pixcntl=000 cur=16,0
[M8P] rect cmd=40f3 pixcntl=000 cur=17,0
[M8P] rect cmd=40f3 pixcntl=000 cur=18,0
[M8P] rect cmd=40f3 pixcntl=000 cur=19,0
[M8P] rect cmd=40f3 pixcntl=000 cur=20,0
[M8P] rect cmd=40f3 pixcntl=000 cur=21,0
[M8P] rect cmd=40f3 pixcntl=000 cur=22,0
[M8P] rect cmd=40f3 pixcntl=000 cur=23,0
[M8P] rect cmd=40f3 pixcntl=000 cur=24,0
[M8P] rect cmd=40f3 pixcntl=000 cur=25,0
[M8P] rect cmd=40f3 pixcntl=000 cur=26,0
[M8P] rect cmd=40f3 pixcntl=000 cur=27,0
[M8P] rect cmd=40f3 pixcntl=000 cur=28,0
[M8P] rect cmd=40f3 pixcntl=000 cur=29,0
[M8P] rect cmd=40f3 pixcntl=000 cur=30,0
[M8P] rect cmd=40f3 pixcntl=000 cur=31,0
[M8P] rect cmd=40f3 pixcntl=000 cur=32,0
[M8P] rect cmd=40f3 pixcntl=000 cur=33,0
[M8P] rect cmd=40f3 pixcntl=000 cur=34,0
[M8P] rect cmd=40f3 pixcntl=000 cur=35,0
[M8P] rect cmd=40f3 pixcntl=000 cur=36,0
[M8P] rect cmd=40f3 pixcntl=000 cur=37,0
[M8P] rect cmd=40f3 pixcntl=000 cur=38,0
[M8P] rect cmd=40f3 pixcntl=000 cur=39,0
[M8P] rect cmd=40f3 pixcntl=000 cur=40,0
[M8P] rect cmd=40f3 pixcntl=000 cur=41,0
[M8P] rect cmd=40f3 pixcntl=000 cur=42,0
[M8P] rect cmd=40f3 pixcntl=000 cur=43,0
[M8P] rect cmd=40f3 pixcntl=000 cur=44,0
[M8P] rect cmd=40f3 pixcntl=000 cur=45,0
[M8P] rect cmd=40f3 pixcntl=000 cur=46,0
[M8P] rect cmd=40f3 pixcntl=000 cur=47,0
[M8P] rect cmd=40f3 pixcntl=000 cur=48,0
[M8P] rect cmd=40f3 pixcntl=000 cur=49,0
[M8P] rect cmd=40f3 pixcntl=000 cur=50,0
[M8P] rect cmd=40f3 pixcntl=000 cur=51,0
[M8P] rect cmd=40f3 pixcntl=000 cur=52,0
[M8P] rect cmd=40f3 pixcntl=000 cur=53,0
[M8P] rect cmd=40f3 pixcntl=000 cur=54,0
[M8P] rect cmd=40f3 pixcntl=000 cur=55,0
[M8P] rect cmd=40f3 pixcntl=000 cur=56,0
[M8P] rect cmd=40f3 pixcntl=000 cur=57,0
[M8P] rect cmd=40f3 pixcntl=000 cur=58,0
[M8P] rect cmd=40f3 pixcntl=000 cur=59,0
[M8P] rect cmd=40f3 pixcntl=000 cur=60,0
[M8P] rect cmd=40f3 pixcntl=000 cur=61,0
[M8P] rect cmd=40f3 pixcntl=000 cur=62,0
[M8P] rect cmd=40f3 pixcntl=000 cur=63,0
[M8P] rect cmd=40f3 pixcntl=000 cur=64,0
[M8P] rect cmd=40f3 pixcntl=000 cur=65,0
[M8P] rect cmd=40f3 pixcntl=000 cur=66,0
[M8P] rect cmd=40f3 pixcntl=000 cur=67,0
[M8P] rect cmd=40f3 pixcntl=000 cur=68,0
[M8P] rect cmd=40f3 pixcntl=000 cur=69,0
[M8P] rect cmd=40f3 pixcntl=000 cur=70,0
[M8P] rect cmd=40f3 pixcntl=000 cur=71,0
[M8P] rect cmd=40f3 pixcntl=000 cur=72,0
[M8P] rect cmd=40f3 pixcntl=000 cur=73,0
[M8P] rect cmd=40f3 pixcntl=000 cur=74,0
[M8P] rect cmd=40f3 pixcntl=000 cur=75,0
[M8P] rect cmd=40f3 pixcntl=000 cur=76,0
[M8P] rect cmd=40f3 pixcntl=000 cur=77,0
[M8P] rect cmd=40f3 pixcntl=000 cur=78,0
[M8P] rect cmd=40f3 pixcntl=000 cur=79,0
[M8P] rect cmd=40f3 pixcntl=000 cur=80,0
[M8P] rect cmd=40f3 pixcntl=000 cur=81,0
[M8P] rect cmd=40f3 pixcntl=000 cur=82,0
[M8P] rect cmd=40f3 pixcntl=000 cur=83,0
[M8P] rect cmd=40f3 pixcntl=000 cur=84,0
[M8P] rect cmd=40f3 pixcntl=000 cur=85,0
[M8P] rect cmd=40f3 pixcntl=000 cur=86,0
[M8P] rect cmd=40f3 pixcntl=000 cur=87,0
[M8P] rect cmd=40f3 pixcntl=000 cur=88,0
[M8P] rect cmd=40f3 pixcntl=000 cur=89,0
[M8P] rect cmd=40f3 pixcntl=000 cur=90,0
[M8P] rect cmd=40f3 pixcntl=000 cur=91,0
[M8P] rect cmd=40f3 pixcntl=000 cur=92,0
[M8P] rect cmd=40f3 pixcntl=000 cur=93,0
[M8P] rect cmd=40f3 pixcntl=000 cur=94,0
[M8P] rect cmd=40f3 pixcntl=000 cur=95,0
[M8P] rect cmd=40f3 pixcntl=000 cur=96,0
[M8P] rect cmd=40f3 pixcntl=000 cur=97,0
[M8P] rect cmd=40f3 pixcntl=000 cur=98,0
[M8P] rect cmd=40f3 pixcntl=000 cur=99,0
[M8P] rect cmd=40f3 pixcntl=000 cur=100,0
[M8P] rect cmd=40f3 pixcntl=000 cur=101,0
[M8P] rect cmd=40f3 pixcntl=000 cur=102,0
[M8P] rect cmd=40f3 pixcntl=000 cur=103,0
[M8P] rect cmd=40f3 pixcntl=000 cur=104,0
[M8P] rect cmd=40f3 pixcntl=000 cur=105,0
[M8P] rect cmd=40f3 pixcntl=000 cur=106,0
[M8P] rect cmd=40f3 pixcntl=000 cur=107,0
[M8P] rect cmd=40f3 pixcntl=000 cur=108,0
[M8P] rect cmd=40f3 pixcntl=000 cur=109,0
[M8P] rect cmd=40f3 pixcntl=000 cur=110,0
[M8P] rect cmd=40f3 pixcntl=000 cur=111,0
[M8P] rect cmd=40f3 pixcntl=000 cur=112,0
[M8P] rect cmd=40f3 pixcntl=000 cur=113,0
[M8P] rect cmd=40f3 pixcntl=000 cur=114,0
[M8P] rect cmd=40f3 pixcntl=000 cur=115,0
[M8P] rect cmd=40f3 pixcntl=000 cur=116,0
[M8P] rect cmd=40f3 pixcntl=000 cur=117,0
[M8P] rect cmd=40f3 pixcntl=000 cur=118,0
[M8P] rect cmd=40f3 pixcntl=000 cur=119,0
[M8P] rect cmd=40f3 pixcntl=000 cur=120,0
[M8P] rect cmd=40f3 pixcntl=000 cur=121,0
[M8P] rect cmd=40f3 pixcntl=000 cur=122,0
[M8P] rect cmd=40f3 pixcntl=000 cur=123,0
[M8P] rect cmd=40f3 pixcntl=000 cur=124,0
[M8P] rect cmd=40f3 pixcntl=000 cur=125,0
[M8P] rect cmd=40f3 pixcntl=000 cur=126,0
[M8P] rect cmd=40f3 pixcntl=000 cur=127,0
[M8P] rect cmd=40f3 pixcntl=000 cur=128,0
[M8P] rect cmd=40f3 pixcntl=000 cur=129,0
[M8P] rect cmd=40f3 pixcntl=000 cur=130,0
[M8P] rect cmd=40f3 pixcntl=000 cur=131,0
[M8P] rect cmd=40f3 pixcntl=000 cur=132,0
[M8P] rect cmd=40f3 pixcntl=000 cur=133,0
[M8P] rect cmd=40f3 pixcntl=000 cur=134,0
[M8P] rect cmd=40f3 pixcntl=000 cur=135,0
[M8P] rect cmd=40f3 pixcntl=000 cur=136,0
[M8P] rect cmd=40f3 pixcntl=000 cur=137,0
[M8P] rect cmd=40f3 pixcntl=000 cur=138,0
[M8P] rect cmd=40f3 pixcntl=000 cur=139,0
[M8P] rect cmd=40f3 pixcntl=000 cur=140,0
[M8P] rect cmd=40f3 pixcntl=000 cur=141,0
[M8P] rect cmd=40f3 pixcntl=000 cur=142,0
[M8P] rect cmd=40f3 pixcntl=000 cur=143,0
[M8P] rect cmd=40f3 pixcntl=000 cur=144,0
[M8P] rect cmd=40f3 pixcntl=000 cur=145,0
[M8P] rect cmd=40f3 pixcntl=000 cur=146,0
[M8P] rect cmd=40f3 pixcntl=000 cur=147,0
[M8P] rect cmd=40f3 pixcntl=000 cur=148,0
[M8P] rect cmd=40f3 pixcntl=000 cur=149,0
[M8P] rect cmd=40f3 pixcntl=000 cur=150,0
[M8P] rect cmd=40f3 pixcntl=000 cur=151,0
[M8P] rect cmd=40f3 pixcntl=000 cur=152,0
[M8P] rect cmd=40f3 pixcntl=000 cur=153,0
[M8P] rect cmd=40f3 pixcntl=000 cur=154,0
[M8P] rect cmd=40f3 pixcntl=000 cur=155,0
[M8P] rect cmd=40f3 pixcntl=000 cur=156,0
[M8P] rect cmd=40f3 pixcntl=000 cur=157,0
[M8P] rect cmd=40f3 pixcntl=000 cur=158,0
[M8P] rect cmd=40f3 pixcntl=000 cur=159,0
[M8P] rect cmd=40f3 pixcntl=000 cur=160,0
[M8P] rect cmd=40f3 pixcntl=000 cur=161,0
[M8P] rect cmd=40f3 pixcntl=000 cur=162,0
[M8P] rect cmd=40f3 pixcntl=000 cur=163,0
[M8P] rect cmd=40f3 pixcntl=000 cur=164,0
[M8P] rect cmd=40f3 pixcntl=000 cur=165,0
[M8P] rect cmd=40f3 pixcntl=000 cur=166,0
[M8P] rect cmd=40f3 pixcntl=000 cur=167,0
[M8P] rect cmd=40f3 pixcntl=000 cur=168,0
[M8P] rect cmd=40f3 pixcntl=000 cur=169,0
[M8P] rect cmd=40f3 pixcntl=000 cur=170,0
[M8P] rect cmd=40f3 pixcntl=000 cur=171,0
[M8P] rect cmd=40f3 pixcntl=000 cur=172,0
[M8P] rect cmd=40f3 pixcntl=000 cur=173,0
[M8P] rect cmd=40f3 pixcntl=000 cur=174,0
[M8P] rect cmd=40f3 pixcntl=000 cur=175,0
[M8P] rect cmd=40f3 pixcntl=000 cur=176,0
[M8P] rect cmd=40f3 pixcntl=000 cur=177,0
[M8P] rect cmd=40f3 pixcntl=000 cur=178,0
[M8P] rect cmd=40f3 pixcntl=000 cur=179,0
[M8P] rect cmd=40f3 pixcntl=000 cur=180,0
[M8P] rect cmd=40f3 pixcntl=000 cur=181,0
[M8P] rect cmd=40f3 pixcntl=000 cur=182,0
[M8P] rect cmd=40f3 pixcntl=000 cur=183,0
[M8P] rect cmd=40f3 pixcntl=000 cur=184,0
[M8P] rect cmd=40f3 pixcntl=000 cur=185,0
[M8P] rect cmd=40f3 pixcntl=000 cur=186,0
[M8P] rect cmd=40f3 pixcntl=000 cur=187,0
[M8P] rect cmd=40f3 pixcntl=000 cur=188,0
[M8P] rect cmd=40f3 pixcntl=000 cur=189,0
[M8P] rect cmd=40f3 pixcntl=000 cur=190,0
[M8P] rect cmd=40f3 pixcntl=000 cur=191,0
[M8P] rect cmd=40f3 pixcntl=000 cur=192,0
[M8P] rect cmd=40f3 pixcntl=000 cur=193,0
[M8P] rect cmd=40f3 pixcntl=000 cur=194,0
[M8P] rect cmd=40f3 pixcntl=000 cur=195,0
[M8P] rect cmd=40f3 pixcntl=000 cur=196,0
[M8P] rect cmd=40f3 pixcntl=000 cur=197,0
[M8P] rect cmd=40f3 pixcntl=000 cur=198,0
[M8P] rect cmd=40f3 pixcntl=000 cur=199,0
[M8P] rect cmd=40f3 pixcntl=000 cur=200,0
[M8P] rect cmd=40f3 pixcntl=000 cur=201,0
[M8P] rect cmd=40f3 pixcntl=000 cur=202,0
[M8P] rect cmd=40f3 pixcntl=000 cur=203,0
[M8P] rect cmd=40f3 pixcntl=000 cur=204,0
[M8P] rect cmd=40f3 pixcntl=000 cur=205,0
[M8P] rect cmd=40f3 pixcntl=000 cur=206,0
[M8P] rect cmd=40f3 pixcntl=000 cur=207,0
[M8P] rect cmd=40f3 pixcntl=000 cur=208,0
[M8P] rect cmd=40f3 pixcntl=000 cur=209,0
[M8P] rect cmd=40f3 pixcntl=000 cur=210,0
[M8P] rect cmd=40f3 pixcntl=000 cur=211,0
[M8P] rect cmd=40f3 pixcntl=000 cur=212,0
[M8P] rect cmd=40f3 pixcntl=000 cur=213,0
[M8P] rect cmd=40f3 pixcntl=000 cur=214,0
[M8P] rect cmd=40f3 pixcntl=000 cur=215,0
[M8P] rect cmd=40f3 pixcntl=000 cur=216,0
[M8P] rect cmd=40f3 pixcntl=000 cur=217,0
[M8P] rect cmd=40f3 pixcntl=000 cur=218,0
[M8P] rect cmd=40f3 pixcntl=000 cur=219,0
[M8P] rect cmd=40f3 pixcntl=000 cur=220,0
[M8P] rect cmd=40f3 pixcntl=000 cur=221,0
[M8P] rect cmd=40f3 pixcntl=000 cur=222,0
[M8P] rect cmd=40f3 pixcntl=000 cur=223,0
[M8P] rect cmd=40f3 pixcntl=000 cur=224,0
[M8P] rect cmd=40f3 pixcntl=000 cur=225,0
[M8P] rect cmd=40f3 pixcntl=000 cur=226,0
[M8P] rect cmd=40f3 pixcntl=000 cur=227,0
[M8P] rect cmd=40f3 pixcntl=000 cur=228,0
[M8P] rect cmd=40f3 pixcntl=000 cur=229,0
[M8P] rect cmd=40f3 pixcntl=000 cur=230,0
[M8P] rect cmd=40f3 pixcntl=000 cur=231,0
[M8P] rect cmd=40f3 pixcntl=000 cur=232,0
[M8P] rect cmd=40f3 pixcntl=000 cur=233,0
[M8P] rect cmd=40f3 pixcntl=000 cur=234,0
[M8P] rect cmd=40f3 pixcntl=000 cur=235,0
[M8P] rect cmd=40f3 pixcntl=000 cur=236,0
[M8P] rect cmd=40f3 pixcntl=000 cur=237,0
[M8P] rect cmd=40f3 pixcntl=000 cur=238,0
[M8P] rect cmd=40f3 pixcntl=000 cur=239,0
[M8P] rect cmd=40f3 pixcntl=000 cur=240,0
[M8P] rect cmd=40f3 pixcntl=000 cur=241,0
[M8P] rect cmd=40f3 pixcntl=000 cur=242,0
[M8P] rect cmd=40f3 pixcntl=000 cur=243,0
[M8P] rect cmd=40f3 pixcntl=000 cur=244,0
[M8P] rect cmd=40f3 pixcntl=000 cur=245,0
[M8P] rect cmd=40f3 pixcntl=000 cur=246,0
[M8P] rect cmd=40f3 pixcntl=000 cur=247,0
[M8P] rect cmd=40f3 pixcntl=000 cur=248,0
[M8P] rect cmd=40f3 pixcntl=000 cur=249,0
[M8P] rect cmd=40f3 pixcntl=000 cur=250,0
[M8P] rect cmd=40f3 pixcntl=000 cur=251,0
[M8P] rect cmd=40f3 pixcntl=000 cur=252,0
[M8P] rect cmd=40f3 pixcntl=000 cur=253,0
[M8P] rect cmd=40f3 pixcntl=000 cur=254,0
[M8P] rect cmd=40f3 pixcntl=000 cur=255,0
[M8P] rect cmd=40f3 pixcntl=000 cur=0,0
[M8P] rect cmd=53b0 pixcntl=000 cur=0,0
[M8P] rect cmd=40f3 pixcntl=000 cur=0,0
[M8P] rect cmd=40f3 pixcntl=000 cur=1,0
[M8P] rect cmd=40f3 pixcntl=000 cur=2,0
[M8P] rect cmd=40f3 pixcntl=000 cur=3,0
[M8P] rect cmd=40f3 pixcntl=000 cur=4,0
[M8P] rect cmd=40f3 pixcntl=000 cur=5,0
[M8P] rect cmd=40f3 pixcntl=000 cur=6,0
[M8P] rect cmd=40f3 pixcntl=000 cur=7,0
[M8P] rect cmd=40f3 pixcntl=000 cur=8,0
[M8P] rect cmd=40f3 pixcntl=000 cur=9,0
[M8P] rect cmd=40f3 pixcntl=000 cur=10,0
[M8P] rect cmd=40f3 pixcntl=000 cur=11,0
[M8P] rect cmd=40f3 pixcntl=000 cur=12,0
[M8P] rect cmd=40f3 pixcntl=000 cur=13,0
[M8P] rect cmd=40f3 pixcntl=000 cur=14,0
[M8P] rect cmd=40f3 pixcntl=000 cur=15,0
[M8P] rect cmd=40f3 pixcntl=000 cur=16,0
[M8P] rect cmd=40f3 pixcntl=000 cur=17,0
[M8P] rect cmd=40f3 pixcntl=000 cur=18,0
[M8P] rect cmd=40f3 pixcntl=000 cur=19,0
[M8P] rect cmd=40f3 pixcntl=000 cur=20,0
[M8P] rect cmd=40f3 pixcntl=000 cur=21,0
[M8P] rect cmd=40f3 pixcntl=000 cur=22,0
[M8P] rect cmd=40f3 pixcntl=000 cur=23,0
[M8P] rect cmd=40f3 pixcntl=000 cur=24,0
[M8P] rect cmd=40f3 pixcntl=000 cur=25,0
[M8P] rect cmd=40f3 pixcntl=000 cur=26,0
[M8P] rect cmd=40f3 pixcntl=000 cur=27,0
[M8P] rect cmd=40f3 pixcntl=000 cur=28,0
[M8P] rect cmd=40f3 pixcntl=000 cur=29,0
[M8P] rect cmd=40f3 pixcntl=000 cur=30,0
[M8P] rect cmd=40f3 pixcntl=000 cur=31,0
[M8P] rect cmd=40f3 pixcntl=000 cur=32,0
[M8P] rect cmd=40f3 pixcntl=000 cur=33,0
[M8P] rect cmd=40f3 pixcntl=000 cur=34,0
[M8P] rect cmd=40f3 pixcntl=000 cur=35,0
[M8P] rect cmd=40f3 pixcntl=000 cur=36,0
[M8P] rect cmd=40f3 pixcntl=000 cur=37,0
[M8P] rect cmd=40f3 pixcntl=000 cur=38,0
[M8P] rect cmd=40f3 pixcntl=000 cur=39,0
[M8P] rect cmd=40f3 pixcntl=000 cur=40,0
[M8P] rect cmd=40f3 pixcntl=000 cur=41,0
[M8P] rect cmd=40f3 pixcntl=000 cur=42,0
[M8P] rect cmd=40f3 pixcntl=000 cur=43,0
[M8P] rect cmd=40f3 pixcntl=000 cur=44,0
[M8P] rect cmd=40f3 pixcntl=000 cur=45,0
[M8P] rect cmd=40f3 pixcntl=000 cur=46,0
[M8P] rect cmd=40f3 pixcntl=000 cur=47,0
[M8P] rect cmd=40f3 pixcntl=000 cur=48,0
[M8P] rect cmd=40f3 pixcntl=000 cur=49,0
[M8P] rect cmd=40f3 pixcntl=000 cur=50,0
[M8P] rect cmd=40f3 pixcntl=000 cur=51,0
[M8P] rect cmd=40f3 pixcntl=000 cur=52,0
[M8P] rect cmd=40f3 pixcntl=000 cur=53,0
[M8P] rect cmd=40f3 pixcntl=000 cur=54,0
[M8P] rect cmd=40f3 pixcntl=000 cur=55,0
[M8P] rect cmd=40f3 pixcntl=000 cur=56,0
[M8P] rect cmd=40f3 pixcntl=000 cur=57,0
[M8P] rect cmd=40f3 pixcntl=000 cur=58,0
[M8P] rect cmd=40f3 pixcntl=000 cur=59,0
[M8P] rect cmd=40f3 pixcntl=000 cur=60,0
[M8P] rect cmd=40f3 pixcntl=000 cur=61,0
[M8P] rect cmd=40f3 pixcntl=000 cur=62,0
[M8P] rect cmd=40f3 pixcntl=000 cur=63,0
[M8P] rect cmd=40f3 pixcntl=000 cur=64,0
[M8P] rect cmd=40f3 pixcntl=000 cur=65,0
[M8P] rect cmd=40f3 pixcntl=000 cur=66,0
[M8P] rect cmd=40f3 pixcntl=000 cur=67,0
[M8P] rect cmd=40f3 pixcntl=000 cur=68,0
[M8P] rect cmd=40f3 pixcntl=000 cur=69,0
[M8P] rect cmd=40f3 pixcntl=000 cur=70,0
[M8P] rect cmd=40f3 pixcntl=000 cur=71,0
[M8P] rect cmd=40f3 pixcntl=000 cur=72,0
[M8P] rect cmd=40f3 pixcntl=000 cur=73,0
[M8P] rect cmd=40f3 pixcntl=000 cur=74,0
[M8P] rect cmd=40f3 pixcntl=000 cur=75,0
[M8P] rect cmd=40f3 pixcntl=000 cur=76,0
[M8P] rect cmd=40f3 pixcntl=000 cur=77,0
[M8P] rect cmd=40f3 pixcntl=000 cur=78,0
[M8P] rect cmd=40f3 pixcntl=000 cur=79,0
[M8P] rect cmd=40f3 pixcntl=000 cur=80,0
[M8P] rect cmd=40f3 pixcntl=000 cur=81,0
[M8P] rect cmd=40f3 pixcntl=000 cur=82,0
[M8P] rect cmd=40f3 pixcntl=000 cur=83,0
[M8P] rect cmd=40f3 pixcntl=000 cur=84,0
[M8P] rect cmd=40f3 pixcntl=000 cur=85,0
[M8P] rect cmd=40f3 pixcntl=000 cur=86,0
[M8P] rect cmd=40f3 pixcntl=000 cur=87,0
[M8P] rect cmd=40f3 pixcntl=000 cur=88,0
[M8P] rect cmd=40f3 pixcntl=000 cur=89,0
[M8P] rect cmd=40f3 pixcntl=000 cur=90,0
[M8P] rect cmd=40f3 pixcntl=000 cur=91,0
[M8P] rect cmd=40f3 pixcntl=000 cur=92,0
[M8P] rect cmd=40f3 pixcntl=000 cur=93,0
[M8P] rect cmd=40f3 pixcntl=000 cur=94,0
[M8P] rect cmd=40f3 pixcntl=000 cur=95,0
[M8P] rect cmd=40f3 pixcntl=000 cur=96,0
[M8P] rect cmd=40f3 pixcntl=000 cur=97,0
[M8P] rect cmd=40f3 pixcntl=000 cur=98,0
[M8P] rect cmd=40f3 pixcntl=000 cur=99,0
[M8P] rect cmd=40f3 pixcntl=000 cur=100,0
[M8P] rect cmd=40f3 pixcntl=000 cur=101,0
[M8P] rect cmd=40f3 pixcntl=000 cur=102,0
[M8P] rect cmd=40f3 pixcntl=000 cur=103,0
[M8P] rect cmd=40f3 pixcntl=000 cur=104,0
[M8P] rect cmd=40f3 pixcntl=000 cur=105,0
[M8P] rect cmd=40f3 pixcntl=000 cur=106,0
[M8P] rect cmd=40f3 pixcntl=000 cur=107,0
[M8P] rect cmd=40f3 pixcntl=000 cur=108,0
[M8P] rect cmd=40f3 pixcntl=000 cur=109,0
[M8P] rect cmd=40f3 pixcntl=000 cur=110,0
[M8P] rect cmd=40f3 pixcntl=000 cur=111,0
[M8P] rect cmd=40f3 pixcntl=000 cur=112,0
[M8P] rect cmd=40f3 pixcntl=000 cur=113,0
[M8P] rect cmd=40f3 pixcntl=000 cur=114,0
[M8P] rect cmd=40f3 pixcntl=000 cur=115,0
[M8P] rect cmd=40f3 pixcntl=000 cur=116,0
[M8P] rect cmd=40f3 pixcntl=000 cur=117,0
[M8P] rect cmd=40f3 pixcntl=000 cur=118,0
[M8P] rect cmd=40f3 pixcntl=000 cur=119,0
[M8P] rect cmd=40f3 pixcntl=000 cur=120,0
[M8P] rect cmd=40f3 pixcntl=000 cur=121,0
[M8P] rect cmd=40f3 pixcntl=000 cur=122,0
[M8P] rect cmd=40f3 pixcntl=000 cur=123,0
[M8P] rect cmd=40f3 pixcntl=000 cur=124,0
[M8P] rect cmd=40f3 pixcntl=000 cur=125,0
[M8P] rect cmd=40f3 pixcntl=000 cur=126,0
[M8P] rect cmd=40f3 pixcntl=000 cur=127,0
[M8P] rect cmd=40f3 pixcntl=000 cur=128,0
[M8P] rect cmd=40f3 pixcntl=000 cur=129,0
[M8P] rect cmd=40f3 pixcntl=000 cur=130,0
[M8P] rect cmd=40f3 pixcntl=000 cur=131,0
[M8P] rect cmd=40f3 pixcntl=000 cur=132,0
[M8P] rect cmd=40f3 pixcntl=000 cur=133,0
[M8P] rect cmd=40f3 pixcntl=000 cur=134,0
[M8P] rect cmd=40f3 pixcntl=000 cur=135,0
[M8P] rect cmd=40f3 pixcntl=000 cur=136,0
[M8P] rect cmd=40f3 pixcntl=000 cur=137,0
[M8P] rect cmd=40f3 pixcntl=000 cur=138,0
[M8P] rect cmd=40f3 pixcntl=000 cur=139,0
[M8P] rect cmd=40f3 pixcntl=000 cur=140,0
[M8P] rect cmd=40f3 pixcntl=000 cur=141,0
[M8P] rect cmd=40f3 pixcntl=000 cur=142,0
[M8P] rect cmd=40f3 pixcntl=000 cur=143,0
[M8P] rect cmd=40f3 pixcntl=000 cur=144,0
[M8P] rect cmd=40f3 pixcntl=000 cur=145,0
[M8P] rect cmd=40f3 pixcntl=000 cur=146,0
[M8P] rect cmd=40f3 pixcntl=000 cur=147,0
[M8P] rect cmd=40f3 pixcntl=000 cur=148,0
[M8P] rect cmd=40f3 pixcntl=000 cur=149,0
[M8P] rect cmd=40f3 pixcntl=000 cur=150,0
[M8P] rect cmd=40f3 pixcntl=000 cur=151,0
[M8P] rect cmd=40f3 pixcntl=000 cur=152,0
[M8P] rect cmd=40f3 pixcntl=000 cur=153,0
[M8P] rect cmd=40f3 pixcntl=000 cur=154,0
[M8P] rect cmd=40f3 pixcntl=000 cur=155,0
[M8P] rect cmd=40f3 pixcntl=000 cur=156,0
[M8P] rect cmd=40f3 pixcntl=000 cur=157,0
[M8P] rect cmd=40f3 pixcntl=000 cur=158,0
[M8P] rect cmd=40f3 pixcntl=000 cur=159,0
[M8P] rect cmd=40f3 pixcntl=000 cur=160,0
[M8P] rect cmd=40f3 pixcntl=000 cur=161,0
[M8P] rect cmd=40f3 pixcntl=000 cur=162,0
[M8P] rect cmd=40f3 pixcntl=000 cur=163,0
[M8P] rect cmd=40f3 pixcntl=000 cur=164,0
[M8P] rect cmd=40f3 pixcntl=000 cur=165,0
[M8P] rect cmd=40f3 pixcntl=000 cur=166,0
[M8P] rect cmd=40f3 pixcntl=000 cur=167,0
[M8P] rect cmd=40f3 pixcntl=000 cur=168,0
[M8P] rect cmd=40f3 pixcntl=000 cur=169,0
[M8P] rect cmd=40f3 pixcntl=000 cur=170,0
[M8P] rect cmd=40f3 pixcntl=000 cur=171,0
[M8P] rect cmd=40f3 pixcntl=000 cur=172,0
[M8P] rect cmd=40f3 pixcntl=000 cur=173,0
[M8P] rect cmd=40f3 pixcntl=000 cur=174,0
[M8P] rect cmd=40f3 pixcntl=000 cur=175,0
[M8P] rect cmd=40f3 pixcntl=000 cur=176,0
[M8P] rect cmd=40f3 pixcntl=000 cur=177,0
[M8P] rect cmd=40f3 pixcntl=000 cur=178,0
[M8P] rect cmd=40f3 pixcntl=000 cur=179,0
[M8P] rect cmd=40f3 pixcntl=000 cur=180,0
[M8P] rect cmd=40f3 pixcntl=000 cur=181,0
[M8P] rect cmd=40f3 pixcntl=000 cur=182,0
[M8P] rect cmd=40f3 pixcntl=000 cur=183,0
[M8P] rect cmd=40f3 pixcntl=000 cur=184,0
[M8P] rect cmd=40f3 pixcntl=000 cur=185,0
[M8P] rect cmd=40f3 pixcntl=000 cur=186,0
[M8P] rect cmd=40f3 pixcntl=000 cur=187,0
[M8P] rect cmd=40f3 pixcntl=000 cur=188,0
[M8P] rect cmd=40f3 pixcntl=000 cur=189,0
[M8P] rect cmd=40f3 pixcntl=000 cur=190,0
[M8P] rect cmd=40f3 pixcntl=000 cur=191,0
[M8P] rect cmd=40f3 pixcntl=000 cur=192,0
[M8P] rect cmd=40f3 pixcntl=000 cur=193,0
[M8P] rect cmd=40f3 pixcntl=000 cur=194,0
[M8P] rect cmd=40f3 pixcntl=000 cur=195,0
[M8P] rect cmd=40f3 pixcntl=000 cur=196,0
[M8P] rect cmd=40f3 pixcntl=000 cur=197,0
[M8P] rect cmd=40f3 pixcntl=000 cur=198,0
[M8P] rect cmd=40f3 pixcntl=000 cur=199,0
[M8P] rect cmd=40f3 pixcntl=000 cur=200,0
[M8P] rect cmd=40f3 pixcntl=000 cur=201,0
[M8P] rect cmd=40f3 pixcntl=000 cur=202,0
[M8P] rect cmd=40f3 pixcntl=000 cur=203,0
[M8P] rect cmd=40f3 pixcntl=000 cur=204,0
[M8P] rect cmd=40f3 pixcntl=000 cur=205,0
[M8P] rect cmd=40f3 pixcntl=000 cur=206,0
[M8P] rect cmd=40f3 pixcntl=000 cur=207,0
[M8P] rect cmd=40f3 pixcntl=000 cur=208,0
[M8P] rect cmd=40f3 pixcntl=000 cur=209,0
[M8P] rect cmd=40f3 pixcntl=000 cur=210,0
[M8P] rect cmd=40f3 pixcntl=000 cur=211,0
[M8P] rect cmd=40f3 pixcntl=000 cur=212,0
[M8P] rect cmd=40f3 pixcntl=000 cur=213,0
[M8P] rect cmd=40f3 pixcntl=000 cur=214,0
[M8P] rect cmd=40f3 pixcntl=000 cur=215,0
[M8P] rect cmd=40f3 pixcntl=000 cur=216,0
[M8P] rect cmd=40f3 pixcntl=000 cur=217,0
[M8P] rect cmd=40f3 pixcntl=000 cur=218,0
[M8P] rect cmd=40f3 pixcntl=000 cur=219,0
[M8P] rect cmd=40f3 pixcntl=000 cur=220,0
[M8P] rect cmd=40f3 pixcntl=000 cur=221,0
[M8P] rect cmd=40f3 pixcntl=000 cur=222,0
[M8P] rect cmd=40f3 pixcntl=000 cur=223,0
[M8P] rect cmd=40f3 pixcntl=000 cur=224,0
[M8P] rect cmd=40f3 pixcntl=000 cur=225,0
[M8P] rect cmd=40f3 pixcntl=000 cur=226,0
[M8P] rect cmd=40f3 pixcntl=000 cur=227,0
[M8P] rect cmd=40f3 pixcntl=000 cur=228,0
[M8P] rect cmd=40f3 pixcntl=000 cur=229,0
[M8P] rect cmd=40f3 pixcntl=000 cur=230,0
[M8P] rect cmd=40f3 pixcntl=000 cur=231,0
[M8P] rect cmd=40f3 pixcntl=000 cur=232,0
[M8P] rect cmd=40f3 pixcntl=000 cur=233,0
[M8P] rect cmd=40f3 pixcntl=000 cur=234,0
[M8P] rect cmd=40f3 pixcntl=000 cur=235,0
[M8P] rect cmd=40f3 pixcntl=000 cur=236,0
[M8P] rect cmd=40f3 pixcntl=000 cur=237,0
[M8P] rect cmd=40f3 pixcntl=000 cur=238,0
[M8P] rect cmd=40f3 pixcntl=000 cur=239,0
[M8P] rect cmd=40f3 pixcntl=000 cur=240,0
[M8P] rect cmd=40f3 pixcntl=000 cur=241,0
[M8P] rect cmd=40f3 pixcntl=000 cur=242,0
[M8P] rect cmd=40f3 pixcntl=000 cur=243,0
[M8P] rect cmd=40f3 pixcntl=000 cur=244,0
[M8P] rect cmd=40f3 pixcntl=000 cur=245,0
[M8P] rect cmd=40f3 pixcntl=000 cur=246,0
[M8P] rect cmd=40f3 pixcntl=000 cur=247,0
[M8P] rect cmd=40f3 pixcntl=000 cur=248,0
[M8P] rect cmd=40f3 pixcntl=000 cur=249,0
[M8P] rect cmd=40f3 pixcntl=000 cur=250,0
[M8P] rect cmd=40f3 pixcntl=000 cur=251,0
[M8P] rect cmd=40f3 pixcntl=000 cur=252,0
[M8P] rect cmd=40f3 pixcntl=000 cur=253,0
[M8P] rect cmd=40f3 pixcntl=000 cur=254,0
[M8P] rect cmd=40f3 pixcntl=000 cur=255,0
[M8P] rect cmd=40f3 pixcntl=000 cur=0,0
[M8P] rect cmd=53b0 pixcntl=000 cur=0,0
[M8P] rect cmd=40f3 pixcntl=000 cur=0,0
[M8P] rect cmd=40f3 pixcntl=000 cur=1,0
[M8P] rect cmd=40f3 pixcntl=000 cur=2,0
[M8P] rect cmd=40f3 pixcntl=000 cur=3,0
[M8P] rect cmd=40f3 pixcntl=000 cur=4,0
[M8P] rect cmd=40f3 pixcntl=000 cur=5,0
[M8P] rect cmd=40f3 pixcntl=000 cur=6,0
[M8P] rect cmd=40f3 pixcntl=000 cur=7,0
[M8P] rect cmd=40f3 pixcntl=000 cur=8,0
[M8P] rect cmd=40f3 pixcntl=000 cur=9,0
[M8P] rect cmd=40f3 pixcntl=000 cur=10,0
[M8P] rect cmd=40f3 pixcntl=000 cur=11,0
[M8P] rect cmd=40f3 pixcntl=000 cur=12,0
[M8P] rect cmd=40f3 pixcntl=000 cur=13,0
[M8P] rect cmd=40f3 pixcntl=000 cur=14,0
[M8P] rect cmd=40f3 pixcntl=000 cur=15,0
[M8P] rect cmd=40f3 pixcntl=000 cur=16,0
[M8P] rect cmd=40f3 pixcntl=000 cur=17,0
[M8P] rect cmd=40f3 pixcntl=000 cur=18,0
[M8P] rect cmd=40f3 pixcntl=000 cur=19,0
[M8P] rect cmd=40f3 pixcntl=000 cur=20,0
[M8P] rect cmd=40f3 pixcntl=000 cur=21,0
[M8P] rect cmd=40f3 pixcntl=000 cur=22,0
[M8P] rect cmd=40f3 pixcntl=000 cur=23,0
[M8P] rect cmd=40f3 pixcntl=000 cur=24,0
[M8P] rect cmd=40f3 pixcntl=000 cur=25,0
[M8P] rect cmd=40f3 pixcntl=000 cur=26,0
[M8P] rect cmd=40f3 pixcntl=000 cur=27,0
[M8P] rect cmd=40f3 pixcntl=000 cur=28,0
[M8P] rect cmd=40f3 pixcntl=000 cur=29,0
[M8P] rect cmd=40f3 pixcntl=000 cur=30,0
[M8P] rect cmd=40f3 pixcntl=000 cur=31,0
[M8P] rect cmd=40f3 pixcntl=000 cur=32,0
[M8P] rect cmd=40f3 pixcntl=000 cur=33,0
[M8P] rect cmd=40f3 pixcntl=000 cur=34,0
[M8P] rect cmd=40f3 pixcntl=000 cur=35,0
[M8P] rect cmd=40f3 pixcntl=000 cur=36,0
[M8P] rect cmd=40f3 pixcntl=000 cur=37,0
[M8P] rect cmd=40f3 pixcntl=000 cur=38,0
[M8P] rect cmd=40f3 pixcntl=000 cur=39,0
[M8P] rect cmd=40f3 pixcntl=000 cur=40,0
[M8P] rect cmd=40f3 pixcntl=000 cur=41,0
[M8P] rect cmd=40f3 pixcntl=000 cur=42,0
[M8P] rect cmd=40f3 pixcntl=000 cur=43,0
[M8P] rect cmd=40f3 pixcntl=000 cur=44,0
[M8P] rect cmd=40f3 pixcntl=000 cur=45,0
[M8P] rect cmd=40f3 pixcntl=000 cur=46,0
[M8P] rect cmd=40f3 pixcntl=000 cur=47,0
[M8P] rect cmd=40f3 pixcntl=000 cur=48,0
[M8P] rect cmd=40f3 pixcntl=000 cur=49,0
[M8P] rect cmd=40f3 pixcntl=000 cur=50,0
[M8P] rect cmd=40f3 pixcntl=000 cur=51,0
[M8P] rect cmd=40f3 pixcntl=000 cur=52,0
[M8P] rect cmd=40f3 pixcntl=000 cur=53,0
[M8P] rect cmd=40f3 pixcntl=000 cur=54,0
[M8P] rect cmd=40f3 pixcntl=000 cur=55,0
[M8P] rect cmd=40f3 pixcntl=000 cur=56,0
[M8P] rect cmd=40f3 pixcntl=000 cur=57,0
[M8P] rect cmd=40f3 pixcntl=000 cur=58,0
[M8P] rect cmd=40f3 pixcntl=000 cur=59,0
[M8P] rect cmd=40f3 pixcntl=000 cur=60,0
[M8P] rect cmd=40f3 pixcntl=000 cur=61,0
[M8P] rect cmd=40f3 pixcntl=000 cur=62,0
[M8P] rect cmd=40f3 pixcntl=000 cur=63,0
[M8P] rect cmd=40f3 pixcntl=000 cur=64,0
[M8P] rect cmd=40f3 pixcntl=000 cur=65,0
[M8P] rect cmd=40f3 pixcntl=000 cur=66,0
[M8P] rect cmd=40f3 pixcntl=000 cur=67,0
[M8P] rect cmd=40f3 pixcntl=000 cur=68,0
[M8P] rect cmd=40f3 pixcntl=000 cur=69,0
[M8P] rect cmd=40f3 pixcntl=000 cur=70,0
[M8P] rect cmd=40f3 pixcntl=000 cur=71,0
[M8P] rect cmd=40f3 pixcntl=000 cur=72,0
[M8P] rect cmd=40f3 pixcntl=000 cur=73,0
[M8P] rect cmd=40f3 pixcntl=000 cur=74,0
[M8P] rect cmd=40f3 pixcntl=000 cur=75,0
[M8P] rect cmd=40f3 pixcntl=000 cur=76,0
[M8P] rect cmd=40f3 pixcntl=000 cur=77,0
[M8P] rect cmd=40f3 pixcntl=000 cur=78,0
[M8P] rect cmd=40f3 pixcntl=000 cur=79,0
[M8P] rect cmd=40f3 pixcntl=000 cur=80,0
[M8P] rect cmd=40f3 pixcntl=000 cur=81,0
[M8P] rect cmd=40f3 pixcntl=000 cur=82,0
[M8P] rect cmd=40f3 pixcntl=000 cur=83,0
[M8P] rect cmd=40f3 pixcntl=000 cur=84,0
[M8P] rect cmd=40f3 pixcntl=000 cur=85,0
[M8P] rect cmd=40f3 pixcntl=000 cur=86,0
[M8P] rect cmd=40f3 pixcntl=000 cur=87,0
[M8P] rect cmd=40f3 pixcntl=000 cur=88,0
[M8P] rect cmd=40f3 pixcntl=000 cur=89,0
[M8P] rect cmd=40f3 pixcntl=000 cur=90,0
[M8P] rect cmd=40f3 pixcntl=000 cur=91,0
[M8P] rect cmd=40f3 pixcntl=000 cur=92,0
[M8P] rect cmd=40f3 pixcntl=000 cur=93,0
[M8P] rect cmd=40f3 pixcntl=000 cur=94,0
[M8P] rect cmd=40f3 pixcntl=000 cur=95,0
[M8P] rect cmd=40f3 pixcntl=000 cur=96,0
[M8P] rect cmd=40f3 pixcntl=000 cur=97,0
[M8P] rect cmd=40f3 pixcntl=000 cur=98,0
[M8P] rect cmd=40f3 pixcntl=000 cur=99,0
[M8P] rect cmd=40f3 pixcntl=000 cur=100,0
[M8P] rect cmd=40f3 pixcntl=000 cur=101,0
[M8P] rect cmd=40f3 pixcntl=000 cur=102,0
[M8P] rect cmd=40f3 pixcntl=000 cur=103,0
[M8P] rect cmd=40f3 pixcntl=000 cur=104,0
[M8P] rect cmd=40f3 pixcntl=000 cur=105,0
[M8P] rect cmd=40f3 pixcntl=000 cur=106,0
[M8P] rect cmd=40f3 pixcntl=000 cur=107,0
[M8P] rect cmd=40f3 pixcntl=000 cur=108,0
[M8P] rect cmd=40f3 pixcntl=000 cur=109,0
[M8P] rect cmd=40f3 pixcntl=000 cur=110,0
[M8P] rect cmd=40f3 pixcntl=000 cur=111,0
[M8P] rect cmd=40f3 pixcntl=000 cur=112,0
[M8P] rect cmd=40f3 pixcntl=000 cur=113,0
[M8P] rect cmd=40f3 pixcntl=000 cur=114,0
[M8P] rect cmd=40f3 pixcntl=000 cur=115,0
[M8P] rect cmd=40f3 pixcntl=000 cur=116,0
[M8P] rect cmd=40f3 pixcntl=000 cur=117,0
[M8P] rect cmd=40f3 pixcntl=000 cur=118,0
[M8P] rect cmd=40f3 pixcntl=000 cur=119,0
[M8P] rect cmd=40f3 pixcntl=000 cur=120,0
[M8P] rect cmd=40f3 pixcntl=000 cur=121,0
[M8P] rect cmd=40f3 pixcntl=000 cur=122,0
[M8P] rect cmd=40f3 pixcntl=000 cur=123,0
[M8P] rect cmd=40f3 pixcntl=000 cur=124,0
[M8P] rect cmd=40f3 pixcntl=000 cur=125,0
[M8P] rect cmd=40f3 pixcntl=000 cur=126,0
[M8P] rect cmd=40f3 pixcntl=000 cur=127,0
[M8P] rect cmd=40f3 pixcntl=000 cur=128,0
[M8P] rect cmd=40f3 pixcntl=000 cur=129,0
[M8P] rect cmd=40f3 pixcntl=000 cur=130,0
[M8P] rect cmd=40f3 pixcntl=000 cur=131,0
[M8P] rect cmd=40f3 pixcntl=000 cur=132,0
[M8P] rect cmd=40f3 pixcntl=000 cur=133,0
[M8P] rect cmd=40f3 pixcntl=000 cur=134,0
[M8P] rect cmd=40f3 pixcntl=000 cur=135,0
[M8P] rect cmd=40f3 pixcntl=000 cur=136,0
[M8P] rect cmd=40f3 pixcntl=000 cur=137,0
[M8P] rect cmd=40f3 pixcntl=000 cur=138,0
[M8P] rect cmd=40f3 pixcntl=000 cur=139,0
[M8P] rect cmd=40f3 pixcntl=000 cur=140,0
[M8P] rect cmd=40f3 pixcntl=000 cur=141,0
[M8P] rect cmd=40f3 pixcntl=000 cur=142,0
[M8P] rect cmd=40f3 pixcntl=000 cur=143,0
[M8P] rect cmd=40f3 pixcntl=000 cur=144,0
[M8P] rect cmd=40f3 pixcntl=000 cur=145,0
[M8P] rect cmd=40f3 pixcntl=000 cur=146,0
[M8P] rect cmd=40f3 pixcntl=000 cur=147,0
[M8P] rect cmd=40f3 pixcntl=000 cur=148,0
[M8P] rect cmd=40f3 pixcntl=000 cur=149,0
[M8P] rect cmd=40f3 pixcntl=000 cur=150,0
[M8P] rect cmd=40f3 pixcntl=000 cur=151,0
[M8P] rect cmd=40f3 pixcntl=000 cur=152,0
[M8P] rect cmd=40f3 pixcntl=000 cur=153,0
[M8P] rect cmd=40f3 pixcntl=000 cur=154,0
[M8P] rect cmd=40f3 pixcntl=000 cur=155,0
[M8P] rect cmd=40f3 pixcntl=000 cur=156,0
[M8P] rect cmd=40f3 pixcntl=000 cur=157,0
[M8P] rect cmd=40f3 pixcntl=000 cur=158,0
[M8P] rect cmd=40f3 pixcntl=000 cur=159,0
[M8P] rect cmd=40f3 pixcntl=000 cur=160,0
[M8P] rect cmd=40f3 pixcntl=000 cur=161,0
[M8P] rect cmd=40f3 pixcntl=000 cur=162,0
[M8P] rect cmd=40f3 pixcntl=000 cur=163,0
[M8P] rect cmd=40f3 pixcntl=000 cur=164,0
[M8P] rect cmd=40f3 pixcntl=000 cur=165,0
[M8P] rect cmd=40f3 pixcntl=000 cur=166,0
[M8P] rect cmd=40f3 pixcntl=000 cur=167,0
[M8P] rect cmd=40f3 pixcntl=000 cur=168,0
[M8P] rect cmd=40f3 pixcntl=000 cur=169,0
[M8P] rect cmd=40f3 pixcntl=000 cur=170,0
[M8P] rect cmd=40f3 pixcntl=000 cur=171,0
[M8P] rect cmd=40f3 pixcntl=000 cur=172,0
[M8P] rect cmd=40f3 pixcntl=000 cur=173,0
[M8P] rect cmd=40f3 pixcntl=000 cur=174,0
[M8P] rect cmd=40f3 pixcntl=000 cur=175,0
[M8P] rect cmd=40f3 pixcntl=000 cur=176,0
[M8P] rect cmd=40f3 pixcntl=000 cur=177,0
[M8P] rect cmd=40f3 pixcntl=000 cur=178,0
[M8P] rect cmd=40f3 pixcntl=000 cur=179,0
[M8P] rect cmd=40f3 pixcntl=000 cur=180,0
[M8P] rect cmd=40f3 pixcntl=000 cur=181,0
[M8P] rect cmd=40f3 pixcntl=000 cur=182,0
[M8P] rect cmd=40f3 pixcntl=000 cur=183,0
[M8P] rect cmd=40f3 pixcntl=000 cur=184,0
[M8P] rect cmd=40f3 pixcntl=000 cur=185,0
[M8P] rect cmd=40f3 pixcntl=000 cur=186,0
[M8P] rect cmd=40f3 pixcntl=000 cur=187,0
[M8P] rect cmd=40f3 pixcntl=000 cur=188,0
[M8P] rect cmd=40f3 pixcntl=000 cur=189,0
[M8P] rect cmd=40f3 pixcntl=000 cur=190,0
[M8P] rect cmd=40f3 pixcntl=000 cur=191,0
[M8P] rect cmd=40f3 pixcntl=000 cur=192,0
[M8P] rect cmd=40f3 pixcntl=000 cur=193,0
[M8P] rect cmd=40f3 pixcntl=000 cur=194,0
[M8P] rect cmd=40f3 pixcntl=000 cur=195,0
[M8P] rect cmd=40f3 pixcntl=000 cur=196,0
[M8P] rect cmd=40f3 pixcntl=000 cur=197,0
[M8P] rect cmd=40f3 pixcntl=000 cur=198,0
[M8P] rect cmd=40f3 pixcntl=000 cur=199,0
[M8P] rect cmd=40f3 pixcntl=000 cur=200,0
[M8P] rect cmd=40f3 pixcntl=000 cur=201,0
[M8P] rect cmd=40f3 pixcntl=000 cur=202,0
[M8P] rect cmd=40f3 pixcntl=000 cur=203,0
[M8P] rect cmd=40f3 pixcntl=000 cur=204,0
[M8P] rect cmd=40f3 pixcntl=000 cur=205,0
[M8P] rect cmd=40f3 pixcntl=000 cur=206,0
[M8P] rect cmd=40f3 pixcntl=000 cur=207,0
[M8P] rect cmd=40f3 pixcntl=000 cur=208,0
[M8P] rect cmd=40f3 pixcntl=000 cur=209,0
[M8P] rect cmd=40f3 pixcntl=000 cur=210,0
[M8P] rect cmd=40f3 pixcntl=000 cur=211,0
[M8P] rect cmd=40f3 pixcntl=000 cur=212,0
[M8P] rect cmd=40f3 pixcntl=000 cur=213,0
[M8P] rect cmd=40f3 pixcntl=000 cur=214,0
[M8P] rect cmd=40f3 pixcntl=000 cur=215,0
[M8P] rect cmd=40f3 pixcntl=000 cur=216,0
[M8P] rect cmd=40f3 pixcntl=000 cur=217,0
[M8P] rect cmd=40f3 pixcntl=000 cur=218,0
[M8P] rect cmd=40f3 pixcntl=000 cur=219,0
[M8P] rect cmd=40f3 pixcntl=000 cur=220,0
[M8P] rect cmd=40f3 pixcntl=000 cur=221,0
[M8P] rect cmd=40f3 pixcntl=000 cur=222,0
[M8P] rect cmd=40f3 pixcntl=000 cur=223,0
[M8P] rect cmd=40f3 pixcntl=000 cur=224,0
[M8P] rect cmd=40f3 pixcntl=000 cur=225,0
[M8P] rect cmd=40f3 pixcntl=000 cur=226,0
[M8P] rect cmd=40f3 pixcntl=000 cur=227,0
[M8P] rect cmd=40f3 pixcntl=000 cur=228,0
[M8P] rect cmd=40f3 pixcntl=000 cur=229,0
[M8P] rect cmd=40f3 pixcntl=000 cur=230,0
[M8P] rect cmd=40f3 pixcntl=000 cur=231,0
[M8P] rect cmd=40f3 pixcntl=000 cur=232,0
[M8P] rect cmd=40f3 pixcntl=000 cur=233,0
[M8P] rect cmd=40f3 pixcntl=000 cur=234,0
[M8P] rect cmd=40f3 pixcntl=000 cur=235,0
[M8P] rect cmd=40f3 pixcntl=000 cur=236,0
[M8P] rect cmd=40f3 pixcntl=000 cur=237,0
[M8P] rect cmd=40f3 pixcntl=000 cur=238,0
[M8P] rect cmd=40f3 pixcntl=000 cur=239,0
[M8P] rect cmd=40f3 pixcntl=000 cur=240,0
[M8P] rect cmd=40f3 pixcntl=000 cur=241,0
[M8P] rect cmd=40f3 pixcntl=000 cur=242,0
[M8P] rect cmd=40f3 pixcntl=000 cur=243,0
[M8P] rect cmd=40f3 pixcntl=000 cur=244,0
[M8P] rect cmd=40f3 pixcntl=000 cur=245,0
[M8P] rect cmd=40f3 pixcntl=000 cur=246,0
[M8P] rect cmd=40f3 pixcntl=000 cur=247,0
[M8P] rect cmd=40f3 pixcntl=000 cur=248,0
[M8P] rect cmd=40f3 pixcntl=000 cur=249,0
[M8P] rect cmd=40f3 pixcntl=000 cur=250,0
[M8P] rect cmd=40f3 pixcntl=000 cur=251,0
[M8P] rect cmd=40f3 pixcntl=000 cur=252,0
[M8P] rect cmd=40f3 pixcntl=000 cur=253,0
[M8P] rect cmd=40f3 pixcntl=000 cur=254,0
[M8P] rect cmd=40f3 pixcntl=000 cur=255,0
[M8P] rect cmd=40f3 pixcntl=000 cur=0,0
[M8P] rect cmd=53b0 pixcntl=000 cur=0,0
[M8P] rect cmd=40f3 pixcntl=000 cur=0,0
[M8P] rect cmd=40f3 pixcntl=000 cur=1,0
[M8P] rect cmd=40f3 pixcntl=000 cur=2,0
[M8P] rect cmd=40f3 pixcntl=000 cur=3,0
[M8P] rect cmd=40f3 pixcntl=000 cur=4,0
[M8P] rect cmd=40f3 pixcntl=000 cur=5,0
[M8P] rect cmd=40f3 pixcntl=000 cur=6,0
[M8P] rect cmd=40f3 pixcntl=000 cur=7,0
[M8P] rect cmd=40f3 pixcntl=000 cur=8,0
[M8P] rect cmd=40f3 pixcntl=000 cur=9,0
[M8P] rect cmd=40f3 pixcntl=000 cur=10,0
[M8P] rect cmd=40f3 pixcntl=000 cur=11,0
[M8P] rect cmd=40f3 pixcntl=000 cur=12,0
[M8P] rect cmd=40f3 pixcntl=000 cur=13,0
[M8P] rect cmd=40f3 pixcntl=000 cur=14,0
[M8P] rect cmd=40f3 pixcntl=000 cur=15,0
[M8P] rect cmd=40f3 pixcntl=000 cur=16,0
[M8P] rect cmd=40f3 pixcntl=000 cur=17,0
[M8P] rect cmd=40f3 pixcntl=000 cur=18,0
[M8P] rect cmd=40f3 pixcntl=000 cur=19,0
[M8P] rect cmd=40f3 pixcntl=000 cur=20,0
[M8P] rect cmd=40f3 pixcntl=000 cur=21,0
[M8P] rect cmd=40f3 pixcntl=000 cur=22,0
[M8P] rect cmd=40f3 pixcntl=000 cur=23,0
[M8P] rect cmd=40f3 pixcntl=000 cur=24,0
[M8P] rect cmd=40f3 pixcntl=000 cur=25,0
[M8P] rect cmd=40f3 pixcntl=000 cur=26,0
[M8P] rect cmd=40f3 pixcntl=000 cur=27,0
[M8P] rect cmd=40f3 pixcntl=000 cur=28,0
[M8P] rect cmd=40f3 pixcntl=000 cur=29,0
[M8P] rect cmd=40f3 pixcntl=000 cur=30,0
[M8P] rect cmd=40f3 pixcntl=000 cur=31,0
[M8P] rect cmd=40f3 pixcntl=000 cur=32,0
[M8P] rect cmd=40f3 pixcntl=000 cur=33,0
[M8P] rect cmd=40f3 pixcntl=000 cur=34,0
[M8P] rect cmd=40f3 pixcntl=000 cur=35,0
[M8P] rect cmd=40f3 pixcntl=000 cur=36,0
[M8P] rect cmd=40f3 pixcntl=000 cur=37,0
[M8P] rect cmd=40f3 pixcntl=000 cur=38,0
[M8P] rect cmd=40f3 pixcntl=000 cur=39,0
[M8P] rect cmd=40f3 pixcntl=000 cur=40,0
[M8P] rect cmd=40f3 pixcntl=000 cur=41,0
[M8P] rect cmd=40f3 pixcntl=000 cur=42,0
[M8P] rect cmd=40f3 pixcntl=000 cur=43,0
[M8P] rect cmd=40f3 pixcntl=000 cur=44,0
[M8P] rect cmd=40f3 pixcntl=000 cur=45,0
[M8P] rect cmd=40f3 pixcntl=000 cur=46,0
[M8P] rect cmd=40f3 pixcntl=000 cur=47,0
[M8P] rect cmd=40f3 pixcntl=000 cur=48,0
[M8P] rect cmd=40f3 pixcntl=000 cur=49,0
[M8P] rect cmd=40f3 pixcntl=000 cur=50,0
[M8P] rect cmd=40f3 pixcntl=000 cur=51,0
[M8P] rect cmd=40f3 pixcntl=000 cur=52,0
[M8P] rect cmd=40f3 pixcntl=000 cur=53,0
[M8P] rect cmd=40f3 pixcntl=000 cur=54,0
[M8P] rect cmd=40f3 pixcntl=000 cur=55,0
[M8P] rect cmd=40f3 pixcntl=000 cur=56,0
[M8P] rect cmd=40f3 pixcntl=000 cur=57,0
[M8P] rect cmd=40f3 pixcntl=000 cur=58,0
[M8P] rect cmd=40f3 pixcntl=000 cur=59,0
[M8P] rect cmd=40f3 pixcntl=000 cur=60,0
[M8P] rect cmd=40f3 pixcntl=000 cur=61,0
[M8P] rect cmd=40f3 pixcntl=000 cur=62,0
[M8P] rect cmd=40f3 pixcntl=000 cur=63,0
[M8P] rect cmd=40f3 pixcntl=000 cur=64,0
[M8P] rect cmd=40f3 pixcntl=000 cur=65,0
[M8P] rect cmd=40f3 pixcntl=000 cur=66,0
[M8P] rect cmd=40f3 pixcntl=000 cur=67,0
[M8P] rect cmd=40f3 pixcntl=000 cur=68,0
[M8P] rect cmd=40f3 pixcntl=000 cur=69,0
[M8P] rect cmd=40f3 pixcntl=000 cur=70,0
[M8P] rect cmd=40f3 pixcntl=000 cur=71,0
[M8P] rect cmd=40f3 pixcntl=000 cur=72,0
[M8P] rect cmd=40f3 pixcntl=000 cur=73,0
[M8P] rect cmd=40f3 pixcntl=000 cur=74,0
[M8P] rect cmd=40f3 pixcntl=000 cur=75,0
[M8P] rect cmd=40f3 pixcntl=000 cur=76,0
[M8P] rect cmd=40f3 pixcntl=000 cur=77,0
[M8P] rect cmd=40f3 pixcntl=000 cur=78,0
[M8P] rect cmd=40f3 pixcntl=000 cur=79,0
[M8P] rect cmd=40f3 pixcntl=000 cur=80,0
[M8P] rect cmd=40f3 pixcntl=000 cur=81,0
[M8P] rect cmd=40f3 pixcntl=000 cur=82,0
[M8P] rect cmd=40f3 pixcntl=000 cur=83,0
[M8P] rect cmd=40f3 pixcntl=000 cur=84,0
[M8P] rect cmd=40f3 pixcntl=000 cur=85,0
[M8P] rect cmd=40f3 pixcntl=000 cur=86,0
[M8P] rect cmd=40f3 pixcntl=000 cur=87,0
[M8P] rect cmd=40f3 pixcntl=000 cur=88,0
[M8P] rect cmd=40f3 pixcntl=000 cur=89,0
[M8P] rect cmd=40f3 pixcntl=000 cur=90,0
[M8P] rect cmd=40f3 pixcntl=000 cur=91,0
[M8P] rect cmd=40f3 pixcntl=000 cur=92,0
[M8P] rect cmd=40f3 pixcntl=000 cur=93,0
[M8P] rect cmd=40f3 pixcntl=000 cur=94,0
[M8P] rect cmd=40f3 pixcntl=000 cur=95,0
[M8P] rect cmd=40f3 pixcntl=000 cur=96,0
[M8P] rect cmd=40f3 pixcntl=000 cur=97,0
[M8P] rect cmd=40f3 pixcntl=000 cur=98,0
[M8P] rect cmd=40f3 pixcntl=000 cur=99,0
[M8P] rect cmd=40f3 pixcntl=000 cur=100,0
[M8P] rect cmd=40f3 pixcntl=000 cur=101,0
[M8P] rect cmd=40f3 pixcntl=000 cur=102,0
[M8P] rect cmd=40f3 pixcntl=000 cur=103,0
[M8P] rect cmd=40f3 pixcntl=000 cur=104,0
[M8P] rect cmd=40f3 pixcntl=000 cur=105,0
[M8P] rect cmd=40f3 pixcntl=000 cur=106,0
[M8P] rect cmd=40f3 pixcntl=000 cur=107,0
[M8P] rect cmd=40f3 pixcntl=000 cur=108,0
[M8P] rect cmd=40f3 pixcntl=000 cur=109,0
[M8P] rect cmd=40f3 pixcntl=000 cur=110,0
[M8P] rect cmd=40f3 pixcntl=000 cur=111,0
[M8P] rect cmd=40f3 pixcntl=000 cur=112,0
[M8P] rect cmd=40f3 pixcntl=000 cur=113,0
[M8P] rect cmd=40f3 pixcntl=000 cur=114,0
[M8P] rect cmd=40f3 pixcntl=000 cur=115,0
[M8P] rect cmd=40f3 pixcntl=000 cur=116,0
[M8P] rect cmd=40f3 pixcntl=000 cur=117,0
[M8P] rect cmd=40f3 pixcntl=000 cur=118,0
[M8P] rect cmd=40f3 pixcntl=000 cur=119,0
[M8P] rect cmd=40f3 pixcntl=000 cur=120,0
[M8P] rect cmd=40f3 pixcntl=000 cur=121,0
[M8P] rect cmd=40f3 pixcntl=000 cur=122,0
[M8P] rect cmd=40f3 pixcntl=000 cur=123,0
[M8P] rect cmd=40f3 pixcntl=000 cur=124,0
[M8P] rect cmd=40f3 pixcntl=000 cur=125,0
[M8P] rect cmd=40f3 pixcntl=000 cur=126,0
[M8P] rect cmd=40f3 pixcntl=000 cur=127,0
[M8P] rect cmd=40f3 pixcntl=000 cur=128,0
[M8P] rect cmd=40f3 pixcntl=000 cur=129,0
[M8P] rect cmd=40f3 pixcntl=000 cur=130,0
[M8P] rect cmd=40f3 pixcntl=000 cur=131,0
[M8P] rect cmd=40f3 pixcntl=000 cur=132,0
[M8P] rect cmd=40f3 pixcntl=000 cur=133,0
[M8P] rect cmd=40f3 pixcntl=000 cur=134,0
[M8P] rect cmd=40f3 pixcntl=000 cur=135,0
[M8P] rect cmd=40f3 pixcntl=000 cur=136,0
[M8P] rect cmd=40f3 pixcntl=000 cur=137,0
[M8P] rect cmd=40f3 pixcntl=000 cur=138,0
[M8P] rect cmd=40f3 pixcntl=000 cur=139,0
[M8P] rect cmd=40f3 pixcntl=000 cur=140,0
[M8P] rect cmd=40f3 pixcntl=000 cur=141,0
[M8P] rect cmd=40f3 pixcntl=000 cur=142,0
[M8P] rect cmd=40f3 pixcntl=000 cur=143,0
[M8P] rect cmd=40f3 pixcntl=000 cur=144,0
[M8P] rect cmd=40f3 pixcntl=000 cur=145,0
[M8P] rect cmd=40f3 pixcntl=000 cur=146,0
[M8P] rect cmd=40f3 pixcntl=000 cur=147,0
[M8P] rect cmd=40f3 pixcntl=000 cur=148,0
[M8P] rect cmd=40f3 pixcntl=000 cur=149,0
[M8P] rect cmd=40f3 pixcntl=000 cur=150,0
[M8P] rect cmd=40f3 pixcntl=000 cur=151,0
[M8P] rect cmd=40f3 pixcntl=000 cur=152,0
[M8P] rect cmd=40f3 pixcntl=000 cur=153,0
[M8P] rect cmd=40f3 pixcntl=000 cur=154,0
[M8P] rect cmd=40f3 pixcntl=000 cur=155,0
[M8P] rect cmd=40f3 pixcntl=000 cur=156,0
[M8P] rect cmd=40f3 pixcntl=000 cur=157,0
[M8P] rect cmd=40f3 pixcntl=000 cur=158,0
[M8P] rect cmd=40f3 pixcntl=000 cur=159,0
[M8P] rect cmd=40f3 pixcntl=000 cur=160,0
[M8P] rect cmd=40f3 pixcntl=000 cur=161,0
[M8P] rect cmd=40f3 pixcntl=000 cur=162,0
[M8P] rect cmd=40f3 pixcntl=000 cur=163,0
[M8P] rect cmd=40f3 pixcntl=000 cur=164,0
[M8P] rect cmd=40f3 pixcntl=000 cur=165,0
[M8P] rect cmd=40f3 pixcntl=000 cur=166,0
[M8P] rect cmd=40f3 pixcntl=000 cur=167,0
[M8P] rect cmd=40f3 pixcntl=000 cur=168,0
[M8P] rect cmd=40f3 pixcntl=000 cur=169,0
[M8P] rect cmd=40f3 pixcntl=000 cur=170,0
[M8P] rect cmd=40f3 pixcntl=000 cur=171,0
[M8P] rect cmd=40f3 pixcntl=000 cur=172,0
[M8P] rect cmd=40f3 pixcntl=000 cur=173,0
[M8P] rect cmd=40f3 pixcntl=000 cur=174,0
[M8P] rect cmd=40f3 pixcntl=000 cur=175,0
[M8P] rect cmd=40f3 pixcntl=000 cur=176,0
[M8P] rect cmd=40f3 pixcntl=000 cur=177,0
[M8P] rect cmd=40f3 pixcntl=000 cur=178,0
[M8P] rect cmd=40f3 pixcntl=000 cur=179,0
[M8P] rect cmd=40f3 pixcntl=000 cur=180,0
[M8P] rect cmd=40f3 pixcntl=000 cur=181,0
[M8P] rect cmd=40f3 pixcntl=000 cur=182,0
[M8P] rect cmd=40f3 pixcntl=000 cur=183,0
[M8P] rect cmd=40f3 pixcntl=000 cur=184,0
[M8P] rect cmd=40f3 pixcntl=000 cur=185,0
[M8P] rect cmd=40f3 pixcntl=000 cur=186,0
[M8P] rect cmd=40f3 pixcntl=000 cur=187,0
[M8P] rect cmd=40f3 pixcntl=000 cur=188,0
[M8P] rect cmd=40f3 pixcntl=000 cur=189,0
[M8P] rect cmd=40f3 pixcntl=000 cur=190,0
[M8P] rect cmd=40f3 pixcntl=000 cur=191,0
[M8P] rect cmd=40f3 pixcntl=000 cur=192,0
[M8P] rect cmd=40f3 pixcntl=000 cur=193,0
[M8P] rect cmd=40f3 pixcntl=000 cur=194,0
[M8P] rect cmd=40f3 pixcntl=000 cur=195,0
[M8P] rect cmd=40f3 pixcntl=000 cur=196,0
[M8P] rect cmd=40f3 pixcntl=000 cur=197,0
[M8P] rect cmd=40f3 pixcntl=000 cur=198,0
[M8P] rect cmd=40f3 pixcntl=000 cur=199,0
[M8P] rect cmd=40f3 pixcntl=000 cur=200,0
[M8P] rect cmd=40f3 pixcntl=000 cur=201,0
[M8P] rect cmd=40f3 pixcntl=000 cur=202,0
[M8P] rect cmd=40f3 pixcntl=000 cur=203,0
[M8P] rect cmd=40f3 pixcntl=000 cur=204,0
[M8P] rect cmd=40f3 pixcntl=000 cur=205,0
[M8P] rect cmd=40f3 pixcntl=000 cur=206,0
[M8P] rect cmd=40f3 pixcntl=000 cur=207,0
[M8P] rect cmd=40f3 pixcntl=000 cur=208,0
[M8P] rect cmd=40f3 pixcntl=000 cur=209,0
[M8P] rect cmd=40f3 pixcntl=000 cur=210,0
[M8P] rect cmd=40f3 pixcntl=000 cur=211,0
[M8P] rect cmd=40f3 pixcntl=000 cur=212,0
[M8P] rect cmd=40f3 pixcntl=000 cur=213,0
[M8P] rect cmd=40f3 pixcntl=000 cur=214,0
[M8P] rect cmd=40f3 pixcntl=000 cur=215,0
[M8P] rect cmd=40f3 pixcntl=000 cur=216,0
[M8P] rect cmd=40f3 pixcntl=000 cur=217,0
[M8P] rect cmd=40f3 pixcntl=000 cur=218,0
[M8P] rect cmd=40f3 pixcntl=000 cur=219,0
[M8P] rect cmd=40f3 pixcntl=000 cur=220,0
[M8P] rect cmd=40f3 pixcntl=000 cur=221,0
[M8P] rect cmd=40f3 pixcntl=000 cur=222,0
[M8P] rect cmd=40f3 pixcntl=000 cur=223,0
[M8P] rect cmd=40f3 pixcntl=000 cur=224,0
[M8P] rect cmd=40f3 pixcntl=000 cur=225,0
[M8P] rect cmd=40f3 pixcntl=000 cur=226,0
[M8P] rect cmd=40f3 pixcntl=000 cur=227,0
[M8P] rect cmd=40f3 pixcntl=000 cur=228,0
[M8P] rect cmd=40f3 pixcntl=000 cur=229,0
[M8P] rect cmd=40f3 pixcntl=000 cur=230,0
[M8P] rect cmd=40f3 pixcntl=000 cur=231,0
[M8P] rect cmd=40f3 pixcntl=000 cur=232,0
[M8P] rect cmd=40f3 pixcntl=000 cur=233,0
[M8P] rect cmd=40f3 pixcntl=000 cur=234,0
[M8P] rect cmd=40f3 pixcntl=000 cur=235,0
[M8P] rect cmd=40f3 pixcntl=000 cur=236,0
[M8P] rect cmd=40f3 pixcntl=000 cur=237,0
[M8P] rect cmd=40f3 pixcntl=000 cur=238,0
[M8P] rect cmd=40f3 pixcntl=000 cur=239,0
[M8P] rect cmd=40f3 pixcntl=000 cur=240,0
[M8P] rect cmd=40f3 pixcntl=000 cur=241,0
[M8P] rect cmd=40f3 pixcntl=000 cur=242,0
[M8P] rect cmd=40f3 pixcntl=000 cur=243,0
[M8P] rect cmd=40f3 pixcntl=000 cur=244,0
[M8P] rect cmd=40f3 pixcntl=000 cur=245,0
[M8P] rect cmd=40f3 pixcntl=000 cur=246,0
[M8P] rect cmd=40f3 pixcntl=000 cur=247,0
[M8P] rect cmd=40f3 pixcntl=000 cur=248,0
[M8P] rect cmd=40f3 pixcntl=000 cur=249,0
[M8P] rect cmd=40f3 pixcntl=000 cur=250,0
[M8P] rect cmd=40f3 pixcntl=000 cur=251,0
[M8P] rect cmd=40f3 pixcntl=000 cur=252,0
[M8P] rect cmd=40f3 pixcntl=000 cur=253,0
[M8P] rect cmd=40f3 pixcntl=000 cur=254,0
[M8P] rect cmd=40f3 pixcntl=000 cur=255,0
[M8P] rect cmd=40f3 pixcntl=000 cur=0,0
[M8P] rect cmd=53b0 pixcntl=000 cur=0,0
[M8P] rect cmd=40f3 pixcntl=000 cur=0,0
[M8P] rect cmd=40f3 pixcntl=000 cur=1,0
[M8P] rect cmd=40f3 pixcntl=000 cur=2,0
[M8P] rect cmd=40f3 pixcntl=000 cur=3,0
[M8P] rect cmd=40f3 pixcntl=000 cur=4,0
[M8P] rect cmd=40f3 pixcntl=000 cur=5,0
[M8P] rect cmd=40f3 pixcntl=000 cur=6,0
[M8P] rect cmd=40f3 pixcntl=000 cur=7,0
[M8P] rect cmd=40f3 pixcntl=000 cur=8,0
[M8P] rect cmd=40f3 pixcntl=000 cur=9,0
[M8P] rect cmd=40f3 pixcntl=000 cur=10,0
[M8P] rect cmd=40f3 pixcntl=000 cur=11,0
[M8P] rect cmd=40f3 pixcntl=000 cur=12,0
[M8P] rect cmd=40f3 pixcntl=000 cur=13,0
[M8P] rect cmd=40f3 pixcntl=000 cur=14,0
[M8P] rect cmd=40f3 pixcntl=000 cur=15,0
[M8P] rect cmd=40f3 pixcntl=000 cur=16,0
[M8P] rect cmd=40f3 pixcntl=000 cur=17,0
[M8P] rect cmd=40f3 pixcntl=000 cur=18,0
[M8P] rect cmd=40f3 pixcntl=000 cur=19,0
[M8P] rect cmd=40f3 pixcntl=000 cur=20,0
[M8P] rect cmd=40f3 pixcntl=000 cur=21,0
[M8P] rect cmd=40f3 pixcntl=000 cur=22,0
[M8P] rect cmd=40f3 pixcntl=000 cur=23,0
[M8P] rect cmd=40f3 pixcntl=000 cur=24,0
[M8P] rect cmd=40f3 pixcntl=000 cur=25,0
[M8P] rect cmd=40f3 pixcntl=000 cur=26,0
[M8P] rect cmd=40f3 pixcntl=000 cur=27,0
[M8P] rect cmd=40f3 pixcntl=000 cur=28,0
[M8P] rect cmd=40f3 pixcntl=000 cur=29,0
[M8P] rect cmd=40f3 pixcntl=000 cur=30,0
[M8P] rect cmd=40f3 pixcntl=000 cur=31,0
[M8P] rect cmd=40f3 pixcntl=000 cur=32,0
[M8P] rect cmd=40f3 pixcntl=000 cur=33,0
[M8P] rect cmd=40f3 pixcntl=000 cur=34,0
[M8P] rect cmd=40f3 pixcntl=000 cur=35,0
[M8P] rect cmd=40f3 pixcntl=000 cur=36,0
[M8P] rect cmd=40f3 pixcntl=000 cur=37,0
[M8P] rect cmd=40f3 pixcntl=000 cur=38,0
[M8P] rect cmd=40f3 pixcntl=000 cur=39,0
[M8P] rect cmd=40f3 pixcntl=000 cur=40,0
[M8P] rect cmd=40f3 pixcntl=000 cur=41,0
[M8P] rect cmd=40f3 pixcntl=000 cur=42,0
[M8P] rect cmd=40f3 pixcntl=000 cur=43,0
[M8P] rect cmd=40f3 pixcntl=000 cur=44,0
[M8P] rect cmd=40f3 pixcntl=000 cur=45,0
[M8P] rect cmd=40f3 pixcntl=000 cur=46,0
[M8P] rect cmd=40f3 pixcntl=000 cur=47,0
[M8P] rect cmd=40f3 pixcntl=000 cur=48,0
[M8P] rect cmd=40f3 pixcntl=000 cur=49,0
[M8P] rect cmd=40f3 pixcntl=000 cur=50,0
[M8P] rect cmd=40f3 pixcntl=000 cur=51,0
[M8P] rect cmd=40f3 pixcntl=000 cur=52,0
[M8P] rect cmd=40f3 pixcntl=000 cur=53,0
[M8P] rect cmd=40f3 pixcntl=000 cur=54,0
[M8P] rect cmd=40f3 pixcntl=000 cur=55,0
[M8P] rect cmd=40f3 pixcntl=000 cur=56,0
[M8P] rect cmd=40f3 pixcntl=000 cur=57,0
[M8P] rect cmd=40f3 pixcntl=000 cur=58,0
[M8P] rect cmd=40f3 pixcntl=000 cur=59,0
[M8P] rect cmd=40f3 pixcntl=000 cur=60,0
[M8P] rect cmd=40f3 pixcntl=000 cur=61,0
[M8P] rect cmd=40f3 pixcntl=000 cur=62,0
[M8P] rect cmd=40f3 pixcntl=000 cur=63,0
[M8P] rect cmd=40f3 pixcntl=000 cur=64,0
[M8P] rect cmd=40f3 pixcntl=000 cur=65,0
[M8P] rect cmd=40f3 pixcntl=000 cur=66,0
[M8P] rect cmd=40f3 pixcntl=000 cur=67,0
[M8P] rect cmd=40f3 pixcntl=000 cur=68,0
[M8P] rect cmd=40f3 pixcntl=000 cur=69,0
[M8P] rect cmd=40f3 pixcntl=000 cur=70,0
[M8P] rect cmd=40f3 pixcntl=000 cur=71,0
[M8P] rect cmd=40f3 pixcntl=000 cur=72,0
[M8P] rect cmd=40f3 pixcntl=000 cur=73,0
[M8P] rect cmd=40f3 pixcntl=000 cur=74,0
[M8P] rect cmd=40f3 pixcntl=000 cur=75,0
[M8P] rect cmd=40f3 pixcntl=000 cur=76,0
[M8P] rect cmd=40f3 pixcntl=000 cur=77,0
[M8P] rect cmd=40f3 pixcntl=000 cur=78,0
[M8P] rect cmd=40f3 pixcntl=000 cur=79,0
[M8P] rect cmd=40f3 pixcntl=000 cur=80,0
[M8P] rect cmd=40f3 pixcntl=000 cur=81,0
[M8P] rect cmd=40f3 pixcntl=000 cur=82,0
[M8P] rect cmd=40f3 pixcntl=000 cur=83,0
[M8P] rect cmd=40f3 pixcntl=000 cur=84,0
[M8P] rect cmd=40f3 pixcntl=000 cur=85,0
[M8P] rect cmd=40f3 pixcntl=000 cur=86,0
[M8P] rect cmd=40f3 pixcntl=000 cur=87,0
[M8P] rect cmd=40f3 pixcntl=000 cur=88,0
[M8P] rect cmd=40f3 pixcntl=000 cur=89,0
[M8P] rect cmd=40f3 pixcntl=000 cur=90,0
[M8P] rect cmd=40f3 pixcntl=000 cur=91,0
[M8P] rect cmd=40f3 pixcntl=000 cur=92,0
[M8P] rect cmd=40f3 pixcntl=000 cur=93,0
[M8P] rect cmd=40f3 pixcntl=000 cur=94,0
[M8P] rect cmd=40f3 pixcntl=000 cur=95,0
[M8P] rect cmd=40f3 pixcntl=000 cur=96,0
[M8P] rect cmd=40f3 pixcntl=000 cur=97,0
[M8P] rect cmd=40f3 pixcntl=000 cur=98,0
[M8P] rect cmd=40f3 pixcntl=000 cur=99,0
[M8P] rect cmd=40f3 pixcntl=000 cur=100,0
[M8P] rect cmd=40f3 pixcntl=000 cur=101,0
[M8P] rect cmd=40f3 pixcntl=000 cur=102,0
[M8P] rect cmd=40f3 pixcntl=000 cur=103,0
[M8P] rect cmd=40f3 pixcntl=000 cur=104,0
[M8P] rect cmd=40f3 pixcntl=000 cur=105,0
[M8P] rect cmd=40f3 pixcntl=000 cur=106,0
[M8P] rect cmd=40f3 pixcntl=000 cur=107,0
[M8P] rect cmd=40f3 pixcntl=000 cur=108,0
[M8P] rect cmd=40f3 pixcntl=000 cur=109,0
[M8P] rect cmd=40f3 pixcntl=000 cur=110,0
[M8P] rect cmd=40f3 pixcntl=000 cur=111,0
[M8P] rect cmd=40f3 pixcntl=000 cur=112,0
[M8P] rect cmd=40f3 pixcntl=000 cur=113,0
[M8P] rect cmd=40f3 pixcntl=000 cur=114,0
[M8P] rect cmd=40f3 pixcntl=000 cur=115,0
[M8P] rect cmd=40f3 pixcntl=000 cur=116,0
[M8P] rect cmd=40f3 pixcntl=000 cur=117,0
[M8P] rect cmd=40f3 pixcntl=000 cur=118,0
[M8P] rect cmd=40f3 pixcntl=000 cur=119,0
[M8P] rect cmd=40f3 pixcntl=000 cur=120,0
[M8P] rect cmd=40f3 pixcntl=000 cur=121,0
[M8P] rect cmd=40f3 pixcntl=000 cur=122,0
[M8P] rect cmd=40f3 pixcntl=000 cur=123,0
[M8P] rect cmd=40f3 pixcntl=000 cur=124,0
[M8P] rect cmd=40f3 pixcntl=000 cur=125,0
[M8P] rect cmd=40f3 pixcntl=000 cur=126,0
[M8P] rect cmd=40f3 pixcntl=000 cur=127,0
[M8P] rect cmd=40f3 pixcntl=000 cur=128,0
[M8P] rect cmd=40f3 pixcntl=000 cur=129,0
[M8P] rect cmd=40f3 pixcntl=000 cur=130,0
[M8P] rect cmd=40f3 pixcntl=000 cur=131,0
[M8P] rect cmd=40f3 pixcntl=000 cur=132,0
[M8P] rect cmd=40f3 pixcntl=000 cur=133,0
[M8P] rect cmd=40f3 pixcntl=000 cur=134,0
[M8P] rect cmd=40f3 pixcntl=000 cur=135,0
[M8P] rect cmd=40f3 pixcntl=000 cur=136,0
[M8P] rect cmd=40f3 pixcntl=000 cur=137,0
[M8P] rect cmd=40f3 pixcntl=000 cur=138,0
[M8P] rect cmd=40f3 pixcntl=000 cur=139,0
[M8P] rect cmd=40f3 pixcntl=000 cur=140,0
[M8P] rect cmd=40f3 pixcntl=000 cur=141,0
[M8P] rect cmd=40f3 pixcntl=000 cur=142,0
[M8P] rect cmd=40f3 pixcntl=000 cur=143,0
[M8P] rect cmd=40f3 pixcntl=000 cur=144,0
[M8P] rect cmd=40f3 pixcntl=000 cur=145,0
[M8P] rect cmd=40f3 pixcntl=000 cur=146,0
[M8P] rect cmd=40f3 pixcntl=000 cur=147,0
[M8P] rect cmd=40f3 pixcntl=000 cur=148,0
[M8P] rect cmd=40f3 pixcntl=000 cur=149,0
[M8P] rect cmd=40f3 pixcntl=000 cur=150,0
[M8P] rect cmd=40f3 pixcntl=000 cur=151,0
[M8P] rect cmd=40f3 pixcntl=000 cur=152,0
[M8P] rect cmd=40f3 pixcntl=000 cur=153,0
[M8P] rect cmd=40f3 pixcntl=000 cur=154,0
[M8P] rect cmd=40f3 pixcntl=000 cur=155,0
[M8P] rect cmd=40f3 pixcntl=000 cur=156,0
[M8P] rect cmd=40f3 pixcntl=000 cur=157,0
[M8P] rect cmd=40f3 pixcntl=000 cur=158,0
[M8P] rect cmd=40f3 pixcntl=000 cur=159,0
[M8P] rect cmd=40f3 pixcntl=000 cur=160,0
[M8P] rect cmd=40f3 pixcntl=000 cur=161,0
[M8P] rect cmd=40f3 pixcntl=000 cur=162,0
[M8P] rect cmd=40f3 pixcntl=000 cur=163,0
[M8P] rect cmd=40f3 pixcntl=000 cur=164,0
[M8P] rect cmd=40f3 pixcntl=000 cur=165,0
[M8P] rect cmd=40f3 pixcntl=000 cur=166,0
[M8P] rect cmd=40f3 pixcntl=000 cur=167,0
[M8P] rect cmd=40f3 pixcntl=000 cur=168,0
[M8P] rect cmd=40f3 pixcntl=000 cur=169,0
[M8P] rect cmd=40f3 pixcntl=000 cur=170,0
[M8P] rect cmd=40f3 pixcntl=000 cur=171,0
[M8P] rect cmd=40f3 pixcntl=000 cur=172,0
[M8P] rect cmd=40f3 pixcntl=000 cur=173,0
[M8P] rect cmd=40f3 pixcntl=000 cur=174,0
[M8P] rect cmd=40f3 pixcntl=000 cur=175,0
[M8P] rect cmd=40f3 pixcntl=000 cur=176,0
[M8P] rect cmd=40f3 pixcntl=000 cur=177,0
[M8P] rect cmd=40f3 pixcntl=000 cur=178,0
[M8P] rect cmd=40f3 pixcntl=000 cur=179,0
[M8P] rect cmd=40f3 pixcntl=000 cur=180,0
[M8P] rect cmd=40f3 pixcntl=000 cur=181,0
[M8P] rect cmd=40f3 pixcntl=000 cur=182,0
[M8P] rect cmd=40f3 pixcntl=000 cur=183,0
[M8P] rect cmd=40f3 pixcntl=000 cur=184,0
[M8P] rect cmd=40f3 pixcntl=000 cur=185,0
[M8P] rect cmd=40f3 pixcntl=000 cur=186,0
[M8P] rect cmd=40f3 pixcntl=000 cur=187,0
[M8P] rect cmd=40f3 pixcntl=000 cur=188,0
[M8P] rect cmd=40f3 pixcntl=000 cur=189,0
[M8P] rect cmd=40f3 pixcntl=000 cur=190,0
[M8P] rect cmd=40f3 pixcntl=000 cur=191,0
[M8P] rect cmd=40f3 pixcntl=000 cur=192,0
[M8P] rect cmd=40f3 pixcntl=000 cur=193,0
[M8P] rect cmd=40f3 pixcntl=000 cur=194,0
[M8P] rect cmd=40f3 pixcntl=000 cur=195,0
[M8P] rect cmd=40f3 pixcntl=000 cur=196,0
[M8P] rect cmd=40f3 pixcntl=000 cur=197,0
[M8P] rect cmd=40f3 pixcntl=000 cur=198,0
[M8P] rect cmd=40f3 pixcntl=000 cur=199,0
[M8P] rect cmd=40f3 pixcntl=000 cur=200,0
[M8P] rect cmd=40f3 pixcntl=000 cur=201,0
[M8P] rect cmd=40f3 pixcntl=000 cur=202,0
[M8P] rect cmd=40f3 pixcntl=000 cur=203,0
[M8P] rect cmd=40f3 pixcntl=000 cur=204,0
[M8P] rect cmd=40f3 pixcntl=000 cur=205,0
[M8P] rect cmd=40f3 pixcntl=000 cur=206,0
[M8P] rect cmd=40f3 pixcntl=000 cur=207,0
[M8P] rect cmd=40f3 pixcntl=000 cur=208,0
[M8P] rect cmd=40f3 pixcntl=000 cur=209,0
[M8P] rect cmd=40f3 pixcntl=000 cur=210,0
[M8P] rect cmd=40f3 pixcntl=000 cur=211,0
[M8P] rect cmd=40f3 pixcntl=000 cur=212,0
[M8P] rect cmd=40f3 pixcntl=000 cur=213,0
[M8P] rect cmd=40f3 pixcntl=000 cur=214,0
[M8P] rect cmd=40f3 pixcntl=000 cur=215,0
[M8P] rect cmd=40f3 pixcntl=000 cur=216,0
[M8P] rect cmd=40f3 pixcntl=000 cur=217,0
[M8P] rect cmd=40f3 pixcntl=000 cur=218,0
[M8P] rect cmd=40f3 pixcntl=000 cur=219,0
[M8P] rect cmd=40f3 pixcntl=000 cur=220,0
[M8P] rect cmd=40f3 pixcntl=000 cur=221,0
[M8P] rect cmd=40f3 pixcntl=000 cur=222,0
[M8P] rect cmd=40f3 pixcntl=000 cur=223,0
[M8P] rect cmd=40f3 pixcntl=000 cur=224,0
[M8P] rect cmd=40f3 pixcntl=000 cur=225,0
[M8P] rect cmd=40f3 pixcntl=000 cur=226,0
[M8P] rect cmd=40f3 pixcntl=000 cur=227,0
[M8P] rect cmd=40f3 pixcntl=000 cur=228,0
[M8P] rect cmd=40f3 pixcntl=000 cur=229,0
[M8P] rect cmd=40f3 pixcntl=000 cur=230,0
[M8P] rect cmd=40f3 pixcntl=000 cur=231,0
[M8P] rect cmd=40f3 pixcntl=000 cur=232,0
[M8P] rect cmd=40f3 pixcntl=000 cur=233,0
[M8P] rect cmd=40f3 pixcntl=000 cur=234,0
[M8P] rect cmd=40f3 pixcntl=000 cur=235,0
[M8P] rect cmd=40f3 pixcntl=000 cur=236,0
[M8P] rect cmd=40f3 pixcntl=000 cur=237,0
[M8P] rect cmd=40f3 pixcntl=000 cur=238,0
[M8P] rect cmd=40f3 pixcntl=000 cur=239,0
[M8P] rect cmd=40f3 pixcntl=000 cur=240,0
[M8P] rect cmd=40f3 pixcntl=000 cur=241,0
[M8P] rect cmd=40f3 pixcntl=000 cur=242,0
[M8P] rect cmd=40f3 pixcntl=000 cur=243,0
[M8P] rect cmd=40f3 pixcntl=000 cur=244,0
[M8P] rect cmd=40f3 pixcntl=000 cur=245,0
[M8P] rect cmd=40f3 pixcntl=000 cur=246,0
[M8P] rect cmd=40f3 pixcntl=000 cur=247,0
[M8P] rect cmd=40f3 pixcntl=000 cur=248,0
[M8P] rect cmd=40f3 pixcntl=000 cur=249,0
[M8P] rect cmd=40f3 pixcntl=000 cur=250,0
[M8P] rect cmd=40f3 pixcntl=000 cur=251,0
[M8P] rect cmd=40f3 pixcntl=000 cur=252,0
[M8P] rect cmd=40f3 pixcntl=000 cur=253,0
[M8P] rect cmd=40f3 pixcntl=000 cur=254,0
[M8P] rect cmd=40f3 pixcntl=000 cur=255,0
[M8P] rect cmd=40f3 pixcntl=000 cur=0,0
[M8P] rect cmd=53b0 pixcntl=000 cur=0,0
[M8P] rect cmd=40f3 pixcntl=000 cur=0,0
[M8P] rect cmd=40f3 pixcntl=000 cur=1,0
[M8P] rect cmd=40f3 pixcntl=000 cur=2,0
[M8P] rect cmd=40f3 pixcntl=000 cur=3,0
[M8P] rect cmd=40f3 pixcntl=000 cur=4,0
[M8P] rect cmd=40f3 pixcntl=000 cur=5,0
[M8P] rect cmd=40f3 pixcntl=000 cur=6,0
[M8P] rect cmd=40f3 pixcntl=000 cur=7,0
[M8P] rect cmd=40f3 pixcntl=000 cur=8,0
[M8P] rect cmd=40f3 pixcntl=000 cur=9,0
[M8P] rect cmd=40f3 pixcntl=000 cur=10,0
[M8P] rect cmd=40f3 pixcntl=000 cur=11,0
[M8P] rect cmd=40f3 pixcntl=000 cur=12,0
[M8P] rect cmd=40f3 pixcntl=000 cur=13,0
[M8P] rect cmd=40f3 pixcntl=000 cur=14,0
[M8P] rect cmd=40f3 pixcntl=000 cur=15,0
[M8P] rect cmd=40f3 pixcntl=000 cur=16,0
[M8P] rect cmd=40f3 pixcntl=000 cur=17,0
[M8P] rect cmd=40f3 pixcntl=000 cur=18,0
[M8P] rect cmd=40f3 pixcntl=000 cur=19,0
[M8P] rect cmd=40f3 pixcntl=000 cur=20,0
[M8P] rect cmd=40f3 pixcntl=000 cur=21,0
[M8P] rect cmd=40f3 pixcntl=000 cur=22,0
[M8P] rect cmd=40f3 pixcntl=000 cur=23,0
[M8P] rect cmd=40f3 pixcntl=000 cur=24,0
[M8P] rect cmd=40f3 pixcntl=000 cur=25,0
[M8P] rect cmd=40f3 pixcntl=000 cur=26,0
[M8P] rect cmd=40f3 pixcntl=000 cur=27,0
[M8P] rect cmd=40f3 pixcntl=000 cur=28,0
[M8P] rect cmd=40f3 pixcntl=000 cur=29,0
[M8P] rect cmd=40f3 pixcntl=000 cur=30,0
[M8P] rect cmd=40f3 pixcntl=000 cur=31,0
[M8P] rect cmd=40f3 pixcntl=000 cur=32,0
[M8P] rect cmd=40f3 pixcntl=000 cur=33,0
[M8P] rect cmd=40f3 pixcntl=000 cur=34,0
[M8P] rect cmd=40f3 pixcntl=000 cur=35,0
[M8P] rect cmd=40f3 pixcntl=000 cur=36,0
[M8P] rect cmd=40f3 pixcntl=000 cur=37,0
[M8P] rect cmd=40f3 pixcntl=000 cur=38,0
[M8P] rect cmd=40f3 pixcntl=000 cur=39,0
[M8P] rect cmd=40f3 pixcntl=000 cur=40,0
[M8P] rect cmd=40f3 pixcntl=000 cur=41,0
[M8P] rect cmd=40f3 pixcntl=000 cur=42,0
[M8P] rect cmd=40f3 pixcntl=000 cur=43,0
[M8P] rect cmd=40f3 pixcntl=000 cur=44,0
[M8P] rect cmd=40f3 pixcntl=000 cur=45,0
[M8P] rect cmd=40f3 pixcntl=000 cur=46,0
[M8P] rect cmd=40f3 pixcntl=000 cur=47,0
[M8P] rect cmd=40f3 pixcntl=000 cur=48,0
[M8P] rect cmd=40f3 pixcntl=000 cur=49,0
[M8P] rect cmd=40f3 pixcntl=000 cur=50,0
[M8P] rect cmd=40f3 pixcntl=000 cur=51,0
[M8P] rect cmd=40f3 pixcntl=000 cur=52,0
[M8P] rect cmd=40f3 pixcntl=000 cur=53,0
[M8P] rect cmd=40f3 pixcntl=000 cur=54,0
[M8P] rect cmd=40f3 pixcntl=000 cur=55,0
[M8P] rect cmd=40f3 pixcntl=000 cur=56,0
[M8P] rect cmd=40f3 pixcntl=000 cur=57,0
[M8P] rect cmd=40f3 pixcntl=000 cur=58,0
[M8P] rect cmd=40f3 pixcntl=000 cur=59,0
[M8P] rect cmd=40f3 pixcntl=000 cur=60,0
[M8P] rect cmd=40f3 pixcntl=000 cur=61,0
[M8P] rect cmd=40f3 pixcntl=000 cur=62,0
[M8P] rect cmd=40f3 pixcntl=000 cur=63,0
[M8P] rect cmd=40f3 pixcntl=000 cur=64,0
[M8P] rect cmd=40f3 pixcntl=000 cur=65,0
[M8P] rect cmd=40f3 pixcntl=000 cur=66,0
[M8P] rect cmd=40f3 pixcntl=000 cur=67,0
[M8P] rect cmd=40f3 pixcntl=000 cur=68,0
[M8P] rect cmd=40f3 pixcntl=000 cur=69,0
[M8P] rect cmd=40f3 pixcntl=000 cur=70,0
[M8P] rect cmd=40f3 pixcntl=000 cur=71,0
[M8P] rect cmd=40f3 pixcntl=000 cur=72,0
[M8P] rect cmd=40f3 pixcntl=000 cur=73,0
[M8P] rect cmd=40f3 pixcntl=000 cur=74,0
[M8P] rect cmd=40f3 pixcntl=000 cur=75,0
[M8P] rect cmd=40f3 pixcntl=000 cur=76,0
[M8P] rect cmd=40f3 pixcntl=000 cur=77,0
[M8P] rect cmd=40f3 pixcntl=000 cur=78,0
[M8P] rect cmd=40f3 pixcntl=000 cur=79,0
[M8P] rect cmd=40f3 pixcntl=000 cur=80,0
[M8P] rect cmd=40f3 pixcntl=000 cur=81,0
[M8P] rect cmd=40f3 pixcntl=000 cur=82,0
[M8P] rect cmd=40f3 pixcntl=000 cur=83,0
[M8P] rect cmd=40f3 pixcntl=000 cur=84,0
[M8P] rect cmd=40f3 pixcntl=000 cur=85,0
[M8P] rect cmd=40f3 pixcntl=000 cur=86,0
[M8P] rect cmd=40f3 pixcntl=000 cur=87,0
[M8P] rect cmd=40f3 pixcntl=000 cur=88,0
[M8P] rect cmd=40f3 pixcntl=000 cur=89,0
[M8P] rect cmd=40f3 pixcntl=000 cur=90,0
[M8P] rect cmd=40f3 pixcntl=000 cur=91,0
[M8P] rect cmd=40f3 pixcntl=000 cur=92,0
[M8P] rect cmd=40f3 pixcntl=000 cur=93,0
[M8P] rect cmd=40f3 pixcntl=000 cur=94,0
[M8P] rect cmd=40f3 pixcntl=000 cur=95,0
[M8P] rect cmd=40f3 pixcntl=000 cur=96,0
[M8P] rect cmd=40f3 pixcntl=000 cur=97,0
[M8P] rect cmd=40f3 pixcntl=000 cur=98,0
[M8P] rect cmd=40f3 pixcntl=000 cur=99,0
[M8P] rect cmd=40f3 pixcntl=000 cur=100,0
[M8P] rect cmd=40f3 pixcntl=000 cur=101,0
[M8P] rect cmd=40f3 pixcntl=000 cur=102,0
[M8P] rect cmd=40f3 pixcntl=000 cur=103,0
[M8P] rect cmd=40f3 pixcntl=000 cur=104,0
[M8P] rect cmd=40f3 pixcntl=000 cur=105,0
[M8P] rect cmd=40f3 pixcntl=000 cur=106,0
[M8P] rect cmd=40f3 pixcntl=000 cur=107,0
[M8P] rect cmd=40f3 pixcntl=000 cur=108,0
[M8P] rect cmd=40f3 pixcntl=000 cur=109,0
[M8P] rect cmd=40f3 pixcntl=000 cur=110,0
[M8P] rect cmd=40f3 pixcntl=000 cur=111,0
[M8P] rect cmd=40f3 pixcntl=000 cur=112,0
[M8P] rect cmd=40f3 pixcntl=000 cur=113,0
[M8P] rect cmd=40f3 pixcntl=000 cur=114,0
[M8P] rect cmd=40f3 pixcntl=000 cur=115,0
[M8P] rect cmd=40f3 pixcntl=000 cur=116,0
[M8P] rect cmd=40f3 pixcntl=000 cur=117,0
[M8P] rect cmd=40f3 pixcntl=000 cur=118,0
[M8P] rect cmd=40f3 pixcntl=000 cur=119,0
[M8P] rect cmd=40f3 pixcntl=000 cur=120,0
[M8P] rect cmd=40f3 pixcntl=000 cur=121,0
[M8P] rect cmd=40f3 pixcntl=000 cur=122,0
[M8P] rect cmd=40f3 pixcntl=000 cur=123,0
[M8P] rect cmd=40f3 pixcntl=000 cur=124,0
[M8P] rect cmd=40f3 pixcntl=000 cur=125,0
[M8P] rect cmd=40f3 pixcntl=000 cur=126,0
[M8P] rect cmd=40f3 pixcntl=000 cur=127,0
[M8P] rect cmd=40f3 pixcntl=000 cur=128,0
[M8P] rect cmd=40f3 pixcntl=000 cur=129,0
[M8P] rect cmd=40f3 pixcntl=000 cur=130,0
[M8P] rect cmd=40f3 pixcntl=000 cur=131,0
[M8P] rect cmd=40f3 pixcntl=000 cur=132,0
[M8P] rect cmd=40f3 pixcntl=000 cur=133,0
[M8P] rect cmd=40f3 pixcntl=000 cur=134,0
[M8P] rect cmd=40f3 pixcntl=000 cur=135,0
[M8P] rect cmd=40f3 pixcntl=000 cur=136,0
[M8P] rect cmd=40f3 pixcntl=000 cur=137,0
[M8P] rect cmd=40f3 pixcntl=000 cur=138,0
[M8P] rect cmd=40f3 pixcntl=000 cur=139,0
[M8P] rect cmd=40f3 pixcntl=000 cur=140,0
[M8P] rect cmd=40f3 pixcntl=000 cur=141,0
[M8P] rect cmd=40f3 pixcntl=000 cur=142,0
[M8P] rect cmd=40f3 pixcntl=000 cur=143,0
[M8P] rect cmd=40f3 pixcntl=000 cur=144,0
[M8P] rect cmd=40f3 pixcntl=000 cur=145,0
[M8P] rect cmd=40f3 pixcntl=000 cur=146,0
[M8P] rect cmd=40f3 pixcntl=000 cur=147,0
[M8P] rect cmd=40f3 pixcntl=000 cur=148,0
[M8P] rect cmd=40f3 pixcntl=000 cur=149,0
[M8P] rect cmd=40f3 pixcntl=000 cur=150,0
[M8P] rect cmd=40f3 pixcntl=000 cur=151,0
[M8P] rect cmd=40f3 pixcntl=000 cur=152,0
[M8P] rect cmd=40f3 pixcntl=000 cur=153,0
[M8P] rect cmd=40f3 pixcntl=000 cur=154,0
[M8P] rect cmd=40f3 pixcntl=000 cur=155,0
[M8P] rect cmd=40f3 pixcntl=000 cur=156,0
[M8P] rect cmd=40f3 pixcntl=000 cur=157,0
[M8P] rect cmd=40f3 pixcntl=000 cur=158,0
[M8P] rect cmd=40f3 pixcntl=000 cur=159,0
[M8P] rect cmd=40f3 pixcntl=000 cur=160,0
[M8P] rect cmd=40f3 pixcntl=000 cur=161,0
[M8P] rect cmd=40f3 pixcntl=000 cur=162,0
[M8P] rect cmd=40f3 pixcntl=000 cur=163,0
[M8P] rect cmd=40f3 pixcntl=000 cur=164,0
[M8P] rect cmd=40f3 pixcntl=000 cur=165,0
[M8P] rect cmd=40f3 pixcntl=000 cur=166,0
[M8P] rect cmd=40f3 pixcntl=000 cur=167,0
[M8P] rect cmd=40f3 pixcntl=000 cur=168,0
[M8P] rect cmd=40f3 pixcntl=000 cur=169,0
[M8P] rect cmd=40f3 pixcntl=000 cur=170,0
[M8P] rect cmd=40f3 pixcntl=000 cur=171,0
[M8P] rect cmd=40f3 pixcntl=000 cur=172,0
[M8P] rect cmd=40f3 pixcntl=000 cur=173,0
[M8P] rect cmd=40f3 pixcntl=000 cur=174,0
[M8P] rect cmd=40f3 pixcntl=000 cur=175,0
[M8P] rect cmd=40f3 pixcntl=000 cur=176,0
[M8P] rect cmd=40f3 pixcntl=000 cur=177,0
[M8P] rect cmd=40f3 pixcntl=000 cur=178,0
[M8P] rect cmd=40f3 pixcntl=000 cur=179,0
[M8P] rect cmd=40f3 pixcntl=000 cur=180,0
[M8P] rect cmd=40f3 pixcntl=000 cur=181,0
[M8P] rect cmd=40f3 pixcntl=000 cur=182,0
[M8P] rect cmd=40f3 pixcntl=000 cur=183,0
[M8P] rect cmd=40f3 pixcntl=000 cur=184,0
[M8P] rect cmd=40f3 pixcntl=000 cur=185,0
[M8P] rect cmd=40f3 pixcntl=000 cur=186,0
[M8P] rect cmd=40f3 pixcntl=000 cur=187,0
[M8P] rect cmd=40f3 pixcntl=000 cur=188,0
[M8P] rect cmd=40f3 pixcntl=000 cur=189,0
[M8P] rect cmd=40f3 pixcntl=000 cur=190,0
[M8P] rect cmd=40f3 pixcntl=000 cur=191,0
[M8P] rect cmd=40f3 pixcntl=000 cur=192,0
[M8P] rect cmd=40f3 pixcntl=000 cur=193,0
[M8P] rect cmd=40f3 pixcntl=000 cur=194,0
[M8P] rect cmd=40f3 pixcntl=000 cur=195,0
[M8P] rect cmd=40f3 pixcntl=000 cur=196,0
[M8P] rect cmd=40f3 pixcntl=000 cur=197,0
[M8P] rect cmd=40f3 pixcntl=000 cur=198,0
[M8P] rect cmd=40f3 pixcntl=000 cur=199,0
[M8P] rect cmd=40f3 pixcntl=000 cur=200,0
[M8P] rect cmd=40f3 pixcntl=000 cur=201,0
[M8P] rect cmd=40f3 pixcntl=000 cur=202,0
[M8P] rect cmd=40f3 pixcntl=000 cur=203,0
[M8P] rect cmd=40f3 pixcntl=000 cur=204,0
[M8P] rect cmd=40f3 pixcntl=000 cur=205,0
[M8P] rect cmd=40f3 pixcntl=000 cur=206,0
[M8P] rect cmd=40f3 pixcntl=000 cur=207,0
[M8P] rect cmd=40f3 pixcntl=000 cur=208,0
[M8P] rect cmd=40f3 pixcntl=000 cur=209,0
[M8P] rect cmd=40f3 pixcntl=000 cur=210,0
[M8P] rect cmd=40f3 pixcntl=000 cur=211,0
[M8P] rect cmd=40f3 pixcntl=000 cur=212,0
[M8P] rect cmd=40f3 pixcntl=000 cur=213,0
[M8P] rect cmd=40f3 pixcntl=000 cur=214,0
[M8P] rect cmd=40f3 pixcntl=000 cur=215,0
[M8P] rect cmd=40f3 pixcntl=000 cur=216,0
[M8P] rect cmd=40f3 pixcntl=000 cur=217,0
[M8P] rect cmd=40f3 pixcntl=000 cur=218,0
[M8P] rect cmd=40f3 pixcntl=000 cur=219,0
[M8P] rect cmd=40f3 pixcntl=000 cur=220,0
[M8P] rect cmd=40f3 pixcntl=000 cur=221,0
[M8P] rect cmd=40f3 pixcntl=000 cur=222,0
[M8P] rect cmd=40f3 pixcntl=000 cur=223,0
[M8P] rect cmd=40f3 pixcntl=000 cur=224,0
[M8P] rect cmd=40f3 pixcntl=000 cur=225,0
[M8P] rect cmd=40f3 pixcntl=000 cur=226,0
[M8P] rect cmd=40f3 pixcntl=000 cur=227,0
[M8P] rect cmd=40f3 pixcntl=000 cur=228,0
[M8P] rect cmd=40f3 pixcntl=000 cur=229,0
[M8P] rect cmd=40f3 pixcntl=000 cur=230,0
[M8P] rect cmd=40f3 pixcntl=000 cur=231,0
[M8P] rect cmd=40f3 pixcntl=000 cur=232,0
[M8P] rect cmd=40f3 pixcntl=000 cur=233,0
[M8P] rect cmd=40f3 pixcntl=000 cur=234,0
[M8P] rect cmd=40f3 pixcntl=000 cur=235,0
[M8P] rect cmd=40f3 pixcntl=000 cur=236,0
[M8P] rect cmd=40f3 pixcntl=000 cur=237,0
[M8P] rect cmd=40f3 pixcntl=000 cur=238,0
[M8P] rect cmd=40f3 pixcntl=000 cur=239,0
[M8P] rect cmd=40f3 pixcntl=000 cur=240,0
[M8P] rect cmd=40f3 pixcntl=000 cur=241,0
[M8P] rect cmd=40f3 pixcntl=000 cur=242,0
[M8P] rect cmd=40f3 pixcntl=000 cur=243,0
[M8P] rect cmd=40f3 pixcntl=000 cur=244,0
[M8P] rect cmd=40f3 pixcntl=000 cur=245,0
[M8P] rect cmd=40f3 pixcntl=000 cur=246,0
[M8P] rect cmd=40f3 pixcntl=000 cur=247,0
[M8P] rect cmd=40f3 pixcntl=000 cur=248,0
[M8P] rect cmd=40f3 pixcntl=000 cur=249,0
[M8P] rect cmd=40f3 pixcntl=000 cur=250,0
[M8P] rect cmd=40f3 pixcntl=000 cur=251,0
[M8P] rect cmd=40f3 pixcntl=000 cur=252,0
[M8P] rect cmd=40f3 pixcntl=000 cur=253,0
[M8P] rect cmd=40f3 pixcntl=000 cur=254,0
[M8P] rect cmd=40f3 pixcntl=000 cur=255,0
[M8P] rect cmd=40f3 pixcntl=000 cur=0,0
[M8P] rect cmd=53b0 pixcntl=000 cur=0,0
[M8P] rect cmd=40f3 pixcntl=000 cur=0,0
[M8P] rect cmd=40f3 pixcntl=000 cur=1,0
[M8P] rect cmd=40f3 pixcntl=000 cur=2,0
[M8P] rect cmd=40f3 pixcntl=000 cur=3,0
[M8P] rect cmd=40f3 pixcntl=000 cur=4,0
[M8P] rect cmd=40f3 pixcntl=000 cur=5,0
[M8P] rect cmd=40f3 pixcntl=000 cur=6,0
[M8P] rect cmd=40f3 pixcntl=000 cur=7,0
[M8P] rect cmd=40f3 pixcntl=000 cur=8,0
[M8P] rect cmd=40f3 pixcntl=000 cur=9,0
[M8P] rect cmd=40f3 pixcntl=000 cur=10,0
[M8P] rect cmd=40f3 pixcntl=000 cur=11,0
[M8P] rect cmd=40f3 pixcntl=000 cur=12,0
[M8P] rect cmd=40f3 pixcntl=000 cur=13,0
[M8P] rect cmd=40f3 pixcntl=000 cur=14,0
[M8P] rect cmd=40f3 pixcntl=000 cur=15,0
[M8P] rect cmd=40f3 pixcntl=000 cur=16,0
[M8P] rect cmd=40f3 pixcntl=000 cur=17,0
[M8P] rect cmd=40f3 pixcntl=000 cur=18,0
[M8P] rect cmd=40f3 pixcntl=000 cur=19,0
[M8P] rect cmd=40f3 pixcntl=000 cur=20,0
[M8P] rect cmd=40f3 pixcntl=000 cur=21,0
[M8P] rect cmd=40f3 pixcntl=000 cur=22,0
[M8P] rect cmd=40f3 pixcntl=000 cur=23,0
[M8P] rect cmd=40f3 pixcntl=000 cur=24,0
[M8P] rect cmd=40f3 pixcntl=000 cur=25,0
[M8P] rect cmd=40f3 pixcntl=000 cur=26,0
[M8P] rect cmd=40f3 pixcntl=000 cur=27,0
[M8P] rect cmd=40f3 pixcntl=000 cur=28,0
[M8P] rect cmd=40f3 pixcntl=000 cur=29,0
[M8P] rect cmd=40f3 pixcntl=000 cur=30,0
[M8P] rect cmd=40f3 pixcntl=000 cur=31,0
[M8P] rect cmd=40f3 pixcntl=000 cur=32,0
[M8P] rect cmd=40f3 pixcntl=000 cur=33,0
[M8P] rect cmd=40f3 pixcntl=000 cur=34,0
[M8P] rect cmd=40f3 pixcntl=000 cur=35,0
[M8P] rect cmd=40f3 pixcntl=000 cur=36,0
[M8P] rect cmd=40f3 pixcntl=000 cur=37,0
[M8P] rect cmd=40f3 pixcntl=000 cur=38,0
[M8P] rect cmd=40f3 pixcntl=000 cur=39,0
[M8P] rect cmd=40f3 pixcntl=000 cur=40,0
[M8P] rect cmd=40f3 pixcntl=000 cur=41,0
[M8P] rect cmd=40f3 pixcntl=000 cur=42,0
[M8P] rect cmd=40f3 pixcntl=000 cur=43,0
[M8P] rect cmd=40f3 pixcntl=000 cur=44,0
[M8P] rect cmd=40f3 pixcntl=000 cur=45,0
[M8P] rect cmd=40f3 pixcntl=000 cur=46,0
[M8P] rect cmd=40f3 pixcntl=000 cur=47,0
[M8P] rect cmd=40f3 pixcntl=000 cur=48,0
[M8P] rect cmd=40f3 pixcntl=000 cur=49,0
[M8P] rect cmd=40f3 pixcntl=000 cur=50,0
[M8P] rect cmd=40f3 pixcntl=000 cur=51,0
[M8P] rect cmd=40f3 pixcntl=000 cur=52,0
[M8P] rect cmd=40f3 pixcntl=000 cur=53,0
[M8P] rect cmd=40f3 pixcntl=000 cur=54,0
[M8P] rect cmd=40f3 pixcntl=000 cur=55,0
[M8P] rect cmd=40f3 pixcntl=000 cur=56,0
[M8P] rect cmd=40f3 pixcntl=000 cur=57,0
[M8P] rect cmd=40f3 pixcntl=000 cur=58,0
[M8P] rect cmd=40f3 pixcntl=000 cur=59,0
[M8P] rect cmd=40f3 pixcntl=000 cur=60,0
[M8P] rect cmd=40f3 pixcntl=000 cur=61,0
[M8P] rect cmd=40f3 pixcntl=000 cur=62,0
[M8P] rect cmd=40f3 pixcntl=000 cur=63,0
[M8P] rect cmd=40f3 pixcntl=000 cur=64,0
[M8P] rect cmd=40f3 pixcntl=000 cur=65,0
[M8P] rect cmd=40f3 pixcntl=000 cur=66,0
[M8P] rect cmd=40f3 pixcntl=000 cur=67,0
[M8P] rect cmd=40f3 pixcntl=000 cur=68,0
[M8P] rect cmd=40f3 pixcntl=000 cur=69,0
[M8P] rect cmd=40f3 pixcntl=000 cur=70,0
[M8P] rect cmd=40f3 pixcntl=000 cur=71,0
[M8P] rect cmd=40f3 pixcntl=000 cur=72,0
[M8P] rect cmd=40f3 pixcntl=000 cur=73,0
[M8P] rect cmd=40f3 pixcntl=000 cur=74,0
[M8P] rect cmd=40f3 pixcntl=000 cur=75,0
[M8P] rect cmd=40f3 pixcntl=000 cur=76,0
[M8P] rect cmd=40f3 pixcntl=000 cur=77,0
[M8P] rect cmd=40f3 pixcntl=000 cur=78,0
[M8P] rect cmd=40f3 pixcntl=000 cur=79,0
[M8P] rect cmd=40f3 pixcntl=000 cur=80,0
[M8P] rect cmd=40f3 pixcntl=000 cur=81,0
[M8P] rect cmd=40f3 pixcntl=000 cur=82,0
[M8P] rect cmd=40f3 pixcntl=000 cur=83,0
[M8P] rect cmd=40f3 pixcntl=000 cur=84,0
[M8P] rect cmd=40f3 pixcntl=000 cur=85,0
[M8P] rect cmd=40f3 pixcntl=000 cur=86,0
[M8P] rect cmd=40f3 pixcntl=000 cur=87,0
[M8P] rect cmd=40f3 pixcntl=000 cur=88,0
[M8P] rect cmd=40f3 pixcntl=000 cur=89,0
[M8P] rect cmd=40f3 pixcntl=000 cur=90,0
[M8P] rect cmd=40f3 pixcntl=000 cur=91,0
[M8P] rect cmd=40f3 pixcntl=000 cur=92,0
[M8P] rect cmd=40f3 pixcntl=000 cur=93,0
[M8P] rect cmd=40f3 pixcntl=000 cur=94,0
[M8P] rect cmd=40f3 pixcntl=000 cur=95,0
[M8P] rect cmd=40f3 pixcntl=000 cur=96,0
[M8P] rect cmd=40f3 pixcntl=000 cur=97,0
[M8P] rect cmd=40f3 pixcntl=000 cur=98,0
[M8P] rect cmd=40f3 pixcntl=000 cur=99,0
[M8P] rect cmd=40f3 pixcntl=000 cur=100,0
[M8P] rect cmd=40f3 pixcntl=000 cur=101,0
[M8P] rect cmd=40f3 pixcntl=000 cur=102,0
[M8P] rect cmd=40f3 pixcntl=000 cur=103,0
[M8P] rect cmd=40f3 pixcntl=000 cur=104,0
[M8P] rect cmd=40f3 pixcntl=000 cur=105,0
[M8P] rect cmd=40f3 pixcntl=000 cur=106,0
[M8P] rect cmd=40f3 pixcntl=000 cur=107,0
[M8P] rect cmd=40f3 pixcntl=000 cur=108,0
[M8P] rect cmd=40f3 pixcntl=000 cur=109,0
[M8P] rect cmd=40f3 pixcntl=000 cur=110,0
[M8P] rect cmd=40f3 pixcntl=000 cur=111,0
[M8P] rect cmd=40f3 pixcntl=000 cur=112,0
[M8P] rect cmd=40f3 pixcntl=000 cur=113,0
[M8P] rect cmd=40f3 pixcntl=000 cur=114,0
[M8P] rect cmd=40f3 pixcntl=000 cur=115,0
[M8P] rect cmd=40f3 pixcntl=000 cur=116,0
[M8P] rect cmd=40f3 pixcntl=000 cur=117,0
[M8P] rect cmd=40f3 pixcntl=000 cur=118,0
[M8P] rect cmd=40f3 pixcntl=000 cur=119,0
[M8P] rect cmd=40f3 pixcntl=000 cur=120,0
[M8P] rect cmd=40f3 pixcntl=000 cur=121,0
[M8P] rect cmd=40f3 pixcntl=000 cur=122,0
[M8P] rect cmd=40f3 pixcntl=000 cur=123,0
[M8P] rect cmd=40f3 pixcntl=000 cur=124,0
[M8P] rect cmd=40f3 pixcntl=000 cur=125,0
[M8P] rect cmd=40f3 pixcntl=000 cur=126,0
[M8P] rect cmd=40f3 pixcntl=000 cur=127,0
[M8P] rect cmd=40f3 pixcntl=000 cur=128,0
[M8P] rect cmd=40f3 pixcntl=000 cur=129,0
[M8P] rect cmd=40f3 pixcntl=000 cur=130,0
[M8P] rect cmd=40f3 pixcntl=000 cur=131,0
[M8P] rect cmd=40f3 pixcntl=000 cur=132,0
[M8P] rect cmd=40f3 pixcntl=000 cur=133,0
[M8P] rect cmd=40f3 pixcntl=000 cur=134,0
[M8P] rect cmd=40f3 pixcntl=000 cur=135,0
[M8P] rect cmd=40f3 pixcntl=000 cur=136,0
[M8P] rect cmd=40f3 pixcntl=000 cur=137,0
[M8P] rect cmd=40f3 pixcntl=000 cur=138,0
[M8P] rect cmd=40f3 pixcntl=000 cur=139,0
[M8P] rect cmd=40f3 pixcntl=000 cur=140,0
[M8P] rect cmd=40f3 pixcntl=000 cur=141,0
[M8P] rect cmd=40f3 pixcntl=000 cur=142,0
[M8P] rect cmd=40f3 pixcntl=000 cur=143,0
[M8P] rect cmd=40f3 pixcntl=000 cur=144,0
[M8P] rect cmd=40f3 pixcntl=000 cur=145,0
[M8P] rect cmd=40f3 pixcntl=000 cur=146,0
[M8P] rect cmd=40f3 pixcntl=000 cur=147,0
[M8P] rect cmd=40f3 pixcntl=000 cur=148,0
[M8P] rect cmd=40f3 pixcntl=000 cur=149,0
[M8P] rect cmd=40f3 pixcntl=000 cur=150,0
[M8P] rect cmd=40f3 pixcntl=000 cur=151,0
[M8P] rect cmd=40f3 pixcntl=000 cur=152,0
[M8P] rect cmd=40f3 pixcntl=000 cur=153,0
[M8P] rect cmd=40f3 pixcntl=000 cur=154,0
[M8P] rect cmd=40f3 pixcntl=000 cur=155,0
[M8P] rect cmd=40f3 pixcntl=000 cur=156,0
[M8P] rect cmd=40f3 pixcntl=000 cur=157,0
[M8P] rect cmd=40f3 pixcntl=000 cur=158,0
[M8P] rect cmd=40f3 pixcntl=000 cur=159,0
[M8P] rect cmd=40f3 pixcntl=000 cur=160,0
[M8P] rect cmd=40f3 pixcntl=000 cur=161,0
[M8P] rect cmd=40f3 pixcntl=000 cur=162,0
[M8P] rect cmd=40f3 pixcntl=000 cur=163,0
[M8P] rect cmd=40f3 pixcntl=000 cur=164,0
[M8P] rect cmd=40f3 pixcntl=000 cur=165,0
[M8P] rect cmd=40f3 pixcntl=000 cur=166,0
[M8P] rect cmd=40f3 pixcntl=000 cur=167,0
[M8P] rect cmd=40f3 pixcntl=000 cur=168,0
[M8P] rect cmd=40f3 pixcntl=000 cur=169,0
[M8P] rect cmd=40f3 pixcntl=000 cur=170,0
[M8P] rect cmd=40f3 pixcntl=000 cur=171,0
[M8P] rect cmd=40f3 pixcntl=000 cur=172,0
[M8P] rect cmd=40f3 pixcntl=000 cur=173,0
[M8P] rect cmd=40f3 pixcntl=000 cur=174,0
[M8P] rect cmd=40f3 pixcntl=000 cur=175,0
[M8P] rect cmd=40f3 pixcntl=000 cur=176,0
[M8P] rect cmd=40f3 pixcntl=000 cur=177,0
[M8P] rect cmd=40f3 pixcntl=000 cur=178,0
[M8P] rect cmd=40f3 pixcntl=000 cur=179,0
[M8P] rect cmd=40f3 pixcntl=000 cur=180,0
[M8P] rect cmd=40f3 pixcntl=000 cur=181,0
[M8P] rect cmd=40f3 pixcntl=000 cur=182,0
[M8P] rect cmd=40f3 pixcntl=000 cur=183,0
[M8P] rect cmd=40f3 pixcntl=000 cur=184,0
[M8P] rect cmd=40f3 pixcntl=000 cur=185,0
[M8P] rect cmd=40f3 pixcntl=000 cur=186,0
[M8P] rect cmd=40f3 pixcntl=000 cur=187,0
[M8P] rect cmd=40f3 pixcntl=000 cur=188,0
[M8P] rect cmd=40f3 pixcntl=000 cur=189,0
[M8P] rect cmd=40f3 pixcntl=000 cur=190,0
[M8P] rect cmd=40f3 pixcntl=000 cur=191,0
[M8P] rect cmd=40f3 pixcntl=000 cur=192,0
[M8P] rect cmd=40f3 pixcntl=000 cur=193,0
[M8P] rect cmd=40f3 pixcntl=000 cur=194,0
[M8P] rect cmd=40f3 pixcntl=000 cur=195,0
[M8P] rect cmd=40f3 pixcntl=000 cur=196,0
[M8P] rect cmd=40f3 pixcntl=000 cur=197,0
[M8P] rect cmd=40f3 pixcntl=000 cur=198,0
[M8P] rect cmd=40f3 pixcntl=000 cur=199,0
[M8P] rect cmd=40f3 pixcntl=000 cur=200,0
[M8P] rect cmd=40f3 pixcntl=000 cur=201,0
[M8P] rect cmd=40f3 pixcntl=000 cur=202,0
[M8P] rect cmd=40f3 pixcntl=000 cur=203,0
[M8P] rect cmd=40f3 pixcntl=000 cur=204,0
[M8P] rect cmd=40f3 pixcntl=000 cur=205,0
[M8P] rect cmd=40f3 pixcntl=000 cur=206,0
[M8P] rect cmd=40f3 pixcntl=000 cur=207,0
[M8P] rect cmd=40f3 pixcntl=000 cur=208,0
[M8P] rect cmd=40f3 pixcntl=000 cur=209,0
[M8P] rect cmd=40f3 pixcntl=000 cur=210,0
[M8P] rect cmd=40f3 pixcntl=000 cur=211,0
[M8P] rect cmd=40f3 pixcntl=000 cur=212,0
[M8P] rect cmd=40f3 pixcntl=000 cur=213,0
[M8P] rect cmd=40f3 pixcntl=000 cur=214,0
[M8P] rect cmd=40f3 pixcntl=000 cur=215,0
[M8P] rect cmd=40f3 pixcntl=000 cur=216,0
[M8P] rect cmd=40f3 pixcntl=000 cur=217,0
[M8P] rect cmd=40f3 pixcntl=000 cur=218,0
[M8P] rect cmd=40f3 pixcntl=000 cur=219,0
[M8P] rect cmd=40f3 pixcntl=000 cur=220,0
[M8P] rect cmd=40f3 pixcntl=000 cur=221,0
[M8P] rect cmd=40f3 pixcntl=000 cur=222,0
[M8P] rect cmd=40f3 pixcntl=000 cur=223,0
[M8P] rect cmd=40f3 pixcntl=000 cur=224,0
[M8P] rect cmd=40f3 pixcntl=000 cur=225,0
[M8P] rect cmd=40f3 pixcntl=000 cur=226,0
[M8P] rect cmd=40f3 pixcntl=000 cur=227,0
[M8P] rect cmd=40f3 pixcntl=000 cur=228,0
[M8P] rect cmd=40f3 pixcntl=000 cur=229,0
[M8P] rect cmd=40f3 pixcntl=000 cur=230,0
[M8P] rect cmd=40f3 pixcntl=000 cur=231,0
[M8P] rect cmd=40f3 pixcntl=000 cur=232,0
[M8P] rect cmd=40f3 pixcntl=000 cur=233,0
[M8P] rect cmd=40f3 pixcntl=000 cur=234,0
[M8P] rect cmd=40f3 pixcntl=000 cur=235,0
[M8P] rect cmd=40f3 pixcntl=000 cur=236,0
[M8P] rect cmd=40f3 pixcntl=000 cur=237,0
[M8P] rect cmd=40f3 pixcntl=000 cur=238,0
[M8P] rect cmd=40f3 pixcntl=000 cur=239,0
[M8P] rect cmd=40f3 pixcntl=000 cur=240,0
[M8P] rect cmd=40f3 pixcntl=000 cur=241,0
[M8P] rect cmd=40f3 pixcntl=000 cur=242,0
[M8P] rect cmd=40f3 pixcntl=000 cur=243,0
[M8P] rect cmd=40f3 pixcntl=000 cur=244,0
[M8P] rect cmd=40f3 pixcntl=000 cur=245,0
[M8P] rect cmd=40f3 pixcntl=000 cur=246,0
[M8P] rect cmd=40f3 pixcntl=000 cur=247,0
[M8P] rect cmd=40f3 pixcntl=000 cur=248,0
[M8P] rect cmd=40f3 pixcntl=000 cur=249,0
[M8P] rect cmd=40f3 pixcntl=000 cur=250,0
[M8P] rect cmd=40f3 pixcntl=000 cur=251,0
[M8P] rect cmd=40f3 pixcntl=000 cur=252,0
[M8P] rect cmd=40f3 pixcntl=000 cur=253,0
[M8P] rect cmd=40f3 pixcntl=000 cur=254,0
[M8P] rect cmd=40f3 pixcntl=000 cur=255,0
[M8P] rect cmd=40f3 pixcntl=000 cur=0,0
[M8P] rect cmd=53b0 pixcntl=000 cur=0,0
[M8P] rect cmd=40f3 pixcntl=000 cur=0,0
[M8P] rect cmd=40f3 pixcntl=000 cur=1,0
[M8P] rect cmd=40f3 pixcntl=000 cur=2,0
[M8P] rect cmd=40f3 pixcntl=000 cur=3,0
[M8P] rect cmd=40f3 pixcntl=000 cur=4,0
[M8P] rect cmd=40f3 pixcntl=000 cur=5,0
[M8P] rect cmd=40f3 pixcntl=000 cur=6,0
[M8P] rect cmd=40f3 pixcntl=000 cur=7,0
[M8P] rect cmd=40f3 pixcntl=000 cur=8,0
[M8P] rect cmd=40f3 pixcntl=000 cur=9,0
[M8P] rect cmd=40f3 pixcntl=000 cur=10,0
[M8P] rect cmd=40f3 pixcntl=000 cur=11,0
[M8P] rect cmd=40f3 pixcntl=000 cur=12,0
[M8P] rect cmd=40f3 pixcntl=000 cur=13,0
[M8P] rect cmd=40f3 pixcntl=000 cur=14,0
[M8P] rect cmd=40f3 pixcntl=000 cur=15,0
[M8P] rect cmd=40f3 pixcntl=000 cur=16,0
[M8P] rect cmd=40f3 pixcntl=000 cur=17,0
[M8P] rect cmd=40f3 pixcntl=000 cur=18,0
[M8P] rect cmd=40f3 pixcntl=000 cur=19,0
[M8P] rect cmd=40f3 pixcntl=000 cur=20,0
[M8P] rect cmd=40f3 pixcntl=000 cur=21,0
[M8P] rect cmd=40f3 pixcntl=000 cur=22,0
[M8P] rect cmd=40f3 pixcntl=000 cur=23,0
[M8P] rect cmd=40f3 pixcntl=000 cur=24,0
[M8P] rect cmd=40f3 pixcntl=000 cur=25,0
[M8P] rect cmd=40f3 pixcntl=000 cur=26,0
[M8P] rect cmd=40f3 pixcntl=000 cur=27,0
[M8P] rect cmd=40f3 pixcntl=000 cur=28,0
[M8P] rect cmd=40f3 pixcntl=000 cur=29,0
[M8P] rect cmd=40f3 pixcntl=000 cur=30,0
[M8P] rect cmd=40f3 pixcntl=000 cur=31,0
[M8P] rect cmd=40f3 pixcntl=000 cur=32,0
[M8P] rect cmd=40f3 pixcntl=000 cur=33,0
[M8P] rect cmd=40f3 pixcntl=000 cur=34,0
[M8P] rect cmd=40f3 pixcntl=000 cur=35,0
[M8P] rect cmd=40f3 pixcntl=000 cur=36,0
[M8P] rect cmd=40f3 pixcntl=000 cur=37,0
[M8P] rect cmd=40f3 pixcntl=000 cur=38,0
[M8P] rect cmd=40f3 pixcntl=000 cur=39,0
[M8P] rect cmd=40f3 pixcntl=000 cur=40,0
[M8P] rect cmd=40f3 pixcntl=000 cur=41,0
[M8P] rect cmd=40f3 pixcntl=000 cur=42,0
[M8P] rect cmd=40f3 pixcntl=000 cur=43,0
[M8P] rect cmd=40f3 pixcntl=000 cur=44,0
[M8P] rect cmd=40f3 pixcntl=000 cur=45,0
[M8P] rect cmd=40f3 pixcntl=000 cur=46,0
[M8P] rect cmd=40f3 pixcntl=000 cur=47,0
[M8P] rect cmd=40f3 pixcntl=000 cur=48,0
[M8P] rect cmd=40f3 pixcntl=000 cur=49,0
[M8P] rect cmd=40f3 pixcntl=000 cur=50,0
[M8P] rect cmd=40f3 pixcntl=000 cur=51,0
[M8P] rect cmd=40f3 pixcntl=000 cur=52,0
[M8P] rect cmd=40f3 pixcntl=000 cur=53,0
[M8P] rect cmd=40f3 pixcntl=000 cur=54,0
[M8P] rect cmd=40f3 pixcntl=000 cur=55,0
[M8P] rect cmd=40f3 pixcntl=000 cur=56,0
[M8P] rect cmd=40f3 pixcntl=000 cur=57,0
[M8P] rect cmd=40f3 pixcntl=000 cur=58,0
[M8P] rect cmd=40f3 pixcntl=000 cur=59,0
[M8P] rect cmd=40f3 pixcntl=000 cur=60,0
[M8P] rect cmd=40f3 pixcntl=000 cur=61,0
[M8P] rect cmd=40f3 pixcntl=000 cur=62,0
[M8P] rect cmd=40f3 pixcntl=000 cur=63,0
[M8P] rect cmd=40f3 pixcntl=000 cur=64,0
[M8P] rect cmd=40f3 pixcntl=000 cur=65,0
[M8P] rect cmd=40f3 pixcntl=000 cur=66,0
[M8P] rect cmd=40f3 pixcntl=000 cur=67,0
[M8P] rect cmd=40f3 pixcntl=000 cur=68,0
[M8P] rect cmd=40f3 pixcntl=000 cur=69,0
[M8P] rect cmd=40f3 pixcntl=000 cur=70,0
[M8P] rect cmd=40f3 pixcntl=000 cur=71,0
[M8P] rect cmd=40f3 pixcntl=000 cur=72,0
[M8P] rect cmd=40f3 pixcntl=000 cur=73,0
[M8P] rect cmd=40f3 pixcntl=000 cur=74,0
[M8P] rect cmd=40f3 pixcntl=000 cur=75,0
[M8P] rect cmd=40f3 pixcntl=000 cur=76,0
[M8P] rect cmd=40f3 pixcntl=000 cur=77,0
[M8P] rect cmd=40f3 pixcntl=000 cur=78,0
[M8P] rect cmd=40f3 pixcntl=000 cur=79,0
[M8P] rect cmd=40f3 pixcntl=000 cur=80,0
[M8P] rect cmd=40f3 pixcntl=000 cur=81,0
[M8P] rect cmd=40f3 pixcntl=000 cur=82,0
[M8P] rect cmd=40f3 pixcntl=000 cur=83,0
[M8P] rect cmd=40f3 pixcntl=000 cur=84,0
[M8P] rect cmd=40f3 pixcntl=000 cur=85,0
[M8P] rect cmd=40f3 pixcntl=000 cur=86,0
[M8P] rect cmd=40f3 pixcntl=000 cur=87,0
[M8P] rect cmd=40f3 pixcntl=000 cur=88,0
[M8P] rect cmd=40f3 pixcntl=000 cur=89,0
[M8P] rect cmd=40f3 pixcntl=000 cur=90,0
[M8P] rect cmd=40f3 pixcntl=000 cur=91,0
[M8P] rect cmd=40f3 pixcntl=000 cur=92,0
[M8P] rect cmd=40f3 pixcntl=000 cur=93,0
[M8P] rect cmd=40f3 pixcntl=000 cur=94,0
[M8P] rect cmd=40f3 pixcntl=000 cur=95,0
[M8P] rect cmd=40f3 pixcntl=000 cur=96,0
[M8P] rect cmd=40f3 pixcntl=000 cur=97,0
[M8P] rect cmd=40f3 pixcntl=000 cur=98,0
[M8P] rect cmd=40f3 pixcntl=000 cur=99,0
[M8P] rect cmd=40f3 pixcntl=000 cur=100,0
[M8P] rect cmd=40f3 pixcntl=000 cur=101,0
[M8P] rect cmd=40f3 pixcntl=000 cur=102,0
[M8P] rect cmd=40f3 pixcntl=000 cur=103,0
[M8P] rect cmd=40f3 pixcntl=000 cur=104,0
[M8P] rect cmd=40f3 pixcntl=000 cur=105,0
[M8P] rect cmd=40f3 pixcntl=000 cur=106,0
[M8P] rect cmd=40f3 pixcntl=000 cur=107,0
[M8P] rect cmd=40f3 pixcntl=000 cur=108,0
[M8P] rect cmd=40f3 pixcntl=000 cur=109,0
[M8P] rect cmd=40f3 pixcntl=000 cur=110,0
[M8P] rect cmd=40f3 pixcntl=000 cur=111,0
[M8P] rect cmd=40f3 pixcntl=000 cur=112,0
[M8P] rect cmd=40f3 pixcntl=000 cur=113,0
[M8P] rect cmd=40f3 pixcntl=000 cur=114,0
[M8P] rect cmd=40f3 pixcntl=000 cur=115,0
[M8P] rect cmd=40f3 pixcntl=000 cur=116,0
[M8P] rect cmd=40f3 pixcntl=000 cur=117,0
[M8P] rect cmd=40f3 pixcntl=000 cur=118,0
[M8P] rect cmd=40f3 pixcntl=000 cur=119,0
[M8P] rect cmd=40f3 pixcntl=000 cur=120,0
[M8P] rect cmd=40f3 pixcntl=000 cur=121,0
[M8P] rect cmd=40f3 pixcntl=000 cur=122,0
[M8P] rect cmd=40f3 pixcntl=000 cur=123,0
[M8P] rect cmd=40f3 pixcntl=000 cur=124,0
[M8P] rect cmd=40f3 pixcntl=000 cur=125,0
[M8P] rect cmd=40f3 pixcntl=000 cur=126,0
[M8P] rect cmd=40f3 pixcntl=000 cur=127,0
[M8P] rect cmd=40f3 pixcntl=000 cur=128,0
[M8P] rect cmd=40f3 pixcntl=000 cur=129,0
[M8P] rect cmd=40f3 pixcntl=000 cur=130,0
[M8P] rect cmd=40f3 pixcntl=000 cur=131,0
[M8P] rect cmd=40f3 pixcntl=000 cur=132,0
[M8P] rect cmd=40f3 pixcntl=000 cur=133,0
[M8P] rect cmd=40f3 pixcntl=000 cur=134,0
[M8P] rect cmd=40f3 pixcntl=000 cur=135,0
[M8P] rect cmd=40f3 pixcntl=000 cur=136,0
[M8P] rect cmd=40f3 pixcntl=000 cur=137,0
[M8P] rect cmd=40f3 pixcntl=000 cur=138,0
[M8P] rect cmd=40f3 pixcntl=000 cur=139,0
[M8P] rect cmd=40f3 pixcntl=000 cur=140,0
[M8P] rect cmd=40f3 pixcntl=000 cur=141,0
[M8P] rect cmd=40f3 pixcntl=000 cur=142,0
[M8P] rect cmd=40f3 pixcntl=000 cur=143,0
[M8P] rect cmd=40f3 pixcntl=000 cur=144,0
[M8P] rect cmd=40f3 pixcntl=000 cur=145,0
[M8P] rect cmd=40f3 pixcntl=000 cur=146,0
[M8P] rect cmd=40f3 pixcntl=000 cur=147,0
[M8P] rect cmd=40f3 pixcntl=000 cur=148,0
[M8P] rect cmd=40f3 pixcntl=000 cur=149,0
[M8P] rect cmd=40f3 pixcntl=000 cur=150,0
[M8P] rect cmd=40f3 pixcntl=000 cur=151,0
[M8P] rect cmd=40f3 pixcntl=000 cur=152,0
[M8P] rect cmd=40f3 pixcntl=000 cur=153,0
[M8P] rect cmd=40f3 pixcntl=000 cur=154,0
[M8P] rect cmd=40f3 pixcntl=000 cur=155,0
[M8P] rect cmd=40f3 pixcntl=000 cur=156,0
[M8P] rect cmd=40f3 pixcntl=000 cur=157,0
[M8P] rect cmd=40f3 pixcntl=000 cur=158,0
[M8P] rect cmd=40f3 pixcntl=000 cur=159,0
[M8P] rect cmd=40f3 pixcntl=000 cur=160,0
[M8P] rect cmd=40f3 pixcntl=000 cur=161,0
[M8P] rect cmd=40f3 pixcntl=000 cur=162,0
[M8P] rect cmd=40f3 pixcntl=000 cur=163,0
[M8P] rect cmd=40f3 pixcntl=000 cur=164,0
[M8P] rect cmd=40f3 pixcntl=000 cur=165,0
[M8P] rect cmd=40f3 pixcntl=000 cur=166,0
[M8P] rect cmd=40f3 pixcntl=000 cur=167,0
[M8P] rect cmd=40f3 pixcntl=000 cur=168,0
[M8P] rect cmd=40f3 pixcntl=000 cur=169,0
[M8P] rect cmd=40f3 pixcntl=000 cur=170,0
[M8P] rect cmd=40f3 pixcntl=000 cur=171,0
[M8P] rect cmd=40f3 pixcntl=000 cur=172,0
[M8P] rect cmd=40f3 pixcntl=000 cur=173,0
[M8P] rect cmd=40f3 pixcntl=000 cur=174,0
[M8P] rect cmd=40f3 pixcntl=000 cur=175,0
[M8P] rect cmd=40f3 pixcntl=000 cur=176,0
[M8P] rect cmd=40f3 pixcntl=000 cur=177,0
[M8P] rect cmd=40f3 pixcntl=000 cur=178,0
[M8P] rect cmd=40f3 pixcntl=000 cur=179,0
[M8P] rect cmd=40f3 pixcntl=000 cur=180,0
[M8P] rect cmd=40f3 pixcntl=000 cur=181,0
[M8P] rect cmd=40f3 pixcntl=000 cur=182,0
[M8P] rect cmd=40f3 pixcntl=000 cur=183,0
[M8P] rect cmd=40f3 pixcntl=000 cur=184,0
[M8P] rect cmd=40f3 pixcntl=000 cur=185,0
[M8P] rect cmd=40f3 pixcntl=000 cur=186,0
[M8P] rect cmd=40f3 pixcntl=000 cur=187,0
[M8P] rect cmd=40f3 pixcntl=000 cur=188,0
[M8P] rect cmd=40f3 pixcntl=000 cur=189,0
[M8P] rect cmd=40f3 pixcntl=000 cur=190,0
[M8P] rect cmd=40f3 pixcntl=000 cur=191,0
[M8P] rect cmd=40f3 pixcntl=000 cur=192,0
[M8P] rect cmd=40f3 pixcntl=000 cur=193,0
[M8P] rect cmd=40f3 pixcntl=000 cur=194,0
[M8P] rect cmd=40f3 pixcntl=000 cur=195,0
[M8P] rect cmd=40f3 pixcntl=000 cur=196,0
[M8P] rect cmd=40f3 pixcntl=000 cur=197,0
[M8P] rect cmd=40f3 pixcntl=000 cur=198,0
[M8P] rect cmd=40f3 pixcntl=000 cur=199,0
[M8P] rect cmd=40f3 pixcntl=000 cur=200,0
[M8P] rect cmd=40f3 pixcntl=000 cur=201,0
[M8P] rect cmd=40f3 pixcntl=000 cur=202,0
[M8P] rect cmd=40f3 pixcntl=000 cur=203,0
[M8P] rect cmd=40f3 pixcntl=000 cur=204,0
[M8P] rect cmd=40f3 pixcntl=000 cur=205,0
[M8P] rect cmd=40f3 pixcntl=000 cur=206,0
[M8P] rect cmd=40f3 pixcntl=000 cur=207,0
[M8P] rect cmd=40f3 pixcntl=000 cur=208,0
[M8P] rect cmd=40f3 pixcntl=000 cur=209,0
[M8P] rect cmd=40f3 pixcntl=000 cur=210,0
[M8P] rect cmd=40f3 pixcntl=000 cur=211,0
[M8P] rect cmd=40f3 pixcntl=000 cur=212,0
[M8P] rect cmd=40f3 pixcntl=000 cur=213,0
[M8P] rect cmd=40f3 pixcntl=000 cur=214,0
[M8P] rect cmd=40f3 pixcntl=000 cur=215,0
[M8P] rect cmd=40f3 pixcntl=000 cur=216,0
[M8P] rect cmd=40f3 pixcntl=000 cur=217,0
[M8P] rect cmd=40f3 pixcntl=000 cur=218,0
[M8P] rect cmd=40f3 pixcntl=000 cur=219,0
[M8P] rect cmd=40f3 pixcntl=000 cur=220,0
[M8P] rect cmd=40f3 pixcntl=000 cur=221,0
[M8P] rect cmd=40f3 pixcntl=000 cur=222,0
[M8P] rect cmd=40f3 pixcntl=000 cur=223,0
[M8P] rect cmd=40f3 pixcntl=000 cur=224,0
[M8P] rect cmd=40f3 pixcntl=000 cur=225,0
[M8P] rect cmd=40f3 pixcntl=000 cur=226,0
[M8P] rect cmd=40f3 pixcntl=000 cur=227,0
[M8P] rect cmd=40f3 pixcntl=000 cur=228,0
[M8P] rect cmd=40f3 pixcntl=000 cur=229,0
[M8P] rect cmd=40f3 pixcntl=000 cur=230,0
[M8P] rect cmd=40f3 pixcntl=000 cur=231,0
[M8P] rect cmd=40f3 pixcntl=000 cur=232,0
[M8P] rect cmd=40f3 pixcntl=000 cur=233,0
[M8P] rect cmd=40f3 pixcntl=000 cur=234,0
[M8P] rect cmd=40f3 pixcntl=000 cur=235,0
[M8P] rect cmd=40f3 pixcntl=000 cur=236,0
[M8P] rect cmd=40f3 pixcntl=000 cur=237,0
[M8P] rect cmd=40f3 pixcntl=000 cur=238,0
[M8P] rect cmd=40f3 pixcntl=000 cur=239,0
[M8P] rect cmd=40f3 pixcntl=000 cur=240,0
[M8P] rect cmd=40f3 pixcntl=000 cur=241,0
[M8P] rect cmd=40f3 pixcntl=000 cur=242,0
[M8P] rect cmd=40f3 pixcntl=000 cur=243,0
[M8P] rect cmd=40f3 pixcntl=000 cur=244,0
[M8P] rect cmd=40f3 pixcntl=000 cur=245,0
[M8P] rect cmd=40f3 pixcntl=000 cur=246,0
[M8P] rect cmd=40f3 pixcntl=000 cur=247,0
[M8P] rect cmd=40f3 pixcntl=000 cur=248,0
[M8P] rect cmd=40f3 pixcntl=000 cur=249,0
[M8P] rect cmd=40f3 pixcntl=000 cur=250,0
[M8P] rect cmd=40f3 pixcntl=000 cur=251,0
[M8P] rect cmd=40f3 pixcntl=000 cur=252,0
[M8P] rect cmd=40f3 pixcntl=000 cur=253,0
[M8P] rect cmd=40f3 pixcntl=000 cur=254,0
[M8P] rect cmd=40f3 pixcntl=000 cur=255,0
[M8P] rect cmd=40f3 pixcntl=000 cur=0,0
[M8P] rect cmd=53b0 pixcntl=000 cur=0,0
[M8P] rect cmd=40f3 pixcntl=000 cur=0,0
[M8P] rect cmd=40f3 pixcntl=000 cur=1,0
[M8P] rect cmd=40f3 pixcntl=000 cur=2,0
[M8P] rect cmd=40f3 pixcntl=000 cur=3,0
[M8P] rect cmd=40f3 pixcntl=000 cur=4,0
[M8P] rect cmd=40f3 pixcntl=000 cur=5,0
[M8P] rect cmd=40f3 pixcntl=000 cur=6,0
[M8P] rect cmd=40f3 pixcntl=000 cur=7,0
[M8P] rect cmd=40f3 pixcntl=000 cur=8,0
[M8P] rect cmd=40f3 pixcntl=000 cur=9,0
[M8P] rect cmd=40f3 pixcntl=000 cur=10,0
[M8P] rect cmd=40f3 pixcntl=000 cur=11,0
[M8P] rect cmd=40f3 pixcntl=000 cur=12,0
[M8P] rect cmd=40f3 pixcntl=000 cur=13,0
[M8P] rect cmd=40f3 pixcntl=000 cur=14,0
[M8P] rect cmd=40f3 pixcntl=000 cur=15,0
[M8P] rect cmd=40f3 pixcntl=000 cur=16,0
[M8P] rect cmd=40f3 pixcntl=000 cur=17,0
[M8P] rect cmd=40f3 pixcntl=000 cur=18,0
[M8P] rect cmd=40f3 pixcntl=000 cur=19,0
[M8P] rect cmd=40f3 pixcntl=000 cur=20,0
[M8P] rect cmd=40f3 pixcntl=000 cur=21,0
[M8P] rect cmd=40f3 pixcntl=000 cur=22,0
[M8P] rect cmd=40f3 pixcntl=000 cur=23,0
[M8P] rect cmd=40f3 pixcntl=000 cur=24,0
[M8P] rect cmd=40f3 pixcntl=000 cur=25,0
[M8P] rect cmd=40f3 pixcntl=000 cur=26,0
[M8P] rect cmd=40f3 pixcntl=000 cur=27,0
[M8P] rect cmd=40f3 pixcntl=000 cur=28,0
[M8P] rect cmd=40f3 pixcntl=000 cur=29,0
[M8P] rect cmd=40f3 pixcntl=000 cur=30,0
[M8P] rect cmd=40f3 pixcntl=000 cur=31,0
[M8P] rect cmd=40f3 pixcntl=000 cur=32,0
[M8P] rect cmd=40f3 pixcntl=000 cur=33,0
[M8P] rect cmd=40f3 pixcntl=000 cur=34,0
[M8P] rect cmd=40f3 pixcntl=000 cur=35,0
[M8P] rect cmd=40f3 pixcntl=000 cur=36,0
[M8P] rect cmd=40f3 pixcntl=000 cur=37,0
[M8P] rect cmd=40f3 pixcntl=000 cur=38,0
[M8P] rect cmd=40f3 pixcntl=000 cur=39,0
[M8P] rect cmd=40f3 pixcntl=000 cur=40,0
[M8P] rect cmd=40f3 pixcntl=000 cur=41,0
[M8P] rect cmd=40f3 pixcntl=000 cur=42,0
[M8P] rect cmd=40f3 pixcntl=000 cur=43,0
[M8P] rect cmd=40f3 pixcntl=000 cur=44,0
[M8P] rect cmd=40f3 pixcntl=000 cur=45,0
[M8P] rect cmd=40f3 pixcntl=000 cur=46,0
[M8P] rect cmd=40f3 pixcntl=000 cur=47,0
[M8P] rect cmd=40f3 pixcntl=000 cur=48,0
[M8P] rect cmd=40f3 pixcntl=000 cur=49,0
[M8P] rect cmd=40f3 pixcntl=000 cur=50,0
[M8P] rect cmd=40f3 pixcntl=000 cur=51,0
[M8P] rect cmd=40f3 pixcntl=000 cur=52,0
[M8P] rect cmd=40f3 pixcntl=000 cur=53,0
[M8P] rect cmd=40f3 pixcntl=000 cur=54,0
[M8P] rect cmd=40f3 pixcntl=000 cur=55,0
[M8P] rect cmd=40f3 pixcntl=000 cur=56,0
[M8P] rect cmd=40f3 pixcntl=000 cur=57,0
[M8P] rect cmd=40f3 pixcntl=000 cur=58,0
[M8P] rect cmd=40f3 pixcntl=000 cur=59,0
[M8P] rect cmd=40f3 pixcntl=000 cur=60,0
[M8P] rect cmd=40f3 pixcntl=000 cur=61,0
[M8P] rect cmd=40f3 pixcntl=000 cur=62,0
[M8P] rect cmd=40f3 pixcntl=000 cur=63,0
[M8P] rect cmd=40f3 pixcntl=000 cur=64,0
[M8P] rect cmd=40f3 pixcntl=000 cur=65,0
[M8P] rect cmd=40f3 pixcntl=000 cur=66,0
[M8P] rect cmd=40f3 pixcntl=000 cur=67,0
[M8P] rect cmd=40f3 pixcntl=000 cur=68,0
[M8P] rect cmd=40f3 pixcntl=000 cur=69,0
[M8P] rect cmd=40f3 pixcntl=000 cur=70,0
[M8P] rect cmd=40f3 pixcntl=000 cur=71,0
[M8P] rect cmd=40f3 pixcntl=000 cur=72,0
[M8P] rect cmd=40f3 pixcntl=000 cur=73,0
[M8P] rect cmd=40f3 pixcntl=000 cur=74,0
[M8P] rect cmd=40f3 pixcntl=000 cur=75,0
[M8P] rect cmd=40f3 pixcntl=000 cur=76,0
[M8P] rect cmd=40f3 pixcntl=000 cur=77,0
[M8P] rect cmd=40f3 pixcntl=000 cur=78,0
[M8P] rect cmd=40f3 pixcntl=000 cur=79,0
[M8P] rect cmd=40f3 pixcntl=000 cur=80,0
[M8P] rect cmd=40f3 pixcntl=000 cur=81,0
[M8P] rect cmd=40f3 pixcntl=000 cur=82,0
[M8P] rect cmd=40f3 pixcntl=000 cur=83,0
[M8P] rect cmd=40f3 pixcntl=000 cur=84,0
[M8P] rect cmd=40f3 pixcntl=000 cur=85,0
[M8P] rect cmd=40f3 pixcntl=000 cur=86,0
[M8P] rect cmd=40f3 pixcntl=000 cur=87,0
[M8P] rect cmd=40f3 pixcntl=000 cur=88,0
[M8P] rect cmd=40f3 pixcntl=000 cur=89,0
[M8P] rect cmd=40f3 pixcntl=000 cur=90,0
[M8P] rect cmd=40f3 pixcntl=000 cur=91,0
[M8P] rect cmd=40f3 pixcntl=000 cur=92,0
[M8P] rect cmd=40f3 pixcntl=000 cur=93,0
[M8P] rect cmd=40f3 pixcntl=000 cur=94,0
[M8P] rect cmd=40f3 pixcntl=000 cur=95,0
[M8P] rect cmd=40f3 pixcntl=000 cur=96,0
[M8P] rect cmd=40f3 pixcntl=000 cur=97,0
[M8P] rect cmd=40f3 pixcntl=000 cur=98,0
[M8P] rect cmd=40f3 pixcntl=000 cur=99,0
[M8P] rect cmd=40f3 pixcntl=000 cur=100,0
[M8P] rect cmd=40f3 pixcntl=000 cur=101,0
[M8P] rect cmd=40f3 pixcntl=000 cur=102,0
[M8P] rect cmd=40f3 pixcntl=000 cur=103,0
[M8P] rect cmd=40f3 pixcntl=000 cur=104,0
[M8P] rect cmd=40f3 pixcntl=000 cur=105,0
[M8P] rect cmd=40f3 pixcntl=000 cur=106,0
[M8P] rect cmd=40f3 pixcntl=000 cur=107,0
[M8P] rect cmd=40f3 pixcntl=000 cur=108,0
[M8P] rect cmd=40f3 pixcntl=000 cur=109,0
[M8P] rect cmd=40f3 pixcntl=000 cur=110,0
[M8P] rect cmd=40f3 pixcntl=000 cur=111,0
[M8P] rect cmd=40f3 pixcntl=000 cur=112,0
[M8P] rect cmd=40f3 pixcntl=000 cur=113,0
[M8P] rect cmd=40f3 pixcntl=000 cur=114,0
[M8P] rect cmd=40f3 pixcntl=000 cur=115,0
[M8P] rect cmd=40f3 pixcntl=000 cur=116,0
[M8P] rect cmd=40f3 pixcntl=000 cur=117,0
[M8P] rect cmd=40f3 pixcntl=000 cur=118,0
[M8P] rect cmd=40f3 pixcntl=000 cur=119,0
[M8P] rect cmd=40f3 pixcntl=000 cur=120,0
[M8P] rect cmd=40f3 pixcntl=000 cur=121,0
[M8P] rect cmd=40f3 pixcntl=000 cur=122,0
[M8P] rect cmd=40f3 pixcntl=000 cur=123,0
[M8P] rect cmd=40f3 pixcntl=000 cur=124,0
[M8P] rect cmd=40f3 pixcntl=000 cur=125,0
[M8P] rect cmd=40f3 pixcntl=000 cur=126,0
[M8P] rect cmd=40f3 pixcntl=000 cur=127,0
[M8P] rect cmd=40f3 pixcntl=000 cur=128,0
[M8P] rect cmd=40f3 pixcntl=000 cur=129,0
[M8P] rect cmd=40f3 pixcntl=000 cur=130,0
[M8P] rect cmd=40f3 pixcntl=000 cur=131,0
[M8P] rect cmd=40f3 pixcntl=000 cur=132,0
[M8P] rect cmd=40f3 pixcntl=000 cur=133,0
[M8P] rect cmd=40f3 pixcntl=000 cur=134,0
[M8P] rect cmd=40f3 pixcntl=000 cur=135,0
[M8P] rect cmd=40f3 pixcntl=000 cur=136,0
[M8P] rect cmd=40f3 pixcntl=000 cur=137,0
[M8P] rect cmd=40f3 pixcntl=000 cur=138,0
[M8P] rect cmd=40f3 pixcntl=000 cur=139,0
[M8P] rect cmd=40f3 pixcntl=000 cur=140,0
[M8P] rect cmd=40f3 pixcntl=000 cur=141,0
[M8P] rect cmd=40f3 pixcntl=000 cur=142,0
[M8P] rect cmd=40f3 pixcntl=000 cur=143,0
[M8P] rect cmd=40f3 pixcntl=000 cur=144,0
[M8P] rect cmd=40f3 pixcntl=000 cur=145,0
[M8P] rect cmd=40f3 pixcntl=000 cur=146,0
[M8P] rect cmd=40f3 pixcntl=000 cur=147,0
[M8P] rect cmd=40f3 pixcntl=000 cur=148,0
[M8P] rect cmd=40f3 pixcntl=000 cur=149,0
[M8P] rect cmd=40f3 pixcntl=000 cur=150,0
[M8P] rect cmd=40f3 pixcntl=000 cur=151,0
[M8P] rect cmd=40f3 pixcntl=000 cur=152,0
[M8P] rect cmd=40f3 pixcntl=000 cur=153,0
[M8P] rect cmd=40f3 pixcntl=000 cur=154,0
[M8P] rect cmd=40f3 pixcntl=000 cur=155,0
[M8P] rect cmd=40f3 pixcntl=000 cur=156,0
[M8P] rect cmd=40f3 pixcntl=000 cur=157,0
[M8P] rect cmd=40f3 pixcntl=000 cur=158,0
[M8P] rect cmd=40f3 pixcntl=000 cur=159,0
[M8P] rect cmd=40f3 pixcntl=000 cur=160,0
[M8P] rect cmd=40f3 pixcntl=000 cur=161,0
[M8P] rect cmd=40f3 pixcntl=000 cur=162,0
[M8P] rect cmd=40f3 pixcntl=000 cur=163,0
[M8P] rect cmd=40f3 pixcntl=000 cur=164,0
[M8P] rect cmd=40f3 pixcntl=000 cur=165,0
[M8P] rect cmd=40f3 pixcntl=000 cur=166,0
[M8P] rect cmd=40f3 pixcntl=000 cur=167,0
[M8P] rect cmd=40f3 pixcntl=000 cur=168,0
[M8P] rect cmd=40f3 pixcntl=000 cur=169,0
[M8P] rect cmd=40f3 pixcntl=000 cur=170,0
[M8P] rect cmd=40f3 pixcntl=000 cur=171,0
[M8P] rect cmd=40f3 pixcntl=000 cur=172,0
[M8P] rect cmd=40f3 pixcntl=000 cur=173,0
[M8P] rect cmd=40f3 pixcntl=000 cur=174,0
[M8P] rect cmd=40f3 pixcntl=000 cur=175,0
[M8P] rect cmd=40f3 pixcntl=000 cur=176,0
[M8P] rect cmd=40f3 pixcntl=000 cur=177,0
[M8P] rect cmd=40f3 pixcntl=000 cur=178,0
[M8P] rect cmd=40f3 pixcntl=000 cur=179,0
[M8P] rect cmd=40f3 pixcntl=000 cur=180,0
[M8P] rect cmd=40f3 pixcntl=000 cur=181,0
[M8P] rect cmd=40f3 pixcntl=000 cur=182,0
[M8P] rect cmd=40f3 pixcntl=000 cur=183,0
[M8P] rect cmd=40f3 pixcntl=000 cur=184,0
[M8P] rect cmd=40f3 pixcntl=000 cur=185,0
[M8P] rect cmd=40f3 pixcntl=000 cur=186,0
[M8P] rect cmd=40f3 pixcntl=000 cur=187,0
[M8P] rect cmd=40f3 pixcntl=000 cur=188,0
[M8P] rect cmd=40f3 pixcntl=000 cur=189,0
[M8P] rect cmd=40f3 pixcntl=000 cur=190,0
[M8P] rect cmd=40f3 pixcntl=000 cur=191,0
[M8P] rect cmd=40f3 pixcntl=000 cur=192,0
[M8P] rect cmd=40f3 pixcntl=000 cur=193,0
[M8P] rect cmd=40f3 pixcntl=000 cur=194,0
[M8P] rect cmd=40f3 pixcntl=000 cur=195,0
[M8P] rect cmd=40f3 pixcntl=000 cur=196,0
[M8P] rect cmd=40f3 pixcntl=000 cur=197,0
[M8P] rect cmd=40f3 pixcntl=000 cur=198,0
[M8P] rect cmd=40f3 pixcntl=000 cur=199,0
[M8P] rect cmd=40f3 pixcntl=000 cur=200,0
[M8P] rect cmd=40f3 pixcntl=000 cur=201,0
[M8P] rect cmd=40f3 pixcntl=000 cur=202,0
[M8P] rect cmd=40f3 pixcntl=000 cur=203,0
[M8P] rect cmd=40f3 pixcntl=000 cur=204,0
[M8P] rect cmd=40f3 pixcntl=000 cur=205,0
[M8P] rect cmd=40f3 pixcntl=000 cur=206,0
[M8P] rect cmd=40f3 pixcntl=000 cur=207,0
[M8P] rect cmd=40f3 pixcntl=000 cur=208,0
[M8P] rect cmd=40f3 pixcntl=000 cur=209,0
[M8P] rect cmd=40f3 pixcntl=000 cur=210,0
[M8P] rect cmd=40f3 pixcntl=000 cur=211,0
[M8P] rect cmd=40f3 pixcntl=000 cur=212,0
[M8P] rect cmd=40f3 pixcntl=000 cur=213,0
[M8P] rect cmd=40f3 pixcntl=000 cur=214,0
[M8P] rect cmd=40f3 pixcntl=000 cur=215,0
[M8P] rect cmd=40f3 pixcntl=000 cur=216,0
[M8P] rect cmd=40f3 pixcntl=000 cur=217,0
[M8P] rect cmd=40f3 pixcntl=000 cur=218,0
[M8P] rect cmd=40f3 pixcntl=000 cur=219,0
[M8P] rect cmd=40f3 pixcntl=000 cur=220,0
[M8P] rect cmd=40f3 pixcntl=000 cur=221,0
[M8P] rect cmd=40f3 pixcntl=000 cur=222,0
[M8P] rect cmd=40f3 pixcntl=000 cur=223,0
[M8P] rect cmd=40f3 pixcntl=000 cur=224,0
[M8P] rect cmd=40f3 pixcntl=000 cur=225,0
[M8P] rect cmd=40f3 pixcntl=000 cur=226,0
[M8P] rect cmd=40f3 pixcntl=000 cur=227,0
[M8P] rect cmd=40f3 pixcntl=000 cur=228,0
[M8P] rect cmd=40f3 pixcntl=000 cur=229,0
[M8P] rect cmd=40f3 pixcntl=000 cur=230,0
[M8P] rect cmd=40f3 pixcntl=000 cur=231,0
[M8P] rect cmd=40f3 pixcntl=000 cur=232,0
[M8P] rect cmd=40f3 pixcntl=000 cur=233,0
[M8P] rect cmd=40f3 pixcntl=000 cur=234,0
[M8P] rect cmd=40f3 pixcntl=000 cur=235,0
[M8P] rect cmd=40f3 pixcntl=000 cur=236,0
[M8P] rect cmd=40f3 pixcntl=000 cur=237,0
[M8P] rect cmd=40f3 pixcntl=000 cur=238,0
[M8P] rect cmd=40f3 pixcntl=000 cur=239,0
[M8P] rect cmd=40f3 pixcntl=000 cur=240,0
[M8P] rect cmd=40f3 pixcntl=000 cur=241,0
[M8P] rect cmd=40f3 pixcntl=000 cur=242,0
[M8P] rect cmd=40f3 pixcntl=000 cur=243,0
[M8P] rect cmd=40f3 pixcntl=000 cur=244,0
[M8P] rect cmd=40f3 pixcntl=000 cur=245,0
[M8P] rect cmd=40f3 pixcntl=000 cur=246,0
[M8P] rect cmd=40f3 pixcntl=000 cur=247,0
[M8P] rect cmd=40f3 pixcntl=000 cur=248,0
[M8P] rect cmd=40f3 pixcntl=000 cur=249,0
[M8P] rect cmd=40f3 pixcntl=000 cur=250,0
[M8P] rect cmd=40f3 pixcntl=000 cur=251,0
[M8P] rect cmd=40f3 pixcntl=000 cur=252,0
[M8P] rect cmd=40f3 pixcntl=000 cur=253,0
[M8P] rect cmd=40f3 pixcntl=000 cur=254,0
[M8P] rect cmd=40f3 pixcntl=000 cur=255,0
[M8P] rect cmd=40f3 pixcntl=000 cur=0,0
[M8P] rect cmd=53b0 pixcntl=000 cur=0,0
[M8P] rect cmd=40f3 pixcntl=000 cur=0,600
[M8B] start cur=0,600 dyend=616 dpc=3251 dpitch=1024 doff=-1835008 clip 0,0-1023,1023 compat=0
[M8E] pixtrans val=8001 dpc=3251 cmdtype=2 cmd_back=0 cur=0,600 dyend=616
[M8E] pixtrans val=f00f dpc=3251 cmdtype=2 cmd_back=0 cur=0,600 dyend=616
[M8E] pixtrans val=1234 dpc=3251 cmdtype=2 cmd_back=0 cur=0,600 dyend=616
[M8E] pixtrans val=5aa5 dpc=3251 cmdtype=2 cmd_back=0 cur=0,600 dyend=616
[M8E] pixtrans val=00ff dpc=3251 cmdtype=2 cmd_back=0 cur=0,600 dyend=616
[M8E] pixtrans val=ff00 dpc=3251 cmdtype=2 cmd_back=0 cur=0,600 dyend=616
[M8E] pixtrans val=c3c3 dpc=3251 cmdtype=2 cmd_back=0 cur=0,600 dyend=616
[M8E] pixtrans val=a55a dpc=3251 cmdtype=2 cmd_back=0 cur=0,600 dyend=616
[M8B] start cur=16,600 dyend=616 dpc=3251 dpitch=1024 doff=-1835008 clip 0,0-1023,1023 compat=0
[M8E] pixtrans val=8001 dpc=3251 cmdtype=2 cmd_back=0 cur=16,600 dyend=616
[M8E] pixtrans val=f00f dpc=3251 cmdtype=2 cmd_back=0 cur=16,600 dyend=616
[M8E] pixtrans val=1234 dpc=3251 cmdtype=2 cmd_back=0 cur=16,600 dyend=616
[M8E] pixtrans val=5aa5 dpc=3251 cmdtype=2 cmd_back=0 cur=16,600 dyend=616
[M8E] pixtrans val=00ff dpc=3251 cmdtype=2 cmd_back=0 cur=16,600 dyend=616
[M8E] pixtrans val=ff00 dpc=3251 cmdtype=2 cmd_back=0 cur=16,600 dyend=616
[M8E] pixtrans val=c3c3 dpc=3251 cmdtype=2 cmd_back=0 cur=16,600 dyend=616
[M8E] pixtrans val=a55a dpc=3251 cmdtype=2 cmd_back=0 cur=16,600 dyend=616
[M8E] pixtrans val=8001 dpc=3251 cmdtype=2 cmd_back=0 cur=16,600 dyend=616
[M8E] pixtrans val=f00f dpc=3251 cmdtype=2 cmd_back=0 cur=16,600 dyend=616
[M8E] pixtrans val=1234 dpc=3251 cmdtype=2 cmd_back=0 cur=16,600 dyend=616
[M8E] pixtrans val=5aa5 dpc=3251 cmdtype=2 cmd_back=0 cur=16,600 dyend=616
[M8E] pixtrans val=00ff dpc=3251 cmdtype=2 cmd_back=0 cur=16,600 dyend=616
[M8E] pixtrans val=ff00 dpc=3251 cmdtype=2 cmd_back=0 cur=16,600 dyend=616
[M8E] pixtrans val=c3c3 dpc=3251 cmdtype=2 cmd_back=0 cur=16,600 dyend=616
[M8E] pixtrans val=a55a dpc=3251 cmdtype=2 cmd_back=0 cur=16,600 dyend=616
[M8E] pixtrans val=8001 dpc=3251 cmdtype=2 cmd_back=0 cur=16,600 dyend=616
[M8E] pixtrans val=f00f dpc=3251 cmdtype=2 cmd_back=0 cur=16,600 dyend=616
[M8E] pixtrans val=1234 dpc=3251 cmdtype=2 cmd_back=0 cur=16,600 dyend=616
[M8E] pixtrans val=5aa5 dpc=3251 cmdtype=2 cmd_back=0 cur=16,600 dyend=616
[M8E] pixtrans val=00ff dpc=3251 cmdtype=2 cmd_back=0 cur=16,600 dyend=616
[M8E] pixtrans val=ff00 dpc=3251 cmdtype=2 cmd_back=0 cur=16,600 dyend=616
[M8E] pixtrans val=c3c3 dpc=3251 cmdtype=2 cmd_back=0 cur=16,600 dyend=616
[M8E] pixtrans val=a55a dpc=3251 cmdtype=2 cmd_back=0 cur=16,600 dyend=616
[M8E] pixtrans val=8001 dpc=3251 cmdtype=2 cmd_back=0 cur=16,600 dyend=616
[M8E] pixtrans val=f00f dpc=3251 cmdtype=2 cmd_back=0 cur=16,600 dyend=616
[M8E] pixtrans val=1234 dpc=3251 cmdtype=2 cmd_back=0 cur=16,600 dyend=616
[M8E] pixtrans val=5aa5 dpc=3251 cmdtype=2 cmd_back=0 cur=16,600 dyend=616
[M8E] pixtrans val=00ff dpc=3251 cmdtype=2 cmd_back=0 cur=16,600 dyend=616
[M8E] pixtrans val=ff00 dpc=3251 cmdtype=2 cmd_back=0 cur=16,600 dyend=616
[M8E] pixtrans val=c3c3 dpc=3251 cmdtype=2 cmd_back=0 cur=16,600 dyend=616
[M8E] pixtrans val=a55a dpc=3251 cmdtype=2 cmd_back=0 cur=16,600 dyend=616
[M8B] start cur=88,600 dyend=605 dpc=3251 dpitch=1024 doff=-1835008 clip 0,0-1023,1023 compat=0
[M8B] start cur=104,600 dyend=605 dpc=3251 dpitch=1024 doff=-1835008 clip 0,0-1023,1023 compat=0
[M8P] rect cmd=53b0 pixcntl=000 cur=0,600
[M8P] rect cmd=40f3 pixcntl=000 cur=32,600
[M8P] rect cmd=83f5 pixcntl=000 cur=50,602
[M8P] rect cmd=53b0 pixcntl=000 cur=32,600
[M8P] rect cmd=40f3 pixcntl=000 cur=32,616
[M8P] rect cmd=83f5 pixcntl=000 cur=48,618
[M8P] rect cmd=53b0 pixcntl=000 cur=32,616
[M8P] rect cmd=40f3 pixcntl=000 cur=32,632
[M8P] rect cmd=83f5 pixcntl=000 cur=48,634
[M8P] rect cmd=53b0 pixcntl=000 cur=32,632
[M8P] rect cmd=40f3 pixcntl=000 cur=32,648
[M8P] rect cmd=83f1 pixcntl=000 cur=48,650
[M8P] rect cmd=53b0 pixcntl=000 cur=32,648
[M8P] rect cmd=40f3 pixcntl=000 cur=32,664
[M8P] rect cmd=81f5 pixcntl=000 cur=48,666
[M8P] rect cmd=53b0 pixcntl=000 cur=32,664
[M8P] rect cmd=40f3 pixcntl=000 cur=32,680
[M8P] rect cmd=83f5 pixcntl=000 cur=49,682
[M8P] rect cmd=53b0 pixcntl=000 cur=32,680
[M8P] rect cmd=40f3 pixcntl=000 cur=0,600
[M8T] OUT2 caee=0010
[M8X] scan cur=0,600 to=16 compat=0 dpc=ca11 dp_compat=0 frgd_sel=6 bkgd_sel=0 mono=0 fmix=07 cmd_back=1 pixw=1 pitch=1024 off=-1835008 dstp=1024
[M8Y] count=-1 width=16 dx=0 dy=600 dest=ffed6000 clip l=0 t=0 r=1023 b=1023 cmp=0 fc=00000000 wm=000000ff
[M8T] OUT2 e2e8=0102
[M8T] OUT2 e2e8=0408
[M8T] OUT2 e2e8=1020
[M8T] OUT2 e2e8=4080
[M8T] OUT2 e2e8=030c
[M8T] OUT2 e2e8=30c0
[M8T] OUT2 e2e8=050a
[M8T] OUT2 e2e8=50a0
[M8T] IN2 9ae8=00ff
[M8T] OUT2 42e8=9000
[M8T] OUT2 42e8=5000
[M8T] IN2 9ae8=0000
[M8T] OUT2 bee8=5006
[M8T] OUT2 bee8=1000
[M8C] scissor 1000
[M8T] OUT2 bee8=2000
[M8C] scissor 2000
[M8T] OUT2 bee8=33ff
[M8C] scissor 33ff
[M8T] OUT2 bee8=43ff
[M8C] scissor 43ff
[M8T] OUT2 bee8=a000
[M8T] OUT2 bae8=0027
[M8T] OUT2 a6e8=0000
[M8T] OUT2 86e8=0000
[M8T] OUT2 82e8=025a
[M8T] OUT2 96e8=001f
[M8T] OUT2 bee8=0000
[M8T] OUT2 9ae8=40f3
