#
# 86Box v7.0 logfile, created 2026/09/26 18:28:11
#
# Emulator path: C:/Users/lycet/RiderProjects/86Box-Inboard/86box_3c509b/build_log/src//
# Global configuration file: C:/Users/lycet/AppData/Local/86Box/86box_global.cfg
# VM: vm_vpicd_irq2
#
# Configuration file: C:/Users/lycet/RiderProjects/86Box-Inboard/vm_vpicd_irq2/86box.cfg
#

# Userfiles path: C:/Users/lycet/RiderProjects/86Box-Inboard/vm_vpicd_irq2/
# ROM path: C:/Users/lycet/RiderProjects/86Box-Inboard/vm_vpicd_irq2/roms/
# ROM path: C:/Users/lycet/RiderProjects/86Box-Inboard/86box_3c509b/build_log/src//roms/
# ROM path: C:/Users/lycet/AppData/Local/86Box/roms/
# Asset path: C:/Users/lycet/RiderProjects/86Box-Inboard/vm_vpicd_irq2/assets/
# Asset path: C:/Users/lycet/RiderProjects/86Box-Inboard/86box_3c509b/build_log/src//assets/
# Asset path: C:/Users/lycet/AppData/Local/86Box/assets/
BPCK: attached as unit 07 on LPT port 0
*** 1 repeats ***
DIAG7 [C000:0000041C] 4AE8 advfunc=00 on=0 hdisp=0 vdisp=0
DIAG7 [C000:00007A62] 4AE8 advfunc=06 on=0 hdisp=640 vdisp=480
DIAG7 [C000:0000731E] 4AEE clock_sel=1850 on=0 hdisp=640 vdisp=480
DIAG7 [C000:0000731E] 4AEE clock_sel=181C on=0 hdisp=1024 vdisp=768
DIAG7 [C000:00007A62] 4AE8 advfunc=02 on=0 hdisp=1024 vdisp=768
DIAG7 [C000:000075CD] 4AE8 advfunc=02 on=0 hdisp=640 vdisp=480
DIAG7 [C000:00007A62] 4AE8 advfunc=02 on=0 hdisp=640 vdisp=480
*** 5 repeats ***
DIAG7 [C000:000075CD] 4AE8 advfunc=02 on=0 hdisp=640 vdisp=480
DIAG7 [C000:0000731E] 4AEE clock_sel=1850 on=0 hdisp=640 vdisp=480
DIAG7 [C000:0000731E] 4AEE clock_sel=181C on=0 hdisp=640 vdisp=480
DIAG7 [C000:0000708E] 4AE8 advfunc=02 on=0 hdisp=640 vdisp=480
HEARTBEAT [F000:0000ED15] cpl=0 pm=0 v86=0 if=1 pic imr=FF isr=00 irr=00 | 75 43 48 48 AB E2 F6 4F 4F FD 8B F7 8B CB 8B D0 | eax=00000000 ebx=00002000 ecx=0000017B edx=0000AA55 esi=00003D0C edi=00003D0A esp=000000F6
  IRQS raised 18 2 0 0 0 0 0 0 | acked 1 2 0 0 0 0 0 0
HEARTBEAT [F000:0000ECAE] cpl=0 pm=0 v86=0 if=0 pic imr=BF isr=00 irr=01 | 24 FE 3A E0 8A E0 E4 00 74 F4 9D E2 EF 58 C3 8A | eax=0000C0C1 ebx=00000206 ecx=0000001D edx=000061A8 esi=00000010 edi=00000000 esp=000000DC
  IRQS raised 55 2 0 0 0 0 7 0 | acked 1 2 0 0 0 0 7 0
BPCK: W0 AA            [---- reg=00 knock=0]
HEARTBEAT [D000:000012D3] cpl=0 pm=0 v86=0 if=1 pic imr=BC isr=00 irr=00 | 3C 08 72 21 89 D3 3C 0A 76 16 D1 E2 3C 14 72 15 | eax=00004006 ebx=00000940 ecx=00000007 edx=00000007 esi=00007C00 edi=00000026 esp=00007ED0
  IRQS raised 91 2 0 0 0 0 17 0 | acked 8 2 0 0 0 0 17 0
HEARTBEAT [D000:00000AF4] cpl=0 pm=0 v86=0 if=1 pic imr=BC isr=00 irr=00 | 83 F8 48 72 F4 FA A1 04 7F A3 20 00 A1 06 7F A3 | eax=00000029 ebx=0000B004 ecx=0000FF01 edx=00000603 esi=00000608 edi=00000026 esp=00007EFE
  IRQS raised 128 2 0 0 0 0 17 0 | acked 45 2 0 0 0 0 17 0
HEARTBEAT [D000:00001031] cpl=0 pm=0 v86=0 if=1 pic imr=BC isr=00 irr=00 | 30 DA AA EC 30 DA AA EC 30 DA AA EC 30 DA AA EC | eax=00000009 ebx=0000FF08 ecx=00000078 edx=00000300 esi=00000010 edi=00003114 esp=0000FFCA
  IRQS raised 164 2 0 0 0 0 18 0 | acked 81 2 0 0 0 0 18 0
BPCK: W2 08 (was 00)  [---- reg=00 knock=0]
BPCK: W2 0C (was 08)  [---- reg=00 knock=0]
BPCK: R1 -> D8          [---- reg=00 knock=0]
HEARTBEAT [F000:00000C6E] cpl=0 pm=0 v86=0 if=1 pic imr=BC isr=00 irr=00 | 74 37 FE CC 74 64 80 EC 03 74 64 80 EC 0B 74 0C | eax=0000001C ebx=0000443D ecx=0000000A edx=00000058 esi=00000000 edi=000043A2 esp=000011C6
  IRQS raised 200 2 0 0 0 0 18 0 | acked 117 2 0 0 0 0 18 0
HEARTBEAT [D000:00001061] cpl=0 pm=0 v86=0 if=1 pic imr=BC isr=00 irr=00 | 74 03 E9 7A FF C3 88 CD B1 04 D3 E9 EC 42 AA EC | eax=00000001 ebx=0000FF08 ecx=0000000B edx=00000300 esi=00000010 edi=000000A4 esp=0000087C
  IRQS raised 237 2 0 0 0 0 18 0 | acked 154 2 0 0 0 0 18 0
HEARTBEAT [D000:00000CAC] cpl=0 pm=0 v86=0 if=1 pic imr=BC isr=00 irr=00 | 8B 0E 6C 04 1F C3 B0 06 B2 06 E8 44 06 B8 06 00 | eax=00000880 ebx=0000FF08 ecx=00000000 edx=00000307 esi=00000004 edi=00000010 esp=0000088C
  IRQS raised 273 2 0 0 0 0 18 0 | acked 190 2 0 0 0 0 18 0
HEARTBEAT [D000:00001005] cpl=0 pm=0 v86=0 if=1 pic imr=BC isr=00 irr=00 | 30 DA AA EC 30 DA AA EC 30 DA AA EC 30 DA AA EC | eax=00000000 ebx=0000FF08 ecx=00000056 edx=00000308 esi=00000010 edi=00000551 esp=0000089A
  IRQS raised 310 2 0 0 0 0 18 0 | acked 227 2 0 0 0 0 18 0
HEARTBEAT [FF03:00007ABD] cpl=0 pm=0 v86=0 if=1 pic imr=BC isr=00 irr=00 | A3 48 03 F8 C3 88 1E 73 05 A3 48 03 1E C5 3E E2 | eax=000000D3 ebx=000025DC ecx=0000000A edx=0000277C esi=000025BD edi=0000054C esp=0000090C
  IRQS raised 346 2 0 0 0 0 18 0 | acked 263 2 0 0 0 0 18 0
HEARTBEAT [D000:0000115B] cpl=0 pm=0 v86=0 if=1 pic imr=BC isr=00 irr=00 | 30 DA 88 E0 EE AD 30 DA 86 C4 EE 30 DA 88 E0 EE | eax=00000000 ebx=0000FF08 ecx=0000008D edx=00000308 esi=0000073C edi=00000010 esp=000008A0
  IRQS raised 382 2 0 0 0 0 18 0 | acked 299 2 0 0 0 0 18 0
HEARTBEAT [D000:0000117B] cpl=0 pm=0 v86=0 if=1 pic imr=BC isr=00 irr=00 | EE 30 DA 88 E0 EE AD 30 DA 86 C4 EE 30 DA 88 E0 | eax=00000C01 ebx=0000FF08 ecx=000000F6 edx=00000308 esi=000000B2 edi=00000010 esp=000008A0
  IRQS raised 419 2 0 0 0 0 18 0 | acked 336 2 0 0 0 0 18 0
HEARTBEAT [D000:0000102D] cpl=0 pm=0 v86=0 if=1 pic imr=BC isr=00 irr=00 | 30 DA AA EC 30 DA AA EC 30 DA AA EC 30 DA AA EC | eax=00000000 ebx=0000FF08 ecx=00000060 edx=00000308 esi=00000010 edi=0000041B esp=0000089A
  IRQS raised 455 2 0 0 0 0 18 0 | acked 372 2 0 0 0 0 18 0
HEARTBEAT [D000:000012FC] cpl=0 pm=0 v86=0 if=1 pic imr=BC isr=00 irr=00 | C3 30 F6 8A 5D 14 80 FB 08 72 20 80 FB 0A 76 0F | eax=00000880 ebx=0000FF08 ecx=00000198 edx=00000307 esi=00000008 edi=00000010 esp=00000894
  IRQS raised 492 2 0 0 0 0 18 0 | acked 409 2 0 0 0 0 18 0
HEARTBEAT [D000:00001271] cpl=0 pm=0 v86=0 if=1 pic imr=BC isr=00 irr=00 | B2 01 E8 58 00 86 C4 A8 A5 75 02 98 C3 78 0D A8 | eax=00005858 ebx=0000FF08 ecx=000001BC edx=00000307 esi=00000006 edi=00000010 esp=0000089C
  IRQS raised 528 2 0 0 0 0 18 0 | acked 445 2 0 0 0 0 18 0
HEARTBEAT [FF03:0000B5FE] cpl=0 pm=0 v86=0 if=1 pic imr=BC isr=00 irr=00 | 3B 75 08 75 03 3B 4D 06 76 13 F6 45 05 40 74 03 | eax=00010002 ebx=00000001 ecx=00007269 edx=0000725A esi=00000001 edi=00000E8C esp=0000090C
  IRQS raised 565 2 0 0 0 0 18 0 | acked 482 2 0 0 0 0 18 0
HEARTBEAT [2289:00000448] cpl=0 pm=0 v86=0 if=1 pic imr=BC isr=00 irr=00 | 2B DF 81 FB 3F 11 73 D6 3A 45 FF 75 D1 53 8B D9 | eax=00007305 ebx=00000573 ecx=00000093 edx=00008073 esi=00000573 edi=0000056B esp=00000360
  IRQS raised 601 2 0 0 0 0 18 0 | acked 518 2 0 0 0 0 18 0
HEARTBEAT [2289:000005C5] cpl=0 pm=0 v86=0 if=1 pic imr=BC isr=00 irr=00 | 81 FB 1E 00 77 2A 8A 97 81 15 03 DB 8B 9F A0 15 | eax=00000000 ebx=00000001 ecx=00000D0C edx=00008001 esi=000056F0 edi=000023DC esp=0000022E
  IRQS raised 637 2 0 0 0 0 18 0 | acked 554 2 0 0 0 0 18 0
HEARTBEAT [2289:0000053A] cpl=0 pm=0 v86=0 if=1 pic imr=BC isr=00 irr=00 | 83 FB 40 73 26 C1 E3 02 8B F3 B1 10 2A CD D3 E6 | eax=00000008 ebx=0000001F ecx=00000B02 edx=00008003 esi=00000008 edi=00002392 esp=00000428
  IRQS raised 674 2 0 0 0 0 18 0 | acked 591 2 0 0 0 0 18 0
HEARTBEAT [2289:00000458] cpl=0 pm=0 v86=0 if=1 pic imr=BC isr=00 irr=00 | F3 A6 74 13 2B D9 4B 53 8A 64 FF 8A D4 E3 16 8A | eax=0000891D ebx=0000000C ecx=00000009 edx=00008089 esi=00000DFD edi=00000A07 esp=00000208
  IRQS raised 710 2 0 0 0 0 18 0 | acked 627 2 0 0 0 0 18 0
HEARTBEAT [D000:00001031] cpl=0 pm=0 v86=0 if=1 pic imr=BC isr=00 irr=00 | 30 DA AA EC 30 DA AA EC 30 DA AA EC 30 DA AA EC | eax=000000B0 ebx=0000FF08 ecx=000B00F1 edx=00000300 esi=00050010 edi=000061F4 esp=0000089A
  IRQS raised 747 2 0 0 0 0 18 0 | acked 664 2 0 0 0 0 18 0
HEARTBEAT [0EAF:000030D7] cpl=0 pm=0 v86=0 if=1 pic imr=BC isr=00 irr=00 | 33 DB AC 8A D8 F6 C2 20 75 03 AC 8A F8 66 0F BF | eax=00000027 ebx=00000001 ecx=00000000 edx=00000027 esi=0000083E edi=0000C000 esp=000066D2
  IRQS raised 783 2 0 0 0 0 18 0 | acked 700 2 0 0 0 0 18 0
HEARTBEAT [0EAF:000030EB] cpl=0 pm=0 v86=0 if=1 pic imr=BC isr=00 irr=00 | AC 8A D8 F6 C6 40 74 03 AC 8A F8 8A C6 24 03 3C | eax=00000005 ebx=00000000 ecx=00000000 edx=00000007 esi=0000081B edi=0000C000 esp=000066D2
  IRQS raised 819 2 0 0 0 0 18 0 | acked 736 2 0 0 0 0 18 0
HEARTBEAT [FF03:00007934] cpl=3 pm=1 v86=1 if=1 pic imr=B8 isr=00 irr=00 | 16 1F 89 36 8A 05 8B 1E 2C 03 89 1E B8 05 C6 06 | eax=20209001 ebx=C15200FE ecx=00000020 edx=C0360000 esi=C0361388 edi=C0360183 esp=00000916
  IRQS raised 858 2 0 0 0 0 18 0 | acked 768 2 0 0 0 0 18 0
  V86 SS:SP=00C9:0916 DS=00C9 ES=00C9 | 7798 9E93 1BA5 13B3 42E6 0000 0000 0000 0000 0000 0000 0000 
HEARTBEAT [0028:C0008AED] cpl=0 pm=1 v86=0 if=1 pic imr=B8 isr=00 irr=00 | 33 C0 87 51 10 87 41 18 03 41 14 39 49 04 75 47 | eax=C0FCE000 ebx=00000006 ecx=C0010918 edx=00000000 esi=C0FCE000 edi=C0FD09CC esp=C13B9D08
  IRQS raised 1003 2 0 0 0 0 18 0 | acked 913 2 0 0 0 0 18 0
HEARTBEAT [0028:C0220CB9] cpl=0 pm=1 v86=0 if=1 pic imr=B8 isr=00 irr=00 | 03 06 83 C6 04 49 75 F8 8B D0 C1 EA 10 5E C9 C3 | eax=7B7B4331 ebx=00000000 ecx=0000041D edx=C10D15CC esi=C10DE4E8 edi=00011000 esp=C13A1D6C
  IRQS raised 1149 2 0 0 0 0 18 0 | acked 1059 2 0 0 0 0 18 0
HEARTBEAT [D000:000012FC] cpl=3 pm=1 v86=1 if=1 pic imr=B8 isr=00 irr=00 | C3 30 F6 8A 5D 14 80 FB 08 72 20 80 FB 0A 76 0F | eax=00000880 ebx=0000FF08 ecx=0000036A edx=00000307 esi=00000008 edi=00000010 esp=0000088E
  IRQS raised 1294 2 0 0 0 0 18 0 | acked 1204 2 0 0 0 0 18 0
  V86 SS:SP=00C9:088E DS=0030 ES=0A0E | 124D 0EE7 171D 0300 0FD8 0020 0201 0600 0070 06CE 0070 00C8 
HEARTBEAT [FFFF:000013B5] cpl=3 pm=1 v86=1 if=1 pic imr=B8 isr=00 irr=00 | 77 19 3D 00 04 73 14 2E 88 16 E9 0D 2E A3 EA 0D | eax=00000000 ebx=00000000 ecx=00000040 edx=C0320008 esi=C10C0522 edi=202000C8 esp=000002DC
  IRQS raised 1440 2 0 0 0 0 18 0 | acked 1350 2 0 0 0 0 18 0
  V86 SS:SP=8C00:02DC DS=0070 ES=064B | 1223 00AE 0070 8C30 0070 2020 D0BC 1F70 02F6 0010 00F3 027A 
HEARTBEAT [0028:C0030146] cpl=0 pm=1 v86=0 if=1 pic imr=B8 isr=00 irr=00 | 50 53 51 52 56 8B C3 03 5E 08 8B 76 10 51 8A 4F | eax=00012040 ebx=00000006 ecx=00000001 edx=00008001 esi=C15DF600 edi=C0FFBA78 esp=C13A1BEC
  IRQS raised 1586 2 0 0 0 0 18 0 | acked 1496 2 0 0 0 0 18 0
[0117:0000B929] Illegal instruction 00008B55 (FF)
HEARTBEAT [D000:00001055] cpl=3 pm=1 v86=1 if=1 pic imr=B8 isr=00 irr=00 | 30 DA AA EC 30 DA AA EC 30 DA AA 49 74 03 E9 7A | eax=000000FF ebx=0000FF08 ecx=00000040 edx=C1350308 esi=C1590010 edi=0000081D esp=00000296
  IRQS raised 1731 2 0 0 0 0 18 0 | acked 1641 2 0 0 0 0 18 0
  V86 SS:SP=0F00:0296 DS=0030 ES=CC00 | 0F14 0008 171D 0300 0FD8 0020 0208 0000 0000 CC00 0070 00C8 
HEARTBEAT [0028:C0256436] cpl=0 pm=1 v86=0 if=1 pic imr=A8 isr=00 irr=00 | 72 06 8A E0 AC 49 E3 34 2B D2 66 3B 44 1A 24 73 | eax=00000054 ebx=C113D770 ecx=00000001 edx=C113D79C esi=C0FFC2CA edi=C0FFC2B8 esp=C13A1C30
  IRQS raised 1877 2 0 0 0 0 18 0 | acked 1787 2 0 0 0 0 18 0
HEARTBEAT [D000:0000103D] cpl=3 pm=1 v86=1 if=1 pic imr=A8 isr=00 irr=00 | 30 DA AA EC 30 DA AA EC 30 DA AA EC 30 DA AA EC | eax=00000030 ebx=0000FF08 ecx=00000001 edx=00000308 esi=00000010 edi=00000FF7 esp=00000296
  IRQS raised 2023 2 0 0 0 0 18 0 | acked 1933 2 0 0 0 0 18 0
  V86 SS:SP=0F00:0296 DS=0030 ES=CC00 | 0F14 0008 171D 0300 0FD8 0020 0208 0000 0000 CC00 0070 00C8 
HEARTBEAT [D000:00001168] cpl=3 pm=1 v86=1 if=1 pic imr=A8 isr=00 irr=00 | 88 E0 EE AD 30 DA 86 C4 EE 30 DA 88 E0 EE AD 30 | eax=0000504C ebx=0467FF08 ecx=00000018 edx=00110300 esi=00000086 edi=00000010 esp=00000294
  IRQS raised 2168 2 0 0 0 0 18 0 | acked 2078 2 0 0 0 0 18 0
  V86 SS:SP=0F00:0294 DS=CC20 ES=CC20 | 0F63 0030 0001 1731 0300 1142 0020 0201 0000 0000 CC20 0070 
HEARTBEAT [0028:C000323C] cpl=0 pm=1 v86=0 if=0 pic imr=A8 isr=00 irr=00 | 8D 50 04 8B 42 FC 85 C0 74 09 85 48 08 74 05 8B | eax=C0FD3844 ebx=C15200E8 ecx=80000042 edx=C0FD377C esi=00000000 edi=C0FD377C esp=C0ED4C58
  IRQS raised 2314 2 0 0 0 0 18 0 | acked 2224 2 0 0 0 0 18 0
HEARTBEAT [D000:00001176] cpl=3 pm=1 v86=1 if=1 pic imr=A8 isr=00 irr=00 | AD 30 DA 86 C4 EE 30 DA 88 E0 EE AD 30 DA 86 C4 | eax=00008585 ebx=06EFFF08 ecx=00000056 edx=00010300 esi=00000AA8 edi=141F0010 esp=00000294
  IRQS raised 2460 2 0 0 0 0 18 0 | acked 2370 2 0 0 0 0 18 0
  V86 SS:SP=0F00:0294 DS=CC00 ES=CC00 | 0F63 0030 0008 1731 0300 1142 0020 0208 0000 0000 CC00 0070 
HEARTBEAT [0028:C002B1CA] cpl=0 pm=1 v86=0 if=1 pic imr=A8 isr=00 irr=00 | 57 87 F3 0F B7 4F 20 8B 7D 14 E8 A5 0A 00 00 89 | eax=C1657000 ebx=C1657C00 ecx=00000009 edx=00000002 esi=C15E79C0 edi=C0FFBA78 esp=C0ED4D2C
  IRQS raised 2605 2 0 0 0 0 18 0 | acked 2515 2 0 0 0 0 18 0
HEARTBEAT [D000:00000CA7] cpl=3 pm=1 v86=1 if=1 pic imr=A8 isr=00 irr=00 | 1E 31 C9 8E D9 8B 0E 6C 04 1F C3 B0 06 B2 06 E8 | eax=00000880 ebx=06EFFF08 ecx=000004D6 edx=00010307 esi=00000000 edi=141F0010 esp=00000294
  IRQS raised 2751 2 0 0 0 0 18 0 | acked 2661 2 0 0 0 0 18 0
  V86 SS:SP=0F00:0294 DS=0030 ES=CC00 | 0C86 1258 0EE7 171D 0300 0FD8 0020 0208 0000 0000 CC00 0070 
HEARTBEAT [D000:00001187] cpl=3 pm=1 v86=1 if=1 pic imr=A8 isr=00 irr=00 | 30 DA 88 E0 EE AD 30 DA 86 C4 EE 30 DA 88 E0 EE | eax=C0FC0000 ebx=06EFFF08 ecx=000000A8 edx=00010308 esi=0000058C edi=141F0010 esp=00000294
  IRQS raised 2897 2 0 0 0 0 18 0 | acked 2807 2 0 0 0 0 18 0
  V86 SS:SP=0F00:0294 DS=CC00 ES=CC00 | 0F63 0030 0008 1731 0300 1142 0020 0208 0000 0000 CC00 0070 
HEARTBEAT [0028:C002DB91] cpl=0 pm=1 v86=0 if=1 pic imr=A8 isr=00 irr=00 | 75 04 C6 46 7E E5 B8 20 00 20 00 8D 7E 66 B9 0B | eax=00000000 ebx=C15DC8C0 ecx=C0FFC2C2 edx=C15DCA00 esi=C0FFC244 edi=C0FFC2CD esp=C0ED4CA4
  IRQS raised 3042 2 0 0 0 0 18 0 | acked 2952 2 0 0 0 0 18 0
HEARTBEAT [D000:00001021] cpl=3 pm=1 v86=1 if=1 pic imr=A8 isr=00 irr=00 | 30 DA AA EC 30 DA AA EC 30 DA AA EC 30 DA AA EC | eax=000000D2 ebx=06EFFF08 ecx=0000000A edx=00010300 esi=00000010 edi=141F0ED0 esp=00000296
  IRQS raised 3188 2 0 0 0 0 18 0 | acked 3098 2 0 0 0 0 18 0
  V86 SS:SP=0F00:0296 DS=0030 ES=CC00 | 0F14 0008 171D 0300 0FD8 0020 0208 0000 0000 CC00 0070 00C8 
HEARTBEAT [D000:00001171] cpl=3 pm=1 v86=1 if=1 pic imr=A8 isr=00 irr=00 | 30 DA 88 E0 EE AD 30 DA 86 C4 EE 30 DA 88 E0 EE | eax=80188E46 ebx=8018FF08 ecx=000000D1 edx=80180308 esi=000002F8 edi=80180010 esp=00000294
  IRQS raised 3334 2 0 0 0 0 18 0 | acked 3244 2 0 0 0 0 18 0
  V86 SS:SP=0F00:0294 DS=CC00 ES=CC00 | 0F63 0030 0008 1731 0300 1142 0020 0208 0000 0000 CC00 0070 
HEARTBEAT [0028:C002DB83] cpl=0 pm=1 v86=0 if=1 pic imr=A8 isr=00 irr=00 | 8D 33 A5 A5 66 A5 A4 8B 75 6C 80 7E 7E 05 75 04 | eax=00000000 ebx=C1648000 ecx=00003809 edx=C1648200 esi=C0FFC244 edi=C0FFC2C2 esp=C0ED4CA4
  IRQS raised 3479 2 0 0 0 0 18 0 | acked 3389 2 0 0 0 0 18 0
HEARTBEAT [D000:00000FED] cpl=3 pm=1 v86=1 if=1 pic imr=A8 isr=00 irr=00 | 30 DA AA EC 30 DA AA EC 30 DA AA EC 30 DA AA EC | eax=00000066 ebx=0000FF08 ecx=00000017 edx=C1350308 esi=C0FD0010 edi=C0FD0D23 esp=00000296
  IRQS raised 3625 2 0 0 0 0 18 0 | acked 3535 2 0 0 0 0 18 0
  V86 SS:SP=0F00:0296 DS=0030 ES=CC00 | 0F14 0008 171D 0300 0FD8 0020 0208 0000 0000 CC00 0070 00C8 
HEARTBEAT [0028:C0FD8AA7] cpl=0 pm=1 v86=0 if=1 pic imr=A8 isr=00 irr=00 | 0F B7 FF C1 E7 04 03 F9 59 C3 8B 3D 34 8E FD C0 | eax=C13A36BC ebx=C0FD5C44 ecx=00001388 edx=C13A36BC esi=C13A36BC edi=138800C9 esp=C0EDEBC4
  IRQS raised 3771 2 0 0 0 0 18 0 | acked 3681 2 0 0 0 0 18 0
HEARTBEAT [0028:C002DB8A] cpl=0 pm=1 v86=0 if=1 pic imr=A8 isr=00 irr=00 | 8B 75 6C 80 7E 7E 05 75 04 C6 46 7E E5 B8 20 00 | eax=00000000 ebx=C15DCDE0 ecx=C0FFC2C2 edx=C15DCE00 esi=C15DCDEB edi=C0FFC2CD esp=C0ED4C88
  IRQS raised 3916 2 0 0 0 0 18 0 | acked 3826 2 0 0 0 0 18 0
HEARTBEAT [0028:C0008EFF] cpl=0 pm=1 v86=0 if=0 pic imr=A8 isr=00 irr=00 | 0F 85 22 FF FF FF F6 47 01 10 74 1C E8 FC A6 FF | eax=FFFF01FF ebx=C15200E8 ecx=00000035 edx=C0FD3690 esi=C0FD3710 edi=C0FD377C esp=C0ED4E04
  IRQS raised 4062 2 0 0 0 0 18 0 | acked 3972 2 0 0 0 0 18 0
HEARTBEAT [0028:C0002C71] cpl=0 pm=1 v86=0 if=0 pic imr=A8 isr=00 irr=00 | 33 F6 89 70 08 89 70 0C 89 70 10 89 70 14 8B F0 | eax=C0FCEAF4 ebx=C15200E8 ecx=00000000 edx=C15200E8 esi=C10CD71C edi=C159F11C esp=C0ED4CF4
  IRQS raised 4208 2 0 0 0 0 18 0 | acked 4118 2 0 0 0 0 18 0
HEARTBEAT [0028:C0008F94] cpl=0 pm=1 v86=0 if=0 pic imr=A8 isr=00 irr=00 | 0F 85 43 FF FF FF F6 07 01 74 05 F6 C1 80 74 1C | eax=00000000 ebx=C15200E8 ecx=00000035 edx=C0FD3690 esi=C0FD3710 edi=C0FD377C esp=C0ED4E04
  IRQS raised 4353 2 0 0 0 0 18 0 | acked 4263 2 0 0 0 0 18 0
HEARTBEAT [0028:C0008F9D] cpl=0 pm=1 v86=0 if=0 pic imr=A8 isr=00 irr=00 | 74 05 F6 C1 80 74 1C A1 E4 06 01 C0 66 83 3D F0 | eax=00000000 ebx=C15200E8 ecx=00000035 edx=C0FD3690 esi=C0FD3710 edi=C0FD377C esp=C0ED4E04
  IRQS raised 4499 2 0 0 0 0 18 0 | acked 4409 2 0 0 0 0 18 0
HEARTBEAT [0028:C0008F40] cpl=0 pm=1 v86=0 if=0 pic imr=A8 isr=00 irr=00 | 81 3D 9C 0C 01 C0 98 0C 01 C0 74 3E FF 35 F0 E9 | eax=00000000 ebx=C15200E8 ecx=00000035 edx=C0FD3690 esi=C0FD3710 edi=C0FD377C esp=C0ED4E04
  IRQS raised 4644 2 0 0 0 0 18 0 | acked 4554 2 0 0 0 0 18 0
HEARTBEAT [0028:C0008F94] cpl=0 pm=1 v86=0 if=0 pic imr=A8 isr=00 irr=00 | 0F 85 43 FF FF FF F6 07 01 74 05 F6 C1 80 74 1C | eax=00000000 ebx=C15200E8 ecx=00000035 edx=C0FD3690 esi=C0FD3710 edi=C0FD377C esp=C0ED4E04
  IRQS raised 4790 2 0 0 0 0 18 0 | acked 4700 2 0 0 0 0 18 0
HEARTBEAT [0028:C0008FC0] cpl=0 pm=1 v86=0 if=0 pic imr=A8 isr=00 irr=00 | FB 90 90 FA E9 2D FF FF FF 51 33 C9 41 85 C0 74 | eax=00000000 ebx=C15200E8 ecx=00000035 edx=C0FD3690 esi=C0FD3710 edi=C0FD377C esp=C0ED4E04
  IRQS raised 4936 2 0 0 0 0 18 0 | acked 4846 2 0 0 0 0 18 0
HEARTBEAT [0028:C0008F4A] cpl=0 pm=1 v86=0 if=0 pic imr=A8 isr=00 irr=00 | 74 3E FF 35 F0 E9 00 C0 FB 90 8B 54 24 10 FA FF | eax=00000000 ebx=C15200E8 ecx=00000035 edx=C0FD3690 esi=C0FD3710 edi=C0FD377C esp=C0ED4E04
  IRQS raised 5081 2 0 0 0 0 18 0 | acked 4991 2 0 0 0 0 18 0
HEARTBEAT [0028:C0008ED7] cpl=0 pm=1 v86=0 if=0 pic imr=A8 isr=00 irr=00 | 80 7F CC 00 74 63 51 E8 DB 02 00 00 E8 89 0B 00 | eax=00000000 ebx=C15200E8 ecx=00000035 edx=C0FD3690 esi=C0FD3710 edi=C0FD377C esp=C0ED4E04
  IRQS raised 5227 2 0 0 0 0 18 0 | acked 5137 2 0 0 0 0 18 0
HEARTBEAT [0028:C0008F94] cpl=0 pm=1 v86=0 if=0 pic imr=A8 isr=00 irr=00 | 0F 85 43 FF FF FF F6 07 01 74 05 F6 C1 80 74 1C | eax=00000000 ebx=C15200E8 ecx=00000035 edx=C0FD3690 esi=C0FD3710 edi=C0FD377C esp=C0ED4E04
  IRQS raised 5373 2 0 0 0 0 18 0 | acked 5283 2 0 0 0 0 18 0
HEARTBEAT [0028:C0008F40] cpl=0 pm=1 v86=0 if=0 pic imr=A8 isr=00 irr=00 | 81 3D 9C 0C 01 C0 98 0C 01 C0 74 3E FF 35 F0 E9 | eax=00000000 ebx=C15200E8 ecx=00000035 edx=C0FD3690 esi=C0FD3710 edi=C0FD377C esp=C0ED4E04
  IRQS raised 5518 2 0 0 0 0 18 0 | acked 5428 2 0 0 0 0 18 0
HEARTBEAT [0028:C0008ED7] cpl=0 pm=1 v86=0 if=0 pic imr=A8 isr=00 irr=00 | 80 7F CC 00 74 63 51 E8 DB 02 00 00 E8 89 0B 00 | eax=00000000 ebx=C15200E8 ecx=00000035 edx=C0FD3690 esi=C0FD3710 edi=C0FD377C esp=C0ED4E04
  IRQS raised 5664 2 0 0 0 0 18 0 | acked 5574 2 0 0 0 0 18 0
HEARTBEAT [0028:C0008C1B] cpl=0 pm=1 v86=0 if=0 pic imr=A8 isr=00 irr=00 | 48 C0 EC 07 C3 53 F6 07 04 75 34 81 7F 3C 00 00 | eax=00000000 ebx=C15200E8 ecx=00000035 edx=C0FD3690 esi=C0FD3710 edi=C0FD377C esp=C0ED4E00
  IRQS raised 5810 2 0 0 0 0 18 0 | acked 5720 2 0 0 0 0 18 0
HEARTBEAT [0028:C0008F9D] cpl=0 pm=1 v86=0 if=0 pic imr=A8 isr=00 irr=00 | 74 05 F6 C1 80 74 1C A1 E4 06 01 C0 66 83 3D F0 | eax=00000000 ebx=C15200E8 ecx=00000035 edx=C0FD3690 esi=C0FD3710 edi=C0FD377C esp=C0ED4E04
  IRQS raised 5955 2 0 0 0 0 18 0 | acked 5865 2 0 0 0 0 18 0
HEARTBEAT [0028:C0008E30] cpl=0 pm=1 v86=0 if=0 pic imr=A8 isr=00 irr=00 | F6 07 01 0F 84 83 00 00 00 33 C0 E8 2D A3 FF FF | eax=FFFF01FF ebx=C15200E8 ecx=00000035 edx=C0FD3690 esi=C0FD3710 edi=C0FD377C esp=C0ED4E04
  IRQS raised 6101 2 0 0 0 0 18 0 | acked 6011 2 0 0 0 0 18 0
HEARTBEAT [0028:C0008F94] cpl=0 pm=1 v86=0 if=0 pic imr=A8 isr=00 irr=00 | 0F 85 43 FF FF FF F6 07 01 74 05 F6 C1 80 74 1C | eax=00000000 ebx=C15200E8 ecx=00000035 edx=C0FD3690 esi=C0FD3710 edi=C0FD377C esp=C0ED4E04
  IRQS raised 6247 2 0 0 0 0 18 0 | acked 6157 2 0 0 0 0 18 0
HEARTBEAT [0028:C0003172] cpl=0 pm=1 v86=0 if=0 pic imr=A8 isr=00 irr=00 | 3B 05 F0 E9 00 C0 75 0A 5E C3 48 5E C3 33 C0 56 | eax=00000000 ebx=C15200E8 ecx=00000035 edx=C0FD3690 esi=00000000 edi=C0FD377C esp=C0ED4DFC
  IRQS raised 6392 2 0 0 0 0 18 0 | acked 6302 2 0 0 0 0 18 0
HEARTBEAT [0028:C0008E40] cpl=0 pm=1 v86=0 if=0 pic imr=A8 isr=00 irr=00 | 0F 84 91 00 00 00 F6 C1 20 75 48 F6 40 08 02 74 | eax=00000000 ebx=C15200E8 ecx=00000035 edx=C0FD3690 esi=C0FD3710 edi=C0FD377C esp=C0ED4E04
  IRQS raised 6538 2 0 0 0 0 18 0 | acked 6448 2 0 0 0 0 18 0
HEARTBEAT [0028:C0008F9F] cpl=0 pm=1 v86=0 if=0 pic imr=A8 isr=00 irr=00 | F6 C1 80 74 1C A1 E4 06 01 C0 66 83 3D F0 E9 00 | eax=00000000 ebx=C15200E8 ecx=00000035 edx=C0FD3690 esi=C0FD3710 edi=C0FD377C esp=C0ED4E04
  IRQS raised 6684 2 0 0 0 0 18 0 | acked 6594 2 0 0 0 0 18 0
HEARTBEAT [0028:C000316D] cpl=0 pm=1 v86=0 if=0 pic imr=A8 isr=00 irr=00 | 56 8B F0 33 C0 3B 05 F0 E9 00 C0 75 0A 5E C3 48 | eax=00000000 ebx=C15200E8 ecx=00000035 edx=C0FD3690 esi=C0FD3710 edi=C0FD377C esp=C0ED4E00
  IRQS raised 6829 2 0 0 0 0 18 0 | acked 6739 2 0 0 0 0 18 0
HEARTBEAT [0028:C0008E30] cpl=0 pm=1 v86=0 if=0 pic imr=A8 isr=00 irr=00 | F6 07 01 0F 84 83 00 00 00 33 C0 E8 2D A3 FF FF | eax=FFFF01FF ebx=C15200E8 ecx=00000035 edx=C0FD3690 esi=C0FD3710 edi=C0FD377C esp=C0ED4E04
  IRQS raised 6975 2 0 0 0 0 18 0 | acked 6885 2 0 0 0 0 18 0
HEARTBEAT [0028:C0008EF6] cpl=0 pm=1 v86=0 if=0 pic imr=A8 isr=00 irr=00 | FA 8B 54 24 0C FF 54 24 08 0F 85 22 FF FF FF F6 | eax=00000000 ebx=C15200E8 ecx=00000035 edx=C0FD3690 esi=C0FD3710 edi=C0FD377C esp=C0ED4E04
  IRQS raised 7121 2 0 0 0 0 18 0 | acked 7031 2 0 0 0 0 18 0
HEARTBEAT [0028:C0008E27] cpl=0 pm=1 v86=0 if=0 pic imr=A8 isr=00 irr=00 | 8B 1D 1C 07 01 C0 80 E1 7F F6 07 01 0F 84 83 00 | eax=FFFF01FF ebx=C15200E8 ecx=00000035 edx=C0FD3690 esi=C0FD3710 edi=C0FD377C esp=C0ED4E04
  IRQS raised 7266 2 0 0 0 0 18 0 | acked 7176 2 0 0 0 0 18 0
HEARTBEAT [0028:C0008EF6] cpl=0 pm=1 v86=0 if=0 pic imr=A8 isr=00 irr=00 | FA 8B 54 24 0C FF 54 24 08 0F 85 22 FF FF FF F6 | eax=00000000 ebx=C15200E8 ecx=00000035 edx=C0FD3690 esi=C0FD3710 edi=C0FD377C esp=C0ED4E04
  IRQS raised 7412 2 0 0 0 0 18 0 | acked 7322 2 0 0 0 0 18 0
HEARTBEAT [0028:C022BE43] cpl=0 pm=1 v86=0 if=1 pic imr=A8 isr=00 irr=00 | 8C D0 8E D8 89 75 30 FF E2 B9 60 D3 00 C0 26 8B | eax=C0001300 ebx=C15200E8 ecx=00000000 edx=C023CC4C esi=8018FB0C edi=C0ED4E98 esp=C0ED4E78
  IRQS raised 7558 2 0 0 0 0 18 0 | acked 7468 2 0 0 0 0 18 0
HEARTBEAT [0028:C0008E27] cpl=0 pm=1 v86=0 if=0 pic imr=A8 isr=00 irr=00 | 8B 1D 1C 07 01 C0 80 E1 7F F6 07 01 0F 84 83 00 | eax=FFFF01FF ebx=C15200E8 ecx=00000035 edx=C0FD3690 esi=C0FD3710 edi=C0FD377C esp=C0ED4E04
  IRQS raised 7703 2 0 0 0 0 18 0 | acked 7613 2 0 0 0 0 18 0
HEARTBEAT [0028:C0008EDB] cpl=0 pm=1 v86=0 if=0 pic imr=A8 isr=00 irr=00 | 74 63 51 E8 DB 02 00 00 E8 89 0B 00 00 59 FB EB | eax=00000000 ebx=C15200E8 ecx=00000035 edx=C0FD3690 esi=C0FD3710 edi=C0FD377C esp=C0ED4E04
  IRQS raised 7849 2 0 0 0 0 18 0 | acked 7759 2 0 0 0 0 18 0
HEARTBEAT [0028:C0008F4A] cpl=0 pm=1 v86=0 if=0 pic imr=A8 isr=00 irr=00 | 74 3E FF 35 F0 E9 00 C0 FB 90 8B 54 24 10 FA FF | eax=00000000 ebx=C15200E8 ecx=00000035 edx=C0FD3690 esi=C0FD3710 edi=C0FD377C esp=C0ED4E04
  IRQS raised 7994 2 0 0 0 0 18 0 | acked 7904 2 0 0 0 0 18 0
HEARTBEAT [0028:C0008F4A] cpl=0 pm=1 v86=0 if=0 pic imr=A8 isr=00 irr=00 | 74 3E FF 35 F0 E9 00 C0 FB 90 8B 54 24 10 FA FF | eax=00000000 ebx=C15200E8 ecx=00000035 edx=C0FD3690 esi=C0FD3710 edi=C0FD377C esp=C0ED4E04
  IRQS raised 8140 2 0 0 0 0 18 0 | acked 8050 2 0 0 0 0 18 0
HEARTBEAT [0028:C0008E27] cpl=0 pm=1 v86=0 if=0 pic imr=A8 isr=00 irr=00 | 8B 1D 1C 07 01 C0 80 E1 7F F6 07 01 0F 84 83 00 | eax=FFFF01FF ebx=C15200E8 ecx=00000035 edx=C0FD3690 esi=C0FD3710 edi=C0FD377C esp=C0ED4E04
  IRQS raised 8286 2 0 0 0 0 18 0 | acked 8196 2 0 0 0 0 18 0
HEARTBEAT [0028:C0008EF6] cpl=0 pm=1 v86=0 if=0 pic imr=A8 isr=00 irr=00 | FA 8B 54 24 0C FF 54 24 08 0F 85 22 FF FF FF F6 | eax=00000000 ebx=C15200E8 ecx=00000035 edx=C0FD3690 esi=C0FD3710 edi=C0FD377C esp=C0ED4E04
  IRQS raised 8431 2 0 0 0 0 18 0 | acked 8341 2 0 0 0 0 18 0
HEARTBEAT [0028:C0008E40] cpl=0 pm=1 v86=0 if=0 pic imr=A8 isr=00 irr=00 | 0F 84 91 00 00 00 F6 C1 20 75 48 F6 40 08 02 74 | eax=00000000 ebx=C15200E8 ecx=00000035 edx=C0FD3690 esi=C0FD3710 edi=C0FD377C esp=C0ED4E04
  IRQS raised 8577 2 0 0 0 0 18 0 | acked 8487 2 0 0 0 0 18 0
HEARTBEAT [0028:C0008F94] cpl=0 pm=1 v86=0 if=0 pic imr=A8 isr=00 irr=00 | 0F 85 43 FF FF FF F6 07 01 74 05 F6 C1 80 74 1C | eax=00000000 ebx=C15200E8 ecx=00000035 edx=C0FD3690 esi=C0FD3710 edi=C0FD377C esp=C0ED4E04
  IRQS raised 8723 2 0 0 0 0 18 0 | acked 8633 2 0 0 0 0 18 0
HEARTBEAT [0028:C0008E27] cpl=0 pm=1 v86=0 if=0 pic imr=A8 isr=00 irr=00 | 8B 1D 1C 07 01 C0 80 E1 7F F6 07 01 0F 84 83 00 | eax=FFFF01FF ebx=C15200E8 ecx=00000035 edx=C0FD3690 esi=C0FD3710 edi=C0FD377C esp=C0ED4E04
  IRQS raised 8868 2 0 0 0 0 18 0 | acked 8778 2 0 0 0 0 18 0
HEARTBEAT [0028:C0008ED7] cpl=0 pm=1 v86=0 if=0 pic imr=A8 isr=00 irr=00 | 80 7F CC 00 74 63 51 E8 DB 02 00 00 E8 89 0B 00 | eax=00000000 ebx=C15200E8 ecx=00000035 edx=C0FD3690 esi=C0FD3710 edi=C0FD377C esp=C0ED4E04
  IRQS raised 9014 2 0 0 0 0 18 0 | acked 8924 2 0 0 0 0 18 0
HEARTBEAT [0028:C000317A] cpl=0 pm=1 v86=0 if=0 pic imr=A8 isr=00 irr=00 | 5E C3 48 5E C3 33 C0 56 33 F6 8B 6B 08 39 05 F4 | eax=00000000 ebx=C15200E8 ecx=00000035 edx=C0FD3690 esi=00000000 edi=C0FD377C esp=C0ED4DFC
  IRQS raised 9160 2 0 0 0 0 18 0 | acked 9070 2 0 0 0 0 18 0
HEARTBEAT [0028:C0008ED7] cpl=0 pm=1 v86=0 if=0 pic imr=A8 isr=00 irr=00 | 80 7F CC 00 74 63 51 E8 DB 02 00 00 E8 89 0B 00 | eax=00000000 ebx=C15200E8 ecx=00000035 edx=C0FD3690 esi=C0FD3710 edi=C0FD377C esp=C0ED4E04
  IRQS raised 9305 2 0 0 0 0 18 0 | acked 9215 2 0 0 0 0 18 0
HEARTBEAT [0028:C0008EF6] cpl=0 pm=1 v86=0 if=0 pic imr=A8 isr=00 irr=00 | FA 8B 54 24 0C FF 54 24 08 0F 85 22 FF FF FF F6 | eax=00000000 ebx=C15200E8 ecx=00000035 edx=C0FD3690 esi=C0FD3710 edi=C0FD377C esp=C0ED4E04
  IRQS raised 9451 2 0 0 0 0 18 0 | acked 9361 2 0 0 0 0 18 0
HEARTBEAT [0028:C0008ED7] cpl=0 pm=1 v86=0 if=0 pic imr=A8 isr=00 irr=00 | 80 7F CC 00 74 63 51 E8 DB 02 00 00 E8 89 0B 00 | eax=00000000 ebx=C15200E8 ecx=00000035 edx=C0FD3690 esi=C0FD3710 edi=C0FD377C esp=C0ED4E04
  IRQS raised 9597 2 0 0 0 0 18 0 | acked 9507 2 0 0 0 0 18 0
HEARTBEAT [0028:C000316D] cpl=0 pm=1 v86=0 if=0 pic imr=A8 isr=00 irr=00 | 56 8B F0 33 C0 3B 05 F0 E9 00 C0 75 0A 5E C3 48 | eax=00000000 ebx=C15200E8 ecx=00000035 edx=C0FD3690 esi=C0FD3710 edi=C0FD377C esp=C0ED4E00
  IRQS raised 9742 2 0 0 0 0 18 0 | acked 9652 2 0 0 0 0 18 0
HEARTBEAT [0028:C0008C1F] cpl=0 pm=1 v86=0 if=0 pic imr=A8 isr=00 irr=00 | C3 53 F6 07 04 75 34 81 7F 3C 00 00 10 00 73 1D | eax=FFFF01FF ebx=C15200E8 ecx=00000035 edx=C0FD3690 esi=C0FD3710 edi=C0FD377C esp=C0ED4E00
  IRQS raised 9888 2 0 0 0 0 18 0 | acked 9798 2 0 0 0 0 18 0
HEARTBEAT [0028:C0008C1B] cpl=0 pm=1 v86=0 if=0 pic imr=A8 isr=00 irr=00 | 48 C0 EC 07 C3 53 F6 07 04 75 34 81 7F 3C 00 00 | eax=00000000 ebx=C15200E8 ecx=00000035 edx=C0FD3690 esi=C0FD3710 edi=C0FD377C esp=C0ED4E00
  IRQS raised 10034 2 0 0 0 0 18 0 | acked 9944 2 0 0 0 0 18 0
HEARTBEAT [0028:C000317A] cpl=0 pm=1 v86=0 if=0 pic imr=A8 isr=00 irr=00 | 5E C3 48 5E C3 33 C0 56 33 F6 8B 6B 08 39 05 F4 | eax=00000000 ebx=C15200E8 ecx=00000035 edx=C0FD3690 esi=00000000 edi=C0FD377C esp=C0ED4DFC
  IRQS raised 10179 2 0 0 0 0 18 0 | acked 10089 2 0 0 0 0 18 0
HEARTBEAT [0028:C0008F4A] cpl=0 pm=1 v86=0 if=0 pic imr=A8 isr=00 irr=00 | 74 3E FF 35 F0 E9 00 C0 FB 90 8B 54 24 10 FA FF | eax=00000000 ebx=C15200E8 ecx=00000035 edx=C0FD3690 esi=C0FD3710 edi=C0FD377C esp=C0ED4E04
  IRQS raised 10325 2 0 0 0 0 18 0 | acked 10235 2 0 0 0 0 18 0
HEARTBEAT [0028:C0008EDB] cpl=0 pm=1 v86=0 if=0 pic imr=A8 isr=00 irr=00 | 74 63 51 E8 DB 02 00 00 E8 89 0B 00 00 59 FB EB | eax=00000000 ebx=C15200E8 ecx=00000035 edx=C0FD3690 esi=C0FD3710 edi=C0FD377C esp=C0ED4E04
  IRQS raised 10471 2 0 0 0 0 18 0 | acked 10381 2 0 0 0 0 18 0
HEARTBEAT [0028:C0008F40] cpl=0 pm=1 v86=0 if=0 pic imr=A8 isr=00 irr=00 | 81 3D 9C 0C 01 C0 98 0C 01 C0 74 3E FF 35 F0 E9 | eax=00000000 ebx=C15200E8 ecx=00000035 edx=C0FD3690 esi=C0FD3710 edi=C0FD377C esp=C0ED4E04
  IRQS raised 10616 2 0 0 0 0 18 0 | acked 10526 2 0 0 0 0 18 0
HEARTBEAT [0028:C0008F4A] cpl=0 pm=1 v86=0 if=0 pic imr=A8 isr=00 irr=00 | 74 3E FF 35 F0 E9 00 C0 FB 90 8B 54 24 10 FA FF | eax=00000000 ebx=C15200E8 ecx=00000035 edx=C0FD3690 esi=C0FD3710 edi=C0FD377C esp=C0ED4E04
  IRQS raised 10762 2 0 0 0 0 18 0 | acked 10672 2 0 0 0 0 18 0
HEARTBEAT [0028:C0FCE476] cpl=0 pm=1 v86=0 if=1 pic imr=A8 isr=00 irr=00 | 8B 1D 1C 07 01 C0 0F 82 16 FD FF FF C3 47 00 00 | eax=0000001C ebx=C15200E8 ecx=81514470 edx=81516968 esi=C003561D edi=00000471 esp=C0ED4D2C
  IRQS raised 10908 2 0 0 0 0 18 0 | acked 10818 2 0 0 0 0 18 0
HEARTBEAT [0028:C0008C1B] cpl=0 pm=1 v86=0 if=0 pic imr=A8 isr=00 irr=00 | 48 C0 EC 07 C3 53 F6 07 04 75 34 81 7F 3C 00 00 | eax=00000000 ebx=C15200E8 ecx=00000035 edx=C0FD3690 esi=C0FD3710 edi=C0FD377C esp=C0ED4E00
  IRQS raised 11053 2 0 0 0 0 18 0 | acked 10963 2 0 0 0 0 18 0
HEARTBEAT [0028:C0008EDB] cpl=0 pm=1 v86=0 if=0 pic imr=A8 isr=00 irr=00 | 74 63 51 E8 DB 02 00 00 E8 89 0B 00 00 59 FB EB | eax=00000000 ebx=C15200E8 ecx=00000035 edx=C0FD3690 esi=C0FD3710 edi=C0FD377C esp=C0ED4E04
  IRQS raised 11199 2 0 0 0 0 18 0 | acked 11109 2 0 0 0 0 18 0
HEARTBEAT [0028:C000316D] cpl=0 pm=1 v86=0 if=0 pic imr=A8 isr=00 irr=00 | 56 8B F0 33 C0 3B 05 F0 E9 00 C0 75 0A 5E C3 48 | eax=00000000 ebx=C15200E8 ecx=00000035 edx=C0FD3690 esi=C0FD3710 edi=C0FD377C esp=C0ED4E00
  IRQS raised 11344 2 0 0 0 0 18 0 | acked 11254 2 0 0 0 0 18 0
HEARTBEAT [0028:C000316D] cpl=0 pm=1 v86=0 if=0 pic imr=A8 isr=00 irr=00 | 56 8B F0 33 C0 3B 05 F0 E9 00 C0 75 0A 5E C3 48 | eax=00000000 ebx=C15200E8 ecx=00000035 edx=C0FD3690 esi=C0FD3710 edi=C0FD377C esp=C0ED4E00
  IRQS raised 11490 2 0 0 0 0 18 0 | acked 11400 2 0 0 0 0 18 0
HEARTBEAT [0028:C000316D] cpl=0 pm=1 v86=0 if=0 pic imr=A8 isr=00 irr=00 | 56 8B F0 33 C0 3B 05 F0 E9 00 C0 75 0A 5E C3 48 | eax=00000000 ebx=C15200E8 ecx=00000035 edx=C0FD3690 esi=C0FD3710 edi=C0FD377C esp=C0ED4E00
  IRQS raised 11636 2 0 0 0 0 18 0 | acked 11546 2 0 0 0 0 18 0
HEARTBEAT [0028:C000316D] cpl=0 pm=1 v86=0 if=0 pic imr=A8 isr=00 irr=00 | 56 8B F0 33 C0 3B 05 F0 E9 00 C0 75 0A 5E C3 48 | eax=00000000 ebx=C15200E8 ecx=00000035 edx=C0FD3690 esi=C0FD3710 edi=C0FD377C esp=C0ED4E00
  IRQS raised 11781 2 0 0 0 0 18 0 | acked 11691 2 0 0 0 0 18 0
HEARTBEAT [0028:C0008C18] cpl=0 pm=1 v86=0 if=0 pic imr=A8 isr=00 irr=00 | 66 8B 06 48 C0 EC 07 C3 53 F6 07 04 75 34 81 7F | eax=00000000 ebx=C15200E8 ecx=00000035 edx=C0FD3690 esi=C0FD3710 edi=C0FD377C esp=C0ED4E00
  IRQS raised 11927 2 0 0 0 0 18 0 | acked 11837 2 0 0 0 0 18 0
HEARTBEAT [0028:C0008F9F] cpl=0 pm=1 v86=0 if=0 pic imr=A8 isr=00 irr=00 | F6 C1 80 74 1C A1 E4 06 01 C0 66 83 3D F0 E9 00 | eax=00000000 ebx=C15200E8 ecx=00000035 edx=C0FD3690 esi=C0FD3710 edi=C0FD377C esp=C0ED4E04
  IRQS raised 12073 2 0 0 0 0 18 0 | acked 11983 2 0 0 0 0 18 0
HEARTBEAT [0028:C0008F40] cpl=0 pm=1 v86=0 if=0 pic imr=A8 isr=00 irr=00 | 81 3D 9C 0C 01 C0 98 0C 01 C0 74 3E FF 35 F0 E9 | eax=00000000 ebx=C15200E8 ecx=00000035 edx=C0FD3690 esi=C0FD3710 edi=C0FD377C esp=C0ED4E04
  IRQS raised 12218 2 0 0 0 0 18 0 | acked 12128 2 0 0 0 0 18 0
HEARTBEAT [0028:C000316D] cpl=0 pm=1 v86=0 if=0 pic imr=A8 isr=00 irr=00 | 56 8B F0 33 C0 3B 05 F0 E9 00 C0 75 0A 5E C3 48 | eax=00000000 ebx=C15200E8 ecx=00000035 edx=C0FD3690 esi=C0FD3710 edi=C0FD377C esp=C0ED4E00
  IRQS raised 12364 2 0 0 0 0 18 0 | acked 12274 2 0 0 0 0 18 0
HEARTBEAT [0028:C0008F9F] cpl=0 pm=1 v86=0 if=0 pic imr=A8 isr=00 irr=00 | F6 C1 80 74 1C A1 E4 06 01 C0 66 83 3D F0 E9 00 | eax=00000000 ebx=C15200E8 ecx=00000035 edx=C0FD3690 esi=C0FD3710 edi=C0FD377C esp=C0ED4E04
  IRQS raised 12510 2 0 0 0 0 18 0 | acked 12420 2 0 0 0 0 18 0
HEARTBEAT [0028:C0008F94] cpl=0 pm=1 v86=0 if=0 pic imr=A8 isr=00 irr=00 | 0F 85 43 FF FF FF F6 07 01 74 05 F6 C1 80 74 1C | eax=00000000 ebx=C15200E8 ecx=00000035 edx=C0FD3690 esi=C0FD3710 edi=C0FD377C esp=C0ED4E04
  IRQS raised 12655 2 0 0 0 0 18 0 | acked 12565 2 0 0 0 0 18 0
HEARTBEAT [0028:C0003178] cpl=0 pm=1 v86=0 if=0 pic imr=A8 isr=00 irr=00 | 75 0A 5E C3 48 5E C3 33 C0 56 33 F6 8B 6B 08 39 | eax=00000000 ebx=C15200E8 ecx=00000035 edx=C0FD3690 esi=00000000 edi=C0FD377C esp=C0ED4DFC
  IRQS raised 12801 2 0 0 0 0 18 0 | acked 12711 2 0 0 0 0 18 0
HEARTBEAT [0028:C0008C18] cpl=0 pm=1 v86=0 if=0 pic imr=A8 isr=00 irr=00 | 66 8B 06 48 C0 EC 07 C3 53 F6 07 04 75 34 81 7F | eax=00000000 ebx=C15200E8 ecx=00000035 edx=C0FD3690 esi=C0FD3710 edi=C0FD377C esp=C0ED4E00
  IRQS raised 12947 2 0 0 0 0 18 0 | acked 12857 2 0 0 0 0 18 0
HEARTBEAT [0028:C0008E30] cpl=0 pm=1 v86=0 if=0 pic imr=A8 isr=00 irr=00 | F6 07 01 0F 84 83 00 00 00 33 C0 E8 2D A3 FF FF | eax=FFFF01FF ebx=C15200E8 ecx=00000035 edx=C0FD3690 esi=C0FD3710 edi=C0FD377C esp=C0ED4E04
  IRQS raised 13092 2 0 0 0 0 18 0 | acked 13002 2 0 0 0 0 18 0
HEARTBEAT [0028:C0008FA2] cpl=0 pm=1 v86=0 if=0 pic imr=A8 isr=00 irr=00 | 74 1C A1 E4 06 01 C0 66 83 3D F0 E9 00 C0 00 75 | eax=00000000 ebx=C15200E8 ecx=00000035 edx=C0FD3690 esi=C0FD3710 edi=C0FD377C esp=C0ED4E04
  IRQS raised 13238 2 0 0 0 0 18 0 | acked 13148 2 0 0 0 0 18 0
HEARTBEAT [0028:C0008EF7] cpl=0 pm=1 v86=0 if=0 pic imr=A8 isr=00 irr=00 | 8B 54 24 0C FF 54 24 08 0F 85 22 FF FF FF F6 47 | eax=00000000 ebx=C15200E8 ecx=00000035 edx=C0FD3690 esi=C0FD3710 edi=C0FD377C esp=C0ED4E04
  IRQS raised 13384 2 0 0 0 0 18 0 | acked 13294 2 0 0 0 0 18 0
HEARTBEAT [0028:C0008C1F] cpl=0 pm=1 v86=0 if=0 pic imr=A8 isr=00 irr=00 | C3 53 F6 07 04 75 34 81 7F 3C 00 00 10 00 73 1D | eax=FFFF01FF ebx=C15200E8 ecx=00000035 edx=C0FD3690 esi=C0FD3710 edi=C0FD377C esp=C0ED4E00
  IRQS raised 13529 2 0 0 0 0 18 0 | acked 13439 2 0 0 0 0 18 0
HEARTBEAT [0028:C0008EF6] cpl=0 pm=1 v86=0 if=0 pic imr=A8 isr=00 irr=00 | FA 8B 54 24 0C FF 54 24 08 0F 85 22 FF FF FF F6 | eax=00000000 ebx=C15200E8 ecx=00000035 edx=C0FD3690 esi=C0FD3710 edi=C0FD377C esp=C0ED4E04
  IRQS raised 13675 2 0 0 0 0 18 0 | acked 13585 2 0 0 0 0 18 0
HEARTBEAT [0028:C0008E2D] cpl=0 pm=1 v86=0 if=0 pic imr=A8 isr=00 irr=00 | 80 E1 7F F6 07 01 0F 84 83 00 00 00 33 C0 E8 2D | eax=FFFF01FF ebx=C15200E8 ecx=00000035 edx=C0FD3690 esi=C0FD3710 edi=C0FD377C esp=C0ED4E04
  IRQS raised 13821 2 0 0 0 0 18 0 | acked 13731 2 0 0 0 0 18 0
HEARTBEAT [0028:C000317B] cpl=0 pm=1 v86=0 if=0 pic imr=A8 isr=00 irr=00 | C3 48 5E C3 33 C0 56 33 F6 8B 6B 08 39 05 F4 E9 | eax=00000000 ebx=C15200E8 ecx=00000035 edx=C0FD3690 esi=C0FD3710 edi=C0FD377C esp=C0ED4E00
  IRQS raised 13966 2 0 0 0 0 18 0 | acked 13876 2 0 0 0 0 18 0
HEARTBEAT [0028:C0008ED7] cpl=0 pm=1 v86=0 if=0 pic imr=A8 isr=00 irr=00 | 80 7F CC 00 74 63 51 E8 DB 02 00 00 E8 89 0B 00 | eax=00000000 ebx=C15200E8 ecx=00000035 edx=C0FD3690 esi=C0FD3710 edi=C0FD377C esp=C0ED4E04
  IRQS raised 14112 2 0 0 0 0 18 0 | acked 14022 2 0 0 0 0 18 0
HEARTBEAT [0028:C0003178] cpl=0 pm=1 v86=0 if=0 pic imr=A8 isr=00 irr=00 | 75 0A 5E C3 48 5E C3 33 C0 56 33 F6 8B 6B 08 39 | eax=00000000 ebx=C15200E8 ecx=00000035 edx=C0FD3690 esi=00000000 edi=C0FD377C esp=C0ED4DFC
  IRQS raised 14258 2 0 0 0 0 18 0 | acked 14168 2 0 0 0 0 18 0
HEARTBEAT [0028:C0008E39] cpl=0 pm=1 v86=0 if=0 pic imr=A8 isr=00 irr=00 | 33 C0 E8 2D A3 FF FF 0F 84 91 00 00 00 F6 C1 20 | eax=FFFF01FF ebx=C15200E8 ecx=00000035 edx=C0FD3690 esi=C0FD3710 edi=C0FD377C esp=C0ED4E04
  IRQS raised 14403 2 0 0 0 0 18 0 | acked 14313 2 0 0 0 0 18 0
HEARTBEAT [0028:C000317A] cpl=0 pm=1 v86=0 if=0 pic imr=A8 isr=00 irr=00 | 5E C3 48 5E C3 33 C0 56 33 F6 8B 6B 08 39 05 F4 | eax=00000000 ebx=C15200E8 ecx=00000035 edx=C0FD3690 esi=00000000 edi=C0FD377C esp=C0ED4DFC
  IRQS raised 14549 2 0 0 0 0 18 0 | acked 14459 2 0 0 0 0 18 0
HEARTBEAT [0028:C000316D] cpl=0 pm=1 v86=0 if=0 pic imr=A8 isr=00 irr=00 | 56 8B F0 33 C0 3B 05 F0 E9 00 C0 75 0A 5E C3 48 | eax=00000000 ebx=C15200E8 ecx=00000035 edx=C0FD3690 esi=C0FD3710 edi=C0FD377C esp=C0ED4E00
  IRQS raised 14694 2 0 0 0 0 18 0 | acked 14604 2 0 0 0 0 18 0
HEARTBEAT [0028:C0008E27] cpl=0 pm=1 v86=0 if=0 pic imr=A8 isr=00 irr=00 | 8B 1D 1C 07 01 C0 80 E1 7F F6 07 01 0F 84 83 00 | eax=FFFF01FF ebx=C15200E8 ecx=00000035 edx=C0FD3690 esi=C0FD3710 edi=C0FD377C esp=C0ED4E04
  IRQS raised 14840 2 0 0 0 0 18 0 | acked 14750 2 0 0 0 0 18 0
HEARTBEAT [0028:C0008C1F] cpl=0 pm=1 v86=0 if=0 pic imr=A8 isr=00 irr=00 | C3 53 F6 07 04 75 34 81 7F 3C 00 00 10 00 73 1D | eax=FFFF01FF ebx=C15200E8 ecx=00000035 edx=C0FD3690 esi=C0FD3710 edi=C0FD377C esp=C0ED4E00
  IRQS raised 14986 2 0 0 0 0 18 0 | acked 14896 2 0 0 0 0 18 0
HEARTBEAT [0028:C0008F94] cpl=0 pm=1 v86=0 if=0 pic imr=A8 isr=00 irr=00 | 0F 85 43 FF FF FF F6 07 01 74 05 F6 C1 80 74 1C | eax=00000000 ebx=C15200E8 ecx=00000035 edx=C0FD3690 esi=C0FD3710 edi=C0FD377C esp=C0ED4E04
  IRQS raised 15131 2 0 0 0 0 18 0 | acked 15041 2 0 0 0 0 18 0
HEARTBEAT [0028:C0008F94] cpl=0 pm=1 v86=0 if=0 pic imr=A8 isr=00 irr=00 | 0F 85 43 FF FF FF F6 07 01 74 05 F6 C1 80 74 1C | eax=00000000 ebx=C15200E8 ecx=00000035 edx=C0FD3690 esi=C0FD3710 edi=C0FD377C esp=C0ED4E04
  IRQS raised 15277 2 0 0 0 0 18 0 | acked 15187 2 0 0 0 0 18 0
HEARTBEAT [0028:C0008ED7] cpl=0 pm=1 v86=0 if=0 pic imr=A8 isr=00 irr=00 | 80 7F CC 00 74 63 51 E8 DB 02 00 00 E8 89 0B 00 | eax=00000000 ebx=C15200E8 ecx=00000035 edx=C0FD3690 esi=C0FD3710 edi=C0FD377C esp=C0ED4E04
  IRQS raised 15423 2 0 0 0 0 18 0 | acked 15333 2 0 0 0 0 18 0
HEARTBEAT [0028:C0008F9D] cpl=0 pm=1 v86=0 if=0 pic imr=A8 isr=00 irr=00 | 74 05 F6 C1 80 74 1C A1 E4 06 01 C0 66 83 3D F0 | eax=00000000 ebx=C15200E8 ecx=00000035 edx=C0FD3690 esi=C0FD3710 edi=C0FD377C esp=C0ED4E04
  IRQS raised 15568 2 0 0 0 0 18 0 | acked 15478 2 0 0 0 0 18 0
HEARTBEAT [0028:C0008E39] cpl=0 pm=1 v86=0 if=0 pic imr=A8 isr=00 irr=00 | 33 C0 E8 2D A3 FF FF 0F 84 91 00 00 00 F6 C1 20 | eax=FFFF01FF ebx=C15200E8 ecx=00000035 edx=C0FD3690 esi=C0FD3710 edi=C0FD377C esp=C0ED4E04
  IRQS raised 15714 2 0 0 0 0 18 0 | acked 15624 2 0 0 0 0 18 0
HEARTBEAT [0028:C0008F4A] cpl=0 pm=1 v86=0 if=0 pic imr=A8 isr=00 irr=00 | 74 3E FF 35 F0 E9 00 C0 FB 90 8B 54 24 10 FA FF | eax=00000000 ebx=C15200E8 ecx=00000035 edx=C0FD3690 esi=C0FD3710 edi=C0FD377C esp=C0ED4E04
  IRQS raised 15860 2 0 0 0 0 18 0 | acked 15770 2 0 0 0 0 18 0
HEARTBEAT [0028:C0008F9D] cpl=0 pm=1 v86=0 if=0 pic imr=A8 isr=00 irr=00 | 74 05 F6 C1 80 74 1C A1 E4 06 01 C0 66 83 3D F0 | eax=00000000 ebx=C15200E8 ecx=00000035 edx=C0FD3690 esi=C0FD3710 edi=C0FD377C esp=C0ED4E04
  IRQS raised 16005 2 0 0 0 0 18 0 | acked 15915 2 0 0 0 0 18 0
HEARTBEAT [0028:C0008F40] cpl=0 pm=1 v86=0 if=0 pic imr=A8 isr=00 irr=00 | 81 3D 9C 0C 01 C0 98 0C 01 C0 74 3E FF 35 F0 E9 | eax=00000000 ebx=C15200E8 ecx=00000035 edx=C0FD3690 esi=C0FD3710 edi=C0FD377C esp=C0ED4E04
  IRQS raised 16151 2 0 0 0 0 18 0 | acked 16061 2 0 0 0 0 18 0
HEARTBEAT [0028:C0008E27] cpl=0 pm=1 v86=0 if=0 pic imr=A8 isr=00 irr=00 | 8B 1D 1C 07 01 C0 80 E1 7F F6 07 01 0F 84 83 00 | eax=FFFF01FF ebx=C15200E8 ecx=00000035 edx=C0FD3690 esi=C0FD3710 edi=C0FD377C esp=C0ED4E04
  IRQS raised 16297 2 0 0 0 0 18 0 | acked 16207 2 0 0 0 0 18 0
HEARTBEAT [0028:C0008EF6] cpl=0 pm=1 v86=0 if=0 pic imr=A8 isr=00 irr=00 | FA 8B 54 24 0C FF 54 24 08 0F 85 22 FF FF FF F6 | eax=00000000 ebx=C15200E8 ecx=00000035 edx=C0FD3690 esi=C0FD3710 edi=C0FD377C esp=C0ED4E04
  IRQS raised 16442 2 0 0 0 0 18 0 | acked 16352 2 0 0 0 0 18 0
HEARTBEAT [0028:C0008F4A] cpl=0 pm=1 v86=0 if=0 pic imr=A8 isr=00 irr=00 | 74 3E FF 35 F0 E9 00 C0 FB 90 8B 54 24 10 FA FF | eax=00000000 ebx=C15200E8 ecx=00000035 edx=C0FD3690 esi=C0FD3710 edi=C0FD377C esp=C0ED4E04
  IRQS raised 16588 2 0 0 0 0 18 0 | acked 16498 2 0 0 0 0 18 0
HEARTBEAT [0028:C0008FC0] cpl=0 pm=1 v86=0 if=0 pic imr=A8 isr=00 irr=00 | FB 90 90 FA E9 2D FF FF FF 51 33 C9 41 85 C0 74 | eax=00000000 ebx=C15200E8 ecx=00000035 edx=C0FD3690 esi=C0FD3710 edi=C0FD377C esp=C0ED4E04
  IRQS raised 16734 2 0 0 0 0 18 0 | acked 16644 2 0 0 0 0 18 0
HEARTBEAT [0028:C0008E27] cpl=0 pm=1 v86=0 if=0 pic imr=A8 isr=00 irr=00 | 8B 1D 1C 07 01 C0 80 E1 7F F6 07 01 0F 84 83 00 | eax=FFFF01FF ebx=C15200E8 ecx=00000035 edx=C0FD3690 esi=C0FD3710 edi=C0FD377C esp=C0ED4E04
  IRQS raised 16879 2 0 0 0 0 18 0 | acked 16789 2 0 0 0 0 18 0
HEARTBEAT [0028:C0008E27] cpl=0 pm=1 v86=0 if=0 pic imr=A8 isr=00 irr=00 | 8B 1D 1C 07 01 C0 80 E1 7F F6 07 01 0F 84 83 00 | eax=FFFF01FF ebx=C15200E8 ecx=00000035 edx=C0FD3690 esi=C0FD3710 edi=C0FD377C esp=C0ED4E04
  IRQS raised 17025 2 0 0 0 0 18 0 | acked 16935 2 0 0 0 0 18 0
HEARTBEAT [0028:C0008F4A] cpl=0 pm=1 v86=0 if=0 pic imr=A8 isr=00 irr=00 | 74 3E FF 35 F0 E9 00 C0 FB 90 8B 54 24 10 FA FF | eax=00000000 ebx=C15200E8 ecx=00000035 edx=C0FD3690 esi=C0FD3710 edi=C0FD377C esp=C0ED4E04
  IRQS raised 17171 2 0 0 0 0 18 0 | acked 17081 2 0 0 0 0 18 0
HEARTBEAT [0028:C0008E39] cpl=0 pm=1 v86=0 if=0 pic imr=A8 isr=00 irr=00 | 33 C0 E8 2D A3 FF FF 0F 84 91 00 00 00 F6 C1 20 | eax=FFFF01FF ebx=C15200E8 ecx=00000035 edx=C0FD3690 esi=C0FD3710 edi=C0FD377C esp=C0ED4E04
  IRQS raised 17316 2 0 0 0 0 18 0 | acked 17226 2 0 0 0 0 18 0
HEARTBEAT [0028:C0008F4A] cpl=0 pm=1 v86=0 if=0 pic imr=A8 isr=00 irr=00 | 74 3E FF 35 F0 E9 00 C0 FB 90 8B 54 24 10 FA FF | eax=00000000 ebx=C15200E8 ecx=00000035 edx=C0FD3690 esi=C0FD3710 edi=C0FD377C esp=C0ED4E04
  IRQS raised 17462 2 0 0 0 0 18 0 | acked 17372 2 0 0 0 0 18 0
HEARTBEAT [0028:C0003479] cpl=0 pm=1 v86=0 if=1 pic imr=A8 isr=00 irr=00 | 8B 1D 1C 07 01 C0 8B 0D FC E9 00 C0 8B 13 F6 C2 | eax=0000FB00 ebx=C15200E8 ecx=C15200E8 edx=C0FCEC54 esi=00000000 edi=000001D7 esp=C0ED4D38
  IRQS raised 17608 2 0 0 0 0 18 0 | acked 17518 2 0 0 0 0 18 0
HEARTBEAT [0028:C0008F9A] cpl=0 pm=1 v86=0 if=0 pic imr=A8 isr=00 irr=00 | F6 07 01 74 05 F6 C1 80 74 1C A1 E4 06 01 C0 66 | eax=00000000 ebx=C15200E8 ecx=00000035 edx=C0FD3690 esi=C0FD3710 edi=C0FD377C esp=C0ED4E04
  IRQS raised 17753 2 0 0 0 0 18 0 | acked 17663 2 0 0 0 0 18 0
HEARTBEAT [0028:C0008EFB] cpl=0 pm=1 v86=0 if=0 pic imr=A8 isr=00 irr=00 | FF 54 24 08 0F 85 22 FF FF FF F6 47 01 10 74 1C | eax=00000000 ebx=C15200E8 ecx=00000035 edx=C0FD3690 esi=C0FD3710 edi=C0FD377C esp=C0ED4E04
  IRQS raised 17899 2 0 0 0 0 18 0 | acked 17809 2 0 0 0 0 18 0
HEARTBEAT [0028:C0003172] cpl=0 pm=1 v86=0 if=0 pic imr=A8 isr=00 irr=00 | 3B 05 F0 E9 00 C0 75 0A 5E C3 48 5E C3 33 C0 56 | eax=00000000 ebx=C15200E8 ecx=00000035 edx=C0FD3690 esi=00000000 edi=C0FD377C esp=C0ED4DFC
  IRQS raised 18044 2 0 0 0 0 18 0 | acked 17954 2 0 0 0 0 18 0
HEARTBEAT [0028:C0008ED7] cpl=0 pm=1 v86=0 if=0 pic imr=A8 isr=00 irr=00 | 80 7F CC 00 74 63 51 E8 DB 02 00 00 E8 89 0B 00 | eax=00000000 ebx=C15200E8 ecx=00000035 edx=C0FD3690 esi=C0FD3710 edi=C0FD377C esp=C0ED4E04
  IRQS raised 18190 2 0 0 0 0 18 0 | acked 18100 2 0 0 0 0 18 0
HEARTBEAT [0028:C0008ED7] cpl=0 pm=1 v86=0 if=0 pic imr=A8 isr=00 irr=00 | 80 7F CC 00 74 63 51 E8 DB 02 00 00 E8 89 0B 00 | eax=00000000 ebx=C15200E8 ecx=00000035 edx=C0FD3690 esi=C0FD3710 edi=C0FD377C esp=C0ED4E04
  IRQS raised 18336 2 0 0 0 0 18 0 | acked 18246 2 0 0 0 0 18 0
HEARTBEAT [0028:C0008E39] cpl=0 pm=1 v86=0 if=0 pic imr=A8 isr=00 irr=00 | 33 C0 E8 2D A3 FF FF 0F 84 91 00 00 00 F6 C1 20 | eax=FFFF01FF ebx=C15200E8 ecx=00000035 edx=C0FD3690 esi=C0FD3710 edi=C0FD377C esp=C0ED4E04
  IRQS raised 18481 2 0 0 0 0 18 0 | acked 18391 2 0 0 0 0 18 0
HEARTBEAT [0028:C0008E39] cpl=0 pm=1 v86=0 if=0 pic imr=A8 isr=00 irr=00 | 33 C0 E8 2D A3 FF FF 0F 84 91 00 00 00 F6 C1 20 | eax=FFFF01FF ebx=C15200E8 ecx=00000035 edx=C0FD3690 esi=C0FD3710 edi=C0FD377C esp=C0ED4E04
  IRQS raised 18627 2 0 0 0 0 18 0 | acked 18537 2 0 0 0 0 18 0
HEARTBEAT [0028:C0008FC0] cpl=0 pm=1 v86=0 if=0 pic imr=A8 isr=00 irr=00 | FB 90 90 FA E9 2D FF FF FF 51 33 C9 41 85 C0 74 | eax=00000000 ebx=C15200E8 ecx=00000035 edx=C0FD3690 esi=C0FD3710 edi=C0FD377C esp=C0ED4E04
  IRQS raised 18773 2 0 0 0 0 18 0 | acked 18683 2 0 0 0 0 18 0
HEARTBEAT [0028:C0008F94] cpl=0 pm=1 v86=0 if=0 pic imr=A8 isr=00 irr=00 | 0F 85 43 FF FF FF F6 07 01 74 05 F6 C1 80 74 1C | eax=00000000 ebx=C15200E8 ecx=00000035 edx=C0FD3690 esi=C0FD3710 edi=C0FD377C esp=C0ED4E04
  IRQS raised 18918 2 0 0 0 0 18 0 | acked 18828 2 0 0 0 0 18 0
HEARTBEAT [0028:C0008EFB] cpl=0 pm=1 v86=0 if=0 pic imr=A8 isr=00 irr=00 | FF 54 24 08 0F 85 22 FF FF FF F6 47 01 10 74 1C | eax=00000000 ebx=C15200E8 ecx=00000035 edx=C0FD3690 esi=C0FD3710 edi=C0FD377C esp=C0ED4E04
  IRQS raised 19064 2 0 0 0 0 18 0 | acked 18974 2 0 0 0 0 18 0
HEARTBEAT [0028:C0008ED7] cpl=0 pm=1 v86=0 if=0 pic imr=A8 isr=00 irr=00 | 80 7F CC 00 74 63 51 E8 DB 02 00 00 E8 89 0B 00 | eax=00000000 ebx=C15200E8 ecx=00000035 edx=C0FD3690 esi=C0FD3710 edi=C0FD377C esp=C0ED4E04
  IRQS raised 19210 2 0 0 0 0 18 0 | acked 19120 2 0 0 0 0 18 0
HEARTBEAT [0028:C0008E39] cpl=0 pm=1 v86=0 if=0 pic imr=A8 isr=00 irr=00 | 33 C0 E8 2D A3 FF FF 0F 84 91 00 00 00 F6 C1 20 | eax=FFFF01FF ebx=C15200E8 ecx=00000035 edx=C0FD3690 esi=C0FD3710 edi=C0FD377C esp=C0ED4E04
  IRQS raised 19355 2 0 0 0 0 18 0 | acked 19265 2 0 0 0 0 18 0
HEARTBEAT [0028:C0003178] cpl=0 pm=1 v86=0 if=0 pic imr=A8 isr=00 irr=00 | 75 0A 5E C3 48 5E C3 33 C0 56 33 F6 8B 6B 08 39 | eax=00000000 ebx=C15200E8 ecx=00000035 edx=C0FD3690 esi=00000000 edi=C0FD377C esp=C0ED4DFC
  IRQS raised 19501 2 0 0 0 0 18 0 | acked 19411 2 0 0 0 0 18 0
HEARTBEAT [0028:C0008EDB] cpl=0 pm=1 v86=0 if=0 pic imr=A8 isr=00 irr=00 | 74 63 51 E8 DB 02 00 00 E8 89 0B 00 00 59 FB EB | eax=00000000 ebx=C15200E8 ecx=00000035 edx=C0FD3690 esi=C0FD3710 edi=C0FD377C esp=C0ED4E04
  IRQS raised 19647 2 0 0 0 0 18 0 | acked 19557 2 0 0 0 0 18 0
HEARTBEAT [0028:C0008C1F] cpl=0 pm=1 v86=0 if=0 pic imr=A8 isr=00 irr=00 | C3 53 F6 07 04 75 34 81 7F 3C 00 00 10 00 73 1D | eax=FFFF01FF ebx=C15200E8 ecx=00000035 edx=C0FD3690 esi=C0FD3710 edi=C0FD377C esp=C0ED4E00
  IRQS raised 19792 2 0 0 0 0 18 0 | acked 19702 2 0 0 0 0 18 0
HEARTBEAT [0028:C0008F9D] cpl=0 pm=1 v86=0 if=0 pic imr=A8 isr=00 irr=00 | 74 05 F6 C1 80 74 1C A1 E4 06 01 C0 66 83 3D F0 | eax=00000000 ebx=C15200E8 ecx=00000035 edx=C0FD3690 esi=C0FD3710 edi=C0FD377C esp=C0ED4E04
  IRQS raised 19938 2 0 0 0 0 18 0 | acked 19848 2 0 0 0 0 18 0
HEARTBEAT [0028:C0008E30] cpl=0 pm=1 v86=0 if=0 pic imr=A8 isr=00 irr=00 | F6 07 01 0F 84 83 00 00 00 33 C0 E8 2D A3 FF FF | eax=FFFF01FF ebx=C15200E8 ecx=00000035 edx=C0FD3690 esi=C0FD3710 edi=C0FD377C esp=C0ED4E04
  IRQS raised 20084 2 0 0 0 0 18 0 | acked 19994 2 0 0 0 0 18 0
HEARTBEAT [0028:C0008C1B] cpl=0 pm=1 v86=0 if=0 pic imr=A8 isr=00 irr=00 | 48 C0 EC 07 C3 53 F6 07 04 75 34 81 7F 3C 00 00 | eax=00000000 ebx=C15200E8 ecx=00000035 edx=C0FD3690 esi=C0FD3710 edi=C0FD377C esp=C0ED4E00
  IRQS raised 20229 2 0 0 0 0 18 0 | acked 20139 2 0 0 0 0 18 0
HEARTBEAT [0028:C000317A] cpl=0 pm=1 v86=0 if=0 pic imr=A8 isr=00 irr=00 | 5E C3 48 5E C3 33 C0 56 33 F6 8B 6B 08 39 05 F4 | eax=00000000 ebx=C15200E8 ecx=00000035 edx=C0FD3690 esi=00000000 edi=C0FD377C esp=C0ED4DFC
  IRQS raised 20375 2 0 0 0 0 18 0 | acked 20285 2 0 0 0 0 18 0
HEARTBEAT [0028:C000317A] cpl=0 pm=1 v86=0 if=0 pic imr=A8 isr=00 irr=00 | 5E C3 48 5E C3 33 C0 56 33 F6 8B 6B 08 39 05 F4 | eax=00000000 ebx=C15200E8 ecx=00000035 edx=C0FD3690 esi=00000000 edi=C0FD377C esp=C0ED4DFC
  IRQS raised 20521 2 0 0 0 0 18 0 | acked 20431 2 0 0 0 0 18 0
HEARTBEAT [0028:C0008F4A] cpl=0 pm=1 v86=0 if=0 pic imr=A8 isr=00 irr=00 | 74 3E FF 35 F0 E9 00 C0 FB 90 8B 54 24 10 FA FF | eax=00000000 ebx=C15200E8 ecx=00000035 edx=C0FD3690 esi=C0FD3710 edi=C0FD377C esp=C0ED4E04
  IRQS raised 20666 2 0 0 0 0 18 0 | acked 20576 2 0 0 0 0 18 0
HEARTBEAT [0028:C0008F4A] cpl=0 pm=1 v86=0 if=0 pic imr=A8 isr=00 irr=00 | 74 3E FF 35 F0 E9 00 C0 FB 90 8B 54 24 10 FA FF | eax=00000000 ebx=C15200E8 ecx=00000035 edx=C0FD3690 esi=C0FD3710 edi=C0FD377C esp=C0ED4E04
  IRQS raised 20812 2 0 0 0 0 18 0 | acked 20722 2 0 0 0 0 18 0
HEARTBEAT [0028:C00351E9] cpl=0 pm=1 v86=0 if=0 pic imr=A8 isr=00 irr=00 | 86 E0 C3 56 9C 33 D2 E8 0A 00 00 00 13 56 04 9D | eax=0000F33D ebx=81514470 ecx=C000EA20 edx=C0FD377C esi=C00355D4 edi=C001C12D esp=C0ED4DF8
  IRQS raised 20958 2 0 0 0 0 18 0 | acked 20868 2 0 0 0 0 18 0
HEARTBEAT [0028:C0008FC3] cpl=0 pm=1 v86=0 if=1 pic imr=A8 isr=00 irr=00 | FA E9 2D FF FF FF 51 33 C9 41 85 C0 74 0D 3B C7 | eax=00000000 ebx=C15200E8 ecx=00000035 edx=C0FD3690 esi=C0FD3710 edi=C0FD377C esp=C0ED4E04
  IRQS raised 21103 2 0 0 0 0 18 0 | acked 21013 2 0 0 0 0 18 0
HEARTBEAT [0028:C000316D] cpl=0 pm=1 v86=0 if=0 pic imr=A8 isr=00 irr=00 | 56 8B F0 33 C0 3B 05 F0 E9 00 C0 75 0A 5E C3 48 | eax=00000000 ebx=C15200E8 ecx=00000035 edx=C0FD3690 esi=C0FD3710 edi=C0FD377C esp=C0ED4E00
  IRQS raised 21249 2 0 0 0 0 18 0 | acked 21159 2 0 0 0 0 18 0
HEARTBEAT [0028:C000316D] cpl=0 pm=1 v86=0 if=0 pic imr=A8 isr=00 irr=00 | 56 8B F0 33 C0 3B 05 F0 E9 00 C0 75 0A 5E C3 48 | eax=00000000 ebx=C15200E8 ecx=00000035 edx=C0FD3690 esi=C0FD3710 edi=C0FD377C esp=C0ED4E00
  IRQS raised 21394 2 0 0 0 0 18 0 | acked 21304 2 0 0 0 0 18 0
HEARTBEAT [0028:C0003178] cpl=0 pm=1 v86=0 if=0 pic imr=A8 isr=00 irr=00 | 75 0A 5E C3 48 5E C3 33 C0 56 33 F6 8B 6B 08 39 | eax=00000000 ebx=C15200E8 ecx=00000035 edx=C0FD3690 esi=00000000 edi=C0FD377C esp=C0ED4DFC
  IRQS raised 21540 2 0 0 0 0 18 0 | acked 21450 2 0 0 0 0 18 0
HEARTBEAT [0028:C0008F4A] cpl=0 pm=1 v86=0 if=0 pic imr=A8 isr=00 irr=00 | 74 3E FF 35 F0 E9 00 C0 FB 90 8B 54 24 10 FA FF | eax=00000000 ebx=C15200E8 ecx=00000035 edx=C0FD3690 esi=C0FD3710 edi=C0FD377C esp=C0ED4E04
  IRQS raised 21686 2 0 0 0 0 18 0 | acked 21596 2 0 0 0 0 18 0
HEARTBEAT [0028:C0008FC1] cpl=0 pm=1 v86=0 if=1 pic imr=A8 isr=00 irr=00 | 90 90 FA E9 2D FF FF FF 51 33 C9 41 85 C0 74 0D | eax=00000000 ebx=C15200E8 ecx=00000035 edx=C0FD3690 esi=C0FD3710 edi=C0FD377C esp=C0ED4E04
  IRQS raised 21831 2 0 0 0 0 18 0 | acked 21741 2 0 0 0 0 18 0
HEARTBEAT [0028:C0008ED7] cpl=0 pm=1 v86=0 if=0 pic imr=A8 isr=00 irr=00 | 80 7F CC 00 74 63 51 E8 DB 02 00 00 E8 89 0B 00 | eax=00000000 ebx=C15200E8 ecx=00000035 edx=C0FD3690 esi=C0FD3710 edi=C0FD377C esp=C0ED4E04
  IRQS raised 21977 2 0 0 0 0 18 0 | acked 21887 2 0 0 0 0 18 0
HEARTBEAT [0028:C0008C18] cpl=0 pm=1 v86=0 if=0 pic imr=A8 isr=00 irr=00 | 66 8B 06 48 C0 EC 07 C3 53 F6 07 04 75 34 81 7F | eax=00000000 ebx=C15200E8 ecx=00000035 edx=C0FD3690 esi=C0FD3710 edi=C0FD377C esp=C0ED4E00
  IRQS raised 22123 2 0 0 0 0 18 0 | acked 22033 2 0 0 0 0 18 0
HEARTBEAT [0028:C0008FC0] cpl=0 pm=1 v86=0 if=0 pic imr=A8 isr=00 irr=00 | FB 90 90 FA E9 2D FF FF FF 51 33 C9 41 85 C0 74 | eax=00000000 ebx=C15200E8 ecx=00000035 edx=C0FD3690 esi=C0FD3710 edi=C0FD377C esp=C0ED4E04
  IRQS raised 22268 2 0 0 0 0 18 0 | acked 22178 2 0 0 0 0 18 0
HEARTBEAT [0028:C0008C1F] cpl=0 pm=1 v86=0 if=0 pic imr=A8 isr=00 irr=00 | C3 53 F6 07 04 75 34 81 7F 3C 00 00 10 00 73 1D | eax=FFFF01FF ebx=C15200E8 ecx=00000035 edx=C0FD3690 esi=C0FD3710 edi=C0FD377C esp=C0ED4E00
  IRQS raised 22414 2 0 0 0 0 18 0 | acked 22324 2 0 0 0 0 18 0
HEARTBEAT [0028:C0008F94] cpl=0 pm=1 v86=0 if=0 pic imr=A8 isr=00 irr=00 | 0F 85 43 FF FF FF F6 07 01 74 05 F6 C1 80 74 1C | eax=00000000 ebx=C15200E8 ecx=00000035 edx=C0FD3690 esi=C0FD3710 edi=C0FD377C esp=C0ED4E04
  IRQS raised 22560 2 0 0 0 0 18 0 | acked 22470 2 0 0 0 0 18 0
HEARTBEAT [0028:C0008C1B] cpl=0 pm=1 v86=0 if=0 pic imr=A8 isr=00 irr=00 | 48 C0 EC 07 C3 53 F6 07 04 75 34 81 7F 3C 00 00 | eax=00000000 ebx=C15200E8 ecx=00000035 edx=C0FD3690 esi=C0FD3710 edi=C0FD377C esp=C0ED4E00
  IRQS raised 22705 2 0 0 0 0 18 0 | acked 22615 2 0 0 0 0 18 0
HEARTBEAT [0028:C000317A] cpl=0 pm=1 v86=0 if=0 pic imr=A8 isr=00 irr=00 | 5E C3 48 5E C3 33 C0 56 33 F6 8B 6B 08 39 05 F4 | eax=00000000 ebx=C15200E8 ecx=00000035 edx=C0FD3690 esi=00000000 edi=C0FD377C esp=C0ED4DFC
  IRQS raised 22851 2 0 0 0 0 18 0 | acked 22761 2 0 0 0 0 18 0
HEARTBEAT [0028:C0003172] cpl=0 pm=1 v86=0 if=0 pic imr=A8 isr=00 irr=00 | 3B 05 F0 E9 00 C0 75 0A 5E C3 48 5E C3 33 C0 56 | eax=00000000 ebx=C15200E8 ecx=00000035 edx=C0FD3690 esi=00000000 edi=C0FD377C esp=C0ED4DFC
  IRQS raised 22997 2 0 0 0 0 18 0 | acked 22907 2 0 0 0 0 18 0
HEARTBEAT [0028:C0008E2D] cpl=0 pm=1 v86=0 if=0 pic imr=A8 isr=00 irr=00 | 80 E1 7F F6 07 01 0F 84 83 00 00 00 33 C0 E8 2D | eax=FFFF01FF ebx=C15200E8 ecx=00000035 edx=C0FD3690 esi=C0FD3710 edi=C0FD377C esp=C0ED4E04
  IRQS raised 23142 2 0 0 0 0 18 0 | acked 23052 2 0 0 0 0 18 0
HEARTBEAT [0028:C0008ED7] cpl=0 pm=1 v86=0 if=0 pic imr=A8 isr=00 irr=00 | 80 7F CC 00 74 63 51 E8 DB 02 00 00 E8 89 0B 00 | eax=00000000 ebx=C15200E8 ecx=00000035 edx=C0FD3690 esi=C0FD3710 edi=C0FD377C esp=C0ED4E04
  IRQS raised 23288 2 0 0 0 0 18 0 | acked 23198 2 0 0 0 0 18 0
HEARTBEAT [0028:C0008F40] cpl=0 pm=1 v86=0 if=0 pic imr=A8 isr=00 irr=00 | 81 3D 9C 0C 01 C0 98 0C 01 C0 74 3E FF 35 F0 E9 | eax=00000000 ebx=C15200E8 ecx=00000035 edx=C0FD3690 esi=C0FD3710 edi=C0FD377C esp=C0ED4E04
  IRQS raised 23434 2 0 0 0 0 18 0 | acked 23344 2 0 0 0 0 18 0
HEARTBEAT [0028:C0008F9D] cpl=0 pm=1 v86=0 if=0 pic imr=A8 isr=00 irr=00 | 74 05 F6 C1 80 74 1C A1 E4 06 01 C0 66 83 3D F0 | eax=00000000 ebx=C15200E8 ecx=00000035 edx=C0FD3690 esi=C0FD3710 edi=C0FD377C esp=C0ED4E04
  IRQS raised 23579 2 0 0 0 0 18 0 | acked 23489 2 0 0 0 0 18 0
HEARTBEAT [0028:C0008E3B] cpl=0 pm=1 v86=0 if=0 pic imr=A8 isr=00 irr=00 | E8 2D A3 FF FF 0F 84 91 00 00 00 F6 C1 20 75 48 | eax=00000000 ebx=C15200E8 ecx=00000035 edx=C0FD3690 esi=C0FD3710 edi=C0FD377C esp=C0ED4E04
  IRQS raised 23725 2 0 0 0 0 18 0 | acked 23635 2 0 0 0 0 18 0
HEARTBEAT [0028:C0008EF6] cpl=0 pm=1 v86=0 if=0 pic imr=A8 isr=00 irr=00 | FA 8B 54 24 0C FF 54 24 08 0F 85 22 FF FF FF F6 | eax=00000000 ebx=C15200E8 ecx=00000035 edx=C0FD3690 esi=C0FD3710 edi=C0FD377C esp=C0ED4E04
  IRQS raised 23871 2 0 0 0 0 18 0 | acked 23781 2 0 0 0 0 18 0
HEARTBEAT [0028:C0008E27] cpl=0 pm=1 v86=0 if=0 pic imr=A8 isr=00 irr=00 | 8B 1D 1C 07 01 C0 80 E1 7F F6 07 01 0F 84 83 00 | eax=FFFF01FF ebx=C15200E8 ecx=00000035 edx=C0FD3690 esi=C0FD3710 edi=C0FD377C esp=C0ED4E04
  IRQS raised 24016 2 0 0 0 0 18 0 | acked 23926 2 0 0 0 0 18 0
HEARTBEAT [0028:C000317A] cpl=0 pm=1 v86=0 if=0 pic imr=A8 isr=00 irr=00 | 5E C3 48 5E C3 33 C0 56 33 F6 8B 6B 08 39 05 F4 | eax=00000000 ebx=C15200E8 ecx=00000035 edx=C0FD3690 esi=00000000 edi=C0FD377C esp=C0ED4DFC
  IRQS raised 24162 2 0 0 0 0 18 0 | acked 24072 2 0 0 0 0 18 0
HEARTBEAT [0028:C0003946] cpl=0 pm=1 v86=0 if=0 pic imr=A8 isr=00 irr=00 | 33 C0 89 46 04 C3 85 F6 74 1F 9C FA 50 57 83 7E | eax=C0FCE5DC ebx=C15200E8 ecx=C15200E8 edx=C0FCEB48 esi=C0FCE2B8 edi=C0FCE668 esp=C0ED4D18
  IRQS raised 24308 2 0 0 0 0 18 0 | acked 24218 2 0 0 0 0 18 0
HEARTBEAT [0028:C0003172] cpl=0 pm=1 v86=0 if=0 pic imr=A8 isr=00 irr=00 | 3B 05 F0 E9 00 C0 75 0A 5E C3 48 5E C3 33 C0 56 | eax=00000000 ebx=C15200E8 ecx=00000035 edx=C0FD3690 esi=00000000 edi=C0FD377C esp=C0ED4DFC
  IRQS raised 24453 2 0 0 0 0 18 0 | acked 24363 2 0 0 0 0 18 0
HEARTBEAT [0028:C0008F9A] cpl=0 pm=1 v86=0 if=0 pic imr=A8 isr=00 irr=00 | F6 07 01 74 05 F6 C1 80 74 1C A1 E4 06 01 C0 66 | eax=00000000 ebx=C15200E8 ecx=00000035 edx=C0FD3690 esi=C0FD3710 edi=C0FD377C esp=C0ED4E04
  IRQS raised 24599 2 0 0 0 0 18 0 | acked 24509 2 0 0 0 0 18 0
HEARTBEAT [0028:C0008ED7] cpl=0 pm=1 v86=0 if=0 pic imr=A8 isr=00 irr=00 | 80 7F CC 00 74 63 51 E8 DB 02 00 00 E8 89 0B 00 | eax=00000000 ebx=C15200E8 ecx=00000035 edx=C0FD3690 esi=C0FD3710 edi=C0FD377C esp=C0ED4E04
  IRQS raised 24744 2 0 0 0 0 18 0 | acked 24654 2 0 0 0 0 18 0
HEARTBEAT [0028:C000316D] cpl=0 pm=1 v86=0 if=0 pic imr=A8 isr=00 irr=00 | 56 8B F0 33 C0 3B 05 F0 E9 00 C0 75 0A 5E C3 48 | eax=00000000 ebx=C15200E8 ecx=00000035 edx=C0FD3690 esi=C0FD3710 edi=C0FD377C esp=C0ED4E00
  IRQS raised 24890 2 0 0 0 0 18 0 | acked 24800 2 0 0 0 0 18 0
HEARTBEAT [0028:C0008F9D] cpl=0 pm=1 v86=0 if=0 pic imr=A8 isr=00 irr=00 | 74 05 F6 C1 80 74 1C A1 E4 06 01 C0 66 83 3D F0 | eax=00000000 ebx=C15200E8 ecx=00000035 edx=C0FD3690 esi=C0FD3710 edi=C0FD377C esp=C0ED4E04
  IRQS raised 25036 2 0 0 0 0 18 0 | acked 24946 2 0 0 0 0 18 0
HEARTBEAT [0028:C0008EF6] cpl=0 pm=1 v86=0 if=0 pic imr=A8 isr=00 irr=00 | FA 8B 54 24 0C FF 54 24 08 0F 85 22 FF FF FF F6 | eax=00000000 ebx=C15200E8 ecx=00000035 edx=C0FD3690 esi=C0FD3710 edi=C0FD377C esp=C0ED4E04
  IRQS raised 25181 2 0 0 0 0 18 0 | acked 25091 2 0 0 0 0 18 0
HEARTBEAT [0028:C0008F94] cpl=0 pm=1 v86=0 if=0 pic imr=A8 isr=00 irr=00 | 0F 85 43 FF FF FF F6 07 01 74 05 F6 C1 80 74 1C | eax=00000000 ebx=C15200E8 ecx=00000035 edx=C0FD3690 esi=C0FD3710 edi=C0FD377C esp=C0ED4E04
  IRQS raised 25327 2 0 0 0 0 18 0 | acked 25237 2 0 0 0 0 18 0
HEARTBEAT [0028:C000316D] cpl=0 pm=1 v86=0 if=0 pic imr=A8 isr=00 irr=00 | 56 8B F0 33 C0 3B 05 F0 E9 00 C0 75 0A 5E C3 48 | eax=00000000 ebx=C15200E8 ecx=00000035 edx=C0FD3690 esi=C0FD3710 edi=C0FD377C esp=C0ED4E00
  IRQS raised 25473 2 0 0 0 0 18 0 | acked 25383 2 0 0 0 0 18 0
HEARTBEAT [0028:C0008C18] cpl=0 pm=1 v86=0 if=0 pic imr=A8 isr=00 irr=00 | 66 8B 06 48 C0 EC 07 C3 53 F6 07 04 75 34 81 7F | eax=00000000 ebx=C15200E8 ecx=00000035 edx=C0FD3690 esi=C0FD3710 edi=C0FD377C esp=C0ED4E00
  IRQS raised 25618 2 0 0 0 0 18 0 | acked 25528 2 0 0 0 0 18 0
HEARTBEAT [0028:C0008C1C] cpl=0 pm=1 v86=0 if=0 pic imr=A8 isr=00 irr=00 | C0 EC 07 C3 53 F6 07 04 75 34 81 7F 3C 00 00 10 | eax=FFFFFFFF ebx=C15200E8 ecx=00000035 edx=C0FD3690 esi=C0FD3710 edi=C0FD377C esp=C0ED4E00
  IRQS raised 25764 2 0 0 0 0 18 0 | acked 25674 2 0 0 0 0 18 0
HEARTBEAT [0028:C0008F9D] cpl=0 pm=1 v86=0 if=0 pic imr=A8 isr=00 irr=00 | 74 05 F6 C1 80 74 1C A1 E4 06 01 C0 66 83 3D F0 | eax=00000000 ebx=C15200E8 ecx=00000035 edx=C0FD3690 esi=C0FD3710 edi=C0FD377C esp=C0ED4E04
  IRQS raised 25910 2 0 0 0 0 18 0 | acked 25820 2 0 0 0 0 18 0
HEARTBEAT [0028:C0008EF6] cpl=0 pm=1 v86=0 if=0 pic imr=A8 isr=00 irr=00 | FA 8B 54 24 0C FF 54 24 08 0F 85 22 FF FF FF F6 | eax=00000000 ebx=C15200E8 ecx=00000035 edx=C0FD3690 esi=C0FD3710 edi=C0FD377C esp=C0ED4E04
  IRQS raised 26055 2 0 0 0 0 18 0 | acked 25965 2 0 0 0 0 18 0
HEARTBEAT [0028:C0008ED7] cpl=0 pm=1 v86=0 if=0 pic imr=A8 isr=00 irr=00 | 80 7F CC 00 74 63 51 E8 DB 02 00 00 E8 89 0B 00 | eax=00000000 ebx=C15200E8 ecx=00000035 edx=C0FD3690 esi=C0FD3710 edi=C0FD377C esp=C0ED4E04
  IRQS raised 26201 2 0 0 0 0 18 0 | acked 26111 2 0 0 0 0 18 0
HEARTBEAT [0028:C0008E27] cpl=0 pm=1 v86=0 if=0 pic imr=A8 isr=00 irr=00 | 8B 1D 1C 07 01 C0 80 E1 7F F6 07 01 0F 84 83 00 | eax=FFFF01FF ebx=C15200E8 ecx=00000035 edx=C0FD3690 esi=C0FD3710 edi=C0FD377C esp=C0ED4E04
  IRQS raised 26347 2 0 0 0 0 18 0 | acked 26257 2 0 0 0 0 18 0
HEARTBEAT [0028:C0008C18] cpl=0 pm=1 v86=0 if=0 pic imr=A8 isr=00 irr=00 | 66 8B 06 48 C0 EC 07 C3 53 F6 07 04 75 34 81 7F | eax=00000000 ebx=C15200E8 ecx=00000035 edx=C0FD3690 esi=C0FD3710 edi=C0FD377C esp=C0ED4E00
  IRQS raised 26492 2 0 0 0 0 18 0 | acked 26402 2 0 0 0 0 18 0
HEARTBEAT [0028:C0008C1F] cpl=0 pm=1 v86=0 if=0 pic imr=A8 isr=00 irr=00 | C3 53 F6 07 04 75 34 81 7F 3C 00 00 10 00 73 1D | eax=FFFF01FF ebx=C15200E8 ecx=00000035 edx=C0FD3690 esi=C0FD3710 edi=C0FD377C esp=C0ED4E00
  IRQS raised 26638 2 0 0 0 0 18 0 | acked 26548 2 0 0 0 0 18 0
HEARTBEAT [0028:C0008E27] cpl=0 pm=1 v86=0 if=0 pic imr=A8 isr=00 irr=00 | 8B 1D 1C 07 01 C0 80 E1 7F F6 07 01 0F 84 83 00 | eax=FFFF01FF ebx=C15200E8 ecx=00000035 edx=C0FD3690 esi=C0FD3710 edi=C0FD377C esp=C0ED4E04
  IRQS raised 26784 2 0 0 0 0 18 0 | acked 26694 2 0 0 0 0 18 0
HEARTBEAT [0028:C0008E2D] cpl=0 pm=1 v86=0 if=0 pic imr=A8 isr=00 irr=00 | 80 E1 7F F6 07 01 0F 84 83 00 00 00 33 C0 E8 2D | eax=FFFF01FF ebx=C15200E8 ecx=00000035 edx=C0FD3690 esi=C0FD3710 edi=C0FD377C esp=C0ED4E04
  IRQS raised 26929 2 0 0 0 0 18 0 | acked 26839 2 0 0 0 0 18 0
HEARTBEAT [0028:C0008FC4] cpl=0 pm=1 v86=0 if=0 pic imr=A8 isr=00 irr=00 | E9 2D FF FF FF 51 33 C9 41 85 C0 74 0D 3B C7 74 | eax=00000000 ebx=C15200E8 ecx=00000035 edx=C0FD3690 esi=C0FD3710 edi=C0FD377C esp=C0ED4E04
  IRQS raised 27075 2 0 0 0 0 18 0 | acked 26985 2 0 0 0 0 18 0
HEARTBEAT [0028:C0008C18] cpl=0 pm=1 v86=0 if=0 pic imr=A8 isr=00 irr=00 | 66 8B 06 48 C0 EC 07 C3 53 F6 07 04 75 34 81 7F | eax=00000000 ebx=C15200E8 ecx=00000035 edx=C0FD3690 esi=C0FD3710 edi=C0FD377C esp=C0ED4E00
  IRQS raised 27221 2 0 0 0 0 18 0 | acked 27131 2 0 0 0 0 18 0
HEARTBEAT [0028:C0008FC1] cpl=0 pm=1 v86=0 if=1 pic imr=A8 isr=00 irr=00 | 90 90 FA E9 2D FF FF FF 51 33 C9 41 85 C0 74 0D | eax=00000000 ebx=C15200E8 ecx=00000035 edx=C0FD3690 esi=C0FD3710 edi=C0FD377C esp=C0ED4E04
  IRQS raised 27366 2 0 0 0 0 18 0 | acked 27276 2 0 0 0 0 18 0
HEARTBEAT [0028:C0008E27] cpl=0 pm=1 v86=0 if=0 pic imr=A8 isr=00 irr=00 | 8B 1D 1C 07 01 C0 80 E1 7F F6 07 01 0F 84 83 00 | eax=FFFF01FF ebx=C15200E8 ecx=00000035 edx=C0FD3690 esi=C0FD3710 edi=C0FD377C esp=C0ED4E04
  IRQS raised 27512 2 0 0 0 0 18 0 | acked 27422 2 0 0 0 0 18 0
HEARTBEAT [0117:00005F1E] cpl=3 pm=1 v86=0 if=1 pic imr=A8 isr=00 irr=00 | 1E E8 8B 02 1E E8 2D 02 FE 0E 08 00 2E 8E 06 02 | eax=C0FD0000 ebx=074733E0 ecx=00000000 edx=81514470 esi=00000001 edi=00000000 esp=80183064
  IRQS raised 27658 2 0 0 0 0 18 0 | acked 27568 2 0 0 0 0 18 0
HEARTBEAT [0028:C0008C18] cpl=0 pm=1 v86=0 if=0 pic imr=A8 isr=00 irr=00 | 66 8B 06 48 C0 EC 07 C3 53 F6 07 04 75 34 81 7F | eax=00000000 ebx=C15200E8 ecx=00000035 edx=C0FD3690 esi=C0FD3710 edi=C0FD377C esp=C0ED4E00
  IRQS raised 27803 2 0 0 0 0 18 0 | acked 27713 2 0 0 0 0 18 0
HEARTBEAT [0028:C0008EFB] cpl=0 pm=1 v86=0 if=0 pic imr=A8 isr=00 irr=00 | FF 54 24 08 0F 85 22 FF FF FF F6 47 01 10 74 1C | eax=00000000 ebx=C15200E8 ecx=00000035 edx=C0FD3690 esi=C0FD3710 edi=C0FD377C esp=C0ED4E04
  IRQS raised 27949 2 0 0 0 0 18 0 | acked 27859 2 0 0 0 0 18 0
HEARTBEAT [0028:C0008E39] cpl=0 pm=1 v86=0 if=0 pic imr=A8 isr=00 irr=00 | 33 C0 E8 2D A3 FF FF 0F 84 91 00 00 00 F6 C1 20 | eax=FFFF01FF ebx=C15200E8 ecx=00000035 edx=C0FD3690 esi=C0FD3710 edi=C0FD377C esp=C0ED4E04
  IRQS raised 28094 2 0 0 0 0 18 0 | acked 28004 2 0 0 0 0 18 0
HEARTBEAT [0028:C0008ED7] cpl=0 pm=1 v86=0 if=0 pic imr=A8 isr=00 irr=00 | 80 7F CC 00 74 63 51 E8 DB 02 00 00 E8 89 0B 00 | eax=00000000 ebx=C15200E8 ecx=00000035 edx=C0FD3690 esi=C0FD3710 edi=C0FD377C esp=C0ED4E04
  IRQS raised 28240 2 0 0 0 0 18 0 | acked 28150 2 0 0 0 0 18 0
HEARTBEAT [0028:C0003178] cpl=0 pm=1 v86=0 if=0 pic imr=A8 isr=00 irr=00 | 75 0A 5E C3 48 5E C3 33 C0 56 33 F6 8B 6B 08 39 | eax=00000000 ebx=C15200E8 ecx=00000035 edx=C0FD3690 esi=00000000 edi=C0FD377C esp=C0ED4DFC
  IRQS raised 28386 2 0 0 0 0 18 0 | acked 28296 2 0 0 0 0 18 0
HEARTBEAT [0028:C0008EDB] cpl=0 pm=1 v86=0 if=0 pic imr=A8 isr=00 irr=00 | 74 63 51 E8 DB 02 00 00 E8 89 0B 00 00 59 FB EB | eax=00000000 ebx=C15200E8 ecx=00000035 edx=C0FD3690 esi=C0FD3710 edi=C0FD377C esp=C0ED4E04
  IRQS raised 28531 2 0 0 0 0 18 0 | acked 28441 2 0 0 0 0 18 0
HEARTBEAT [0028:C0008E40] cpl=0 pm=1 v86=0 if=0 pic imr=A8 isr=00 irr=00 | 0F 84 91 00 00 00 F6 C1 20 75 48 F6 40 08 02 74 | eax=00000000 ebx=C15200E8 ecx=00000035 edx=C0FD3690 esi=C0FD3710 edi=C0FD377C esp=C0ED4E04
  IRQS raised 28677 2 0 0 0 0 18 0 | acked 28587 2 0 0 0 0 18 0
HEARTBEAT [0028:C0008FC0] cpl=0 pm=1 v86=0 if=0 pic imr=A8 isr=00 irr=00 | FB 90 90 FA E9 2D FF FF FF 51 33 C9 41 85 C0 74 | eax=00000000 ebx=C15200E8 ecx=00000035 edx=C0FD3690 esi=C0FD3710 edi=C0FD377C esp=C0ED4E04
  IRQS raised 28823 2 0 0 0 0 18 0 | acked 28733 2 0 0 0 0 18 0
HEARTBEAT [0028:C0008FC0] cpl=0 pm=1 v86=0 if=0 pic imr=A8 isr=00 irr=00 | FB 90 90 FA E9 2D FF FF FF 51 33 C9 41 85 C0 74 | eax=00000000 ebx=C15200E8 ecx=00000035 edx=C0FD3690 esi=C0FD3710 edi=C0FD377C esp=C0ED4E04
  IRQS raised 28968 2 0 0 0 0 18 0 | acked 28878 2 0 0 0 0 18 0
HEARTBEAT [0028:C0008E27] cpl=0 pm=1 v86=0 if=0 pic imr=A8 isr=00 irr=00 | 8B 1D 1C 07 01 C0 80 E1 7F F6 07 01 0F 84 83 00 | eax=FFFF01FF ebx=C15200E8 ecx=00000035 edx=C0FD3690 esi=C0FD3710 edi=C0FD377C esp=C0ED4E04
  IRQS raised 29114 2 0 0 0 0 18 0 | acked 29024 2 0 0 0 0 18 0
HEARTBEAT [0028:C0003178] cpl=0 pm=1 v86=0 if=0 pic imr=A8 isr=00 irr=00 | 75 0A 5E C3 48 5E C3 33 C0 56 33 F6 8B 6B 08 39 | eax=00000000 ebx=C15200E8 ecx=00000035 edx=C0FD3690 esi=00000000 edi=C0FD377C esp=C0ED4DFC
  IRQS raised 29260 2 0 0 0 0 18 0 | acked 29170 2 0 0 0 0 18 0
HEARTBEAT [0028:C0008C18] cpl=0 pm=1 v86=0 if=0 pic imr=A8 isr=00 irr=00 | 66 8B 06 48 C0 EC 07 C3 53 F6 07 04 75 34 81 7F | eax=00000000 ebx=C15200E8 ecx=00000035 edx=C0FD3690 esi=C0FD3710 edi=C0FD377C esp=C0ED4E00
  IRQS raised 29405 2 0 0 0 0 18 0 | acked 29315 2 0 0 0 0 18 0
HEARTBEAT [0028:C0008EFB] cpl=0 pm=1 v86=0 if=0 pic imr=A8 isr=00 irr=00 | FF 54 24 08 0F 85 22 FF FF FF F6 47 01 10 74 1C | eax=00000000 ebx=C15200E8 ecx=00000035 edx=C0FD3690 esi=C0FD3710 edi=C0FD377C esp=C0ED4E04
  IRQS raised 29551 2 0 0 0 0 18 0 | acked 29461 2 0 0 0 0 18 0
HEARTBEAT [0028:C0008FC3] cpl=0 pm=1 v86=0 if=1 pic imr=A8 isr=00 irr=00 | FA E9 2D FF FF FF 51 33 C9 41 85 C0 74 0D 3B C7 | eax=00000000 ebx=C15200E8 ecx=00000035 edx=C0FD3690 esi=C0FD3710 edi=C0FD377C esp=C0ED4E04
  IRQS raised 29697 2 0 0 0 0 18 0 | acked 29607 2 0 0 0 0 18 0
HEARTBEAT [0028:C000316D] cpl=0 pm=1 v86=0 if=0 pic imr=A8 isr=00 irr=00 | 56 8B F0 33 C0 3B 05 F0 E9 00 C0 75 0A 5E C3 48 | eax=00000000 ebx=C15200E8 ecx=00000035 edx=C0FD3690 esi=C0FD3710 edi=C0FD377C esp=C0ED4E00
  IRQS raised 29842 2 0 0 0 0 18 0 | acked 29752 2 0 0 0 0 18 0
HEARTBEAT [0028:C000316D] cpl=0 pm=1 v86=0 if=0 pic imr=A8 isr=00 irr=00 | 56 8B F0 33 C0 3B 05 F0 E9 00 C0 75 0A 5E C3 48 | eax=00000000 ebx=C15200E8 ecx=00000035 edx=C0FD3690 esi=C0FD3710 edi=C0FD377C esp=C0ED4E00
  IRQS raised 29988 2 0 0 0 0 18 0 | acked 29898 2 0 0 0 0 18 0
HEARTBEAT [0028:C0008C1F] cpl=0 pm=1 v86=0 if=0 pic imr=A8 isr=00 irr=00 | C3 53 F6 07 04 75 34 81 7F 3C 00 00 10 00 73 1D | eax=FFFF01FF ebx=C15200E8 ecx=00000035 edx=C0FD3690 esi=C0FD3710 edi=C0FD377C esp=C0ED4E00
  IRQS raised 30134 2 0 0 0 0 18 0 | acked 30044 2 0 0 0 0 18 0
HEARTBEAT [0028:C0008F94] cpl=0 pm=1 v86=0 if=0 pic imr=A8 isr=00 irr=00 | 0F 85 43 FF FF FF F6 07 01 74 05 F6 C1 80 74 1C | eax=00000000 ebx=C15200E8 ecx=00000035 edx=C0FD3690 esi=C0FD3710 edi=C0FD377C esp=C0ED4E04
  IRQS raised 30279 2 0 0 0 0 18 0 | acked 30189 2 0 0 0 0 18 0
HEARTBEAT [0028:C0003178] cpl=0 pm=1 v86=0 if=0 pic imr=A8 isr=00 irr=00 | 75 0A 5E C3 48 5E C3 33 C0 56 33 F6 8B 6B 08 39 | eax=00000000 ebx=C15200E8 ecx=00000035 edx=C0FD3690 esi=00000000 edi=C0FD377C esp=C0ED4DFC
  IRQS raised 30425 2 0 0 0 0 18 0 | acked 30335 2 0 0 0 0 18 0
HEARTBEAT [0028:C0008F4A] cpl=0 pm=1 v86=0 if=0 pic imr=A8 isr=00 irr=00 | 74 3E FF 35 F0 E9 00 C0 FB 90 8B 54 24 10 FA FF | eax=00000000 ebx=C15200E8 ecx=00000035 edx=C0FD3690 esi=C0FD3710 edi=C0FD377C esp=C0ED4E04
  IRQS raised 30571 2 0 0 0 0 18 0 | acked 30481 2 0 0 0 0 18 0
HEARTBEAT [0028:C0003178] cpl=0 pm=1 v86=0 if=0 pic imr=A8 isr=00 irr=00 | 75 0A 5E C3 48 5E C3 33 C0 56 33 F6 8B 6B 08 39 | eax=00000000 ebx=C15200E8 ecx=00000035 edx=C0FD3690 esi=00000000 edi=C0FD377C esp=C0ED4DFC
  IRQS raised 30716 2 0 0 0 0 18 0 | acked 30626 2 0 0 0 0 18 0
HEARTBEAT [0028:C0008ED7] cpl=0 pm=1 v86=0 if=0 pic imr=A8 isr=00 irr=00 | 80 7F CC 00 74 63 51 E8 DB 02 00 00 E8 89 0B 00 | eax=00000000 ebx=C15200E8 ecx=00000035 edx=C0FD3690 esi=C0FD3710 edi=C0FD377C esp=C0ED4E04
  IRQS raised 30862 2 0 0 0 0 18 0 | acked 30772 2 0 0 0 0 18 0
HEARTBEAT [0028:C001EAAB] cpl=0 pm=1 v86=0 if=0 pic imr=A8 isr=00 irr=00 | C7 40 30 00 F0 FF FF FB C3 55 8B EC 8B 4D 08 0F | eax=C0022990 ebx=C15200E8 ecx=00000000 edx=C003F524 esi=00000000 edi=C0FD377C esp=C0ED4DBC
  IRQS raised 31008 2 0 0 0 0 18 0 | acked 30918 2 0 0 0 0 18 0
HEARTBEAT [0028:C0008F94] cpl=0 pm=1 v86=0 if=0 pic imr=A8 isr=00 irr=00 | 0F 85 43 FF FF FF F6 07 01 74 05 F6 C1 80 74 1C | eax=00000000 ebx=C15200E8 ecx=00000035 edx=C0FD3690 esi=C0FD3710 edi=C0FD377C esp=C0ED4E04
  IRQS raised 31153 2 0 0 0 0 18 0 | acked 31063 2 0 0 0 0 18 0
HEARTBEAT [0028:C0008C18] cpl=0 pm=1 v86=0 if=0 pic imr=A8 isr=00 irr=00 | 66 8B 06 48 C0 EC 07 C3 53 F6 07 04 75 34 81 7F | eax=00000000 ebx=C15200E8 ecx=00000035 edx=C0FD3690 esi=C0FD3710 edi=C0FD377C esp=C0ED4E00
  IRQS raised 31299 2 0 0 0 0 18 0 | acked 31209 2 0 0 0 0 18 0
HEARTBEAT [0028:C000316D] cpl=0 pm=1 v86=0 if=0 pic imr=A8 isr=00 irr=00 | 56 8B F0 33 C0 3B 05 F0 E9 00 C0 75 0A 5E C3 48 | eax=00000000 ebx=C15200E8 ecx=00000035 edx=C0FD3690 esi=C0FD3710 edi=C0FD377C esp=C0ED4E00
  IRQS raised 31444 2 0 0 0 0 18 0 | acked 31354 2 0 0 0 0 18 0
HEARTBEAT [0028:C0008C18] cpl=0 pm=1 v86=0 if=0 pic imr=A8 isr=00 irr=00 | 66 8B 06 48 C0 EC 07 C3 53 F6 07 04 75 34 81 7F | eax=00000000 ebx=C15200E8 ecx=00000035 edx=C0FD3690 esi=C0FD3710 edi=C0FD377C esp=C0ED4E00
  IRQS raised 31590 2 0 0 0 0 18 0 | acked 31500 2 0 0 0 0 18 0
HEARTBEAT [0028:C000316D] cpl=0 pm=1 v86=0 if=0 pic imr=A8 isr=00 irr=00 | 56 8B F0 33 C0 3B 05 F0 E9 00 C0 75 0A 5E C3 48 | eax=00000000 ebx=C15200E8 ecx=00000035 edx=C0FD3690 esi=C0FD3710 edi=C0FD377C esp=C0ED4E00
  IRQS raised 31736 2 0 0 0 0 18 0 | acked 31646 2 0 0 0 0 18 0
HEARTBEAT [0028:C0008E27] cpl=0 pm=1 v86=0 if=0 pic imr=A8 isr=00 irr=00 | 8B 1D 1C 07 01 C0 80 E1 7F F6 07 01 0F 84 83 00 | eax=FFFF01FF ebx=C15200E8 ecx=00000035 edx=C0FD3690 esi=C0FD3710 edi=C0FD377C esp=C0ED4E04
  IRQS raised 31881 2 0 0 0 0 18 0 | acked 31791 2 0 0 0 0 18 0
HEARTBEAT [0028:C0003178] cpl=0 pm=1 v86=0 if=0 pic imr=A8 isr=00 irr=00 | 75 0A 5E C3 48 5E C3 33 C0 56 33 F6 8B 6B 08 39 | eax=00000000 ebx=C15200E8 ecx=00000035 edx=C0FD3690 esi=00000000 edi=C0FD377C esp=C0ED4DFC
  IRQS raised 32027 2 0 0 0 0 18 0 | acked 31937 2 0 0 0 0 18 0
HEARTBEAT [0028:C0008ED7] cpl=0 pm=1 v86=0 if=0 pic imr=A8 isr=00 irr=00 | 80 7F CC 00 74 63 51 E8 DB 02 00 00 E8 89 0B 00 | eax=00000000 ebx=C15200E8 ecx=00000035 edx=C0FD3690 esi=C0FD3710 edi=C0FD377C esp=C0ED4E04
  IRQS raised 32173 2 0 0 0 0 18 0 | acked 32083 2 0 0 0 0 18 0
HEARTBEAT [0028:C0008F9F] cpl=0 pm=1 v86=0 if=0 pic imr=A8 isr=00 irr=00 | F6 C1 80 74 1C A1 E4 06 01 C0 66 83 3D F0 E9 00 | eax=00000000 ebx=C15200E8 ecx=00000035 edx=C0FD3690 esi=C0FD3710 edi=C0FD377C esp=C0ED4E04
  IRQS raised 32318 2 0 0 0 0 18 0 | acked 32228 2 0 0 0 0 18 0
HEARTBEAT [0028:C0008E27] cpl=0 pm=1 v86=0 if=0 pic imr=A8 isr=00 irr=00 | 8B 1D 1C 07 01 C0 80 E1 7F F6 07 01 0F 84 83 00 | eax=FFFF01FF ebx=C15200E8 ecx=00000035 edx=C0FD3690 esi=C0FD3710 edi=C0FD377C esp=C0ED4E04
  IRQS raised 32464 2 0 0 0 0 18 0 | acked 32374 2 0 0 0 0 18 0
HEARTBEAT [0028:C0008F4A] cpl=0 pm=1 v86=0 if=0 pic imr=A8 isr=00 irr=00 | 74 3E FF 35 F0 E9 00 C0 FB 90 8B 54 24 10 FA FF | eax=00000000 ebx=C15200E8 ecx=00000035 edx=C0FD3690 esi=C0FD3710 edi=C0FD377C esp=C0ED4E04
  IRQS raised 32610 2 0 0 0 0 18 0 | acked 32520 2 0 0 0 0 18 0
HEARTBEAT [0028:C0008E30] cpl=0 pm=1 v86=0 if=0 pic imr=A8 isr=00 irr=00 | F6 07 01 0F 84 83 00 00 00 33 C0 E8 2D A3 FF FF | eax=FFFF01FF ebx=C15200E8 ecx=00000035 edx=C0FD3690 esi=C0FD3710 edi=C0FD377C esp=C0ED4E04
  IRQS raised 32755 2 0 0 0 0 18 0 | acked 32665 2 0 0 0 0 18 0
HEARTBEAT [0028:C0008F4A] cpl=0 pm=1 v86=0 if=0 pic imr=A8 isr=00 irr=00 | 74 3E FF 35 F0 E9 00 C0 FB 90 8B 54 24 10 FA FF | eax=00000000 ebx=C15200E8 ecx=00000035 edx=C0FD3690 esi=C0FD3710 edi=C0FD377C esp=C0ED4E04
  IRQS raised 32901 2 0 0 0 0 18 0 | acked 32811 2 0 0 0 0 18 0
HEARTBEAT [0028:C0008E2D] cpl=0 pm=1 v86=0 if=0 pic imr=A8 isr=00 irr=00 | 80 E1 7F F6 07 01 0F 84 83 00 00 00 33 C0 E8 2D | eax=FFFF01FF ebx=C15200E8 ecx=00000035 edx=C0FD3690 esi=C0FD3710 edi=C0FD377C esp=C0ED4E04
  IRQS raised 33047 2 0 0 0 0 18 0 | acked 32957 2 0 0 0 0 18 0
HEARTBEAT [0028:C0008EF6] cpl=0 pm=1 v86=0 if=0 pic imr=A8 isr=00 irr=00 | FA 8B 54 24 0C FF 54 24 08 0F 85 22 FF FF FF F6 | eax=00000000 ebx=C15200E8 ecx=00000035 edx=C0FD3690 esi=C0FD3710 edi=C0FD377C esp=C0ED4E04
  IRQS raised 33192 2 0 0 0 0 18 0 | acked 33102 2 0 0 0 0 18 0
HEARTBEAT [0028:C0008EF6] cpl=0 pm=1 v86=0 if=0 pic imr=A8 isr=00 irr=00 | FA 8B 54 24 0C FF 54 24 08 0F 85 22 FF FF FF F6 | eax=00000000 ebx=C15200E8 ecx=00000035 edx=C0FD3690 esi=C0FD3710 edi=C0FD377C esp=C0ED4E04
  IRQS raised 33338 2 0 0 0 0 18 0 | acked 33248 2 0 0 0 0 18 0
HEARTBEAT [0028:C000316E] cpl=0 pm=1 v86=0 if=0 pic imr=A8 isr=00 irr=00 | 8B F0 33 C0 3B 05 F0 E9 00 C0 75 0A 5E C3 48 5E | eax=00000000 ebx=C15200E8 ecx=00000035 edx=C0FD3690 esi=C0FD3710 edi=C0FD377C esp=C0ED4DFC
  IRQS raised 33484 2 0 0 0 0 18 0 | acked 33394 2 0 0 0 0 18 0
HEARTBEAT [0028:C000316E] cpl=0 pm=1 v86=0 if=0 pic imr=A8 isr=00 irr=00 | 8B F0 33 C0 3B 05 F0 E9 00 C0 75 0A 5E C3 48 5E | eax=00000000 ebx=C15200E8 ecx=00000035 edx=C0FD3690 esi=C0FD3710 edi=C0FD377C esp=C0ED4DFC
  IRQS raised 33629 2 0 0 0 0 18 0 | acked 33539 2 0 0 0 0 18 0
HEARTBEAT [0028:C0008F4A] cpl=0 pm=1 v86=0 if=0 pic imr=A8 isr=00 irr=00 | 74 3E FF 35 F0 E9 00 C0 FB 90 8B 54 24 10 FA FF | eax=00000000 ebx=C15200E8 ecx=00000035 edx=C0FD3690 esi=C0FD3710 edi=C0FD377C esp=C0ED4E04
  IRQS raised 33775 2 0 0 0 0 18 0 | acked 33685 2 0 0 0 0 18 0
HEARTBEAT [0028:C0008F4A] cpl=0 pm=1 v86=0 if=0 pic imr=A8 isr=00 irr=00 | 74 3E FF 35 F0 E9 00 C0 FB 90 8B 54 24 10 FA FF | eax=00000000 ebx=C15200E8 ecx=00000035 edx=C0FD3690 esi=C0FD3710 edi=C0FD377C esp=C0ED4E04
  IRQS raised 33921 2 0 0 0 0 18 0 | acked 33831 2 0 0 0 0 18 0
HEARTBEAT [0028:C0008E39] cpl=0 pm=1 v86=0 if=0 pic imr=A8 isr=00 irr=00 | 33 C0 E8 2D A3 FF FF 0F 84 91 00 00 00 F6 C1 20 | eax=FFFF01FF ebx=C15200E8 ecx=00000035 edx=C0FD3690 esi=C0FD3710 edi=C0FD377C esp=C0ED4E04
  IRQS raised 34066 2 0 0 0 0 18 0 | acked 33976 2 0 0 0 0 18 0
HEARTBEAT [0028:C0008F94] cpl=0 pm=1 v86=0 if=0 pic imr=A8 isr=00 irr=00 | 0F 85 43 FF FF FF F6 07 01 74 05 F6 C1 80 74 1C | eax=00000000 ebx=C15200E8 ecx=00000035 edx=C0FD3690 esi=C0FD3710 edi=C0FD377C esp=C0ED4E04
  IRQS raised 34212 2 0 0 0 0 18 0 | acked 34122 2 0 0 0 0 18 0
HEARTBEAT [0137:BFF71BD2] cpl=3 pm=1 v86=0 if=1 pic imr=A8 isr=00 irr=00 | 0F B7 05 04 FA FB BF 0F 03 D0 3B CA 77 34 03 0D | eax=00000000 ebx=8018FCA4 ecx=00000817 edx=BFF92383 esi=0000013F edi=30621587 esp=8018FC70
  IRQS raised 34358 2 0 0 0 0 18 0 | acked 34268 2 0 0 0 0 18 0
HEARTBEAT [0028:C0008F94] cpl=0 pm=1 v86=0 if=0 pic imr=A8 isr=00 irr=00 | 0F 85 43 FF FF FF F6 07 01 74 05 F6 C1 80 74 1C | eax=00000000 ebx=C15200E8 ecx=00000035 edx=C0FD3690 esi=C0FD3710 edi=C0FD377C esp=C0ED4E04
  IRQS raised 34503 2 0 0 0 0 18 0 | acked 34413 2 0 0 0 0 18 0
HEARTBEAT [0028:C0008F4A] cpl=0 pm=1 v86=0 if=0 pic imr=A8 isr=00 irr=00 | 74 3E FF 35 F0 E9 00 C0 FB 90 8B 54 24 10 FA FF | eax=00000000 ebx=C15200E8 ecx=00000035 edx=C0FD3690 esi=C0FD3710 edi=C0FD377C esp=C0ED4E04
  IRQS raised 34649 2 0 0 0 0 18 0 | acked 34559 2 0 0 0 0 18 0
HEARTBEAT [0028:C0003178] cpl=0 pm=1 v86=0 if=0 pic imr=A8 isr=00 irr=00 | 75 0A 5E C3 48 5E C3 33 C0 56 33 F6 8B 6B 08 39 | eax=00000000 ebx=C15200E8 ecx=00000035 edx=C0FD3690 esi=00000000 edi=C0FD377C esp=C0ED4DFC
  IRQS raised 34794 2 0 0 0 0 18 0 | acked 34704 2 0 0 0 0 18 0
HEARTBEAT [0028:C0008EF6] cpl=0 pm=1 v86=0 if=0 pic imr=A8 isr=00 irr=00 | FA 8B 54 24 0C FF 54 24 08 0F 85 22 FF FF FF F6 | eax=00000000 ebx=C15200E8 ecx=00000035 edx=C0FD3690 esi=C0FD3710 edi=C0FD377C esp=C0ED4E04
  IRQS raised 34940 2 0 0 0 0 18 0 | acked 34850 2 0 0 0 0 18 0
HEARTBEAT [0028:C0008EF6] cpl=0 pm=1 v86=0 if=0 pic imr=A8 isr=00 irr=00 | FA 8B 54 24 0C FF 54 24 08 0F 85 22 FF FF FF F6 | eax=00000000 ebx=C15200E8 ecx=00000035 edx=C0FD3690 esi=C0FD3710 edi=C0FD377C esp=C0ED4E04
  IRQS raised 35086 2 0 0 0 0 18 0 | acked 34996 2 0 0 0 0 18 0
HEARTBEAT [0028:C0008C1F] cpl=0 pm=1 v86=0 if=0 pic imr=A8 isr=00 irr=00 | C3 53 F6 07 04 75 34 81 7F 3C 00 00 10 00 73 1D | eax=FFFF01FF ebx=C15200E8 ecx=00000035 edx=C0FD3690 esi=C0FD3710 edi=C0FD377C esp=C0ED4E00
  IRQS raised 35231 2 0 0 0 0 18 0 | acked 35141 2 0 0 0 0 18 0
HEARTBEAT [0028:C0008E39] cpl=0 pm=1 v86=0 if=0 pic imr=A8 isr=00 irr=00 | 33 C0 E8 2D A3 FF FF 0F 84 91 00 00 00 F6 C1 20 | eax=FFFF01FF ebx=C15200E8 ecx=00000035 edx=C0FD3690 esi=C0FD3710 edi=C0FD377C esp=C0ED4E04
  IRQS raised 35377 2 0 0 0 0 18 0 | acked 35287 2 0 0 0 0 18 0
HEARTBEAT [0028:C0008F40] cpl=0 pm=1 v86=0 if=0 pic imr=A8 isr=00 irr=00 | 81 3D 9C 0C 01 C0 98 0C 01 C0 74 3E FF 35 F0 E9 | eax=00000000 ebx=C15200E8 ecx=00000035 edx=C0FD3690 esi=C0FD3710 edi=C0FD377C esp=C0ED4E04
  IRQS raised 35523 2 0 0 0 0 18 0 | acked 35433 2 0 0 0 0 18 0
HEARTBEAT [0028:C0008C1B] cpl=0 pm=1 v86=0 if=0 pic imr=A8 isr=00 irr=00 | 48 C0 EC 07 C3 53 F6 07 04 75 34 81 7F 3C 00 00 | eax=00000000 ebx=C15200E8 ecx=00000035 edx=C0FD3690 esi=C0FD3710 edi=C0FD377C esp=C0ED4E00
  IRQS raised 35668 2 0 0 0 0 18 0 | acked 35578 2 0 0 0 0 18 0
HEARTBEAT [0028:C0008FC0] cpl=0 pm=1 v86=0 if=0 pic imr=A8 isr=00 irr=00 | FB 90 90 FA E9 2D FF FF FF 51 33 C9 41 85 C0 74 | eax=00000000 ebx=C15200E8 ecx=00000035 edx=C0FD3690 esi=C0FD3710 edi=C0FD377C esp=C0ED4E04
  IRQS raised 35814 2 0 0 0 0 18 0 | acked 35724 2 0 0 0 0 18 0
HEARTBEAT [0028:C0008EF6] cpl=0 pm=1 v86=0 if=0 pic imr=A8 isr=00 irr=00 | FA 8B 54 24 0C FF 54 24 08 0F 85 22 FF FF FF F6 | eax=00000000 ebx=C15200E8 ecx=00000035 edx=C0FD3690 esi=C0FD3710 edi=C0FD377C esp=C0ED4E04
  IRQS raised 35960 2 0 0 0 0 18 0 | acked 35870 2 0 0 0 0 18 0
HEARTBEAT [0028:C0008FC1] cpl=0 pm=1 v86=0 if=1 pic imr=A8 isr=00 irr=00 | 90 90 FA E9 2D FF FF FF 51 33 C9 41 85 C0 74 0D | eax=00000000 ebx=C15200E8 ecx=00000035 edx=C0FD3690 esi=C0FD3710 edi=C0FD377C esp=C0ED4E04
  IRQS raised 36105 2 0 0 0 0 18 0 | acked 36015 2 0 0 0 0 18 0
HEARTBEAT [0028:C0008FC0] cpl=0 pm=1 v86=0 if=0 pic imr=A8 isr=00 irr=00 | FB 90 90 FA E9 2D FF FF FF 51 33 C9 41 85 C0 74 | eax=00000000 ebx=C15200E8 ecx=00000035 edx=C0FD3690 esi=C0FD3710 edi=C0FD377C esp=C0ED4E04
  IRQS raised 36251 2 0 0 0 0 18 0 | acked 36161 2 0 0 0 0 18 0
HEARTBEAT [0028:C0008E39] cpl=0 pm=1 v86=0 if=0 pic imr=A8 isr=00 irr=00 | 33 C0 E8 2D A3 FF FF 0F 84 91 00 00 00 F6 C1 20 | eax=FFFF01FF ebx=C15200E8 ecx=00000035 edx=C0FD3690 esi=C0FD3710 edi=C0FD377C esp=C0ED4E04
  IRQS raised 36397 2 0 0 0 0 18 0 | acked 36307 2 0 0 0 0 18 0
HEARTBEAT [0028:C0008FC0] cpl=0 pm=1 v86=0 if=0 pic imr=A8 isr=00 irr=00 | FB 90 90 FA E9 2D FF FF FF 51 33 C9 41 85 C0 74 | eax=00000000 ebx=C15200E8 ecx=00000035 edx=C0FD3690 esi=C0FD3710 edi=C0FD377C esp=C0ED4E04
  IRQS raised 36542 2 0 0 0 0 18 0 | acked 36452 2 0 0 0 0 18 0
HEARTBEAT [0028:C0008E2D] cpl=0 pm=1 v86=0 if=0 pic imr=A8 isr=00 irr=00 | 80 E1 7F F6 07 01 0F 84 83 00 00 00 33 C0 E8 2D | eax=FFFF01FF ebx=C15200E8 ecx=00000035 edx=C0FD3690 esi=C0FD3710 edi=C0FD377C esp=C0ED4E04
  IRQS raised 36688 2 0 0 0 0 18 0 | acked 36598 2 0 0 0 0 18 0
HEARTBEAT [0028:C0008F4A] cpl=0 pm=1 v86=0 if=0 pic imr=A8 isr=00 irr=00 | 74 3E FF 35 F0 E9 00 C0 FB 90 8B 54 24 10 FA FF | eax=00000000 ebx=C15200E8 ecx=00000035 edx=C0FD3690 esi=C0FD3710 edi=C0FD377C esp=C0ED4E04
  IRQS raised 36834 2 0 0 0 0 18 0 | acked 36744 2 0 0 0 0 18 0
HEARTBEAT [0028:C000316D] cpl=0 pm=1 v86=0 if=0 pic imr=A8 isr=00 irr=00 | 56 8B F0 33 C0 3B 05 F0 E9 00 C0 75 0A 5E C3 48 | eax=00000000 ebx=C15200E8 ecx=00000035 edx=C0FD3690 esi=C0FD3710 edi=C0FD377C esp=C0ED4E00
  IRQS raised 36979 2 0 0 0 0 18 0 | acked 36889 2 0 0 0 0 18 0
HEARTBEAT [0028:C0008F40] cpl=0 pm=1 v86=0 if=0 pic imr=A8 isr=00 irr=00 | 81 3D 9C 0C 01 C0 98 0C 01 C0 74 3E FF 35 F0 E9 | eax=00000000 ebx=C15200E8 ecx=00000035 edx=C0FD3690 esi=C0FD3710 edi=C0FD377C esp=C0ED4E04
  IRQS raised 37125 2 0 0 0 0 18 0 | acked 37035 2 0 0 0 0 18 0
HEARTBEAT [0028:C000316D] cpl=0 pm=1 v86=0 if=0 pic imr=A8 isr=00 irr=00 | 56 8B F0 33 C0 3B 05 F0 E9 00 C0 75 0A 5E C3 48 | eax=00000000 ebx=C15200E8 ecx=00000035 edx=C0FD3690 esi=C0FD3710 edi=C0FD377C esp=C0ED4E00
  IRQS raised 37271 2 0 0 0 0 18 0 | acked 37181 2 0 0 0 0 18 0
HEARTBEAT [0028:C0008ED7] cpl=0 pm=1 v86=0 if=0 pic imr=A8 isr=00 irr=00 | 80 7F CC 00 74 63 51 E8 DB 02 00 00 E8 89 0B 00 | eax=00000000 ebx=C15200E8 ecx=00000035 edx=C0FD3690 esi=C0FD3710 edi=C0FD377C esp=C0ED4E04
  IRQS raised 37416 2 0 0 0 0 18 0 | acked 37326 2 0 0 0 0 18 0
HEARTBEAT [0028:C0008F4A] cpl=0 pm=1 v86=0 if=0 pic imr=A8 isr=00 irr=00 | 74 3E FF 35 F0 E9 00 C0 FB 90 8B 54 24 10 FA FF | eax=00000000 ebx=C15200E8 ecx=00000035 edx=C0FD3690 esi=C0FD3710 edi=C0FD377C esp=C0ED4E04
  IRQS raised 37562 2 0 0 0 0 18 0 | acked 37472 2 0 0 0 0 18 0
HEARTBEAT [0028:C00038F2] cpl=0 pm=1 v86=0 if=1 pic imr=A8 isr=00 irr=00 | FA 03 41 0C 79 05 B8 FF FF FF 7F 8B F9 8B 09 3B | eax=00000010 ebx=C15200E8 ecx=C000EA20 edx=00000000 esi=C0FCE2B8 edi=C000A1C1 esp=C0ED4D9C
  IRQS raised 37708 2 0 0 0 0 18 0 | acked 37618 2 0 0 0 0 18 0
HEARTBEAT [0028:C0008F94] cpl=0 pm=1 v86=0 if=0 pic imr=A8 isr=00 irr=00 | 0F 85 43 FF FF FF F6 07 01 74 05 F6 C1 80 74 1C | eax=00000000 ebx=C15200E8 ecx=00000035 edx=C0FD3690 esi=C0FD3710 edi=C0FD377C esp=C0ED4E04
  IRQS raised 37853 2 0 0 0 0 18 0 | acked 37763 2 0 0 0 0 18 0
HEARTBEAT [0028:C0003178] cpl=0 pm=1 v86=0 if=0 pic imr=A8 isr=00 irr=00 | 75 0A 5E C3 48 5E C3 33 C0 56 33 F6 8B 6B 08 39 | eax=00000000 ebx=C15200E8 ecx=00000035 edx=C0FD3690 esi=00000000 edi=C0FD377C esp=C0ED4DFC
  IRQS raised 37999 2 0 0 0 0 18 0 | acked 37909 2 0 0 0 0 18 0
HEARTBEAT [0028:C0008FC1] cpl=0 pm=1 v86=0 if=1 pic imr=A8 isr=00 irr=00 | 90 90 FA E9 2D FF FF FF 51 33 C9 41 85 C0 74 0D | eax=00000000 ebx=C15200E8 ecx=00000035 edx=C0FD3690 esi=C0FD3710 edi=C0FD377C esp=C0ED4E04
  IRQS raised 38144 2 0 0 0 0 18 0 | acked 38054 2 0 0 0 0 18 0
HEARTBEAT [0028:C0008EF6] cpl=0 pm=1 v86=0 if=0 pic imr=A8 isr=00 irr=00 | FA 8B 54 24 0C FF 54 24 08 0F 85 22 FF FF FF F6 | eax=00000000 ebx=C15200E8 ecx=00000035 edx=C0FD3690 esi=C0FD3710 edi=C0FD377C esp=C0ED4E04
  IRQS raised 38290 2 0 0 0 0 18 0 | acked 38200 2 0 0 0 0 18 0
HEARTBEAT [0028:C000316D] cpl=0 pm=1 v86=0 if=0 pic imr=A8 isr=00 irr=00 | 56 8B F0 33 C0 3B 05 F0 E9 00 C0 75 0A 5E C3 48 | eax=00000000 ebx=C15200E8 ecx=00000035 edx=C0FD3690 esi=C0FD3710 edi=C0FD377C esp=C0ED4E00
  IRQS raised 38436 2 0 0 0 0 18 0 | acked 38346 2 0 0 0 0 18 0
HEARTBEAT [0028:C0008FC0] cpl=0 pm=1 v86=0 if=0 pic imr=A8 isr=00 irr=00 | FB 90 90 FA E9 2D FF FF FF 51 33 C9 41 85 C0 74 | eax=00000000 ebx=C15200E8 ecx=00000035 edx=C0FD3690 esi=C0FD3710 edi=C0FD377C esp=C0ED4E04
  IRQS raised 38581 2 0 0 0 0 18 0 | acked 38491 2 0 0 0 0 18 0
HEARTBEAT [0028:C0008F9D] cpl=0 pm=1 v86=0 if=0 pic imr=A8 isr=00 irr=00 | 74 05 F6 C1 80 74 1C A1 E4 06 01 C0 66 83 3D F0 | eax=00000000 ebx=C15200E8 ecx=00000035 edx=C0FD3690 esi=C0FD3710 edi=C0FD377C esp=C0ED4E04
  IRQS raised 38727 2 0 0 0 0 18 0 | acked 38637 2 0 0 0 0 18 0
HEARTBEAT [0028:C0008F94] cpl=0 pm=1 v86=0 if=0 pic imr=A8 isr=00 irr=00 | 0F 85 43 FF FF FF F6 07 01 74 05 F6 C1 80 74 1C | eax=00000000 ebx=C15200E8 ecx=00000035 edx=C0FD3690 esi=C0FD3710 edi=C0FD377C esp=C0ED4E04
  IRQS raised 38873 2 0 0 0 0 18 0 | acked 38783 2 0 0 0 0 18 0
HEARTBEAT [0028:C0008FC1] cpl=0 pm=1 v86=0 if=1 pic imr=A8 isr=00 irr=00 | 90 90 FA E9 2D FF FF FF 51 33 C9 41 85 C0 74 0D | eax=00000000 ebx=C15200E8 ecx=00000035 edx=C0FD3690 esi=C0FD3710 edi=C0FD377C esp=C0ED4E04
  IRQS raised 39018 2 0 0 0 0 18 0 | acked 38928 2 0 0 0 0 18 0
HEARTBEAT [0028:C0008ED7] cpl=0 pm=1 v86=0 if=0 pic imr=A8 isr=00 irr=00 | 80 7F CC 00 74 63 51 E8 DB 02 00 00 E8 89 0B 00 | eax=00000000 ebx=C15200E8 ecx=00000035 edx=C0FD3690 esi=C0FD3710 edi=C0FD377C esp=C0ED4E04
  IRQS raised 39164 2 0 0 0 0 18 0 | acked 39074 2 0 0 0 0 18 0
HEARTBEAT [0028:C0008F4A] cpl=0 pm=1 v86=0 if=0 pic imr=A8 isr=00 irr=00 | 74 3E FF 35 F0 E9 00 C0 FB 90 8B 54 24 10 FA FF | eax=00000000 ebx=C15200E8 ecx=00000035 edx=C0FD3690 esi=C0FD3710 edi=C0FD377C esp=C0ED4E04
  IRQS raised 39310 2 0 0 0 0 18 0 | acked 39220 2 0 0 0 0 18 0
HEARTBEAT [0028:C0008E27] cpl=0 pm=1 v86=0 if=0 pic imr=A8 isr=00 irr=00 | 8B 1D 1C 07 01 C0 80 E1 7F F6 07 01 0F 84 83 00 | eax=FFFF01FF ebx=C15200E8 ecx=00000035 edx=C0FD3690 esi=C0FD3710 edi=C0FD377C esp=C0ED4E04
  IRQS raised 39455 2 0 0 0 0 18 0 | acked 39365 2 0 0 0 0 18 0
HEARTBEAT [0028:C0008E27] cpl=0 pm=1 v86=0 if=0 pic imr=A8 isr=00 irr=00 | 8B 1D 1C 07 01 C0 80 E1 7F F6 07 01 0F 84 83 00 | eax=FFFF01FF ebx=C15200E8 ecx=00000035 edx=C0FD3690 esi=C0FD3710 edi=C0FD377C esp=C0ED4E04
  IRQS raised 39601 2 0 0 0 0 18 0 | acked 39511 2 0 0 0 0 18 0
HEARTBEAT [0028:C0008F4A] cpl=0 pm=1 v86=0 if=0 pic imr=A8 isr=00 irr=00 | 74 3E FF 35 F0 E9 00 C0 FB 90 8B 54 24 10 FA FF | eax=00000000 ebx=C15200E8 ecx=00000035 edx=C0FD3690 esi=C0FD3710 edi=C0FD377C esp=C0ED4E04
  IRQS raised 39747 2 0 0 0 0 18 0 | acked 39657 2 0 0 0 0 18 0
HEARTBEAT [0028:C0008ED7] cpl=0 pm=1 v86=0 if=0 pic imr=A8 isr=00 irr=00 | 80 7F CC 00 74 63 51 E8 DB 02 00 00 E8 89 0B 00 | eax=00000000 ebx=C15200E8 ecx=00000035 edx=C0FD3690 esi=C0FD3710 edi=C0FD377C esp=C0ED4E04
  IRQS raised 39892 2 0 0 0 0 18 0 | acked 39802 2 0 0 0 0 18 0
HEARTBEAT [0028:C0008ED7] cpl=0 pm=1 v86=0 if=0 pic imr=A8 isr=00 irr=00 | 80 7F CC 00 74 63 51 E8 DB 02 00 00 E8 89 0B 00 | eax=00000000 ebx=C15200E8 ecx=00000035 edx=C0FD3690 esi=C0FD3710 edi=C0FD377C esp=C0ED4E04
  IRQS raised 40038 2 0 0 0 0 18 0 | acked 39948 2 0 0 0 0 18 0
HEARTBEAT [0028:C0008F94] cpl=0 pm=1 v86=0 if=0 pic imr=A8 isr=00 irr=00 | 0F 85 43 FF FF FF F6 07 01 74 05 F6 C1 80 74 1C | eax=00000000 ebx=C15200E8 ecx=00000035 edx=C0FD3690 esi=C0FD3710 edi=C0FD377C esp=C0ED4E04
  IRQS raised 40184 2 0 0 0 0 18 0 | acked 40094 2 0 0 0 0 18 0
HEARTBEAT [0028:C0008F40] cpl=0 pm=1 v86=0 if=0 pic imr=A8 isr=00 irr=00 | 81 3D 9C 0C 01 C0 98 0C 01 C0 74 3E FF 35 F0 E9 | eax=00000000 ebx=C15200E8 ecx=00000035 edx=C0FD3690 esi=C0FD3710 edi=C0FD377C esp=C0ED4E04
  IRQS raised 40329 2 0 0 0 0 18 0 | acked 40239 2 0 0 0 0 18 0
HEARTBEAT [0028:C0008EF6] cpl=0 pm=1 v86=0 if=0 pic imr=A8 isr=00 irr=00 | FA 8B 54 24 0C FF 54 24 08 0F 85 22 FF FF FF F6 | eax=00000000 ebx=C15200E8 ecx=00000035 edx=C0FD3690 esi=C0FD3710 edi=C0FD377C esp=C0ED4E04
  IRQS raised 40475 2 0 0 0 0 18 0 | acked 40385 2 0 0 0 0 18 0
HEARTBEAT [0028:C0008F40] cpl=0 pm=1 v86=0 if=0 pic imr=A8 isr=00 irr=00 | 81 3D 9C 0C 01 C0 98 0C 01 C0 74 3E FF 35 F0 E9 | eax=00000000 ebx=C15200E8 ecx=00000035 edx=C0FD3690 esi=C0FD3710 edi=C0FD377C esp=C0ED4E04
  IRQS raised 40621 2 0 0 0 0 18 0 | acked 40531 2 0 0 0 0 18 0
HEARTBEAT [0028:C0008F94] cpl=0 pm=1 v86=0 if=0 pic imr=A8 isr=00 irr=00 | 0F 85 43 FF FF FF F6 07 01 74 05 F6 C1 80 74 1C | eax=00000000 ebx=C15200E8 ecx=00000035 edx=C0FD3690 esi=C0FD3710 edi=C0FD377C esp=C0ED4E04
  IRQS raised 40766 2 0 0 0 0 18 0 | acked 40676 2 0 0 0 0 18 0
HEARTBEAT [0028:C0008FC1] cpl=0 pm=1 v86=0 if=1 pic imr=A8 isr=00 irr=00 | 90 90 FA E9 2D FF FF FF 51 33 C9 41 85 C0 74 0D | eax=00000000 ebx=C15200E8 ecx=00000035 edx=C0FD3690 esi=C0FD3710 edi=C0FD377C esp=C0ED4E04
  IRQS raised 40912 2 0 0 0 0 18 0 | acked 40822 2 0 0 0 0 18 0
HEARTBEAT [0137:BFF7423C] cpl=3 pm=1 v86=0 if=1 pic imr=A8 isr=00 irr=00 | 8B 0D 78 C2 FB BF 8B 09 8B 41 60 FF 40 28 FF 4A | eax=81514470 ebx=8018FCA4 ecx=C0FD3690 edx=0001FC64 esi=0000013F edi=30621587 esp=8018FC70
  IRQS raised 41058 2 0 0 0 0 18 0 | acked 40968 2 0 0 0 0 18 0
HEARTBEAT [0028:C0008C18] cpl=0 pm=1 v86=0 if=0 pic imr=A8 isr=00 irr=00 | 66 8B 06 48 C0 EC 07 C3 53 F6 07 04 75 34 81 7F | eax=00000000 ebx=C15200E8 ecx=00000035 edx=C0FD3690 esi=C0FD3710 edi=C0FD377C esp=C0ED4E00
  IRQS raised 41203 2 0 0 0 0 18 0 | acked 41113 2 0 0 0 0 18 0
HEARTBEAT [0028:C0008FC1] cpl=0 pm=1 v86=0 if=1 pic imr=A8 isr=00 irr=00 | 90 90 FA E9 2D FF FF FF 51 33 C9 41 85 C0 74 0D | eax=00000000 ebx=C15200E8 ecx=00000035 edx=C0FD3690 esi=C0FD3710 edi=C0FD377C esp=C0ED4E04
  IRQS raised 41349 2 0 0 0 0 18 0 | acked 41259 2 0 0 0 0 18 0
HEARTBEAT [0028:C0008F94] cpl=0 pm=1 v86=0 if=0 pic imr=A8 isr=00 irr=00 | 0F 85 43 FF FF FF F6 07 01 74 05 F6 C1 80 74 1C | eax=00000000 ebx=C15200E8 ecx=00000035 edx=C0FD3690 esi=C0FD3710 edi=C0FD377C esp=C0ED4E04
  IRQS raised 41494 2 0 0 0 0 18 0 | acked 41404 2 0 0 0 0 18 0
HEARTBEAT [0028:C0008ED7] cpl=0 pm=1 v86=0 if=0 pic imr=A8 isr=00 irr=00 | 80 7F CC 00 74 63 51 E8 DB 02 00 00 E8 89 0B 00 | eax=00000000 ebx=C15200E8 ecx=00000035 edx=C0FD3690 esi=C0FD3710 edi=C0FD377C esp=C0ED4E04
  IRQS raised 41640 2 0 0 0 0 18 0 | acked 41550 2 0 0 0 0 18 0
HEARTBEAT [0028:C0008E39] cpl=0 pm=1 v86=0 if=0 pic imr=A8 isr=00 irr=00 | 33 C0 E8 2D A3 FF FF 0F 84 91 00 00 00 F6 C1 20 | eax=FFFF01FF ebx=C15200E8 ecx=00000035 edx=C0FD3690 esi=C0FD3710 edi=C0FD377C esp=C0ED4E04
  IRQS raised 41786 2 0 0 0 0 18 0 | acked 41696 2 0 0 0 0 18 0
HEARTBEAT [0028:C000316D] cpl=0 pm=1 v86=0 if=0 pic imr=A8 isr=00 irr=00 | 56 8B F0 33 C0 3B 05 F0 E9 00 C0 75 0A 5E C3 48 | eax=00000000 ebx=C15200E8 ecx=00000035 edx=C0FD3690 esi=C0FD3710 edi=C0FD377C esp=C0ED4E00
  IRQS raised 41931 2 0 0 0 0 18 0 | acked 41841 2 0 0 0 0 18 0
HEARTBEAT [0028:C0008EDB] cpl=0 pm=1 v86=0 if=0 pic imr=A8 isr=00 irr=00 | 74 63 51 E8 DB 02 00 00 E8 89 0B 00 00 59 FB EB | eax=00000000 ebx=C15200E8 ecx=00000035 edx=C0FD3690 esi=C0FD3710 edi=C0FD377C esp=C0ED4E04
  IRQS raised 42077 2 0 0 0 0 18 0 | acked 41987 2 0 0 0 0 18 0
HEARTBEAT [0028:C0008E27] cpl=0 pm=1 v86=0 if=0 pic imr=A8 isr=00 irr=00 | 8B 1D 1C 07 01 C0 80 E1 7F F6 07 01 0F 84 83 00 | eax=FFFF01FF ebx=C15200E8 ecx=00000035 edx=C0FD3690 esi=C0FD3710 edi=C0FD377C esp=C0ED4E04
  IRQS raised 42223 2 0 0 0 0 18 0 | acked 42133 2 0 0 0 0 18 0
HEARTBEAT [0028:C0008E2D] cpl=0 pm=1 v86=0 if=0 pic imr=A8 isr=00 irr=00 | 80 E1 7F F6 07 01 0F 84 83 00 00 00 33 C0 E8 2D | eax=FFFF01FF ebx=C15200E8 ecx=00000035 edx=C0FD3690 esi=C0FD3710 edi=C0FD377C esp=C0ED4E04
  IRQS raised 42368 2 0 0 0 0 18 0 | acked 42278 2 0 0 0 0 18 0
HEARTBEAT [0028:C0008F9A] cpl=0 pm=1 v86=0 if=0 pic imr=A8 isr=00 irr=00 | F6 07 01 74 05 F6 C1 80 74 1C A1 E4 06 01 C0 66 | eax=00000000 ebx=C15200E8 ecx=00000035 edx=C0FD3690 esi=C0FD3710 edi=C0FD377C esp=C0ED4E04
  IRQS raised 42514 2 0 0 0 0 18 0 | acked 42424 2 0 0 0 0 18 0
HEARTBEAT [0028:C000317A] cpl=0 pm=1 v86=0 if=0 pic imr=A8 isr=00 irr=00 | 5E C3 48 5E C3 33 C0 56 33 F6 8B 6B 08 39 05 F4 | eax=00000000 ebx=C15200E8 ecx=00000035 edx=C0FD3690 esi=00000000 edi=C0FD377C esp=C0ED4DFC
  IRQS raised 42660 2 0 0 0 0 18 0 | acked 42570 2 0 0 0 0 18 0
HEARTBEAT [0028:C0008EFB] cpl=0 pm=1 v86=0 if=0 pic imr=A8 isr=00 irr=00 | FF 54 24 08 0F 85 22 FF FF FF F6 47 01 10 74 1C | eax=00000000 ebx=C15200E8 ecx=00000035 edx=C0FD3690 esi=C0FD3710 edi=C0FD377C esp=C0ED4E04
  IRQS raised 42805 2 0 0 0 0 18 0 | acked 42715 2 0 0 0 0 18 0
HEARTBEAT [0028:C0008C18] cpl=0 pm=1 v86=0 if=0 pic imr=A8 isr=00 irr=00 | 66 8B 06 48 C0 EC 07 C3 53 F6 07 04 75 34 81 7F | eax=00000000 ebx=C15200E8 ecx=00000035 edx=C0FD3690 esi=C0FD3710 edi=C0FD377C esp=C0ED4E00
  IRQS raised 42951 2 0 0 0 0 18 0 | acked 42861 2 0 0 0 0 18 0
HEARTBEAT [0028:C0008F4A] cpl=0 pm=1 v86=0 if=0 pic imr=A8 isr=00 irr=00 | 74 3E FF 35 F0 E9 00 C0 FB 90 8B 54 24 10 FA FF | eax=00000000 ebx=C15200E8 ecx=00000035 edx=C0FD3690 esi=C0FD3710 edi=C0FD377C esp=C0ED4E04
  IRQS raised 43097 2 0 0 0 0 18 0 | acked 43007 2 0 0 0 0 18 0
HEARTBEAT [0028:C0008EF6] cpl=0 pm=1 v86=0 if=0 pic imr=A8 isr=00 irr=00 | FA 8B 54 24 0C FF 54 24 08 0F 85 22 FF FF FF F6 | eax=00000000 ebx=C15200E8 ecx=00000035 edx=C0FD3690 esi=C0FD3710 edi=C0FD377C esp=C0ED4E04
  IRQS raised 43242 2 0 0 0 0 18 0 | acked 43152 2 0 0 0 0 18 0
HEARTBEAT [0028:C0008E27] cpl=0 pm=1 v86=0 if=0 pic imr=A8 isr=00 irr=00 | 8B 1D 1C 07 01 C0 80 E1 7F F6 07 01 0F 84 83 00 | eax=FFFF01FF ebx=C15200E8 ecx=00000035 edx=C0FD3690 esi=C0FD3710 edi=C0FD377C esp=C0ED4E04
  IRQS raised 43388 2 0 0 0 0 18 0 | acked 43298 2 0 0 0 0 18 0
HEARTBEAT [0028:C0008F4A] cpl=0 pm=1 v86=0 if=0 pic imr=A8 isr=00 irr=00 | 74 3E FF 35 F0 E9 00 C0 FB 90 8B 54 24 10 FA FF | eax=00000000 ebx=C15200E8 ecx=00000035 edx=C0FD3690 esi=C0FD3710 edi=C0FD377C esp=C0ED4E04
  IRQS raised 43534 2 0 0 0 0 18 0 | acked 43444 2 0 0 0 0 18 0
HEARTBEAT [0028:C0008FC0] cpl=0 pm=1 v86=0 if=0 pic imr=A8 isr=00 irr=00 | FB 90 90 FA E9 2D FF FF FF 51 33 C9 41 85 C0 74 | eax=00000000 ebx=C15200E8 ecx=00000035 edx=C0FD3690 esi=C0FD3710 edi=C0FD377C esp=C0ED4E04
  IRQS raised 43679 2 0 0 0 0 18 0 | acked 43589 2 0 0 0 0 18 0
HEARTBEAT [0028:C0008F94] cpl=0 pm=1 v86=0 if=0 pic imr=A8 isr=00 irr=00 | 0F 85 43 FF FF FF F6 07 01 74 05 F6 C1 80 74 1C | eax=00000000 ebx=C15200E8 ecx=00000035 edx=C0FD3690 esi=C0FD3710 edi=C0FD377C esp=C0ED4E04
  IRQS raised 43825 2 0 0 0 0 18 0 | acked 43735 2 0 0 0 0 18 0
HEARTBEAT [0028:C0008EDB] cpl=0 pm=1 v86=0 if=0 pic imr=A8 isr=00 irr=00 | 74 63 51 E8 DB 02 00 00 E8 89 0B 00 00 59 FB EB | eax=00000000 ebx=C15200E8 ecx=00000035 edx=C0FD3690 esi=C0FD3710 edi=C0FD377C esp=C0ED4E04
  IRQS raised 43971 2 0 0 0 0 18 0 | acked 43881 2 0 0 0 0 18 0
HEARTBEAT [0028:C0008EF6] cpl=0 pm=1 v86=0 if=0 pic imr=A8 isr=00 irr=00 | FA 8B 54 24 0C FF 54 24 08 0F 85 22 FF FF FF F6 | eax=00000000 ebx=C15200E8 ecx=00000035 edx=C0FD3690 esi=C0FD3710 edi=C0FD377C esp=C0ED4E04
  IRQS raised 44116 2 0 0 0 0 18 0 | acked 44026 2 0 0 0 0 18 0
HEARTBEAT [0028:C0008E30] cpl=0 pm=1 v86=0 if=0 pic imr=A8 isr=00 irr=00 | F6 07 01 0F 84 83 00 00 00 33 C0 E8 2D A3 FF FF | eax=FFFF01FF ebx=C15200E8 ecx=00000035 edx=C0FD3690 esi=C0FD3710 edi=C0FD377C esp=C0ED4E04
  IRQS raised 44262 2 0 0 0 0 18 0 | acked 44172 2 0 0 0 0 18 0
HEARTBEAT [0028:C0003347] cpl=0 pm=1 v86=0 if=0 pic imr=A8 isr=00 irr=00 | 89 15 E8 E9 00 C0 F7 D8 74 0C F6 C1 04 75 07 FF | eax=00000000 ebx=C15200E8 ecx=80000000 edx=C0FCEAA0 esi=00000000 edi=C0FD377C esp=C0ED4DD4
  IRQS raised 44408 2 0 0 0 0 18 0 | acked 44318 2 0 0 0 0 18 0
HEARTBEAT [0028:C0008F9F] cpl=0 pm=1 v86=0 if=0 pic imr=A8 isr=00 irr=00 | F6 C1 80 74 1C A1 E4 06 01 C0 66 83 3D F0 E9 00 | eax=00000000 ebx=C15200E8 ecx=00000035 edx=C0FD3690 esi=C0FD3710 edi=C0FD377C esp=C0ED4E04
  IRQS raised 44553 2 0 0 0 0 18 0 | acked 44463 2 0 0 0 0 18 0
HEARTBEAT [0028:C0008E2D] cpl=0 pm=1 v86=0 if=0 pic imr=A8 isr=00 irr=00 | 80 E1 7F F6 07 01 0F 84 83 00 00 00 33 C0 E8 2D | eax=FFFF01FF ebx=C15200E8 ecx=00000035 edx=C0FD3690 esi=C0FD3710 edi=C0FD377C esp=C0ED4E04
  IRQS raised 44699 2 0 0 0 0 18 0 | acked 44609 2 0 0 0 0 18 0
HEARTBEAT [0028:C0008EFB] cpl=0 pm=1 v86=0 if=0 pic imr=A8 isr=00 irr=00 | FF 54 24 08 0F 85 22 FF FF FF F6 47 01 10 74 1C | eax=00000000 ebx=C15200E8 ecx=00000035 edx=C0FD3690 esi=C0FD3710 edi=C0FD377C esp=C0ED4E04
  IRQS raised 44844 2 0 0 0 0 18 0 | acked 44754 2 0 0 0 0 18 0
HEARTBEAT [0028:C0008FC0] cpl=0 pm=1 v86=0 if=0 pic imr=A8 isr=00 irr=00 | FB 90 90 FA E9 2D FF FF FF 51 33 C9 41 85 C0 74 | eax=00000000 ebx=C15200E8 ecx=00000035 edx=C0FD3690 esi=C0FD3710 edi=C0FD377C esp=C0ED4E04
  IRQS raised 44990 2 0 0 0 0 18 0 | acked 44900 2 0 0 0 0 18 0
HEARTBEAT [0028:C0008C1F] cpl=0 pm=1 v86=0 if=0 pic imr=A8 isr=00 irr=00 | C3 53 F6 07 04 75 34 81 7F 3C 00 00 10 00 73 1D | eax=FFFF01FF ebx=C15200E8 ecx=00000035 edx=C0FD3690 esi=C0FD3710 edi=C0FD377C esp=C0ED4E00
  IRQS raised 45136 2 0 0 0 0 18 0 | acked 45046 2 0 0 0 0 18 0
HEARTBEAT [0028:C0008ED7] cpl=0 pm=1 v86=0 if=0 pic imr=A8 isr=00 irr=00 | 80 7F CC 00 74 63 51 E8 DB 02 00 00 E8 89 0B 00 | eax=00000000 ebx=C15200E8 ecx=00000035 edx=C0FD3690 esi=C0FD3710 edi=C0FD377C esp=C0ED4E04
  IRQS raised 45281 2 0 0 0 0 18 0 | acked 45191 2 0 0 0 0 18 0
HEARTBEAT [0028:C0008C1B] cpl=0 pm=1 v86=0 if=0 pic imr=A8 isr=00 irr=00 | 48 C0 EC 07 C3 53 F6 07 04 75 34 81 7F 3C 00 00 | eax=00000000 ebx=C15200E8 ecx=00000035 edx=C0FD3690 esi=C0FD3710 edi=C0FD377C esp=C0ED4E00
  IRQS raised 45427 2 0 0 0 0 18 0 | acked 45337 2 0 0 0 0 18 0
HEARTBEAT [0028:C0008EFB] cpl=0 pm=1 v86=0 if=0 pic imr=A8 isr=00 irr=00 | FF 54 24 08 0F 85 22 FF FF FF F6 47 01 10 74 1C | eax=00000000 ebx=C15200E8 ecx=00000035 edx=C0FD3690 esi=C0FD3710 edi=C0FD377C esp=C0ED4E04
  IRQS raised 45573 2 0 0 0 0 18 0 | acked 45483 2 0 0 0 0 18 0
HEARTBEAT [0028:C0003178] cpl=0 pm=1 v86=0 if=0 pic imr=A8 isr=00 irr=00 | 75 0A 5E C3 48 5E C3 33 C0 56 33 F6 8B 6B 08 39 | eax=00000000 ebx=C15200E8 ecx=00000035 edx=C0FD3690 esi=00000000 edi=C0FD377C esp=C0ED4DFC
  IRQS raised 45718 2 0 0 0 0 18 0 | acked 45628 2 0 0 0 0 18 0
HEARTBEAT [0028:C0003178] cpl=0 pm=1 v86=0 if=0 pic imr=A8 isr=00 irr=00 | 75 0A 5E C3 48 5E C3 33 C0 56 33 F6 8B 6B 08 39 | eax=00000000 ebx=C15200E8 ecx=00000035 edx=C0FD3690 esi=00000000 edi=C0FD377C esp=C0ED4DFC
  IRQS raised 45864 2 0 0 0 0 18 0 | acked 45774 2 0 0 0 0 18 0
HEARTBEAT [0028:C0008FC0] cpl=0 pm=1 v86=0 if=0 pic imr=A8 isr=00 irr=00 | FB 90 90 FA E9 2D FF FF FF 51 33 C9 41 85 C0 74 | eax=00000000 ebx=C15200E8 ecx=00000035 edx=C0FD3690 esi=C0FD3710 edi=C0FD377C esp=C0ED4E04
  IRQS raised 46010 2 0 0 0 0 18 0 | acked 45920 2 0 0 0 0 18 0
HEARTBEAT [0028:C0008C1F] cpl=0 pm=1 v86=0 if=0 pic imr=A8 isr=00 irr=00 | C3 53 F6 07 04 75 34 81 7F 3C 00 00 10 00 73 1D | eax=FFFF01FF ebx=C15200E8 ecx=00000035 edx=C0FD3690 esi=C0FD3710 edi=C0FD377C esp=C0ED4E00
  IRQS raised 46155 2 0 0 0 0 18 0 | acked 46065 2 0 0 0 0 18 0
HEARTBEAT [0028:C0008F4A] cpl=0 pm=1 v86=0 if=0 pic imr=A8 isr=00 irr=00 | 74 3E FF 35 F0 E9 00 C0 FB 90 8B 54 24 10 FA FF | eax=00000000 ebx=C15200E8 ecx=00000035 edx=C0FD3690 esi=C0FD3710 edi=C0FD377C esp=C0ED4E04
  IRQS raised 46301 2 0 0 0 0 18 0 | acked 46211 2 0 0 0 0 18 0
HEARTBEAT [0028:C00099C5] cpl=0 pm=1 v86=0 if=1 pic imr=A8 isr=00 irr=00 | EB 0F 8B 04 24 8B 3D A8 06 01 C0 FF 71 FC FF 11 | eax=C15200B6 ebx=C15200E8 ecx=C0FCEC4C edx=C0FCE0C0 esi=C0FD2C10 edi=C0FD377C esp=C0ED4DA0
  IRQS raised 46447 2 0 0 0 0 18 0 | acked 46357 2 0 0 0 0 18 0
HEARTBEAT [0028:C000316D] cpl=0 pm=1 v86=0 if=0 pic imr=A8 isr=00 irr=00 | 56 8B F0 33 C0 3B 05 F0 E9 00 C0 75 0A 5E C3 48 | eax=00000000 ebx=C15200E8 ecx=00000035 edx=C0FD3690 esi=C0FD3710 edi=C0FD377C esp=C0ED4E00
  IRQS raised 46592 2 0 0 0 0 18 0 | acked 46502 2 0 0 0 0 18 0
HEARTBEAT [0028:C0008E27] cpl=0 pm=1 v86=0 if=0 pic imr=A8 isr=00 irr=00 | 8B 1D 1C 07 01 C0 80 E1 7F F6 07 01 0F 84 83 00 | eax=FFFF01FF ebx=C15200E8 ecx=00000035 edx=C0FD3690 esi=C0FD3710 edi=C0FD377C esp=C0ED4E04
  IRQS raised 46738 2 0 0 0 0 18 0 | acked 46648 2 0 0 0 0 18 0
HEARTBEAT [0028:C0008E39] cpl=0 pm=1 v86=0 if=0 pic imr=A8 isr=00 irr=00 | 33 C0 E8 2D A3 FF FF 0F 84 91 00 00 00 F6 C1 20 | eax=FFFF01FF ebx=C15200E8 ecx=00000035 edx=C0FD3690 esi=C0FD3710 edi=C0FD377C esp=C0ED4E04
  IRQS raised 46884 2 0 0 0 0 18 0 | acked 46794 2 0 0 0 0 18 0
HEARTBEAT [0028:C0008E39] cpl=0 pm=1 v86=0 if=0 pic imr=A8 isr=00 irr=00 | 33 C0 E8 2D A3 FF FF 0F 84 91 00 00 00 F6 C1 20 | eax=FFFF01FF ebx=C15200E8 ecx=00000035 edx=C0FD3690 esi=C0FD3710 edi=C0FD377C esp=C0ED4E04
  IRQS raised 47029 2 0 0 0 0 18 0 | acked 46939 2 0 0 0 0 18 0
HEARTBEAT [0028:C0008E27] cpl=0 pm=1 v86=0 if=0 pic imr=A8 isr=00 irr=00 | 8B 1D 1C 07 01 C0 80 E1 7F F6 07 01 0F 84 83 00 | eax=FFFF01FF ebx=C15200E8 ecx=00000035 edx=C0FD3690 esi=C0FD3710 edi=C0FD377C esp=C0ED4E04
  IRQS raised 47175 2 0 0 0 0 18 0 | acked 47085 2 0 0 0 0 18 0
HEARTBEAT [0028:C0008E2D] cpl=0 pm=1 v86=0 if=0 pic imr=A8 isr=00 irr=00 | 80 E1 7F F6 07 01 0F 84 83 00 00 00 33 C0 E8 2D | eax=FFFF01FF ebx=C15200E8 ecx=00000035 edx=C0FD3690 esi=C0FD3710 edi=C0FD377C esp=C0ED4E04
  IRQS raised 47321 2 0 0 0 0 18 0 | acked 47231 2 0 0 0 0 18 0
HEARTBEAT [0028:C0008E39] cpl=0 pm=1 v86=0 if=0 pic imr=A8 isr=00 irr=00 | 33 C0 E8 2D A3 FF FF 0F 84 91 00 00 00 F6 C1 20 | eax=FFFF01FF ebx=C15200E8 ecx=00000035 edx=C0FD3690 esi=C0FD3710 edi=C0FD377C esp=C0ED4E04
  IRQS raised 47466 2 0 0 0 0 18 0 | acked 47376 2 0 0 0 0 18 0
HEARTBEAT [0028:C0008C1F] cpl=0 pm=1 v86=0 if=0 pic imr=A8 isr=00 irr=00 | C3 53 F6 07 04 75 34 81 7F 3C 00 00 10 00 73 1D | eax=FFFF01FF ebx=C15200E8 ecx=00000035 edx=C0FD3690 esi=C0FD3710 edi=C0FD377C esp=C0ED4E00
  IRQS raised 47612 2 0 0 0 0 18 0 | acked 47522 2 0 0 0 0 18 0
HEARTBEAT [0028:C003510C] cpl=0 pm=1 v86=0 if=0 pic imr=A8 isr=00 irr=00 | 3B C3 72 F2 8B C8 33 D2 F7 FB 2B CA 01 4E 28 8B | eax=000002EB ebx=000004A9 ecx=C000EA20 edx=C003F430 esi=C00355D4 edi=C001E278 esp=C0ED4D5C
  IRQS raised 47758 2 0 0 0 0 18 0 | acked 47668 2 0 0 0 0 18 0
HEARTBEAT [0028:C0008E27] cpl=0 pm=1 v86=0 if=0 pic imr=A8 isr=00 irr=00 | 8B 1D 1C 07 01 C0 80 E1 7F F6 07 01 0F 84 83 00 | eax=FFFF01FF ebx=C15200E8 ecx=00000035 edx=C0FD3690 esi=C0FD3710 edi=C0FD377C esp=C0ED4E04
  IRQS raised 47903 2 0 0 0 0 18 0 | acked 47813 2 0 0 0 0 18 0
HEARTBEAT [0028:C0003172] cpl=0 pm=1 v86=0 if=0 pic imr=A8 isr=00 irr=00 | 3B 05 F0 E9 00 C0 75 0A 5E C3 48 5E C3 33 C0 56 | eax=00000000 ebx=C15200E8 ecx=00000035 edx=C0FD3690 esi=00000000 edi=C0FD377C esp=C0ED4DFC
  IRQS raised 48049 2 0 0 0 0 18 0 | acked 47959 2 0 0 0 0 18 0
HEARTBEAT [0028:C0008E27] cpl=0 pm=1 v86=0 if=0 pic imr=A8 isr=00 irr=00 | 8B 1D 1C 07 01 C0 80 E1 7F F6 07 01 0F 84 83 00 | eax=FFFF01FF ebx=C15200E8 ecx=00000035 edx=C0FD3690 esi=C0FD3710 edi=C0FD377C esp=C0ED4E04
  IRQS raised 48194 2 0 0 0 0 18 0 | acked 48104 2 0 0 0 0 18 0
HEARTBEAT [0028:C0008C1B] cpl=0 pm=1 v86=0 if=0 pic imr=A8 isr=00 irr=00 | 48 C0 EC 07 C3 53 F6 07 04 75 34 81 7F 3C 00 00 | eax=00000000 ebx=C15200E8 ecx=00000035 edx=C0FD3690 esi=C0FD3710 edi=C0FD377C esp=C0ED4E00
  IRQS raised 48340 2 0 0 0 0 18 0 | acked 48250 2 0 0 0 0 18 0
HEARTBEAT [0028:C0008F4A] cpl=0 pm=1 v86=0 if=0 pic imr=A8 isr=00 irr=00 | 74 3E FF 35 F0 E9 00 C0 FB 90 8B 54 24 10 FA FF | eax=00000000 ebx=C15200E8 ecx=00000035 edx=C0FD3690 esi=C0FD3710 edi=C0FD377C esp=C0ED4E04
  IRQS raised 48486 2 0 0 0 0 18 0 | acked 48396 2 0 0 0 0 18 0
HEARTBEAT [0028:C0008F9F] cpl=0 pm=1 v86=0 if=0 pic imr=A8 isr=00 irr=00 | F6 C1 80 74 1C A1 E4 06 01 C0 66 83 3D F0 E9 00 | eax=00000000 ebx=C15200E8 ecx=00000035 edx=C0FD3690 esi=C0FD3710 edi=C0FD377C esp=C0ED4E04
  IRQS raised 48631 2 0 0 0 0 18 0 | acked 48541 2 0 0 0 0 18 0
HEARTBEAT [0028:C0008F94] cpl=0 pm=1 v86=0 if=0 pic imr=A8 isr=00 irr=00 | 0F 85 43 FF FF FF F6 07 01 74 05 F6 C1 80 74 1C | eax=00000000 ebx=C15200E8 ecx=00000035 edx=C0FD3690 esi=C0FD3710 edi=C0FD377C esp=C0ED4E04
  IRQS raised 48777 2 0 0 0 0 18 0 | acked 48687 2 0 0 0 0 18 0
HEARTBEAT [0028:C0008F94] cpl=0 pm=1 v86=0 if=0 pic imr=A8 isr=00 irr=00 | 0F 85 43 FF FF FF F6 07 01 74 05 F6 C1 80 74 1C | eax=00000000 ebx=C15200E8 ecx=00000035 edx=C0FD3690 esi=C0FD3710 edi=C0FD377C esp=C0ED4E04
  IRQS raised 48923 2 0 0 0 0 18 0 | acked 48833 2 0 0 0 0 18 0
HEARTBEAT [0028:C0008E2D] cpl=0 pm=1 v86=0 if=0 pic imr=A8 isr=00 irr=00 | 80 E1 7F F6 07 01 0F 84 83 00 00 00 33 C0 E8 2D | eax=FFFF01FF ebx=C15200E8 ecx=00000035 edx=C0FD3690 esi=C0FD3710 edi=C0FD377C esp=C0ED4E04
  IRQS raised 49068 2 0 0 0 0 18 0 | acked 48978 2 0 0 0 0 18 0
HEARTBEAT [0028:C0008ED7] cpl=0 pm=1 v86=0 if=0 pic imr=A8 isr=00 irr=00 | 80 7F CC 00 74 63 51 E8 DB 02 00 00 E8 89 0B 00 | eax=00000000 ebx=C15200E8 ecx=00000035 edx=C0FD3690 esi=C0FD3710 edi=C0FD377C esp=C0ED4E04
  IRQS raised 49214 2 0 0 0 0 18 0 | acked 49124 2 0 0 0 0 18 0
HEARTBEAT [0028:C0008EF6] cpl=0 pm=1 v86=0 if=0 pic imr=A8 isr=00 irr=00 | FA 8B 54 24 0C FF 54 24 08 0F 85 22 FF FF FF F6 | eax=00000000 ebx=C15200E8 ecx=00000035 edx=C0FD3690 esi=C0FD3710 edi=C0FD377C esp=C0ED4E04
  IRQS raised 49360 2 0 0 0 0 18 0 | acked 49270 2 0 0 0 0 18 0
HEARTBEAT [0028:C0008F94] cpl=0 pm=1 v86=0 if=0 pic imr=A8 isr=00 irr=00 | 0F 85 43 FF FF FF F6 07 01 74 05 F6 C1 80 74 1C | eax=00000000 ebx=C15200E8 ecx=00000035 edx=C0FD3690 esi=C0FD3710 edi=C0FD377C esp=C0ED4E04
  IRQS raised 49505 2 0 0 0 0 18 0 | acked 49415 2 0 0 0 0 18 0
HEARTBEAT [0028:C0008E3B] cpl=0 pm=1 v86=0 if=0 pic imr=A8 isr=00 irr=00 | E8 2D A3 FF FF 0F 84 91 00 00 00 F6 C1 20 75 48 | eax=00000000 ebx=C15200E8 ecx=00000035 edx=C0FD3690 esi=C0FD3710 edi=C0FD377C esp=C0ED4E04
  IRQS raised 49651 2 0 0 0 0 18 0 | acked 49561 2 0 0 0 0 18 0
HEARTBEAT [0028:C0008E39] cpl=0 pm=1 v86=0 if=0 pic imr=A8 isr=00 irr=00 | 33 C0 E8 2D A3 FF FF 0F 84 91 00 00 00 F6 C1 20 | eax=FFFF01FF ebx=C15200E8 ecx=00000035 edx=C0FD3690 esi=C0FD3710 edi=C0FD377C esp=C0ED4E04
  IRQS raised 49797 2 0 0 0 0 18 0 | acked 49707 2 0 0 0 0 18 0
HEARTBEAT [0028:C0008F94] cpl=0 pm=1 v86=0 if=0 pic imr=A8 isr=00 irr=00 | 0F 85 43 FF FF FF F6 07 01 74 05 F6 C1 80 74 1C | eax=00000000 ebx=C15200E8 ecx=00000035 edx=C0FD3690 esi=C0FD3710 edi=C0FD377C esp=C0ED4E04
  IRQS raised 49942 2 0 0 0 0 18 0 | acked 49852 2 0 0 0 0 18 0
HEARTBEAT [0028:C0008ED7] cpl=0 pm=1 v86=0 if=0 pic imr=A8 isr=00 irr=00 | 80 7F CC 00 74 63 51 E8 DB 02 00 00 E8 89 0B 00 | eax=00000000 ebx=C15200E8 ecx=00000035 edx=C0FD3690 esi=C0FD3710 edi=C0FD377C esp=C0ED4E04
  IRQS raised 50088 2 0 0 0 0 18 0 | acked 49998 2 0 0 0 0 18 0
HEARTBEAT [0028:C0008EF6] cpl=0 pm=1 v86=0 if=0 pic imr=A8 isr=00 irr=00 | FA 8B 54 24 0C FF 54 24 08 0F 85 22 FF FF FF F6 | eax=00000000 ebx=C15200E8 ecx=00000035 edx=C0FD3690 esi=C0FD3710 edi=C0FD377C esp=C0ED4E04
  IRQS raised 50234 2 0 0 0 0 18 0 | acked 50144 2 0 0 0 0 18 0
HEARTBEAT [0028:C0008F9D] cpl=0 pm=1 v86=0 if=0 pic imr=A8 isr=00 irr=00 | 74 05 F6 C1 80 74 1C A1 E4 06 01 C0 66 83 3D F0 | eax=00000000 ebx=C15200E8 ecx=00000035 edx=C0FD3690 esi=C0FD3710 edi=C0FD377C esp=C0ED4E04
  IRQS raised 50379 2 0 0 0 0 18 0 | acked 50289 2 0 0 0 0 18 0
HEARTBEAT [0028:C0008FC0] cpl=0 pm=1 v86=0 if=0 pic imr=A8 isr=00 irr=00 | FB 90 90 FA E9 2D FF FF FF 51 33 C9 41 85 C0 74 | eax=00000000 ebx=C15200E8 ecx=00000035 edx=C0FD3690 esi=C0FD3710 edi=C0FD377C esp=C0ED4E04
  IRQS raised 50525 2 0 0 0 0 18 0 | acked 50435 2 0 0 0 0 18 0
HEARTBEAT [0028:C0008F4A] cpl=0 pm=1 v86=0 if=0 pic imr=A8 isr=00 irr=00 | 74 3E FF 35 F0 E9 00 C0 FB 90 8B 54 24 10 FA FF | eax=00000000 ebx=C15200E8 ecx=00000035 edx=C0FD3690 esi=C0FD3710 edi=C0FD377C esp=C0ED4E04
  IRQS raised 50671 2 0 0 0 0 18 0 | acked 50581 2 0 0 0 0 18 0
HEARTBEAT [0028:C0008EFB] cpl=0 pm=1 v86=0 if=0 pic imr=A8 isr=00 irr=00 | FF 54 24 08 0F 85 22 FF FF FF F6 47 01 10 74 1C | eax=00000000 ebx=C15200E8 ecx=00000035 edx=C0FD3690 esi=C0FD3710 edi=C0FD377C esp=C0ED4E04
  IRQS raised 50816 2 0 0 0 0 18 0 | acked 50726 2 0 0 0 0 18 0
HEARTBEAT [0028:C0008F40] cpl=0 pm=1 v86=0 if=0 pic imr=A8 isr=00 irr=00 | 81 3D 9C 0C 01 C0 98 0C 01 C0 74 3E FF 35 F0 E9 | eax=00000000 ebx=C15200E8 ecx=00000035 edx=C0FD3690 esi=C0FD3710 edi=C0FD377C esp=C0ED4E04
  IRQS raised 50962 2 0 0 0 0 18 0 | acked 50872 2 0 0 0 0 18 0
HEARTBEAT [0028:C0033575] cpl=0 pm=1 v86=0 if=0 pic imr=A8 isr=00 irr=00 | C0 C8 03 66 C1 C8 05 0F BC C0 66 F7 D1 E3 12 C0 | eax=00000001 ebx=C15200E8 ecx=0000FFFF edx=C15200E8 esi=C0FCEC88 edi=C159F11C esp=C0ED4DC0
  IRQS raised 51108 2 0 0 0 0 18 0 | acked 51018 2 0 0 0 0 18 0
HEARTBEAT [0028:C0008E2D] cpl=0 pm=1 v86=0 if=0 pic imr=A8 isr=00 irr=00 | 80 E1 7F F6 07 01 0F 84 83 00 00 00 33 C0 E8 2D | eax=FFFF01FF ebx=C15200E8 ecx=00000035 edx=C0FD3690 esi=C0FD3710 edi=C0FD377C esp=C0ED4E04
  IRQS raised 51253 2 0 0 0 0 18 0 | acked 51163 2 0 0 0 0 18 0
HEARTBEAT [0028:C0008F4A] cpl=0 pm=1 v86=0 if=0 pic imr=A8 isr=00 irr=00 | 74 3E FF 35 F0 E9 00 C0 FB 90 8B 54 24 10 FA FF | eax=00000000 ebx=C15200E8 ecx=00000035 edx=C0FD3690 esi=C0FD3710 edi=C0FD377C esp=C0ED4E04
  IRQS raised 51399 2 0 0 0 0 18 0 | acked 51309 2 0 0 0 0 18 0
HEARTBEAT [0028:C0008F94] cpl=0 pm=1 v86=0 if=0 pic imr=A8 isr=00 irr=00 | 0F 85 43 FF FF FF F6 07 01 74 05 F6 C1 80 74 1C | eax=00000000 ebx=C15200E8 ecx=00000035 edx=C0FD3690 esi=C0FD3710 edi=C0FD377C esp=C0ED4E04
  IRQS raised 51544 2 0 0 0 0 18 0 | acked 51454 2 0 0 0 0 18 0
HEARTBEAT [0028:C0008F94] cpl=0 pm=1 v86=0 if=0 pic imr=A8 isr=00 irr=00 | 0F 85 43 FF FF FF F6 07 01 74 05 F6 C1 80 74 1C | eax=00000000 ebx=C15200E8 ecx=00000035 edx=C0FD3690 esi=C0FD3710 edi=C0FD377C esp=C0ED4E04
  IRQS raised 51690 2 0 0 0 0 18 0 | acked 51600 2 0 0 0 0 18 0
HEARTBEAT [0028:C0008F94] cpl=0 pm=1 v86=0 if=0 pic imr=A8 isr=00 irr=00 | 0F 85 43 FF FF FF F6 07 01 74 05 F6 C1 80 74 1C | eax=00000000 ebx=C15200E8 ecx=00000035 edx=C0FD3690 esi=C0FD3710 edi=C0FD377C esp=C0ED4E04
  IRQS raised 51836 2 0 0 0 0 18 0 | acked 51746 2 0 0 0 0 18 0
HEARTBEAT [0028:C0008E27] cpl=0 pm=1 v86=0 if=0 pic imr=A8 isr=00 irr=00 | 8B 1D 1C 07 01 C0 80 E1 7F F6 07 01 0F 84 83 00 | eax=FFFF01FF ebx=C15200E8 ecx=00000035 edx=C0FD3690 esi=C0FD3710 edi=C0FD377C esp=C0ED4E04
  IRQS raised 51981 2 0 0 0 0 18 0 | acked 51891 2 0 0 0 0 18 0
HEARTBEAT [0028:C0008FC0] cpl=0 pm=1 v86=0 if=0 pic imr=A8 isr=00 irr=00 | FB 90 90 FA E9 2D FF FF FF 51 33 C9 41 85 C0 74 | eax=00000000 ebx=C15200E8 ecx=00000035 edx=C0FD3690 esi=C0FD3710 edi=C0FD377C esp=C0ED4E04
  IRQS raised 52127 2 0 0 0 0 18 0 | acked 52037 2 0 0 0 0 18 0
HEARTBEAT [0028:C0008EF6] cpl=0 pm=1 v86=0 if=0 pic imr=A8 isr=00 irr=00 | FA 8B 54 24 0C FF 54 24 08 0F 85 22 FF FF FF F6 | eax=00000000 ebx=C15200E8 ecx=00000035 edx=C0FD3690 esi=C0FD3710 edi=C0FD377C esp=C0ED4E04
  IRQS raised 52273 2 0 0 0 0 18 0 | acked 52183 2 0 0 0 0 18 0
HEARTBEAT [0028:C0008E40] cpl=0 pm=1 v86=0 if=0 pic imr=A8 isr=00 irr=00 | 0F 84 91 00 00 00 F6 C1 20 75 48 F6 40 08 02 74 | eax=00000000 ebx=C15200E8 ecx=00000035 edx=C0FD3690 esi=C0FD3710 edi=C0FD377C esp=C0ED4E04
  IRQS raised 52418 2 0 0 0 0 18 0 | acked 52328 2 0 0 0 0 18 0
HEARTBEAT [0028:C0008E30] cpl=0 pm=1 v86=0 if=0 pic imr=A8 isr=00 irr=00 | F6 07 01 0F 84 83 00 00 00 33 C0 E8 2D A3 FF FF | eax=FFFF01FF ebx=C15200E8 ecx=00000035 edx=C0FD3690 esi=C0FD3710 edi=C0FD377C esp=C0ED4E04
  IRQS raised 52564 2 0 0 0 0 18 0 | acked 52474 2 0 0 0 0 18 0
HEARTBEAT [0028:C0008F94] cpl=0 pm=1 v86=0 if=0 pic imr=A8 isr=00 irr=00 | 0F 85 43 FF FF FF F6 07 01 74 05 F6 C1 80 74 1C | eax=00000000 ebx=C15200E8 ecx=00000035 edx=C0FD3690 esi=C0FD3710 edi=C0FD377C esp=C0ED4E04
  IRQS raised 52710 2 0 0 0 0 18 0 | acked 52620 2 0 0 0 0 18 0
HEARTBEAT [0028:C0008E39] cpl=0 pm=1 v86=0 if=0 pic imr=A8 isr=00 irr=00 | 33 C0 E8 2D A3 FF FF 0F 84 91 00 00 00 F6 C1 20 | eax=FFFF01FF ebx=C15200E8 ecx=00000035 edx=C0FD3690 esi=C0FD3710 edi=C0FD377C esp=C0ED4E04
  IRQS raised 52855 2 0 0 0 0 18 0 | acked 52765 2 0 0 0 0 18 0
HEARTBEAT [0028:C0008F9D] cpl=0 pm=1 v86=0 if=0 pic imr=A8 isr=00 irr=00 | 74 05 F6 C1 80 74 1C A1 E4 06 01 C0 66 83 3D F0 | eax=00000000 ebx=C15200E8 ecx=00000035 edx=C0FD3690 esi=C0FD3710 edi=C0FD377C esp=C0ED4E04
  IRQS raised 53001 2 0 0 0 0 18 0 | acked 52911 2 0 0 0 0 18 0
HEARTBEAT [0028:C0008ED7] cpl=0 pm=1 v86=0 if=0 pic imr=A8 isr=00 irr=00 | 80 7F CC 00 74 63 51 E8 DB 02 00 00 E8 89 0B 00 | eax=00000000 ebx=C15200E8 ecx=00000035 edx=C0FD3690 esi=C0FD3710 edi=C0FD377C esp=C0ED4E04
  IRQS raised 53147 2 0 0 0 0 18 0 | acked 53057 2 0 0 0 0 18 0
HEARTBEAT [0028:C0008ED7] cpl=0 pm=1 v86=0 if=0 pic imr=A8 isr=00 irr=00 | 80 7F CC 00 74 63 51 E8 DB 02 00 00 E8 89 0B 00 | eax=00000000 ebx=C15200E8 ecx=00000035 edx=C0FD3690 esi=C0FD3710 edi=C0FD377C esp=C0ED4E04
  IRQS raised 53292 2 0 0 0 0 18 0 | acked 53202 2 0 0 0 0 18 0
HEARTBEAT [0028:C0003172] cpl=0 pm=1 v86=0 if=0 pic imr=A8 isr=00 irr=00 | 3B 05 F0 E9 00 C0 75 0A 5E C3 48 5E C3 33 C0 56 | eax=00000000 ebx=C15200E8 ecx=00000035 edx=C0FD3690 esi=00000000 edi=C0FD377C esp=C0ED4DFC
  IRQS raised 53438 2 0 0 0 0 18 0 | acked 53348 2 0 0 0 0 18 0
HEARTBEAT [0028:C0008F4A] cpl=0 pm=1 v86=0 if=0 pic imr=A8 isr=00 irr=00 | 74 3E FF 35 F0 E9 00 C0 FB 90 8B 54 24 10 FA FF | eax=00000000 ebx=C15200E8 ecx=00000035 edx=C0FD3690 esi=C0FD3710 edi=C0FD377C esp=C0ED4E04
  IRQS raised 53584 2 0 0 0 0 18 0 | acked 53494 2 0 0 0 0 18 0
HEARTBEAT [0028:C0008ED7] cpl=0 pm=1 v86=0 if=0 pic imr=A8 isr=00 irr=00 | 80 7F CC 00 74 63 51 E8 DB 02 00 00 E8 89 0B 00 | eax=00000000 ebx=C15200E8 ecx=00000035 edx=C0FD3690 esi=C0FD3710 edi=C0FD377C esp=C0ED4E04
  IRQS raised 53729 2 0 0 0 0 18 0 | acked 53639 2 0 0 0 0 18 0
HEARTBEAT [0028:C0008F9D] cpl=0 pm=1 v86=0 if=0 pic imr=A8 isr=00 irr=00 | 74 05 F6 C1 80 74 1C A1 E4 06 01 C0 66 83 3D F0 | eax=00000000 ebx=C15200E8 ecx=00000035 edx=C0FD3690 esi=C0FD3710 edi=C0FD377C esp=C0ED4E04
  IRQS raised 53875 2 0 0 0 0 18 0 | acked 53785 2 0 0 0 0 18 0
HEARTBEAT [0028:C0008E27] cpl=0 pm=1 v86=0 if=0 pic imr=A8 isr=00 irr=00 | 8B 1D 1C 07 01 C0 80 E1 7F F6 07 01 0F 84 83 00 | eax=FFFF01FF ebx=C15200E8 ecx=00000035 edx=C0FD3690 esi=C0FD3710 edi=C0FD377C esp=C0ED4E04
  IRQS raised 54021 2 0 0 0 0 18 0 | acked 53931 2 0 0 0 0 18 0
HEARTBEAT [0028:C0008C1F] cpl=0 pm=1 v86=0 if=0 pic imr=A8 isr=00 irr=00 | C3 53 F6 07 04 75 34 81 7F 3C 00 00 10 00 73 1D | eax=FFFF01FF ebx=C15200E8 ecx=00000035 edx=C0FD3690 esi=C0FD3710 edi=C0FD377C esp=C0ED4E00
  IRQS raised 54166 2 0 0 0 0 18 0 | acked 54076 2 0 0 0 0 18 0
HEARTBEAT [0028:C000316D] cpl=0 pm=1 v86=0 if=0 pic imr=A8 isr=00 irr=00 | 56 8B F0 33 C0 3B 05 F0 E9 00 C0 75 0A 5E C3 48 | eax=00000000 ebx=C15200E8 ecx=00000035 edx=C0FD3690 esi=C0FD3710 edi=C0FD377C esp=C0ED4E00
  IRQS raised 54312 2 0 0 0 0 18 0 | acked 54222 2 0 0 0 0 18 0
HEARTBEAT [0137:BFF71AA8] cpl=3 pm=1 v86=0 if=1 pic imr=A8 isr=00 irr=00 | 74 09 80 6B 14 01 73 03 FE 43 14 9D 5E 5F 1F 5B | eax=00000102 ebx=800A7E00 ecx=00000010 edx=01020000 esi=0000013F edi=30621587 esp=80183066
  IRQS raised 54458 2 0 0 0 0 18 0 | acked 54368 2 0 0 0 0 18 0
HEARTBEAT [0028:C0008ED7] cpl=0 pm=1 v86=0 if=0 pic imr=A8 isr=00 irr=00 | 80 7F CC 00 74 63 51 E8 DB 02 00 00 E8 89 0B 00 | eax=00000000 ebx=C15200E8 ecx=00000035 edx=C0FD3690 esi=C0FD3710 edi=C0FD377C esp=C0ED4E04
  IRQS raised 54603 2 0 0 0 0 18 0 | acked 54513 2 0 0 0 0 18 0
HEARTBEAT [0028:C0008EFF] cpl=0 pm=1 v86=0 if=0 pic imr=A8 isr=00 irr=00 | 0F 85 22 FF FF FF F6 47 01 10 74 1C E8 FC A6 FF | eax=FFFF01FF ebx=C15200E8 ecx=00000035 edx=C0FD3690 esi=C0FD3710 edi=C0FD377C esp=C0ED4E04
  IRQS raised 54749 2 0 0 0 0 18 0 | acked 54659 2 0 0 0 0 18 0
HEARTBEAT [0028:C0008C18] cpl=0 pm=1 v86=0 if=0 pic imr=A8 isr=00 irr=00 | 66 8B 06 48 C0 EC 07 C3 53 F6 07 04 75 34 81 7F | eax=00000000 ebx=C15200E8 ecx=00000035 edx=C0FD3690 esi=C0FD3710 edi=C0FD377C esp=C0ED4E00
  IRQS raised 54894 2 0 0 0 0 18 0 | acked 54804 2 0 0 0 0 18 0
HEARTBEAT [0028:C0008EFB] cpl=0 pm=1 v86=0 if=0 pic imr=A8 isr=00 irr=00 | FF 54 24 08 0F 85 22 FF FF FF F6 47 01 10 74 1C | eax=00000000 ebx=C15200E8 ecx=00000035 edx=C0FD3690 esi=C0FD3710 edi=C0FD377C esp=C0ED4E04
  IRQS raised 55040 2 0 0 0 0 18 0 | acked 54950 2 0 0 0 0 18 0
HEARTBEAT [0028:C0008E30] cpl=0 pm=1 v86=0 if=0 pic imr=A8 isr=00 irr=00 | F6 07 01 0F 84 83 00 00 00 33 C0 E8 2D A3 FF FF | eax=FFFF01FF ebx=C15200E8 ecx=00000035 edx=C0FD3690 esi=C0FD3710 edi=C0FD377C esp=C0ED4E04
  IRQS raised 55186 2 0 0 0 0 18 0 | acked 55096 2 0 0 0 0 18 0
HEARTBEAT [0028:C0008EF6] cpl=0 pm=1 v86=0 if=0 pic imr=A8 isr=00 irr=00 | FA 8B 54 24 0C FF 54 24 08 0F 85 22 FF FF FF F6 | eax=00000000 ebx=C15200E8 ecx=00000035 edx=C0FD3690 esi=C0FD3710 edi=C0FD377C esp=C0ED4E04
  IRQS raised 55331 2 0 0 0 0 18 0 | acked 55241 2 0 0 0 0 18 0
HEARTBEAT [0028:C0008C1C] cpl=0 pm=1 v86=0 if=0 pic imr=A8 isr=00 irr=00 | C0 EC 07 C3 53 F6 07 04 75 34 81 7F 3C 00 00 10 | eax=FFFFFFFF ebx=C15200E8 ecx=00000035 edx=C0FD3690 esi=C0FD3710 edi=C0FD377C esp=C0ED4E00
  IRQS raised 55477 2 0 0 0 0 18 0 | acked 55387 2 0 0 0 0 18 0
HEARTBEAT [0028:C0008FC1] cpl=0 pm=1 v86=0 if=1 pic imr=A8 isr=00 irr=00 | 90 90 FA E9 2D FF FF FF 51 33 C9 41 85 C0 74 0D | eax=00000000 ebx=C15200E8 ecx=00000035 edx=C0FD3690 esi=C0FD3710 edi=C0FD377C esp=C0ED4E04
  IRQS raised 55623 2 0 0 0 0 18 0 | acked 55533 2 0 0 0 0 18 0
HEARTBEAT [0028:C0008E27] cpl=0 pm=1 v86=0 if=0 pic imr=A8 isr=00 irr=00 | 8B 1D 1C 07 01 C0 80 E1 7F F6 07 01 0F 84 83 00 | eax=FFFF01FF ebx=C15200E8 ecx=00000035 edx=C0FD3690 esi=C0FD3710 edi=C0FD377C esp=C0ED4E04
  IRQS raised 55768 2 0 0 0 0 18 0 | acked 55678 2 0 0 0 0 18 0
HEARTBEAT [0028:C0008E39] cpl=0 pm=1 v86=0 if=0 pic imr=A8 isr=00 irr=00 | 33 C0 E8 2D A3 FF FF 0F 84 91 00 00 00 F6 C1 20 | eax=FFFF01FF ebx=C15200E8 ecx=00000035 edx=C0FD3690 esi=C0FD3710 edi=C0FD377C esp=C0ED4E04
  IRQS raised 55914 2 0 0 0 0 18 0 | acked 55824 2 0 0 0 0 18 0
HEARTBEAT [0028:C0008F94] cpl=0 pm=1 v86=0 if=0 pic imr=A8 isr=00 irr=00 | 0F 85 43 FF FF FF F6 07 01 74 05 F6 C1 80 74 1C | eax=00000000 ebx=C15200E8 ecx=00000035 edx=C0FD3690 esi=C0FD3710 edi=C0FD377C esp=C0ED4E04
  IRQS raised 56060 2 0 0 0 0 18 0 | acked 55970 2 0 0 0 0 18 0
HEARTBEAT [0028:C0008F9D] cpl=0 pm=1 v86=0 if=0 pic imr=A8 isr=00 irr=00 | 74 05 F6 C1 80 74 1C A1 E4 06 01 C0 66 83 3D F0 | eax=00000000 ebx=C15200E8 ecx=00000035 edx=C0FD3690 esi=C0FD3710 edi=C0FD377C esp=C0ED4E04
  IRQS raised 56205 2 0 0 0 0 18 0 | acked 56115 2 0 0 0 0 18 0
HEARTBEAT [0028:C0008ED7] cpl=0 pm=1 v86=0 if=0 pic imr=A8 isr=00 irr=00 | 80 7F CC 00 74 63 51 E8 DB 02 00 00 E8 89 0B 00 | eax=00000000 ebx=C15200E8 ecx=00000035 edx=C0FD3690 esi=C0FD3710 edi=C0FD377C esp=C0ED4E04
  IRQS raised 56351 2 0 0 0 0 18 0 | acked 56261 2 0 0 0 0 18 0
HEARTBEAT [0028:C0008F4A] cpl=0 pm=1 v86=0 if=0 pic imr=A8 isr=00 irr=00 | 74 3E FF 35 F0 E9 00 C0 FB 90 8B 54 24 10 FA FF | eax=00000000 ebx=C15200E8 ecx=00000035 edx=C0FD3690 esi=C0FD3710 edi=C0FD377C esp=C0ED4E04
  IRQS raised 56497 2 0 0 0 0 18 0 | acked 56407 2 0 0 0 0 18 0
HEARTBEAT [0028:C0008E27] cpl=0 pm=1 v86=0 if=0 pic imr=A8 isr=00 irr=00 | 8B 1D 1C 07 01 C0 80 E1 7F F6 07 01 0F 84 83 00 | eax=FFFF01FF ebx=C15200E8 ecx=00000035 edx=C0FD3690 esi=C0FD3710 edi=C0FD377C esp=C0ED4E04
  IRQS raised 56642 2 0 0 0 0 18 0 | acked 56552 2 0 0 0 0 18 0
HEARTBEAT [0028:C0008E27] cpl=0 pm=1 v86=0 if=0 pic imr=A8 isr=00 irr=00 | 8B 1D 1C 07 01 C0 80 E1 7F F6 07 01 0F 84 83 00 | eax=FFFF01FF ebx=C15200E8 ecx=00000035 edx=C0FD3690 esi=C0FD3710 edi=C0FD377C esp=C0ED4E04
  IRQS raised 56788 2 0 0 0 0 18 0 | acked 56698 2 0 0 0 0 18 0
HEARTBEAT [0028:C0008E33] cpl=0 pm=1 v86=0 if=0 pic imr=A8 isr=00 irr=00 | 0F 84 83 00 00 00 33 C0 E8 2D A3 FF FF 0F 84 91 | eax=FFFF01FF ebx=C15200E8 ecx=00000035 edx=C0FD3690 esi=C0FD3710 edi=C0FD377C esp=C0ED4E04
  IRQS raised 56934 2 0 0 0 0 18 0 | acked 56844 2 0 0 0 0 18 0
HEARTBEAT [0028:C0008F40] cpl=0 pm=1 v86=0 if=0 pic imr=A8 isr=00 irr=00 | 81 3D 9C 0C 01 C0 98 0C 01 C0 74 3E FF 35 F0 E9 | eax=00000000 ebx=C15200E8 ecx=00000035 edx=C0FD3690 esi=C0FD3710 edi=C0FD377C esp=C0ED4E04
  IRQS raised 57079 2 0 0 0 0 18 0 | acked 56989 2 0 0 0 0 18 0
HEARTBEAT [0028:C000316E] cpl=0 pm=1 v86=0 if=0 pic imr=A8 isr=00 irr=00 | 8B F0 33 C0 3B 05 F0 E9 00 C0 75 0A 5E C3 48 5E | eax=00000000 ebx=C15200E8 ecx=00000035 edx=C0FD3690 esi=C0FD3710 edi=C0FD377C esp=C0ED4DFC
  IRQS raised 57225 2 0 0 0 0 18 0 | acked 57135 2 0 0 0 0 18 0
HEARTBEAT [0028:C0008ED7] cpl=0 pm=1 v86=0 if=0 pic imr=A8 isr=00 irr=00 | 80 7F CC 00 74 63 51 E8 DB 02 00 00 E8 89 0B 00 | eax=00000000 ebx=C15200E8 ecx=00000035 edx=C0FD3690 esi=C0FD3710 edi=C0FD377C esp=C0ED4E04
  IRQS raised 57371 2 0 0 0 0 18 0 | acked 57281 2 0 0 0 0 18 0
HEARTBEAT [0028:C0008ED7] cpl=0 pm=1 v86=0 if=0 pic imr=A8 isr=00 irr=00 | 80 7F CC 00 74 63 51 E8 DB 02 00 00 E8 89 0B 00 | eax=00000000 ebx=C15200E8 ecx=00000035 edx=C0FD3690 esi=C0FD3710 edi=C0FD377C esp=C0ED4E04
  IRQS raised 57516 2 0 0 0 0 18 0 | acked 57426 2 0 0 0 0 18 0
HEARTBEAT [0028:C0008FC0] cpl=0 pm=1 v86=0 if=0 pic imr=A8 isr=00 irr=00 | FB 90 90 FA E9 2D FF FF FF 51 33 C9 41 85 C0 74 | eax=00000000 ebx=C15200E8 ecx=00000035 edx=C0FD3690 esi=C0FD3710 edi=C0FD377C esp=C0ED4E04
  IRQS raised 57662 2 0 0 0 0 18 0 | acked 57572 2 0 0 0 0 18 0
HEARTBEAT [0028:C00034B6] cpl=0 pm=1 v86=0 if=0 pic imr=A8 isr=00 irr=00 | 75 06 FF 15 70 E5 00 C0 FF 15 74 E5 00 C0 52 8B | eax=C0FCEAD8 ebx=C15200E8 ecx=003B0204 edx=00001862 esi=C0FD3710 edi=C0FD377C esp=C0ED4DDC
  IRQS raised 57808 2 0 0 0 0 18 0 | acked 57718 2 0 0 0 0 18 0
HEARTBEAT [0028:C0008C18] cpl=0 pm=1 v86=0 if=0 pic imr=A8 isr=00 irr=00 | 66 8B 06 48 C0 EC 07 C3 53 F6 07 04 75 34 81 7F | eax=00000000 ebx=C15200E8 ecx=00000035 edx=C0FD3690 esi=C0FD3710 edi=C0FD377C esp=C0ED4E00
  IRQS raised 57953 2 0 0 0 0 18 0 | acked 57863 2 0 0 0 0 18 0
HEARTBEAT [0028:C0008FC4] cpl=0 pm=1 v86=0 if=0 pic imr=A8 isr=00 irr=00 | E9 2D FF FF FF 51 33 C9 41 85 C0 74 0D 3B C7 74 | eax=00000000 ebx=C15200E8 ecx=00000035 edx=C0FD3690 esi=C0FD3710 edi=C0FD377C esp=C0ED4E04
  IRQS raised 58099 2 0 0 0 0 18 0 | acked 58009 2 0 0 0 0 18 0
HEARTBEAT [0028:C0008ED7] cpl=0 pm=1 v86=0 if=0 pic imr=A8 isr=00 irr=00 | 80 7F CC 00 74 63 51 E8 DB 02 00 00 E8 89 0B 00 | eax=00000000 ebx=C15200E8 ecx=00000035 edx=C0FD3690 esi=C0FD3710 edi=C0FD377C esp=C0ED4E04
  IRQS raised 58244 2 0 0 0 0 18 0 | acked 58154 2 0 0 0 0 18 0
HEARTBEAT [0028:C0008EFF] cpl=0 pm=1 v86=0 if=0 pic imr=A8 isr=00 irr=00 | 0F 85 22 FF FF FF F6 47 01 10 74 1C E8 FC A6 FF | eax=FFFF01FF ebx=C15200E8 ecx=00000035 edx=C0FD3690 esi=C0FD3710 edi=C0FD377C esp=C0ED4E04
  IRQS raised 58390 2 0 0 0 0 18 0 | acked 58300 2 0 0 0 0 18 0
HEARTBEAT [0028:C0003178] cpl=0 pm=1 v86=0 if=0 pic imr=A8 isr=00 irr=00 | 75 0A 5E C3 48 5E C3 33 C0 56 33 F6 8B 6B 08 39 | eax=00000000 ebx=C15200E8 ecx=00000035 edx=C0FD3690 esi=00000000 edi=C0FD377C esp=C0ED4DFC
  IRQS raised 58536 2 0 0 0 0 18 0 | acked 58446 2 0 0 0 0 18 0
HEARTBEAT [0028:C0003172] cpl=0 pm=1 v86=0 if=0 pic imr=A8 isr=00 irr=00 | 3B 05 F0 E9 00 C0 75 0A 5E C3 48 5E C3 33 C0 56 | eax=00000000 ebx=C15200E8 ecx=00000035 edx=C0FD3690 esi=00000000 edi=C0FD377C esp=C0ED4DFC
  IRQS raised 58681 2 0 0 0 0 18 0 | acked 58591 2 0 0 0 0 18 0
HEARTBEAT [0028:C0008EF7] cpl=0 pm=1 v86=0 if=0 pic imr=A8 isr=00 irr=00 | 8B 54 24 0C FF 54 24 08 0F 85 22 FF FF FF F6 47 | eax=00000000 ebx=C15200E8 ecx=00000035 edx=C0FD3690 esi=C0FD3710 edi=C0FD377C esp=C0ED4E04
  IRQS raised 58827 2 0 0 0 0 18 0 | acked 58737 2 0 0 0 0 18 0
HEARTBEAT [0028:C0008E33] cpl=0 pm=1 v86=0 if=0 pic imr=A8 isr=00 irr=00 | 0F 84 83 00 00 00 33 C0 E8 2D A3 FF FF 0F 84 91 | eax=FFFF01FF ebx=C15200E8 ecx=00000035 edx=C0FD3690 esi=C0FD3710 edi=C0FD377C esp=C0ED4E04
  IRQS raised 58973 2 0 0 0 0 18 0 | acked 58883 2 0 0 0 0 18 0
HEARTBEAT [0028:C0008EDB] cpl=0 pm=1 v86=0 if=0 pic imr=A8 isr=00 irr=00 | 74 63 51 E8 DB 02 00 00 E8 89 0B 00 00 59 FB EB | eax=00000000 ebx=C15200E8 ecx=00000035 edx=C0FD3690 esi=C0FD3710 edi=C0FD377C esp=C0ED4E04
  IRQS raised 59118 2 0 0 0 0 18 0 | acked 59028 2 0 0 0 0 18 0
HEARTBEAT [0028:C0008F4A] cpl=0 pm=1 v86=0 if=0 pic imr=A8 isr=00 irr=00 | 74 3E FF 35 F0 E9 00 C0 FB 90 8B 54 24 10 FA FF | eax=00000000 ebx=C15200E8 ecx=00000035 edx=C0FD3690 esi=C0FD3710 edi=C0FD377C esp=C0ED4E04
  IRQS raised 59264 2 0 0 0 0 18 0 | acked 59174 2 0 0 0 0 18 0
HEARTBEAT [0028:C000316E] cpl=0 pm=1 v86=0 if=0 pic imr=A8 isr=00 irr=00 | 8B F0 33 C0 3B 05 F0 E9 00 C0 75 0A 5E C3 48 5E | eax=00000000 ebx=C15200E8 ecx=00000035 edx=C0FD3690 esi=C0FD3710 edi=C0FD377C esp=C0ED4DFC
  IRQS raised 59410 2 0 0 0 0 18 0 | acked 59320 2 0 0 0 0 18 0
HEARTBEAT [0028:C0008F94] cpl=0 pm=1 v86=0 if=0 pic imr=A8 isr=00 irr=00 | 0F 85 43 FF FF FF F6 07 01 74 05 F6 C1 80 74 1C | eax=00000000 ebx=C15200E8 ecx=00000035 edx=C0FD3690 esi=C0FD3710 edi=C0FD377C esp=C0ED4E04
  IRQS raised 59555 2 0 0 0 0 18 0 | acked 59465 2 0 0 0 0 18 0
HEARTBEAT [0028:C0008C1B] cpl=0 pm=1 v86=0 if=0 pic imr=A8 isr=00 irr=00 | 48 C0 EC 07 C3 53 F6 07 04 75 34 81 7F 3C 00 00 | eax=00000000 ebx=C15200E8 ecx=00000035 edx=C0FD3690 esi=C0FD3710 edi=C0FD377C esp=C0ED4E00
  IRQS raised 59701 2 0 0 0 0 18 0 | acked 59611 2 0 0 0 0 18 0
HEARTBEAT [0028:C0008F4A] cpl=0 pm=1 v86=0 if=0 pic imr=A8 isr=00 irr=00 | 74 3E FF 35 F0 E9 00 C0 FB 90 8B 54 24 10 FA FF | eax=00000000 ebx=C15200E8 ecx=00000035 edx=C0FD3690 esi=C0FD3710 edi=C0FD377C esp=C0ED4E04
  IRQS raised 59847 2 0 0 0 0 18 0 | acked 59757 2 0 0 0 0 18 0
HEARTBEAT [0028:C0008C1B] cpl=0 pm=1 v86=0 if=0 pic imr=A8 isr=00 irr=00 | 48 C0 EC 07 C3 53 F6 07 04 75 34 81 7F 3C 00 00 | eax=00000000 ebx=C15200E8 ecx=00000035 edx=C0FD3690 esi=C0FD3710 edi=C0FD377C esp=C0ED4E00
  IRQS raised 59992 2 0 0 0 0 18 0 | acked 59902 2 0 0 0 0 18 0
HEARTBEAT [0028:C0008ED7] cpl=0 pm=1 v86=0 if=0 pic imr=A8 isr=00 irr=00 | 80 7F CC 00 74 63 51 E8 DB 02 00 00 E8 89 0B 00 | eax=00000000 ebx=C15200E8 ecx=00000035 edx=C0FD3690 esi=C0FD3710 edi=C0FD377C esp=C0ED4E04
  IRQS raised 60138 2 0 0 0 0 18 0 | acked 60048 2 0 0 0 0 18 0
HEARTBEAT [0028:C0008ED7] cpl=0 pm=1 v86=0 if=0 pic imr=A8 isr=00 irr=00 | 80 7F CC 00 74 63 51 E8 DB 02 00 00 E8 89 0B 00 | eax=00000000 ebx=C15200E8 ecx=00000035 edx=C0FD3690 esi=C0FD3710 edi=C0FD377C esp=C0ED4E04
  IRQS raised 60284 2 0 0 0 0 18 0 | acked 60194 2 0 0 0 0 18 0
HEARTBEAT [0028:C0008F94] cpl=0 pm=1 v86=0 if=0 pic imr=A8 isr=00 irr=00 | 0F 85 43 FF FF FF F6 07 01 74 05 F6 C1 80 74 1C | eax=00000000 ebx=C15200E8 ecx=00000035 edx=C0FD3690 esi=C0FD3710 edi=C0FD377C esp=C0ED4E04
  IRQS raised 60429 2 0 0 0 0 18 0 | acked 60339 2 0 0 0 0 18 0
HEARTBEAT [0028:C0008F9F] cpl=0 pm=1 v86=0 if=0 pic imr=A8 isr=00 irr=00 | F6 C1 80 74 1C A1 E4 06 01 C0 66 83 3D F0 E9 00 | eax=00000000 ebx=C15200E8 ecx=00000035 edx=C0FD3690 esi=C0FD3710 edi=C0FD377C esp=C0ED4E04
  IRQS raised 60575 2 0 0 0 0 18 0 | acked 60485 2 0 0 0 0 18 0
HEARTBEAT [0028:C0008ED7] cpl=0 pm=1 v86=0 if=0 pic imr=A8 isr=00 irr=00 | 80 7F CC 00 74 63 51 E8 DB 02 00 00 E8 89 0B 00 | eax=00000000 ebx=C15200E8 ecx=00000035 edx=C0FD3690 esi=C0FD3710 edi=C0FD377C esp=C0ED4E04
  IRQS raised 60721 2 0 0 0 0 18 0 | acked 60631 2 0 0 0 0 18 0
HEARTBEAT [0028:C0008EF6] cpl=0 pm=1 v86=0 if=0 pic imr=A8 isr=00 irr=00 | FA 8B 54 24 0C FF 54 24 08 0F 85 22 FF FF FF F6 | eax=00000000 ebx=C15200E8 ecx=00000035 edx=C0FD3690 esi=C0FD3710 edi=C0FD377C esp=C0ED4E04
  IRQS raised 60866 2 0 0 0 0 18 0 | acked 60776 2 0 0 0 0 18 0
HEARTBEAT [0028:C0008EF6] cpl=0 pm=1 v86=0 if=0 pic imr=A8 isr=00 irr=00 | FA 8B 54 24 0C FF 54 24 08 0F 85 22 FF FF FF F6 | eax=00000000 ebx=C15200E8 ecx=00000035 edx=C0FD3690 esi=C0FD3710 edi=C0FD377C esp=C0ED4E04
  IRQS raised 61012 2 0 0 0 0 18 0 | acked 60922 2 0 0 0 0 18 0
HEARTBEAT [0028:C000131F] cpl=0 pm=1 v86=0 if=0 pic imr=A8 isr=00 irr=00 | F6 D0 D0 E0 22 47 73 24 40 C0 E8 03 08 47 03 F6 | eax=00000000 ebx=C15200E8 ecx=C0FD3690 edx=C1122D9C esi=C0ED4F70 edi=C0FD377C esp=C0ED4E98
  IRQS raised 61158 2 0 0 0 0 18 0 | acked 61068 2 0 0 0 0 18 0
HEARTBEAT [0028:C0008EF6] cpl=0 pm=1 v86=0 if=0 pic imr=A8 isr=00 irr=00 | FA 8B 54 24 0C FF 54 24 08 0F 85 22 FF FF FF F6 | eax=00000000 ebx=C15200E8 ecx=00000035 edx=C0FD3690 esi=C0FD3710 edi=C0FD377C esp=C0ED4E04
  IRQS raised 61303 2 0 0 0 0 18 0 | acked 61213 2 0 0 0 0 18 0
HEARTBEAT [0028:C0008F4A] cpl=0 pm=1 v86=0 if=0 pic imr=A8 isr=00 irr=00 | 74 3E FF 35 F0 E9 00 C0 FB 90 8B 54 24 10 FA FF | eax=00000000 ebx=C15200E8 ecx=00000035 edx=C0FD3690 esi=C0FD3710 edi=C0FD377C esp=C0ED4E04
  IRQS raised 61449 2 0 0 0 0 18 0 | acked 61359 2 0 0 0 0 18 0
HEARTBEAT [0028:C0008F4A] cpl=0 pm=1 v86=0 if=0 pic imr=A8 isr=00 irr=00 | 74 3E FF 35 F0 E9 00 C0 FB 90 8B 54 24 10 FA FF | eax=00000000 ebx=C15200E8 ecx=00000035 edx=C0FD3690 esi=C0FD3710 edi=C0FD377C esp=C0ED4E04
  IRQS raised 61594 2 0 0 0 0 18 0 | acked 61504 2 0 0 0 0 18 0
HEARTBEAT [0028:C0008FC3] cpl=0 pm=1 v86=0 if=1 pic imr=A8 isr=00 irr=00 | FA E9 2D FF FF FF 51 33 C9 41 85 C0 74 0D 3B C7 | eax=00000000 ebx=C15200E8 ecx=00000035 edx=C0FD3690 esi=C0FD3710 edi=C0FD377C esp=C0ED4E04
  IRQS raised 61740 2 0 0 0 0 18 0 | acked 61650 2 0 0 0 0 18 0
HEARTBEAT [0028:C0008F40] cpl=0 pm=1 v86=0 if=0 pic imr=A8 isr=00 irr=00 | 81 3D 9C 0C 01 C0 98 0C 01 C0 74 3E FF 35 F0 E9 | eax=00000000 ebx=C15200E8 ecx=00000035 edx=C0FD3690 esi=C0FD3710 edi=C0FD377C esp=C0ED4E04
  IRQS raised 61886 2 0 0 0 0 18 0 | acked 61796 2 0 0 0 0 18 0
HEARTBEAT [0028:C000316D] cpl=0 pm=1 v86=0 if=0 pic imr=A8 isr=00 irr=00 | 56 8B F0 33 C0 3B 05 F0 E9 00 C0 75 0A 5E C3 48 | eax=00000000 ebx=C15200E8 ecx=00000035 edx=C0FD3690 esi=C0FD3710 edi=C0FD377C esp=C0ED4E00
  IRQS raised 62031 2 0 0 0 0 18 0 | acked 61941 2 0 0 0 0 18 0
HEARTBEAT [0028:C0008F4A] cpl=0 pm=1 v86=0 if=0 pic imr=A8 isr=00 irr=00 | 74 3E FF 35 F0 E9 00 C0 FB 90 8B 54 24 10 FA FF | eax=00000000 ebx=C15200E8 ecx=00000035 edx=C0FD3690 esi=C0FD3710 edi=C0FD377C esp=C0ED4E04
  IRQS raised 62177 2 0 0 0 0 18 0 | acked 62087 2 0 0 0 0 18 0
HEARTBEAT [0028:C0008FC4] cpl=0 pm=1 v86=0 if=0 pic imr=A8 isr=00 irr=00 | E9 2D FF FF FF 51 33 C9 41 85 C0 74 0D 3B C7 74 | eax=00000000 ebx=C15200E8 ecx=00000035 edx=C0FD3690 esi=C0FD3710 edi=C0FD377C esp=C0ED4E04
  IRQS raised 62323 2 0 0 0 0 18 0 | acked 62233 2 0 0 0 0 18 0
HEARTBEAT [0028:C0008F94] cpl=0 pm=1 v86=0 if=0 pic imr=A8 isr=00 irr=00 | 0F 85 43 FF FF FF F6 07 01 74 05 F6 C1 80 74 1C | eax=00000000 ebx=C15200E8 ecx=00000035 edx=C0FD3690 esi=C0FD3710 edi=C0FD377C esp=C0ED4E04
  IRQS raised 62468 2 0 0 0 0 18 0 | acked 62378 2 0 0 0 0 18 0
HEARTBEAT [0028:C0008F9F] cpl=0 pm=1 v86=0 if=0 pic imr=A8 isr=00 irr=00 | F6 C1 80 74 1C A1 E4 06 01 C0 66 83 3D F0 E9 00 | eax=00000000 ebx=C15200E8 ecx=00000035 edx=C0FD3690 esi=C0FD3710 edi=C0FD377C esp=C0ED4E04
  IRQS raised 62614 2 0 0 0 0 18 0 | acked 62524 2 0 0 0 0 18 0
HEARTBEAT [0028:C0008E2D] cpl=0 pm=1 v86=0 if=0 pic imr=A8 isr=00 irr=00 | 80 E1 7F F6 07 01 0F 84 83 00 00 00 33 C0 E8 2D | eax=FFFF01FF ebx=C15200E8 ecx=00000035 edx=C0FD3690 esi=C0FD3710 edi=C0FD377C esp=C0ED4E04
  IRQS raised 62760 2 0 0 0 0 18 0 | acked 62670 2 0 0 0 0 18 0
HEARTBEAT [0028:C000316D] cpl=0 pm=1 v86=0 if=0 pic imr=A8 isr=00 irr=00 | 56 8B F0 33 C0 3B 05 F0 E9 00 C0 75 0A 5E C3 48 | eax=00000000 ebx=C15200E8 ecx=00000035 edx=C0FD3690 esi=C0FD3710 edi=C0FD377C esp=C0ED4E00
  IRQS raised 62905 2 0 0 0 0 18 0 | acked 62815 2 0 0 0 0 18 0
HEARTBEAT [0028:C0008E2D] cpl=0 pm=1 v86=0 if=0 pic imr=A8 isr=00 irr=00 | 80 E1 7F F6 07 01 0F 84 83 00 00 00 33 C0 E8 2D | eax=FFFF01FF ebx=C15200E8 ecx=00000035 edx=C0FD3690 esi=C0FD3710 edi=C0FD377C esp=C0ED4E04
  IRQS raised 63051 2 0 0 0 0 18 0 | acked 62961 2 0 0 0 0 18 0
HEARTBEAT [0028:C0008E30] cpl=0 pm=1 v86=0 if=0 pic imr=A8 isr=00 irr=00 | F6 07 01 0F 84 83 00 00 00 33 C0 E8 2D A3 FF FF | eax=FFFF01FF ebx=C15200E8 ecx=00000035 edx=C0FD3690 esi=C0FD3710 edi=C0FD377C esp=C0ED4E04
  IRQS raised 63197 2 0 0 0 0 18 0 | acked 63107 2 0 0 0 0 18 0
HEARTBEAT [0028:C0008E27] cpl=0 pm=1 v86=0 if=0 pic imr=A8 isr=00 irr=00 | 8B 1D 1C 07 01 C0 80 E1 7F F6 07 01 0F 84 83 00 | eax=FFFF01FF ebx=C15200E8 ecx=00000035 edx=C0FD3690 esi=C0FD3710 edi=C0FD377C esp=C0ED4E04
  IRQS raised 63342 2 0 0 0 0 18 0 | acked 63252 2 0 0 0 0 18 0
HEARTBEAT [0028:C0008E30] cpl=0 pm=1 v86=0 if=0 pic imr=A8 isr=00 irr=00 | F6 07 01 0F 84 83 00 00 00 33 C0 E8 2D A3 FF FF | eax=FFFF01FF ebx=C15200E8 ecx=00000035 edx=C0FD3690 esi=C0FD3710 edi=C0FD377C esp=C0ED4E04
  IRQS raised 63488 2 0 0 0 0 18 0 | acked 63398 2 0 0 0 0 18 0
HEARTBEAT [0028:C0008EF6] cpl=0 pm=1 v86=0 if=0 pic imr=A8 isr=00 irr=00 | FA 8B 54 24 0C FF 54 24 08 0F 85 22 FF FF FF F6 | eax=00000000 ebx=C15200E8 ecx=00000035 edx=C0FD3690 esi=C0FD3710 edi=C0FD377C esp=C0ED4E04
  IRQS raised 63634 2 0 0 0 0 18 0 | acked 63544 2 0 0 0 0 18 0
HEARTBEAT [0028:C0008F4A] cpl=0 pm=1 v86=0 if=0 pic imr=A8 isr=00 irr=00 | 74 3E FF 35 F0 E9 00 C0 FB 90 8B 54 24 10 FA FF | eax=00000000 ebx=C15200E8 ecx=00000035 edx=C0FD3690 esi=C0FD3710 edi=C0FD377C esp=C0ED4E04
  IRQS raised 63779 2 0 0 0 0 18 0 | acked 63689 2 0 0 0 0 18 0
HEARTBEAT [0028:C0008E27] cpl=0 pm=1 v86=0 if=0 pic imr=A8 isr=00 irr=00 | 8B 1D 1C 07 01 C0 80 E1 7F F6 07 01 0F 84 83 00 | eax=FFFF01FF ebx=C15200E8 ecx=00000035 edx=C0FD3690 esi=C0FD3710 edi=C0FD377C esp=C0ED4E04
  IRQS raised 63925 2 0 0 0 0 18 0 | acked 63835 2 0 0 0 0 18 0
HEARTBEAT [0028:C0008ED7] cpl=0 pm=1 v86=0 if=0 pic imr=A8 isr=00 irr=00 | 80 7F CC 00 74 63 51 E8 DB 02 00 00 E8 89 0B 00 | eax=00000000 ebx=C15200E8 ecx=00000035 edx=C0FD3690 esi=C0FD3710 edi=C0FD377C esp=C0ED4E04
  IRQS raised 64071 2 0 0 0 0 18 0 | acked 63981 2 0 0 0 0 18 0
HEARTBEAT [0028:C0008C1B] cpl=0 pm=1 v86=0 if=0 pic imr=A8 isr=00 irr=00 | 48 C0 EC 07 C3 53 F6 07 04 75 34 81 7F 3C 00 00 | eax=00000000 ebx=C15200E8 ecx=00000035 edx=C0FD3690 esi=C0FD3710 edi=C0FD377C esp=C0ED4E00
  IRQS raised 64216 2 0 0 0 0 18 0 | acked 64126 2 0 0 0 0 18 0
HEARTBEAT [0028:C0008F40] cpl=0 pm=1 v86=0 if=0 pic imr=A8 isr=00 irr=00 | 81 3D 9C 0C 01 C0 98 0C 01 C0 74 3E FF 35 F0 E9 | eax=00000000 ebx=C15200E8 ecx=00000035 edx=C0FD3690 esi=C0FD3710 edi=C0FD377C esp=C0ED4E04
  IRQS raised 64362 2 0 0 0 0 18 0 | acked 64272 2 0 0 0 0 18 0
HEARTBEAT [0028:C000930D] cpl=0 pm=1 v86=0 if=0 pic imr=A8 isr=00 irr=00 | 01 47 3C 8B 7F 40 85 FF 75 F6 8B 7B 9C 03 F8 9C | eax=00400000 ebx=C15200E8 ecx=C159F11C edx=C15200E8 esi=00000000 edi=C0FD2DD8 esp=C0ED4DC4
  IRQS raised 64508 2 0 0 0 0 18 0 | acked 64418 2 0 0 0 0 18 0
HEARTBEAT [0028:C0008E27] cpl=0 pm=1 v86=0 if=0 pic imr=A8 isr=00 irr=00 | 8B 1D 1C 07 01 C0 80 E1 7F F6 07 01 0F 84 83 00 | eax=FFFF01FF ebx=C15200E8 ecx=00000035 edx=C0FD3690 esi=C0FD3710 edi=C0FD377C esp=C0ED4E04
  IRQS raised 64653 2 0 0 0 0 18 0 | acked 64563 2 0 0 0 0 18 0
HEARTBEAT [0028:C0003178] cpl=0 pm=1 v86=0 if=0 pic imr=A8 isr=00 irr=00 | 75 0A 5E C3 48 5E C3 33 C0 56 33 F6 8B 6B 08 39 | eax=00000000 ebx=C15200E8 ecx=00000035 edx=C0FD3690 esi=00000000 edi=C0FD377C esp=C0ED4DFC
  IRQS raised 64799 2 0 0 0 0 18 0 | acked 64709 2 0 0 0 0 18 0
HEARTBEAT [0028:C000317A] cpl=0 pm=1 v86=0 if=0 pic imr=A8 isr=00 irr=00 | 5E C3 48 5E C3 33 C0 56 33 F6 8B 6B 08 39 05 F4 | eax=00000000 ebx=C15200E8 ecx=00000035 edx=C0FD3690 esi=00000000 edi=C0FD377C esp=C0ED4DFC
  IRQS raised 64944 2 0 0 0 0 18 0 | acked 64854 2 0 0 0 0 18 0
HEARTBEAT [0028:C0008ED7] cpl=0 pm=1 v86=0 if=0 pic imr=A8 isr=00 irr=00 | 80 7F CC 00 74 63 51 E8 DB 02 00 00 E8 89 0B 00 | eax=00000000 ebx=C15200E8 ecx=00000035 edx=C0FD3690 esi=C0FD3710 edi=C0FD377C esp=C0ED4E04
  IRQS raised 65090 2 0 0 0 0 18 0 | acked 65000 2 0 0 0 0 18 0
HEARTBEAT [0028:C0008ED7] cpl=0 pm=1 v86=0 if=0 pic imr=A8 isr=00 irr=00 | 80 7F CC 00 74 63 51 E8 DB 02 00 00 E8 89 0B 00 | eax=00000000 ebx=C15200E8 ecx=00000035 edx=C0FD3690 esi=C0FD3710 edi=C0FD377C esp=C0ED4E04
  IRQS raised 65236 2 0 0 0 0 18 0 | acked 65146 2 0 0 0 0 18 0
HEARTBEAT [0028:C0003178] cpl=0 pm=1 v86=0 if=0 pic imr=A8 isr=00 irr=00 | 75 0A 5E C3 48 5E C3 33 C0 56 33 F6 8B 6B 08 39 | eax=00000000 ebx=C15200E8 ecx=00000035 edx=C0FD3690 esi=00000000 edi=C0FD377C esp=C0ED4DFC
  IRQS raised 65381 2 0 0 0 0 18 0 | acked 65291 2 0 0 0 0 18 0
HEARTBEAT [0028:C0008EDB] cpl=0 pm=1 v86=0 if=0 pic imr=A8 isr=00 irr=00 | 74 63 51 E8 DB 02 00 00 E8 89 0B 00 00 59 FB EB | eax=00000000 ebx=C15200E8 ecx=00000035 edx=C0FD3690 esi=C0FD3710 edi=C0FD377C esp=C0ED4E04
  IRQS raised 65527 2 0 0 0 0 18 0 | acked 65437 2 0 0 0 0 18 0
HEARTBEAT [0028:C0008F4A] cpl=0 pm=1 v86=0 if=0 pic imr=A8 isr=00 irr=00 | 74 3E FF 35 F0 E9 00 C0 FB 90 8B 54 24 10 FA FF | eax=00000000 ebx=C15200E8 ecx=00000035 edx=C0FD3690 esi=C0FD3710 edi=C0FD377C esp=C0ED4E04
  IRQS raised 65673 2 0 0 0 0 18 0 | acked 65583 2 0 0 0 0 18 0
HEARTBEAT [0028:C0008C18] cpl=0 pm=1 v86=0 if=0 pic imr=A8 isr=00 irr=00 | 66 8B 06 48 C0 EC 07 C3 53 F6 07 04 75 34 81 7F | eax=00000000 ebx=C15200E8 ecx=00000035 edx=C0FD3690 esi=C0FD3710 edi=C0FD377C esp=C0ED4E00
  IRQS raised 65818 2 0 0 0 0 18 0 | acked 65728 2 0 0 0 0 18 0
HEARTBEAT [0028:C0008C18] cpl=0 pm=1 v86=0 if=0 pic imr=A8 isr=00 irr=00 | 66 8B 06 48 C0 EC 07 C3 53 F6 07 04 75 34 81 7F | eax=00000000 ebx=C15200E8 ecx=00000035 edx=C0FD3690 esi=C0FD3710 edi=C0FD377C esp=C0ED4E00
  IRQS raised 65964 2 0 0 0 0 18 0 | acked 65874 2 0 0 0 0 18 0
HEARTBEAT [0028:C0008E2D] cpl=0 pm=1 v86=0 if=0 pic imr=A8 isr=00 irr=00 | 80 E1 7F F6 07 01 0F 84 83 00 00 00 33 C0 E8 2D | eax=FFFF01FF ebx=C15200E8 ecx=00000035 edx=C0FD3690 esi=C0FD3710 edi=C0FD377C esp=C0ED4E04
  IRQS raised 66110 2 0 0 0 0 18 0 | acked 66020 2 0 0 0 0 18 0
HEARTBEAT [0028:C0008F4A] cpl=0 pm=1 v86=0 if=0 pic imr=A8 isr=00 irr=00 | 74 3E FF 35 F0 E9 00 C0 FB 90 8B 54 24 10 FA FF | eax=00000000 ebx=C15200E8 ecx=00000035 edx=C0FD3690 esi=C0FD3710 edi=C0FD377C esp=C0ED4E04
  IRQS raised 66255 2 0 0 0 0 18 0 | acked 66165 2 0 0 0 0 18 0
HEARTBEAT [0028:C000317A] cpl=0 pm=1 v86=0 if=0 pic imr=A8 isr=00 irr=00 | 5E C3 48 5E C3 33 C0 56 33 F6 8B 6B 08 39 05 F4 | eax=00000000 ebx=C15200E8 ecx=00000035 edx=C0FD3690 esi=00000000 edi=C0FD377C esp=C0ED4DFC
  IRQS raised 66401 2 0 0 0 0 18 0 | acked 66311 2 0 0 0 0 18 0
HEARTBEAT [0028:C0008E33] cpl=0 pm=1 v86=0 if=0 pic imr=A8 isr=00 irr=00 | 0F 84 83 00 00 00 33 C0 E8 2D A3 FF FF 0F 84 91 | eax=FFFF01FF ebx=C15200E8 ecx=00000035 edx=C0FD3690 esi=C0FD3710 edi=C0FD377C esp=C0ED4E04
  IRQS raised 66547 2 0 0 0 0 18 0 | acked 66457 2 0 0 0 0 18 0
HEARTBEAT [0028:C000316D] cpl=0 pm=1 v86=0 if=0 pic imr=A8 isr=00 irr=00 | 56 8B F0 33 C0 3B 05 F0 E9 00 C0 75 0A 5E C3 48 | eax=00000000 ebx=C15200E8 ecx=00000035 edx=C0FD3690 esi=C0FD3710 edi=C0FD377C esp=C0ED4E00
  IRQS raised 66692 2 0 0 0 0 18 0 | acked 66602 2 0 0 0 0 18 0
HEARTBEAT [0028:C0003172] cpl=0 pm=1 v86=0 if=0 pic imr=A8 isr=00 irr=00 | 3B 05 F0 E9 00 C0 75 0A 5E C3 48 5E C3 33 C0 56 | eax=00000000 ebx=C15200E8 ecx=00000035 edx=C0FD3690 esi=00000000 edi=C0FD377C esp=C0ED4DFC
  IRQS raised 66838 2 0 0 0 0 18 0 | acked 66748 2 0 0 0 0 18 0
HEARTBEAT [0028:C0008C1B] cpl=0 pm=1 v86=0 if=0 pic imr=A8 isr=00 irr=00 | 48 C0 EC 07 C3 53 F6 07 04 75 34 81 7F 3C 00 00 | eax=00000000 ebx=C15200E8 ecx=00000035 edx=C0FD3690 esi=C0FD3710 edi=C0FD377C esp=C0ED4E00
  IRQS raised 66984 2 0 0 0 0 18 0 | acked 66894 2 0 0 0 0 18 0
HEARTBEAT [0028:C0008FC0] cpl=0 pm=1 v86=0 if=0 pic imr=A8 isr=00 irr=00 | FB 90 90 FA E9 2D FF FF FF 51 33 C9 41 85 C0 74 | eax=00000000 ebx=C15200E8 ecx=00000035 edx=C0FD3690 esi=C0FD3710 edi=C0FD377C esp=C0ED4E04
  IRQS raised 67129 2 0 0 0 0 18 0 | acked 67039 2 0 0 0 0 18 0
HEARTBEAT [0028:C0008E27] cpl=0 pm=1 v86=0 if=0 pic imr=A8 isr=00 irr=00 | 8B 1D 1C 07 01 C0 80 E1 7F F6 07 01 0F 84 83 00 | eax=FFFF01FF ebx=C15200E8 ecx=00000035 edx=C0FD3690 esi=C0FD3710 edi=C0FD377C esp=C0ED4E04
  IRQS raised 67275 2 0 0 0 0 18 0 | acked 67185 2 0 0 0 0 18 0
HEARTBEAT [0028:C0008C1F] cpl=0 pm=1 v86=0 if=0 pic imr=A8 isr=00 irr=00 | C3 53 F6 07 04 75 34 81 7F 3C 00 00 10 00 73 1D | eax=FFFF01FF ebx=C15200E8 ecx=00000035 edx=C0FD3690 esi=C0FD3710 edi=C0FD377C esp=C0ED4E00
  IRQS raised 67421 2 0 0 0 0 18 0 | acked 67331 2 0 0 0 0 18 0
HEARTBEAT [0028:C0008F94] cpl=0 pm=1 v86=0 if=0 pic imr=A8 isr=00 irr=00 | 0F 85 43 FF FF FF F6 07 01 74 05 F6 C1 80 74 1C | eax=00000000 ebx=C15200E8 ecx=00000035 edx=C0FD3690 esi=C0FD3710 edi=C0FD377C esp=C0ED4E04
  IRQS raised 67566 2 0 0 0 0 18 0 | acked 67476 2 0 0 0 0 18 0
HEARTBEAT [0028:C0008F4A] cpl=0 pm=1 v86=0 if=0 pic imr=A8 isr=00 irr=00 | 74 3E FF 35 F0 E9 00 C0 FB 90 8B 54 24 10 FA FF | eax=00000000 ebx=C15200E8 ecx=00000035 edx=C0FD3690 esi=C0FD3710 edi=C0FD377C esp=C0ED4E04
  IRQS raised 67712 2 0 0 0 0 18 0 | acked 67622 2 0 0 0 0 18 0
HEARTBEAT [0028:C0003B09] cpl=0 pm=1 v86=0 if=0 pic imr=A8 isr=00 irr=00 | 89 06 33 C0 89 46 04 89 35 34 EA 00 C0 FB C3 8B | eax=C0FCE154 ebx=C15200E8 ecx=0000000C edx=C0FD3690 esi=C0FCE97C edi=C0FD377C esp=C0ED4DC8
  IRQS raised 67858 2 0 0 0 0 18 0 | acked 67768 2 0 0 0 0 18 0
HEARTBEAT [0028:C0003178] cpl=0 pm=1 v86=0 if=0 pic imr=A8 isr=00 irr=00 | 75 0A 5E C3 48 5E C3 33 C0 56 33 F6 8B 6B 08 39 | eax=00000000 ebx=C15200E8 ecx=00000035 edx=C0FD3690 esi=00000000 edi=C0FD377C esp=C0ED4DFC
  IRQS raised 68003 2 0 0 0 0 18 0 | acked 67913 2 0 0 0 0 18 0
HEARTBEAT [0028:C0008F40] cpl=0 pm=1 v86=0 if=0 pic imr=A8 isr=00 irr=00 | 81 3D 9C 0C 01 C0 98 0C 01 C0 74 3E FF 35 F0 E9 | eax=00000000 ebx=C15200E8 ecx=00000035 edx=C0FD3690 esi=C0FD3710 edi=C0FD377C esp=C0ED4E04
  IRQS raised 68149 2 0 0 0 0 18 0 | acked 68059 2 0 0 0 0 18 0
HEARTBEAT [0028:C0008E27] cpl=0 pm=1 v86=0 if=0 pic imr=A8 isr=00 irr=00 | 8B 1D 1C 07 01 C0 80 E1 7F F6 07 01 0F 84 83 00 | eax=FFFF01FF ebx=C15200E8 ecx=00000035 edx=C0FD3690 esi=C0FD3710 edi=C0FD377C esp=C0ED4E04
  IRQS raised 68294 2 0 0 0 0 18 0 | acked 68204 2 0 0 0 0 18 0
HEARTBEAT [0028:C0008ED7] cpl=0 pm=1 v86=0 if=0 pic imr=A8 isr=00 irr=00 | 80 7F CC 00 74 63 51 E8 DB 02 00 00 E8 89 0B 00 | eax=00000000 ebx=C15200E8 ecx=00000035 edx=C0FD3690 esi=C0FD3710 edi=C0FD377C esp=C0ED4E04
  IRQS raised 68440 2 0 0 0 0 18 0 | acked 68350 2 0 0 0 0 18 0
HEARTBEAT [0028:C0008F4A] cpl=0 pm=1 v86=0 if=0 pic imr=A8 isr=00 irr=00 | 74 3E FF 35 F0 E9 00 C0 FB 90 8B 54 24 10 FA FF | eax=00000000 ebx=C15200E8 ecx=00000035 edx=C0FD3690 esi=C0FD3710 edi=C0FD377C esp=C0ED4E04
  IRQS raised 68586 2 0 0 0 0 18 0 | acked 68496 2 0 0 0 0 18 0
HEARTBEAT [0028:C000316D] cpl=0 pm=1 v86=0 if=0 pic imr=A8 isr=00 irr=00 | 56 8B F0 33 C0 3B 05 F0 E9 00 C0 75 0A 5E C3 48 | eax=00000000 ebx=C15200E8 ecx=00000035 edx=C0FD3690 esi=C0FD3710 edi=C0FD377C esp=C0ED4E00
  IRQS raised 68731 2 0 0 0 0 18 0 | acked 68641 2 0 0 0 0 18 0
HEARTBEAT [0028:C0003178] cpl=0 pm=1 v86=0 if=0 pic imr=A8 isr=00 irr=00 | 75 0A 5E C3 48 5E C3 33 C0 56 33 F6 8B 6B 08 39 | eax=00000000 ebx=C15200E8 ecx=00000035 edx=C0FD3690 esi=00000000 edi=C0FD377C esp=C0ED4DFC
  IRQS raised 68877 2 0 0 0 0 18 0 | acked 68787 2 0 0 0 0 18 0
HEARTBEAT [0028:C0003170] cpl=0 pm=1 v86=0 if=0 pic imr=A8 isr=00 irr=00 | 33 C0 3B 05 F0 E9 00 C0 75 0A 5E C3 48 5E C3 33 | eax=00000000 ebx=C15200E8 ecx=00000035 edx=C0FD3690 esi=00000000 edi=C0FD377C esp=C0ED4DFC
  IRQS raised 69023 2 0 0 0 0 18 0 | acked 68933 2 0 0 0 0 18 0
HEARTBEAT [0028:C0008C1F] cpl=0 pm=1 v86=0 if=0 pic imr=A8 isr=00 irr=00 | C3 53 F6 07 04 75 34 81 7F 3C 00 00 10 00 73 1D | eax=FFFF01FF ebx=C15200E8 ecx=00000035 edx=C0FD3690 esi=C0FD3710 edi=C0FD377C esp=C0ED4E00
  IRQS raised 69168 2 0 0 0 0 18 0 | acked 69078 2 0 0 0 0 18 0
HEARTBEAT [0028:C0008E30] cpl=0 pm=1 v86=0 if=0 pic imr=A8 isr=00 irr=00 | F6 07 01 0F 84 83 00 00 00 33 C0 E8 2D A3 FF FF | eax=FFFF01FF ebx=C15200E8 ecx=00000035 edx=C0FD3690 esi=C0FD3710 edi=C0FD377C esp=C0ED4E04
  IRQS raised 69314 2 0 0 0 0 18 0 | acked 69224 2 0 0 0 0 18 0
HEARTBEAT [0028:C0008C1B] cpl=0 pm=1 v86=0 if=0 pic imr=A8 isr=00 irr=00 | 48 C0 EC 07 C3 53 F6 07 04 75 34 81 7F 3C 00 00 | eax=00000000 ebx=C15200E8 ecx=00000035 edx=C0FD3690 esi=C0FD3710 edi=C0FD377C esp=C0ED4E00
  IRQS raised 69460 2 0 0 0 0 18 0 | acked 69370 2 0 0 0 0 18 0
HEARTBEAT [0028:C0008F4A] cpl=0 pm=1 v86=0 if=0 pic imr=A8 isr=00 irr=00 | 74 3E FF 35 F0 E9 00 C0 FB 90 8B 54 24 10 FA FF | eax=00000000 ebx=C15200E8 ecx=00000035 edx=C0FD3690 esi=C0FD3710 edi=C0FD377C esp=C0ED4E04
  IRQS raised 69605 2 0 0 0 0 18 0 | acked 69515 2 0 0 0 0 18 0
HEARTBEAT [0028:C0008EF6] cpl=0 pm=1 v86=0 if=0 pic imr=A8 isr=00 irr=00 | FA 8B 54 24 0C FF 54 24 08 0F 85 22 FF FF FF F6 | eax=00000000 ebx=C15200E8 ecx=00000035 edx=C0FD3690 esi=C0FD3710 edi=C0FD377C esp=C0ED4E04
  IRQS raised 69751 2 0 0 0 0 18 0 | acked 69661 2 0 0 0 0 18 0
HEARTBEAT [0028:C0008E40] cpl=0 pm=1 v86=0 if=0 pic imr=A8 isr=00 irr=00 | 0F 84 91 00 00 00 F6 C1 20 75 48 F6 40 08 02 74 | eax=00000000 ebx=C15200E8 ecx=00000035 edx=C0FD3690 esi=C0FD3710 edi=C0FD377C esp=C0ED4E04
  IRQS raised 69897 2 0 0 0 0 18 0 | acked 69807 2 0 0 0 0 18 0
HEARTBEAT [0028:C0008F40] cpl=0 pm=1 v86=0 if=0 pic imr=A8 isr=00 irr=00 | 81 3D 9C 0C 01 C0 98 0C 01 C0 74 3E FF 35 F0 E9 | eax=00000000 ebx=C15200E8 ecx=00000035 edx=C0FD3690 esi=C0FD3710 edi=C0FD377C esp=C0ED4E04
  IRQS raised 70042 2 0 0 0 0 18 0 | acked 69952 2 0 0 0 0 18 0
HEARTBEAT [0028:C0008E39] cpl=0 pm=1 v86=0 if=0 pic imr=A8 isr=00 irr=00 | 33 C0 E8 2D A3 FF FF 0F 84 91 00 00 00 F6 C1 20 | eax=FFFF01FF ebx=C15200E8 ecx=00000035 edx=C0FD3690 esi=C0FD3710 edi=C0FD377C esp=C0ED4E04
  IRQS raised 70188 2 0 0 0 0 18 0 | acked 70098 2 0 0 0 0 18 0
HEARTBEAT [0028:C0008EFB] cpl=0 pm=1 v86=0 if=0 pic imr=A8 isr=00 irr=00 | FF 54 24 08 0F 85 22 FF FF FF F6 47 01 10 74 1C | eax=00000000 ebx=C15200E8 ecx=00000035 edx=C0FD3690 esi=C0FD3710 edi=C0FD377C esp=C0ED4E04
  IRQS raised 70334 2 0 0 0 0 18 0 | acked 70244 2 0 0 0 0 18 0
HEARTBEAT [0028:C0008E27] cpl=0 pm=1 v86=0 if=0 pic imr=A8 isr=00 irr=00 | 8B 1D 1C 07 01 C0 80 E1 7F F6 07 01 0F 84 83 00 | eax=FFFF01FF ebx=C15200E8 ecx=00000035 edx=C0FD3690 esi=C0FD3710 edi=C0FD377C esp=C0ED4E04
  IRQS raised 70479 2 0 0 0 0 18 0 | acked 70389 2 0 0 0 0 18 0
HEARTBEAT [0028:C0008F4A] cpl=0 pm=1 v86=0 if=0 pic imr=A8 isr=00 irr=00 | 74 3E FF 35 F0 E9 00 C0 FB 90 8B 54 24 10 FA FF | eax=00000000 ebx=C15200E8 ecx=00000035 edx=C0FD3690 esi=C0FD3710 edi=C0FD377C esp=C0ED4E04
  IRQS raised 70625 2 0 0 0 0 18 0 | acked 70535 2 0 0 0 0 18 0
HEARTBEAT [0028:C0008FC0] cpl=0 pm=1 v86=0 if=0 pic imr=A8 isr=00 irr=00 | FB 90 90 FA E9 2D FF FF FF 51 33 C9 41 85 C0 74 | eax=00000000 ebx=C15200E8 ecx=00000035 edx=C0FD3690 esi=C0FD3710 edi=C0FD377C esp=C0ED4E04
  IRQS raised 70771 2 0 0 0 0 18 0 | acked 70681 2 0 0 0 0 18 0
HEARTBEAT [0028:C0008E40] cpl=0 pm=1 v86=0 if=0 pic imr=A8 isr=00 irr=00 | 0F 84 91 00 00 00 F6 C1 20 75 48 F6 40 08 02 74 | eax=00000000 ebx=C15200E8 ecx=00000035 edx=C0FD3690 esi=C0FD3710 edi=C0FD377C esp=C0ED4E04
  IRQS raised 70916 2 0 0 0 0 18 0 | acked 70826 2 0 0 0 0 18 0
HEARTBEAT [0028:C0008F4A] cpl=0 pm=1 v86=0 if=0 pic imr=A8 isr=00 irr=00 | 74 3E FF 35 F0 E9 00 C0 FB 90 8B 54 24 10 FA FF | eax=00000000 ebx=C15200E8 ecx=00000035 edx=C0FD3690 esi=C0FD3710 edi=C0FD377C esp=C0ED4E04
  IRQS raised 71062 2 0 0 0 0 18 0 | acked 70972 2 0 0 0 0 18 0
HEARTBEAT [0028:C0008E9E] cpl=0 pm=1 v86=0 if=0 pic imr=A8 isr=00 irr=00 | FB E8 40 9B FF FF 8A 47 CD 68 EC 8E 00 C0 84 C0 | eax=C0FCEAF4 ebx=C15200E8 ecx=00000035 edx=C10CD720 esi=C0FD3710 edi=C0FD377C esp=C0ED4E04
  IRQS raised 71208 2 0 0 0 0 18 0 | acked 71118 2 0 0 0 0 18 0
HEARTBEAT [0028:C0008C1B] cpl=0 pm=1 v86=0 if=0 pic imr=A8 isr=00 irr=00 | 48 C0 EC 07 C3 53 F6 07 04 75 34 81 7F 3C 00 00 | eax=00000000 ebx=C15200E8 ecx=00000035 edx=C0FD3690 esi=C0FD3710 edi=C0FD377C esp=C0ED4E00
  IRQS raised 71353 2 0 0 0 0 18 0 | acked 71263 2 0 0 0 0 18 0
HEARTBEAT [0028:C0003178] cpl=0 pm=1 v86=0 if=0 pic imr=A8 isr=00 irr=00 | 75 0A 5E C3 48 5E C3 33 C0 56 33 F6 8B 6B 08 39 | eax=00000000 ebx=C15200E8 ecx=00000035 edx=C0FD3690 esi=00000000 edi=C0FD377C esp=C0ED4DFC
  IRQS raised 71499 2 0 0 0 0 18 0 | acked 71409 2 0 0 0 0 18 0
HEARTBEAT [0028:C0008F9F] cpl=0 pm=1 v86=0 if=0 pic imr=A8 isr=00 irr=00 | F6 C1 80 74 1C A1 E4 06 01 C0 66 83 3D F0 E9 00 | eax=00000000 ebx=C15200E8 ecx=00000035 edx=C0FD3690 esi=C0FD3710 edi=C0FD377C esp=C0ED4E04
  IRQS raised 71644 2 0 0 0 0 18 0 | acked 71554 2 0 0 0 0 18 0
HEARTBEAT [0028:C000316D] cpl=0 pm=1 v86=0 if=0 pic imr=A8 isr=00 irr=00 | 56 8B F0 33 C0 3B 05 F0 E9 00 C0 75 0A 5E C3 48 | eax=00000000 ebx=C15200E8 ecx=00000035 edx=C0FD3690 esi=C0FD3710 edi=C0FD377C esp=C0ED4E00
  IRQS raised 71790 2 0 0 0 0 18 0 | acked 71700 2 0 0 0 0 18 0
HEARTBEAT [0028:C0008F94] cpl=0 pm=1 v86=0 if=0 pic imr=A8 isr=00 irr=00 | 0F 85 43 FF FF FF F6 07 01 74 05 F6 C1 80 74 1C | eax=00000000 ebx=C15200E8 ecx=00000035 edx=C0FD3690 esi=C0FD3710 edi=C0FD377C esp=C0ED4E04
  IRQS raised 71936 2 0 0 0 0 18 0 | acked 71846 2 0 0 0 0 18 0
HEARTBEAT [0028:C0008F94] cpl=0 pm=1 v86=0 if=0 pic imr=A8 isr=00 irr=00 | 0F 85 43 FF FF FF F6 07 01 74 05 F6 C1 80 74 1C | eax=00000000 ebx=C15200E8 ecx=00000035 edx=C0FD3690 esi=C0FD3710 edi=C0FD377C esp=C0ED4E04
  IRQS raised 72081 2 0 0 0 0 18 0 | acked 71991 2 0 0 0 0 18 0
HEARTBEAT [0028:C0008FC0] cpl=0 pm=1 v86=0 if=0 pic imr=A8 isr=00 irr=00 | FB 90 90 FA E9 2D FF FF FF 51 33 C9 41 85 C0 74 | eax=00000000 ebx=C15200E8 ecx=00000035 edx=C0FD3690 esi=C0FD3710 edi=C0FD377C esp=C0ED4E04
  IRQS raised 72227 2 0 0 0 0 18 0 | acked 72137 2 0 0 0 0 18 0
HEARTBEAT [0028:C0008F9D] cpl=0 pm=1 v86=0 if=0 pic imr=A8 isr=00 irr=00 | 74 05 F6 C1 80 74 1C A1 E4 06 01 C0 66 83 3D F0 | eax=00000000 ebx=C15200E8 ecx=00000035 edx=C0FD3690 esi=C0FD3710 edi=C0FD377C esp=C0ED4E04
  IRQS raised 72373 2 0 0 0 0 18 0 | acked 72283 2 0 0 0 0 18 0
HEARTBEAT [0028:C0003172] cpl=0 pm=1 v86=0 if=0 pic imr=A8 isr=00 irr=00 | 3B 05 F0 E9 00 C0 75 0A 5E C3 48 5E C3 33 C0 56 | eax=00000000 ebx=C15200E8 ecx=00000035 edx=C0FD3690 esi=00000000 edi=C0FD377C esp=C0ED4DFC
  IRQS raised 72518 2 0 0 0 0 18 0 | acked 72428 2 0 0 0 0 18 0
HEARTBEAT [0028:C0008F94] cpl=0 pm=1 v86=0 if=0 pic imr=A8 isr=00 irr=00 | 0F 85 43 FF FF FF F6 07 01 74 05 F6 C1 80 74 1C | eax=00000000 ebx=C15200E8 ecx=00000035 edx=C0FD3690 esi=C0FD3710 edi=C0FD377C esp=C0ED4E04
  IRQS raised 72664 2 0 0 0 0 18 0 | acked 72574 2 0 0 0 0 18 0
HEARTBEAT [0028:C0008E2D] cpl=0 pm=1 v86=0 if=0 pic imr=A8 isr=00 irr=00 | 80 E1 7F F6 07 01 0F 84 83 00 00 00 33 C0 E8 2D | eax=FFFF01FF ebx=C15200E8 ecx=00000035 edx=C0FD3690 esi=C0FD3710 edi=C0FD377C esp=C0ED4E04
  IRQS raised 72810 2 0 0 0 0 18 0 | acked 72720 2 0 0 0 0 18 0
HEARTBEAT [0028:C0008E27] cpl=0 pm=1 v86=0 if=0 pic imr=A8 isr=00 irr=00 | 8B 1D 1C 07 01 C0 80 E1 7F F6 07 01 0F 84 83 00 | eax=FFFF01FF ebx=C15200E8 ecx=00000035 edx=C0FD3690 esi=C0FD3710 edi=C0FD377C esp=C0ED4E04
  IRQS raised 72955 2 0 0 0 0 18 0 | acked 72865 2 0 0 0 0 18 0
HEARTBEAT [0028:C0008FC0] cpl=0 pm=1 v86=0 if=0 pic imr=A8 isr=00 irr=00 | FB 90 90 FA E9 2D FF FF FF 51 33 C9 41 85 C0 74 | eax=00000000 ebx=C15200E8 ecx=00000035 edx=C0FD3690 esi=C0FD3710 edi=C0FD377C esp=C0ED4E04
  IRQS raised 73101 2 0 0 0 0 18 0 | acked 73011 2 0 0 0 0 18 0
HEARTBEAT [0028:C0008F4A] cpl=0 pm=1 v86=0 if=0 pic imr=A8 isr=00 irr=00 | 74 3E FF 35 F0 E9 00 C0 FB 90 8B 54 24 10 FA FF | eax=00000000 ebx=C15200E8 ecx=00000035 edx=C0FD3690 esi=C0FD3710 edi=C0FD377C esp=C0ED4E04
  IRQS raised 73247 2 0 0 0 0 18 0 | acked 73157 2 0 0 0 0 18 0
HEARTBEAT [0028:C0008ED7] cpl=0 pm=1 v86=0 if=0 pic imr=A8 isr=00 irr=00 | 80 7F CC 00 74 63 51 E8 DB 02 00 00 E8 89 0B 00 | eax=00000000 ebx=C15200E8 ecx=00000035 edx=C0FD3690 esi=C0FD3710 edi=C0FD377C esp=C0ED4E04
  IRQS raised 73392 2 0 0 0 0 18 0 | acked 73302 2 0 0 0 0 18 0
HEARTBEAT [0028:C0008E39] cpl=0 pm=1 v86=0 if=0 pic imr=A8 isr=00 irr=00 | 33 C0 E8 2D A3 FF FF 0F 84 91 00 00 00 F6 C1 20 | eax=FFFF01FF ebx=C15200E8 ecx=00000035 edx=C0FD3690 esi=C0FD3710 edi=C0FD377C esp=C0ED4E04
  IRQS raised 73538 2 0 0 0 0 18 0 | acked 73448 2 0 0 0 0 18 0
HEARTBEAT [0028:C000316D] cpl=0 pm=1 v86=0 if=0 pic imr=A8 isr=00 irr=00 | 56 8B F0 33 C0 3B 05 F0 E9 00 C0 75 0A 5E C3 48 | eax=00000000 ebx=C15200E8 ecx=00000035 edx=C0FD3690 esi=C0FD3710 edi=C0FD377C esp=C0ED4E00
  IRQS raised 73684 2 0 0 0 0 18 0 | acked 73594 2 0 0 0 0 18 0
HEARTBEAT [0028:C0003172] cpl=0 pm=1 v86=0 if=0 pic imr=A8 isr=00 irr=00 | 3B 05 F0 E9 00 C0 75 0A 5E C3 48 5E C3 33 C0 56 | eax=00000000 ebx=C15200E8 ecx=00000035 edx=C0FD3690 esi=00000000 edi=C0FD377C esp=C0ED4DFC
  IRQS raised 73829 2 0 0 0 0 18 0 | acked 73739 2 0 0 0 0 18 0
HEARTBEAT [0028:C0008F94] cpl=0 pm=1 v86=0 if=0 pic imr=A8 isr=00 irr=00 | 0F 85 43 FF FF FF F6 07 01 74 05 F6 C1 80 74 1C | eax=00000000 ebx=C15200E8 ecx=00000035 edx=C0FD3690 esi=C0FD3710 edi=C0FD377C esp=C0ED4E04
  IRQS raised 73975 2 0 0 0 0 18 0 | acked 73885 2 0 0 0 0 18 0
HEARTBEAT [0028:C0008E27] cpl=0 pm=1 v86=0 if=0 pic imr=A8 isr=00 irr=00 | 8B 1D 1C 07 01 C0 80 E1 7F F6 07 01 0F 84 83 00 | eax=FFFF01FF ebx=C15200E8 ecx=00000035 edx=C0FD3690 esi=C0FD3710 edi=C0FD377C esp=C0ED4E04
  IRQS raised 74121 2 0 0 0 0 18 0 | acked 74031 2 0 0 0 0 18 0
HEARTBEAT [0028:C0008E27] cpl=0 pm=1 v86=0 if=0 pic imr=A8 isr=00 irr=00 | 8B 1D 1C 07 01 C0 80 E1 7F F6 07 01 0F 84 83 00 | eax=FFFF01FF ebx=C15200E8 ecx=00000035 edx=C0FD3690 esi=C0FD3710 edi=C0FD377C esp=C0ED4E04
  IRQS raised 74266 2 0 0 0 0 18 0 | acked 74176 2 0 0 0 0 18 0
HEARTBEAT [0028:C0008F94] cpl=0 pm=1 v86=0 if=0 pic imr=A8 isr=00 irr=00 | 0F 85 43 FF FF FF F6 07 01 74 05 F6 C1 80 74 1C | eax=00000000 ebx=C15200E8 ecx=00000035 edx=C0FD3690 esi=C0FD3710 edi=C0FD377C esp=C0ED4E04
  IRQS raised 74412 2 0 0 0 0 18 0 | acked 74322 2 0 0 0 0 18 0
HEARTBEAT [0028:C000382C] cpl=0 pm=1 v86=0 if=0 pic imr=A8 isr=00 irr=00 | 66 87 45 34 66 89 46 1A B8 00 10 00 00 87 45 30 | eax=BFF9187F ebx=C15200E8 ecx=003B0204 edx=00001862 esi=C0FD377C edi=C0FD377C esp=C0ED4DC8
  IRQS raised 74558 2 0 0 0 0 18 0 | acked 74468 2 0 0 0 0 18 0
HEARTBEAT [0028:C0008F9F] cpl=0 pm=1 v86=0 if=0 pic imr=A8 isr=00 irr=00 | F6 C1 80 74 1C A1 E4 06 01 C0 66 83 3D F0 E9 00 | eax=00000000 ebx=C15200E8 ecx=00000035 edx=C0FD3690 esi=C0FD3710 edi=C0FD377C esp=C0ED4E04
  IRQS raised 74703 2 0 0 0 0 18 0 | acked 74613 2 0 0 0 0 18 0
HEARTBEAT [0028:C0008EF6] cpl=0 pm=1 v86=0 if=0 pic imr=A8 isr=00 irr=00 | FA 8B 54 24 0C FF 54 24 08 0F 85 22 FF FF FF F6 | eax=00000000 ebx=C15200E8 ecx=00000035 edx=C0FD3690 esi=C0FD3710 edi=C0FD377C esp=C0ED4E04
  IRQS raised 74849 2 0 0 0 0 18 0 | acked 74759 2 0 0 0 0 18 0
HEARTBEAT [0028:C0008EDB] cpl=0 pm=1 v86=0 if=0 pic imr=A8 isr=00 irr=00 | 74 63 51 E8 DB 02 00 00 E8 89 0B 00 00 59 FB EB | eax=00000000 ebx=C15200E8 ecx=00000035 edx=C0FD3690 esi=C0FD3710 edi=C0FD377C esp=C0ED4E04
  IRQS raised 74994 2 0 0 0 0 18 0 | acked 74904 2 0 0 0 0 18 0
HEARTBEAT [0028:C0008FC0] cpl=0 pm=1 v86=0 if=0 pic imr=A8 isr=00 irr=00 | FB 90 90 FA E9 2D FF FF FF 51 33 C9 41 85 C0 74 | eax=00000000 ebx=C15200E8 ecx=00000035 edx=C0FD3690 esi=C0FD3710 edi=C0FD377C esp=C0ED4E04
  IRQS raised 75140 2 0 0 0 0 18 0 | acked 75050 2 0 0 0 0 18 0
HEARTBEAT [0028:C0008C1B] cpl=0 pm=1 v86=0 if=0 pic imr=A8 isr=00 irr=00 | 48 C0 EC 07 C3 53 F6 07 04 75 34 81 7F 3C 00 00 | eax=00000000 ebx=C15200E8 ecx=00000035 edx=C0FD3690 esi=C0FD3710 edi=C0FD377C esp=C0ED4E00
  IRQS raised 75286 2 0 0 0 0 18 0 | acked 75196 2 0 0 0 0 18 0
HEARTBEAT [0028:C0008E27] cpl=0 pm=1 v86=0 if=0 pic imr=A8 isr=00 irr=00 | 8B 1D 1C 07 01 C0 80 E1 7F F6 07 01 0F 84 83 00 | eax=FFFF01FF ebx=C15200E8 ecx=00000035 edx=C0FD3690 esi=C0FD3710 edi=C0FD377C esp=C0ED4E04
  IRQS raised 75431 2 0 0 0 0 18 0 | acked 75341 2 0 0 0 0 18 0
HEARTBEAT [0028:C0008E2D] cpl=0 pm=1 v86=0 if=0 pic imr=A8 isr=00 irr=00 | 80 E1 7F F6 07 01 0F 84 83 00 00 00 33 C0 E8 2D | eax=FFFF01FF ebx=C15200E8 ecx=00000035 edx=C0FD3690 esi=C0FD3710 edi=C0FD377C esp=C0ED4E04
  IRQS raised 75577 2 0 0 0 0 18 0 | acked 75487 2 0 0 0 0 18 0
HEARTBEAT [0028:C0008F9D] cpl=0 pm=1 v86=0 if=0 pic imr=A8 isr=00 irr=00 | 74 05 F6 C1 80 74 1C A1 E4 06 01 C0 66 83 3D F0 | eax=00000000 ebx=C15200E8 ecx=00000035 edx=C0FD3690 esi=C0FD3710 edi=C0FD377C esp=C0ED4E04
  IRQS raised 75723 2 0 0 0 0 18 0 | acked 75633 2 0 0 0 0 18 0
HEARTBEAT [0028:C0008E39] cpl=0 pm=1 v86=0 if=0 pic imr=A8 isr=00 irr=00 | 33 C0 E8 2D A3 FF FF 0F 84 91 00 00 00 F6 C1 20 | eax=FFFF01FF ebx=C15200E8 ecx=00000035 edx=C0FD3690 esi=C0FD3710 edi=C0FD377C esp=C0ED4E04
  IRQS raised 75868 2 0 0 0 0 18 0 | acked 75778 2 0 0 0 0 18 0
HEARTBEAT [0028:C0008E27] cpl=0 pm=1 v86=0 if=0 pic imr=A8 isr=00 irr=00 | 8B 1D 1C 07 01 C0 80 E1 7F F6 07 01 0F 84 83 00 | eax=FFFF01FF ebx=C15200E8 ecx=00000035 edx=C0FD3690 esi=C0FD3710 edi=C0FD377C esp=C0ED4E04
  IRQS raised 76014 2 0 0 0 0 18 0 | acked 75924 2 0 0 0 0 18 0
HEARTBEAT [0028:C000317A] cpl=0 pm=1 v86=0 if=0 pic imr=A8 isr=00 irr=00 | 5E C3 48 5E C3 33 C0 56 33 F6 8B 6B 08 39 05 F4 | eax=00000000 ebx=C15200E8 ecx=00000035 edx=C0FD3690 esi=00000000 edi=C0FD377C esp=C0ED4DFC
  IRQS raised 76160 2 0 0 0 0 18 0 | acked 76070 2 0 0 0 0 18 0
HEARTBEAT [0028:C0008F94] cpl=0 pm=1 v86=0 if=0 pic imr=A8 isr=00 irr=00 | 0F 85 43 FF FF FF F6 07 01 74 05 F6 C1 80 74 1C | eax=00000000 ebx=C15200E8 ecx=00000035 edx=C0FD3690 esi=C0FD3710 edi=C0FD377C esp=C0ED4E04
  IRQS raised 76305 2 0 0 0 0 18 0 | acked 76215 2 0 0 0 0 18 0
HEARTBEAT [0028:C0003172] cpl=0 pm=1 v86=0 if=0 pic imr=A8 isr=00 irr=00 | 3B 05 F0 E9 00 C0 75 0A 5E C3 48 5E C3 33 C0 56 | eax=00000000 ebx=C15200E8 ecx=00000035 edx=C0FD3690 esi=00000000 edi=C0FD377C esp=C0ED4DFC
  IRQS raised 76451 2 0 0 0 0 18 0 | acked 76361 2 0 0 0 0 18 0
HEARTBEAT [0028:C0008FC1] cpl=0 pm=1 v86=0 if=1 pic imr=A8 isr=00 irr=00 | 90 90 FA E9 2D FF FF FF 51 33 C9 41 85 C0 74 0D | eax=00000000 ebx=C15200E8 ecx=00000035 edx=C0FD3690 esi=C0FD3710 edi=C0FD377C esp=C0ED4E04
  IRQS raised 76597 2 0 0 0 0 18 0 | acked 76507 2 0 0 0 0 18 0
HEARTBEAT [0028:C0008F9D] cpl=0 pm=1 v86=0 if=0 pic imr=A8 isr=00 irr=00 | 74 05 F6 C1 80 74 1C A1 E4 06 01 C0 66 83 3D F0 | eax=00000000 ebx=C15200E8 ecx=00000035 edx=C0FD3690 esi=C0FD3710 edi=C0FD377C esp=C0ED4E04
  IRQS raised 76742 2 0 0 0 0 18 0 | acked 76652 2 0 0 0 0 18 0
HEARTBEAT [0028:C0008F4A] cpl=0 pm=1 v86=0 if=0 pic imr=A8 isr=00 irr=00 | 74 3E FF 35 F0 E9 00 C0 FB 90 8B 54 24 10 FA FF | eax=00000000 ebx=C15200E8 ecx=00000035 edx=C0FD3690 esi=C0FD3710 edi=C0FD377C esp=C0ED4E04
  IRQS raised 76888 2 0 0 0 0 18 0 | acked 76798 2 0 0 0 0 18 0
HEARTBEAT [0028:C0008EF6] cpl=0 pm=1 v86=0 if=0 pic imr=A8 isr=00 irr=00 | FA 8B 54 24 0C FF 54 24 08 0F 85 22 FF FF FF F6 | eax=00000000 ebx=C15200E8 ecx=00000035 edx=C0FD3690 esi=C0FD3710 edi=C0FD377C esp=C0ED4E04
  IRQS raised 77034 2 0 0 0 0 18 0 | acked 76944 2 0 0 0 0 18 0
HEARTBEAT [0028:C0008F9F] cpl=0 pm=1 v86=0 if=0 pic imr=A8 isr=00 irr=00 | F6 C1 80 74 1C A1 E4 06 01 C0 66 83 3D F0 E9 00 | eax=00000000 ebx=C15200E8 ecx=00000035 edx=C0FD3690 esi=C0FD3710 edi=C0FD377C esp=C0ED4E04
  IRQS raised 77179 2 0 0 0 0 18 0 | acked 77089 2 0 0 0 0 18 0
HEARTBEAT [0028:C0008C1B] cpl=0 pm=1 v86=0 if=0 pic imr=A8 isr=00 irr=00 | 48 C0 EC 07 C3 53 F6 07 04 75 34 81 7F 3C 00 00 | eax=00000000 ebx=C15200E8 ecx=00000035 edx=C0FD3690 esi=C0FD3710 edi=C0FD377C esp=C0ED4E00
  IRQS raised 77325 2 0 0 0 0 18 0 | acked 77235 2 0 0 0 0 18 0
HEARTBEAT [0028:C0008F40] cpl=0 pm=1 v86=0 if=0 pic imr=A8 isr=00 irr=00 | 81 3D 9C 0C 01 C0 98 0C 01 C0 74 3E FF 35 F0 E9 | eax=00000000 ebx=C15200E8 ecx=00000035 edx=C0FD3690 esi=C0FD3710 edi=C0FD377C esp=C0ED4E04
  IRQS raised 77471 2 0 0 0 0 18 0 | acked 77381 2 0 0 0 0 18 0
HEARTBEAT [0028:C0008F4A] cpl=0 pm=1 v86=0 if=0 pic imr=A8 isr=00 irr=00 | 74 3E FF 35 F0 E9 00 C0 FB 90 8B 54 24 10 FA FF | eax=00000000 ebx=C15200E8 ecx=00000035 edx=C0FD3690 esi=C0FD3710 edi=C0FD377C esp=C0ED4E04
  IRQS raised 77616 2 0 0 0 0 18 0 | acked 77526 2 0 0 0 0 18 0
HEARTBEAT [0028:C0008C1F] cpl=0 pm=1 v86=0 if=0 pic imr=A8 isr=00 irr=00 | C3 53 F6 07 04 75 34 81 7F 3C 00 00 10 00 73 1D | eax=FFFF01FF ebx=C15200E8 ecx=00000035 edx=C0FD3690 esi=C0FD3710 edi=C0FD377C esp=C0ED4E00
  IRQS raised 77762 2 0 0 0 0 18 0 | acked 77672 2 0 0 0 0 18 0
HEARTBEAT [0028:C0034407] cpl=0 pm=1 v86=0 if=0 pic imr=A8 isr=00 irr=00 | BE A0 34 03 C0 FF 15 80 E3 00 C0 5A 89 72 04 9D | eax=C0034CD4 ebx=C15200E8 ecx=00004E3C edx=C15200E8 esi=C159F11C edi=00004000 esp=C0ED4DA4
  IRQS raised 77908 2 0 0 0 0 18 0 | acked 77818 2 0 0 0 0 18 0
HEARTBEAT [0028:C0008F4A] cpl=0 pm=1 v86=0 if=0 pic imr=A8 isr=00 irr=00 | 74 3E FF 35 F0 E9 00 C0 FB 90 8B 54 24 10 FA FF | eax=00000000 ebx=C15200E8 ecx=00000035 edx=C0FD3690 esi=C0FD3710 edi=C0FD377C esp=C0ED4E04
  IRQS raised 78053 2 0 0 0 0 18 0 | acked 77963 2 0 0 0 0 18 0
HEARTBEAT [0028:C0008F9F] cpl=0 pm=1 v86=0 if=0 pic imr=A8 isr=00 irr=00 | F6 C1 80 74 1C A1 E4 06 01 C0 66 83 3D F0 E9 00 | eax=00000000 ebx=C15200E8 ecx=00000035 edx=C0FD3690 esi=C0FD3710 edi=C0FD377C esp=C0ED4E04
  IRQS raised 78199 2 0 0 0 0 18 0 | acked 78109 2 0 0 0 0 18 0
HEARTBEAT [0028:C0008F4A] cpl=0 pm=1 v86=0 if=0 pic imr=A8 isr=00 irr=00 | 74 3E FF 35 F0 E9 00 C0 FB 90 8B 54 24 10 FA FF | eax=00000000 ebx=C15200E8 ecx=00000035 edx=C0FD3690 esi=C0FD3710 edi=C0FD377C esp=C0ED4E04
  IRQS raised 78344 2 0 0 0 0 18 0 | acked 78254 2 0 0 0 0 18 0
HEARTBEAT [0028:C0008EDB] cpl=0 pm=1 v86=0 if=0 pic imr=A8 isr=00 irr=00 | 74 63 51 E8 DB 02 00 00 E8 89 0B 00 00 59 FB EB | eax=00000000 ebx=C15200E8 ecx=00000035 edx=C0FD3690 esi=C0FD3710 edi=C0FD377C esp=C0ED4E04
  IRQS raised 78490 2 0 0 0 0 18 0 | acked 78400 2 0 0 0 0 18 0
HEARTBEAT [0028:C0008F9F] cpl=0 pm=1 v86=0 if=0 pic imr=A8 isr=00 irr=00 | F6 C1 80 74 1C A1 E4 06 01 C0 66 83 3D F0 E9 00 | eax=00000000 ebx=C15200E8 ecx=00000035 edx=C0FD3690 esi=C0FD3710 edi=C0FD377C esp=C0ED4E04
  IRQS raised 78636 2 0 0 0 0 18 0 | acked 78546 2 0 0 0 0 18 0
HEARTBEAT [0028:C0008EF6] cpl=0 pm=1 v86=0 if=0 pic imr=A8 isr=00 irr=00 | FA 8B 54 24 0C FF 54 24 08 0F 85 22 FF FF FF F6 | eax=00000000 ebx=C15200E8 ecx=00000035 edx=C0FD3690 esi=C0FD3710 edi=C0FD377C esp=C0ED4E04
  IRQS raised 78781 2 0 0 0 0 18 0 | acked 78691 2 0 0 0 0 18 0
HEARTBEAT [0028:C0008EF6] cpl=0 pm=1 v86=0 if=0 pic imr=A8 isr=00 irr=00 | FA 8B 54 24 0C FF 54 24 08 0F 85 22 FF FF FF F6 | eax=00000000 ebx=C15200E8 ecx=00000035 edx=C0FD3690 esi=C0FD3710 edi=C0FD377C esp=C0ED4E04
  IRQS raised 78927 2 0 0 0 0 18 0 | acked 78837 2 0 0 0 0 18 0
HEARTBEAT [0028:C000317B] cpl=0 pm=1 v86=0 if=0 pic imr=A8 isr=00 irr=00 | C3 48 5E C3 33 C0 56 33 F6 8B 6B 08 39 05 F4 E9 | eax=00000000 ebx=C15200E8 ecx=00000035 edx=C0FD3690 esi=C0FD3710 edi=C0FD377C esp=C0ED4E00
  IRQS raised 79073 2 0 0 0 0 18 0 | acked 78983 2 0 0 0 0 18 0
HEARTBEAT [0028:C0008C1B] cpl=0 pm=1 v86=0 if=0 pic imr=A8 isr=00 irr=00 | 48 C0 EC 07 C3 53 F6 07 04 75 34 81 7F 3C 00 00 | eax=00000000 ebx=C15200E8 ecx=00000035 edx=C0FD3690 esi=C0FD3710 edi=C0FD377C esp=C0ED4E00
  IRQS raised 79218 2 0 0 0 0 18 0 | acked 79128 2 0 0 0 0 18 0
HEARTBEAT [0028:C0008C18] cpl=0 pm=1 v86=0 if=0 pic imr=A8 isr=00 irr=00 | 66 8B 06 48 C0 EC 07 C3 53 F6 07 04 75 34 81 7F | eax=00000000 ebx=C15200E8 ecx=00000035 edx=C0FD3690 esi=C0FD3710 edi=C0FD377C esp=C0ED4E00
  IRQS raised 79364 2 0 0 0 0 18 0 | acked 79274 2 0 0 0 0 18 0
HEARTBEAT [0028:C0008EF7] cpl=0 pm=1 v86=0 if=0 pic imr=A8 isr=00 irr=00 | 8B 54 24 0C FF 54 24 08 0F 85 22 FF FF FF F6 47 | eax=00000000 ebx=C15200E8 ecx=00000035 edx=C0FD3690 esi=C0FD3710 edi=C0FD377C esp=C0ED4E04
  IRQS raised 79510 2 0 0 0 0 18 0 | acked 79420 2 0 0 0 0 18 0
HEARTBEAT [0028:C000317A] cpl=0 pm=1 v86=0 if=0 pic imr=A8 isr=00 irr=00 | 5E C3 48 5E C3 33 C0 56 33 F6 8B 6B 08 39 05 F4 | eax=00000000 ebx=C15200E8 ecx=00000035 edx=C0FD3690 esi=00000000 edi=C0FD377C esp=C0ED4DFC
  IRQS raised 79655 2 0 0 0 0 18 0 | acked 79565 2 0 0 0 0 18 0
HEARTBEAT [0028:C0008EF6] cpl=0 pm=1 v86=0 if=0 pic imr=A8 isr=00 irr=00 | FA 8B 54 24 0C FF 54 24 08 0F 85 22 FF FF FF F6 | eax=00000000 ebx=C15200E8 ecx=00000035 edx=C0FD3690 esi=C0FD3710 edi=C0FD377C esp=C0ED4E04
  IRQS raised 79801 2 0 0 0 0 18 0 | acked 79711 2 0 0 0 0 18 0
HEARTBEAT [0028:C0008EFB] cpl=0 pm=1 v86=0 if=0 pic imr=A8 isr=00 irr=00 | FF 54 24 08 0F 85 22 FF FF FF F6 47 01 10 74 1C | eax=00000000 ebx=C15200E8 ecx=00000035 edx=C0FD3690 esi=C0FD3710 edi=C0FD377C esp=C0ED4E04
  IRQS raised 79947 2 0 0 0 0 18 0 | acked 79857 2 0 0 0 0 18 0
HEARTBEAT [0028:C0008F4A] cpl=0 pm=1 v86=0 if=0 pic imr=A8 isr=00 irr=00 | 74 3E FF 35 F0 E9 00 C0 FB 90 8B 54 24 10 FA FF | eax=00000000 ebx=C15200E8 ecx=00000035 edx=C0FD3690 esi=C0FD3710 edi=C0FD377C esp=C0ED4E04
  IRQS raised 80092 2 0 0 0 0 18 0 | acked 80002 2 0 0 0 0 18 0
HEARTBEAT [0028:C0003172] cpl=0 pm=1 v86=0 if=0 pic imr=A8 isr=00 irr=00 | 3B 05 F0 E9 00 C0 75 0A 5E C3 48 5E C3 33 C0 56 | eax=00000000 ebx=C15200E8 ecx=00000035 edx=C0FD3690 esi=00000000 edi=C0FD377C esp=C0ED4DFC
  IRQS raised 80238 2 0 0 0 0 18 0 | acked 80148 2 0 0 0 0 18 0
HEARTBEAT [0028:C0008EFB] cpl=0 pm=1 v86=0 if=0 pic imr=A8 isr=00 irr=00 | FF 54 24 08 0F 85 22 FF FF FF F6 47 01 10 74 1C | eax=00000000 ebx=C15200E8 ecx=00000035 edx=C0FD3690 esi=C0FD3710 edi=C0FD377C esp=C0ED4E04
  IRQS raised 80384 2 0 0 0 0 18 0 | acked 80294 2 0 0 0 0 18 0
HEARTBEAT [0028:C000317B] cpl=0 pm=1 v86=0 if=0 pic imr=A8 isr=00 irr=00 | C3 48 5E C3 33 C0 56 33 F6 8B 6B 08 39 05 F4 E9 | eax=00000000 ebx=C15200E8 ecx=00000035 edx=C0FD3690 esi=C0FD3710 edi=C0FD377C esp=C0ED4E00
  IRQS raised 80529 2 0 0 0 0 18 0 | acked 80439 2 0 0 0 0 18 0
HEARTBEAT [0028:C0008ED7] cpl=0 pm=1 v86=0 if=0 pic imr=A8 isr=00 irr=00 | 80 7F CC 00 74 63 51 E8 DB 02 00 00 E8 89 0B 00 | eax=00000000 ebx=C15200E8 ecx=00000035 edx=C0FD3690 esi=C0FD3710 edi=C0FD377C esp=C0ED4E04
  IRQS raised 80675 2 0 0 0 0 18 0 | acked 80585 2 0 0 0 0 18 0
HEARTBEAT [0028:C0008E39] cpl=0 pm=1 v86=0 if=0 pic imr=A8 isr=00 irr=00 | 33 C0 E8 2D A3 FF FF 0F 84 91 00 00 00 F6 C1 20 | eax=FFFF01FF ebx=C15200E8 ecx=00000035 edx=C0FD3690 esi=C0FD3710 edi=C0FD377C esp=C0ED4E04
  IRQS raised 80821 2 0 0 0 0 18 0 | acked 80731 2 0 0 0 0 18 0
HEARTBEAT [0028:C0008E27] cpl=0 pm=1 v86=0 if=0 pic imr=A8 isr=00 irr=00 | 8B 1D 1C 07 01 C0 80 E1 7F F6 07 01 0F 84 83 00 | eax=FFFF01FF ebx=C15200E8 ecx=00000035 edx=C0FD3690 esi=C0FD3710 edi=C0FD377C esp=C0ED4E04
  IRQS raised 80966 2 0 0 0 0 18 0 | acked 80876 2 0 0 0 0 18 0
HEARTBEAT [0028:C0008EF6] cpl=0 pm=1 v86=0 if=0 pic imr=A8 isr=00 irr=00 | FA 8B 54 24 0C FF 54 24 08 0F 85 22 FF FF FF F6 | eax=00000000 ebx=C15200E8 ecx=00000035 edx=C0FD3690 esi=C0FD3710 edi=C0FD377C esp=C0ED4E04
  IRQS raised 81112 2 0 0 0 0 18 0 | acked 81022 2 0 0 0 0 18 0
HEARTBEAT [0028:C0034541] cpl=0 pm=1 v86=0 if=0 pic imr=A9 isr=00 irr=00 | F6 D0 20 05 9E 48 03 C0 A0 9E 48 03 C0 0A 05 9C | eax=C0030001 ebx=C15200E8 ecx=00000035 edx=C00355D4 esi=C00355D4 edi=C0FD0030 esp=C0ED4DA4
  IRQS raised 81258 2 0 0 0 0 18 0 | acked 81168 2 0 0 0 0 18 0
HEARTBEAT [0028:C0008E39] cpl=0 pm=1 v86=0 if=0 pic imr=A8 isr=00 irr=00 | 33 C0 E8 2D A3 FF FF 0F 84 91 00 00 00 F6 C1 20 | eax=FFFF01FF ebx=C15200E8 ecx=00000035 edx=C0FD3690 esi=C0FD3710 edi=C0FD377C esp=C0ED4E04
  IRQS raised 81403 2 0 0 0 0 18 0 | acked 81313 2 0 0 0 0 18 0
HEARTBEAT [0028:C0008EFB] cpl=0 pm=1 v86=0 if=0 pic imr=A8 isr=00 irr=00 | FF 54 24 08 0F 85 22 FF FF FF F6 47 01 10 74 1C | eax=00000000 ebx=C15200E8 ecx=00000035 edx=C0FD3690 esi=C0FD3710 edi=C0FD377C esp=C0ED4E04
  IRQS raised 81549 2 0 0 0 0 18 0 | acked 81459 2 0 0 0 0 18 0
HEARTBEAT [0028:C0003172] cpl=0 pm=1 v86=0 if=0 pic imr=A8 isr=00 irr=00 | 3B 05 F0 E9 00 C0 75 0A 5E C3 48 5E C3 33 C0 56 | eax=00000000 ebx=C15200E8 ecx=00000035 edx=C0FD3690 esi=00000000 edi=C0FD377C esp=C0ED4DFC
  IRQS raised 81694 2 0 0 0 0 18 0 | acked 81604 2 0 0 0 0 18 0
HEARTBEAT [0028:C0008E40] cpl=0 pm=1 v86=0 if=0 pic imr=A8 isr=00 irr=00 | 0F 84 91 00 00 00 F6 C1 20 75 48 F6 40 08 02 74 | eax=00000000 ebx=C15200E8 ecx=00000035 edx=C0FD3690 esi=C0FD3710 edi=C0FD377C esp=C0ED4E04
  IRQS raised 81840 2 0 0 0 0 18 0 | acked 81750 2 0 0 0 0 18 0
HEARTBEAT [0028:C0008F94] cpl=0 pm=1 v86=0 if=0 pic imr=A8 isr=00 irr=00 | 0F 85 43 FF FF FF F6 07 01 74 05 F6 C1 80 74 1C | eax=00000000 ebx=C15200E8 ecx=00000035 edx=C0FD3690 esi=C0FD3710 edi=C0FD377C esp=C0ED4E04
  IRQS raised 81986 2 0 0 0 0 18 0 | acked 81896 2 0 0 0 0 18 0
HEARTBEAT [0028:C0008F94] cpl=0 pm=1 v86=0 if=0 pic imr=A8 isr=00 irr=00 | 0F 85 43 FF FF FF F6 07 01 74 05 F6 C1 80 74 1C | eax=00000000 ebx=C15200E8 ecx=00000035 edx=C0FD3690 esi=C0FD3710 edi=C0FD377C esp=C0ED4E04
  IRQS raised 82131 2 0 0 0 0 18 0 | acked 82041 2 0 0 0 0 18 0
HEARTBEAT [0028:C0008E40] cpl=0 pm=1 v86=0 if=0 pic imr=A8 isr=00 irr=00 | 0F 84 91 00 00 00 F6 C1 20 75 48 F6 40 08 02 74 | eax=00000000 ebx=C15200E8 ecx=00000035 edx=C0FD3690 esi=C0FD3710 edi=C0FD377C esp=C0ED4E04
  IRQS raised 82277 2 0 0 0 0 18 0 | acked 82187 2 0 0 0 0 18 0
HEARTBEAT [0028:C000316E] cpl=0 pm=1 v86=0 if=0 pic imr=A8 isr=00 irr=00 | 8B F0 33 C0 3B 05 F0 E9 00 C0 75 0A 5E C3 48 5E | eax=00000000 ebx=C15200E8 ecx=00000035 edx=C0FD3690 esi=C0FD3710 edi=C0FD377C esp=C0ED4DFC
  IRQS raised 82423 2 0 0 0 0 18 0 | acked 82333 2 0 0 0 0 18 0
HEARTBEAT [0028:C0008F9D] cpl=0 pm=1 v86=0 if=0 pic imr=A8 isr=00 irr=00 | 74 05 F6 C1 80 74 1C A1 E4 06 01 C0 66 83 3D F0 | eax=00000000 ebx=C15200E8 ecx=00000035 edx=C0FD3690 esi=C0FD3710 edi=C0FD377C esp=C0ED4E04
  IRQS raised 82568 2 0 0 0 0 18 0 | acked 82478 2 0 0 0 0 18 0
HEARTBEAT [0028:C0008EF6] cpl=0 pm=1 v86=0 if=0 pic imr=A8 isr=00 irr=00 | FA 8B 54 24 0C FF 54 24 08 0F 85 22 FF FF FF F6 | eax=00000000 ebx=C15200E8 ecx=00000035 edx=C0FD3690 esi=C0FD3710 edi=C0FD377C esp=C0ED4E04
  IRQS raised 82714 2 0 0 0 0 18 0 | acked 82624 2 0 0 0 0 18 0
HEARTBEAT [0028:C0008E27] cpl=0 pm=1 v86=0 if=0 pic imr=A8 isr=00 irr=00 | 8B 1D 1C 07 01 C0 80 E1 7F F6 07 01 0F 84 83 00 | eax=FFFF01FF ebx=C15200E8 ecx=00000035 edx=C0FD3690 esi=C0FD3710 edi=C0FD377C esp=C0ED4E04
  IRQS raised 82860 2 0 0 0 0 18 0 | acked 82770 2 0 0 0 0 18 0
HEARTBEAT [0028:C0008E39] cpl=0 pm=1 v86=0 if=0 pic imr=A8 isr=00 irr=00 | 33 C0 E8 2D A3 FF FF 0F 84 91 00 00 00 F6 C1 20 | eax=FFFF01FF ebx=C15200E8 ecx=00000035 edx=C0FD3690 esi=C0FD3710 edi=C0FD377C esp=C0ED4E04
  IRQS raised 83005 2 0 0 0 0 18 0 | acked 82915 2 0 0 0 0 18 0
HEARTBEAT [0028:C0008ED7] cpl=0 pm=1 v86=0 if=0 pic imr=A8 isr=00 irr=00 | 80 7F CC 00 74 63 51 E8 DB 02 00 00 E8 89 0B 00 | eax=00000000 ebx=C15200E8 ecx=00000035 edx=C0FD3690 esi=C0FD3710 edi=C0FD377C esp=C0ED4E04
  IRQS raised 83151 2 0 0 0 0 18 0 | acked 83061 2 0 0 0 0 18 0
HEARTBEAT [0028:C0008E39] cpl=0 pm=1 v86=0 if=0 pic imr=A8 isr=00 irr=00 | 33 C0 E8 2D A3 FF FF 0F 84 91 00 00 00 F6 C1 20 | eax=FFFF01FF ebx=C15200E8 ecx=00000035 edx=C0FD3690 esi=C0FD3710 edi=C0FD377C esp=C0ED4E04
  IRQS raised 83297 2 0 0 0 0 18 0 | acked 83207 2 0 0 0 0 18 0
HEARTBEAT [0028:C0008ED7] cpl=0 pm=1 v86=0 if=0 pic imr=A8 isr=00 irr=00 | 80 7F CC 00 74 63 51 E8 DB 02 00 00 E8 89 0B 00 | eax=00000000 ebx=C15200E8 ecx=00000035 edx=C0FD3690 esi=C0FD3710 edi=C0FD377C esp=C0ED4E04
  IRQS raised 83442 2 0 0 0 0 18 0 | acked 83352 2 0 0 0 0 18 0
HEARTBEAT [0028:C0003178] cpl=0 pm=1 v86=0 if=0 pic imr=A8 isr=00 irr=00 | 75 0A 5E C3 48 5E C3 33 C0 56 33 F6 8B 6B 08 39 | eax=00000000 ebx=C15200E8 ecx=00000035 edx=C0FD3690 esi=00000000 edi=C0FD377C esp=C0ED4DFC
  IRQS raised 83588 2 0 0 0 0 18 0 | acked 83498 2 0 0 0 0 18 0
HEARTBEAT [0028:C0008C1F] cpl=0 pm=1 v86=0 if=0 pic imr=A8 isr=00 irr=00 | C3 53 F6 07 04 75 34 81 7F 3C 00 00 10 00 73 1D | eax=FFFF01FF ebx=C15200E8 ecx=00000035 edx=C0FD3690 esi=C0FD3710 edi=C0FD377C esp=C0ED4E00
  IRQS raised 83734 2 0 0 0 0 18 0 | acked 83644 2 0 0 0 0 18 0
HEARTBEAT [0028:C0008E27] cpl=0 pm=1 v86=0 if=0 pic imr=A8 isr=00 irr=00 | 8B 1D 1C 07 01 C0 80 E1 7F F6 07 01 0F 84 83 00 | eax=FFFF01FF ebx=C15200E8 ecx=00000035 edx=C0FD3690 esi=C0FD3710 edi=C0FD377C esp=C0ED4E04
  IRQS raised 83879 2 0 0 0 0 18 0 | acked 83789 2 0 0 0 0 18 0
HEARTBEAT [0028:C0008FC0] cpl=0 pm=1 v86=0 if=0 pic imr=A8 isr=00 irr=00 | FB 90 90 FA E9 2D FF FF FF 51 33 C9 41 85 C0 74 | eax=00000000 ebx=C15200E8 ecx=00000035 edx=C0FD3690 esi=C0FD3710 edi=C0FD377C esp=C0ED4E04
  IRQS raised 84025 2 0 0 0 0 18 0 | acked 83935 2 0 0 0 0 18 0
HEARTBEAT [0028:C0008EF6] cpl=0 pm=1 v86=0 if=0 pic imr=A8 isr=00 irr=00 | FA 8B 54 24 0C FF 54 24 08 0F 85 22 FF FF FF F6 | eax=00000000 ebx=C15200E8 ecx=00000035 edx=C0FD3690 esi=C0FD3710 edi=C0FD377C esp=C0ED4E04
  IRQS raised 84171 2 0 0 0 0 18 0 | acked 84081 2 0 0 0 0 18 0
HEARTBEAT [0028:C0008EF6] cpl=0 pm=1 v86=0 if=0 pic imr=A8 isr=00 irr=00 | FA 8B 54 24 0C FF 54 24 08 0F 85 22 FF FF FF F6 | eax=00000000 ebx=C15200E8 ecx=00000035 edx=C0FD3690 esi=C0FD3710 edi=C0FD377C esp=C0ED4E04
  IRQS raised 84316 2 0 0 0 0 18 0 | acked 84226 2 0 0 0 0 18 0
HEARTBEAT [0028:C0008FC1] cpl=0 pm=1 v86=0 if=1 pic imr=A8 isr=00 irr=00 | 90 90 FA E9 2D FF FF FF 51 33 C9 41 85 C0 74 0D | eax=00000000 ebx=C15200E8 ecx=00000035 edx=C0FD3690 esi=C0FD3710 edi=C0FD377C esp=C0ED4E04
  IRQS raised 84462 2 0 0 0 0 18 0 | acked 84372 2 0 0 0 0 18 0
HEARTBEAT [0028:C0008EFB] cpl=0 pm=1 v86=0 if=0 pic imr=A8 isr=00 irr=00 | FF 54 24 08 0F 85 22 FF FF FF F6 47 01 10 74 1C | eax=00000000 ebx=C15200E8 ecx=00000035 edx=C0FD3690 esi=C0FD3710 edi=C0FD377C esp=C0ED4E04
  IRQS raised 84607 2 0 0 0 0 18 0 | acked 84517 2 0 0 0 0 18 0
HEARTBEAT [0028:C0008E27] cpl=0 pm=1 v86=0 if=0 pic imr=A8 isr=00 irr=00 | 8B 1D 1C 07 01 C0 80 E1 7F F6 07 01 0F 84 83 00 | eax=FFFF01FF ebx=C15200E8 ecx=00000035 edx=C0FD3690 esi=C0FD3710 edi=C0FD377C esp=C0ED4E04
  IRQS raised 84753 2 0 0 0 0 18 0 | acked 84663 2 0 0 0 0 18 0
HEARTBEAT [0028:C0008E39] cpl=0 pm=1 v86=0 if=0 pic imr=A8 isr=00 irr=00 | 33 C0 E8 2D A3 FF FF 0F 84 91 00 00 00 F6 C1 20 | eax=FFFF01FF ebx=C15200E8 ecx=00000035 edx=C0FD3690 esi=C0FD3710 edi=C0FD377C esp=C0ED4E04
  IRQS raised 84899 2 0 0 0 0 18 0 | acked 84809 2 0 0 0 0 18 0
HEARTBEAT [0028:C0008E39] cpl=0 pm=1 v86=0 if=0 pic imr=A8 isr=00 irr=00 | 33 C0 E8 2D A3 FF FF 0F 84 91 00 00 00 F6 C1 20 | eax=FFFF01FF ebx=C15200E8 ecx=00000035 edx=C0FD3690 esi=C0FD3710 edi=C0FD377C esp=C0ED4E04
  IRQS raised 85044 2 0 0 0 0 18 0 | acked 84954 2 0 0 0 0 18 0
HEARTBEAT [0028:C0003178] cpl=0 pm=1 v86=0 if=0 pic imr=A8 isr=00 irr=00 | 75 0A 5E C3 48 5E C3 33 C0 56 33 F6 8B 6B 08 39 | eax=00000000 ebx=C15200E8 ecx=00000035 edx=C0FD3690 esi=00000000 edi=C0FD377C esp=C0ED4DFC
  IRQS raised 85190 2 0 0 0 0 18 0 | acked 85100 2 0 0 0 0 18 0
HEARTBEAT [0028:C0008F9D] cpl=0 pm=1 v86=0 if=0 pic imr=A8 isr=00 irr=00 | 74 05 F6 C1 80 74 1C A1 E4 06 01 C0 66 83 3D F0 | eax=00000000 ebx=C15200E8 ecx=00000035 edx=C0FD3690 esi=C0FD3710 edi=C0FD377C esp=C0ED4E04
  IRQS raised 85336 2 0 0 0 0 18 0 | acked 85246 2 0 0 0 0 18 0
HEARTBEAT [0028:C0008E27] cpl=0 pm=1 v86=0 if=0 pic imr=A8 isr=00 irr=00 | 8B 1D 1C 07 01 C0 80 E1 7F F6 07 01 0F 84 83 00 | eax=FFFF01FF ebx=C15200E8 ecx=00000035 edx=C0FD3690 esi=C0FD3710 edi=C0FD377C esp=C0ED4E04
  IRQS raised 85481 2 0 0 0 0 18 0 | acked 85391 2 0 0 0 0 18 0
HEARTBEAT [0028:C0008FC3] cpl=0 pm=1 v86=0 if=1 pic imr=A8 isr=00 irr=00 | FA E9 2D FF FF FF 51 33 C9 41 85 C0 74 0D 3B C7 | eax=00000000 ebx=C15200E8 ecx=00000035 edx=C0FD3690 esi=C0FD3710 edi=C0FD377C esp=C0ED4E04
  IRQS raised 85627 2 0 0 0 0 18 0 | acked 85537 2 0 0 0 0 18 0
HEARTBEAT [0028:C0003178] cpl=0 pm=1 v86=0 if=0 pic imr=A8 isr=00 irr=00 | 75 0A 5E C3 48 5E C3 33 C0 56 33 F6 8B 6B 08 39 | eax=00000000 ebx=C15200E8 ecx=00000035 edx=C0FD3690 esi=00000000 edi=C0FD377C esp=C0ED4DFC
  IRQS raised 85773 2 0 0 0 0 18 0 | acked 85683 2 0 0 0 0 18 0
HEARTBEAT [0028:C0008EF6] cpl=0 pm=1 v86=0 if=0 pic imr=A8 isr=00 irr=00 | FA 8B 54 24 0C FF 54 24 08 0F 85 22 FF FF FF F6 | eax=00000000 ebx=C15200E8 ecx=00000035 edx=C0FD3690 esi=C0FD3710 edi=C0FD377C esp=C0ED4E04
  IRQS raised 85918 2 0 0 0 0 18 0 | acked 85828 2 0 0 0 0 18 0
HEARTBEAT [0028:C000316D] cpl=0 pm=1 v86=0 if=0 pic imr=A8 isr=00 irr=00 | 56 8B F0 33 C0 3B 05 F0 E9 00 C0 75 0A 5E C3 48 | eax=00000000 ebx=C15200E8 ecx=00000035 edx=C0FD3690 esi=C0FD3710 edi=C0FD377C esp=C0ED4E00
  IRQS raised 86064 2 0 0 0 0 18 0 | acked 85974 2 0 0 0 0 18 0
HEARTBEAT [0028:C0008ED7] cpl=0 pm=1 v86=0 if=0 pic imr=A8 isr=00 irr=00 | 80 7F CC 00 74 63 51 E8 DB 02 00 00 E8 89 0B 00 | eax=00000000 ebx=C15200E8 ecx=00000035 edx=C0FD3690 esi=C0FD3710 edi=C0FD377C esp=C0ED4E04
  IRQS raised 86210 2 0 0 0 0 18 0 | acked 86120 2 0 0 0 0 18 0
HEARTBEAT [0028:C0008F94] cpl=0 pm=1 v86=0 if=0 pic imr=A8 isr=00 irr=00 | 0F 85 43 FF FF FF F6 07 01 74 05 F6 C1 80 74 1C | eax=00000000 ebx=C15200E8 ecx=00000035 edx=C0FD3690 esi=C0FD3710 edi=C0FD377C esp=C0ED4E04
  IRQS raised 86355 2 0 0 0 0 18 0 | acked 86265 2 0 0 0 0 18 0
HEARTBEAT [0028:C0008EDB] cpl=0 pm=1 v86=0 if=0 pic imr=A8 isr=00 irr=00 | 74 63 51 E8 DB 02 00 00 E8 89 0B 00 00 59 FB EB | eax=00000000 ebx=C15200E8 ecx=00000035 edx=C0FD3690 esi=C0FD3710 edi=C0FD377C esp=C0ED4E04
  IRQS raised 86501 2 0 0 0 0 18 0 | acked 86411 2 0 0 0 0 18 0
HEARTBEAT [0028:C0008E27] cpl=0 pm=1 v86=0 if=0 pic imr=A8 isr=00 irr=00 | 8B 1D 1C 07 01 C0 80 E1 7F F6 07 01 0F 84 83 00 | eax=FFFF01FF ebx=C15200E8 ecx=00000035 edx=C0FD3690 esi=C0FD3710 edi=C0FD377C esp=C0ED4E04
  IRQS raised 86647 2 0 0 0 0 18 0 | acked 86557 2 0 0 0 0 18 0
HEARTBEAT [0028:C0008F94] cpl=0 pm=1 v86=0 if=0 pic imr=A8 isr=00 irr=00 | 0F 85 43 FF FF FF F6 07 01 74 05 F6 C1 80 74 1C | eax=00000000 ebx=C15200E8 ecx=00000035 edx=C0FD3690 esi=C0FD3710 edi=C0FD377C esp=C0ED4E04
  IRQS raised 86792 2 0 0 0 0 18 0 | acked 86702 2 0 0 0 0 18 0
HEARTBEAT [0028:C0008FC0] cpl=0 pm=1 v86=0 if=0 pic imr=A8 isr=00 irr=00 | FB 90 90 FA E9 2D FF FF FF 51 33 C9 41 85 C0 74 | eax=00000000 ebx=C15200E8 ecx=00000035 edx=C0FD3690 esi=C0FD3710 edi=C0FD377C esp=C0ED4E04
  IRQS raised 86938 2 0 0 0 0 18 0 | acked 86848 2 0 0 0 0 18 0
HEARTBEAT [0028:C0008E30] cpl=0 pm=1 v86=0 if=0 pic imr=A8 isr=00 irr=00 | F6 07 01 0F 84 83 00 00 00 33 C0 E8 2D A3 FF FF | eax=FFFF01FF ebx=C15200E8 ecx=00000035 edx=C0FD3690 esi=C0FD3710 edi=C0FD377C esp=C0ED4E04
  IRQS raised 87084 2 0 0 0 0 18 0 | acked 86994 2 0 0 0 0 18 0
HEARTBEAT [0028:C000316D] cpl=0 pm=1 v86=0 if=0 pic imr=A8 isr=00 irr=00 | 56 8B F0 33 C0 3B 05 F0 E9 00 C0 75 0A 5E C3 48 | eax=00000000 ebx=C15200E8 ecx=00000035 edx=C0FD3690 esi=C0FD3710 edi=C0FD377C esp=C0ED4E00
  IRQS raised 87229 2 0 0 0 0 18 0 | acked 87139 2 0 0 0 0 18 0
HEARTBEAT [0028:C000317B] cpl=0 pm=1 v86=0 if=0 pic imr=A8 isr=00 irr=00 | C3 48 5E C3 33 C0 56 33 F6 8B 6B 08 39 05 F4 E9 | eax=00000000 ebx=C15200E8 ecx=00000035 edx=C0FD3690 esi=C0FD3710 edi=C0FD377C esp=C0ED4E00
  IRQS raised 87375 2 0 0 0 0 18 0 | acked 87285 2 0 0 0 0 18 0
HEARTBEAT [0028:C0003178] cpl=0 pm=1 v86=0 if=0 pic imr=A8 isr=00 irr=00 | 75 0A 5E C3 48 5E C3 33 C0 56 33 F6 8B 6B 08 39 | eax=00000000 ebx=C15200E8 ecx=00000035 edx=C0FD3690 esi=00000000 edi=C0FD377C esp=C0ED4DFC
  IRQS raised 87521 2 0 0 0 0 18 0 | acked 87431 2 0 0 0 0 18 0
HEARTBEAT [0028:C0008F94] cpl=0 pm=1 v86=0 if=0 pic imr=A8 isr=00 irr=00 | 0F 85 43 FF FF FF F6 07 01 74 05 F6 C1 80 74 1C | eax=00000000 ebx=C15200E8 ecx=00000035 edx=C0FD3690 esi=C0FD3710 edi=C0FD377C esp=C0ED4E04
  IRQS raised 87666 2 0 0 0 0 18 0 | acked 87576 2 0 0 0 0 18 0
HEARTBEAT [0028:C0008F4A] cpl=0 pm=1 v86=0 if=0 pic imr=A8 isr=00 irr=00 | 74 3E FF 35 F0 E9 00 C0 FB 90 8B 54 24 10 FA FF | eax=00000000 ebx=C15200E8 ecx=00000035 edx=C0FD3690 esi=C0FD3710 edi=C0FD377C esp=C0ED4E04
  IRQS raised 87812 2 0 0 0 0 18 0 | acked 87722 2 0 0 0 0 18 0
HEARTBEAT [0028:C0008E27] cpl=0 pm=1 v86=0 if=0 pic imr=A8 isr=00 irr=00 | 8B 1D 1C 07 01 C0 80 E1 7F F6 07 01 0F 84 83 00 | eax=FFFF01FF ebx=C15200E8 ecx=00000035 edx=C0FD3690 esi=C0FD3710 edi=C0FD377C esp=C0ED4E04
  IRQS raised 87957 2 0 0 0 0 18 0 | acked 87867 2 0 0 0 0 18 0
HEARTBEAT [0028:C000316D] cpl=0 pm=1 v86=0 if=0 pic imr=A8 isr=00 irr=00 | 56 8B F0 33 C0 3B 05 F0 E9 00 C0 75 0A 5E C3 48 | eax=00000000 ebx=C15200E8 ecx=00000035 edx=C0FD3690 esi=C0FD3710 edi=C0FD377C esp=C0ED4E00
  IRQS raised 88103 2 0 0 0 0 18 0 | acked 88013 2 0 0 0 0 18 0
HEARTBEAT [0028:C000316E] cpl=0 pm=1 v86=0 if=0 pic imr=A8 isr=00 irr=00 | 8B F0 33 C0 3B 05 F0 E9 00 C0 75 0A 5E C3 48 5E | eax=00000000 ebx=C15200E8 ecx=00000035 edx=C0FD3690 esi=C0FD3710 edi=C0FD377C esp=C0ED4DFC
  IRQS raised 88249 2 0 0 0 0 18 0 | acked 88159 2 0 0 0 0 18 0
HEARTBEAT [0028:C0008C1F] cpl=0 pm=1 v86=0 if=0 pic imr=A8 isr=00 irr=00 | C3 53 F6 07 04 75 34 81 7F 3C 00 00 10 00 73 1D | eax=FFFF01FF ebx=C15200E8 ecx=00000035 edx=C0FD3690 esi=C0FD3710 edi=C0FD377C esp=C0ED4E00
  IRQS raised 88394 2 0 0 0 0 18 0 | acked 88304 2 0 0 0 0 18 0
HEARTBEAT [0028:C0008EFF] cpl=0 pm=1 v86=0 if=0 pic imr=A8 isr=00 irr=00 | 0F 85 22 FF FF FF F6 47 01 10 74 1C E8 FC A6 FF | eax=FFFF01FF ebx=C15200E8 ecx=00000035 edx=C0FD3690 esi=C0FD3710 edi=C0FD377C esp=C0ED4E04
  IRQS raised 88540 2 0 0 0 0 18 0 | acked 88450 2 0 0 0 0 18 0
HEARTBEAT [0028:C0008F94] cpl=0 pm=1 v86=0 if=0 pic imr=A8 isr=00 irr=00 | 0F 85 43 FF FF FF F6 07 01 74 05 F6 C1 80 74 1C | eax=00000000 ebx=C15200E8 ecx=00000035 edx=C0FD3690 esi=C0FD3710 edi=C0FD377C esp=C0ED4E04
  IRQS raised 88686 2 0 0 0 0 18 0 | acked 88596 2 0 0 0 0 18 0
HEARTBEAT [0028:C0008F40] cpl=0 pm=1 v86=0 if=0 pic imr=A8 isr=00 irr=00 | 81 3D 9C 0C 01 C0 98 0C 01 C0 74 3E FF 35 F0 E9 | eax=00000000 ebx=C15200E8 ecx=00000035 edx=C0FD3690 esi=C0FD3710 edi=C0FD377C esp=C0ED4E04
  IRQS raised 88831 2 0 0 0 0 18 0 | acked 88741 2 0 0 0 0 18 0
HEARTBEAT [0028:C0008ED7] cpl=0 pm=1 v86=0 if=0 pic imr=A8 isr=00 irr=00 | 80 7F CC 00 74 63 51 E8 DB 02 00 00 E8 89 0B 00 | eax=00000000 ebx=C15200E8 ecx=00000035 edx=C0FD3690 esi=C0FD3710 edi=C0FD377C esp=C0ED4E04
  IRQS raised 88977 2 0 0 0 0 18 0 | acked 88887 2 0 0 0 0 18 0
HEARTBEAT [0028:C0008F9D] cpl=0 pm=1 v86=0 if=0 pic imr=A8 isr=00 irr=00 | 74 05 F6 C1 80 74 1C A1 E4 06 01 C0 66 83 3D F0 | eax=00000000 ebx=C15200E8 ecx=00000035 edx=C0FD3690 esi=C0FD3710 edi=C0FD377C esp=C0ED4E04
  IRQS raised 89123 2 0 0 0 0 18 0 | acked 89033 2 0 0 0 0 18 0
HEARTBEAT [0028:C0008F94] cpl=0 pm=1 v86=0 if=0 pic imr=A8 isr=00 irr=00 | 0F 85 43 FF FF FF F6 07 01 74 05 F6 C1 80 74 1C | eax=00000000 ebx=C15200E8 ecx=00000035 edx=C0FD3690 esi=C0FD3710 edi=C0FD377C esp=C0ED4E04
  IRQS raised 89268 2 0 0 0 0 18 0 | acked 89178 2 0 0 0 0 18 0
HEARTBEAT [0028:C0008E2D] cpl=0 pm=1 v86=0 if=0 pic imr=A8 isr=00 irr=00 | 80 E1 7F F6 07 01 0F 84 83 00 00 00 33 C0 E8 2D | eax=FFFF01FF ebx=C15200E8 ecx=00000035 edx=C0FD3690 esi=C0FD3710 edi=C0FD377C esp=C0ED4E04
  IRQS raised 89414 2 0 0 0 0 18 0 | acked 89324 2 0 0 0 0 18 0
HEARTBEAT [0028:C0008E27] cpl=0 pm=1 v86=0 if=0 pic imr=A8 isr=00 irr=00 | 8B 1D 1C 07 01 C0 80 E1 7F F6 07 01 0F 84 83 00 | eax=FFFF01FF ebx=C15200E8 ecx=00000035 edx=C0FD3690 esi=C0FD3710 edi=C0FD377C esp=C0ED4E04
  IRQS raised 89560 2 0 0 0 0 18 0 | acked 89470 2 0 0 0 0 18 0
HEARTBEAT [0028:C000316D] cpl=0 pm=1 v86=0 if=0 pic imr=A8 isr=00 irr=00 | 56 8B F0 33 C0 3B 05 F0 E9 00 C0 75 0A 5E C3 48 | eax=00000000 ebx=C15200E8 ecx=00000035 edx=C0FD3690 esi=C0FD3710 edi=C0FD377C esp=C0ED4E00
  IRQS raised 89705 2 0 0 0 0 18 0 | acked 89615 2 0 0 0 0 18 0
HEARTBEAT [0028:C0008E39] cpl=0 pm=1 v86=0 if=0 pic imr=A8 isr=00 irr=00 | 33 C0 E8 2D A3 FF FF 0F 84 91 00 00 00 F6 C1 20 | eax=FFFF01FF ebx=C15200E8 ecx=00000035 edx=C0FD3690 esi=C0FD3710 edi=C0FD377C esp=C0ED4E04
  IRQS raised 89851 2 0 0 0 0 18 0 | acked 89761 2 0 0 0 0 18 0
HEARTBEAT [0028:C0008F94] cpl=0 pm=1 v86=0 if=0 pic imr=A8 isr=00 irr=00 | 0F 85 43 FF FF FF F6 07 01 74 05 F6 C1 80 74 1C | eax=00000000 ebx=C15200E8 ecx=00000035 edx=C0FD3690 esi=C0FD3710 edi=C0FD377C esp=C0ED4E04
  IRQS raised 89997 2 0 0 0 0 18 0 | acked 89907 2 0 0 0 0 18 0
HEARTBEAT [0028:C0008E30] cpl=0 pm=1 v86=0 if=0 pic imr=A8 isr=00 irr=00 | F6 07 01 0F 84 83 00 00 00 33 C0 E8 2D A3 FF FF | eax=FFFF01FF ebx=C15200E8 ecx=00000035 edx=C0FD3690 esi=C0FD3710 edi=C0FD377C esp=C0ED4E04
  IRQS raised 90142 2 0 0 0 0 18 0 | acked 90052 2 0 0 0 0 18 0
HEARTBEAT [0028:C000316D] cpl=0 pm=1 v86=0 if=0 pic imr=A8 isr=00 irr=00 | 56 8B F0 33 C0 3B 05 F0 E9 00 C0 75 0A 5E C3 48 | eax=00000000 ebx=C15200E8 ecx=00000035 edx=C0FD3690 esi=C0FD3710 edi=C0FD377C esp=C0ED4E00
  IRQS raised 90288 2 0 0 0 0 18 0 | acked 90198 2 0 0 0 0 18 0
HEARTBEAT [0028:C0008F40] cpl=0 pm=1 v86=0 if=0 pic imr=A8 isr=00 irr=00 | 81 3D 9C 0C 01 C0 98 0C 01 C0 74 3E FF 35 F0 E9 | eax=00000000 ebx=C15200E8 ecx=00000035 edx=C0FD3690 esi=C0FD3710 edi=C0FD377C esp=C0ED4E04
  IRQS raised 90434 2 0 0 0 0 18 0 | acked 90344 2 0 0 0 0 18 0
HEARTBEAT [0028:C0008F40] cpl=0 pm=1 v86=0 if=0 pic imr=A8 isr=00 irr=00 | 81 3D 9C 0C 01 C0 98 0C 01 C0 74 3E FF 35 F0 E9 | eax=00000000 ebx=C15200E8 ecx=00000035 edx=C0FD3690 esi=C0FD3710 edi=C0FD377C esp=C0ED4E04
  IRQS raised 90579 2 0 0 0 0 18 0 | acked 90489 2 0 0 0 0 18 0
HEARTBEAT [0028:C0008F4A] cpl=0 pm=1 v86=0 if=0 pic imr=A8 isr=00 irr=00 | 74 3E FF 35 F0 E9 00 C0 FB 90 8B 54 24 10 FA FF | eax=00000000 ebx=C15200E8 ecx=00000035 edx=C0FD3690 esi=C0FD3710 edi=C0FD377C esp=C0ED4E04
  IRQS raised 90725 2 0 0 0 0 18 0 | acked 90635 2 0 0 0 0 18 0
HEARTBEAT [0028:C0008EFB] cpl=0 pm=1 v86=0 if=0 pic imr=A8 isr=00 irr=00 | FF 54 24 08 0F 85 22 FF FF FF F6 47 01 10 74 1C | eax=00000000 ebx=C15200E8 ecx=00000035 edx=C0FD3690 esi=C0FD3710 edi=C0FD377C esp=C0ED4E04
  IRQS raised 90871 2 0 0 0 0 18 0 | acked 90781 2 0 0 0 0 18 0
HEARTBEAT [0028:C0008EDB] cpl=0 pm=1 v86=0 if=0 pic imr=A8 isr=00 irr=00 | 74 63 51 E8 DB 02 00 00 E8 89 0B 00 00 59 FB EB | eax=00000000 ebx=C15200E8 ecx=00000035 edx=C0FD3690 esi=C0FD3710 edi=C0FD377C esp=C0ED4E04
  IRQS raised 91016 2 0 0 0 0 18 0 | acked 90926 2 0 0 0 0 18 0
HEARTBEAT [0028:C0008C1F] cpl=0 pm=1 v86=0 if=0 pic imr=A8 isr=00 irr=00 | C3 53 F6 07 04 75 34 81 7F 3C 00 00 10 00 73 1D | eax=FFFF01FF ebx=C15200E8 ecx=00000035 edx=C0FD3690 esi=C0FD3710 edi=C0FD377C esp=C0ED4E00
  IRQS raised 91162 2 0 0 0 0 18 0 | acked 91072 2 0 0 0 0 18 0
HEARTBEAT [0028:C0008F94] cpl=0 pm=1 v86=0 if=0 pic imr=A8 isr=00 irr=00 | 0F 85 43 FF FF FF F6 07 01 74 05 F6 C1 80 74 1C | eax=00000000 ebx=C15200E8 ecx=00000035 edx=C0FD3690 esi=C0FD3710 edi=C0FD377C esp=C0ED4E04
  IRQS raised 91307 2 0 0 0 0 18 0 | acked 91217 2 0 0 0 0 18 0
HEARTBEAT [0028:C0008F94] cpl=0 pm=1 v86=0 if=0 pic imr=A8 isr=00 irr=00 | 0F 85 43 FF FF FF F6 07 01 74 05 F6 C1 80 74 1C | eax=00000000 ebx=C15200E8 ecx=00000035 edx=C0FD3690 esi=C0FD3710 edi=C0FD377C esp=C0ED4E04
  IRQS raised 91453 2 0 0 0 0 18 0 | acked 91363 2 0 0 0 0 18 0
HEARTBEAT [0028:C0008F40] cpl=0 pm=1 v86=0 if=0 pic imr=A8 isr=00 irr=00 | 81 3D 9C 0C 01 C0 98 0C 01 C0 74 3E FF 35 F0 E9 | eax=00000000 ebx=C15200E8 ecx=00000035 edx=C0FD3690 esi=C0FD3710 edi=C0FD377C esp=C0ED4E04
  IRQS raised 91599 2 0 0 0 0 18 0 | acked 91509 2 0 0 0 0 18 0
HEARTBEAT [0028:C0008F94] cpl=0 pm=1 v86=0 if=0 pic imr=A8 isr=00 irr=00 | 0F 85 43 FF FF FF F6 07 01 74 05 F6 C1 80 74 1C | eax=00000000 ebx=C15200E8 ecx=00000035 edx=C0FD3690 esi=C0FD3710 edi=C0FD377C esp=C0ED4E04
  IRQS raised 91744 2 0 0 0 0 18 0 | acked 91654 2 0 0 0 0 18 0
HEARTBEAT [0028:C0008C1B] cpl=0 pm=1 v86=0 if=0 pic imr=A8 isr=00 irr=00 | 48 C0 EC 07 C3 53 F6 07 04 75 34 81 7F 3C 00 00 | eax=00000000 ebx=C15200E8 ecx=00000035 edx=C0FD3690 esi=C0FD3710 edi=C0FD377C esp=C0ED4E00
  IRQS raised 91890 2 0 0 0 0 18 0 | acked 91800 2 0 0 0 0 18 0
HEARTBEAT [0028:C0003172] cpl=0 pm=1 v86=0 if=0 pic imr=A8 isr=00 irr=00 | 3B 05 F0 E9 00 C0 75 0A 5E C3 48 5E C3 33 C0 56 | eax=00000000 ebx=C15200E8 ecx=00000035 edx=C0FD3690 esi=00000000 edi=C0FD377C esp=C0ED4DFC
  IRQS raised 92036 2 0 0 0 0 18 0 | acked 91946 2 0 0 0 0 18 0
HEARTBEAT [0028:C0008E30] cpl=0 pm=1 v86=0 if=0 pic imr=A8 isr=00 irr=00 | F6 07 01 0F 84 83 00 00 00 33 C0 E8 2D A3 FF FF | eax=FFFF01FF ebx=C15200E8 ecx=00000035 edx=C0FD3690 esi=C0FD3710 edi=C0FD377C esp=C0ED4E04
  IRQS raised 92181 2 0 0 0 0 18 0 | acked 92091 2 0 0 0 0 18 0
HEARTBEAT [0028:C000316D] cpl=0 pm=1 v86=0 if=0 pic imr=A8 isr=00 irr=00 | 56 8B F0 33 C0 3B 05 F0 E9 00 C0 75 0A 5E C3 48 | eax=00000000 ebx=C15200E8 ecx=00000035 edx=C0FD3690 esi=C0FD3710 edi=C0FD377C esp=C0ED4E00
  IRQS raised 92327 2 0 0 0 0 18 0 | acked 92237 2 0 0 0 0 18 0
HEARTBEAT [0028:C0003172] cpl=0 pm=1 v86=0 if=0 pic imr=A8 isr=00 irr=00 | 3B 05 F0 E9 00 C0 75 0A 5E C3 48 5E C3 33 C0 56 | eax=00000000 ebx=C15200E8 ecx=00000035 edx=C0FD3690 esi=00000000 edi=C0FD377C esp=C0ED4DFC
  IRQS raised 92473 2 0 0 0 0 18 0 | acked 92383 2 0 0 0 0 18 0
HEARTBEAT [0028:C0008E39] cpl=0 pm=1 v86=0 if=0 pic imr=A8 isr=00 irr=00 | 33 C0 E8 2D A3 FF FF 0F 84 91 00 00 00 F6 C1 20 | eax=FFFF01FF ebx=C15200E8 ecx=00000035 edx=C0FD3690 esi=C0FD3710 edi=C0FD377C esp=C0ED4E04
  IRQS raised 92618 2 0 0 0 0 18 0 | acked 92528 2 0 0 0 0 18 0
HEARTBEAT [0028:C0008F94] cpl=0 pm=1 v86=0 if=0 pic imr=A8 isr=00 irr=00 | 0F 85 43 FF FF FF F6 07 01 74 05 F6 C1 80 74 1C | eax=00000000 ebx=C15200E8 ecx=00000035 edx=C0FD3690 esi=C0FD3710 edi=C0FD377C esp=C0ED4E04
  IRQS raised 92764 2 0 0 0 0 18 0 | acked 92674 2 0 0 0 0 18 0
HEARTBEAT [0028:C0008F40] cpl=0 pm=1 v86=0 if=0 pic imr=A8 isr=00 irr=00 | 81 3D 9C 0C 01 C0 98 0C 01 C0 74 3E FF 35 F0 E9 | eax=00000000 ebx=C15200E8 ecx=00000035 edx=C0FD3690 esi=C0FD3710 edi=C0FD377C esp=C0ED4E04
  IRQS raised 92910 2 0 0 0 0 18 0 | acked 92820 2 0 0 0 0 18 0
HEARTBEAT [0028:C0008E2D] cpl=0 pm=1 v86=0 if=0 pic imr=A8 isr=00 irr=00 | 80 E1 7F F6 07 01 0F 84 83 00 00 00 33 C0 E8 2D | eax=FFFF01FF ebx=C15200E8 ecx=00000035 edx=C0FD3690 esi=C0FD3710 edi=C0FD377C esp=C0ED4E04
  IRQS raised 93055 2 0 0 0 0 18 0 | acked 92965 2 0 0 0 0 18 0
HEARTBEAT [0028:C0003172] cpl=0 pm=1 v86=0 if=0 pic imr=A8 isr=00 irr=00 | 3B 05 F0 E9 00 C0 75 0A 5E C3 48 5E C3 33 C0 56 | eax=00000000 ebx=C15200E8 ecx=00000035 edx=C0FD3690 esi=00000000 edi=C0FD377C esp=C0ED4DFC
  IRQS raised 93201 2 0 0 0 0 18 0 | acked 93111 2 0 0 0 0 18 0
HEARTBEAT [0137:BFF79672] cpl=3 pm=1 v86=0 if=1 pic imr=A8 isr=00 irr=00 | 74 03 FF 46 04 A1 A0 C2 FB BF 50 E8 EB AB FF FF | eax=81518544 ebx=0096FDFA ecx=00000001 edx=00000000 esi=81518544 edi=8001FFFF esp=0096FD84
  IRQS raised 93347 2 0 0 0 0 18 0 | acked 93257 2 0 0 0 0 18 0
HEARTBEAT [0028:C0008F4A] cpl=0 pm=1 v86=0 if=0 pic imr=A8 isr=00 irr=00 | 74 3E FF 35 F0 E9 00 C0 FB 90 8B 54 24 10 FA FF | eax=00000000 ebx=C15200E8 ecx=00000035 edx=C0FD3690 esi=C0FD3710 edi=C0FD377C esp=C0ED4E04
  IRQS raised 93492 2 0 0 0 0 18 0 | acked 93402 2 0 0 0 0 18 0
HEARTBEAT [0028:C0008ED7] cpl=0 pm=1 v86=0 if=0 pic imr=A8 isr=00 irr=00 | 80 7F CC 00 74 63 51 E8 DB 02 00 00 E8 89 0B 00 | eax=00000000 ebx=C15200E8 ecx=00000035 edx=C0FD3690 esi=C0FD3710 edi=C0FD377C esp=C0ED4E04
  IRQS raised 93638 2 0 0 0 0 18 0 | acked 93548 2 0 0 0 0 18 0
HEARTBEAT [0137:BFF794A3] cpl=3 pm=1 v86=0 if=1 pic imr=A8 isr=00 irr=00 | 74 5A 33 F6 8B 42 44 39 08 0F 86 8E 00 00 00 8D | eax=544A0000 ebx=0062FF58 ecx=0000001A edx=816111DC esi=0000013F edi=80000002 esp=0062FEE4
  IRQS raised 93784 2 0 0 0 0 18 0 | acked 93694 2 0 0 0 0 18 0
HEARTBEAT [0028:C0008C18] cpl=0 pm=1 v86=0 if=0 pic imr=A8 isr=00 irr=00 | 66 8B 06 48 C0 EC 07 C3 53 F6 07 04 75 34 81 7F | eax=00000000 ebx=C15200E8 ecx=00000035 edx=C0FD3690 esi=C0FD3710 edi=C0FD377C esp=C0ED4E00
  IRQS raised 93929 2 0 0 0 0 18 0 | acked 93839 2 0 0 0 0 18 0
HEARTBEAT [0028:C0008FC1] cpl=0 pm=1 v86=0 if=1 pic imr=A8 isr=00 irr=00 | 90 90 FA E9 2D FF FF FF 51 33 C9 41 85 C0 74 0D | eax=00000000 ebx=C15200E8 ecx=00000035 edx=C0FD3690 esi=C0FD3710 edi=C0FD377C esp=C0ED4E04
  IRQS raised 94075 2 0 0 0 0 18 0 | acked 93985 2 0 0 0 0 18 0
HEARTBEAT [0028:C0008E27] cpl=0 pm=1 v86=0 if=0 pic imr=A8 isr=00 irr=00 | 8B 1D 1C 07 01 C0 80 E1 7F F6 07 01 0F 84 83 00 | eax=FFFF01FF ebx=C15200E8 ecx=00000035 edx=C0FD3690 esi=C0FD3710 edi=C0FD377C esp=C0ED4E04
  IRQS raised 94221 2 0 0 0 0 18 0 | acked 94131 2 0 0 0 0 18 0
HEARTBEAT [0028:C0003172] cpl=0 pm=1 v86=0 if=0 pic imr=A8 isr=00 irr=00 | 3B 05 F0 E9 00 C0 75 0A 5E C3 48 5E C3 33 C0 56 | eax=00000000 ebx=C15200E8 ecx=00000035 edx=C0FD3690 esi=00000000 edi=C0FD377C esp=C0ED4DFC
  IRQS raised 94366 2 0 0 0 0 18 0 | acked 94276 2 0 0 0 0 18 0
HEARTBEAT [0028:C0008F4A] cpl=0 pm=1 v86=0 if=0 pic imr=A8 isr=00 irr=00 | 74 3E FF 35 F0 E9 00 C0 FB 90 8B 54 24 10 FA FF | eax=00000000 ebx=C15200E8 ecx=00000035 edx=C0FD3690 esi=C0FD3710 edi=C0FD377C esp=C0ED4E04
  IRQS raised 94512 2 0 0 0 0 18 0 | acked 94422 2 0 0 0 0 18 0
HEARTBEAT [0028:C0008ED7] cpl=0 pm=1 v86=0 if=0 pic imr=A8 isr=00 irr=00 | 80 7F CC 00 74 63 51 E8 DB 02 00 00 E8 89 0B 00 | eax=00000000 ebx=C15200E8 ecx=00000035 edx=C0FD3690 esi=C0FD3710 edi=C0FD377C esp=C0ED4E04
  IRQS raised 94657 2 0 0 0 0 18 0 | acked 94567 2 0 0 0 0 18 0
HEARTBEAT [0028:C0008ED7] cpl=0 pm=1 v86=0 if=0 pic imr=A8 isr=00 irr=00 | 80 7F CC 00 74 63 51 E8 DB 02 00 00 E8 89 0B 00 | eax=00000000 ebx=C15200E8 ecx=00000035 edx=C0FD3690 esi=C0FD3710 edi=C0FD377C esp=C0ED4E04
  IRQS raised 94803 2 0 0 0 0 18 0 | acked 94713 2 0 0 0 0 18 0
HEARTBEAT [0028:C0008EFB] cpl=0 pm=1 v86=0 if=0 pic imr=A8 isr=00 irr=00 | FF 54 24 08 0F 85 22 FF FF FF F6 47 01 10 74 1C | eax=00000000 ebx=C15200E8 ecx=00000035 edx=C0FD3690 esi=C0FD3710 edi=C0FD377C esp=C0ED4E04
  IRQS raised 94949 2 0 0 0 0 18 0 | acked 94859 2 0 0 0 0 18 0
HEARTBEAT [0028:C0008E2D] cpl=0 pm=1 v86=0 if=0 pic imr=A8 isr=00 irr=00 | 80 E1 7F F6 07 01 0F 84 83 00 00 00 33 C0 E8 2D | eax=FFFF01FF ebx=C15200E8 ecx=00000035 edx=C0FD3690 esi=C0FD3710 edi=C0FD377C esp=C0ED4E04
  IRQS raised 95094 2 0 0 0 0 18 0 | acked 95004 2 0 0 0 0 18 0
HEARTBEAT [0028:C0008E27] cpl=0 pm=1 v86=0 if=0 pic imr=A8 isr=00 irr=00 | 8B 1D 1C 07 01 C0 80 E1 7F F6 07 01 0F 84 83 00 | eax=FFFF01FF ebx=C15200E8 ecx=00000035 edx=C0FD3690 esi=C0FD3710 edi=C0FD377C esp=C0ED4E04
  IRQS raised 95240 2 0 0 0 0 18 0 | acked 95150 2 0 0 0 0 18 0
HEARTBEAT [0028:C0008EF6] cpl=0 pm=1 v86=0 if=0 pic imr=A8 isr=00 irr=00 | FA 8B 54 24 0C FF 54 24 08 0F 85 22 FF FF FF F6 | eax=00000000 ebx=C15200E8 ecx=00000035 edx=C0FD3690 esi=C0FD3710 edi=C0FD377C esp=C0ED4E04
  IRQS raised 95386 2 0 0 0 0 18 0 | acked 95296 2 0 0 0 0 18 0
HEARTBEAT [0028:C0008E27] cpl=0 pm=1 v86=0 if=0 pic imr=A8 isr=00 irr=00 | 8B 1D 1C 07 01 C0 80 E1 7F F6 07 01 0F 84 83 00 | eax=FFFF01FF ebx=C15200E8 ecx=00000035 edx=C0FD3690 esi=C0FD3710 edi=C0FD377C esp=C0ED4E04
  IRQS raised 95531 2 0 0 0 0 18 0 | acked 95441 2 0 0 0 0 18 0
HEARTBEAT [0028:C0008E27] cpl=0 pm=1 v86=0 if=0 pic imr=A8 isr=00 irr=00 | 8B 1D 1C 07 01 C0 80 E1 7F F6 07 01 0F 84 83 00 | eax=FFFF01FF ebx=C15200E8 ecx=00000035 edx=C0FD3690 esi=C0FD3710 edi=C0FD377C esp=C0ED4E04
  IRQS raised 95677 2 0 0 0 0 18 0 | acked 95587 2 0 0 0 0 18 0
HEARTBEAT [0028:C0008F4A] cpl=0 pm=1 v86=0 if=0 pic imr=A8 isr=00 irr=00 | 74 3E FF 35 F0 E9 00 C0 FB 90 8B 54 24 10 FA FF | eax=00000000 ebx=C15200E8 ecx=00000035 edx=C0FD3690 esi=C0FD3710 edi=C0FD377C esp=C0ED4E04
  IRQS raised 95823 2 0 0 0 0 18 0 | acked 95733 2 0 0 0 0 18 0
HEARTBEAT [0028:C000316D] cpl=0 pm=1 v86=0 if=0 pic imr=A8 isr=00 irr=00 | 56 8B F0 33 C0 3B 05 F0 E9 00 C0 75 0A 5E C3 48 | eax=00000000 ebx=C15200E8 ecx=00000035 edx=C0FD3690 esi=C0FD3710 edi=C0FD377C esp=C0ED4E00
  IRQS raised 95968 2 0 0 0 0 18 0 | acked 95878 2 0 0 0 0 18 0
HEARTBEAT [0028:C0008E27] cpl=0 pm=1 v86=0 if=0 pic imr=A8 isr=00 irr=00 | 8B 1D 1C 07 01 C0 80 E1 7F F6 07 01 0F 84 83 00 | eax=FFFF01FF ebx=C15200E8 ecx=00000035 edx=C0FD3690 esi=C0FD3710 edi=C0FD377C esp=C0ED4E04
  IRQS raised 96114 2 0 0 0 0 18 0 | acked 96024 2 0 0 0 0 18 0
HEARTBEAT [0028:C0008ED7] cpl=0 pm=1 v86=0 if=0 pic imr=A8 isr=00 irr=00 | 80 7F CC 00 74 63 51 E8 DB 02 00 00 E8 89 0B 00 | eax=00000000 ebx=C15200E8 ecx=00000035 edx=C0FD3690 esi=C0FD3710 edi=C0FD377C esp=C0ED4E04
  IRQS raised 96260 2 0 0 0 0 18 0 | acked 96170 2 0 0 0 0 18 0
HEARTBEAT [0028:C0008E2D] cpl=0 pm=1 v86=0 if=0 pic imr=A8 isr=00 irr=00 | 80 E1 7F F6 07 01 0F 84 83 00 00 00 33 C0 E8 2D | eax=FFFF01FF ebx=C15200E8 ecx=00000035 edx=C0FD3690 esi=C0FD3710 edi=C0FD377C esp=C0ED4E04
  IRQS raised 96405 2 0 0 0 0 18 0 | acked 96315 2 0 0 0 0 18 0
HEARTBEAT [0028:C0008E27] cpl=0 pm=1 v86=0 if=0 pic imr=A8 isr=00 irr=00 | 8B 1D 1C 07 01 C0 80 E1 7F F6 07 01 0F 84 83 00 | eax=FFFF01FF ebx=C15200E8 ecx=00000035 edx=C0FD3690 esi=C0FD3710 edi=C0FD377C esp=C0ED4E04
  IRQS raised 96551 2 0 0 0 0 18 0 | acked 96461 2 0 0 0 0 18 0
HEARTBEAT [0028:C0008F9A] cpl=0 pm=1 v86=0 if=0 pic imr=A8 isr=00 irr=00 | F6 07 01 74 05 F6 C1 80 74 1C A1 E4 06 01 C0 66 | eax=00000000 ebx=C15200E8 ecx=00000035 edx=C0FD3690 esi=C0FD3710 edi=C0FD377C esp=C0ED4E04
  IRQS raised 96697 2 0 0 0 0 18 0 | acked 96607 2 0 0 0 0 18 0
HEARTBEAT [0028:C0003178] cpl=0 pm=1 v86=0 if=0 pic imr=A8 isr=00 irr=00 | 75 0A 5E C3 48 5E C3 33 C0 56 33 F6 8B 6B 08 39 | eax=00000000 ebx=C15200E8 ecx=00000035 edx=C0FD3690 esi=00000000 edi=C0FD377C esp=C0ED4DFC
  IRQS raised 96842 2 0 0 0 0 18 0 | acked 96752 2 0 0 0 0 18 0
HEARTBEAT [0028:C000316D] cpl=0 pm=1 v86=0 if=0 pic imr=A8 isr=00 irr=00 | 56 8B F0 33 C0 3B 05 F0 E9 00 C0 75 0A 5E C3 48 | eax=00000000 ebx=C15200E8 ecx=00000035 edx=C0FD3690 esi=C0FD3710 edi=C0FD377C esp=C0ED4E00
  IRQS raised 96988 2 0 0 0 0 18 0 | acked 96898 2 0 0 0 0 18 0
HEARTBEAT [0028:C0008F9F] cpl=0 pm=1 v86=0 if=0 pic imr=A8 isr=00 irr=00 | F6 C1 80 74 1C A1 E4 06 01 C0 66 83 3D F0 E9 00 | eax=00000000 ebx=C15200E8 ecx=00000035 edx=C0FD3690 esi=C0FD3710 edi=C0FD377C esp=C0ED4E04
  IRQS raised 97134 2 0 0 0 0 18 0 | acked 97044 2 0 0 0 0 18 0
HEARTBEAT [0028:C0008E39] cpl=0 pm=1 v86=0 if=0 pic imr=A8 isr=00 irr=00 | 33 C0 E8 2D A3 FF FF 0F 84 91 00 00 00 F6 C1 20 | eax=FFFF01FF ebx=C15200E8 ecx=00000035 edx=C0FD3690 esi=C0FD3710 edi=C0FD377C esp=C0ED4E04
  IRQS raised 97279 2 0 0 0 0 18 0 | acked 97189 2 0 0 0 0 18 0
HEARTBEAT [0028:C0008F4A] cpl=0 pm=1 v86=0 if=0 pic imr=A8 isr=00 irr=00 | 74 3E FF 35 F0 E9 00 C0 FB 90 8B 54 24 10 FA FF | eax=00000000 ebx=C15200E8 ecx=00000035 edx=C0FD3690 esi=C0FD3710 edi=C0FD377C esp=C0ED4E04
  IRQS raised 97425 2 0 0 0 0 18 0 | acked 97335 2 0 0 0 0 18 0
HEARTBEAT [0028:C0008C1F] cpl=0 pm=1 v86=0 if=0 pic imr=A8 isr=00 irr=00 | C3 53 F6 07 04 75 34 81 7F 3C 00 00 10 00 73 1D | eax=FFFF01FF ebx=C15200E8 ecx=00000035 edx=C0FD3690 esi=C0FD3710 edi=C0FD377C esp=C0ED4E00
  IRQS raised 97571 2 0 0 0 0 18 0 | acked 97481 2 0 0 0 0 18 0
HEARTBEAT [0028:C0003178] cpl=0 pm=1 v86=0 if=0 pic imr=A8 isr=00 irr=00 | 75 0A 5E C3 48 5E C3 33 C0 56 33 F6 8B 6B 08 39 | eax=00000000 ebx=C15200E8 ecx=00000035 edx=C0FD3690 esi=00000000 edi=C0FD377C esp=C0ED4DFC
  IRQS raised 97716 2 0 0 0 0 18 0 | acked 97626 2 0 0 0 0 18 0
HEARTBEAT [0028:C0008C1F] cpl=0 pm=1 v86=0 if=0 pic imr=A8 isr=00 irr=00 | C3 53 F6 07 04 75 34 81 7F 3C 00 00 10 00 73 1D | eax=FFFF01FF ebx=C15200E8 ecx=00000035 edx=C0FD3690 esi=C0FD3710 edi=C0FD377C esp=C0ED4E00
  IRQS raised 97862 2 0 0 0 0 18 0 | acked 97772 2 0 0 0 0 18 0
HEARTBEAT [0028:C0003172] cpl=0 pm=1 v86=0 if=0 pic imr=A8 isr=00 irr=00 | 3B 05 F0 E9 00 C0 75 0A 5E C3 48 5E C3 33 C0 56 | eax=00000000 ebx=C15200E8 ecx=00000035 edx=C0FD3690 esi=00000000 edi=C0FD377C esp=C0ED4DFC
  IRQS raised 98007 2 0 0 0 0 18 0 | acked 97917 2 0 0 0 0 18 0
HEARTBEAT [0028:C0008E27] cpl=0 pm=1 v86=0 if=0 pic imr=A8 isr=00 irr=00 | 8B 1D 1C 07 01 C0 80 E1 7F F6 07 01 0F 84 83 00 | eax=FFFF01FF ebx=C15200E8 ecx=00000035 edx=C0FD3690 esi=C0FD3710 edi=C0FD377C esp=C0ED4E04
  IRQS raised 98153 2 0 0 0 0 18 0 | acked 98063 2 0 0 0 0 18 0
HEARTBEAT [0028:C0008E30] cpl=0 pm=1 v86=0 if=0 pic imr=A8 isr=00 irr=00 | F6 07 01 0F 84 83 00 00 00 33 C0 E8 2D A3 FF FF | eax=FFFF01FF ebx=C15200E8 ecx=00000035 edx=C0FD3690 esi=C0FD3710 edi=C0FD377C esp=C0ED4E04
  IRQS raised 98299 2 0 0 0 0 18 0 | acked 98209 2 0 0 0 0 18 0
HEARTBEAT [0028:C0008C1B] cpl=0 pm=1 v86=0 if=0 pic imr=A8 isr=00 irr=00 | 48 C0 EC 07 C3 53 F6 07 04 75 34 81 7F 3C 00 00 | eax=00000000 ebx=C15200E8 ecx=00000035 edx=C0FD3690 esi=C0FD3710 edi=C0FD377C esp=C0ED4E00
  IRQS raised 98444 2 0 0 0 0 18 0 | acked 98354 2 0 0 0 0 18 0
HEARTBEAT [0028:C0008EF7] cpl=0 pm=1 v86=0 if=0 pic imr=A8 isr=00 irr=00 | 8B 54 24 0C FF 54 24 08 0F 85 22 FF FF FF F6 47 | eax=00000000 ebx=C15200E8 ecx=00000035 edx=C0FD3690 esi=C0FD3710 edi=C0FD377C esp=C0ED4E04
  IRQS raised 98590 2 0 0 0 0 18 0 | acked 98500 2 0 0 0 0 18 0
HEARTBEAT [0028:C0008ED7] cpl=0 pm=1 v86=0 if=0 pic imr=A8 isr=00 irr=00 | 80 7F CC 00 74 63 51 E8 DB 02 00 00 E8 89 0B 00 | eax=00000000 ebx=C15200E8 ecx=00000035 edx=C0FD3690 esi=C0FD3710 edi=C0FD377C esp=C0ED4E04
  IRQS raised 98736 2 0 0 0 0 18 0 | acked 98646 2 0 0 0 0 18 0
HEARTBEAT [0028:C0008F4A] cpl=0 pm=1 v86=0 if=0 pic imr=A8 isr=00 irr=00 | 74 3E FF 35 F0 E9 00 C0 FB 90 8B 54 24 10 FA FF | eax=00000000 ebx=C15200E8 ecx=00000035 edx=C0FD3690 esi=C0FD3710 edi=C0FD377C esp=C0ED4E04
  IRQS raised 98881 2 0 0 0 0 18 0 | acked 98791 2 0 0 0 0 18 0
HEARTBEAT [0028:C0008FC1] cpl=0 pm=1 v86=0 if=1 pic imr=A8 isr=00 irr=00 | 90 90 FA E9 2D FF FF FF 51 33 C9 41 85 C0 74 0D | eax=00000000 ebx=C15200E8 ecx=00000035 edx=C0FD3690 esi=C0FD3710 edi=C0FD377C esp=C0ED4E04
  IRQS raised 99027 2 0 0 0 0 18 0 | acked 98937 2 0 0 0 0 18 0
HEARTBEAT [0028:C0008F4A] cpl=0 pm=1 v86=0 if=0 pic imr=A8 isr=00 irr=00 | 74 3E FF 35 F0 E9 00 C0 FB 90 8B 54 24 10 FA FF | eax=00000000 ebx=C15200E8 ecx=00000035 edx=C0FD3690 esi=C0FD3710 edi=C0FD377C esp=C0ED4E04
  IRQS raised 99173 2 0 0 0 0 18 0 | acked 99083 2 0 0 0 0 18 0
HEARTBEAT [0028:C0008EF6] cpl=0 pm=1 v86=0 if=0 pic imr=A8 isr=00 irr=00 | FA 8B 54 24 0C FF 54 24 08 0F 85 22 FF FF FF F6 | eax=00000000 ebx=C15200E8 ecx=00000035 edx=C0FD3690 esi=C0FD3710 edi=C0FD377C esp=C0ED4E04
  IRQS raised 99318 2 0 0 0 0 18 0 | acked 99228 2 0 0 0 0 18 0
HEARTBEAT [0028:C0008FC0] cpl=0 pm=1 v86=0 if=0 pic imr=A8 isr=00 irr=00 | FB 90 90 FA E9 2D FF FF FF 51 33 C9 41 85 C0 74 | eax=00000000 ebx=C15200E8 ecx=00000035 edx=C0FD3690 esi=C0FD3710 edi=C0FD377C esp=C0ED4E04
  IRQS raised 99464 2 0 0 0 0 18 0 | acked 99374 2 0 0 0 0 18 0
HEARTBEAT [0028:C0008C18] cpl=0 pm=1 v86=0 if=0 pic imr=A8 isr=00 irr=00 | 66 8B 06 48 C0 EC 07 C3 53 F6 07 04 75 34 81 7F | eax=00000000 ebx=C15200E8 ecx=00000035 edx=C0FD3690 esi=C0FD3710 edi=C0FD377C esp=C0ED4E00
  IRQS raised 99610 2 0 0 0 0 18 0 | acked 99520 2 0 0 0 0 18 0
HEARTBEAT [0028:C000316D] cpl=0 pm=1 v86=0 if=0 pic imr=A8 isr=00 irr=00 | 56 8B F0 33 C0 3B 05 F0 E9 00 C0 75 0A 5E C3 48 | eax=00000000 ebx=C15200E8 ecx=00000035 edx=C0FD3690 esi=C0FD3710 edi=C0FD377C esp=C0ED4E00
  IRQS raised 99755 2 0 0 0 0 18 0 | acked 99665 2 0 0 0 0 18 0
HEARTBEAT [0028:C0008E2D] cpl=0 pm=1 v86=0 if=0 pic imr=A8 isr=00 irr=00 | 80 E1 7F F6 07 01 0F 84 83 00 00 00 33 C0 E8 2D | eax=FFFF01FF ebx=C15200E8 ecx=00000035 edx=C0FD3690 esi=C0FD3710 edi=C0FD377C esp=C0ED4E04
  IRQS raised 99901 2 0 0 0 0 18 0 | acked 99811 2 0 0 0 0 18 0
HEARTBEAT [0028:C0008E2D] cpl=0 pm=1 v86=0 if=0 pic imr=A8 isr=00 irr=00 | 80 E1 7F F6 07 01 0F 84 83 00 00 00 33 C0 E8 2D | eax=FFFF01FF ebx=C15200E8 ecx=00000035 edx=C0FD3690 esi=C0FD3710 edi=C0FD377C esp=C0ED4E04
  IRQS raised 100047 2 0 0 0 0 18 0 | acked 99957 2 0 0 0 0 18 0
HEARTBEAT [0028:C0008C1C] cpl=0 pm=1 v86=0 if=0 pic imr=A8 isr=00 irr=00 | C0 EC 07 C3 53 F6 07 04 75 34 81 7F 3C 00 00 10 | eax=FFFFFFFF ebx=C15200E8 ecx=00000035 edx=C0FD3690 esi=C0FD3710 edi=C0FD377C esp=C0ED4E00
  IRQS raised 100192 2 0 0 0 0 18 0 | acked 100102 2 0 0 0 0 18 0
HEARTBEAT [0028:C0008EF7] cpl=0 pm=1 v86=0 if=0 pic imr=A8 isr=00 irr=00 | 8B 54 24 0C FF 54 24 08 0F 85 22 FF FF FF F6 47 | eax=00000000 ebx=C15200E8 ecx=00000035 edx=C0FD3690 esi=C0FD3710 edi=C0FD377C esp=C0ED4E04
  IRQS raised 100338 2 0 0 0 0 18 0 | acked 100248 2 0 0 0 0 18 0
HEARTBEAT [0028:C0008C1B] cpl=0 pm=1 v86=0 if=0 pic imr=A8 isr=00 irr=00 | 48 C0 EC 07 C3 53 F6 07 04 75 34 81 7F 3C 00 00 | eax=00000000 ebx=C15200E8 ecx=00000035 edx=C0FD3690 esi=C0FD3710 edi=C0FD377C esp=C0ED4E00
  IRQS raised 100484 2 0 0 0 0 18 0 | acked 100394 2 0 0 0 0 18 0
HEARTBEAT [0028:C0008C1B] cpl=0 pm=1 v86=0 if=0 pic imr=A8 isr=00 irr=00 | 48 C0 EC 07 C3 53 F6 07 04 75 34 81 7F 3C 00 00 | eax=00000000 ebx=C15200E8 ecx=00000035 edx=C0FD3690 esi=C0FD3710 edi=C0FD377C esp=C0ED4E00
  IRQS raised 100629 2 0 0 0 0 18 0 | acked 100539 2 0 0 0 0 18 0
HEARTBEAT [0028:C0008ED7] cpl=0 pm=1 v86=0 if=0 pic imr=A8 isr=00 irr=00 | 80 7F CC 00 74 63 51 E8 DB 02 00 00 E8 89 0B 00 | eax=00000000 ebx=C15200E8 ecx=00000035 edx=C0FD3690 esi=C0FD3710 edi=C0FD377C esp=C0ED4E04
  IRQS raised 100775 2 0 0 0 0 18 0 | acked 100685 2 0 0 0 0 18 0
HEARTBEAT [0028:C0001B49] cpl=0 pm=1 v86=0 if=1 pic imr=A8 isr=00 irr=00 | 0F 82 17 0B 00 00 8B 14 85 04 B8 39 C1 FF 24 85 | eax=00000204 ebx=C15200E8 ecx=80000001 edx=C0FCEB48 esi=00000000 edi=C0FD377C esp=C0ED4DD4
  IRQS raised 100921 2 0 0 0 0 18 0 | acked 100831 2 0 0 0 0 18 0
HEARTBEAT [0028:C0008F9F] cpl=0 pm=1 v86=0 if=0 pic imr=A8 isr=00 irr=00 | F6 C1 80 74 1C A1 E4 06 01 C0 66 83 3D F0 E9 00 | eax=00000000 ebx=C15200E8 ecx=00000035 edx=C0FD3690 esi=C0FD3710 edi=C0FD377C esp=C0ED4E04
  IRQS raised 101066 2 0 0 0 0 18 0 | acked 100976 2 0 0 0 0 18 0
HEARTBEAT [0028:C0008ED7] cpl=0 pm=1 v86=0 if=0 pic imr=A8 isr=00 irr=00 | 80 7F CC 00 74 63 51 E8 DB 02 00 00 E8 89 0B 00 | eax=00000000 ebx=C15200E8 ecx=00000035 edx=C0FD3690 esi=C0FD3710 edi=C0FD377C esp=C0ED4E04
  IRQS raised 101212 2 0 0 0 0 18 0 | acked 101122 2 0 0 0 0 18 0
HEARTBEAT [0028:C0008EF6] cpl=0 pm=1 v86=0 if=0 pic imr=A8 isr=00 irr=00 | FA 8B 54 24 0C FF 54 24 08 0F 85 22 FF FF FF F6 | eax=00000000 ebx=C15200E8 ecx=00000035 edx=C0FD3690 esi=C0FD3710 edi=C0FD377C esp=C0ED4E04
  IRQS raised 101357 2 0 0 0 0 18 0 | acked 101267 2 0 0 0 0 18 0
HEARTBEAT [0028:C0008E39] cpl=0 pm=1 v86=0 if=0 pic imr=A8 isr=00 irr=00 | 33 C0 E8 2D A3 FF FF 0F 84 91 00 00 00 F6 C1 20 | eax=FFFF01FF ebx=C15200E8 ecx=00000035 edx=C0FD3690 esi=C0FD3710 edi=C0FD377C esp=C0ED4E04
  IRQS raised 101503 2 0 0 0 0 18 0 | acked 101413 2 0 0 0 0 18 0
HEARTBEAT [0028:C0008E30] cpl=0 pm=1 v86=0 if=0 pic imr=A8 isr=00 irr=00 | F6 07 01 0F 84 83 00 00 00 33 C0 E8 2D A3 FF FF | eax=FFFF01FF ebx=C15200E8 ecx=00000035 edx=C0FD3690 esi=C0FD3710 edi=C0FD377C esp=C0ED4E04
  IRQS raised 101649 2 0 0 0 0 18 0 | acked 101559 2 0 0 0 0 18 0
HEARTBEAT [0028:C0008F4A] cpl=0 pm=1 v86=0 if=0 pic imr=A8 isr=00 irr=00 | 74 3E FF 35 F0 E9 00 C0 FB 90 8B 54 24 10 FA FF | eax=00000000 ebx=C15200E8 ecx=00000035 edx=C0FD3690 esi=C0FD3710 edi=C0FD377C esp=C0ED4E04
  IRQS raised 101794 2 0 0 0 0 18 0 | acked 101704 2 0 0 0 0 18 0
HEARTBEAT [0028:C0008ED7] cpl=0 pm=1 v86=0 if=0 pic imr=A8 isr=00 irr=00 | 80 7F CC 00 74 63 51 E8 DB 02 00 00 E8 89 0B 00 | eax=00000000 ebx=C15200E8 ecx=00000035 edx=C0FD3690 esi=C0FD3710 edi=C0FD377C esp=C0ED4E04
  IRQS raised 101940 2 0 0 0 0 18 0 | acked 101850 2 0 0 0 0 18 0
HEARTBEAT [0028:C0003178] cpl=0 pm=1 v86=0 if=0 pic imr=A8 isr=00 irr=00 | 75 0A 5E C3 48 5E C3 33 C0 56 33 F6 8B 6B 08 39 | eax=00000000 ebx=C15200E8 ecx=00000035 edx=C0FD3690 esi=00000000 edi=C0FD377C esp=C0ED4DFC
  IRQS raised 102086 2 0 0 0 0 18 0 | acked 101996 2 0 0 0 0 18 0
HEARTBEAT [0028:C0008E2D] cpl=0 pm=1 v86=0 if=0 pic imr=A8 isr=00 irr=00 | 80 E1 7F F6 07 01 0F 84 83 00 00 00 33 C0 E8 2D | eax=FFFF01FF ebx=C15200E8 ecx=00000035 edx=C0FD3690 esi=C0FD3710 edi=C0FD377C esp=C0ED4E04
  IRQS raised 102231 2 0 0 0 0 18 0 | acked 102141 2 0 0 0 0 18 0
HEARTBEAT [0028:C0008ED7] cpl=0 pm=1 v86=0 if=0 pic imr=A8 isr=00 irr=00 | 80 7F CC 00 74 63 51 E8 DB 02 00 00 E8 89 0B 00 | eax=00000000 ebx=C15200E8 ecx=00000035 edx=C0FD3690 esi=C0FD3710 edi=C0FD377C esp=C0ED4E04
  IRQS raised 102377 2 0 0 0 0 18 0 | acked 102287 2 0 0 0 0 18 0
HEARTBEAT [0028:C0008FA2] cpl=0 pm=1 v86=0 if=0 pic imr=A8 isr=00 irr=00 | 74 1C A1 E4 06 01 C0 66 83 3D F0 E9 00 C0 00 75 | eax=00000000 ebx=C15200E8 ecx=00000035 edx=C0FD3690 esi=C0FD3710 edi=C0FD377C esp=C0ED4E04
  IRQS raised 102523 2 0 0 0 0 18 0 | acked 102433 2 0 0 0 0 18 0
HEARTBEAT [0028:C0008F94] cpl=0 pm=1 v86=0 if=0 pic imr=A8 isr=00 irr=00 | 0F 85 43 FF FF FF F6 07 01 74 05 F6 C1 80 74 1C | eax=00000000 ebx=C15200E8 ecx=00000035 edx=C0FD3690 esi=C0FD3710 edi=C0FD377C esp=C0ED4E04
  IRQS raised 102668 2 0 0 0 0 18 0 | acked 102578 2 0 0 0 0 18 0
HEARTBEAT [0028:C0008EF6] cpl=0 pm=1 v86=0 if=0 pic imr=A8 isr=00 irr=00 | FA 8B 54 24 0C FF 54 24 08 0F 85 22 FF FF FF F6 | eax=00000000 ebx=C15200E8 ecx=00000035 edx=C0FD3690 esi=C0FD3710 edi=C0FD377C esp=C0ED4E04
  IRQS raised 102814 2 0 0 0 0 18 0 | acked 102724 2 0 0 0 0 18 0
HEARTBEAT [0028:C0008F40] cpl=0 pm=1 v86=0 if=0 pic imr=A8 isr=00 irr=00 | 81 3D 9C 0C 01 C0 98 0C 01 C0 74 3E FF 35 F0 E9 | eax=00000000 ebx=C15200E8 ecx=00000035 edx=C0FD3690 esi=C0FD3710 edi=C0FD377C esp=C0ED4E04
  IRQS raised 102960 2 0 0 0 0 18 0 | acked 102870 2 0 0 0 0 18 0
HEARTBEAT [0028:C0008E27] cpl=0 pm=1 v86=0 if=0 pic imr=A8 isr=00 irr=00 | 8B 1D 1C 07 01 C0 80 E1 7F F6 07 01 0F 84 83 00 | eax=FFFF01FF ebx=C15200E8 ecx=00000035 edx=C0FD3690 esi=C0FD3710 edi=C0FD377C esp=C0ED4E04
  IRQS raised 103105 2 0 0 0 0 18 0 | acked 103015 2 0 0 0 0 18 0
HEARTBEAT [0028:C0008F4A] cpl=0 pm=1 v86=0 if=0 pic imr=A8 isr=00 irr=00 | 74 3E FF 35 F0 E9 00 C0 FB 90 8B 54 24 10 FA FF | eax=00000000 ebx=C15200E8 ecx=00000035 edx=C0FD3690 esi=C0FD3710 edi=C0FD377C esp=C0ED4E04
  IRQS raised 103251 2 0 0 0 0 18 0 | acked 103161 2 0 0 0 0 18 0
HEARTBEAT [0028:C0008E27] cpl=0 pm=1 v86=0 if=0 pic imr=A8 isr=00 irr=00 | 8B 1D 1C 07 01 C0 80 E1 7F F6 07 01 0F 84 83 00 | eax=FFFF01FF ebx=C15200E8 ecx=00000035 edx=C0FD3690 esi=C0FD3710 edi=C0FD377C esp=C0ED4E04
  IRQS raised 103397 2 0 0 0 0 18 0 | acked 103307 2 0 0 0 0 18 0
HEARTBEAT [0028:C0008E27] cpl=0 pm=1 v86=0 if=0 pic imr=A8 isr=00 irr=00 | 8B 1D 1C 07 01 C0 80 E1 7F F6 07 01 0F 84 83 00 | eax=FFFF01FF ebx=C15200E8 ecx=00000035 edx=C0FD3690 esi=C0FD3710 edi=C0FD377C esp=C0ED4E04
  IRQS raised 103542 2 0 0 0 0 18 0 | acked 103452 2 0 0 0 0 18 0
HEARTBEAT [0028:C0008FC0] cpl=0 pm=1 v86=0 if=0 pic imr=A8 isr=00 irr=00 | FB 90 90 FA E9 2D FF FF FF 51 33 C9 41 85 C0 74 | eax=00000000 ebx=C15200E8 ecx=00000035 edx=C0FD3690 esi=C0FD3710 edi=C0FD377C esp=C0ED4E04
  IRQS raised 103688 2 0 0 0 0 18 0 | acked 103598 2 0 0 0 0 18 0
HEARTBEAT [0028:C0008FC0] cpl=0 pm=1 v86=0 if=0 pic imr=A8 isr=00 irr=00 | FB 90 90 FA E9 2D FF FF FF 51 33 C9 41 85 C0 74 | eax=00000000 ebx=C15200E8 ecx=00000035 edx=C0FD3690 esi=C0FD3710 edi=C0FD377C esp=C0ED4E04
  IRQS raised 103834 2 0 0 0 0 18 0 | acked 103744 2 0 0 0 0 18 0
HEARTBEAT [0028:C0008ED7] cpl=0 pm=1 v86=0 if=0 pic imr=A8 isr=00 irr=00 | 80 7F CC 00 74 63 51 E8 DB 02 00 00 E8 89 0B 00 | eax=00000000 ebx=C15200E8 ecx=00000035 edx=C0FD3690 esi=C0FD3710 edi=C0FD377C esp=C0ED4E04
  IRQS raised 103979 2 0 0 0 0 18 0 | acked 103889 2 0 0 0 0 18 0
HEARTBEAT [0028:C0008ED7] cpl=0 pm=1 v86=0 if=0 pic imr=A8 isr=00 irr=00 | 80 7F CC 00 74 63 51 E8 DB 02 00 00 E8 89 0B 00 | eax=00000000 ebx=C15200E8 ecx=00000035 edx=C0FD3690 esi=C0FD3710 edi=C0FD377C esp=C0ED4E04
  IRQS raised 104125 2 0 0 0 0 18 0 | acked 104035 2 0 0 0 0 18 0
HEARTBEAT [0028:C0035116] cpl=0 pm=1 v86=0 if=0 pic imr=A8 isr=00 irr=00 | 2B CA 01 4E 28 8B C8 FF 25 48 E6 00 C0 51 57 6A | eax=00000001 ebx=000004A9 ecx=000004AC edx=00000003 esi=C00355D4 edi=C001C12D esp=C0ED4DFC
  IRQS raised 104271 2 0 0 0 0 18 0 | acked 104181 2 0 0 0 0 18 0
HEARTBEAT [0028:C0008E27] cpl=0 pm=1 v86=0 if=0 pic imr=A8 isr=00 irr=00 | 8B 1D 1C 07 01 C0 80 E1 7F F6 07 01 0F 84 83 00 | eax=FFFF01FF ebx=C15200E8 ecx=00000035 edx=C0FD3690 esi=C0FD3710 edi=C0FD377C esp=C0ED4E04
  IRQS raised 104416 2 0 0 0 0 18 0 | acked 104326 2 0 0 0 0 18 0
HEARTBEAT [0028:C0008EFB] cpl=0 pm=1 v86=0 if=0 pic imr=A8 isr=00 irr=00 | FF 54 24 08 0F 85 22 FF FF FF F6 47 01 10 74 1C | eax=00000000 ebx=C15200E8 ecx=00000035 edx=C0FD3690 esi=C0FD3710 edi=C0FD377C esp=C0ED4E04
  IRQS raised 104562 2 0 0 0 0 18 0 | acked 104472 2 0 0 0 0 18 0
HEARTBEAT [0028:C000316D] cpl=0 pm=1 v86=0 if=0 pic imr=A8 isr=00 irr=00 | 56 8B F0 33 C0 3B 05 F0 E9 00 C0 75 0A 5E C3 48 | eax=00000000 ebx=C15200E8 ecx=00000035 edx=C0FD3690 esi=C0FD3710 edi=C0FD377C esp=C0ED4E00
  IRQS raised 104707 2 0 0 0 0 18 0 | acked 104617 2 0 0 0 0 18 0
HEARTBEAT [0028:C0008E2D] cpl=0 pm=1 v86=0 if=0 pic imr=A8 isr=00 irr=00 | 80 E1 7F F6 07 01 0F 84 83 00 00 00 33 C0 E8 2D | eax=FFFF01FF ebx=C15200E8 ecx=00000035 edx=C0FD3690 esi=C0FD3710 edi=C0FD377C esp=C0ED4E04
  IRQS raised 104853 2 0 0 0 0 18 0 | acked 104763 2 0 0 0 0 18 0
HEARTBEAT [0028:C0008F4A] cpl=0 pm=1 v86=0 if=0 pic imr=A8 isr=00 irr=00 | 74 3E FF 35 F0 E9 00 C0 FB 90 8B 54 24 10 FA FF | eax=00000000 ebx=C15200E8 ecx=00000035 edx=C0FD3690 esi=C0FD3710 edi=C0FD377C esp=C0ED4E04
  IRQS raised 104999 2 0 0 0 0 18 0 | acked 104909 2 0 0 0 0 18 0
HEARTBEAT [0028:C0008F94] cpl=0 pm=1 v86=0 if=0 pic imr=A8 isr=00 irr=00 | 0F 85 43 FF FF FF F6 07 01 74 05 F6 C1 80 74 1C | eax=00000000 ebx=C15200E8 ecx=00000035 edx=C0FD3690 esi=C0FD3710 edi=C0FD377C esp=C0ED4E04
  IRQS raised 105144 2 0 0 0 0 18 0 | acked 105054 2 0 0 0 0 18 0
HEARTBEAT [0028:C0008E2D] cpl=0 pm=1 v86=0 if=0 pic imr=A8 isr=00 irr=00 | 80 E1 7F F6 07 01 0F 84 83 00 00 00 33 C0 E8 2D | eax=FFFF01FF ebx=C15200E8 ecx=00000035 edx=C0FD3690 esi=C0FD3710 edi=C0FD377C esp=C0ED4E04
  IRQS raised 105290 2 0 0 0 0 18 0 | acked 105200 2 0 0 0 0 18 0
HEARTBEAT [0028:C0008F9F] cpl=0 pm=1 v86=0 if=0 pic imr=A8 isr=00 irr=00 | F6 C1 80 74 1C A1 E4 06 01 C0 66 83 3D F0 E9 00 | eax=00000000 ebx=C15200E8 ecx=00000035 edx=C0FD3690 esi=C0FD3710 edi=C0FD377C esp=C0ED4E04
  IRQS raised 105436 2 0 0 0 0 18 0 | acked 105346 2 0 0 0 0 18 0
HEARTBEAT [0028:C0008ED7] cpl=0 pm=1 v86=0 if=0 pic imr=A8 isr=00 irr=00 | 80 7F CC 00 74 63 51 E8 DB 02 00 00 E8 89 0B 00 | eax=00000000 ebx=C15200E8 ecx=00000035 edx=C0FD3690 esi=C0FD3710 edi=C0FD377C esp=C0ED4E04
  IRQS raised 105581 2 0 0 0 0 18 0 | acked 105491 2 0 0 0 0 18 0
HEARTBEAT [0028:C0008F4A] cpl=0 pm=1 v86=0 if=0 pic imr=A8 isr=00 irr=00 | 74 3E FF 35 F0 E9 00 C0 FB 90 8B 54 24 10 FA FF | eax=00000000 ebx=C15200E8 ecx=00000035 edx=C0FD3690 esi=C0FD3710 edi=C0FD377C esp=C0ED4E04
  IRQS raised 105727 2 0 0 0 0 18 0 | acked 105637 2 0 0 0 0 18 0
HEARTBEAT [0028:C0008E39] cpl=0 pm=1 v86=0 if=0 pic imr=A8 isr=00 irr=00 | 33 C0 E8 2D A3 FF FF 0F 84 91 00 00 00 F6 C1 20 | eax=FFFF01FF ebx=C15200E8 ecx=00000035 edx=C0FD3690 esi=C0FD3710 edi=C0FD377C esp=C0ED4E04
  IRQS raised 105873 2 0 0 0 0 18 0 | acked 105783 2 0 0 0 0 18 0
HEARTBEAT [0028:C000316D] cpl=0 pm=1 v86=0 if=0 pic imr=A8 isr=00 irr=00 | 56 8B F0 33 C0 3B 05 F0 E9 00 C0 75 0A 5E C3 48 | eax=00000000 ebx=C15200E8 ecx=00000035 edx=C0FD3690 esi=C0FD3710 edi=C0FD377C esp=C0ED4E00
  IRQS raised 106018 2 0 0 0 0 18 0 | acked 105928 2 0 0 0 0 18 0
HEARTBEAT [0028:C0008ED7] cpl=0 pm=1 v86=0 if=0 pic imr=A8 isr=00 irr=00 | 80 7F CC 00 74 63 51 E8 DB 02 00 00 E8 89 0B 00 | eax=00000000 ebx=C15200E8 ecx=00000035 edx=C0FD3690 esi=C0FD3710 edi=C0FD377C esp=C0ED4E04
  IRQS raised 106164 2 0 0 0 0 18 0 | acked 106074 2 0 0 0 0 18 0
HEARTBEAT [0028:C0008F40] cpl=0 pm=1 v86=0 if=0 pic imr=A8 isr=00 irr=00 | 81 3D 9C 0C 01 C0 98 0C 01 C0 74 3E FF 35 F0 E9 | eax=00000000 ebx=C15200E8 ecx=00000035 edx=C0FD3690 esi=C0FD3710 edi=C0FD377C esp=C0ED4E04
  IRQS raised 106310 2 0 0 0 0 18 0 | acked 106220 2 0 0 0 0 18 0
HEARTBEAT [0028:C0008F4A] cpl=0 pm=1 v86=0 if=0 pic imr=A8 isr=00 irr=00 | 74 3E FF 35 F0 E9 00 C0 FB 90 8B 54 24 10 FA FF | eax=00000000 ebx=C15200E8 ecx=00000035 edx=C0FD3690 esi=C0FD3710 edi=C0FD377C esp=C0ED4E04
  IRQS raised 106455 2 0 0 0 0 18 0 | acked 106365 2 0 0 0 0 18 0
HEARTBEAT [0028:C0008F9D] cpl=0 pm=1 v86=0 if=0 pic imr=A8 isr=00 irr=00 | 74 05 F6 C1 80 74 1C A1 E4 06 01 C0 66 83 3D F0 | eax=00000000 ebx=C15200E8 ecx=00000035 edx=C0FD3690 esi=C0FD3710 edi=C0FD377C esp=C0ED4E04
  IRQS raised 106601 2 0 0 0 0 18 0 | acked 106511 2 0 0 0 0 18 0
HEARTBEAT [0028:C0008F94] cpl=0 pm=1 v86=0 if=0 pic imr=A8 isr=00 irr=00 | 0F 85 43 FF FF FF F6 07 01 74 05 F6 C1 80 74 1C | eax=00000000 ebx=C15200E8 ecx=00000035 edx=C0FD3690 esi=C0FD3710 edi=C0FD377C esp=C0ED4E04
  IRQS raised 106747 2 0 0 0 0 18 0 | acked 106657 2 0 0 0 0 18 0
HEARTBEAT [0028:C000316E] cpl=0 pm=1 v86=0 if=0 pic imr=A8 isr=00 irr=00 | 8B F0 33 C0 3B 05 F0 E9 00 C0 75 0A 5E C3 48 5E | eax=00000000 ebx=C15200E8 ecx=00000035 edx=C0FD3690 esi=C0FD3710 edi=C0FD377C esp=C0ED4DFC
  IRQS raised 106892 2 0 0 0 0 18 0 | acked 106802 2 0 0 0 0 18 0
HEARTBEAT [0028:C0003178] cpl=0 pm=1 v86=0 if=0 pic imr=A8 isr=00 irr=00 | 75 0A 5E C3 48 5E C3 33 C0 56 33 F6 8B 6B 08 39 | eax=00000000 ebx=C15200E8 ecx=00000035 edx=C0FD3690 esi=00000000 edi=C0FD377C esp=C0ED4DFC
  IRQS raised 107038 2 0 0 0 0 18 0 | acked 106948 2 0 0 0 0 18 0
HEARTBEAT [0028:C0008E39] cpl=0 pm=1 v86=0 if=0 pic imr=A8 isr=00 irr=00 | 33 C0 E8 2D A3 FF FF 0F 84 91 00 00 00 F6 C1 20 | eax=FFFF01FF ebx=C15200E8 ecx=00000035 edx=C0FD3690 esi=C0FD3710 edi=C0FD377C esp=C0ED4E04
  IRQS raised 107184 2 0 0 0 0 18 0 | acked 107094 2 0 0 0 0 18 0
HEARTBEAT [0028:C0003178] cpl=0 pm=1 v86=0 if=0 pic imr=A8 isr=00 irr=00 | 75 0A 5E C3 48 5E C3 33 C0 56 33 F6 8B 6B 08 39 | eax=00000000 ebx=C15200E8 ecx=00000035 edx=C0FD3690 esi=00000000 edi=C0FD377C esp=C0ED4DFC
  IRQS raised 107329 2 0 0 0 0 18 0 | acked 107239 2 0 0 0 0 18 0
HEARTBEAT [0028:C0008F94] cpl=0 pm=1 v86=0 if=0 pic imr=A8 isr=00 irr=00 | 0F 85 43 FF FF FF F6 07 01 74 05 F6 C1 80 74 1C | eax=00000000 ebx=C15200E8 ecx=00000035 edx=C0FD3690 esi=C0FD3710 edi=C0FD377C esp=C0ED4E04
  IRQS raised 107475 2 0 0 0 0 18 0 | acked 107385 2 0 0 0 0 18 0
HEARTBEAT [0028:C0003543] cpl=0 pm=1 v86=0 if=1 pic imr=A8 isr=00 irr=00 | 8A 47 CD 8A 67 CE 88 62 01 88 47 CE 38 E0 76 03 | eax=C0FCEC54 ebx=C15200E8 ecx=C15201D7 edx=C0FCEE04 esi=00000000 edi=C0FD377C esp=C0ED4D30
  IRQS raised 107621 2 0 0 0 0 18 0 | acked 107531 2 0 0 0 0 18 0
HEARTBEAT [0028:C0008F4A] cpl=0 pm=1 v86=0 if=0 pic imr=A8 isr=00 irr=00 | 74 3E FF 35 F0 E9 00 C0 FB 90 8B 54 24 10 FA FF | eax=00000000 ebx=C15200E8 ecx=00000035 edx=C0FD3690 esi=C0FD3710 edi=C0FD377C esp=C0ED4E04
  IRQS raised 107766 2 0 0 0 0 18 0 | acked 107676 2 0 0 0 0 18 0
HEARTBEAT [0028:C0008EF6] cpl=0 pm=1 v86=0 if=0 pic imr=A8 isr=00 irr=00 | FA 8B 54 24 0C FF 54 24 08 0F 85 22 FF FF FF F6 | eax=00000000 ebx=C15200E8 ecx=00000035 edx=C0FD3690 esi=C0FD3710 edi=C0FD377C esp=C0ED4E04
  IRQS raised 107912 2 0 0 0 0 18 0 | acked 107822 2 0 0 0 0 18 0
HEARTBEAT [0028:C0008F9A] cpl=0 pm=1 v86=0 if=0 pic imr=A8 isr=00 irr=00 | F6 07 01 74 05 F6 C1 80 74 1C A1 E4 06 01 C0 66 | eax=00000000 ebx=C15200E8 ecx=00000035 edx=C0FD3690 esi=C0FD3710 edi=C0FD377C esp=C0ED4E04
  IRQS raised 108057 2 0 0 0 0 18 0 | acked 107967 2 0 0 0 0 18 0
HEARTBEAT [0028:C0008C18] cpl=0 pm=1 v86=0 if=0 pic imr=A8 isr=00 irr=00 | 66 8B 06 48 C0 EC 07 C3 53 F6 07 04 75 34 81 7F | eax=00000000 ebx=C15200E8 ecx=00000035 edx=C0FD3690 esi=C0FD3710 edi=C0FD377C esp=C0ED4E00
  IRQS raised 108203 2 0 0 0 0 18 0 | acked 108113 2 0 0 0 0 18 0
HEARTBEAT [0028:C0008EF6] cpl=0 pm=1 v86=0 if=0 pic imr=A8 isr=00 irr=00 | FA 8B 54 24 0C FF 54 24 08 0F 85 22 FF FF FF F6 | eax=00000000 ebx=C15200E8 ecx=00000035 edx=C0FD3690 esi=C0FD3710 edi=C0FD377C esp=C0ED4E04
  IRQS raised 108349 2 0 0 0 0 18 0 | acked 108259 2 0 0 0 0 18 0
HEARTBEAT [0028:C0008EFB] cpl=0 pm=1 v86=0 if=0 pic imr=A8 isr=00 irr=00 | FF 54 24 08 0F 85 22 FF FF FF F6 47 01 10 74 1C | eax=00000000 ebx=C15200E8 ecx=00000035 edx=C0FD3690 esi=C0FD3710 edi=C0FD377C esp=C0ED4E04
  IRQS raised 108494 2 0 0 0 0 18 0 | acked 108404 2 0 0 0 0 18 0
HEARTBEAT [0028:C0003178] cpl=0 pm=1 v86=0 if=0 pic imr=A8 isr=00 irr=00 | 75 0A 5E C3 48 5E C3 33 C0 56 33 F6 8B 6B 08 39 | eax=00000000 ebx=C15200E8 ecx=00000035 edx=C0FD3690 esi=00000000 edi=C0FD377C esp=C0ED4DFC
  IRQS raised 108640 2 0 0 0 0 18 0 | acked 108550 2 0 0 0 0 18 0
HEARTBEAT [0028:C0008EF6] cpl=0 pm=1 v86=0 if=0 pic imr=A8 isr=00 irr=00 | FA 8B 54 24 0C FF 54 24 08 0F 85 22 FF FF FF F6 | eax=00000000 ebx=C15200E8 ecx=00000035 edx=C0FD3690 esi=C0FD3710 edi=C0FD377C esp=C0ED4E04
  IRQS raised 108786 2 0 0 0 0 18 0 | acked 108696 2 0 0 0 0 18 0
HEARTBEAT [0028:C0008EF6] cpl=0 pm=1 v86=0 if=0 pic imr=A8 isr=00 irr=00 | FA 8B 54 24 0C FF 54 24 08 0F 85 22 FF FF FF F6 | eax=00000000 ebx=C15200E8 ecx=00000035 edx=C0FD3690 esi=C0FD3710 edi=C0FD377C esp=C0ED4E04
  IRQS raised 108931 2 0 0 0 0 18 0 | acked 108841 2 0 0 0 0 18 0
HEARTBEAT [0028:C0008F4A] cpl=0 pm=1 v86=0 if=0 pic imr=A8 isr=00 irr=00 | 74 3E FF 35 F0 E9 00 C0 FB 90 8B 54 24 10 FA FF | eax=00000000 ebx=C15200E8 ecx=00000035 edx=C0FD3690 esi=C0FD3710 edi=C0FD377C esp=C0ED4E04
  IRQS raised 109077 2 0 0 0 0 18 0 | acked 108987 2 0 0 0 0 18 0
HEARTBEAT [0028:C0008C1F] cpl=0 pm=1 v86=0 if=0 pic imr=A8 isr=00 irr=00 | C3 53 F6 07 04 75 34 81 7F 3C 00 00 10 00 73 1D | eax=FFFF01FF ebx=C15200E8 ecx=00000035 edx=C0FD3690 esi=C0FD3710 edi=C0FD377C esp=C0ED4E00
  IRQS raised 109223 2 0 0 0 0 18 0 | acked 109133 2 0 0 0 0 18 0
HEARTBEAT [0028:C0008F9F] cpl=0 pm=1 v86=0 if=0 pic imr=A8 isr=00 irr=00 | F6 C1 80 74 1C A1 E4 06 01 C0 66 83 3D F0 E9 00 | eax=00000000 ebx=C15200E8 ecx=00000035 edx=C0FD3690 esi=C0FD3710 edi=C0FD377C esp=C0ED4E04
  IRQS raised 109368 2 0 0 0 0 18 0 | acked 109278 2 0 0 0 0 18 0
HEARTBEAT [0028:C0008EF6] cpl=0 pm=1 v86=0 if=0 pic imr=A8 isr=00 irr=00 | FA 8B 54 24 0C FF 54 24 08 0F 85 22 FF FF FF F6 | eax=00000000 ebx=C15200E8 ecx=00000035 edx=C0FD3690 esi=C0FD3710 edi=C0FD377C esp=C0ED4E04
  IRQS raised 109514 2 0 0 0 0 18 0 | acked 109424 2 0 0 0 0 18 0
HEARTBEAT [0028:C0008EF7] cpl=0 pm=1 v86=0 if=0 pic imr=A8 isr=00 irr=00 | 8B 54 24 0C FF 54 24 08 0F 85 22 FF FF FF F6 47 | eax=00000000 ebx=C15200E8 ecx=00000035 edx=C0FD3690 esi=C0FD3710 edi=C0FD377C esp=C0ED4E04
  IRQS raised 109660 2 0 0 0 0 18 0 | acked 109570 2 0 0 0 0 18 0
HEARTBEAT [0028:C0008F9A] cpl=0 pm=1 v86=0 if=0 pic imr=A8 isr=00 irr=00 | F6 07 01 74 05 F6 C1 80 74 1C A1 E4 06 01 C0 66 | eax=00000000 ebx=C15200E8 ecx=00000035 edx=C0FD3690 esi=C0FD3710 edi=C0FD377C esp=C0ED4E04
  IRQS raised 109805 2 0 0 0 0 18 0 | acked 109715 2 0 0 0 0 18 0
HEARTBEAT [0028:C000316E] cpl=0 pm=1 v86=0 if=0 pic imr=A8 isr=00 irr=00 | 8B F0 33 C0 3B 05 F0 E9 00 C0 75 0A 5E C3 48 5E | eax=00000000 ebx=C15200E8 ecx=00000035 edx=C0FD3690 esi=C0FD3710 edi=C0FD377C esp=C0ED4DFC
  IRQS raised 109951 2 0 0 0 0 18 0 | acked 109861 2 0 0 0 0 18 0
HEARTBEAT [0028:C0008ED7] cpl=0 pm=1 v86=0 if=0 pic imr=A8 isr=00 irr=00 | 80 7F CC 00 74 63 51 E8 DB 02 00 00 E8 89 0B 00 | eax=00000000 ebx=C15200E8 ecx=00000035 edx=C0FD3690 esi=C0FD3710 edi=C0FD377C esp=C0ED4E04
  IRQS raised 110097 2 0 0 0 0 18 0 | acked 110007 2 0 0 0 0 18 0
HEARTBEAT [0028:C0008C18] cpl=0 pm=1 v86=0 if=0 pic imr=A8 isr=00 irr=00 | 66 8B 06 48 C0 EC 07 C3 53 F6 07 04 75 34 81 7F | eax=00000000 ebx=C15200E8 ecx=00000035 edx=C0FD3690 esi=C0FD3710 edi=C0FD377C esp=C0ED4E00
  IRQS raised 110242 2 0 0 0 0 18 0 | acked 110152 2 0 0 0 0 18 0
HEARTBEAT [0028:C0008E2D] cpl=0 pm=1 v86=0 if=0 pic imr=A8 isr=00 irr=00 | 80 E1 7F F6 07 01 0F 84 83 00 00 00 33 C0 E8 2D | eax=FFFF01FF ebx=C15200E8 ecx=00000035 edx=C0FD3690 esi=C0FD3710 edi=C0FD377C esp=C0ED4E04
  IRQS raised 110388 2 0 0 0 0 18 0 | acked 110298 2 0 0 0 0 18 0
HEARTBEAT [0028:C000317B] cpl=0 pm=1 v86=0 if=0 pic imr=A8 isr=00 irr=00 | C3 48 5E C3 33 C0 56 33 F6 8B 6B 08 39 05 F4 E9 | eax=00000000 ebx=C15200E8 ecx=00000035 edx=C0FD3690 esi=C0FD3710 edi=C0FD377C esp=C0ED4E00
  IRQS raised 110534 2 0 0 0 0 18 0 | acked 110444 2 0 0 0 0 18 0
HEARTBEAT [0028:C0008C1B] cpl=0 pm=1 v86=0 if=0 pic imr=A8 isr=00 irr=00 | 48 C0 EC 07 C3 53 F6 07 04 75 34 81 7F 3C 00 00 | eax=00000000 ebx=C15200E8 ecx=00000035 edx=C0FD3690 esi=C0FD3710 edi=C0FD377C esp=C0ED4E00
  IRQS raised 110679 2 0 0 0 0 18 0 | acked 110589 2 0 0 0 0 18 0
HEARTBEAT [0028:C000316D] cpl=0 pm=1 v86=0 if=0 pic imr=A8 isr=00 irr=00 | 56 8B F0 33 C0 3B 05 F0 E9 00 C0 75 0A 5E C3 48 | eax=00000000 ebx=C15200E8 ecx=00000035 edx=C0FD3690 esi=C0FD3710 edi=C0FD377C esp=C0ED4E00
  IRQS raised 110825 2 0 0 0 0 18 0 | acked 110735 2 0 0 0 0 18 0
HEARTBEAT [0117:0000618B] cpl=3 pm=1 v86=0 if=1 pic imr=A8 isr=00 irr=00 | 8E D8 A1 00 00 85 C0 74 09 8E C0 26 3A 1E 08 00 | eax=C0FD0097 ebx=07471201 ecx=000015A6 edx=81510000 esi=00000001 edi=00000000 esp=8018305C
  IRQS raised 110971 2 0 0 0 0 18 0 | acked 110881 2 0 0 0 0 18 0
HEARTBEAT [0028:C0008F4A] cpl=0 pm=1 v86=0 if=0 pic imr=A8 isr=00 irr=00 | 74 3E FF 35 F0 E9 00 C0 FB 90 8B 54 24 10 FA FF | eax=00000000 ebx=C15200E8 ecx=00000035 edx=C0FD3690 esi=C0FD3710 edi=C0FD377C esp=C0ED4E04
  IRQS raised 111116 2 0 0 0 0 18 0 | acked 111026 2 0 0 0 0 18 0
HEARTBEAT [0028:C0008E39] cpl=0 pm=1 v86=0 if=0 pic imr=A8 isr=00 irr=00 | 33 C0 E8 2D A3 FF FF 0F 84 91 00 00 00 F6 C1 20 | eax=FFFF01FF ebx=C15200E8 ecx=00000035 edx=C0FD3690 esi=C0FD3710 edi=C0FD377C esp=C0ED4E04
  IRQS raised 111262 2 0 0 0 0 18 0 | acked 111172 2 0 0 0 0 18 0
HEARTBEAT [0028:C0008F40] cpl=0 pm=1 v86=0 if=0 pic imr=A8 isr=00 irr=00 | 81 3D 9C 0C 01 C0 98 0C 01 C0 74 3E FF 35 F0 E9 | eax=00000000 ebx=C15200E8 ecx=00000035 edx=C0FD3690 esi=C0FD3710 edi=C0FD377C esp=C0ED4E04
  IRQS raised 111407 2 0 0 0 0 18 0 | acked 111317 2 0 0 0 0 18 0
HEARTBEAT [0028:C0008E2D] cpl=0 pm=1 v86=0 if=0 pic imr=A8 isr=00 irr=00 | 80 E1 7F F6 07 01 0F 84 83 00 00 00 33 C0 E8 2D | eax=FFFF01FF ebx=C15200E8 ecx=00000035 edx=C0FD3690 esi=C0FD3710 edi=C0FD377C esp=C0ED4E04
  IRQS raised 111553 2 0 0 0 0 18 0 | acked 111463 2 0 0 0 0 18 0
HEARTBEAT [0028:C0008F94] cpl=0 pm=1 v86=0 if=0 pic imr=A8 isr=00 irr=00 | 0F 85 43 FF FF FF F6 07 01 74 05 F6 C1 80 74 1C | eax=00000000 ebx=C15200E8 ecx=00000035 edx=C0FD3690 esi=C0FD3710 edi=C0FD377C esp=C0ED4E04
  IRQS raised 111699 2 0 0 0 0 18 0 | acked 111609 2 0 0 0 0 18 0
HEARTBEAT [0028:C0003178] cpl=0 pm=1 v86=0 if=0 pic imr=A8 isr=00 irr=00 | 75 0A 5E C3 48 5E C3 33 C0 56 33 F6 8B 6B 08 39 | eax=00000000 ebx=C15200E8 ecx=00000035 edx=C0FD3690 esi=00000000 edi=C0FD377C esp=C0ED4DFC
  IRQS raised 111844 2 0 0 0 0 18 0 | acked 111754 2 0 0 0 0 18 0
HEARTBEAT [0028:C0008F4A] cpl=0 pm=1 v86=0 if=0 pic imr=A8 isr=00 irr=00 | 74 3E FF 35 F0 E9 00 C0 FB 90 8B 54 24 10 FA FF | eax=00000000 ebx=C15200E8 ecx=00000035 edx=C0FD3690 esi=C0FD3710 edi=C0FD377C esp=C0ED4E04
  IRQS raised 111990 2 0 0 0 0 18 0 | acked 111900 2 0 0 0 0 18 0
HEARTBEAT [0028:C000317A] cpl=0 pm=1 v86=0 if=0 pic imr=A8 isr=00 irr=00 | 5E C3 48 5E C3 33 C0 56 33 F6 8B 6B 08 39 05 F4 | eax=00000000 ebx=C15200E8 ecx=00000035 edx=C0FD3690 esi=00000000 edi=C0FD377C esp=C0ED4DFC
  IRQS raised 112136 2 0 0 0 0 18 0 | acked 112046 2 0 0 0 0 18 0
HEARTBEAT [0028:C0003178] cpl=0 pm=1 v86=0 if=0 pic imr=A8 isr=00 irr=00 | 75 0A 5E C3 48 5E C3 33 C0 56 33 F6 8B 6B 08 39 | eax=00000000 ebx=C15200E8 ecx=00000035 edx=C0FD3690 esi=00000000 edi=C0FD377C esp=C0ED4DFC
  IRQS raised 112281 2 0 0 0 0 18 0 | acked 112191 2 0 0 0 0 18 0
HEARTBEAT [0028:C0008E27] cpl=0 pm=1 v86=0 if=0 pic imr=A8 isr=00 irr=00 | 8B 1D 1C 07 01 C0 80 E1 7F F6 07 01 0F 84 83 00 | eax=FFFF01FF ebx=C15200E8 ecx=00000035 edx=C0FD3690 esi=C0FD3710 edi=C0FD377C esp=C0ED4E04
  IRQS raised 112427 2 0 0 0 0 18 0 | acked 112337 2 0 0 0 0 18 0
HEARTBEAT [0028:C0008E2D] cpl=0 pm=1 v86=0 if=0 pic imr=A8 isr=00 irr=00 | 80 E1 7F F6 07 01 0F 84 83 00 00 00 33 C0 E8 2D | eax=FFFF01FF ebx=C15200E8 ecx=00000035 edx=C0FD3690 esi=C0FD3710 edi=C0FD377C esp=C0ED4E04
  IRQS raised 112573 2 0 0 0 0 18 0 | acked 112483 2 0 0 0 0 18 0
HEARTBEAT [0028:C0008F9D] cpl=0 pm=1 v86=0 if=0 pic imr=A8 isr=00 irr=00 | 74 05 F6 C1 80 74 1C A1 E4 06 01 C0 66 83 3D F0 | eax=00000000 ebx=C15200E8 ecx=00000035 edx=C0FD3690 esi=C0FD3710 edi=C0FD377C esp=C0ED4E04
  IRQS raised 112718 2 0 0 0 0 18 0 | acked 112628 2 0 0 0 0 18 0
HEARTBEAT [0028:C0008F94] cpl=0 pm=1 v86=0 if=0 pic imr=A8 isr=00 irr=00 | 0F 85 43 FF FF FF F6 07 01 74 05 F6 C1 80 74 1C | eax=00000000 ebx=C15200E8 ecx=00000035 edx=C0FD3690 esi=C0FD3710 edi=C0FD377C esp=C0ED4E04
  IRQS raised 112864 2 0 0 0 0 18 0 | acked 112774 2 0 0 0 0 18 0
HEARTBEAT [0028:C0008F40] cpl=0 pm=1 v86=0 if=0 pic imr=A8 isr=00 irr=00 | 81 3D 9C 0C 01 C0 98 0C 01 C0 74 3E FF 35 F0 E9 | eax=00000000 ebx=C15200E8 ecx=00000035 edx=C0FD3690 esi=C0FD3710 edi=C0FD377C esp=C0ED4E04
  IRQS raised 113010 2 0 0 0 0 18 0 | acked 112920 2 0 0 0 0 18 0
HEARTBEAT [0028:C0008ED7] cpl=0 pm=1 v86=0 if=0 pic imr=A8 isr=00 irr=00 | 80 7F CC 00 74 63 51 E8 DB 02 00 00 E8 89 0B 00 | eax=00000000 ebx=C15200E8 ecx=00000035 edx=C0FD3690 esi=C0FD3710 edi=C0FD377C esp=C0ED4E04
  IRQS raised 113155 2 0 0 0 0 18 0 | acked 113065 2 0 0 0 0 18 0
HEARTBEAT [0028:C0008E27] cpl=0 pm=1 v86=0 if=0 pic imr=A8 isr=00 irr=00 | 8B 1D 1C 07 01 C0 80 E1 7F F6 07 01 0F 84 83 00 | eax=FFFF01FF ebx=C15200E8 ecx=00000035 edx=C0FD3690 esi=C0FD3710 edi=C0FD377C esp=C0ED4E04
  IRQS raised 113301 2 0 0 0 0 18 0 | acked 113211 2 0 0 0 0 18 0
HEARTBEAT [0028:C0008F4A] cpl=0 pm=1 v86=0 if=0 pic imr=A8 isr=00 irr=00 | 74 3E FF 35 F0 E9 00 C0 FB 90 8B 54 24 10 FA FF | eax=00000000 ebx=C15200E8 ecx=00000035 edx=C0FD3690 esi=C0FD3710 edi=C0FD377C esp=C0ED4E04
  IRQS raised 113447 2 0 0 0 0 18 0 | acked 113357 2 0 0 0 0 18 0
HEARTBEAT [0028:C0008E39] cpl=0 pm=1 v86=0 if=0 pic imr=A8 isr=00 irr=00 | 33 C0 E8 2D A3 FF FF 0F 84 91 00 00 00 F6 C1 20 | eax=FFFF01FF ebx=C15200E8 ecx=00000035 edx=C0FD3690 esi=C0FD3710 edi=C0FD377C esp=C0ED4E04
  IRQS raised 113592 2 0 0 0 0 18 0 | acked 113502 2 0 0 0 0 18 0
HEARTBEAT [0028:C0008E3B] cpl=0 pm=1 v86=0 if=0 pic imr=A8 isr=00 irr=00 | E8 2D A3 FF FF 0F 84 91 00 00 00 F6 C1 20 75 48 | eax=00000000 ebx=C15200E8 ecx=00000035 edx=C0FD3690 esi=C0FD3710 edi=C0FD377C esp=C0ED4E04
  IRQS raised 113738 2 0 0 0 0 18 0 | acked 113648 2 0 0 0 0 18 0
HEARTBEAT [0137:BFF7A625] cpl=3 pm=1 v86=0 if=1 pic imr=A8 isr=00 irr=00 | 8B 4D FC 89 45 F8 85 C0 89 84 8D F4 FE FF FF 74 | eax=81516968 ebx=81B8A9CC ecx=C0FD3690 edx=BFFBF9E0 esi=00000001 edi=30621587 esp=8018FB34
  IRQS raised 113884 2 0 0 0 0 18 0 | acked 113794 2 0 0 0 0 18 0
HEARTBEAT [0028:C0008F94] cpl=0 pm=1 v86=0 if=0 pic imr=A8 isr=00 irr=00 | 0F 85 43 FF FF FF F6 07 01 74 05 F6 C1 80 74 1C | eax=00000000 ebx=C15200E8 ecx=00000035 edx=C0FD3690 esi=C0FD3710 edi=C0FD377C esp=C0ED4E04
  IRQS raised 114029 2 0 0 0 0 18 0 | acked 113939 2 0 0 0 0 18 0
HEARTBEAT [0028:C0008ED7] cpl=0 pm=1 v86=0 if=0 pic imr=A8 isr=00 irr=00 | 80 7F CC 00 74 63 51 E8 DB 02 00 00 E8 89 0B 00 | eax=00000000 ebx=C15200E8 ecx=00000035 edx=C0FD3690 esi=C0FD3710 edi=C0FD377C esp=C0ED4E04
  IRQS raised 114175 2 0 0 0 0 18 0 | acked 114085 2 0 0 0 0 18 0
HEARTBEAT [0028:C0002885] cpl=0 pm=1 v86=0 if=1 pic imr=A8 isr=00 irr=00 | F6 45 2E 02 74 20 0F B7 5D 34 C1 E3 04 0F B7 75 | eax=C0FCEC54 ebx=C15200E8 ecx=C152003B edx=00000204 esi=00000000 edi=000001D7 esp=C0ED4D44
  IRQS raised 114321 2 0 0 0 0 18 0 | acked 114231 2 0 0 0 0 18 0
HEARTBEAT [0028:C0008F4A] cpl=0 pm=1 v86=0 if=0 pic imr=A8 isr=00 irr=00 | 74 3E FF 35 F0 E9 00 C0 FB 90 8B 54 24 10 FA FF | eax=00000000 ebx=C15200E8 ecx=00000035 edx=C0FD3690 esi=C0FD3710 edi=C0FD377C esp=C0ED4E04
  IRQS raised 114466 2 0 0 0 0 18 0 | acked 114376 2 0 0 0 0 18 0
HEARTBEAT [0028:C0008F9D] cpl=0 pm=1 v86=0 if=0 pic imr=A8 isr=00 irr=00 | 74 05 F6 C1 80 74 1C A1 E4 06 01 C0 66 83 3D F0 | eax=00000000 ebx=C15200E8 ecx=00000035 edx=C0FD3690 esi=C0FD3710 edi=C0FD377C esp=C0ED4E04
  IRQS raised 114612 2 0 0 0 0 18 0 | acked 114522 2 0 0 0 0 18 0
HEARTBEAT [0028:C0008EF6] cpl=0 pm=1 v86=0 if=0 pic imr=A8 isr=00 irr=00 | FA 8B 54 24 0C FF 54 24 08 0F 85 22 FF FF FF F6 | eax=00000000 ebx=C15200E8 ecx=00000035 edx=C0FD3690 esi=C0FD3710 edi=C0FD377C esp=C0ED4E04
  IRQS raised 114757 2 0 0 0 0 18 0 | acked 114667 2 0 0 0 0 18 0
HEARTBEAT [0028:C0008E39] cpl=0 pm=1 v86=0 if=0 pic imr=A8 isr=00 irr=00 | 33 C0 E8 2D A3 FF FF 0F 84 91 00 00 00 F6 C1 20 | eax=FFFF01FF ebx=C15200E8 ecx=00000035 edx=C0FD3690 esi=C0FD3710 edi=C0FD377C esp=C0ED4E04
  IRQS raised 114903 2 0 0 0 0 18 0 | acked 114813 2 0 0 0 0 18 0
HEARTBEAT [0028:C0008FC1] cpl=0 pm=1 v86=0 if=1 pic imr=A8 isr=00 irr=00 | 90 90 FA E9 2D FF FF FF 51 33 C9 41 85 C0 74 0D | eax=00000000 ebx=C15200E8 ecx=00000035 edx=C0FD3690 esi=C0FD3710 edi=C0FD377C esp=C0ED4E04
  IRQS raised 115049 2 0 0 0 0 18 0 | acked 114959 2 0 0 0 0 18 0
HEARTBEAT [0028:C0008FC1] cpl=0 pm=1 v86=0 if=1 pic imr=A8 isr=00 irr=00 | 90 90 FA E9 2D FF FF FF 51 33 C9 41 85 C0 74 0D | eax=00000000 ebx=C15200E8 ecx=00000035 edx=C0FD3690 esi=C0FD3710 edi=C0FD377C esp=C0ED4E04
  IRQS raised 115194 2 0 0 0 0 18 0 | acked 115104 2 0 0 0 0 18 0
HEARTBEAT [0028:C0008FC1] cpl=0 pm=1 v86=0 if=1 pic imr=A8 isr=00 irr=00 | 90 90 FA E9 2D FF FF FF 51 33 C9 41 85 C0 74 0D | eax=00000000 ebx=C15200E8 ecx=00000035 edx=C0FD3690 esi=C0FD3710 edi=C0FD377C esp=C0ED4E04
  IRQS raised 115340 2 0 0 0 0 18 0 | acked 115250 2 0 0 0 0 18 0
HEARTBEAT [0028:C0008ED7] cpl=0 pm=1 v86=0 if=0 pic imr=A8 isr=00 irr=00 | 80 7F CC 00 74 63 51 E8 DB 02 00 00 E8 89 0B 00 | eax=00000000 ebx=C15200E8 ecx=00000035 edx=C0FD3690 esi=C0FD3710 edi=C0FD377C esp=C0ED4E04
  IRQS raised 115486 2 0 0 0 0 18 0 | acked 115396 2 0 0 0 0 18 0
HEARTBEAT [0028:C0008F94] cpl=0 pm=1 v86=0 if=0 pic imr=A8 isr=00 irr=00 | 0F 85 43 FF FF FF F6 07 01 74 05 F6 C1 80 74 1C | eax=00000000 ebx=C15200E8 ecx=00000035 edx=C0FD3690 esi=C0FD3710 edi=C0FD377C esp=C0ED4E04
  IRQS raised 115631 2 0 0 0 0 18 0 | acked 115541 2 0 0 0 0 18 0
HEARTBEAT [0028:C0008C18] cpl=0 pm=1 v86=0 if=0 pic imr=A8 isr=00 irr=00 | 66 8B 06 48 C0 EC 07 C3 53 F6 07 04 75 34 81 7F | eax=00000000 ebx=C15200E8 ecx=00000035 edx=C0FD3690 esi=C0FD3710 edi=C0FD377C esp=C0ED4E00
  IRQS raised 115777 2 0 0 0 0 18 0 | acked 115687 2 0 0 0 0 18 0
HEARTBEAT [0028:C0008EDB] cpl=0 pm=1 v86=0 if=0 pic imr=A8 isr=00 irr=00 | 74 63 51 E8 DB 02 00 00 E8 89 0B 00 00 59 FB EB | eax=00000000 ebx=C15200E8 ecx=00000035 edx=C0FD3690 esi=C0FD3710 edi=C0FD377C esp=C0ED4E04
  IRQS raised 115923 2 0 0 0 0 18 0 | acked 115833 2 0 0 0 0 18 0
HEARTBEAT [0028:C0008FC1] cpl=0 pm=1 v86=0 if=1 pic imr=A8 isr=00 irr=00 | 90 90 FA E9 2D FF FF FF 51 33 C9 41 85 C0 74 0D | eax=00000000 ebx=C15200E8 ecx=00000035 edx=C0FD3690 esi=C0FD3710 edi=C0FD377C esp=C0ED4E04
  IRQS raised 116068 2 0 0 0 0 18 0 | acked 115978 2 0 0 0 0 18 0
HEARTBEAT [0028:C0008F94] cpl=0 pm=1 v86=0 if=0 pic imr=A8 isr=00 irr=00 | 0F 85 43 FF FF FF F6 07 01 74 05 F6 C1 80 74 1C | eax=00000000 ebx=C15200E8 ecx=00000035 edx=C0FD3690 esi=C0FD3710 edi=C0FD377C esp=C0ED4E04
  IRQS raised 116214 2 0 0 0 0 18 0 | acked 116124 2 0 0 0 0 18 0
HEARTBEAT [0028:C0008F94] cpl=0 pm=1 v86=0 if=0 pic imr=A8 isr=00 irr=00 | 0F 85 43 FF FF FF F6 07 01 74 05 F6 C1 80 74 1C | eax=00000000 ebx=C15200E8 ecx=00000035 edx=C0FD3690 esi=C0FD3710 edi=C0FD377C esp=C0ED4E04
  IRQS raised 116360 2 0 0 0 0 18 0 | acked 116270 2 0 0 0 0 18 0
HEARTBEAT [0028:C0008E2D] cpl=0 pm=1 v86=0 if=0 pic imr=A8 isr=00 irr=00 | 80 E1 7F F6 07 01 0F 84 83 00 00 00 33 C0 E8 2D | eax=FFFF01FF ebx=C15200E8 ecx=00000035 edx=C0FD3690 esi=C0FD3710 edi=C0FD377C esp=C0ED4E04
  IRQS raised 116505 2 0 0 0 0 18 0 | acked 116415 2 0 0 0 0 18 0
HEARTBEAT [0028:C0008C1B] cpl=0 pm=1 v86=0 if=0 pic imr=A8 isr=00 irr=00 | 48 C0 EC 07 C3 53 F6 07 04 75 34 81 7F 3C 00 00 | eax=00000000 ebx=C15200E8 ecx=00000035 edx=C0FD3690 esi=C0FD3710 edi=C0FD377C esp=C0ED4E00
  IRQS raised 116651 2 0 0 0 0 18 0 | acked 116561 2 0 0 0 0 18 0
HEARTBEAT [0028:C000317A] cpl=0 pm=1 v86=0 if=0 pic imr=A8 isr=00 irr=00 | 5E C3 48 5E C3 33 C0 56 33 F6 8B 6B 08 39 05 F4 | eax=00000000 ebx=C15200E8 ecx=00000035 edx=C0FD3690 esi=00000000 edi=C0FD377C esp=C0ED4DFC
  IRQS raised 116797 2 0 0 0 0 18 0 | acked 116707 2 0 0 0 0 18 0
HEARTBEAT [0028:C0008E30] cpl=0 pm=1 v86=0 if=0 pic imr=A8 isr=00 irr=00 | F6 07 01 0F 84 83 00 00 00 33 C0 E8 2D A3 FF FF | eax=FFFF01FF ebx=C15200E8 ecx=00000035 edx=C0FD3690 esi=C0FD3710 edi=C0FD377C esp=C0ED4E04
  IRQS raised 116942 2 0 0 0 0 18 0 | acked 116852 2 0 0 0 0 18 0
HEARTBEAT [0028:C0008F94] cpl=0 pm=1 v86=0 if=0 pic imr=A8 isr=00 irr=00 | 0F 85 43 FF FF FF F6 07 01 74 05 F6 C1 80 74 1C | eax=00000000 ebx=C15200E8 ecx=00000035 edx=C0FD3690 esi=C0FD3710 edi=C0FD377C esp=C0ED4E04
  IRQS raised 117088 2 0 0 0 0 18 0 | acked 116998 2 0 0 0 0 18 0
HEARTBEAT [0028:C0003178] cpl=0 pm=1 v86=0 if=0 pic imr=A8 isr=00 irr=00 | 75 0A 5E C3 48 5E C3 33 C0 56 33 F6 8B 6B 08 39 | eax=00000000 ebx=C15200E8 ecx=00000035 edx=C0FD3690 esi=00000000 edi=C0FD377C esp=C0ED4DFC
  IRQS raised 117234 2 0 0 0 0 18 0 | acked 117144 2 0 0 0 0 18 0
HEARTBEAT [0028:C0008F4A] cpl=0 pm=1 v86=0 if=0 pic imr=A8 isr=00 irr=00 | 74 3E FF 35 F0 E9 00 C0 FB 90 8B 54 24 10 FA FF | eax=00000000 ebx=C15200E8 ecx=00000035 edx=C0FD3690 esi=C0FD3710 edi=C0FD377C esp=C0ED4E04
  IRQS raised 117379 2 0 0 0 0 18 0 | acked 117289 2 0 0 0 0 18 0
HEARTBEAT [0028:C0008C1C] cpl=0 pm=1 v86=0 if=0 pic imr=A8 isr=00 irr=00 | C0 EC 07 C3 53 F6 07 04 75 34 81 7F 3C 00 00 10 | eax=FFFFFFFF ebx=C15200E8 ecx=00000035 edx=C0FD3690 esi=C0FD3710 edi=C0FD377C esp=C0ED4E00
  IRQS raised 117525 2 0 0 0 0 18 0 | acked 117435 2 0 0 0 0 18 0
HEARTBEAT [0137:BFF742BD] cpl=3 pm=1 v86=0 if=1 pic imr=A8 isr=00 irr=00 | E3 1F 33 C0 87 01 0B C0 74 CB 52 66 64 FF 05 1E | eax=81514470 ebx=8018FCA4 ecx=0001FC44 edx=0001FC64 esi=0000013F edi=30621587 esp=8018FC68
  IRQS raised 117671 2 0 0 0 0 18 0 | acked 117581 2 0 0 0 0 18 0
HEARTBEAT [0028:C0008C1F] cpl=0 pm=1 v86=0 if=0 pic imr=A8 isr=00 irr=00 | C3 53 F6 07 04 75 34 81 7F 3C 00 00 10 00 73 1D | eax=FFFF01FF ebx=C15200E8 ecx=00000035 edx=C0FD3690 esi=C0FD3710 edi=C0FD377C esp=C0ED4E00
  IRQS raised 117816 2 0 0 0 0 18 0 | acked 117726 2 0 0 0 0 18 0
HEARTBEAT [0028:C0008E39] cpl=0 pm=1 v86=0 if=0 pic imr=A8 isr=00 irr=00 | 33 C0 E8 2D A3 FF FF 0F 84 91 00 00 00 F6 C1 20 | eax=FFFF01FF ebx=C15200E8 ecx=00000035 edx=C0FD3690 esi=C0FD3710 edi=C0FD377C esp=C0ED4E04
  IRQS raised 117962 2 0 0 0 0 18 0 | acked 117872 2 0 0 0 0 18 0
HEARTBEAT [0028:C0008F4A] cpl=0 pm=1 v86=0 if=0 pic imr=A8 isr=00 irr=00 | 74 3E FF 35 F0 E9 00 C0 FB 90 8B 54 24 10 FA FF | eax=00000000 ebx=C15200E8 ecx=00000035 edx=C0FD3690 esi=C0FD3710 edi=C0FD377C esp=C0ED4E04
  IRQS raised 118107 2 0 0 0 0 18 0 | acked 118017 2 0 0 0 0 18 0
HEARTBEAT [0028:C0008F94] cpl=0 pm=1 v86=0 if=0 pic imr=A8 isr=00 irr=00 | 0F 85 43 FF FF FF F6 07 01 74 05 F6 C1 80 74 1C | eax=00000000 ebx=C15200E8 ecx=00000035 edx=C0FD3690 esi=C0FD3710 edi=C0FD377C esp=C0ED4E04
  IRQS raised 118253 2 0 0 0 0 18 0 | acked 118163 2 0 0 0 0 18 0
HEARTBEAT [0028:C000316D] cpl=0 pm=1 v86=0 if=0 pic imr=A8 isr=00 irr=00 | 56 8B F0 33 C0 3B 05 F0 E9 00 C0 75 0A 5E C3 48 | eax=00000000 ebx=C15200E8 ecx=00000035 edx=C0FD3690 esi=C0FD3710 edi=C0FD377C esp=C0ED4E00
  IRQS raised 118399 2 0 0 0 0 18 0 | acked 118309 2 0 0 0 0 18 0
HEARTBEAT [0028:C0003178] cpl=0 pm=1 v86=0 if=0 pic imr=A8 isr=00 irr=00 | 75 0A 5E C3 48 5E C3 33 C0 56 33 F6 8B 6B 08 39 | eax=00000000 ebx=C15200E8 ecx=00000035 edx=C0FD3690 esi=00000000 edi=C0FD377C esp=C0ED4DFC
  IRQS raised 118544 2 0 0 0 0 18 0 | acked 118454 2 0 0 0 0 18 0
HEARTBEAT [0028:C0003178] cpl=0 pm=1 v86=0 if=0 pic imr=A8 isr=00 irr=00 | 75 0A 5E C3 48 5E C3 33 C0 56 33 F6 8B 6B 08 39 | eax=00000000 ebx=C15200E8 ecx=00000035 edx=C0FD3690 esi=00000000 edi=C0FD377C esp=C0ED4DFC
  IRQS raised 118690 2 0 0 0 0 18 0 | acked 118600 2 0 0 0 0 18 0
HEARTBEAT [0028:C0008E27] cpl=0 pm=1 v86=0 if=0 pic imr=A8 isr=00 irr=00 | 8B 1D 1C 07 01 C0 80 E1 7F F6 07 01 0F 84 83 00 | eax=FFFF01FF ebx=C15200E8 ecx=00000035 edx=C0FD3690 esi=C0FD3710 edi=C0FD377C esp=C0ED4E04
  IRQS raised 118836 2 0 0 0 0 18 0 | acked 118746 2 0 0 0 0 18 0
HEARTBEAT [0028:C0008F94] cpl=0 pm=1 v86=0 if=0 pic imr=A8 isr=00 irr=00 | 0F 85 43 FF FF FF F6 07 01 74 05 F6 C1 80 74 1C | eax=00000000 ebx=C15200E8 ecx=00000035 edx=C0FD3690 esi=C0FD3710 edi=C0FD377C esp=C0ED4E04
  IRQS raised 118981 2 0 0 0 0 18 0 | acked 118891 2 0 0 0 0 18 0
HEARTBEAT [0028:C0008EF6] cpl=0 pm=1 v86=0 if=0 pic imr=A8 isr=00 irr=00 | FA 8B 54 24 0C FF 54 24 08 0F 85 22 FF FF FF F6 | eax=00000000 ebx=C15200E8 ecx=00000035 edx=C0FD3690 esi=C0FD3710 edi=C0FD377C esp=C0ED4E04
  IRQS raised 119127 2 0 0 0 0 18 0 | acked 119037 2 0 0 0 0 18 0
HEARTBEAT [0028:C000316D] cpl=0 pm=1 v86=0 if=0 pic imr=A8 isr=00 irr=00 | 56 8B F0 33 C0 3B 05 F0 E9 00 C0 75 0A 5E C3 48 | eax=00000000 ebx=C15200E8 ecx=00000035 edx=C0FD3690 esi=C0FD3710 edi=C0FD377C esp=C0ED4E00
  IRQS raised 119273 2 0 0 0 0 18 0 | acked 119183 2 0 0 0 0 18 0
HEARTBEAT [0028:C0008ED7] cpl=0 pm=1 v86=0 if=0 pic imr=A8 isr=00 irr=00 | 80 7F CC 00 74 63 51 E8 DB 02 00 00 E8 89 0B 00 | eax=00000000 ebx=C15200E8 ecx=00000035 edx=C0FD3690 esi=C0FD3710 edi=C0FD377C esp=C0ED4E04
  IRQS raised 119418 2 0 0 0 0 18 0 | acked 119328 2 0 0 0 0 18 0
HEARTBEAT [0028:C0008F4A] cpl=0 pm=1 v86=0 if=0 pic imr=A8 isr=00 irr=00 | 74 3E FF 35 F0 E9 00 C0 FB 90 8B 54 24 10 FA FF | eax=00000000 ebx=C15200E8 ecx=00000035 edx=C0FD3690 esi=C0FD3710 edi=C0FD377C esp=C0ED4E04
  IRQS raised 119564 2 0 0 0 0 18 0 | acked 119474 2 0 0 0 0 18 0
HEARTBEAT [0028:C0008F4A] cpl=0 pm=1 v86=0 if=0 pic imr=A8 isr=00 irr=00 | 74 3E FF 35 F0 E9 00 C0 FB 90 8B 54 24 10 FA FF | eax=00000000 ebx=C15200E8 ecx=00000035 edx=C0FD3690 esi=C0FD3710 edi=C0FD377C esp=C0ED4E04
  IRQS raised 119710 2 0 0 0 0 18 0 | acked 119620 2 0 0 0 0 18 0
HEARTBEAT [0028:C0008F94] cpl=0 pm=1 v86=0 if=0 pic imr=A8 isr=00 irr=00 | 0F 85 43 FF FF FF F6 07 01 74 05 F6 C1 80 74 1C | eax=00000000 ebx=C15200E8 ecx=00000035 edx=C0FD3690 esi=C0FD3710 edi=C0FD377C esp=C0ED4E04
  IRQS raised 119855 2 0 0 0 0 18 0 | acked 119765 2 0 0 0 0 18 0
HEARTBEAT [0028:C0008EF6] cpl=0 pm=1 v86=0 if=0 pic imr=A8 isr=00 irr=00 | FA 8B 54 24 0C FF 54 24 08 0F 85 22 FF FF FF F6 | eax=00000000 ebx=C15200E8 ecx=00000035 edx=C0FD3690 esi=C0FD3710 edi=C0FD377C esp=C0ED4E04
  IRQS raised 120001 2 0 0 0 0 18 0 | acked 119911 2 0 0 0 0 18 0
HEARTBEAT [0028:C0003172] cpl=0 pm=1 v86=0 if=0 pic imr=A8 isr=00 irr=00 | 3B 05 F0 E9 00 C0 75 0A 5E C3 48 5E C3 33 C0 56 | eax=00000000 ebx=C15200E8 ecx=00000035 edx=C0FD3690 esi=00000000 edi=C0FD377C esp=C0ED4DFC
  IRQS raised 120147 2 0 0 0 0 18 0 | acked 120057 2 0 0 0 0 18 0
HEARTBEAT [0028:C0008F94] cpl=0 pm=1 v86=0 if=0 pic imr=A8 isr=00 irr=00 | 0F 85 43 FF FF FF F6 07 01 74 05 F6 C1 80 74 1C | eax=00000000 ebx=C15200E8 ecx=00000035 edx=C0FD3690 esi=C0FD3710 edi=C0FD377C esp=C0ED4E04
  IRQS raised 120292 2 0 0 0 0 18 0 | acked 120202 2 0 0 0 0 18 0
HEARTBEAT [0028:C0008E39] cpl=0 pm=1 v86=0 if=0 pic imr=A8 isr=00 irr=00 | 33 C0 E8 2D A3 FF FF 0F 84 91 00 00 00 F6 C1 20 | eax=FFFF01FF ebx=C15200E8 ecx=00000035 edx=C0FD3690 esi=C0FD3710 edi=C0FD377C esp=C0ED4E04
  IRQS raised 120438 2 0 0 0 0 18 0 | acked 120348 2 0 0 0 0 18 0
HEARTBEAT [0028:C02404C7] cpl=0 pm=1 v86=0 if=1 pic imr=A8 isr=00 irr=00 | 8B D0 0B C0 74 19 C7 40 04 00 00 00 00 8B 00 E2 | eax=C1122DDC ebx=C15200E8 ecx=00000001 edx=C023CC4C esi=00000001 edi=C0001300 esp=C0ED4E64
  IRQS raised 120584 2 0 0 0 0 18 0 | acked 120494 2 0 0 0 0 18 0
HEARTBEAT [0028:C0003172] cpl=0 pm=1 v86=0 if=0 pic imr=A8 isr=00 irr=00 | 3B 05 F0 E9 00 C0 75 0A 5E C3 48 5E C3 33 C0 56 | eax=00000000 ebx=C15200E8 ecx=00000035 edx=C0FD3690 esi=00000000 edi=C0FD377C esp=C0ED4DFC
  IRQS raised 120729 2 0 0 0 0 18 0 | acked 120639 2 0 0 0 0 18 0
HEARTBEAT [0028:C0008E39] cpl=0 pm=1 v86=0 if=0 pic imr=A8 isr=00 irr=00 | 33 C0 E8 2D A3 FF FF 0F 84 91 00 00 00 F6 C1 20 | eax=FFFF01FF ebx=C15200E8 ecx=00000035 edx=C0FD3690 esi=C0FD3710 edi=C0FD377C esp=C0ED4E04
  IRQS raised 120875 2 0 0 0 0 18 0 | acked 120785 2 0 0 0 0 18 0
HEARTBEAT [0028:C0003B1D] cpl=0 pm=1 v86=0 if=0 pic imr=A8 isr=00 irr=00 | 2B 7E 08 7D 07 F7 DF 89 7E 08 EB C2 FB 8B 3D A8 | eax=00000000 ebx=C15200E8 ecx=00000002 edx=C000EA20 esi=C0FCE97C edi=0000000D esp=C0ED4DC4
  IRQS raised 121021 2 0 0 0 0 18 0 | acked 120931 2 0 0 0 0 18 0
HEARTBEAT [0028:C0008E39] cpl=0 pm=1 v86=0 if=0 pic imr=A8 isr=00 irr=00 | 33 C0 E8 2D A3 FF FF 0F 84 91 00 00 00 F6 C1 20 | eax=FFFF01FF ebx=C15200E8 ecx=00000035 edx=C0FD3690 esi=C0FD3710 edi=C0FD377C esp=C0ED4E04
  IRQS raised 121166 2 0 0 0 0 18 0 | acked 121076 2 0 0 0 0 18 0
HEARTBEAT [0028:C0008E40] cpl=0 pm=1 v86=0 if=0 pic imr=A8 isr=00 irr=00 | 0F 84 91 00 00 00 F6 C1 20 75 48 F6 40 08 02 74 | eax=00000000 ebx=C15200E8 ecx=00000035 edx=C0FD3690 esi=C0FD3710 edi=C0FD377C esp=C0ED4E04
  IRQS raised 121312 2 0 0 0 0 18 0 | acked 121222 2 0 0 0 0 18 0
HEARTBEAT [0028:C0008EFB] cpl=0 pm=1 v86=0 if=0 pic imr=A8 isr=00 irr=00 | FF 54 24 08 0F 85 22 FF FF FF F6 47 01 10 74 1C | eax=00000000 ebx=C15200E8 ecx=00000035 edx=C0FD3690 esi=C0FD3710 edi=C0FD377C esp=C0ED4E04
  IRQS raised 121457 2 0 0 0 0 18 0 | acked 121367 2 0 0 0 0 18 0
HEARTBEAT [0028:C0008EF7] cpl=0 pm=1 v86=0 if=0 pic imr=A8 isr=00 irr=00 | 8B 54 24 0C FF 54 24 08 0F 85 22 FF FF FF F6 47 | eax=00000000 ebx=C15200E8 ecx=00000035 edx=C0FD3690 esi=C0FD3710 edi=C0FD377C esp=C0ED4E04
  IRQS raised 121603 2 0 0 0 0 18 0 | acked 121513 2 0 0 0 0 18 0
HEARTBEAT [0028:C0008E27] cpl=0 pm=1 v86=0 if=0 pic imr=A8 isr=00 irr=00 | 8B 1D 1C 07 01 C0 80 E1 7F F6 07 01 0F 84 83 00 | eax=FFFF01FF ebx=C15200E8 ecx=00000035 edx=C0FD3690 esi=C0FD3710 edi=C0FD377C esp=C0ED4E04
  IRQS raised 121749 2 0 0 0 0 18 0 | acked 121659 2 0 0 0 0 18 0
HEARTBEAT [0028:C000317B] cpl=0 pm=1 v86=0 if=0 pic imr=A8 isr=00 irr=00 | C3 48 5E C3 33 C0 56 33 F6 8B 6B 08 39 05 F4 E9 | eax=00000000 ebx=C15200E8 ecx=00000035 edx=C0FD3690 esi=C0FD3710 edi=C0FD377C esp=C0ED4E00
  IRQS raised 121894 2 0 0 0 0 18 0 | acked 121804 2 0 0 0 0 18 0
HEARTBEAT [0028:C0008C18] cpl=0 pm=1 v86=0 if=0 pic imr=A8 isr=00 irr=00 | 66 8B 06 48 C0 EC 07 C3 53 F6 07 04 75 34 81 7F | eax=00000000 ebx=C15200E8 ecx=00000035 edx=C0FD3690 esi=C0FD3710 edi=C0FD377C esp=C0ED4E00
  IRQS raised 122040 2 0 0 0 0 18 0 | acked 121950 2 0 0 0 0 18 0
HEARTBEAT [0028:C0008EFB] cpl=0 pm=1 v86=0 if=0 pic imr=A8 isr=00 irr=00 | FF 54 24 08 0F 85 22 FF FF FF F6 47 01 10 74 1C | eax=00000000 ebx=C15200E8 ecx=00000035 edx=C0FD3690 esi=C0FD3710 edi=C0FD377C esp=C0ED4E04
  IRQS raised 122186 2 0 0 0 0 18 0 | acked 122096 2 0 0 0 0 18 0
HEARTBEAT [0028:C0008E2D] cpl=0 pm=1 v86=0 if=0 pic imr=A8 isr=00 irr=00 | 80 E1 7F F6 07 01 0F 84 83 00 00 00 33 C0 E8 2D | eax=FFFF01FF ebx=C15200E8 ecx=00000035 edx=C0FD3690 esi=C0FD3710 edi=C0FD377C esp=C0ED4E04
  IRQS raised 122331 2 0 0 0 0 18 0 | acked 122241 2 0 0 0 0 18 0
HEARTBEAT [0028:C0008E2D] cpl=0 pm=1 v86=0 if=0 pic imr=A8 isr=00 irr=00 | 80 E1 7F F6 07 01 0F 84 83 00 00 00 33 C0 E8 2D | eax=FFFF01FF ebx=C15200E8 ecx=00000035 edx=C0FD3690 esi=C0FD3710 edi=C0FD377C esp=C0ED4E04
  IRQS raised 122477 2 0 0 0 0 18 0 | acked 122387 2 0 0 0 0 18 0
HEARTBEAT [0028:C0008EF6] cpl=0 pm=1 v86=0 if=0 pic imr=A8 isr=00 irr=00 | FA 8B 54 24 0C FF 54 24 08 0F 85 22 FF FF FF F6 | eax=00000000 ebx=C15200E8 ecx=00000035 edx=C0FD3690 esi=C0FD3710 edi=C0FD377C esp=C0ED4E04
  IRQS raised 122623 2 0 0 0 0 18 0 | acked 122533 2 0 0 0 0 18 0
HEARTBEAT [0028:C000316D] cpl=0 pm=1 v86=0 if=0 pic imr=A8 isr=00 irr=00 | 56 8B F0 33 C0 3B 05 F0 E9 00 C0 75 0A 5E C3 48 | eax=00000000 ebx=C15200E8 ecx=00000035 edx=C0FD3690 esi=C0FD3710 edi=C0FD377C esp=C0ED4E00
  IRQS raised 122768 2 0 0 0 0 18 0 | acked 122678 2 0 0 0 0 18 0
HEARTBEAT [0028:C000316D] cpl=0 pm=1 v86=0 if=0 pic imr=A8 isr=00 irr=00 | 56 8B F0 33 C0 3B 05 F0 E9 00 C0 75 0A 5E C3 48 | eax=00000000 ebx=C15200E8 ecx=00000035 edx=C0FD3690 esi=C0FD3710 edi=C0FD377C esp=C0ED4E00
  IRQS raised 122914 2 0 0 0 0 18 0 | acked 122824 2 0 0 0 0 18 0
HEARTBEAT [0028:C0008F9A] cpl=0 pm=1 v86=0 if=0 pic imr=A8 isr=00 irr=00 | F6 07 01 74 05 F6 C1 80 74 1C A1 E4 06 01 C0 66 | eax=00000000 ebx=C15200E8 ecx=00000035 edx=C0FD3690 esi=C0FD3710 edi=C0FD377C esp=C0ED4E04
  IRQS raised 123060 2 0 0 0 0 18 0 | acked 122970 2 0 0 0 0 18 0
HEARTBEAT [0028:C0008F4A] cpl=0 pm=1 v86=0 if=0 pic imr=A8 isr=00 irr=00 | 74 3E FF 35 F0 E9 00 C0 FB 90 8B 54 24 10 FA FF | eax=00000000 ebx=C15200E8 ecx=00000035 edx=C0FD3690 esi=C0FD3710 edi=C0FD377C esp=C0ED4E04
  IRQS raised 123205 2 0 0 0 0 18 0 | acked 123115 2 0 0 0 0 18 0
HEARTBEAT [0028:C0003172] cpl=0 pm=1 v86=0 if=0 pic imr=A8 isr=00 irr=00 | 3B 05 F0 E9 00 C0 75 0A 5E C3 48 5E C3 33 C0 56 | eax=00000000 ebx=C15200E8 ecx=00000035 edx=C0FD3690 esi=00000000 edi=C0FD377C esp=C0ED4DFC
  IRQS raised 123351 2 0 0 0 0 18 0 | acked 123261 2 0 0 0 0 18 0
HEARTBEAT [0028:C0008E40] cpl=0 pm=1 v86=0 if=0 pic imr=A8 isr=00 irr=00 | 0F 84 91 00 00 00 F6 C1 20 75 48 F6 40 08 02 74 | eax=00000000 ebx=C15200E8 ecx=00000035 edx=C0FD3690 esi=C0FD3710 edi=C0FD377C esp=C0ED4E04
  IRQS raised 123497 2 0 0 0 0 18 0 | acked 123407 2 0 0 0 0 18 0
HEARTBEAT [0028:C0008F94] cpl=0 pm=1 v86=0 if=0 pic imr=A8 isr=00 irr=00 | 0F 85 43 FF FF FF F6 07 01 74 05 F6 C1 80 74 1C | eax=00000000 ebx=C15200E8 ecx=00000035 edx=C0FD3690 esi=C0FD3710 edi=C0FD377C esp=C0ED4E04
  IRQS raised 123642 2 0 0 0 0 18 0 | acked 123552 2 0 0 0 0 18 0
HEARTBEAT [0028:C0008F4A] cpl=0 pm=1 v86=0 if=0 pic imr=A8 isr=00 irr=00 | 74 3E FF 35 F0 E9 00 C0 FB 90 8B 54 24 10 FA FF | eax=00000000 ebx=C15200E8 ecx=00000035 edx=C0FD3690 esi=C0FD3710 edi=C0FD377C esp=C0ED4E04
  IRQS raised 123788 2 0 0 0 0 18 0 | acked 123698 2 0 0 0 0 18 0
HEARTBEAT [0028:C0008E27] cpl=0 pm=1 v86=0 if=0 pic imr=A8 isr=00 irr=00 | 8B 1D 1C 07 01 C0 80 E1 7F F6 07 01 0F 84 83 00 | eax=FFFF01FF ebx=C15200E8 ecx=00000035 edx=C0FD3690 esi=C0FD3710 edi=C0FD377C esp=C0ED4E04
  IRQS raised 123934 2 0 0 0 0 18 0 | acked 123844 2 0 0 0 0 18 0
HEARTBEAT [0028:C0008F40] cpl=0 pm=1 v86=0 if=0 pic imr=A8 isr=00 irr=00 | 81 3D 9C 0C 01 C0 98 0C 01 C0 74 3E FF 35 F0 E9 | eax=00000000 ebx=C15200E8 ecx=00000035 edx=C0FD3690 esi=C0FD3710 edi=C0FD377C esp=C0ED4E04
  IRQS raised 124079 2 0 0 0 0 18 0 | acked 123989 2 0 0 0 0 18 0
HEARTBEAT [0028:C0008ED7] cpl=0 pm=1 v86=0 if=0 pic imr=A8 isr=00 irr=00 | 80 7F CC 00 74 63 51 E8 DB 02 00 00 E8 89 0B 00 | eax=00000000 ebx=C15200E8 ecx=00000035 edx=C0FD3690 esi=C0FD3710 edi=C0FD377C esp=C0ED4E04
  IRQS raised 124225 2 0 0 0 0 18 0 | acked 124135 2 0 0 0 0 18 0
HEARTBEAT [0117:00005F22] cpl=3 pm=1 v86=0 if=1 pic imr=A8 isr=00 irr=00 | 1E E8 2D 02 FE 0E 08 00 2E 8E 06 02 00 8C DF 26 | eax=C0FD15A6 ebx=0747122A ecx=000015A6 edx=81510000 esi=00000001 edi=00000000 esp=80183064
  IRQS raised 124371 2 0 0 0 0 18 0 | acked 124281 2 0 0 0 0 18 0
HEARTBEAT [0028:C0003172] cpl=0 pm=1 v86=0 if=0 pic imr=A8 isr=00 irr=00 | 3B 05 F0 E9 00 C0 75 0A 5E C3 48 5E C3 33 C0 56 | eax=00000000 ebx=C15200E8 ecx=00000035 edx=C0FD3690 esi=00000000 edi=C0FD377C esp=C0ED4DFC
  IRQS raised 124516 2 0 0 0 0 18 0 | acked 124426 2 0 0 0 0 18 0
HEARTBEAT [0028:C0008F9D] cpl=0 pm=1 v86=0 if=0 pic imr=A8 isr=00 irr=00 | 74 05 F6 C1 80 74 1C A1 E4 06 01 C0 66 83 3D F0 | eax=00000000 ebx=C15200E8 ecx=00000035 edx=C0FD3690 esi=C0FD3710 edi=C0FD377C esp=C0ED4E04
  IRQS raised 124662 2 0 0 0 0 18 0 | acked 124572 2 0 0 0 0 18 0
HEARTBEAT [0028:C0008FC0] cpl=0 pm=1 v86=0 if=0 pic imr=A8 isr=00 irr=00 | FB 90 90 FA E9 2D FF FF FF 51 33 C9 41 85 C0 74 | eax=00000000 ebx=C15200E8 ecx=00000035 edx=C0FD3690 esi=C0FD3710 edi=C0FD377C esp=C0ED4E04
  IRQS raised 124807 2 0 0 0 0 18 0 | acked 124717 2 0 0 0 0 18 0
HEARTBEAT [0028:C0008F4A] cpl=0 pm=1 v86=0 if=0 pic imr=A8 isr=00 irr=00 | 74 3E FF 35 F0 E9 00 C0 FB 90 8B 54 24 10 FA FF | eax=00000000 ebx=C15200E8 ecx=00000035 edx=C0FD3690 esi=C0FD3710 edi=C0FD377C esp=C0ED4E04
  IRQS raised 124953 2 0 0 0 0 18 0 | acked 124863 2 0 0 0 0 18 0
HEARTBEAT [0028:C0008C18] cpl=0 pm=1 v86=0 if=0 pic imr=A8 isr=00 irr=00 | 66 8B 06 48 C0 EC 07 C3 53 F6 07 04 75 34 81 7F | eax=00000000 ebx=C15200E8 ecx=00000035 edx=C0FD3690 esi=C0FD3710 edi=C0FD377C esp=C0ED4E00
  IRQS raised 125099 2 0 0 0 0 18 0 | acked 125009 2 0 0 0 0 18 0
HEARTBEAT [0028:C0008C18] cpl=0 pm=1 v86=0 if=0 pic imr=A8 isr=00 irr=00 | 66 8B 06 48 C0 EC 07 C3 53 F6 07 04 75 34 81 7F | eax=00000000 ebx=C15200E8 ecx=00000035 edx=C0FD3690 esi=C0FD3710 edi=C0FD377C esp=C0ED4E00
  IRQS raised 125244 2 0 0 0 0 18 0 | acked 125154 2 0 0 0 0 18 0
HEARTBEAT [0028:C0008F94] cpl=0 pm=1 v86=0 if=0 pic imr=A8 isr=00 irr=00 | 0F 85 43 FF FF FF F6 07 01 74 05 F6 C1 80 74 1C | eax=00000000 ebx=C15200E8 ecx=00000035 edx=C0FD3690 esi=C0FD3710 edi=C0FD377C esp=C0ED4E04
  IRQS raised 125390 2 0 0 0 0 18 0 | acked 125300 2 0 0 0 0 18 0
HEARTBEAT [0028:C0008F4A] cpl=0 pm=1 v86=0 if=0 pic imr=A8 isr=00 irr=00 | 74 3E FF 35 F0 E9 00 C0 FB 90 8B 54 24 10 FA FF | eax=00000000 ebx=C15200E8 ecx=00000035 edx=C0FD3690 esi=C0FD3710 edi=C0FD377C esp=C0ED4E04
  IRQS raised 125536 2 0 0 0 0 18 0 | acked 125446 2 0 0 0 0 18 0
HEARTBEAT [0028:C0008E27] cpl=0 pm=1 v86=0 if=0 pic imr=A8 isr=00 irr=00 | 8B 1D 1C 07 01 C0 80 E1 7F F6 07 01 0F 84 83 00 | eax=FFFF01FF ebx=C15200E8 ecx=00000035 edx=C0FD3690 esi=C0FD3710 edi=C0FD377C esp=C0ED4E04
  IRQS raised 125681 2 0 0 0 0 18 0 | acked 125591 2 0 0 0 0 18 0
HEARTBEAT [0028:C0008ED7] cpl=0 pm=1 v86=0 if=0 pic imr=A8 isr=00 irr=00 | 80 7F CC 00 74 63 51 E8 DB 02 00 00 E8 89 0B 00 | eax=00000000 ebx=C15200E8 ecx=00000035 edx=C0FD3690 esi=C0FD3710 edi=C0FD377C esp=C0ED4E04
  IRQS raised 125827 2 0 0 0 0 18 0 | acked 125737 2 0 0 0 0 18 0
HEARTBEAT [0028:C0008E27] cpl=0 pm=1 v86=0 if=0 pic imr=A8 isr=00 irr=00 | 8B 1D 1C 07 01 C0 80 E1 7F F6 07 01 0F 84 83 00 | eax=FFFF01FF ebx=C15200E8 ecx=00000035 edx=C0FD3690 esi=C0FD3710 edi=C0FD377C esp=C0ED4E04
  IRQS raised 125973 2 0 0 0 0 18 0 | acked 125883 2 0 0 0 0 18 0
HEARTBEAT [0028:C0008C18] cpl=0 pm=1 v86=0 if=0 pic imr=A8 isr=00 irr=00 | 66 8B 06 48 C0 EC 07 C3 53 F6 07 04 75 34 81 7F | eax=00000000 ebx=C15200E8 ecx=00000035 edx=C0FD3690 esi=C0FD3710 edi=C0FD377C esp=C0ED4E00
  IRQS raised 126118 2 0 0 0 0 18 0 | acked 126028 2 0 0 0 0 18 0
HEARTBEAT [0028:C0008ED7] cpl=0 pm=1 v86=0 if=0 pic imr=A8 isr=00 irr=00 | 80 7F CC 00 74 63 51 E8 DB 02 00 00 E8 89 0B 00 | eax=00000000 ebx=C15200E8 ecx=00000035 edx=C0FD3690 esi=C0FD3710 edi=C0FD377C esp=C0ED4E04
  IRQS raised 126264 2 0 0 0 0 18 0 | acked 126174 2 0 0 0 0 18 0
HEARTBEAT [0028:C0008F4A] cpl=0 pm=1 v86=0 if=0 pic imr=A8 isr=00 irr=00 | 74 3E FF 35 F0 E9 00 C0 FB 90 8B 54 24 10 FA FF | eax=00000000 ebx=C15200E8 ecx=00000035 edx=C0FD3690 esi=C0FD3710 edi=C0FD377C esp=C0ED4E04
  IRQS raised 126410 2 0 0 0 0 18 0 | acked 126320 2 0 0 0 0 18 0
HEARTBEAT [0028:C000317A] cpl=0 pm=1 v86=0 if=0 pic imr=A8 isr=00 irr=00 | 5E C3 48 5E C3 33 C0 56 33 F6 8B 6B 08 39 05 F4 | eax=00000000 ebx=C15200E8 ecx=00000035 edx=C0FD3690 esi=00000000 edi=C0FD377C esp=C0ED4DFC
  IRQS raised 126555 2 0 0 0 0 18 0 | acked 126465 2 0 0 0 0 18 0
HEARTBEAT [0028:C0008E27] cpl=0 pm=1 v86=0 if=0 pic imr=A8 isr=00 irr=00 | 8B 1D 1C 07 01 C0 80 E1 7F F6 07 01 0F 84 83 00 | eax=FFFF01FF ebx=C15200E8 ecx=00000035 edx=C0FD3690 esi=C0FD3710 edi=C0FD377C esp=C0ED4E04
  IRQS raised 126701 2 0 0 0 0 18 0 | acked 126611 2 0 0 0 0 18 0
HEARTBEAT [0028:C0008FC0] cpl=0 pm=1 v86=0 if=0 pic imr=A8 isr=00 irr=00 | FB 90 90 FA E9 2D FF FF FF 51 33 C9 41 85 C0 74 | eax=00000000 ebx=C15200E8 ecx=00000035 edx=C0FD3690 esi=C0FD3710 edi=C0FD377C esp=C0ED4E04
  IRQS raised 126847 2 0 0 0 0 18 0 | acked 126757 2 0 0 0 0 18 0
HEARTBEAT [0028:C0003178] cpl=0 pm=1 v86=0 if=0 pic imr=A8 isr=00 irr=00 | 75 0A 5E C3 48 5E C3 33 C0 56 33 F6 8B 6B 08 39 | eax=00000000 ebx=C15200E8 ecx=00000035 edx=C0FD3690 esi=00000000 edi=C0FD377C esp=C0ED4DFC
  IRQS raised 126992 2 0 0 0 0 18 0 | acked 126902 2 0 0 0 0 18 0
HEARTBEAT [0028:C0008EDB] cpl=0 pm=1 v86=0 if=0 pic imr=A8 isr=00 irr=00 | 74 63 51 E8 DB 02 00 00 E8 89 0B 00 00 59 FB EB | eax=00000000 ebx=C15200E8 ecx=00000035 edx=C0FD3690 esi=C0FD3710 edi=C0FD377C esp=C0ED4E04
  IRQS raised 127138 2 0 0 0 0 18 0 | acked 127048 2 0 0 0 0 18 0
HEARTBEAT [0028:C003A62B] cpl=0 pm=1 v86=0 if=1 pic imr=A8 isr=00 irr=00 | 3B 05 E8 A9 03 C0 74 0C 3B 3D E8 A9 03 C0 75 0D | eax=C0FD377C ebx=0001FB4C ecx=C0FCE774 edx=C0FD3550 esi=C0FD3690 edi=C0FD2DD8 esp=C0ED2E00
  IRQS raised 127284 2 0 0 0 0 18 0 | acked 127194 2 0 0 0 0 18 0
HEARTBEAT [0028:C0008FC1] cpl=0 pm=1 v86=0 if=1 pic imr=A8 isr=00 irr=00 | 90 90 FA E9 2D FF FF FF 51 33 C9 41 85 C0 74 0D | eax=00000000 ebx=C15200E8 ecx=00000035 edx=C0FD3690 esi=C0FD3710 edi=C0FD377C esp=C0ED4E04
  IRQS raised 127429 2 0 0 0 0 18 0 | acked 127339 2 0 0 0 0 18 0
HEARTBEAT [0028:C0008C18] cpl=0 pm=1 v86=0 if=0 pic imr=A8 isr=00 irr=00 | 66 8B 06 48 C0 EC 07 C3 53 F6 07 04 75 34 81 7F | eax=00000000 ebx=C15200E8 ecx=00000035 edx=C0FD3690 esi=C0FD3710 edi=C0FD377C esp=C0ED4E00
  IRQS raised 127575 2 0 0 0 0 18 0 | acked 127485 2 0 0 0 0 18 0
HEARTBEAT [0028:C0003911] cpl=0 pm=1 v86=0 if=0 pic imr=A8 isr=00 irr=00 | 03 C7 89 46 08 8B D6 87 51 04 89 32 89 56 04 89 | eax=FFFFFF8E ebx=00000018 ecx=C0FCE668 edx=00000000 esi=C0FCE458 edi=00000088 esp=C0ED4DA8
  IRQS raised 127721 2 0 0 0 0 18 0 | acked 127631 2 0 0 0 0 18 0
HEARTBEAT [0028:C0008F9D] cpl=0 pm=1 v86=0 if=0 pic imr=A8 isr=00 irr=00 | 74 05 F6 C1 80 74 1C A1 E4 06 01 C0 66 83 3D F0 | eax=00000000 ebx=C15200E8 ecx=00000035 edx=C0FD3690 esi=C0FD3710 edi=C0FD377C esp=C0ED4E04
  IRQS raised 127866 2 0 0 0 0 18 0 | acked 127776 2 0 0 0 0 18 0
HEARTBEAT [0028:C0008F4A] cpl=0 pm=1 v86=0 if=0 pic imr=A8 isr=00 irr=00 | 74 3E FF 35 F0 E9 00 C0 FB 90 8B 54 24 10 FA FF | eax=00000000 ebx=C15200E8 ecx=00000035 edx=C0FD3690 esi=C0FD3710 edi=C0FD377C esp=C0ED4E04
  IRQS raised 128012 2 0 0 0 0 18 0 | acked 127922 2 0 0 0 0 18 0
HEARTBEAT [0028:C0008E27] cpl=0 pm=1 v86=0 if=0 pic imr=A8 isr=00 irr=00 | 8B 1D 1C 07 01 C0 80 E1 7F F6 07 01 0F 84 83 00 | eax=FFFF01FF ebx=C15200E8 ecx=00000035 edx=C0FD3690 esi=C0FD3710 edi=C0FD377C esp=C0ED4E04
  IRQS raised 128157 2 0 0 0 0 18 0 | acked 128067 2 0 0 0 0 18 0
HEARTBEAT [0028:C000316D] cpl=0 pm=1 v86=0 if=0 pic imr=A8 isr=00 irr=00 | 56 8B F0 33 C0 3B 05 F0 E9 00 C0 75 0A 5E C3 48 | eax=00000000 ebx=C15200E8 ecx=00000035 edx=C0FD3690 esi=C0FD3710 edi=C0FD377C esp=C0ED4E00
  IRQS raised 128303 2 0 0 0 0 18 0 | acked 128213 2 0 0 0 0 18 0
HEARTBEAT [0028:C0008ED7] cpl=0 pm=1 v86=0 if=0 pic imr=A8 isr=00 irr=00 | 80 7F CC 00 74 63 51 E8 DB 02 00 00 E8 89 0B 00 | eax=00000000 ebx=C15200E8 ecx=00000035 edx=C0FD3690 esi=C0FD3710 edi=C0FD377C esp=C0ED4E04
  IRQS raised 128449 2 0 0 0 0 18 0 | acked 128359 2 0 0 0 0 18 0
HEARTBEAT [0028:C0008F9F] cpl=0 pm=1 v86=0 if=0 pic imr=A8 isr=00 irr=00 | F6 C1 80 74 1C A1 E4 06 01 C0 66 83 3D F0 E9 00 | eax=00000000 ebx=C15200E8 ecx=00000035 edx=C0FD3690 esi=C0FD3710 edi=C0FD377C esp=C0ED4E04
  IRQS raised 128594 2 0 0 0 0 18 0 | acked 128504 2 0 0 0 0 18 0
HEARTBEAT [0028:C0008E40] cpl=0 pm=1 v86=0 if=0 pic imr=A8 isr=00 irr=00 | 0F 84 91 00 00 00 F6 C1 20 75 48 F6 40 08 02 74 | eax=00000000 ebx=C15200E8 ecx=00000035 edx=C0FD3690 esi=C0FD3710 edi=C0FD377C esp=C0ED4E04
  IRQS raised 128740 2 0 0 0 0 18 0 | acked 128650 2 0 0 0 0 18 0
HEARTBEAT [0028:C0008F9F] cpl=0 pm=1 v86=0 if=0 pic imr=A8 isr=00 irr=00 | F6 C1 80 74 1C A1 E4 06 01 C0 66 83 3D F0 E9 00 | eax=00000000 ebx=C15200E8 ecx=00000035 edx=C0FD3690 esi=C0FD3710 edi=C0FD377C esp=C0ED4E04
  IRQS raised 128886 2 0 0 0 0 18 0 | acked 128796 2 0 0 0 0 18 0
HEARTBEAT [0028:C0008E2D] cpl=0 pm=1 v86=0 if=0 pic imr=A8 isr=00 irr=00 | 80 E1 7F F6 07 01 0F 84 83 00 00 00 33 C0 E8 2D | eax=FFFF01FF ebx=C15200E8 ecx=00000035 edx=C0FD3690 esi=C0FD3710 edi=C0FD377C esp=C0ED4E04
  IRQS raised 129031 2 0 0 0 0 18 0 | acked 128941 2 0 0 0 0 18 0
HEARTBEAT [0028:C0008E2D] cpl=0 pm=1 v86=0 if=0 pic imr=A8 isr=00 irr=00 | 80 E1 7F F6 07 01 0F 84 83 00 00 00 33 C0 E8 2D | eax=FFFF01FF ebx=C15200E8 ecx=00000035 edx=C0FD3690 esi=C0FD3710 edi=C0FD377C esp=C0ED4E04
  IRQS raised 129177 2 0 0 0 0 18 0 | acked 129087 2 0 0 0 0 18 0
HEARTBEAT [0028:C0003172] cpl=0 pm=1 v86=0 if=0 pic imr=A8 isr=00 irr=00 | 3B 05 F0 E9 00 C0 75 0A 5E C3 48 5E C3 33 C0 56 | eax=00000000 ebx=C15200E8 ecx=00000035 edx=C0FD3690 esi=00000000 edi=C0FD377C esp=C0ED4DFC
  IRQS raised 129323 2 0 0 0 0 18 0 | acked 129233 2 0 0 0 0 18 0
HEARTBEAT [0028:C0003178] cpl=0 pm=1 v86=0 if=0 pic imr=A8 isr=00 irr=00 | 75 0A 5E C3 48 5E C3 33 C0 56 33 F6 8B 6B 08 39 | eax=00000000 ebx=C15200E8 ecx=00000035 edx=C0FD3690 esi=00000000 edi=C0FD377C esp=C0ED4DFC
  IRQS raised 129468 2 0 0 0 0 18 0 | acked 129378 2 0 0 0 0 18 0
HEARTBEAT [0028:C0008FC1] cpl=0 pm=1 v86=0 if=1 pic imr=A8 isr=00 irr=00 | 90 90 FA E9 2D FF FF FF 51 33 C9 41 85 C0 74 0D | eax=00000000 ebx=C15200E8 ecx=00000035 edx=C0FD3690 esi=C0FD3710 edi=C0FD377C esp=C0ED4E04
  IRQS raised 129614 2 0 0 0 0 18 0 | acked 129524 2 0 0 0 0 18 0
HEARTBEAT [0028:C000316E] cpl=0 pm=1 v86=0 if=0 pic imr=A8 isr=00 irr=00 | 8B F0 33 C0 3B 05 F0 E9 00 C0 75 0A 5E C3 48 5E | eax=00000000 ebx=C15200E8 ecx=00000035 edx=C0FD3690 esi=C0FD3710 edi=C0FD377C esp=C0ED4DFC
  IRQS raised 129760 2 0 0 0 0 18 0 | acked 129670 2 0 0 0 0 18 0
HEARTBEAT [0028:C0008C18] cpl=0 pm=1 v86=0 if=0 pic imr=A8 isr=00 irr=00 | 66 8B 06 48 C0 EC 07 C3 53 F6 07 04 75 34 81 7F | eax=00000000 ebx=C15200E8 ecx=00000035 edx=C0FD3690 esi=C0FD3710 edi=C0FD377C esp=C0ED4E00
  IRQS raised 129905 2 0 0 0 0 18 0 | acked 129815 2 0 0 0 0 18 0
HEARTBEAT [0028:C0008F4A] cpl=0 pm=1 v86=0 if=0 pic imr=A8 isr=00 irr=00 | 74 3E FF 35 F0 E9 00 C0 FB 90 8B 54 24 10 FA FF | eax=00000000 ebx=C15200E8 ecx=00000035 edx=C0FD3690 esi=C0FD3710 edi=C0FD377C esp=C0ED4E04
  IRQS raised 130051 2 0 0 0 0 18 0 | acked 129961 2 0 0 0 0 18 0
HEARTBEAT [0028:C0008EF6] cpl=0 pm=1 v86=0 if=0 pic imr=A8 isr=00 irr=00 | FA 8B 54 24 0C FF 54 24 08 0F 85 22 FF FF FF F6 | eax=00000000 ebx=C15200E8 ecx=00000035 edx=C0FD3690 esi=C0FD3710 edi=C0FD377C esp=C0ED4E04
  IRQS raised 130197 2 0 0 0 0 18 0 | acked 130107 2 0 0 0 0 18 0
HEARTBEAT [0028:C0008F94] cpl=0 pm=1 v86=0 if=0 pic imr=A8 isr=00 irr=00 | 0F 85 43 FF FF FF F6 07 01 74 05 F6 C1 80 74 1C | eax=00000000 ebx=C15200E8 ecx=00000035 edx=C0FD3690 esi=C0FD3710 edi=C0FD377C esp=C0ED4E04
  IRQS raised 130342 2 0 0 0 0 18 0 | acked 130252 2 0 0 0 0 18 0
HEARTBEAT [0028:C0008EF6] cpl=0 pm=1 v86=0 if=0 pic imr=A8 isr=00 irr=00 | FA 8B 54 24 0C FF 54 24 08 0F 85 22 FF FF FF F6 | eax=00000000 ebx=C15200E8 ecx=00000035 edx=C0FD3690 esi=C0FD3710 edi=C0FD377C esp=C0ED4E04
  IRQS raised 130488 2 0 0 0 0 18 0 | acked 130398 2 0 0 0 0 18 0
HEARTBEAT [0028:C0008F4A] cpl=0 pm=1 v86=0 if=0 pic imr=A8 isr=00 irr=00 | 74 3E FF 35 F0 E9 00 C0 FB 90 8B 54 24 10 FA FF | eax=00000000 ebx=C15200E8 ecx=00000035 edx=C0FD3690 esi=C0FD3710 edi=C0FD377C esp=C0ED4E04
  IRQS raised 130634 2 0 0 0 0 18 0 | acked 130544 2 0 0 0 0 18 0
HEARTBEAT [0028:C0008E3B] cpl=0 pm=1 v86=0 if=0 pic imr=A8 isr=00 irr=00 | E8 2D A3 FF FF 0F 84 91 00 00 00 F6 C1 20 75 48 | eax=00000000 ebx=C15200E8 ecx=00000035 edx=C0FD3690 esi=C0FD3710 edi=C0FD377C esp=C0ED4E04
  IRQS raised 130779 2 0 0 0 0 18 0 | acked 130689 2 0 0 0 0 18 0
HEARTBEAT [0028:C0008EFB] cpl=0 pm=1 v86=0 if=0 pic imr=A8 isr=00 irr=00 | FF 54 24 08 0F 85 22 FF FF FF F6 47 01 10 74 1C | eax=00000000 ebx=C15200E8 ecx=00000035 edx=C0FD3690 esi=C0FD3710 edi=C0FD377C esp=C0ED4E04
  IRQS raised 130925 2 0 0 0 0 18 0 | acked 130835 2 0 0 0 0 18 0
HEARTBEAT [0028:C0035214] cpl=0 pm=1 v86=0 if=0 pic imr=A8 isr=00 irr=00 | F7 D8 03 06 C3 33 C0 EB F1 83 F8 02 77 05 E9 11 | eax=FFFFFED5 ebx=C15200E8 ecx=C000EA20 edx=C003F430 esi=C00355D4 edi=C001E278 esp=C0ED4D5C
  IRQS raised 131071 2 0 0 0 0 18 0 | acked 130981 2 0 0 0 0 18 0
HEARTBEAT [0028:C0008C1F] cpl=0 pm=1 v86=0 if=0 pic imr=A8 isr=00 irr=00 | C3 53 F6 07 04 75 34 81 7F 3C 00 00 10 00 73 1D | eax=FFFF01FF ebx=C15200E8 ecx=00000035 edx=C0FD3690 esi=C0FD3710 edi=C0FD377C esp=C0ED4E00
  IRQS raised 131216 2 0 0 0 0 18 0 | acked 131126 2 0 0 0 0 18 0
HEARTBEAT [0028:C0008E2D] cpl=0 pm=1 v86=0 if=0 pic imr=A8 isr=00 irr=00 | 80 E1 7F F6 07 01 0F 84 83 00 00 00 33 C0 E8 2D | eax=FFFF01FF ebx=C15200E8 ecx=00000035 edx=C0FD3690 esi=C0FD3710 edi=C0FD377C esp=C0ED4E04
  IRQS raised 131362 2 0 0 0 0 18 0 | acked 131272 2 0 0 0 0 18 0
HEARTBEAT [0028:C000317A] cpl=0 pm=1 v86=0 if=0 pic imr=A8 isr=00 irr=00 | 5E C3 48 5E C3 33 C0 56 33 F6 8B 6B 08 39 05 F4 | eax=00000000 ebx=C15200E8 ecx=00000035 edx=C0FD3690 esi=00000000 edi=C0FD377C esp=C0ED4DFC
  IRQS raised 131507 2 0 0 0 0 18 0 | acked 131417 2 0 0 0 0 18 0
HEARTBEAT [0028:C0008E39] cpl=0 pm=1 v86=0 if=0 pic imr=A8 isr=00 irr=00 | 33 C0 E8 2D A3 FF FF 0F 84 91 00 00 00 F6 C1 20 | eax=FFFF01FF ebx=C15200E8 ecx=00000035 edx=C0FD3690 esi=C0FD3710 edi=C0FD377C esp=C0ED4E04
  IRQS raised 131653 2 0 0 0 0 18 0 | acked 131563 2 0 0 0 0 18 0
HEARTBEAT [0028:C0008EF6] cpl=0 pm=1 v86=0 if=0 pic imr=A8 isr=00 irr=00 | FA 8B 54 24 0C FF 54 24 08 0F 85 22 FF FF FF F6 | eax=00000000 ebx=C15200E8 ecx=00000035 edx=C0FD3690 esi=C0FD3710 edi=C0FD377C esp=C0ED4E04
  IRQS raised 131799 2 0 0 0 0 18 0 | acked 131709 2 0 0 0 0 18 0
HEARTBEAT [0028:C0008E27] cpl=0 pm=1 v86=0 if=0 pic imr=A8 isr=00 irr=00 | 8B 1D 1C 07 01 C0 80 E1 7F F6 07 01 0F 84 83 00 | eax=FFFF01FF ebx=C15200E8 ecx=00000035 edx=C0FD3690 esi=C0FD3710 edi=C0FD377C esp=C0ED4E04
  IRQS raised 131944 2 0 0 0 0 18 0 | acked 131854 2 0 0 0 0 18 0
HEARTBEAT [0028:C0008EF6] cpl=0 pm=1 v86=0 if=0 pic imr=A8 isr=00 irr=00 | FA 8B 54 24 0C FF 54 24 08 0F 85 22 FF FF FF F6 | eax=00000000 ebx=C15200E8 ecx=00000035 edx=C0FD3690 esi=C0FD3710 edi=C0FD377C esp=C0ED4E04
  IRQS raised 132090 2 0 0 0 0 18 0 | acked 132000 2 0 0 0 0 18 0
HEARTBEAT [0028:C0008F4A] cpl=0 pm=1 v86=0 if=0 pic imr=A8 isr=00 irr=00 | 74 3E FF 35 F0 E9 00 C0 FB 90 8B 54 24 10 FA FF | eax=00000000 ebx=C15200E8 ecx=00000035 edx=C0FD3690 esi=C0FD3710 edi=C0FD377C esp=C0ED4E04
  IRQS raised 132236 2 0 0 0 0 18 0 | acked 132146 2 0 0 0 0 18 0
HEARTBEAT [0028:C0008C1F] cpl=0 pm=1 v86=0 if=0 pic imr=A8 isr=00 irr=00 | C3 53 F6 07 04 75 34 81 7F 3C 00 00 10 00 73 1D | eax=FFFF01FF ebx=C15200E8 ecx=00000035 edx=C0FD3690 esi=C0FD3710 edi=C0FD377C esp=C0ED4E00
  IRQS raised 132381 2 0 0 0 0 18 0 | acked 132291 2 0 0 0 0 18 0
HEARTBEAT [0028:C0008EDB] cpl=0 pm=1 v86=0 if=0 pic imr=A8 isr=00 irr=00 | 74 63 51 E8 DB 02 00 00 E8 89 0B 00 00 59 FB EB | eax=00000000 ebx=C15200E8 ecx=00000035 edx=C0FD3690 esi=C0FD3710 edi=C0FD377C esp=C0ED4E04
  IRQS raised 132527 2 0 0 0 0 18 0 | acked 132437 2 0 0 0 0 18 0
HEARTBEAT [0028:C0003178] cpl=0 pm=1 v86=0 if=0 pic imr=A8 isr=00 irr=00 | 75 0A 5E C3 48 5E C3 33 C0 56 33 F6 8B 6B 08 39 | eax=00000000 ebx=C15200E8 ecx=00000035 edx=C0FD3690 esi=00000000 edi=C0FD377C esp=C0ED4DFC
  IRQS raised 132673 2 0 0 0 0 18 0 | acked 132583 2 0 0 0 0 18 0
HEARTBEAT [0028:C0008F94] cpl=0 pm=1 v86=0 if=0 pic imr=A8 isr=00 irr=00 | 0F 85 43 FF FF FF F6 07 01 74 05 F6 C1 80 74 1C | eax=00000000 ebx=C15200E8 ecx=00000035 edx=C0FD3690 esi=C0FD3710 edi=C0FD377C esp=C0ED4E04
  IRQS raised 132818 2 0 0 0 0 18 0 | acked 132728 2 0 0 0 0 18 0
HEARTBEAT [0028:C0008EFB] cpl=0 pm=1 v86=0 if=0 pic imr=A8 isr=00 irr=00 | FF 54 24 08 0F 85 22 FF FF FF F6 47 01 10 74 1C | eax=00000000 ebx=C15200E8 ecx=00000035 edx=C0FD3690 esi=C0FD3710 edi=C0FD377C esp=C0ED4E04
  IRQS raised 132964 2 0 0 0 0 18 0 | acked 132874 2 0 0 0 0 18 0
HEARTBEAT [0028:C0008E40] cpl=0 pm=1 v86=0 if=0 pic imr=A8 isr=00 irr=00 | 0F 84 91 00 00 00 F6 C1 20 75 48 F6 40 08 02 74 | eax=00000000 ebx=C15200E8 ecx=00000035 edx=C0FD3690 esi=C0FD3710 edi=C0FD377C esp=C0ED4E04
  IRQS raised 133110 2 0 0 0 0 18 0 | acked 133020 2 0 0 0 0 18 0
HEARTBEAT [0028:C0008EF6] cpl=0 pm=1 v86=0 if=0 pic imr=A8 isr=00 irr=00 | FA 8B 54 24 0C FF 54 24 08 0F 85 22 FF FF FF F6 | eax=00000000 ebx=C15200E8 ecx=00000035 edx=C0FD3690 esi=C0FD3710 edi=C0FD377C esp=C0ED4E04
  IRQS raised 133255 2 0 0 0 0 18 0 | acked 133165 2 0 0 0 0 18 0
HEARTBEAT [0028:C0008E2D] cpl=0 pm=1 v86=0 if=0 pic imr=A8 isr=00 irr=00 | 80 E1 7F F6 07 01 0F 84 83 00 00 00 33 C0 E8 2D | eax=FFFF01FF ebx=C15200E8 ecx=00000035 edx=C0FD3690 esi=C0FD3710 edi=C0FD377C esp=C0ED4E04
  IRQS raised 133401 2 0 0 0 0 18 0 | acked 133311 2 0 0 0 0 18 0
HEARTBEAT [0028:C0008F94] cpl=0 pm=1 v86=0 if=0 pic imr=A8 isr=00 irr=00 | 0F 85 43 FF FF FF F6 07 01 74 05 F6 C1 80 74 1C | eax=00000000 ebx=C15200E8 ecx=00000035 edx=C0FD3690 esi=C0FD3710 edi=C0FD377C esp=C0ED4E04
  IRQS raised 133547 2 0 0 0 0 18 0 | acked 133457 2 0 0 0 0 18 0
HEARTBEAT [0028:C0008E2D] cpl=0 pm=1 v86=0 if=0 pic imr=A8 isr=00 irr=00 | 80 E1 7F F6 07 01 0F 84 83 00 00 00 33 C0 E8 2D | eax=FFFF01FF ebx=C15200E8 ecx=00000035 edx=C0FD3690 esi=C0FD3710 edi=C0FD377C esp=C0ED4E04
  IRQS raised 133692 2 0 0 0 0 18 0 | acked 133602 2 0 0 0 0 18 0
HEARTBEAT [0028:C0008EDB] cpl=0 pm=1 v86=0 if=0 pic imr=A8 isr=00 irr=00 | 74 63 51 E8 DB 02 00 00 E8 89 0B 00 00 59 FB EB | eax=00000000 ebx=C15200E8 ecx=00000035 edx=C0FD3690 esi=C0FD3710 edi=C0FD377C esp=C0ED4E04
  IRQS raised 133838 2 0 0 0 0 18 0 | acked 133748 2 0 0 0 0 18 0
HEARTBEAT [0028:C00013CE] cpl=0 pm=1 v86=0 if=0 pic imr=A8 isr=00 irr=00 | 83 C4 04 CF 0F 02 44 24 34 A9 00 00 40 00 75 EF | eax=00000102 ebx=00000000 ecx=81514470 edx=C1122D9C esi=8018FB40 edi=00000001 esp=C0ED4F90
  IRQS raised 133984 2 0 0 0 0 18 0 | acked 133894 2 0 0 0 0 18 0
HEARTBEAT [0028:C0008EF7] cpl=0 pm=1 v86=0 if=0 pic imr=A8 isr=00 irr=00 | 8B 54 24 0C FF 54 24 08 0F 85 22 FF FF FF F6 47 | eax=00000000 ebx=C15200E8 ecx=00000035 edx=C0FD3690 esi=C0FD3710 edi=C0FD377C esp=C0ED4E04
  IRQS raised 134129 2 0 0 0 0 18 0 | acked 134039 2 0 0 0 0 18 0
HEARTBEAT [0028:C0008E39] cpl=0 pm=1 v86=0 if=0 pic imr=A8 isr=00 irr=00 | 33 C0 E8 2D A3 FF FF 0F 84 91 00 00 00 F6 C1 20 | eax=FFFF01FF ebx=C15200E8 ecx=00000035 edx=C0FD3690 esi=C0FD3710 edi=C0FD377C esp=C0ED4E04
  IRQS raised 134275 2 0 0 0 0 18 0 | acked 134185 2 0 0 0 0 18 0
HEARTBEAT [0028:C0003B10] cpl=0 pm=1 v86=0 if=0 pic imr=A8 isr=00 irr=00 | 89 35 34 EA 00 C0 FB C3 8B 7A 0C 8B 32 2B 7E 08 | eax=00000000 ebx=C15200E8 ecx=00000000 edx=00000000 esi=C0FCEC88 edi=C0FD377C esp=C0ED4DC8
  IRQS raised 134421 2 0 0 0 0 18 0 | acked 134331 2 0 0 0 0 18 0
HEARTBEAT [0028:C0008C18] cpl=0 pm=1 v86=0 if=0 pic imr=A8 isr=00 irr=00 | 66 8B 06 48 C0 EC 07 C3 53 F6 07 04 75 34 81 7F | eax=00000000 ebx=C15200E8 ecx=00000035 edx=C0FD3690 esi=C0FD3710 edi=C0FD377C esp=C0ED4E00
  IRQS raised 134566 2 0 0 0 0 18 0 | acked 134476 2 0 0 0 0 18 0
HEARTBEAT [0028:C0008EDB] cpl=0 pm=1 v86=0 if=0 pic imr=A8 isr=00 irr=00 | 74 63 51 E8 DB 02 00 00 E8 89 0B 00 00 59 FB EB | eax=00000000 ebx=C15200E8 ecx=00000035 edx=C0FD3690 esi=C0FD3710 edi=C0FD377C esp=C0ED4E04
  IRQS raised 134712 2 0 0 0 0 18 0 | acked 134622 2 0 0 0 0 18 0
HEARTBEAT [0028:C0008F4A] cpl=0 pm=1 v86=0 if=0 pic imr=A8 isr=00 irr=00 | 74 3E FF 35 F0 E9 00 C0 FB 90 8B 54 24 10 FA FF | eax=00000000 ebx=C15200E8 ecx=00000035 edx=C0FD3690 esi=C0FD3710 edi=C0FD377C esp=C0ED4E04
  IRQS raised 134857 2 0 0 0 0 18 0 | acked 134767 2 0 0 0 0 18 0
HEARTBEAT [0028:C0008F94] cpl=0 pm=1 v86=0 if=0 pic imr=A8 isr=00 irr=00 | 0F 85 43 FF FF FF F6 07 01 74 05 F6 C1 80 74 1C | eax=00000000 ebx=C15200E8 ecx=00000035 edx=C0FD3690 esi=C0FD3710 edi=C0FD377C esp=C0ED4E04
  IRQS raised 135003 2 0 0 0 0 18 0 | acked 134913 2 0 0 0 0 18 0
HEARTBEAT [0028:C0008EF6] cpl=0 pm=1 v86=0 if=0 pic imr=A8 isr=00 irr=00 | FA 8B 54 24 0C FF 54 24 08 0F 85 22 FF FF FF F6 | eax=00000000 ebx=C15200E8 ecx=00000035 edx=C0FD3690 esi=C0FD3710 edi=C0FD377C esp=C0ED4E04
  IRQS raised 135149 2 0 0 0 0 18 0 | acked 135059 2 0 0 0 0 18 0
HEARTBEAT [0028:C0008F94] cpl=0 pm=1 v86=0 if=0 pic imr=A8 isr=00 irr=00 | 0F 85 43 FF FF FF F6 07 01 74 05 F6 C1 80 74 1C | eax=00000000 ebx=C15200E8 ecx=00000035 edx=C0FD3690 esi=C0FD3710 edi=C0FD377C esp=C0ED4E04
  IRQS raised 135294 2 0 0 0 0 18 0 | acked 135204 2 0 0 0 0 18 0
HEARTBEAT [0028:C000316D] cpl=0 pm=1 v86=0 if=0 pic imr=A8 isr=00 irr=00 | 56 8B F0 33 C0 3B 05 F0 E9 00 C0 75 0A 5E C3 48 | eax=00000000 ebx=C15200E8 ecx=00000035 edx=C0FD3690 esi=C0FD3710 edi=C0FD377C esp=C0ED4E00
  IRQS raised 135440 2 0 0 0 0 18 0 | acked 135350 2 0 0 0 0 18 0
HEARTBEAT [0028:C0008FC1] cpl=0 pm=1 v86=0 if=1 pic imr=A8 isr=00 irr=00 | 90 90 FA E9 2D FF FF FF 51 33 C9 41 85 C0 74 0D | eax=00000000 ebx=C15200E8 ecx=00000035 edx=C0FD3690 esi=C0FD3710 edi=C0FD377C esp=C0ED4E04
  IRQS raised 135586 2 0 0 0 0 18 0 | acked 135496 2 0 0 0 0 18 0
HEARTBEAT [0028:C0008ED7] cpl=0 pm=1 v86=0 if=0 pic imr=A8 isr=00 irr=00 | 80 7F CC 00 74 63 51 E8 DB 02 00 00 E8 89 0B 00 | eax=00000000 ebx=C15200E8 ecx=00000035 edx=C0FD3690 esi=C0FD3710 edi=C0FD377C esp=C0ED4E04
  IRQS raised 135731 2 0 0 0 0 18 0 | acked 135641 2 0 0 0 0 18 0
HEARTBEAT [0028:C0008ED7] cpl=0 pm=1 v86=0 if=0 pic imr=A8 isr=00 irr=00 | 80 7F CC 00 74 63 51 E8 DB 02 00 00 E8 89 0B 00 | eax=00000000 ebx=C15200E8 ecx=00000035 edx=C0FD3690 esi=C0FD3710 edi=C0FD377C esp=C0ED4E04
  IRQS raised 135877 2 0 0 0 0 18 0 | acked 135787 2 0 0 0 0 18 0
HEARTBEAT [0028:C000316D] cpl=0 pm=1 v86=0 if=0 pic imr=A8 isr=00 irr=00 | 56 8B F0 33 C0 3B 05 F0 E9 00 C0 75 0A 5E C3 48 | eax=00000000 ebx=C15200E8 ecx=00000035 edx=C0FD3690 esi=C0FD3710 edi=C0FD377C esp=C0ED4E00
  IRQS raised 136023 2 0 0 0 0 18 0 | acked 135933 2 0 0 0 0 18 0
HEARTBEAT [0028:C0008F9F] cpl=0 pm=1 v86=0 if=0 pic imr=A8 isr=00 irr=00 | F6 C1 80 74 1C A1 E4 06 01 C0 66 83 3D F0 E9 00 | eax=00000000 ebx=C15200E8 ecx=00000035 edx=C0FD3690 esi=C0FD3710 edi=C0FD377C esp=C0ED4E04
  IRQS raised 136168 2 0 0 0 0 18 0 | acked 136078 2 0 0 0 0 18 0
HEARTBEAT [0028:C0008E39] cpl=0 pm=1 v86=0 if=0 pic imr=A8 isr=00 irr=00 | 33 C0 E8 2D A3 FF FF 0F 84 91 00 00 00 F6 C1 20 | eax=FFFF01FF ebx=C15200E8 ecx=00000035 edx=C0FD3690 esi=C0FD3710 edi=C0FD377C esp=C0ED4E04
  IRQS raised 136314 2 0 0 0 0 18 0 | acked 136224 2 0 0 0 0 18 0
HEARTBEAT [0028:C0008F94] cpl=0 pm=1 v86=0 if=0 pic imr=A8 isr=00 irr=00 | 0F 85 43 FF FF FF F6 07 01 74 05 F6 C1 80 74 1C | eax=00000000 ebx=C15200E8 ecx=00000035 edx=C0FD3690 esi=C0FD3710 edi=C0FD377C esp=C0ED4E04
  IRQS raised 136460 2 0 0 0 0 18 0 | acked 136370 2 0 0 0 0 18 0
HEARTBEAT [0028:C0008EFB] cpl=0 pm=1 v86=0 if=0 pic imr=A8 isr=00 irr=00 | FF 54 24 08 0F 85 22 FF FF FF F6 47 01 10 74 1C | eax=00000000 ebx=C15200E8 ecx=00000035 edx=C0FD3690 esi=C0FD3710 edi=C0FD377C esp=C0ED4E04
  IRQS raised 136605 2 0 0 0 0 18 0 | acked 136515 2 0 0 0 0 18 0
HEARTBEAT [0028:C000316D] cpl=0 pm=1 v86=0 if=0 pic imr=A8 isr=00 irr=00 | 56 8B F0 33 C0 3B 05 F0 E9 00 C0 75 0A 5E C3 48 | eax=00000000 ebx=C15200E8 ecx=00000035 edx=C0FD3690 esi=C0FD3710 edi=C0FD377C esp=C0ED4E00
  IRQS raised 136751 2 0 0 0 0 18 0 | acked 136661 2 0 0 0 0 18 0
HEARTBEAT [0028:C0008C18] cpl=0 pm=1 v86=0 if=0 pic imr=A8 isr=00 irr=00 | 66 8B 06 48 C0 EC 07 C3 53 F6 07 04 75 34 81 7F | eax=00000000 ebx=C15200E8 ecx=00000035 edx=C0FD3690 esi=C0FD3710 edi=C0FD377C esp=C0ED4E00
  IRQS raised 136897 2 0 0 0 0 18 0 | acked 136807 2 0 0 0 0 18 0
HEARTBEAT [0028:C0008F4A] cpl=0 pm=1 v86=0 if=0 pic imr=A8 isr=00 irr=00 | 74 3E FF 35 F0 E9 00 C0 FB 90 8B 54 24 10 FA FF | eax=00000000 ebx=C15200E8 ecx=00000035 edx=C0FD3690 esi=C0FD3710 edi=C0FD377C esp=C0ED4E04
  IRQS raised 137042 2 0 0 0 0 18 0 | acked 136952 2 0 0 0 0 18 0
HEARTBEAT [0028:C0008E39] cpl=0 pm=1 v86=0 if=0 pic imr=A8 isr=00 irr=00 | 33 C0 E8 2D A3 FF FF 0F 84 91 00 00 00 F6 C1 20 | eax=FFFF01FF ebx=C15200E8 ecx=00000035 edx=C0FD3690 esi=C0FD3710 edi=C0FD377C esp=C0ED4E04
  IRQS raised 137188 2 0 0 0 0 18 0 | acked 137098 2 0 0 0 0 18 0
HEARTBEAT [0028:C0008F4A] cpl=0 pm=1 v86=0 if=0 pic imr=A8 isr=00 irr=00 | 74 3E FF 35 F0 E9 00 C0 FB 90 8B 54 24 10 FA FF | eax=00000000 ebx=C15200E8 ecx=00000035 edx=C0FD3690 esi=C0FD3710 edi=C0FD377C esp=C0ED4E04
  IRQS raised 137334 2 0 0 0 0 18 0 | acked 137244 2 0 0 0 0 18 0
HEARTBEAT [0028:C0008C1F] cpl=0 pm=1 v86=0 if=0 pic imr=A8 isr=00 irr=00 | C3 53 F6 07 04 75 34 81 7F 3C 00 00 10 00 73 1D | eax=FFFF01FF ebx=C15200E8 ecx=00000035 edx=C0FD3690 esi=C0FD3710 edi=C0FD377C esp=C0ED4E00
  IRQS raised 137479 2 0 0 0 0 18 0 | acked 137389 2 0 0 0 0 18 0
HEARTBEAT [0028:C0008E27] cpl=0 pm=1 v86=0 if=0 pic imr=A8 isr=00 irr=00 | 8B 1D 1C 07 01 C0 80 E1 7F F6 07 01 0F 84 83 00 | eax=FFFF01FF ebx=C15200E8 ecx=00000035 edx=C0FD3690 esi=C0FD3710 edi=C0FD377C esp=C0ED4E04
  IRQS raised 137625 2 0 0 0 0 18 0 | acked 137535 2 0 0 0 0 18 0
HEARTBEAT [0028:C02403AB] cpl=0 pm=1 v86=0 if=1 pic imr=A8 isr=00 irr=00 | E3 03 FF 41 30 52 8B 15 10 29 32 C0 E8 6B F1 FF | eax=00000102 ebx=81514470 ecx=C0FD3690 edx=C0FD3690 esi=C1122DDC edi=81516974 esp=C0ED4E54
  IRQS raised 137771 2 0 0 0 0 18 0 | acked 137681 2 0 0 0 0 18 0
HEARTBEAT [0028:C0008C1B] cpl=0 pm=1 v86=0 if=0 pic imr=A8 isr=00 irr=00 | 48 C0 EC 07 C3 53 F6 07 04 75 34 81 7F 3C 00 00 | eax=00000000 ebx=C15200E8 ecx=00000035 edx=C0FD3690 esi=C0FD3710 edi=C0FD377C esp=C0ED4E00
  IRQS raised 137916 2 0 0 0 0 18 0 | acked 137826 2 0 0 0 0 18 0
HEARTBEAT [0028:C0008F40] cpl=0 pm=1 v86=0 if=0 pic imr=A8 isr=00 irr=00 | 81 3D 9C 0C 01 C0 98 0C 01 C0 74 3E FF 35 F0 E9 | eax=00000000 ebx=C15200E8 ecx=00000035 edx=C0FD3690 esi=C0FD3710 edi=C0FD377C esp=C0ED4E04
  IRQS raised 138062 2 0 0 0 0 18 0 | acked 137972 2 0 0 0 0 18 0
HEARTBEAT [0028:C0008F40] cpl=0 pm=1 v86=0 if=0 pic imr=A8 isr=00 irr=00 | 81 3D 9C 0C 01 C0 98 0C 01 C0 74 3E FF 35 F0 E9 | eax=00000000 ebx=C15200E8 ecx=00000035 edx=C0FD3690 esi=C0FD3710 edi=C0FD377C esp=C0ED4E04
  IRQS raised 138207 2 0 0 0 0 18 0 | acked 138117 2 0 0 0 0 18 0
HEARTBEAT [0028:C0008F40] cpl=0 pm=1 v86=0 if=0 pic imr=A8 isr=00 irr=00 | 81 3D 9C 0C 01 C0 98 0C 01 C0 74 3E FF 35 F0 E9 | eax=00000000 ebx=C15200E8 ecx=00000035 edx=C0FD3690 esi=C0FD3710 edi=C0FD377C esp=C0ED4E04
  IRQS raised 138353 2 0 0 0 0 18 0 | acked 138263 2 0 0 0 0 18 0
HEARTBEAT [0028:C0008E39] cpl=0 pm=1 v86=0 if=0 pic imr=A8 isr=00 irr=00 | 33 C0 E8 2D A3 FF FF 0F 84 91 00 00 00 F6 C1 20 | eax=FFFF01FF ebx=C15200E8 ecx=00000035 edx=C0FD3690 esi=C0FD3710 edi=C0FD377C esp=C0ED4E04
  IRQS raised 138499 2 0 0 0 0 18 0 | acked 138409 2 0 0 0 0 18 0
HEARTBEAT [0028:C0008E39] cpl=0 pm=1 v86=0 if=0 pic imr=A8 isr=00 irr=00 | 33 C0 E8 2D A3 FF FF 0F 84 91 00 00 00 F6 C1 20 | eax=FFFF01FF ebx=C15200E8 ecx=00000035 edx=C0FD3690 esi=C0FD3710 edi=C0FD377C esp=C0ED4E04
  IRQS raised 138644 2 0 0 0 0 18 0 | acked 138554 2 0 0 0 0 18 0
HEARTBEAT [0028:C0008E39] cpl=0 pm=1 v86=0 if=0 pic imr=A8 isr=00 irr=00 | 33 C0 E8 2D A3 FF FF 0F 84 91 00 00 00 F6 C1 20 | eax=FFFF01FF ebx=C15200E8 ecx=00000035 edx=C0FD3690 esi=C0FD3710 edi=C0FD377C esp=C0ED4E04
  IRQS raised 138790 2 0 0 0 0 18 0 | acked 138700 2 0 0 0 0 18 0
HEARTBEAT [0028:C0003178] cpl=0 pm=1 v86=0 if=0 pic imr=A8 isr=00 irr=00 | 75 0A 5E C3 48 5E C3 33 C0 56 33 F6 8B 6B 08 39 | eax=00000000 ebx=C15200E8 ecx=00000035 edx=C0FD3690 esi=00000000 edi=C0FD377C esp=C0ED4DFC
  IRQS raised 138936 2 0 0 57 0 18 0 | acked 138846 2 0 0 57 0 18 0
HEARTBEAT [0028:C0008C1B] cpl=0 pm=1 v86=0 if=0 pic imr=A8 isr=00 irr=00 | 48 C0 EC 07 C3 53 F6 07 04 75 34 81 7F 3C 00 00 | eax=00000000 ebx=C15200E8 ecx=00000035 edx=C0FD3690 esi=C0FD3710 edi=C0FD377C esp=C0ED4E00
  IRQS raised 139081 12 0 0 63 0 18 0 | acked 138991 12 0 0 63 0 18 0
HEARTBEAT [0028:C0008E30] cpl=0 pm=1 v86=0 if=0 pic imr=A8 isr=00 irr=00 | F6 07 01 0F 84 83 00 00 00 33 C0 E8 2D A3 FF FF | eax=FFFF01FF ebx=C15200E8 ecx=00000035 edx=C0FD3690 esi=C0FD3710 edi=C0FD377C esp=C0ED4E04
  IRQS raised 139227 18 0 0 63 0 18 0 | acked 139137 18 0 0 63 0 18 0
HEARTBEAT [D000:00000FF1] cpl=3 pm=1 v86=1 if=1 pic imr=A8 isr=00 irr=00 | 30 DA AA EC 30 DA AA EC 30 DA AA EC 30 DA AA EC | eax=00000000 ebx=0000FF08 ecx=00020043 edx=C0ED0300 esi=00000010 edi=000007A4 esp=00000296
  IRQS raised 139373 22 0 0 63 0 18 0 | acked 139283 22 0 0 63 0 18 0
  V86 SS:SP=0F00:0296 DS=0030 ES=CC00 | 0F14 0008 171D 0300 0FD8 0020 0208 0000 0000 CC00 0070 00C8 
HEARTBEAT [D000:00000CA7] cpl=3 pm=1 v86=1 if=1 pic imr=A8 isr=00 irr=00 | 1E 31 C9 8E D9 8B 0E 6C 04 1F C3 B0 06 B2 06 E8 | eax=00000880 ebx=0000FF08 ecx=00008A66 edx=00000307 esi=00020000 edi=12EF0010 esp=00000294
  IRQS raised 139518 22 0 0 198 0 18 0 | acked 139428 22 0 0 198 0 18 0
  V86 SS:SP=0F00:0294 DS=0030 ES=CC00 | 0C86 1258 0EE7 171D 0300 0FD8 0020 0208 0000 0000 CC00 0070 
HEARTBEAT [2057:00003B7C] cpl=3 pm=1 v86=0 if=1 pic imr=A8 isr=00 irr=00 | 88 82 D4 FE 0B F6 75 1A 8E 46 F8 26 C6 05 00 66 | eax=1E9F7716 ebx=06EF0373 ecx=00007709 edx=00001E9F esi=00020000 edi=12EF771F esp=8018251A
  IRQS raised 139664 22 0 0 288 0 18 0 | acked 139574 22 0 0 288 0 18 0
HEARTBEAT [0028:C0008A1E] cpl=0 pm=1 v86=0 if=1 pic imr=A8 isr=00 irr=00 | 75 27 8B 15 A8 06 01 C0 83 79 0C 00 75 1C 89 51 | eax=C0FFE3F8 ebx=C003090C ecx=C00106D4 edx=C10CE000 esi=C0FCE000 edi=00000001 esp=C13B9D90
  IRQS raised 139810 22 0 0 288 0 18 0 | acked 139720 22 0 0 288 0 18 0
HEARTBEAT [0028:C002A04B] cpl=0 pm=1 v86=0 if=1 pic imr=A8 isr=00 irr=00 | 66 F7 45 38 04 00 74 34 56 57 E8 4E 62 00 00 5F | eax=001D2849 ebx=C0FFBA78 ecx=00000000 edx=000000C1 esi=C0FFE19C edi=C0FFBA78 esp=C13B9E14
  IRQS raised 139955 22 0 0 288 0 18 0 | acked 139865 22 0 0 288 0 18 0
HEARTBEAT [D000:00001160] cpl=3 pm=1 v86=1 if=1 pic imr=A8 isr=00 irr=00 | AD 30 DA 86 C4 EE 30 DA 88 E0 EE AD 30 DA 86 C4 | eax=00000000 ebx=0000FF08 ecx=00000072 edx=00000300 esi=000008E4 edi=00000010 esp=00000294
  IRQS raised 140101 22 0 0 288 0 18 0 | acked 140011 22 0 0 288 0 18 0
  V86 SS:SP=0F00:0294 DS=CC00 ES=CC00 | 0F63 0030 0008 1731 0300 1142 0020 0208 0000 0000 CC00 0070 
HEARTBEAT [0137:BFF656E3] cpl=3 pm=1 v86=0 if=1 pic imr=A8 isr=00 irr=00 | 50 E8 57 0D 00 00 50 0F BF 43 1C 50 8B 43 1E 89 | eax=15872BD3 ebx=8018F31C ecx=00000000 edx=BFF656D3 esi=0000013F edi=26DA1587 esp=8018F2F0
  IRQS raised 140247 22 0 0 288 0 18 0 | acked 140157 22 0 0 288 0 18 0
HEARTBEAT [0137:BFF656E4] cpl=3 pm=1 v86=0 if=1 pic imr=A8 isr=00 irr=00 | E8 57 0D 00 00 50 0F BF 43 1C 50 8B 43 1E 89 44 | eax=1F2F2353 ebx=8018F166 ecx=00000000 edx=BFF656D3 esi=0000013F edi=25241587 esp=8018F138
  IRQS raised 140392 22 0 0 288 0 18 0 | acked 140302 22 0 0 288 0 18 0
HEARTBEAT [06EF:0000070E] cpl=3 pm=1 v86=0 if=1 pic imr=A8 isr=00 irr=00 | 6A FF 66 FF 76 08 6A FF 9A E4 12 B7 07 83 E8 02 | eax=00000809 ebx=06EF071B ecx=000007C7 edx=00010000 esi=000231EC edi=12EF2353 esp=80182544
  IRQS raised 140538 22 0 0 288 0 18 0 | acked 140448 22 0 0 288 0 18 0
HEARTBEAT [FFFF:000012B6] cpl=3 pm=1 v86=1 if=1 pic imr=A8 isr=00 irr=00 | 2E C6 06 DA 0D 02 8B DF 2E 8C 06 9F 17 E8 AE FB | eax=C0FCF802 ebx=06EF0010 ecx=00000008 edx=0000D071 esi=00020E38 edi=12EF0000 esp=000002DC
  IRQS raised 140684 22 0 0 288 0 18 0 | acked 140594 22 0 0 288 0 18 0
  V86 SS:SP=0F00:02DC DS=0070 ES=CC00 | 122B 00AE 0070 0F30 0070 48F9 9B40 0000 02F6 0010 00F3 027A 
HEARTBEAT [0137:BFF78B9F] cpl=3 pm=1 v86=0 if=1 pic imr=A8 isr=00 irr=00 | 74 6D 83 F8 05 0F 84 A7 03 00 00 83 F8 06 0F 84 | eax=0000000E ebx=802D2695 ecx=00000000 edx=81A1900C esi=00000001 edi=81A194CC esp=8018F090
  IRQS raised 140829 22 0 0 288 0 18 0 | acked 140739 22 0 0 288 0 18 0
HEARTBEAT [2057:000039F5] cpl=3 pm=1 v86=0 if=1 pic imr=A8 isr=00 irr=00 | 39 46 EE 0F 86 80 03 8A 46 FB C4 5E F6 26 88 07 | eax=00003AF4 ebx=06EF004F ecx=00000014 edx=00000000 esi=00029B40 edi=12EF3AF4 esp=8018251A
  IRQS raised 140975 22 0 0 288 0 18 0 | acked 140885 22 0 0 288 0 18 0
HEARTBEAT [0028:C00038E3] cpl=0 pm=1 v86=0 if=1 pic imr=A8 isr=00 irr=00 | 89 56 10 83 F8 32 73 06 FF 15 5C 55 03 C0 9C FA | eax=00000010 ebx=C15200E8 ecx=C000EA20 edx=FFFFFFFF esi=C0FCECF0 edi=C000A1C1 esp=C13B9F38
  IRQS raised 141121 22 0 0 288 0 18 0 | acked 141031 22 0 0 288 0 18 0
HEARTBEAT [2057:000039FC] cpl=3 pm=1 v86=0 if=1 pic imr=A8 isr=00 irr=00 | 8A 46 FB C4 5E F6 26 88 07 FF 46 F6 81 3E 12 0F | eax=00004409 ebx=06EF0364 ecx=00000014 edx=00000000 esi=00029B40 edi=12EF4408 esp=8018251A
  IRQS raised 141266 22 0 0 288 0 18 0 | acked 141176 22 0 0 288 0 18 0
HEARTBEAT [0028:C0249039] cpl=0 pm=1 v86=0 if=1 pic imr=A8 isr=00 irr=00 | 66 83 7E 1A 00 75 3B 8B 86 90 00 00 00 F7 00 80 | eax=C14066A7 ebx=C15200E8 ecx=0000AC90 edx=00000090 esi=C13B9E64 edi=C0FFE270 esp=C13B9E50
  IRQS raised 141412 22 0 0 288 0 18 0 | acked 141322 22 0 0 288 0 18 0
HEARTBEAT [2057:00003310] cpl=3 pm=1 v86=0 if=1 pic imr=A8 isr=00 irr=00 | 0B FF 75 B4 8B 76 F6 83 C6 02 FF 46 F8 8B 46 F8 | eax=0000005A ebx=06EF2F04 ecx=00001C67 edx=00000000 esi=00022F04 edi=12EF2F1F esp=80182720
  IRQS raised 141557 22 0 0 288 0 18 0 | acked 141467 22 0 0 288 0 18 0
HEARTBEAT [0137:BFF71A5E] cpl=3 pm=1 v86=0 if=1 pic imr=A8 isr=00 irr=00 | 57 68 2E 19 F7 BF 64 FF 35 00 00 00 00 64 89 25 | eax=81514470 ebx=8018F166 ecx=00000000 edx=BFF656D3 esi=0000013F edi=25241587 esp=8018F15C
  IRQS raised 141703 22 0 0 288 0 18 0 | acked 141613 22 0 0 288 0 18 0
HEARTBEAT [D000:000012D5] cpl=3 pm=1 v86=1 if=1 pic imr=A8 isr=00 irr=00 | 72 21 89 D3 3C 0A 76 16 D1 E2 3C 14 72 15 B7 3E | eax=81EA0806 ebx=81EAFF08 ecx=81CA8CAD edx=00000007 esi=81EA0000 edi=00000010 esp=00000296
  IRQS raised 141849 22 0 0 288 0 18 0 | acked 141759 22 0 0 288 0 18 0
  V86 SS:SP=0F00:0296 DS=0030 ES=CC00 | 124D 0EE7 171D 0300 0FD8 0020 0208 0000 0000 CC00 0070 00C8 
HEARTBEAT [0028:C002B89A] cpl=0 pm=1 v86=0 if=1 pic imr=A8 isr=00 irr=00 | 77 12 8A 4F 25 4B 4B 8A C2 D3 E3 0A D8 0F B7 4F | eax=00000000 ebx=000006A4 ecx=C0FFE22C edx=0000001B esi=C0FFE19C edi=C0FFBA78 esp=C13B9E08
  IRQS raised 141994 22 0 0 288 0 18 0 | acked 141904 22 0 0 288 0 18 0
HEARTBEAT [D000:00000FE1] cpl=3 pm=1 v86=1 if=1 pic imr=A8 isr=00 irr=00 | 30 DA AA EC 30 DA AA EC 30 DA AA EC 30 DA AA EC | eax=00000010 ebx=0000FF08 ecx=00000055 edx=C1350300 esi=C0FD0010 edi=C0FD0560 esp=00000296
  IRQS raised 142140 22 0 0 288 0 18 0 | acked 142050 22 0 0 288 0 18 0
  V86 SS:SP=0F00:0296 DS=0030 ES=CC00 | 0F14 0008 171D 0300 0FD8 0020 0208 0000 0000 CC00 0070 00C8 
HEARTBEAT [0137:BFF65524] cpl=3 pm=1 v86=0 if=1 pic imr=A8 isr=00 irr=00 | 8B 43 18 89 44 24 04 50 E8 0F 0F 00 00 50 0F B7 | eax=00000001 ebx=8018F114 ecx=00000000 edx=BFF6551B esi=0000013F edi=24D21587 esp=8018F0E8
  IRQS raised 142286 22 0 0 288 0 18 0 | acked 142196 22 0 0 288 0 18 0
HEARTBEAT [0028:C001E7F4] cpl=0 pm=1 v86=0 if=1 pic imr=A8 isr=00 irr=00 | FF 54 03 0C 72 B6 66 8B 45 2C 66 83 E0 01 FF 15 | eax=000001C4 ebx=C15200E8 ecx=0000003F edx=FFFFFFFF esi=FFFFFFFF edi=C1405774 esp=C13B9F6C
  IRQS raised 142431 22 0 0 288 0 18 0 | acked 142341 22 0 0 288 0 18 0
HEARTBEAT [06EF:00000702] cpl=3 pm=1 v86=0 if=1 pic imr=A8 isr=00 irr=00 | 66 50 66 68 01 00 00 00 66 FF 76 0C 6A FF 66 FF | eax=00000809 ebx=06EF071B ecx=000007C7 edx=00030000 esi=0002A800 edi=12EF2666 esp=80182638
  IRQS raised 142577 22 0 0 288 0 18 0 | acked 142487 22 0 0 288 0 18 0
HEARTBEAT [0028:C0029F9C] cpl=0 pm=1 v86=0 if=1 pic imr=A8 isr=00 irr=00 | 8B 4D 00 81 F9 00 10 00 00 76 12 C1 E9 0C 41 8A | eax=0003F79C ebx=00000008 ecx=00000000 edx=C0FFE1CC esi=C0FFE19C edi=C0FFBA78 esp=C13B9E14
  IRQS raised 142723 22 0 0 288 0 18 0 | acked 142633 22 0 0 288 0 18 0
HEARTBEAT [D000:00001051] cpl=3 pm=1 v86=1 if=1 pic imr=A8 isr=00 irr=00 | 30 DA AA EC 30 DA AA EC 30 DA AA EC 30 DA AA 49 | eax=19B70044 ebx=0000FF08 ecx=0000003B edx=804E0300 esi=00020010 edi=12EF08BC esp=00000296
  IRQS raised 142868 22 0 0 288 0 18 0 | acked 142778 22 0 0 288 0 18 0
  V86 SS:SP=0F00:0296 DS=0030 ES=CC00 | 0F14 0008 171D 0300 0FD8 0020 0208 0000 0000 CC00 0070 00C8 
HEARTBEAT [2057:00003A2F] cpl=3 pm=1 v86=0 if=1 pic imr=A8 isr=00 irr=00 | 8B 36 14 0F 8A 00 88 46 FB FF 06 12 0F A1 10 0F | eax=00005E4F ebx=06EF018D ecx=00000014 edx=00000000 esi=00029B40 edi=12EF5EE3 esp=8018251A
  IRQS raised 143014 22 0 0 288 0 18 0 | acked 142924 22 0 0 288 0 18 0
HEARTBEAT [2057:00003DD0] cpl=3 pm=1 v86=0 if=1 pic imr=A8 isr=00 irr=00 | 8B 46 FE 26 39 44 20 75 0F 06 56 FF 76 06 57 9A | eax=00000053 ebx=06EF071B ecx=00000014 edx=00010000 esi=00020678 edi=12EF10E7 esp=8018270E
  IRQS raised 143160 22 0 0 288 0 18 0 | acked 143070 22 0 0 288 0 18 0
HEARTBEAT [0028:C0008AED] cpl=0 pm=1 v86=0 if=1 pic imr=A8 isr=00 irr=00 | 33 C0 87 51 10 87 41 18 03 41 14 39 49 04 75 47 | eax=C15200E8 ebx=C15200E8 ecx=C00106F4 edx=00000000 esi=C13B9EFC edi=C13B9E64 esp=C13B9E4C
  IRQS raised 143305 22 0 0 288 0 18 0 | acked 143215 22 0 0 288 0 18 0
HEARTBEAT [2057:00003C8C] cpl=3 pm=1 v86=0 if=1 pic imr=A8 isr=00 irr=00 | 0F 84 62 FD 83 46 F6 05 C7 46 F2 00 00 C7 46 FC | eax=2837005F ebx=06EF0052 ecx=00000531 edx=00002837 esi=00029B40 edi=12EF04FC esp=8018251A
  IRQS raised 143451 22 0 0 288 0 18 0 | acked 143361 22 0 0 288 0 18 0
HEARTBEAT [0137:BFF71C84] cpl=3 pm=1 v86=0 if=1 pic imr=A8 isr=00 irr=00 | 75 15 03 05 D8 F9 FB BF 80 78 14 FF 74 09 80 68 | eax=00002E00 ebx=8018F114 ecx=0001FB52 edx=8018F0F0 esi=0000013F edi=24D21587 esp=8018F0D8
  IRQS raised 143597 22 0 0 288 0 18 0 | acked 143507 22 0 0 288 0 18 0
HEARTBEAT [D000:0000124A] cpl=3 pm=1 v86=1 if=1 pic imr=A8 isr=00 irr=00 | E8 7F 00 84 C0 78 04 84 E0 75 1A E8 2B FA 73 F0 | eax=158F0880 ebx=0002FF08 ecx=001D8E86 edx=05050307 esi=00020000 edi=12EF0010 esp=00000298
  IRQS raised 143742 22 0 0 288 0 18 0 | acked 143652 22 0 0 288 0 18 0
  V86 SS:SP=0F00:0298 DS=0030 ES=CC00 | 0EE7 171D 0300 0FD8 0020 0208 0000 0000 CC00 0070 00C8 0522 
HEARTBEAT [D000:00001009] cpl=3 pm=1 v86=1 if=1 pic imr=A8 isr=00 irr=00 | 30 DA AA EC 30 DA AA EC 30 DA AA EC 30 DA AA EC | eax=00000048 ebx=06EFFF08 ecx=00000055 edx=00000300 esi=00020010 edi=12EF056A esp=00000296
  IRQS raised 143888 22 0 0 288 0 18 0 | acked 143798 22 0 0 288 0 18 0
  V86 SS:SP=0F00:0296 DS=0030 ES=CC00 | 0F14 0008 171D 0300 0FD8 0020 0208 0000 0000 CC00 0070 00C8 
HEARTBEAT [0028:C00056D7] cpl=0 pm=1 v86=0 if=1 pic imr=A8 isr=00 irr=00 | 83 3D E0 06 01 C0 00 74 10 3B 05 E4 06 01 C0 74 | eax=C0FD377C ebx=FFA019A0 ecx=00000000 edx=00002042 esi=FFA019A0 edi=009A3206 esp=C13B9F50
  IRQS raised 144034 22 0 0 288 0 18 0 | acked 143944 22 0 0 288 0 18 0
HEARTBEAT [2057:00002EBE] cpl=3 pm=1 v86=0 if=1 pic imr=A8 isr=00 irr=00 | 8D 7F 0C 8D 77 04 8C D8 8E C0 66 A5 66 A5 8B 5E | eax=00000008 ebx=06EF9A88 ecx=00012BD2 edx=00003FDF esi=00022BD3 edi=12EF28D2 esp=C0ED277C
  IRQS raised 144179 22 0 0 288 0 18 0 | acked 144089 22 0 0 288 0 18 0
HEARTBEAT [0028:C002DBFC] cpl=0 pm=1 v86=0 if=1 pic imr=A8 isr=00 irr=00 | 89 06 8B 45 4C 89 46 10 80 7E 04 00 74 1A 80 7E | eax=000006F0 ebx=C15C42A0 ecx=00000000 edx=C15C4400 esi=C0FFC244 edi=C0FFC2C2 esp=C13B9DB8
  IRQS raised 144325 22 0 0 288 0 18 0 | acked 144235 22 0 0 288 0 18 0
HEARTBEAT [0028:C000131A] cpl=0 pm=1 v86=0 if=0 pic imr=A8 isr=00 irr=00 | 75 38 8A 43 1F F6 D0 D0 E0 22 47 73 24 40 C0 E8 | eax=00000000 ebx=C15200E8 ecx=80000000 edx=C0FCEABC esi=C0FCE154 edi=C0FD377C esp=C13B9C94
  IRQS raised 144471 22 0 0 288 0 18 0 | acked 144381 22 0 0 288 0 18 0
HEARTBEAT [0137:BFF786DD] cpl=3 pm=1 v86=0 if=1 pic imr=A8 isr=00 irr=00 | 8B 45 EC 8A 0B 38 08 75 59 84 C9 74 55 43 FF 45 | eax=8042A2CE ebx=8018F2B1 ecx=8042A25C edx=00000000 esi=00000001 edi=81A194CC esp=8018F178
  IRQS raised 144616 22 0 0 288 0 18 0 | acked 144526 22 0 0 288 0 18 0
HEARTBEAT [0137:BFF7886E] cpl=3 pm=1 v86=0 if=1 pic imr=A8 isr=00 irr=00 | 75 08 C7 45 C4 01 00 00 00 43 80 7D D5 00 75 0A | eax=02020C21 ebx=8018F36E ecx=00000000 edx=81A1900C esi=00000001 edi=81A194CC esp=8018F244
  IRQS raised 144762 22 0 0 288 0 18 0 | acked 144672 22 0 0 288 0 18 0
HEARTBEAT [2057:000038B7] cpl=3 pm=1 v86=0 if=1 pic imr=A8 isr=00 irr=00 | 80 7E FB 5B 0F 85 C9 03 83 7E F4 00 0F 85 C1 03 | eax=00000045 ebx=06EF01A8 ecx=00000014 edx=00000000 esi=00029B40 edi=12EF0341 esp=8018251A
  IRQS raised 144907 22 0 0 288 0 18 0 | acked 144817 22 0 0 288 0 18 0
HEARTBEAT [0137:BFF78F5B] cpl=3 pm=1 v86=0 if=1 pic imr=A8 isr=00 irr=00 | 66 8B 45 F8 66 39 45 FA 0F 85 05 01 00 00 F6 45 | eax=0000000C ebx=8018F371 ecx=00000000 edx=81A1900C esi=00000001 edi=81A194CC esp=8018F244
  IRQS raised 145053 22 0 0 288 0 18 0 | acked 144963 22 0 0 288 0 18 0
HEARTBEAT [0028:C0027A40] cpl=0 pm=1 v86=0 if=1 pic imr=A8 isr=00 irr=00 | 0F B6 1C 10 66 2B 04 3B 32 C1 0F B6 C0 C1 E9 08 | eax=00000051 ebx=00000008 ecx=BAD30A5A edx=C0323252 esi=C0FFC2CE edi=C0323204 esp=C13B9D90
  IRQS raised 145199 22 0 0 288 0 18 0 | acked 145109 22 0 0 288 0 18 0
HEARTBEAT [0028:C0256440] cpl=0 pm=1 v86=0 if=1 pic imr=A8 isr=00 irr=00 | 66 3B 44 1A 24 73 0B 0F B7 54 1A 20 0B D2 75 F0 | eax=00000041 ebx=C113D770 ecx=00000006 edx=00000000 esi=C0FFC2C5 edi=C0FFC2AE esp=C13B9D84
  IRQS raised 145344 22 0 0 288 0 18 0 | acked 145254 22 0 0 288 0 18 0
HEARTBEAT [2057:00003A35] cpl=3 pm=1 v86=0 if=1 pic imr=A8 isr=00 irr=00 | 88 46 FB FF 06 12 0F A1 10 0F 39 46 DE 0F 87 40 | eax=00007230 ebx=06EF0330 ecx=00000014 edx=00000000 esi=00029B40 edi=12EF727E esp=8018251A
  IRQS raised 145490 22 0 0 288 0 18 0 | acked 145400 22 0 0 288 0 18 0
HEARTBEAT [2057:00003C88] cpl=3 pm=1 v86=0 if=1 pic imr=A8 isr=00 irr=00 | 83 7E F2 00 0F 84 62 FD 83 46 F6 05 C7 46 F2 00 | eax=00000067 ebx=06EF0198 ecx=00000014 edx=00000000 esi=00029B40 edi=12EF0384 esp=8018251A
  IRQS raised 145636 22 0 0 288 0 18 0 | acked 145546 22 0 0 288 0 18 0
HEARTBEAT [2057:00003C88] cpl=3 pm=1 v86=0 if=1 pic imr=A8 isr=00 irr=00 | 83 7E F2 00 0F 84 62 FD 83 46 F6 05 C7 46 F2 00 | eax=000000F4 ebx=06EF00B1 ecx=00000014 edx=00000000 esi=00029B40 edi=12EF377C esp=8018251A
  IRQS raised 145781 22 0 0 288 0 18 0 | acked 145691 22 0 0 288 0 18 0
HEARTBEAT [D000:00001160] cpl=3 pm=1 v86=1 if=1 pic imr=A8 isr=00 irr=00 | AD 30 DA 86 C4 EE 30 DA 88 E0 EE AD 30 DA 86 C4 | eax=00003232 ebx=0000FF08 ecx=000000AF edx=00000300 esi=00020514 edi=12EF0010 esp=00000294
  IRQS raised 145927 22 0 0 288 0 18 0 | acked 145837 22 0 0 288 0 18 0
  V86 SS:SP=0F00:0294 DS=CC00 ES=CC00 | 0F63 0030 0008 1731 0300 1142 0020 0208 0000 0000 CC00 0070 
HEARTBEAT [D000:0000117C] cpl=3 pm=1 v86=1 if=1 pic imr=A8 isr=00 irr=00 | 30 DA 88 E0 EE AD 30 DA 86 C4 EE 30 DA 88 E0 EE | eax=0000170E ebx=0000FF08 ecx=000000F8 edx=00000308 esi=0000008A edi=00000010 esp=00000294
  IRQS raised 146073 22 0 0 288 0 18 0 | acked 145983 22 0 0 288 0 18 0
  V86 SS:SP=0F00:0294 DS=CC00 ES=CC00 | 0F63 0030 0008 1731 0300 1142 0020 0208 0000 0000 CC00 0070 
HEARTBEAT [2007:000002BE] cpl=3 pm=1 v86=0 if=1 pic imr=A8 isr=00 irr=00 | 66 26 FF 74 02 9A 11 00 EF 06 0B C0 7F E2 0B C0 | eax=0000FD1C ebx=06EF2860 ecx=00000014 edx=0001245E esi=0002FD1C edi=00028E9E esp=80182A6A
  IRQS raised 146218 22 0 0 288 0 18 0 | acked 146128 22 0 0 288 0 18 0
HEARTBEAT [2007:000002BB] cpl=3 pm=1 v86=0 if=1 pic imr=A8 isr=00 irr=00 | 8E 46 F8 66 26 FF 74 02 9A 11 00 EF 06 0B C0 7F | eax=00007CE1 ebx=06EF00A0 ecx=00000014 edx=00012446 esi=00027CE1 edi=0002BCE2 esp=80182A6A
  IRQS raised 146364 22 0 0 288 0 18 0 | acked 146274 22 0 0 288 0 18 0
HEARTBEAT [0137:BFF71A56] cpl=3 pm=1 v86=0 if=1 pic imr=A8 isr=00 irr=00 | 66 64 87 3D 0E 00 00 00 57 68 2E 19 F7 BF 64 FF | eax=81514470 ebx=8018F66A ecx=00000000 edx=BFF656D3 esi=0000013F edi=2A281587 esp=8018F660
  IRQS raised 146510 22 0 0 288 0 18 0 | acked 146420 22 0 0 288 0 18 0
HEARTBEAT [0137:BFF71B81] cpl=3 pm=1 v86=0 if=1 pic imr=A8 isr=00 irr=00 | 0F 84 A2 00 00 00 0F B7 44 24 06 0B C0 74 76 A8 | eax=247E09E3 ebx=8018F66A ecx=00000000 edx=0000652C esi=0000013F edi=2A281587 esp=8018F630
  IRQS raised 146655 22 0 0 288 0 18 0 | acked 146565 22 0 0 288 0 18 0
HEARTBEAT [0137:BFF71A6B] cpl=3 pm=1 v86=0 if=1 pic imr=A8 isr=00 irr=00 | 64 89 25 00 00 00 00 55 8D 6C 24 FC FF D2 5D 0F | eax=81514470 ebx=8018F66A ecx=00000000 edx=BFF656D3 esi=0000013F edi=2A281587 esp=8018F654
  IRQS raised 146801 22 0 0 288 0 18 0 | acked 146711 22 0 0 288 0 18 0
HEARTBEAT [0137:BFF66440] cpl=3 pm=1 v86=0 if=1 pic imr=A8 isr=00 irr=00 | FF 25 D8 82 F6 BF FF 25 DC 82 F6 BF FF 25 A8 81 | eax=2476B006 ebx=8018F66A ecx=00000000 edx=00006CAD esi=0000013F edi=2A281587 esp=8018F630
  IRQS raised 146947 22 0 0 288 0 18 0 | acked 146857 22 0 0 288 0 18 0
HEARTBEAT [D000:00001160] cpl=3 pm=1 v86=1 if=1 pic imr=A8 isr=00 irr=00 | AD 30 DA 86 C4 EE 30 DA 88 E0 EE AD 30 DA 86 C4 | eax=00006969 ebx=0000FF08 ecx=0000004D edx=BFFB0300 esi=81510B34 edi=00000010 esp=00000294
  IRQS raised 147092 22 0 0 288 0 18 0 | acked 147002 22 0 0 288 0 18 0
  V86 SS:SP=0F00:0294 DS=CC00 ES=CC00 | 0F63 0030 0008 1731 0300 1142 0020 0208 0000 0000 CC00 0070 
HEARTBEAT [0028:C0004C77] cpl=0 pm=1 v86=0 if=1 pic imr=A8 isr=00 irr=00 | EB 02 2B DB 53 57 E8 10 1F 00 00 8B 48 1C 83 E1 | eax=004B3000 ebx=C0403D17 ecx=000004B3 edx=C0400000 esi=FFA0050C edi=C0411AB4 esp=C13B9F00
  IRQS raised 147238 22 0 0 288 0 18 0 | acked 147148 22 0 0 288 0 18 0
HEARTBEAT [D000:00000C83] cpl=3 pm=1 v86=1 if=1 pic imr=A8 isr=00 irr=00 | E8 21 00 3A 0E 09 00 74 09 88 0E 09 00 80 2E 08 | eax=00000880 ebx=0000FF08 ecx=00009215 edx=C1350307 esi=C0FD0000 edi=00000010 esp=00000296
  IRQS raised 147384 22 0 0 288 0 18 0 | acked 147294 22 0 0 288 0 18 0
  V86 SS:SP=0F00:0296 DS=0030 ES=CC00 | 1258 0EE7 171D 0300 0FD8 0020 0208 0000 0000 CC00 0070 00C8 
HEARTBEAT [D000:00001045] cpl=3 pm=1 v86=1 if=1 pic imr=A8 isr=00 irr=00 | 30 DA AA EC 30 DA AA EC 30 DA AA EC 30 DA AA EC | eax=00000000 ebx=0000FF08 ecx=00000079 edx=00000308 esi=00000010 edi=000000F9 esp=00000296
  IRQS raised 147529 22 0 0 288 0 18 0 | acked 147439 22 0 0 288 0 18 0
  V86 SS:SP=0F00:0296 DS=0030 ES=CC00 | 0F14 0008 171D 0300 0FD8 0020 0208 0000 0000 CC00 0070 00C8 
HEARTBEAT [0137:BFF815D3] cpl=3 pm=1 v86=0 if=1 pic imr=A8 isr=00 irr=00 | EB 2E B8 01 00 00 00 C3 8B 65 E8 6A 00 6A 00 8B | eax=BFF798A9 ebx=7EBA3838 ecx=BFF798A9 edx=BFF70000 esi=7EBA4CF2 edi=0007EBA3 esp=81FF7E70
  IRQS raised 147675 22 0 0 288 0 18 0 | acked 147585 22 0 0 288 0 18 0
HEARTBEAT [0028:C0009310] cpl=0 pm=1 v86=0 if=0 pic imr=A8 isr=00 irr=00 | 8B 7F 40 85 FF 75 F6 8B 7B 9C 03 F8 9C 73 1A 81 | eax=FFFFF000 ebx=C15200E8 ecx=C15200E8 edx=C0FCEAF4 esi=00000000 edi=C1000988 esp=C0EDCBB0
  IRQS raised 147821 22 0 0 288 0 18 0 | acked 147731 22 0 0 288 0 18 0
HEARTBEAT [D000:0000124A] cpl=3 pm=1 v86=1 if=1 pic imr=A8 isr=00 irr=00 | E8 7F 00 84 C0 78 04 84 E0 75 1A E8 2B FA 73 F0 | eax=00020880 ebx=06DFFF08 ecx=000292A6 edx=81510307 esi=00000000 edi=00000010 esp=00000298
  IRQS raised 147966 22 0 0 288 0 18 0 | acked 147876 22 0 0 288 0 18 0
  V86 SS:SP=0F00:0298 DS=0030 ES=CC00 | 0EE7 171D 0300 0FD8 0020 0208 0000 0000 CC00 0070 00C8 0522 
HEARTBEAT [D000:00001155] cpl=3 pm=1 v86=1 if=1 pic imr=A8 isr=00 irr=00 | AD 30 DA 86 C4 EE 30 DA 88 E0 EE AD 30 DA 86 C4 | eax=0000FFFF ebx=0000FF08 ecx=000000C2 edx=C1120300 esi=C11C03E2 edi=C1120010 esp=00000294
  IRQS raised 148112 22 0 0 288 0 18 0 | acked 148022 22 0 0 288 0 18 0
  V86 SS:SP=0F00:0294 DS=CC00 ES=CC00 | 0F63 0030 0008 1731 0300 1142 0020 0208 0000 0000 CC00 0070 
HEARTBEAT [D000:0000114B] cpl=3 pm=1 v86=1 if=1 pic imr=A8 isr=00 irr=00 | 30 DA 86 C4 EE 30 DA 88 E0 EE AD 30 DA 86 C4 EE | eax=00523000 ebx=0000FF08 ecx=000000B2 edx=00410300 esi=815104E2 edi=7FD50010 esp=00000294
  IRQS raised 148257 22 0 0 288 0 18 0 | acked 148167 22 0 0 288 0 18 0
  V86 SS:SP=0F00:0294 DS=CC00 ES=CC00 | 0F63 0030 0008 1731 0300 1142 0020 0208 0000 0000 CC00 0070 
HEARTBEAT [D000:00001031] cpl=3 pm=1 v86=1 if=1 pic imr=A8 isr=00 irr=00 | 30 DA AA EC 30 DA AA EC 30 DA AA EC 30 DA AA EC | eax=0000003D ebx=0000FF08 ecx=0000007B edx=00000300 esi=00000010 edi=000000B4 esp=00000296
  IRQS raised 148403 22 0 0 288 0 18 0 | acked 148313 22 0 0 288 0 18 0
  V86 SS:SP=0F00:0296 DS=0030 ES=CC00 | 0F14 0008 171D 0300 0FD8 0020 0208 0000 0000 CC00 0070 00C8 
HEARTBEAT [D000:0000114A] cpl=3 pm=1 v86=1 if=1 pic imr=A8 isr=00 irr=00 | AD 30 DA 86 C4 EE 30 DA 88 E0 EE AD 30 DA 86 C4 | eax=BFE6FFFF ebx=0000FF08 ecx=C0FF002F edx=C0010300 esi=81510D10 edi=00000010 esp=00000294
  IRQS raised 148549 22 0 0 288 0 18 0 | acked 148459 22 0 0 288 0 18 0
  V86 SS:SP=0F00:0294 DS=CC00 ES=CC00 | 0F63 0030 0008 1731 0300 1142 0020 0208 0000 0000 CC00 0070 
HEARTBEAT [0028:C000589D] cpl=0 pm=1 v86=0 if=1 pic imr=A8 isr=00 irr=00 | 39 38 74 0C 83 C0 04 3D A8 0D 01 C0 72 F2 EB 0B | eax=C0010D40 ebx=FFA00688 ecx=00000005 edx=00001ABE esi=0000017F edi=C0411A78 esp=C0EEAE48
  IRQS raised 148694 22 0 0 288 0 18 0 | acked 148604 22 0 0 288 0 18 0
HEARTBEAT [D000:000012FB] cpl=3 pm=1 v86=1 if=1 pic imr=A8 isr=00 irr=00 | EC C3 30 F6 8A 5D 14 80 FB 08 72 20 80 FB 0A 76 | eax=00000806 ebx=0000FF08 ecx=00009381 edx=C1350307 esi=C0FF0000 edi=C0FF0010 esp=00000296
  IRQS raised 148840 22 0 0 288 0 18 0 | acked 148750 22 0 0 288 0 18 0
  V86 SS:SP=0F00:0296 DS=0030 ES=CC00 | 124D 0EE7 171D 0300 0FD8 0020 0208 0000 0000 CC00 0070 00C8 
HEARTBEAT [D000:00000CAC] cpl=3 pm=1 v86=1 if=1 pic imr=A8 isr=00 irr=00 | 8B 0E 6C 04 1F C3 B0 06 B2 06 E8 44 06 B8 06 00 | eax=00000880 ebx=0000FF08 ecx=00000000 edx=00000307 esi=00000000 edi=00000010 esp=00000292
  IRQS raised 148986 22 0 0 288 0 18 0 | acked 148896 22 0 0 288 0 18 0
  V86 SS:SP=0F00:0292 DS=0000 ES=CC00 | 0030 0C86 1258 0EE7 171D 0300 0FD8 0020 0208 0000 0000 CC00 
HEARTBEAT [0028:C0003853] cpl=0 pm=1 v86=0 if=1 pic imr=A8 isr=00 irr=00 | FF 4F 24 75 2D 8B 47 48 83 38 00 75 04 80 4F 73 | eax=C0FCEDF0 ebx=C15200E8 ecx=C0FCE0D8 edx=00000000 esi=00000002 edi=C159F068 esp=C13A1E40
  IRQS raised 149131 22 0 0 288 0 18 0 | acked 149041 22 0 0 288 0 18 0
HEARTBEAT [D000:00001025] cpl=3 pm=1 v86=1 if=1 pic imr=A8 isr=00 irr=00 | 30 DA AA EC 30 DA AA EC 30 DA AA EC 30 DA AA EC | eax=000000FF ebx=0000FF08 ecx=0000003A edx=00000308 esi=00020010 edi=000008D1 esp=00000296
  IRQS raised 149277 22 0 0 288 0 18 0 | acked 149187 22 0 0 288 0 18 0
  V86 SS:SP=0F00:0296 DS=0030 ES=CC00 | 0F14 0008 171D 0300 0FD8 0020 0208 0000 0000 CC00 0070 00C8 
HEARTBEAT [D000:00000C8A] cpl=3 pm=1 v86=1 if=1 pic imr=A8 isr=00 irr=00 | 74 09 88 0E 09 00 80 2E 08 00 01 C3 B8 02 00 FB | eax=C0FC0880 ebx=0000FF08 ecx=00009412 edx=C1350307 esi=C0FF0000 edi=C0FF0010 esp=00000296
  IRQS raised 149423 22 0 0 288 0 18 0 | acked 149333 22 0 0 288 0 18 0
  V86 SS:SP=0F00:0296 DS=0030 ES=CC00 | 1258 0EE7 171D 0300 0FD8 0020 0208 0000 0000 CC00 0070 00C8 
HEARTBEAT [D000:00001258] cpl=3 pm=1 v86=1 if=1 pic imr=A8 isr=00 irr=00 | 73 F0 E8 12 00 72 03 B4 80 F9 C3 E8 66 00 84 C0 | eax=27270880 ebx=0000FF08 ecx=00009437 edx=00000307 esi=00000000 edi=00000010 esp=00000298
  IRQS raised 149568 22 0 0 288 0 18 0 | acked 149478 22 0 0 288 0 18 0
  V86 SS:SP=0F00:0298 DS=0030 ES=CC00 | 0EE7 171D 0300 0FD8 0020 0208 0000 0000 CC00 0070 00C8 0522 
HEARTBEAT [2847:00003A27] cpl=3 pm=1 v86=0 if=1 pic imr=A8 isr=00 irr=00 | FF 06 10 0F 8B 1E 12 0F 8B 36 14 0F 8A 00 88 46 | eax=25DFED45 ebx=06EFED4E ecx=0000ED3E edx=000025DF esi=00009B40 edi=0000ED24 esp=0063724E
  IRQS raised 149714 22 0 0 288 0 18 0 | acked 149624 22 0 0 288 0 18 0
HEARTBEAT [D000:00001059] cpl=3 pm=1 v86=1 if=1 pic imr=A8 isr=00 irr=00 | 30 DA AA EC 30 DA AA 49 74 03 E9 7A FF C3 88 CD | eax=82010088 ebx=0000FF08 ecx=0003002E edx=81FD0300 esi=BFF70010 edi=BFF70A5E esp=00000296
  IRQS raised 149860 22 0 0 288 0 18 0 | acked 149770 22 0 0 288 0 18 0
  V86 SS:SP=0F00:0296 DS=0030 ES=CC00 | 0F14 0008 171D 0300 0FD8 0020 0208 0000 0000 CC00 0070 00C8 
HEARTBEAT [0137:BFF7228C] cpl=3 pm=1 v86=0 if=1 pic imr=A8 isr=00 irr=00 | 8B EC 56 57 8B 7D 0C 33 C9 49 33 C0 F2 AE F7 D1 | eax=0063EEFC ebx=0063F7B6 ecx=81A10070 edx=006300EC esi=0063EF84 edi=0063F7A4 esp=0063EEE8
  IRQS raised 150005 22 0 0 288 0 18 0 | acked 149915 22 0 0 288 0 18 0
HEARTBEAT [D000:00001049] cpl=3 pm=1 v86=1 if=1 pic imr=A8 isr=00 irr=00 | 30 DA AA EC 30 DA AA EC 30 DA AA EC 30 DA AA EC | eax=80140067 ebx=0000FF08 ecx=81EA001C edx=81EA0300 esi=BFF70010 edi=BFF70C9A esp=00000296
  IRQS raised 150151 22 0 0 288 0 18 0 | acked 150061 22 0 0 288 0 18 0
  V86 SS:SP=0F00:0296 DS=0030 ES=CC00 | 0F14 0008 171D 0300 0FD8 0020 0208 0000 0000 CC00 0070 00C8 
HEARTBEAT [D000:00001184] cpl=3 pm=1 v86=1 if=1 pic imr=A8 isr=00 irr=00 | 86 C4 EE 30 DA 88 E0 EE AD 30 DA 86 C4 EE 30 DA | eax=00000000 ebx=0063FF08 ecx=81A100A4 edx=00630308 esi=000005CC edi=00630010 esp=00000294
  IRQS raised 150297 22 0 0 288 0 18 0 | acked 150207 22 0 0 288 0 18 0
  V86 SS:SP=0F00:0294 DS=CC00 ES=CC00 | 0F63 0030 0008 1731 0300 1142 0020 0208 0000 0000 CC00 0070 
HEARTBEAT [06DF:00001161] cpl=3 pm=1 v86=0 if=1 pic imr=A8 isr=00 irr=00 | 74 33 53 FF B7 CB 07 FF B7 CD 07 FF B7 CF 07 66 | eax=06DF07C7 ebx=0063034E ecx=00002647 edx=00002647 esi=00007FDC edi=BFF60012 esp=00637F9E
  IRQS raised 150442 22 0 0 288 0 18 0 | acked 150352 22 0 0 288 0 18 0
HEARTBEAT [0028:C001E9D2] cpl=0 pm=1 v86=0 if=1 pic imr=A8 isr=00 irr=00 | 5E C9 C3 8D 49 00 55 8B EC 53 56 57 8B 5D 0C 0B | eax=00000000 ebx=C1000A2C ecx=C140666C edx=C15207E0 esi=C0EEAD8C edi=00000000 esp=C0EEACE8
  IRQS raised 150588 22 0 0 288 0 18 0 | acked 150498 22 0 0 288 0 18 0
HEARTBEAT [0137:BFF79430] cpl=3 pm=1 v86=0 if=1 pic imr=A8 isr=00 irr=00 | 5F 5E 5B 83 C4 04 C2 08 00 33 D2 8B 44 24 04 80 | eax=005105F4 ebx=7EB9EC54 ecx=8151B048 edx=00410000 esi=005105F4 edi=00000000 esp=0063E918
  IRQS raised 150734 22 0 0 288 0 18 0 | acked 150644 22 0 0 288 0 18 0
HEARTBEAT [0028:C000A7AE] cpl=0 pm=1 v86=0 if=1 pic imr=A8 isr=00 irr=00 | 60 FF 11 61 73 05 8B 49 FC EB F3 5F 5B C3 8B DA | eax=00000004 ebx=C15200E8 ecx=C0FCE950 edx=00000000 esi=C0FCE154 edi=C159F068 esp=C13A1E64
  IRQS raised 150879 22 0 0 288 0 18 0 | acked 150789 22 0 0 288 0 18 0
HEARTBEAT [0028:C00037C4] cpl=0 pm=1 v86=0 if=1 pic imr=A8 isr=00 irr=00 | 8B FD B9 1B 00 00 00 FC F3 A5 81 65 2C FF 8D FC | eax=00000000 ebx=C15200E8 ecx=00001607 edx=00000200 esi=C13A1DD4 edi=C13A1DD4 esp=C13A1DB0
  IRQS raised 151025 22 0 0 288 0 18 0 | acked 150935 22 0 0 288 0 18 0
HEARTBEAT [0028:C002DDF9] cpl=0 pm=1 v86=0 if=1 pic imr=A8 isr=00 irr=00 | 56 8B 75 64 FF 15 74 17 03 C0 5E FE 44 24 0B 9D | eax=00000000 ebx=C160F4A0 ecx=C0FFC2C2 edx=C160F600 esi=C0FFC244 edi=C0FFC2F8 esp=C0EE8C98
  IRQS raised 151171 22 0 0 288 0 18 0 | acked 151081 22 0 0 288 0 18 0
HEARTBEAT [0028:C0256494] cpl=0 pm=1 v86=0 if=1 pic imr=A8 isr=00 irr=00 | 66 AB 66 83 F8 5F 74 05 E2 92 5A 5A C3 83 3C 24 | eax=00000056 ebx=C113D770 ecx=00000001 edx=C113D79C esi=C0FFC2CD edi=C0FFC2BE esp=C0EE8C68
  IRQS raised 151316 22 0 0 306 0 18 0 | acked 151226 22 0 0 306 0 18 0
HEARTBEAT [0028:C002DC4A] cpl=0 pm=1 v86=0 if=1 pic imr=A8 isr=00 irr=00 | 66 3D 10 04 75 47 F6 43 0B 08 75 41 8D 7E 3A 8D | eax=00000000 ebx=C1618560 ecx=00000000 edx=C1618600 esi=C0FFC244 edi=C0FFC2C2 esp=C0EE8C9C
  IRQS raised 151462 22 0 0 447 0 18 0 | acked 151372 22 0 0 447 0 18 0
HEARTBEAT [0028:C00020B9] cpl=0 pm=1 v86=0 if=1 pic imr=A8 isr=00 irr=00 | 8B 4D 24 C1 E6 04 89 4F A8 03 F1 66 8B 0E 0F B6 | eax=006338E3 ebx=C15200E8 ecx=C0FF102E edx=00634240 esi=0000F000 edi=C0FFE374 esp=C0EE89F0
  IRQS raised 151607 22 0 0 597 0 18 0 | acked 151517 22 0 0 597 0 18 0
HEARTBEAT [0028:C00012B0] cpl=0 pm=1 v86=0 if=0 pic imr=A8 isr=00 irr=00 | 60 BE 34 00 00 00 EB 08 60 BE 38 00 00 00 8B F6 | eax=006338E3 ebx=00000001 ecx=C0FF102E edx=00634240 esi=00630001 edi=00630000 esp=C0EE8F90
  IRQS raised 151753 22 0 0 666 0 18 0 | acked 151663 22 0 0 666 0 18 0
HEARTBEAT [0028:C0003DA6] cpl=0 pm=1 v86=0 if=1 pic imr=A8 isr=00 irr=00 | 8B FA D0 C2 32 D6 0F B6 D2 8D 14 52 D1 EA 87 D7 | eax=00633838 ebx=C15200E8 ecx=000000E4 edx=00000000 esi=000FECB4 edi=000000E4 esp=C0EE89F0
  IRQS raised 151899 22 0 0 666 0 18 0 | acked 151809 22 0 0 666 0 18 0
HEARTBEAT [F000:0000ECB6] cpl=3 pm=1 v86=1 if=0 pic imr=A8 isr=00 irr=00 | 74 F4 9D E2 EF 58 C3 8A C6 E8 95 0C 8A C2 E8 90 | eax=006338E3 ebx=00000001 ecx=C0FF102E edx=00634240 esi=00630001 edi=00630000 esp=00000268
  IRQS raised 152044 22 0 0 666 0 18 0 | acked 151954 22 0 0 666 0 18 0
  V86 SS:SP=0F00:0268 DS=0040 ES=0628 | 3202 0008 09B2 EFA0 0729 E646 0598 EFA0 E646 0151 00A6 0E01 
HEARTBEAT [0028:C0035C24] cpl=0 pm=1 v86=0 if=1 pic imr=A8 isr=00 irr=00 | 81 FE 54 79 03 C0 76 02 04 04 6B C0 34 05 B4 77 | eax=00000000 ebx=C15200E8 ecx=00000000 edx=00000001 esi=C0037954 edi=C159F9AC esp=C0EE89E8
  IRQS raised 152190 22 0 0 666 0 18 0 | acked 152100 22 0 0 666 0 18 0
HEARTBEAT [0028:C00372C8] cpl=0 pm=1 v86=0 if=1 pic imr=A8 isr=00 irr=00 | 58 8A C4 BE 5C 79 03 C0 E8 5C F4 FF FF 61 9D C3 | eax=00000000 ebx=C15200E8 ecx=00000000 edx=00000000 esi=C0037954 edi=00000000 esp=C0EE89C0
  IRQS raised 152336 22 0 0 741 0 18 0 | acked 152246 22 0 0 741 0 18 0
HEARTBEAT [0028:C000131C] cpl=0 pm=1 v86=0 if=0 pic imr=A8 isr=00 irr=00 | 8A 43 1F F6 D0 D0 E0 22 47 73 24 40 C0 E8 03 08 | eax=00000000 ebx=C15200E8 ecx=00000000 edx=C0FCEB10 esi=C0037954 edi=C0FFE374 esp=C0EE89F4
  IRQS raised 152481 22 0 0 741 0 18 0 | acked 152391 22 0 0 741 0 18 0
HEARTBEAT [0028:C0003DD4] cpl=0 pm=1 v86=0 if=1 pic imr=A8 isr=00 irr=00 | 83 45 24 02 0F B6 D5 EB C9 2E 8B C0 FF 45 24 0F | eax=00633838 ebx=C15200E8 ecx=000000E4 edx=00634240 esi=000FECB4 edi=000000E4 esp=C0EE89F0
  IRQS raised 152627 22 0 0 741 0 18 0 | acked 152537 22 0 0 741 0 18 0
HEARTBEAT [0028:C0003190] cpl=0 pm=1 v86=0 if=0 pic imr=A8 isr=00 irr=00 | B9 E3 02 00 80 F6 45 2D 02 74 0D 80 E5 FD 8A 53 | eax=00000000 ebx=C15200E8 ecx=00000000 edx=C00377D4 esi=00000000 edi=C0FFE374 esp=C0EE89E8
  IRQS raised 152773 22 0 0 741 0 18 0 | acked 152683 22 0 0 741 0 18 0
HEARTBEAT [0028:C00031AD] cpl=0 pm=1 v86=0 if=0 pic imr=A8 isr=00 irr=00 | 8B 50 10 85 D2 75 1D 8B 50 30 3B 1D 20 07 01 C0 | eax=C00106D4 ebx=C15200E8 ecx=800002E3 edx=C00377D4 esi=00000000 edi=C0FFE374 esp=C0EE89E8
  IRQS raised 152918 22 0 0 741 0 18 0 | acked 152828 22 0 0 741 0 18 0
HEARTBEAT [0028:C0036774] cpl=0 pm=1 v86=0 if=1 pic imr=A8 isr=00 irr=00 | C3 CD 20 12 80 04 00 8B 08 FF 15 D8 76 03 C0 F6 | eax=00000000 ebx=C15200E8 ecx=00000000 edx=00000000 esi=C0037954 edi=00000000 esp=C0EE89BC
  IRQS raised 153064 22 0 0 741 0 18 0 | acked 152974 22 0 0 741 0 18 0
HEARTBEAT [0028:C000324D] cpl=0 pm=1 v86=0 if=0 pic imr=A8 isr=00 irr=00 | EB F0 C3 85 F6 74 05 85 70 08 74 F2 F7 40 08 00 | eax=C0FCEB48 ebx=C15200E8 ecx=800002C3 edx=C0FCEB48 esi=00000000 edi=C0FFE374 esp=C0EE89E0
  IRQS raised 153210 22 0 0 741 0 18 0 | acked 153120 22 0 0 741 0 18 0
HEARTBEAT [0028:C0037173] cpl=0 pm=1 v86=0 if=1 pic imr=A8 isr=00 irr=00 | 8B 04 02 0F A3 0E 73 02 D1 E8 C3 FF 15 4C 7A 03 | eax=00000000 ebx=C15200E8 ecx=00000000 edx=C00377D4 esi=C0037954 edi=C159F9AC esp=C0EE89EC
  IRQS raised 153355 22 0 0 741 0 18 0 | acked 153265 22 0 0 741 0 18 0
HEARTBEAT [0028:C00372BC] cpl=0 pm=1 v86=0 if=0 pic imr=A8 isr=00 irr=00 | 9D 50 BE 54 79 03 C0 E8 69 F4 FF FF 58 8A C4 BE | eax=00000000 ebx=C15200E8 ecx=00000000 edx=00000000 esi=000FECB4 edi=00000000 esp=C0EE89C0
  IRQS raised 153501 22 0 0 741 0 18 0 | acked 153411 22 0 0 741 0 18 0
HEARTBEAT [0028:C0037148] cpl=0 pm=1 v86=0 if=1 pic imr=A8 isr=00 irr=00 | 75 09 53 57 E8 38 F4 FF FF 5F 5B E8 CA EA FF FF | eax=00633838 ebx=C15200E8 ecx=00000000 edx=00000001 esi=C0037954 edi=C159F9AC esp=C0EE89EC
  IRQS raised 153647 22 0 0 741 0 18 0 | acked 153557 22 0 0 741 0 18 0
HEARTBEAT [0028:C0001338] cpl=0 pm=1 v86=0 if=0 pic imr=A8 isr=00 irr=00 | 87 67 4C 8A 44 24 2D 0C 30 A8 02 75 03 22 43 99 | eax=00000000 ebx=C15200E8 ecx=00000000 edx=C0FCEB10 esi=C0037954 edi=C0FFE374 esp=C0EE89F4
  IRQS raised 153792 22 0 0 741 0 18 0 | acked 153702 22 0 0 741 0 18 0
HEARTBEAT [0028:C000317F] cpl=0 pm=1 v86=0 if=0 pic imr=A8 isr=00 irr=00 | 33 C0 56 33 F6 8B 6B 08 39 05 F4 E9 00 C0 75 ED | eax=00000000 ebx=C15200E8 ecx=00000000 edx=C00377D4 esi=C0037954 edi=C0FFE374 esp=C0EE89F0
  IRQS raised 153938 22 0 0 741 0 18 0 | acked 153848 22 0 0 741 0 18 0
HEARTBEAT [0028:C00012B0] cpl=0 pm=1 v86=0 if=0 pic imr=A8 isr=00 irr=00 | 60 BE 34 00 00 00 EB 08 60 BE 38 00 00 00 8B F6 | eax=00633838 ebx=00000001 ecx=C0FF102E edx=00634240 esi=00630001 edi=00630000 esp=C0EE8F90
  IRQS raised 154084 22 0 0 741 0 18 0 | acked 153994 22 0 0 741 0 18 0
HEARTBEAT [0028:C0003DC9] cpl=0 pm=1 v86=0 if=1 pic imr=A8 isr=00 irr=00 | 88 45 1C C3 68 C0 3D 00 C0 EB 98 83 45 24 02 0F | eax=390000E3 ebx=C15200E8 ecx=00000000 edx=C00377D4 esi=C0037954 edi=C159F9AC esp=C0EE89F0
  IRQS raised 154229 22 0 0 741 0 18 0 | acked 154139 22 0 0 741 0 18 0
HEARTBEAT [0028:C00031B2] cpl=0 pm=1 v86=0 if=0 pic imr=A8 isr=00 irr=00 | 75 1D 8B 50 30 3B 1D 20 07 01 C0 75 04 85 D2 75 | eax=C00106D4 ebx=C15200E8 ecx=800002E3 edx=C0FFE374 esi=00000000 edi=C0FFE374 esp=C0EE89E8
  IRQS raised 154375 22 0 0 741 0 18 0 | acked 154285 22 0 0 741 0 18 0
HEARTBEAT [0028:C000317F] cpl=0 pm=1 v86=0 if=0 pic imr=A8 isr=00 irr=00 | 33 C0 56 33 F6 8B 6B 08 39 05 F4 E9 00 C0 75 ED | eax=00000000 ebx=C15200E8 ecx=00000000 edx=C00377D4 esi=C0037954 edi=C0FFE374 esp=C0EE89F0
  IRQS raised 154521 22 0 0 741 0 18 0 | acked 154431 22 0 0 741 0 18 0
HEARTBEAT [0028:C0036589] cpl=0 pm=1 v86=0 if=1 pic imr=A8 isr=00 irr=00 | 0F A3 4E 06 72 06 0F A3 4E 05 72 71 E8 88 F6 FF | eax=006338E3 ebx=C15200E8 ecx=00000000 edx=00000001 esi=C0037954 edi=C159F9AC esp=C0EE89E0
  IRQS raised 154666 22 0 0 741 0 18 0 | acked 154576 22 0 0 741 0 18 0
HEARTBEAT [0028:C0003231] cpl=0 pm=1 v86=0 if=0 pic imr=A8 isr=00 irr=00 | 5D 59 5E C3 8B D5 8B 42 FC EB F5 8D 50 04 8B 42 | eax=00000000 ebx=C15200E8 ecx=800002C3 edx=C0FCEB10 esi=00000000 edi=C0FFE374 esp=C0EE89E4
  IRQS raised 154812 22 0 0 741 0 18 0 | acked 154722 22 0 0 741 0 18 0
HEARTBEAT [0028:C0037113] cpl=0 pm=1 v86=0 if=1 pic imr=A8 isr=00 irr=00 | 72 1F E8 74 FD FF FF E8 92 FD FF FF 8A 27 E8 81 | eax=00633838 ebx=C15200E8 ecx=00000000 edx=00000000 esi=000FECB4 edi=00000000 esp=C0EE89EC
  IRQS raised 154957 22 0 0 741 0 18 0 | acked 154867 22 0 0 741 0 18 0
HEARTBEAT [0028:C0001345] cpl=0 pm=1 v86=0 if=0 pic imr=A8 isr=00 irr=00 | 22 43 99 88 44 24 2D 61 83 C4 04 CF 2E 8B C0 E8 | eax=00000030 ebx=C15200E8 ecx=00000000 edx=C0FCEB10 esi=C0037954 edi=C0FFE374 esp=C0EE8F70
  IRQS raised 155103 22 0 0 741 0 18 0 | acked 155013 22 0 0 741 0 18 0
HEARTBEAT [0028:C00012CB] cpl=0 pm=1 v86=0 if=0 pic imr=A8 isr=00 irr=00 | 0F 84 9F 00 00 00 8E DF 8E C7 8B 3D A8 06 01 C0 | eax=006338E3 ebx=00000001 ecx=C0FF102E edx=00634240 esi=00000034 edi=00630030 esp=C0EE8F70
  IRQS raised 155249 22 0 0 741 0 18 0 | acked 155159 22 0 0 741 0 18 0
HEARTBEAT [0028:C00372BC] cpl=0 pm=1 v86=0 if=0 pic imr=A8 isr=00 irr=00 | 9D 50 BE 54 79 03 C0 E8 69 F4 FF FF 58 8A C4 BE | eax=00000000 ebx=C15200E8 ecx=00000000 edx=00000000 esi=000FECB4 edi=00000000 esp=C0EE89C0
  IRQS raised 155394 22 0 0 741 0 18 0 | acked 155304 22 0 0 741 0 18 0
HEARTBEAT [0028:C00012B1] cpl=0 pm=1 v86=0 if=0 pic imr=A8 isr=00 irr=00 | BE 34 00 00 00 EB 08 60 BE 38 00 00 00 8B F6 FC | eax=006338E3 ebx=00000001 ecx=C0FF102E edx=00634240 esi=00630001 edi=00630000 esp=C0EE8F70
  IRQS raised 155540 22 0 0 741 0 18 0 | acked 155450 22 0 0 741 0 18 0
HEARTBEAT [0028:C0001305] cpl=0 pm=1 v86=0 if=1 pic imr=A8 isr=00 irr=00 | 8B 1D 1C 07 01 C0 8B 3D A8 06 01 C0 FA 33 C0 3B | eax=390000E3 ebx=C15200E8 ecx=00000000 edx=C00377D4 esi=C0037954 edi=C159F9AC esp=C0EE89F4
  IRQS raised 155686 22 0 0 741 0 18 0 | acked 155596 22 0 0 741 0 18 0
HEARTBEAT [0028:C0003234] cpl=0 pm=1 v86=0 if=0 pic imr=A8 isr=00 irr=00 | C3 8B D5 8B 42 FC EB F5 8D 50 04 8B 42 FC 85 C0 | eax=00000000 ebx=C15200E8 ecx=00000000 edx=C0FCEB10 esi=C0037954 edi=C0FFE374 esp=C0EE89F0
  IRQS raised 155831 22 0 0 741 0 18 0 | acked 155741 22 0 0 741 0 18 0
HEARTBEAT [0028:C0003221] cpl=0 pm=1 v86=0 if=0 pic imr=A8 isr=00 irr=00 | 74 08 8B 47 6C E8 11 00 00 00 85 ED 75 06 33 C0 | eax=00000000 ebx=C15200E8 ecx=800002C3 edx=C0FCEB10 esi=00000000 edi=C0FFE374 esp=C0EE89E4
  IRQS raised 155977 22 0 0 741 0 18 0 | acked 155887 22 0 0 741 0 18 0
HEARTBEAT [0028:C00012B0] cpl=0 pm=1 v86=0 if=0 pic imr=A8 isr=00 irr=00 | 60 BE 34 00 00 00 EB 08 60 BE 38 00 00 00 8B F6 | eax=006338E3 ebx=00000001 ecx=C0FF102E edx=00634240 esi=00630001 edi=00630000 esp=C0EE8F90
  IRQS raised 156123 22 0 0 741 0 18 0 | acked 156033 22 0 0 741 0 18 0
HEARTBEAT [0028:C0003231] cpl=0 pm=1 v86=0 if=0 pic imr=A8 isr=00 irr=00 | 5D 59 5E C3 8B D5 8B 42 FC EB F5 8D 50 04 8B 42 | eax=00000000 ebx=C15200E8 ecx=800002C3 edx=C0FCEB10 esi=00000000 edi=C0FFE374 esp=C0EE89E4
  IRQS raised 156268 22 0 0 741 0 18 0 | acked 156178 22 0 0 741 0 18 0
HEARTBEAT [0028:C000324D] cpl=0 pm=1 v86=0 if=0 pic imr=A8 isr=00 irr=00 | EB F0 C3 85 F6 74 05 85 70 08 74 F2 F7 40 08 00 | eax=C0FCEF14 ebx=C15200E8 ecx=800002C3 edx=C0FCEF14 esi=00000000 edi=C0FFE374 esp=C0EE89E0
  IRQS raised 156414 22 0 0 741 0 18 0 | acked 156324 22 0 0 741 0 18 0
HEARTBEAT [0028:C00031D3] cpl=0 pm=1 v86=0 if=0 pic imr=A8 isr=00 irr=00 | 74 13 80 CD 08 3B 1D 20 07 01 C0 75 08 39 5A 14 | eax=C00106D4 ebx=C15200E8 ecx=800002E3 edx=C0FFE374 esi=00000000 edi=C0FFE374 esp=C0EE89E8
  IRQS raised 156560 22 0 0 741 0 18 0 | acked 156470 22 0 0 741 0 18 0
HEARTBEAT [0028:C0001311] cpl=0 pm=1 v86=0 if=1 pic imr=A8 isr=00 irr=00 | FA 33 C0 3B 05 F0 E9 00 C0 75 38 8A 43 1F F6 D0 | eax=390000E3 ebx=C15200E8 ecx=00000000 edx=C00377D4 esi=C0037954 edi=C0FFE374 esp=C0EE89F4
  IRQS raised 156705 22 0 0 741 0 18 0 | acked 156615 22 0 0 741 0 18 0
HEARTBEAT [0028:C0003DAF] cpl=0 pm=1 v86=0 if=1 pic imr=A8 isr=00 irr=00 | 8D 14 52 D1 EA 87 D7 66 39 14 7D 40 EA 00 C0 75 | eax=00633838 ebx=C15200E8 ecx=000000E4 edx=00000000 esi=000FECB4 edi=00000000 esp=C0EE89F0
  IRQS raised 156851 22 0 0 741 0 18 0 | acked 156761 22 0 0 741 0 18 0
HEARTBEAT [0028:C0035C6C] cpl=0 pm=1 v86=0 if=0 pic imr=A8 isr=00 irr=00 | 51 E4 08 08 05 60 7A 03 C0 8A 0D 58 79 03 C0 80 | eax=006338E3 ebx=C15200E8 ecx=00000000 edx=00000000 esi=000FECAC edi=00000000 esp=C0EE89BC
  IRQS raised 156997 22 0 0 741 0 18 0 | acked 156907 22 0 0 741 0 18 0
HEARTBEAT [0028:C0003249] cpl=0 pm=1 v86=0 if=0 pic imr=A8 isr=00 irr=00 | 74 05 8B D0 EB F0 C3 85 F6 74 05 85 70 08 74 F2 | eax=C0FCEAA0 ebx=C15200E8 ecx=800002C3 edx=C0FCEEBC esi=00000000 edi=C0FFE374 esp=C0EE89E0
  IRQS raised 157142 22 0 0 741 0 18 0 | acked 157052 22 0 0 741 0 18 0
HEARTBEAT [0028:C0003244] cpl=0 pm=1 v86=0 if=0 pic imr=A8 isr=00 irr=00 | 74 09 85 48 08 74 05 8B D0 EB F0 C3 85 F6 74 05 | eax=C0FCEB10 ebx=C15200E8 ecx=800002C3 edx=C0FCEB48 esi=00000000 edi=C0FFE374 esp=C0EE89E0
  IRQS raised 157288 22 0 0 741 0 18 0 | acked 157198 22 0 0 741 0 18 0
HEARTBEAT [0028:C00012D1] cpl=0 pm=1 v86=0 if=0 pic imr=A8 isr=00 irr=00 | 8E DF 8E C7 8B 3D A8 06 01 C0 87 67 4C 3D 55 66 | eax=006338E3 ebx=00000001 ecx=C0FF102E edx=00634240 esi=00000034 edi=00630030 esp=C0EE8F70
  IRQS raised 157434 22 0 0 741 0 18 0 | acked 157344 22 0 0 741 0 18 0
HEARTBEAT [0028:C00372A6] cpl=0 pm=1 v86=0 if=1 pic imr=A8 isr=00 irr=00 | 60 9C FA E8 BE E9 FF FF 33 C0 86 05 60 7A 03 C0 | eax=006338E3 ebx=C15200E8 ecx=00000000 edx=00000000 esi=000FECAC edi=00000000 esp=C0EE89E4
  IRQS raised 157579 22 0 0 741 0 18 0 | acked 157489 22 0 0 741 0 18 0
HEARTBEAT [0028:C000132E] cpl=0 pm=1 v86=0 if=0 pic imr=A8 isr=00 irr=00 | F6 03 20 75 79 3D 43 66 22 00 87 67 4C 8A 44 24 | eax=00000000 ebx=C15200E8 ecx=00000000 edx=C0FCEB10 esi=C0037954 edi=C0FFE374 esp=C0EE89F4
  IRQS raised 157725 22 0 0 741 0 18 0 | acked 157635 22 0 0 741 0 18 0
HEARTBEAT [0028:C000143A] cpl=0 pm=1 v86=0 if=0 pic imr=A8 isr=00 irr=00 | 0F A9 0F A1 07 1F 61 83 C4 04 CF 2E 8B C0 83 FE | eax=00000000 ebx=C15200E8 ecx=0000000E edx=00000106 esi=C00355D4 edi=00004000 esp=C0EE89B0
  IRQS raised 157871 22 0 0 741 0 18 0 | acked 157781 22 0 0 741 0 18 0
HEARTBEAT [0028:C0003249] cpl=0 pm=1 v86=0 if=0 pic imr=A8 isr=00 irr=00 | 74 05 8B D0 EB F0 C3 85 F6 74 05 85 70 08 74 F2 | eax=C0FCEB10 ebx=C15200E8 ecx=800002C3 edx=C0FCEB48 esi=00000000 edi=C0FFE374 esp=C0EE89E0
  IRQS raised 158016 22 0 0 741 0 18 0 | acked 157926 22 0 0 741 0 18 0
HEARTBEAT [0028:C00012CB] cpl=0 pm=1 v86=0 if=0 pic imr=A8 isr=00 irr=00 | 0F 84 9F 00 00 00 8E DF 8E C7 8B 3D A8 06 01 C0 | eax=00633838 ebx=00000001 ecx=C0FF102E edx=00634240 esi=00000034 edi=00630030 esp=C0EE8F70
  IRQS raised 158162 22 0 0 741 0 18 0 | acked 158072 22 0 0 741 0 18 0
HEARTBEAT [0028:C0037158] cpl=0 pm=1 v86=0 if=1 pic imr=A8 isr=00 irr=00 | 66 F7 40 1A 01 00 74 0A BA 03 00 00 00 E8 10 01 | eax=C00377B4 ebx=C15200E8 ecx=00000000 edx=00000001 esi=C0037954 edi=C159F9AC esp=C0EE89EC
  IRQS raised 158307 22 0 0 741 0 18 0 | acked 158217 22 0 0 741 0 18 0
HEARTBEAT [0028:C0035C6D] cpl=0 pm=1 v86=0 if=0 pic imr=A8 isr=00 irr=00 | E4 08 08 05 60 7A 03 C0 8A 0D 58 79 03 C0 80 E1 | eax=006338E3 ebx=C15200E8 ecx=00000000 edx=00000000 esi=000FECAC edi=00000000 esp=C0EE89B8
  IRQS raised 158453 22 0 0 741 0 18 0 | acked 158363 22 0 0 741 0 18 0
HEARTBEAT [0028:C00372BC] cpl=0 pm=1 v86=0 if=0 pic imr=A8 isr=00 irr=00 | 9D 50 BE 54 79 03 C0 E8 69 F4 FF FF 58 8A C4 BE | eax=00000000 ebx=C15200E8 ecx=00000000 edx=00000000 esi=000FECB4 edi=00000000 esp=C0EE89C0
  IRQS raised 158599 22 0 0 741 0 18 0 | acked 158509 22 0 0 741 0 18 0
HEARTBEAT [0028:C0037173] cpl=0 pm=1 v86=0 if=1 pic imr=A8 isr=00 irr=00 | 8B 04 02 0F A3 0E 73 02 D1 E8 C3 FF 15 4C 7A 03 | eax=00000000 ebx=C15200E8 ecx=00000000 edx=C00377D4 esi=C0037954 edi=C159F9AC esp=C0EE89EC
  IRQS raised 158744 22 0 0 741 0 18 0 | acked 158654 22 0 0 741 0 18 0
HEARTBEAT [0028:C00020BF] cpl=0 pm=1 v86=0 if=1 pic imr=A8 isr=00 irr=00 | 89 4F A8 03 F1 66 8B 0E 0F B6 F9 FF 24 BD 28 CF | eax=006338E3 ebx=C15200E8 ecx=0000ECAC edx=00634240 esi=000F0000 edi=C0FFE374 esp=C0EE89F0
  IRQS raised 158890 22 0 0 741 0 18 0 | acked 158800 22 0 0 741 0 18 0
HEARTBEAT [F000:0000ECB4] cpl=3 pm=1 v86=1 if=0 pic imr=A8 isr=00 irr=00 | E4 00 74 F4 9D E2 EF 58 C3 8A C6 E8 95 0C 8A C2 | eax=00633838 ebx=00000001 ecx=C0FF102E edx=00634240 esi=00630001 edi=00630000 esp=00000268
  IRQS raised 159036 22 0 0 741 0 18 0 | acked 158946 22 0 0 741 0 18 0
  V86 SS:SP=0F00:0268 DS=0040 ES=0628 | 3202 0008 09B2 EFA0 0729 E646 0598 EFA0 E646 0151 00A6 0E01 
HEARTBEAT [0028:C0037145] cpl=0 pm=1 v86=0 if=1 pic imr=A8 isr=00 irr=00 | 80 3F 00 75 09 53 57 E8 38 F4 FF FF 5F 5B E8 CA | eax=006338E3 ebx=C15200E8 ecx=00000000 edx=00000001 esi=C0037954 edi=C159F9AC esp=C0EE89EC
  IRQS raised 159181 22 0 0 741 0 18 0 | acked 159091 22 0 0 741 0 18 0
HEARTBEAT [0028:C0001359] cpl=0 pm=1 v86=0 if=0 pic imr=A8 isr=00 irr=00 | 74 C1 68 00 13 00 C0 E9 35 1F 00 00 2E 8B C0 2E | eax=00000000 ebx=C15200E8 ecx=00000000 edx=C0FCEB10 esi=C0037954 edi=C0FFE374 esp=C0EE89F4
  IRQS raised 159327 22 0 0 741 0 18 0 | acked 159237 22 0 0 741 0 18 0
HEARTBEAT [0028:C0001305] cpl=0 pm=1 v86=0 if=1 pic imr=A8 isr=00 irr=00 | 8B 1D 1C 07 01 C0 8B 3D A8 06 01 C0 FA 33 C0 3B | eax=0000E339 ebx=C15200E8 ecx=00000000 edx=C00377D4 esi=C0037954 edi=C159F9AC esp=C0EE89F4
  IRQS raised 159473 22 0 0 741 0 18 0 | acked 159383 22 0 0 741 0 18 0
HEARTBEAT [0028:C0035C94] cpl=0 pm=1 v86=0 if=0 pic imr=A8 isr=00 irr=00 | 80 E1 0F 0A C8 88 0D 60 79 03 C0 0F B7 05 60 7A | eax=00633800 ebx=C15200E8 ecx=00000000 edx=00000000 esi=000FECAC edi=00000000 esp=C0EE89B8
  IRQS raised 159618 22 0 0 741 0 18 0 | acked 159528 22 0 0 741 0 18 0
HEARTBEAT [0028:C0035C22] cpl=0 pm=1 v86=0 if=1 pic imr=A8 isr=00 irr=00 | 8B C1 81 FE 54 79 03 C0 76 02 04 04 6B C0 34 05 | eax=006338E3 ebx=C15200E8 ecx=00000000 edx=00000001 esi=C0037954 edi=C159F9AC esp=C0EE89E8
  IRQS raised 159764 22 0 0 741 0 18 0 | acked 159674 22 0 0 741 0 18 0
HEARTBEAT [0028:C0003249] cpl=0 pm=1 v86=0 if=0 pic imr=A8 isr=00 irr=00 | 74 05 8B D0 EB F0 C3 85 F6 74 05 85 70 08 74 F2 | eax=C0FCEF4C ebx=C15200E8 ecx=800002C3 edx=C10CD720 esi=00000000 edi=C0FFE374 esp=C0EE89E0
  IRQS raised 159910 22 0 0 741 0 18 0 | acked 159820 22 0 0 741 0 18 0
HEARTBEAT [0028:C00372D0] cpl=0 pm=1 v86=0 if=1 pic imr=A8 isr=00 irr=00 | E8 5C F4 FF FF 61 9D C3 0C 70 E6 18 EB 00 E4 1A | eax=00000000 ebx=C15200E8 ecx=00000000 edx=00000000 esi=C003795C edi=00000000 esp=C0EE89C4
  IRQS raised 160055 22 0 0 741 0 18 0 | acked 159965 22 0 0 741 0 18 0
HEARTBEAT [0028:C0001331] cpl=0 pm=1 v86=0 if=0 pic imr=A8 isr=00 irr=00 | 75 79 3D 43 66 22 00 87 67 4C 8A 44 24 2D 0C 30 | eax=00000000 ebx=C15200E8 ecx=00000000 edx=C0FCEB10 esi=C0037954 edi=C0FFE374 esp=C0EE89F4
  IRQS raised 160201 22 0 0 741 0 18 0 | acked 160111 22 0 0 741 0 18 0
HEARTBEAT [0028:C0036589] cpl=0 pm=1 v86=0 if=1 pic imr=A8 isr=00 irr=00 | 0F A3 4E 06 72 06 0F A3 4E 05 72 71 E8 88 F6 FF | eax=006338E3 ebx=C15200E8 ecx=00000000 edx=00000001 esi=C0037954 edi=C159F9AC esp=C0EE89E0
  IRQS raised 160347 22 0 0 741 0 18 0 | acked 160257 22 0 0 741 0 18 0
HEARTBEAT [0028:C00012B0] cpl=0 pm=1 v86=0 if=0 pic imr=A8 isr=00 irr=00 | 60 BE 34 00 00 00 EB 08 60 BE 38 00 00 00 8B F6 | eax=006338E3 ebx=00000001 ecx=C0FF102E edx=00634240 esi=00630001 edi=00630000 esp=C0EE8F90
  IRQS raised 160492 22 0 0 741 0 18 0 | acked 160402 22 0 0 741 0 18 0
HEARTBEAT [0028:C00031F9] cpl=0 pm=1 v86=0 if=0 pic imr=A8 isr=00 irr=00 | 66 83 3D F0 E9 00 C0 00 74 0A A1 E0 E9 00 C0 E8 | eax=C00106DF ebx=C15200E8 ecx=800002C3 edx=C0FFE374 esi=00000000 edi=C0FFE374 esp=C0EE89E4
  IRQS raised 160638 22 0 0 741 0 18 0 | acked 160548 22 0 0 741 0 18 0
HEARTBEAT [0028:C0003249] cpl=0 pm=1 v86=0 if=0 pic imr=A8 isr=00 irr=00 | 74 05 8B D0 EB F0 C3 85 F6 74 05 85 70 08 74 F2 | eax=C0FCEAD8 ebx=C15200E8 ecx=800002C3 edx=C0FCEAA0 esi=00000000 edi=C0FFE374 esp=C0EE89E0
  IRQS raised 160784 22 0 0 741 0 18 0 | acked 160694 22 0 0 741 0 18 0
HEARTBEAT [0028:C0003244] cpl=0 pm=1 v86=0 if=0 pic imr=A8 isr=00 irr=00 | 74 09 85 48 08 74 05 8B D0 EB F0 C3 85 F6 74 05 | eax=C0FCEAA0 ebx=C15200E8 ecx=800002C3 edx=C0FCEEBC esi=00000000 edi=C0FFE374 esp=C0EE89E0
  IRQS raised 160929 22 0 0 741 0 18 0 | acked 160839 22 0 0 741 0 18 0
HEARTBEAT [0028:C0035CA6] cpl=0 pm=1 v86=0 if=0 pic imr=A8 isr=00 irr=00 | 59 C3 B8 00 04 00 00 F8 C3 A1 48 7A 03 C0 C3 E8 | eax=00000000 ebx=C15200E8 ecx=00000000 edx=00000000 esi=000FECB4 edi=00000000 esp=C0EE89B8
  IRQS raised 161075 22 0 0 741 0 18 0 | acked 160985 22 0 0 741 0 18 0
HEARTBEAT [0028:C00351DB] cpl=0 pm=1 v86=0 if=0 pic imr=A8 isr=00 irr=00 | EB 00 EB 00 E4 40 EB 00 EB 00 8A E0 E4 40 86 E0 | eax=00000000 ebx=C003AA49 ecx=00000004 edx=C0FCEC54 esi=C00355D4 edi=00004000 esp=C0EE8938
  IRQS raised 161221 22 0 0 741 0 18 0 | acked 161131 22 0 0 741 0 18 0
HEARTBEAT [0028:C0036EB1] cpl=0 pm=1 v86=0 if=1 pic imr=A8 isr=00 irr=00 | 8B 3D B0 77 03 C0 8D 7C 3B 08 81 FE 54 79 03 C0 | eax=00633838 ebx=C15200E8 ecx=00000000 edx=00000000 esi=C0037954 edi=00000000 esp=C0EE89E8
  IRQS raised 161366 22 0 0 741 0 18 0 | acked 161276 22 0 0 741 0 18 0
HEARTBEAT [0028:C0035C2A] cpl=0 pm=1 v86=0 if=1 pic imr=A8 isr=00 irr=00 | 76 02 04 04 6B C0 34 05 B4 77 03 C0 C3 50 51 52 | eax=00000000 ebx=C15200E8 ecx=00000000 edx=00000001 esi=C0037954 edi=C159F9AC esp=C0EE89E8
  IRQS raised 161512 22 0 0 741 0 18 0 | acked 161422 22 0 0 741 0 18 0
HEARTBEAT [0028:C00012E9] cpl=0 pm=1 v86=0 if=0 pic imr=A8 isr=00 irr=00 | 68 00 13 00 C0 FF A6 2C F4 00 C0 2E 8B C0 2E 8B | eax=006338E3 ebx=C15200E8 ecx=C0FF102E edx=00634240 esi=00000034 edi=C0FFE374 esp=C0EE89F4
  IRQS raised 161657 22 0 0 741 0 18 0 | acked 161567 22 0 0 741 0 18 0
HEARTBEAT [F000:0000ECAE] cpl=3 pm=1 v86=1 if=0 pic imr=A8 isr=00 irr=00 | 24 FE 3A E0 8A E0 E4 00 74 F4 9D E2 EF 58 C3 8A | eax=00633839 ebx=00000001 ecx=C0FF102E edx=00634240 esi=00630001 edi=00630000 esp=00000268
  IRQS raised 161803 22 0 0 741 0 18 0 | acked 161713 22 0 0 741 0 18 0
  V86 SS:SP=0F00:0268 DS=0040 ES=0628 | 3202 0008 09B2 EFA0 0729 E646 0598 EFA0 E646 0151 00A6 0E01 
HEARTBEAT [0028:C000324D] cpl=0 pm=1 v86=0 if=0 pic imr=A8 isr=00 irr=00 | EB F0 C3 85 F6 74 05 85 70 08 74 F2 F7 40 08 00 | eax=C0FCEEBC ebx=C15200E8 ecx=800002C3 edx=C0FCEEBC esi=00000000 edi=C0FFE374 esp=C0EE89E0
  IRQS raised 161949 22 0 0 741 0 18 0 | acked 161859 22 0 0 741 0 18 0
HEARTBEAT [0028:C0001348] cpl=0 pm=1 v86=0 if=0 pic imr=A8 isr=00 irr=00 | 88 44 24 2D 61 83 C4 04 CF 2E 8B C0 E8 26 1E 00 | eax=00000000 ebx=C15200E8 ecx=00000000 edx=C0FCEB10 esi=C0037954 edi=C0FFE374 esp=C0EE8F70
  IRQS raised 162094 22 0 0 741 0 18 0 | acked 162004 22 0 0 741 0 18 0
HEARTBEAT [0028:C0003DA6] cpl=0 pm=1 v86=0 if=1 pic imr=A8 isr=00 irr=00 | 8B FA D0 C2 32 D6 0F B6 D2 8D 14 52 D1 EA 87 D7 | eax=006338E3 ebx=C15200E8 ecx=000000E4 edx=00000000 esi=000FECAC edi=000000E4 esp=C0EE89F0
  IRQS raised 162240 22 0 0 741 0 18 0 | acked 162150 22 0 0 741 0 18 0
HEARTBEAT [0028:C0003DC9] cpl=0 pm=1 v86=0 if=1 pic imr=A8 isr=00 irr=00 | 88 45 1C C3 68 C0 3D 00 C0 EB 98 83 45 24 02 0F | eax=0000E339 ebx=C15200E8 ecx=00000000 edx=C00377D4 esi=C0037954 edi=C159F9AC esp=C0EE89F0
  IRQS raised 162386 22 0 0 741 0 18 0 | acked 162296 22 0 0 741 0 18 0
HEARTBEAT [0028:C0036774] cpl=0 pm=1 v86=0 if=1 pic imr=A8 isr=00 irr=00 | C3 CD 20 12 80 04 00 8B 08 FF 15 D8 76 03 C0 F6 | eax=00000000 ebx=C15200E8 ecx=00000000 edx=00000000 esi=C0037954 edi=00000000 esp=C0EE89BC
  IRQS raised 162531 22 0 0 741 0 18 0 | acked 162441 22 0 0 741 0 18 0
HEARTBEAT [0028:C0003244] cpl=0 pm=1 v86=0 if=0 pic imr=A8 isr=00 irr=00 | 74 09 85 48 08 74 05 8B D0 EB F0 C3 85 F6 74 05 | eax=C0FCEB48 ebx=C15200E8 ecx=800002C3 edx=C0FCEF14 esi=00000000 edi=C0FFE374 esp=C0EE89E0
  IRQS raised 162677 22 0 0 741 0 18 0 | acked 162587 22 0 0 741 0 18 0
HEARTBEAT [0028:C0037152] cpl=0 pm=1 v86=0 if=1 pic imr=A8 isr=00 irr=00 | 5B E8 CA EA FF FF 66 F7 40 1A 01 00 74 0A BA 03 | eax=006338E3 ebx=C15200E8 ecx=00000000 edx=00000001 esi=C0037954 edi=C159F9AC esp=C0EE89E8
  IRQS raised 162823 22 0 0 741 0 18 0 | acked 162733 22 0 0 741 0 18 0
HEARTBEAT [0028:C003713E] cpl=0 pm=1 v86=0 if=1 pic imr=A8 isr=00 irr=00 | 42 83 FA 0F 76 01 42 80 3F 00 75 09 53 57 E8 38 | eax=006338E3 ebx=C15200E8 ecx=00000000 edx=00000000 esi=C0037954 edi=C159F9AC esp=C0EE89EC
  IRQS raised 162968 22 0 0 741 0 18 0 | acked 162878 22 0 0 741 0 18 0
HEARTBEAT [0028:C0003242] cpl=0 pm=1 v86=0 if=0 pic imr=A8 isr=00 irr=00 | 85 C0 74 09 85 48 08 74 05 8B D0 EB F0 C3 85 F6 | eax=C0FCEAA0 ebx=C15200E8 ecx=800002C3 edx=C0FCEEBC esi=00000000 edi=C0FFE374 esp=C0EE89E0
  IRQS raised 163114 22 0 0 741 0 18 0 | acked 163024 22 0 0 741 0 18 0
HEARTBEAT [0028:C0003249] cpl=0 pm=1 v86=0 if=0 pic imr=A8 isr=00 irr=00 | 74 05 8B D0 EB F0 C3 85 F6 74 05 85 70 08 74 F2 | eax=C0FCEF4C ebx=C15200E8 ecx=800002C3 edx=C10CD720 esi=00000000 edi=C0FFE374 esp=C0EE89E0
  IRQS raised 163260 22 0 0 741 0 18 0 | acked 163170 22 0 0 741 0 18 0
HEARTBEAT [0028:C00031F6] cpl=0 pm=1 v86=0 if=0 pic imr=A8 isr=00 irr=00 | 55 33 ED 66 83 3D F0 E9 00 C0 00 74 0A A1 E0 E9 | eax=C00106DF ebx=C15200E8 ecx=800002C3 edx=C0FFE374 esi=00000000 edi=C0FFE374 esp=C0EE89E8
  IRQS raised 163405 22 0 0 741 0 18 0 | acked 163315 22 0 0 741 0 18 0
HEARTBEAT [0028:C00020BF] cpl=0 pm=1 v86=0 if=1 pic imr=A8 isr=00 irr=00 | 89 4F A8 03 F1 66 8B 0E 0F B6 F9 FF 24 BD 28 CF | eax=006338E3 ebx=C15200E8 ecx=0000ECAC edx=00634240 esi=000F0000 edi=C0FFE374 esp=C0EE89F0
  IRQS raised 163551 22 0 0 741 0 18 0 | acked 163461 22 0 0 741 0 18 0
HEARTBEAT [0028:C000321C] cpl=0 pm=1 v86=0 if=0 pic imr=A8 isr=00 irr=00 | 66 83 7F 68 00 74 08 8B 47 6C E8 11 00 00 00 85 | eax=00000000 ebx=C15200E8 ecx=800002C3 edx=C0FCEB10 esi=00000000 edi=C0FFE374 esp=C0EE89E4
  IRQS raised 163697 22 0 0 741 0 18 0 | acked 163607 22 0 0 741 0 18 0
HEARTBEAT [0028:C0036734] cpl=0 pm=1 v86=0 if=1 pic imr=A8 isr=00 irr=00 | 74 3E 0F B6 C0 0F BC C8 74 36 0F B3 C8 50 E8 DB | eax=00000000 ebx=C15200E8 ecx=00000000 edx=00000000 esi=C0037954 edi=00000000 esp=C0EE89BC
  IRQS raised 163842 22 0 0 741 0 18 0 | acked 163752 22 0 0 741 0 18 0
HEARTBEAT [0028:C000317F] cpl=0 pm=1 v86=0 if=0 pic imr=A8 isr=00 irr=00 | 33 C0 56 33 F6 8B 6B 08 39 05 F4 E9 00 C0 75 ED | eax=00000000 ebx=C15200E8 ecx=00000000 edx=C00377D4 esi=C0037954 edi=C0FFE374 esp=C0EE89F0
  IRQS raised 163988 22 0 0 741 0 18 0 | acked 163898 22 0 0 741 0 18 0
HEARTBEAT [0028:C003716D] cpl=0 pm=1 v86=0 if=1 pic imr=A8 isr=00 irr=00 | 0F B6 07 80 37 01 8B 04 02 0F A3 0E 73 02 D1 E8 | eax=C00377B4 ebx=C15200E8 ecx=00000000 edx=C00377D4 esi=C0037954 edi=C159F9AC esp=C0EE89EC
  IRQS raised 164134 22 0 0 741 0 18 0 | acked 164044 22 0 0 741 0 18 0
HEARTBEAT [0028:C00012E9] cpl=0 pm=1 v86=0 if=0 pic imr=A8 isr=00 irr=00 | 68 00 13 00 C0 FF A6 2C F4 00 C0 2E 8B C0 2E 8B | eax=00633838 ebx=C15200E8 ecx=C0FF102E edx=00634240 esi=00000034 edi=C0FFE374 esp=C0EE89F4
  IRQS raised 164279 22 0 0 741 0 18 0 | acked 164189 22 0 0 741 0 18 0
HEARTBEAT [0028:C0003244] cpl=0 pm=1 v86=0 if=0 pic imr=A8 isr=00 irr=00 | 74 09 85 48 08 74 05 8B D0 EB F0 C3 85 F6 74 05 | eax=00000000 ebx=C15200E8 ecx=800002C3 edx=C0FCEB10 esi=00000000 edi=C0FFE374 esp=C0EE89E0
  IRQS raised 164425 22 0 0 741 0 18 0 | acked 164335 22 0 0 741 0 18 0
HEARTBEAT [0028:C0033B30] cpl=0 pm=1 v86=0 if=0 pic imr=A9 isr=00 irr=00 | 8B C2 53 50 8B 50 24 FF 50 0C FA 58 72 07 5B FF | eax=00633860 ebx=C15200E8 ecx=C0FF102E edx=C0034CD4 esi=00000140 edi=C0FF0030 esp=C0EE89AC
  IRQS raised 164571 22 0 0 741 0 18 0 | acked 164481 22 0 0 741 0 18 0
HEARTBEAT [0028:C0001305] cpl=0 pm=1 v86=0 if=1 pic imr=A8 isr=00 irr=00 | 8B 1D 1C 07 01 C0 8B 3D A8 06 01 C0 FA 33 C0 3B | eax=0000E339 ebx=C15200E8 ecx=00000000 edx=C00377D4 esi=C0037954 edi=C159F9AC esp=C0EE89F4
  IRQS raised 164716 22 0 0 741 0 18 0 | acked 164626 22 0 0 741 0 18 0
HEARTBEAT [0028:C0035C75] cpl=0 pm=1 v86=0 if=0 pic imr=A8 isr=00 irr=00 | 8A 0D 58 79 03 C0 80 E1 0F 0A C8 88 0D 58 79 03 | eax=00633800 ebx=C15200E8 ecx=00000000 edx=00000000 esi=000FECB4 edi=00000000 esp=C0EE89B8
  IRQS raised 164862 22 0 0 741 0 18 0 | acked 164772 22 0 0 741 0 18 0
HEARTBEAT [0028:C0035C6F] cpl=0 pm=1 v86=0 if=0 pic imr=A8 isr=00 irr=00 | 08 05 60 7A 03 C0 8A 0D 58 79 03 C0 80 E1 0F 0A | eax=00633800 ebx=C15200E8 ecx=00000000 edx=00000000 esi=000FECB4 edi=00000000 esp=C0EE89B8
  IRQS raised 165007 22 0 0 741 0 18 0 | acked 164917 22 0 0 741 0 18 0
HEARTBEAT [0028:C00012B1] cpl=0 pm=1 v86=0 if=0 pic imr=A8 isr=00 irr=00 | BE 34 00 00 00 EB 08 60 BE 38 00 00 00 8B F6 FC | eax=006338E3 ebx=00000001 ecx=C0FF102E edx=00634240 esi=00630001 edi=00630000 esp=C0EE8F70
  IRQS raised 165153 22 0 0 741 0 18 0 | acked 165063 22 0 0 741 0 18 0
HEARTBEAT [0028:C000318D] cpl=0 pm=1 v86=0 if=0 pic imr=A8 isr=00 irr=00 | 75 ED 51 B9 E3 02 00 80 F6 45 2D 02 74 0D 80 E5 | eax=00000000 ebx=C15200E8 ecx=00000000 edx=C00377D4 esi=00000000 edi=C0FFE374 esp=C0EE89EC
  IRQS raised 165299 22 0 0 741 0 18 0 | acked 165209 22 0 0 741 0 18 0
HEARTBEAT [0028:C00012E9] cpl=0 pm=1 v86=0 if=0 pic imr=A8 isr=00 irr=00 | 68 00 13 00 C0 FF A6 2C F4 00 C0 2E 8B C0 2E 8B | eax=006338E3 ebx=C15200E8 ecx=C0FF102E edx=00634240 esi=00000034 edi=C0FFE374 esp=C0EE89F4
  IRQS raised 165444 22 0 0 741 0 18 0 | acked 165354 22 0 0 741 0 18 0
HEARTBEAT [0028:C00012B0] cpl=0 pm=1 v86=0 if=0 pic imr=A8 isr=00 irr=00 | 60 BE 34 00 00 00 EB 08 60 BE 38 00 00 00 8B F6 | eax=00633838 ebx=00000001 ecx=C0FF102E edx=00634240 esi=00630001 edi=00630000 esp=C0EE8F90
  IRQS raised 165590 22 0 0 741 0 18 0 | acked 165500 22 0 0 741 0 18 0
HEARTBEAT [0028:C000323C] cpl=0 pm=1 v86=0 if=0 pic imr=A8 isr=00 irr=00 | 8D 50 04 8B 42 FC 85 C0 74 09 85 48 08 74 05 8B | eax=C10CD71C ebx=C15200E8 ecx=800002C3 edx=C0FFE374 esi=00000000 edi=C0FFE374 esp=C0EE89E0
  IRQS raised 165736 22 0 0 741 0 18 0 | acked 165646 22 0 0 741 0 18 0
HEARTBEAT [0028:C0003249] cpl=0 pm=1 v86=0 if=0 pic imr=A8 isr=00 irr=00 | 74 05 8B D0 EB F0 C3 85 F6 74 05 85 70 08 74 F2 | eax=C0FCEB10 ebx=C15200E8 ecx=800002C3 edx=C0FCEB48 esi=00000000 edi=C0FFE374 esp=C0EE89E0
  IRQS raised 165881 22 0 0 741 0 18 0 | acked 165791 22 0 0 741 0 18 0
HEARTBEAT [0028:C0003199] cpl=0 pm=1 v86=0 if=0 pic imr=A8 isr=00 irr=00 | 74 0D 80 E5 FD 8A 53 98 D0 D9 80 C2 FF D0 D1 B8 | eax=00000000 ebx=C15200E8 ecx=800002E3 edx=C00377D4 esi=00000000 edi=C0FFE374 esp=C0EE89E8
  IRQS raised 166027 22 0 0 741 0 18 0 | acked 165937 22 0 0 741 0 18 0
HEARTBEAT [0028:C000134D] cpl=0 pm=1 v86=0 if=0 pic imr=A8 isr=00 irr=00 | 83 C4 04 CF 2E 8B C0 E8 26 1E 00 00 74 C1 68 00 | eax=00633839 ebx=00000001 ecx=C0FF102E edx=00634240 esi=00630001 edi=00630000 esp=C0EE8F90
  IRQS raised 166173 22 0 0 741 0 18 0 | acked 166083 22 0 0 741 0 18 0
HEARTBEAT [0028:C0036EA7] cpl=0 pm=1 v86=0 if=1 pic imr=A8 isr=00 irr=00 | D0 E9 80 F9 04 72 02 33 C9 C3 8B 3D B0 77 03 C0 | eax=00633838 ebx=C15200E8 ecx=00000000 edx=00000000 esi=C0037954 edi=00000000 esp=C0EE89E8
  IRQS raised 166318 22 0 0 741 0 18 0 | acked 166228 22 0 0 741 0 18 0
HEARTBEAT [0028:C0003DA6] cpl=0 pm=1 v86=0 if=1 pic imr=A8 isr=00 irr=00 | 8B FA D0 C2 32 D6 0F B6 D2 8D 14 52 D1 EA 87 D7 | eax=00633838 ebx=C15200E8 ecx=000000E4 edx=00000000 esi=000FECB4 edi=000000E4 esp=C0EE89F0
  IRQS raised 166464 22 0 0 741 0 18 0 | acked 166374 22 0 0 741 0 18 0
HEARTBEAT [0028:C00012DB] cpl=0 pm=1 v86=0 if=0 pic imr=A8 isr=00 irr=00 | 87 67 4C 3D 55 66 22 00 8B 1D 1C 07 01 C0 68 00 | eax=006338E3 ebx=00000001 ecx=C0FF102E edx=00634240 esi=00000034 edi=C0FFE374 esp=C0EE8F70
  IRQS raised 166610 22 0 0 741 0 18 0 | acked 166520 22 0 0 741 0 18 0
HEARTBEAT [0028:C00031F9] cpl=0 pm=1 v86=0 if=0 pic imr=A8 isr=00 irr=00 | 66 83 3D F0 E9 00 C0 00 74 0A A1 E0 E9 00 C0 E8 | eax=C00106DF ebx=C15200E8 ecx=800002C3 edx=C0FFE374 esi=00000000 edi=C0FFE374 esp=C0EE89E4
  IRQS raised 166755 22 0 0 741 0 18 0 | acked 166665 22 0 0 741 0 18 0
HEARTBEAT [0028:C0003249] cpl=0 pm=1 v86=0 if=0 pic imr=A8 isr=00 irr=00 | 74 05 8B D0 EB F0 C3 85 F6 74 05 85 70 08 74 F2 | eax=C0FCEAA0 ebx=C15200E8 ecx=800002C3 edx=C0FCEEBC esi=00000000 edi=C0FFE374 esp=C0EE89E0
  IRQS raised 166901 22 0 0 741 0 18 0 | acked 166811 22 0 0 741 0 18 0
HEARTBEAT [0028:C0037113] cpl=0 pm=1 v86=0 if=1 pic imr=A8 isr=00 irr=00 | 72 1F E8 74 FD FF FF E8 92 FD FF FF 8A 27 E8 81 | eax=006338E3 ebx=C15200E8 ecx=00000000 edx=00000000 esi=000FECAC edi=00000000 esp=C0EE89EC
  IRQS raised 167047 22 0 0 741 0 18 0 | acked 166957 22 0 0 741 0 18 0
HEARTBEAT [0028:C0003DD4] cpl=0 pm=1 v86=0 if=1 pic imr=A8 isr=00 irr=00 | 83 45 24 02 0F B6 D5 EB C9 2E 8B C0 FF 45 24 0F | eax=006338E3 ebx=C15200E8 ecx=000000E4 edx=00634240 esi=000FECAC edi=000000E4 esp=C0EE89F0
  IRQS raised 167192 22 0 0 741 0 18 0 | acked 167102 22 0 0 741 0 18 0
HEARTBEAT [0028:C0003DD4] cpl=0 pm=1 v86=0 if=1 pic imr=A8 isr=00 irr=00 | 83 45 24 02 0F B6 D5 EB C9 2E 8B C0 FF 45 24 0F | eax=00633838 ebx=C15200E8 ecx=000000E4 edx=00634240 esi=000FECB4 edi=000000E4 esp=C0EE89F0
  IRQS raised 167338 22 0 0 741 0 18 0 | acked 167248 22 0 0 741 0 18 0
HEARTBEAT [0028:C0037153] cpl=0 pm=1 v86=0 if=1 pic imr=A8 isr=00 irr=00 | E8 CA EA FF FF 66 F7 40 1A 01 00 74 0A BA 03 00 | eax=00633838 ebx=C15200E8 ecx=00000000 edx=00000001 esi=C0037954 edi=C159F9AC esp=C0EE89EC
  IRQS raised 167484 22 0 0 741 0 18 0 | acked 167394 22 0 0 741 0 18 0
HEARTBEAT [0028:C000130B] cpl=0 pm=1 v86=0 if=1 pic imr=A8 isr=00 irr=00 | 8B 3D A8 06 01 C0 FA 33 C0 3B 05 F0 E9 00 C0 75 | eax=0000E339 ebx=C15200E8 ecx=00000000 edx=C00377D4 esi=C0037954 edi=C159F9AC esp=C0EE89F4
  IRQS raised 167629 22 0 0 741 0 18 0 | acked 167539 22 0 0 741 0 18 0
HEARTBEAT [0028:C00012B0] cpl=0 pm=1 v86=0 if=0 pic imr=A8 isr=00 irr=00 | 60 BE 34 00 00 00 EB 08 60 BE 38 00 00 00 8B F6 | eax=00633838 ebx=00000001 ecx=C0FF102E edx=00634240 esi=00630001 edi=00630000 esp=C0EE8F90
  IRQS raised 167775 22 0 0 741 0 18 0 | acked 167685 22 0 0 741 0 18 0
HEARTBEAT [0028:C0003184] cpl=0 pm=1 v86=0 if=0 pic imr=A8 isr=00 irr=00 | 8B 6B 08 39 05 F4 E9 00 C0 75 ED 51 B9 E3 02 00 | eax=00000000 ebx=C15200E8 ecx=00000000 edx=C00377D4 esi=00000000 edi=C0FFE374 esp=C0EE89EC
  IRQS raised 167920 22 0 0 741 0 18 0 | acked 167830 22 0 0 741 0 18 0
HEARTBEAT [0028:C0003DC9] cpl=0 pm=1 v86=0 if=1 pic imr=A8 isr=00 irr=00 | 88 45 1C C3 68 C0 3D 00 C0 EB 98 83 45 24 02 0F | eax=390000E3 ebx=C15200E8 ecx=00000000 edx=C00377D4 esi=C0037954 edi=C159F9AC esp=C0EE89F0
  IRQS raised 168066 22 0 0 741 0 18 0 | acked 167976 22 0 0 741 0 18 0
HEARTBEAT [0028:C000134C] cpl=0 pm=1 v86=0 if=0 pic imr=A8 isr=00 irr=00 | 61 83 C4 04 CF 2E 8B C0 E8 26 1E 00 00 74 C1 68 | eax=00000000 ebx=C15200E8 ecx=00000000 edx=C0FCEB10 esi=C0037954 edi=C0FFE374 esp=C0EE8F70
  IRQS raised 168212 22 0 0 741 0 18 0 | acked 168122 22 0 0 741 0 18 0
HEARTBEAT [0028:C00031E8] cpl=0 pm=1 v86=0 if=0 pic imr=A8 isr=00 irr=00 | 8A 47 73 F6 D0 22 C8 8A 43 1E 0C DF 22 C8 55 33 | eax=C00106D4 ebx=C15200E8 ecx=800002E3 edx=C0FFE374 esi=00000000 edi=C0FFE374 esp=C0EE89E8
  IRQS raised 168357 22 0 0 741 0 18 0 | acked 168267 22 0 0 741 0 18 0
HEARTBEAT [0028:C000131A] cpl=0 pm=1 v86=0 if=0 pic imr=A8 isr=00 irr=00 | 75 38 8A 43 1F F6 D0 D0 E0 22 47 73 24 40 C0 E8 | eax=00000000 ebx=C15200E8 ecx=00000000 edx=C00377D4 esi=C0037954 edi=C0FFE374 esp=C0EE89F4
  IRQS raised 168503 22 0 0 741 0 18 0 | acked 168413 22 0 0 741 0 18 0
HEARTBEAT [0028:C0036EA9] cpl=0 pm=1 v86=0 if=1 pic imr=A8 isr=00 irr=00 | 80 F9 04 72 02 33 C9 C3 8B 3D B0 77 03 C0 8D 7C | eax=006338E3 ebx=C15200E8 ecx=00000000 edx=00000000 esi=C0037954 edi=00000000 esp=C0EE89E8
  IRQS raised 168649 22 0 0 741 0 18 0 | acked 168559 22 0 0 741 0 18 0
HEARTBEAT [0028:C00012C7] cpl=0 pm=1 v86=0 if=0 pic imr=A8 isr=00 irr=00 | F6 45 2E 02 0F 84 9F 00 00 00 8E DF 8E C7 8B 3D | eax=00633838 ebx=00000001 ecx=C0FF102E edx=00634240 esi=00000034 edi=00630030 esp=C0EE8F70
  IRQS raised 168794 22 0 0 741 0 18 0 | acked 168704 22 0 0 741 0 18 0
HEARTBEAT [0028:C0035C9F] cpl=0 pm=1 v86=0 if=0 pic imr=A8 isr=00 irr=00 | 0F B7 05 60 7A 03 C0 59 C3 B8 00 04 00 00 F8 C3 | eax=00633800 ebx=C15200E8 ecx=00000000 edx=00000000 esi=000FECB4 edi=00000000 esp=C0EE89B8
  IRQS raised 168940 22 0 0 741 0 18 0 | acked 168850 22 0 0 741 0 18 0
HEARTBEAT [0028:C0001311] cpl=0 pm=1 v86=0 if=1 pic imr=A8 isr=00 irr=00 | FA 33 C0 3B 05 F0 E9 00 C0 75 38 8A 43 1F F6 D0 | eax=0000E339 ebx=C15200E8 ecx=00000000 edx=C00377D4 esi=C0037954 edi=C0FFE374 esp=C0EE89F4
  IRQS raised 169086 22 0 0 741 0 18 0 | acked 168996 22 0 0 741 0 18 0
HEARTBEAT [0028:C00020B4] cpl=0 pm=1 v86=0 if=0 pic imr=A8 isr=00 irr=00 | FB 0F B7 75 28 8B 4D 24 C1 E6 04 89 4F A8 03 F1 | eax=00633838 ebx=C15200E8 ecx=C0FF102E edx=00634240 esi=00000034 edi=C0FFE374 esp=C0EE89F0
  IRQS raised 169231 22 0 0 741 0 18 0 | acked 169141 22 0 0 741 0 18 0
HEARTBEAT [0028:C0003249] cpl=0 pm=1 v86=0 if=0 pic imr=A8 isr=00 irr=00 | 74 05 8B D0 EB F0 C3 85 F6 74 05 85 70 08 74 F2 | eax=C0FCEAA0 ebx=C15200E8 ecx=800002C3 edx=C0FCEEBC esi=00000000 edi=C0FFE374 esp=C0EE89E0
  IRQS raised 169377 22 0 0 741 0 18 0 | acked 169287 22 0 0 741 0 18 0
HEARTBEAT [0028:C0036E9A] cpl=0 pm=1 v86=0 if=1 pic imr=A8 isr=00 irr=00 | 76 0B 66 81 E9 C0 00 66 D1 E9 83 C6 08 D0 E9 80 | eax=00633838 ebx=C15200E8 ecx=00000000 edx=00000000 esi=C0037954 edi=00000000 esp=C0EE89E8
  IRQS raised 169523 22 0 0 741 0 18 0 | acked 169433 22 0 0 741 0 18 0
HEARTBEAT [0028:C0003242] cpl=0 pm=1 v86=0 if=0 pic imr=A8 isr=00 irr=00 | 85 C0 74 09 85 48 08 74 05 8B D0 EB F0 C3 85 F6 | eax=C0FCEAA0 ebx=C15200E8 ecx=800002C3 edx=C0FCEEBC esi=00000000 edi=C0FFE374 esp=C0EE89E0
  IRQS raised 169668 22 0 0 741 0 18 0 | acked 169578 22 0 0 741 0 18 0
HEARTBEAT [0028:C0037176] cpl=0 pm=1 v86=0 if=1 pic imr=A8 isr=00 irr=00 | 0F A3 0E 73 02 D1 E8 C3 FF 15 4C 7A 03 C0 83 F9 | eax=390000E3 ebx=C15200E8 ecx=00000000 edx=C00377D4 esi=C0037954 edi=C159F9AC esp=C0EE89EC
  IRQS raised 169814 22 0 0 741 0 18 0 | acked 169724 22 0 0 741 0 18 0
HEARTBEAT [0028:C0035C6C] cpl=0 pm=1 v86=0 if=0 pic imr=A8 isr=00 irr=00 | 51 E4 08 08 05 60 7A 03 C0 8A 0D 58 79 03 C0 80 | eax=00633838 ebx=C15200E8 ecx=00000000 edx=00000000 esi=000FECB4 edi=00000000 esp=C0EE89BC
  IRQS raised 169960 22 0 0 741 0 18 0 | acked 169870 22 0 0 741 0 18 0
HEARTBEAT [0028:C000134D] cpl=0 pm=1 v86=0 if=0 pic imr=A8 isr=00 irr=00 | 83 C4 04 CF 2E 8B C0 E8 26 1E 00 00 74 C1 68 00 | eax=00633839 ebx=00000001 ecx=C0FF102E edx=00634240 esi=00630001 edi=00630000 esp=C0EE8F90
  IRQS raised 170105 22 0 0 741 0 18 0 | acked 170015 22 0 0 741 0 18 0
HEARTBEAT [0028:C000323F] cpl=0 pm=1 v86=0 if=0 pic imr=A8 isr=00 irr=00 | 8B 42 FC 85 C0 74 09 85 48 08 74 05 8B D0 EB F0 | eax=C0FCEE70 ebx=C15200E8 ecx=800002C3 edx=C0FCEE70 esi=00000000 edi=C0FFE374 esp=C0EE89E0
  IRQS raised 170251 22 0 0 741 0 18 0 | acked 170161 22 0 0 741 0 18 0
HEARTBEAT [0028:C003713E] cpl=0 pm=1 v86=0 if=1 pic imr=A8 isr=00 irr=00 | 42 83 FA 0F 76 01 42 80 3F 00 75 09 53 57 E8 38 | eax=00633838 ebx=C15200E8 ecx=00000000 edx=00000000 esi=C0037954 edi=C159F9AC esp=C0EE89EC
  IRQS raised 170397 22 0 0 741 0 18 0 | acked 170307 22 0 0 741 0 18 0
HEARTBEAT [0028:C0003DAF] cpl=0 pm=1 v86=0 if=1 pic imr=A8 isr=00 irr=00 | 8D 14 52 D1 EA 87 D7 66 39 14 7D 40 EA 00 C0 75 | eax=00633838 ebx=C15200E8 ecx=000000E4 edx=00000000 esi=000FECB4 edi=00000000 esp=C0EE89F0
  IRQS raised 170542 22 0 0 741 0 18 0 | acked 170452 22 0 0 741 0 18 0
HEARTBEAT [0028:C00372A5] cpl=0 pm=1 v86=0 if=1 pic imr=A8 isr=00 irr=00 | 9C 60 9C FA E8 BE E9 FF FF 33 C0 86 05 60 7A 03 | eax=00633838 ebx=C15200E8 ecx=00000000 edx=00000000 esi=000FECB4 edi=00000000 esp=C0EE89E8
  IRQS raised 170688 22 0 0 741 0 18 0 | acked 170598 22 0 0 741 0 18 0
HEARTBEAT [0028:C0036774] cpl=0 pm=1 v86=0 if=1 pic imr=A8 isr=00 irr=00 | C3 CD 20 12 80 04 00 8B 08 FF 15 D8 76 03 C0 F6 | eax=00000000 ebx=C15200E8 ecx=00000000 edx=00000000 esi=C0037954 edi=00000000 esp=C0EE89BC
  IRQS raised 170834 22 0 0 741 0 18 0 | acked 170744 22 0 0 741 0 18 0
HEARTBEAT [F000:0000ECB4] cpl=3 pm=1 v86=1 if=0 pic imr=A8 isr=00 irr=00 | E4 00 74 F4 9D E2 EF 58 C3 8A C6 E8 95 0C 8A C2 | eax=00633838 ebx=00000001 ecx=C0FF102E edx=00634240 esi=00630001 edi=00630000 esp=00000268
  IRQS raised 170979 22 0 0 741 0 18 0 | acked 170889 22 0 0 741 0 18 0
  V86 SS:SP=0F00:0268 DS=0040 ES=0628 | 3202 0008 09B2 EFA0 0729 E646 0598 EFA0 E646 0151 00A6 0E01 
HEARTBEAT [0028:C0003249] cpl=0 pm=1 v86=0 if=0 pic imr=A8 isr=00 irr=00 | 74 05 8B D0 EB F0 C3 85 F6 74 05 85 70 08 74 F2 | eax=C0FCEB48 ebx=C15200E8 ecx=800002C3 edx=C0FCEF14 esi=00000000 edi=C0FFE374 esp=C0EE89E0
  IRQS raised 171125 22 0 0 741 0 18 0 | acked 171035 22 0 0 741 0 18 0
HEARTBEAT [0028:C0003DDB] cpl=0 pm=1 v86=0 if=1 pic imr=A8 isr=00 irr=00 | EB C9 2E 8B C0 FF 45 24 0F B7 D2 8B FA D0 C2 32 | eax=00633838 ebx=C15200E8 ecx=000000E4 edx=00000000 esi=000FECB4 edi=000000E4 esp=C0EE89F0
  IRQS raised 171270 22 0 0 741 0 18 0 | acked 171180 22 0 0 741 0 18 0
HEARTBEAT [0028:C00012CB] cpl=0 pm=1 v86=0 if=0 pic imr=A8 isr=00 irr=00 | 0F 84 9F 00 00 00 8E DF 8E C7 8B 3D A8 06 01 C0 | eax=00633838 ebx=00000001 ecx=C0FF102E edx=00634240 esi=00000034 edi=00630030 esp=C0EE8F70
  IRQS raised 171416 22 0 0 741 0 18 0 | acked 171326 22 0 0 741 0 18 0
HEARTBEAT [0028:C00012D1] cpl=0 pm=1 v86=0 if=0 pic imr=A8 isr=00 irr=00 | 8E DF 8E C7 8B 3D A8 06 01 C0 87 67 4C 3D 55 66 | eax=006338E3 ebx=00000001 ecx=C0FF102E edx=00634240 esi=00000034 edi=00630030 esp=C0EE8F70
  IRQS raised 171562 22 0 0 741 0 18 0 | acked 171472 22 0 0 741 0 18 0
HEARTBEAT [0028:C0036EB1] cpl=0 pm=1 v86=0 if=1 pic imr=A8 isr=00 irr=00 | 8B 3D B0 77 03 C0 8D 7C 3B 08 81 FE 54 79 03 C0 | eax=006338E3 ebx=C15200E8 ecx=00000000 edx=00000000 esi=C0037954 edi=00000000 esp=C0EE89E8
  IRQS raised 171707 22 0 0 741 0 18 0 | acked 171617 22 0 0 741 0 18 0
HEARTBEAT [0028:C00031F9] cpl=0 pm=1 v86=0 if=0 pic imr=A8 isr=00 irr=00 | 66 83 3D F0 E9 00 C0 00 74 0A A1 E0 E9 00 C0 E8 | eax=C00106DF ebx=C15200E8 ecx=800002C3 edx=C0FFE374 esi=00000000 edi=C0FFE374 esp=C0EE89E4
  IRQS raised 171853 22 0 0 741 0 18 0 | acked 171763 22 0 0 741 0 18 0
HEARTBEAT [0028:C0001331] cpl=0 pm=1 v86=0 if=0 pic imr=A8 isr=00 irr=00 | 75 79 3D 43 66 22 00 87 67 4C 8A 44 24 2D 0C 30 | eax=00000000 ebx=C15200E8 ecx=00000000 edx=C0FCEB10 esi=C0037954 edi=C0FFE374 esp=C0EE89F4
  IRQS raised 171999 22 0 0 741 0 18 0 | acked 171909 22 0 0 741 0 18 0
HEARTBEAT [0028:C0003201] cpl=0 pm=1 v86=0 if=0 pic imr=A8 isr=00 irr=00 | 74 0A A1 E0 E9 00 C0 E8 2F 00 00 00 66 83 7B 18 | eax=C00106DF ebx=C15200E8 ecx=800002C3 edx=C0FFE374 esi=00000000 edi=C0FFE374 esp=C0EE89E4
  IRQS raised 172144 22 0 0 741 0 18 0 | acked 172054 22 0 0 741 0 18 0
HEARTBEAT [0028:C00372D6] cpl=0 pm=1 v86=0 if=1 pic imr=A8 isr=00 irr=00 | 9D C3 0C 70 E6 18 EB 00 E4 1A 88 46 31 51 8A C8 | eax=00633838 ebx=C15200E8 ecx=00000000 edx=00000000 esi=000FECB4 edi=00000000 esp=C0EE89E4
  IRQS raised 172290 22 0 0 741 0 18 0 | acked 172200 22 0 0 741 0 18 0
HEARTBEAT [0028:C0036589] cpl=0 pm=1 v86=0 if=1 pic imr=A8 isr=00 irr=00 | 0F A3 4E 06 72 06 0F A3 4E 05 72 71 E8 88 F6 FF | eax=006338E3 ebx=C15200E8 ecx=00000000 edx=00000001 esi=C0037954 edi=C159F9AC esp=C0EE89E0
  IRQS raised 172436 22 0 0 741 0 18 0 | acked 172346 22 0 0 741 0 18 0
HEARTBEAT [0028:C00372A5] cpl=0 pm=1 v86=0 if=1 pic imr=A8 isr=00 irr=00 | 9C 60 9C FA E8 BE E9 FF FF 33 C0 86 05 60 7A 03 | eax=006338E3 ebx=C15200E8 ecx=00000000 edx=00000000 esi=000FECAC edi=00000000 esp=C0EE89E8
  IRQS raised 172581 22 0 0 741 0 18 0 | acked 172491 22 0 0 741 0 18 0
HEARTBEAT [0028:C0037108] cpl=0 pm=1 v86=0 if=1 pic imr=A8 isr=00 irr=00 | 83 F9 04 76 06 CD 20 94 80 01 00 72 1F E8 74 FD | eax=00633838 ebx=C15200E8 ecx=00000000 edx=00000000 esi=000FECB4 edi=00000000 esp=C0EE89EC
  IRQS raised 172727 22 0 0 741 0 18 0 | acked 172637 22 0 0 741 0 18 0
HEARTBEAT [0028:C0035C7B] cpl=0 pm=1 v86=0 if=0 pic imr=A8 isr=00 irr=00 | 80 E1 0F 0A C8 88 0D 58 79 03 C0 B0 00 08 05 61 | eax=00633800 ebx=C15200E8 ecx=00000001 edx=00000000 esi=000FECAC edi=00000000 esp=C0EE89B8
  IRQS raised 172873 22 0 0 741 0 18 0 | acked 172783 22 0 0 741 0 18 0
HEARTBEAT [0028:C000320D] cpl=0 pm=1 v86=0 if=0 pic imr=A8 isr=00 irr=00 | 66 83 7B 18 00 74 08 8B 43 20 E8 20 00 00 00 66 | eax=00000000 ebx=C15200E8 ecx=800002C3 edx=C0FCEAD8 esi=00000000 edi=C0FFE374 esp=C0EE89E4
  IRQS raised 173018 22 0 0 741 0 18 0 | acked 172928 22 0 0 741 0 18 0
HEARTBEAT [0028:C0035C6F] cpl=0 pm=1 v86=0 if=0 pic imr=A8 isr=00 irr=00 | 08 05 60 7A 03 C0 8A 0D 58 79 03 C0 80 E1 0F 0A | eax=00633800 ebx=C15200E8 ecx=00000000 edx=00000000 esi=000FECAC edi=00000000 esp=C0EE89B8
  IRQS raised 173164 22 0 0 741 0 18 0 | acked 173074 22 0 0 741 0 18 0
HEARTBEAT [0028:C00020BF] cpl=0 pm=1 v86=0 if=1 pic imr=A8 isr=00 irr=00 | 89 4F A8 03 F1 66 8B 0E 0F B6 F9 FF 24 BD 28 CF | eax=006338E3 ebx=C15200E8 ecx=0000ECAC edx=00634240 esi=000F0000 edi=C0FFE374 esp=C0EE89F0
  IRQS raised 173310 22 0 0 741 0 18 0 | acked 173220 22 0 0 741 0 18 0
HEARTBEAT [0028:C0036EA7] cpl=0 pm=1 v86=0 if=1 pic imr=A8 isr=00 irr=00 | D0 E9 80 F9 04 72 02 33 C9 C3 8B 3D B0 77 03 C0 | eax=006338E3 ebx=C15200E8 ecx=00000000 edx=00000000 esi=C0037954 edi=00000000 esp=C0EE89E8
  IRQS raised 173455 22 0 0 741 0 18 0 | acked 173365 22 0 0 741 0 18 0
HEARTBEAT [F000:0000ECB6] cpl=3 pm=1 v86=1 if=0 pic imr=A8 isr=00 irr=00 | 74 F4 9D E2 EF 58 C3 8A C6 E8 95 0C 8A C2 E8 90 | eax=006338E3 ebx=00000001 ecx=C0FF102E edx=00634240 esi=00630001 edi=00630000 esp=00000268
  IRQS raised 173601 22 0 0 741 0 18 0 | acked 173511 22 0 0 741 0 18 0
  V86 SS:SP=0F00:0268 DS=0040 ES=0628 | 3202 0008 09B2 EFA0 0729 E646 0598 EFA0 E646 0151 00A6 0E01 
HEARTBEAT [0028:C0036734] cpl=0 pm=1 v86=0 if=1 pic imr=A8 isr=00 irr=00 | 74 3E 0F B6 C0 0F BC C8 74 36 0F B3 C8 50 E8 DB | eax=00000000 ebx=C15200E8 ecx=00000000 edx=00000000 esi=C0037954 edi=00000000 esp=C0EE89BC
  IRQS raised 173747 22 0 0 741 0 18 0 | acked 173657 22 0 0 741 0 18 0
HEARTBEAT [0028:C000131A] cpl=0 pm=1 v86=0 if=0 pic imr=A8 isr=00 irr=00 | 75 38 8A 43 1F F6 D0 D0 E0 22 47 73 24 40 C0 E8 | eax=00000000 ebx=C15200E8 ecx=00000000 edx=C00377D4 esi=C0037954 edi=C0FFE374 esp=C0EE89F4
  IRQS raised 173892 22 0 0 741 0 18 0 | acked 173802 22 0 0 741 0 18 0
HEARTBEAT [0028:C000134D] cpl=0 pm=1 v86=0 if=0 pic imr=A8 isr=00 irr=00 | 83 C4 04 CF 2E 8B C0 E8 26 1E 00 00 74 C1 68 00 | eax=00633839 ebx=00000001 ecx=C0FF102E edx=00634240 esi=00630001 edi=00630000 esp=C0EE8F90
  IRQS raised 174038 22 0 0 741 0 18 0 | acked 173948 22 0 0 741 0 18 0
HEARTBEAT [0028:C00012C0] cpl=0 pm=1 v86=0 if=0 pic imr=A8 isr=00 irr=00 | FC 8B EC 66 BF 30 00 F6 45 2E 02 0F 84 9F 00 00 | eax=00633838 ebx=00000001 ecx=C0FF102E edx=00634240 esi=00000034 edi=00630000 esp=C0EE8F70
  IRQS raised 174184 22 0 0 741 0 18 0 | acked 174094 22 0 0 741 0 18 0
HEARTBEAT [0028:C00372C9] cpl=0 pm=1 v86=0 if=1 pic imr=A8 isr=00 irr=00 | 8A C4 BE 5C 79 03 C0 E8 5C F4 FF FF 61 9D C3 0C | eax=00000000 ebx=C15200E8 ecx=00000000 edx=00000000 esi=C0037954 edi=00000000 esp=C0EE89C4
  IRQS raised 174329 22 0 0 741 0 18 0 | acked 174239 22 0 0 741 0 18 0
HEARTBEAT [0028:C0003249] cpl=0 pm=1 v86=0 if=0 pic imr=A8 isr=00 irr=00 | 74 05 8B D0 EB F0 C3 85 F6 74 05 85 70 08 74 F2 | eax=C0FCEF4C ebx=C15200E8 ecx=800002C3 edx=C10CD720 esi=00000000 edi=C0FFE374 esp=C0EE89E0
  IRQS raised 174475 22 0 0 741 0 18 0 | acked 174385 22 0 0 741 0 18 0
HEARTBEAT [0028:C0003244] cpl=0 pm=1 v86=0 if=0 pic imr=A8 isr=00 irr=00 | 74 09 85 48 08 74 05 8B D0 EB F0 C3 85 F6 74 05 | eax=00000000 ebx=C15200E8 ecx=800002C3 edx=C0FCEB10 esi=00000000 edi=C0FFE374 esp=C0EE89E0
  IRQS raised 174620 22 0 0 741 0 18 0 | acked 174530 22 0 0 741 0 18 0
HEARTBEAT [0028:C0037151] cpl=0 pm=1 v86=0 if=1 pic imr=A8 isr=00 irr=00 | 5F 5B E8 CA EA FF FF 66 F7 40 1A 01 00 74 0A BA | eax=006338E3 ebx=C15200E8 ecx=00000000 edx=00000001 esi=C0037954 edi=C159F9AC esp=C0EE89E4
  IRQS raised 174766 22 0 0 741 0 18 0 | acked 174676 22 0 0 741 0 18 0
HEARTBEAT [0028:C0001305] cpl=0 pm=1 v86=0 if=1 pic imr=A8 isr=00 irr=00 | 8B 1D 1C 07 01 C0 8B 3D A8 06 01 C0 FA 33 C0 3B | eax=0000E339 ebx=C15200E8 ecx=00000000 edx=C00377D4 esi=C0037954 edi=C159F9AC esp=C0EE89F4
  IRQS raised 174912 22 0 0 741 0 18 0 | acked 174822 22 0 0 741 0 18 0
HEARTBEAT [0028:C000318D] cpl=0 pm=1 v86=0 if=0 pic imr=A8 isr=00 irr=00 | 75 ED 51 B9 E3 02 00 80 F6 45 2D 02 74 0D 80 E5 | eax=00000000 ebx=C15200E8 ecx=00000000 edx=C00377D4 esi=00000000 edi=C0FFE374 esp=C0EE89EC
  IRQS raised 175057 22 0 0 741 0 18 0 | acked 174967 22 0 0 741 0 18 0
HEARTBEAT [0028:C0003212] cpl=0 pm=1 v86=0 if=0 pic imr=A8 isr=00 irr=00 | 74 08 8B 43 20 E8 20 00 00 00 66 83 7F 68 00 74 | eax=00000000 ebx=C15200E8 ecx=800002C3 edx=C0FCEAD8 esi=00000000 edi=C0FFE374 esp=C0EE89E4
  IRQS raised 175203 22 0 0 741 0 18 0 | acked 175113 22 0 0 741 0 18 0
HEARTBEAT [0028:C0003246] cpl=0 pm=1 v86=0 if=0 pic imr=A8 isr=00 irr=00 | 85 48 08 74 05 8B D0 EB F0 C3 85 F6 74 05 85 70 | eax=C0FCEB10 ebx=C15200E8 ecx=800002C3 edx=C0FCEB48 esi=00000000 edi=C0FFE374 esp=C0EE89E0
  IRQS raised 175349 22 0 0 741 0 18 0 | acked 175259 22 0 0 741 0 18 0
HEARTBEAT [0028:C0037173] cpl=0 pm=1 v86=0 if=1 pic imr=A8 isr=00 irr=00 | 8B 04 02 0F A3 0E 73 02 D1 E8 C3 FF 15 4C 7A 03 | eax=00000000 ebx=C15200E8 ecx=00000000 edx=C00377D4 esi=C0037954 edi=C159F9AC esp=C0EE89EC
  IRQS raised 175494 22 0 0 741 0 18 0 | acked 175404 22 0 0 741 0 18 0
HEARTBEAT [0028:C0035C6C] cpl=0 pm=1 v86=0 if=0 pic imr=A8 isr=00 irr=00 | 51 E4 08 08 05 60 7A 03 C0 8A 0D 58 79 03 C0 80 | eax=006338E3 ebx=C15200E8 ecx=00000000 edx=00000000 esi=000FECAC edi=00000000 esp=C0EE89BC
  IRQS raised 175640 22 0 0 741 0 18 0 | acked 175550 22 0 0 741 0 18 0
HEARTBEAT [0028:C00012DE] cpl=0 pm=1 v86=0 if=0 pic imr=A8 isr=00 irr=00 | 3D 55 66 22 00 8B 1D 1C 07 01 C0 68 00 13 00 C0 | eax=006338E3 ebx=00000001 ecx=C0FF102E edx=00634240 esi=00000034 edi=C0FFE374 esp=C0EE89F4
  IRQS raised 175786 22 0 0 741 0 18 0 | acked 175696 22 0 0 741 0 18 0
HEARTBEAT [0028:C0003244] cpl=0 pm=1 v86=0 if=0 pic imr=A8 isr=00 irr=00 | 74 09 85 48 08 74 05 8B D0 EB F0 C3 85 F6 74 05 | eax=C0FCEF14 ebx=C15200E8 ecx=800002C3 edx=C0FCEE70 esi=00000000 edi=C0FFE374 esp=C0EE89E0
  IRQS raised 175931 22 0 0 741 0 18 0 | acked 175841 22 0 0 741 0 18 0
HEARTBEAT [0028:C000324F] cpl=0 pm=1 v86=0 if=0 pic imr=A8 isr=00 irr=00 | C3 85 F6 74 05 85 70 08 74 F2 F7 40 08 00 20 00 | eax=00000000 ebx=C15200E8 ecx=800002C3 edx=C0FCEAD8 esi=00000000 edi=C0FFE374 esp=C0EE89E0
  IRQS raised 176077 22 0 0 741 0 18 0 | acked 175987 22 0 0 741 0 18 0
HEARTBEAT [0028:C0036EAC] cpl=0 pm=1 v86=0 if=1 pic imr=A8 isr=00 irr=00 | 72 02 33 C9 C3 8B 3D B0 77 03 C0 8D 7C 3B 08 81 | eax=00633838 ebx=C15200E8 ecx=00000000 edx=00000000 esi=C0037954 edi=00000000 esp=C0EE89E8
  IRQS raised 176223 22 0 0 741 0 18 0 | acked 176133 22 0 0 741 0 18 0
HEARTBEAT [0028:C000131A] cpl=0 pm=1 v86=0 if=0 pic imr=A8 isr=00 irr=00 | 75 38 8A 43 1F F6 D0 D0 E0 22 47 73 24 40 C0 E8 | eax=00000000 ebx=C15200E8 ecx=00000000 edx=C00377D4 esi=C0037954 edi=C0FFE374 esp=C0EE89F4
  IRQS raised 176368 22 0 0 741 0 18 0 | acked 176278 22 0 0 741 0 18 0
HEARTBEAT [0028:C000131A] cpl=0 pm=1 v86=0 if=0 pic imr=A8 isr=00 irr=00 | 75 38 8A 43 1F F6 D0 D0 E0 22 47 73 24 40 C0 E8 | eax=00000000 ebx=C15200E8 ecx=00000000 edx=C00377D4 esi=C0037954 edi=C0FFE374 esp=C0EE89F4
  IRQS raised 176514 22 0 0 741 0 18 0 | acked 176424 22 0 0 741 0 18 0
HEARTBEAT [0028:C000134C] cpl=0 pm=1 v86=0 if=0 pic imr=A8 isr=00 irr=00 | 61 83 C4 04 CF 2E 8B C0 E8 26 1E 00 00 74 C1 68 | eax=00000000 ebx=C15200E8 ecx=00000000 edx=C0FCEB10 esi=C0037954 edi=C0FFE374 esp=C0EE8F70
  IRQS raised 176660 22 0 0 741 0 18 0 | acked 176570 22 0 0 741 0 18 0
HEARTBEAT [0028:C000324D] cpl=0 pm=1 v86=0 if=0 pic imr=A8 isr=00 irr=00 | EB F0 C3 85 F6 74 05 85 70 08 74 F2 F7 40 08 00 | eax=C0FCEB48 ebx=C15200E8 ecx=800002C3 edx=C0FCEB48 esi=00000000 edi=C0FFE374 esp=C0EE89E0
  IRQS raised 176805 22 0 0 741 0 18 0 | acked 176715 22 0 0 741 0 18 0
HEARTBEAT [0028:C0003246] cpl=0 pm=1 v86=0 if=0 pic imr=A8 isr=00 irr=00 | 85 48 08 74 05 8B D0 EB F0 C3 85 F6 74 05 85 70 | eax=C0FCEE70 ebx=C15200E8 ecx=800002C3 edx=C10CD748 esi=00000000 edi=C0FFE374 esp=C0EE89E0
  IRQS raised 176951 22 0 0 741 0 18 0 | acked 176861 22 0 0 741 0 18 0
HEARTBEAT [0028:C0035C31] cpl=0 pm=1 v86=0 if=1 pic imr=A8 isr=00 irr=00 | 05 B4 77 03 C0 C3 50 51 52 81 78 24 00 00 0A 00 | eax=00000000 ebx=C15200E8 ecx=00000000 edx=00000001 esi=C0037954 edi=C159F9AC esp=C0EE89E8
  IRQS raised 177097 22 0 0 741 0 18 0 | acked 177007 22 0 0 741 0 18 0
HEARTBEAT [0028:C00012EE] cpl=0 pm=1 v86=0 if=0 pic imr=A8 isr=00 irr=00 | FF A6 2C F4 00 C0 2E 8B C0 2E 8B C0 2E 8B C0 2E | eax=00633838 ebx=C15200E8 ecx=C0FF102E edx=00634240 esi=00000034 edi=C0FFE374 esp=C0EE89F0
  IRQS raised 177242 22 0 0 741 0 18 0 | acked 177152 22 0 0 741 0 18 0
HEARTBEAT [0028:C0001312] cpl=0 pm=1 v86=0 if=0 pic imr=A8 isr=00 irr=00 | 33 C0 3B 05 F0 E9 00 C0 75 38 8A 43 1F F6 D0 D0 | eax=390000E3 ebx=C15200E8 ecx=00000000 edx=C00377D4 esi=C0037954 edi=C0FFE374 esp=C0EE89F4
  IRQS raised 177388 22 0 0 741 0 18 0 | acked 177298 22 0 0 741 0 18 0
HEARTBEAT [0028:C0003244] cpl=0 pm=1 v86=0 if=0 pic imr=A8 isr=00 irr=00 | 74 09 85 48 08 74 05 8B D0 EB F0 C3 85 F6 74 05 | eax=00000000 ebx=C15200E8 ecx=800002C3 edx=C0FCEB10 esi=00000000 edi=C0FFE374 esp=C0EE89E0
  IRQS raised 177534 22 0 0 741 0 18 0 | acked 177444 22 0 0 741 0 18 0
HEARTBEAT [0028:C0036E93] cpl=0 pm=1 v86=0 if=1 pic imr=A8 isr=00 irr=00 | 66 8B CA 66 83 F9 0F 76 0B 66 81 E9 C0 00 66 D1 | eax=006338E3 ebx=C15200E8 ecx=00000000 edx=00000000 esi=C0037954 edi=00000000 esp=C0EE89E8
  IRQS raised 177679 22 0 0 741 0 18 0 | acked 177589 22 0 0 741 0 18 0
HEARTBEAT [0028:C00012DB] cpl=0 pm=1 v86=0 if=0 pic imr=A8 isr=00 irr=00 | 87 67 4C 3D 55 66 22 00 8B 1D 1C 07 01 C0 68 00 | eax=006338E3 ebx=00000001 ecx=C0FF102E edx=00634240 esi=00000034 edi=C0FFE374 esp=C0EE8F70
  IRQS raised 177825 22 0 0 741 0 18 0 | acked 177735 22 0 0 741 0 18 0
HEARTBEAT [0028:C0003212] cpl=0 pm=1 v86=0 if=0 pic imr=A8 isr=00 irr=00 | 74 08 8B 43 20 E8 20 00 00 00 66 83 7F 68 00 74 | eax=00000000 ebx=C15200E8 ecx=800002C3 edx=C0FCEAD8 esi=00000000 edi=C0FFE374 esp=C0EE89E4
  IRQS raised 177970 22 0 0 741 0 18 0 | acked 177880 22 0 0 741 0 18 0
HEARTBEAT [0028:C0036E93] cpl=0 pm=1 v86=0 if=1 pic imr=A8 isr=00 irr=00 | 66 8B CA 66 83 F9 0F 76 0B 66 81 E9 C0 00 66 D1 | eax=006338E3 ebx=C15200E8 ecx=00000000 edx=00000000 esi=C0037954 edi=00000000 esp=C0EE89E8
  IRQS raised 178116 22 0 0 741 0 18 0 | acked 178026 22 0 0 741 0 18 0
HEARTBEAT [0028:C0037108] cpl=0 pm=1 v86=0 if=1 pic imr=A8 isr=00 irr=00 | 83 F9 04 76 06 CD 20 94 80 01 00 72 1F E8 74 FD | eax=006338E3 ebx=C15200E8 ecx=00000000 edx=00000000 esi=000FECAC edi=00000000 esp=C0EE89EC
  IRQS raised 178262 22 0 0 741 0 18 0 | acked 178172 22 0 0 741 0 18 0
HEARTBEAT [0028:C00012B0] cpl=0 pm=1 v86=0 if=0 pic imr=A8 isr=00 irr=00 | 60 BE 34 00 00 00 EB 08 60 BE 38 00 00 00 8B F6 | eax=00633838 ebx=00000001 ecx=C0FF102E edx=00634240 esi=00630001 edi=00630000 esp=C0EE8F90
  IRQS raised 178407 22 0 0 741 0 18 0 | acked 178317 22 0 0 741 0 18 0
HEARTBEAT [0028:C0037108] cpl=0 pm=1 v86=0 if=1 pic imr=A8 isr=00 irr=00 | 83 F9 04 76 06 CD 20 94 80 01 00 72 1F E8 74 FD | eax=00633838 ebx=C15200E8 ecx=00000000 edx=00000000 esi=000FECB4 edi=00000000 esp=C0EE89EC
  IRQS raised 178553 22 0 0 741 0 18 0 | acked 178463 22 0 0 741 0 18 0
HEARTBEAT [0028:C0035C6F] cpl=0 pm=1 v86=0 if=0 pic imr=A8 isr=00 irr=00 | 08 05 60 7A 03 C0 8A 0D 58 79 03 C0 80 E1 0F 0A | eax=00633800 ebx=C15200E8 ecx=00000000 edx=00000000 esi=000FECB4 edi=00000000 esp=C0EE89B8
  IRQS raised 178699 22 0 0 741 0 18 0 | acked 178609 22 0 0 741 0 18 0
HEARTBEAT [0028:C00031AD] cpl=0 pm=1 v86=0 if=0 pic imr=A8 isr=00 irr=00 | 8B 50 10 85 D2 75 1D 8B 50 30 3B 1D 20 07 01 C0 | eax=C00106D4 ebx=C15200E8 ecx=800002E3 edx=C00377D4 esi=00000000 edi=C0FFE374 esp=C0EE89E8
  IRQS raised 178844 22 0 0 741 0 18 0 | acked 178754 22 0 0 741 0 18 0
HEARTBEAT [F000:0000ECB4] cpl=3 pm=1 v86=1 if=0 pic imr=A8 isr=00 irr=00 | E4 00 74 F4 9D E2 EF 58 C3 8A C6 E8 95 0C 8A C2 | eax=00633838 ebx=00000001 ecx=C0FF102E edx=00634240 esi=00630001 edi=00630000 esp=00000268
  IRQS raised 178990 22 0 0 741 0 18 0 | acked 178900 22 0 0 741 0 18 0
  V86 SS:SP=0F00:0268 DS=0040 ES=0628 | 3202 0008 09B2 EFA0 0729 E646 0598 EFA0 E646 0151 00A6 0E01 
HEARTBEAT [0028:C000317F] cpl=0 pm=1 v86=0 if=0 pic imr=A8 isr=00 irr=00 | 33 C0 56 33 F6 8B 6B 08 39 05 F4 E9 00 C0 75 ED | eax=00000000 ebx=C15200E8 ecx=00000000 edx=C00377D4 esi=C0037954 edi=C0FFE374 esp=C0EE89F0
  IRQS raised 179136 22 0 0 741 0 18 0 | acked 179046 22 0 0 741 0 18 0
HEARTBEAT [0028:C00012DE] cpl=0 pm=1 v86=0 if=0 pic imr=A8 isr=00 irr=00 | 3D 55 66 22 00 8B 1D 1C 07 01 C0 68 00 13 00 C0 | eax=006338E3 ebx=00000001 ecx=C0FF102E edx=00634240 esi=00000034 edi=C0FFE374 esp=C0EE89F4
  IRQS raised 179281 22 0 0 741 0 18 0 | acked 179191 22 0 0 741 0 18 0
HEARTBEAT [0028:C0003195] cpl=0 pm=1 v86=0 if=0 pic imr=A8 isr=00 irr=00 | F6 45 2D 02 74 0D 80 E5 FD 8A 53 98 D0 D9 80 C2 | eax=00000000 ebx=C15200E8 ecx=800002E3 edx=C00377D4 esi=00000000 edi=C0FFE374 esp=C0EE89E8
  IRQS raised 179427 22 0 0 741 0 18 0 | acked 179337 22 0 0 741 0 18 0
HEARTBEAT [0028:C0003242] cpl=0 pm=1 v86=0 if=0 pic imr=A8 isr=00 irr=00 | 85 C0 74 09 85 48 08 74 05 8B D0 EB F0 C3 85 F6 | eax=C0FCEAD8 ebx=C15200E8 ecx=800002C3 edx=C0FCEAA0 esi=00000000 edi=C0FFE374 esp=C0EE89E0
  IRQS raised 179573 22 0 0 741 0 18 0 | acked 179483 22 0 0 741 0 18 0
HEARTBEAT [0028:C0037179] cpl=0 pm=1 v86=0 if=1 pic imr=A8 isr=00 irr=00 | 73 02 D1 E8 C3 FF 15 4C 7A 03 C0 83 F9 04 76 06 | eax=0000E339 ebx=C15200E8 ecx=00000000 edx=C00377D4 esi=C0037954 edi=C159F9AC esp=C0EE89EC
  IRQS raised 179718 22 0 0 741 0 18 0 | acked 179628 22 0 0 741 0 18 0
HEARTBEAT [0028:C0035C6F] cpl=0 pm=1 v86=0 if=0 pic imr=A8 isr=00 irr=00 | 08 05 60 7A 03 C0 8A 0D 58 79 03 C0 80 E1 0F 0A | eax=00633800 ebx=C15200E8 ecx=00000000 edx=00000000 esi=000FECAC edi=00000000 esp=C0EE89B8
  IRQS raised 179864 22 0 0 741 0 18 0 | acked 179774 22 0 0 741 0 18 0
HEARTBEAT [F000:0000ECAC] cpl=3 pm=1 v86=1 if=0 pic imr=A8 isr=00 irr=00 | E4 00 24 FE 3A E0 8A E0 E4 00 74 F4 9D E2 EF 58 | eax=006338E3 ebx=00000001 ecx=C0FF102E edx=00634240 esi=00630001 edi=00630000 esp=00000268
  IRQS raised 180010 22 0 0 741 0 18 0 | acked 179920 22 0 0 741 0 18 0
  V86 SS:SP=0F00:0268 DS=0040 ES=0628 | 3202 0008 09B2 EFA0 0729 E646 0598 EFA0 E646 0151 00A6 0E01 
HEARTBEAT [0028:C0037173] cpl=0 pm=1 v86=0 if=1 pic imr=A8 isr=00 irr=00 | 8B 04 02 0F A3 0E 73 02 D1 E8 C3 FF 15 4C 7A 03 | eax=00000000 ebx=C15200E8 ecx=00000000 edx=C00377D4 esi=C0037954 edi=C159F9AC esp=C0EE89EC
  IRQS raised 180155 22 0 0 741 0 18 0 | acked 180065 22 0 0 741 0 18 0
HEARTBEAT [0028:C00020BF] cpl=0 pm=1 v86=0 if=1 pic imr=A8 isr=00 irr=00 | 89 4F A8 03 F1 66 8B 0E 0F B6 F9 FF 24 BD 28 CF | eax=006338E3 ebx=C15200E8 ecx=0000ECAC edx=00634240 esi=000F0000 edi=C0FFE374 esp=C0EE89F0
  IRQS raised 180301 22 0 0 741 0 18 0 | acked 180211 22 0 0 741 0 18 0
HEARTBEAT [0028:C0003231] cpl=0 pm=1 v86=0 if=0 pic imr=A8 isr=00 irr=00 | 5D 59 5E C3 8B D5 8B 42 FC EB F5 8D 50 04 8B 42 | eax=00000000 ebx=C15200E8 ecx=800002C3 edx=C0FCEB10 esi=00000000 edi=C0FFE374 esp=C0EE89E4
  IRQS raised 180447 22 0 0 741 0 18 0 | acked 180357 22 0 0 741 0 18 0
HEARTBEAT [0028:C000131A] cpl=0 pm=1 v86=0 if=0 pic imr=A8 isr=00 irr=00 | 75 38 8A 43 1F F6 D0 D0 E0 22 47 73 24 40 C0 E8 | eax=00000000 ebx=C15200E8 ecx=00000000 edx=C00377D4 esi=C0037954 edi=C0FFE374 esp=C0EE89F4
  IRQS raised 180592 22 0 0 741 0 18 0 | acked 180502 22 0 0 741 0 18 0
HEARTBEAT [0028:C0035C6F] cpl=0 pm=1 v86=0 if=0 pic imr=A8 isr=00 irr=00 | 08 05 60 7A 03 C0 8A 0D 58 79 03 C0 80 E1 0F 0A | eax=00633800 ebx=C15200E8 ecx=00000000 edx=00000000 esi=000FECAC edi=00000000 esp=C0EE89B8
  IRQS raised 180738 22 0 0 741 0 18 0 | acked 180648 22 0 0 741 0 18 0
HEARTBEAT [0028:C0035C6F] cpl=0 pm=1 v86=0 if=0 pic imr=A8 isr=00 irr=00 | 08 05 60 7A 03 C0 8A 0D 58 79 03 C0 80 E1 0F 0A | eax=00633800 ebx=C15200E8 ecx=00000000 edx=00000000 esi=000FECAC edi=00000000 esp=C0EE89B8
  IRQS raised 180884 22 0 0 741 0 18 0 | acked 180794 22 0 0 741 0 18 0
HEARTBEAT [0028:C0036E93] cpl=0 pm=1 v86=0 if=1 pic imr=A8 isr=00 irr=00 | 66 8B CA 66 83 F9 0F 76 0B 66 81 E9 C0 00 66 D1 | eax=006338E3 ebx=C15200E8 ecx=00000000 edx=00000000 esi=C0037954 edi=00000000 esp=C0EE89E8
  IRQS raised 181029 22 0 0 741 0 18 0 | acked 180939 22 0 0 741 0 18 0
HEARTBEAT [0028:C00372C3] cpl=0 pm=1 v86=0 if=1 pic imr=A8 isr=00 irr=00 | E8 69 F4 FF FF 58 8A C4 BE 5C 79 03 C0 E8 5C F4 | eax=00000000 ebx=C15200E8 ecx=00000000 edx=00000000 esi=C0037954 edi=00000000 esp=C0EE89C0
  IRQS raised 181175 22 0 0 741 0 18 0 | acked 181085 22 0 0 741 0 18 0
HEARTBEAT [0028:C0003242] cpl=0 pm=1 v86=0 if=0 pic imr=A8 isr=00 irr=00 | 85 C0 74 09 85 48 08 74 05 8B D0 EB F0 C3 85 F6 | eax=C0FCEAD8 ebx=C15200E8 ecx=800002C3 edx=C0FCEAA0 esi=00000000 edi=C0FFE374 esp=C0EE89E0
  IRQS raised 181320 22 0 0 741 0 18 0 | acked 181230 22 0 0 741 0 18 0
HEARTBEAT [F000:0000ECB6] cpl=3 pm=1 v86=1 if=0 pic imr=A8 isr=00 irr=00 | 74 F4 9D E2 EF 58 C3 8A C6 E8 95 0C 8A C2 E8 90 | eax=006338E3 ebx=00000001 ecx=C0FF102E edx=00634240 esi=00630001 edi=00630000 esp=00000268
  IRQS raised 181466 22 0 0 741 0 18 0 | acked 181376 22 0 0 741 0 18 0
  V86 SS:SP=0F00:0268 DS=0040 ES=0628 | 3202 0008 09B2 EFA0 0729 E646 0598 EFA0 E646 0151 00A6 0E01 
HEARTBEAT [0028:C0001354] cpl=0 pm=1 v86=0 if=0 pic imr=A8 isr=00 irr=00 | E8 26 1E 00 00 74 C1 68 00 13 00 C0 E9 35 1F 00 | eax=00000000 ebx=C15200E8 ecx=00000000 edx=C00377D4 esi=C0037954 edi=C0FFE374 esp=C0EE89F4
  IRQS raised 181612 22 0 0 741 0 18 0 | acked 181522 22 0 0 741 0 18 0
HEARTBEAT [0028:C00012CB] cpl=0 pm=1 v86=0 if=0 pic imr=A8 isr=00 irr=00 | 0F 84 9F 00 00 00 8E DF 8E C7 8B 3D A8 06 01 C0 | eax=00633838 ebx=00000001 ecx=C0FF102E edx=00634240 esi=00000034 edi=00630030 esp=C0EE8F70
  IRQS raised 181757 22 0 0 741 0 18 0 | acked 181667 22 0 0 741 0 18 0
HEARTBEAT [0028:C000132B] cpl=0 pm=1 v86=0 if=0 pic imr=A8 isr=00 irr=00 | 08 47 03 F6 03 20 75 79 3D 43 66 22 00 87 67 4C | eax=00000000 ebx=C15200E8 ecx=00000000 edx=C0FCEB10 esi=C0037954 edi=C0FFE374 esp=C0EE89F4
  IRQS raised 181903 22 0 0 741 0 18 0 | acked 181813 22 0 0 741 0 18 0
HEARTBEAT [0028:C000133B] cpl=0 pm=1 v86=0 if=0 pic imr=A8 isr=00 irr=00 | 8A 44 24 2D 0C 30 A8 02 75 03 22 43 99 88 44 24 | eax=00000000 ebx=C15200E8 ecx=00000000 edx=C0FCEB10 esi=C0037954 edi=C0FFE374 esp=C0EE8F70
  IRQS raised 182049 22 0 0 741 0 18 0 | acked 181959 22 0 0 741 0 18 0
HEARTBEAT [0028:C0003244] cpl=0 pm=1 v86=0 if=0 pic imr=A8 isr=00 irr=00 | 74 09 85 48 08 74 05 8B D0 EB F0 C3 85 F6 74 05 | eax=00000000 ebx=C15200E8 ecx=800002C3 edx=C0FCEB10 esi=00000000 edi=C0FFE374 esp=C0EE89E0
  IRQS raised 182194 22 0 0 741 0 18 0 | acked 182104 22 0 0 741 0 18 0
HEARTBEAT [0028:C000324D] cpl=0 pm=1 v86=0 if=0 pic imr=A8 isr=00 irr=00 | EB F0 C3 85 F6 74 05 85 70 08 74 F2 F7 40 08 00 | eax=C0FCEAA0 ebx=C15200E8 ecx=800002C3 edx=C0FCEAA0 esi=00000000 edi=C0FFE374 esp=C0EE89E0
  IRQS raised 182340 22 0 0 741 0 18 0 | acked 182250 22 0 0 741 0 18 0
HEARTBEAT [0028:C00031D3] cpl=0 pm=1 v86=0 if=0 pic imr=A8 isr=00 irr=00 | 74 13 80 CD 08 3B 1D 20 07 01 C0 75 08 39 5A 14 | eax=C00106D4 ebx=C15200E8 ecx=800002E3 edx=C0FFE374 esi=00000000 edi=C0FFE374 esp=C0EE89E8
  IRQS raised 182486 22 0 0 741 0 18 0 | acked 182396 22 0 0 741 0 18 0
HEARTBEAT [0028:C00020BF] cpl=0 pm=1 v86=0 if=1 pic imr=A8 isr=00 irr=00 | 89 4F A8 03 F1 66 8B 0E 0F B6 F9 FF 24 BD 28 CF | eax=006338E3 ebx=C15200E8 ecx=0000ECAC edx=00634240 esi=000F0000 edi=C0FFE374 esp=C0EE89F0
  IRQS raised 182631 22 0 0 741 0 18 0 | acked 182541 22 0 0 741 0 18 0
HEARTBEAT [0028:C0035C8E] cpl=0 pm=1 v86=0 if=0 pic imr=A8 isr=00 irr=00 | 8A 0D 60 79 03 C0 80 E1 0F 0A C8 88 0D 60 79 03 | eax=00633800 ebx=C15200E8 ecx=00000001 edx=00000000 esi=000FECAC edi=00000000 esp=C0EE89B8
  IRQS raised 182777 22 0 0 741 0 18 0 | acked 182687 22 0 0 741 0 18 0
HEARTBEAT [0028:C0037173] cpl=0 pm=1 v86=0 if=1 pic imr=A8 isr=00 irr=00 | 8B 04 02 0F A3 0E 73 02 D1 E8 C3 FF 15 4C 7A 03 | eax=00000001 ebx=C15200E8 ecx=00000000 edx=C00377D4 esi=C0037954 edi=C159F9AC esp=C0EE89EC
  IRQS raised 182923 22 0 0 741 0 18 0 | acked 182833 22 0 0 741 0 18 0
HEARTBEAT [0028:C0003242] cpl=0 pm=1 v86=0 if=0 pic imr=A8 isr=00 irr=00 | 85 C0 74 09 85 48 08 74 05 8B D0 EB F0 C3 85 F6 | eax=C0FCEE70 ebx=C15200E8 ecx=800002C3 edx=C10CD748 esi=00000000 edi=C0FFE374 esp=C0EE89E0
  IRQS raised 183068 22 0 0 741 0 18 0 | acked 182978 22 0 0 741 0 18 0
HEARTBEAT [0028:C0003242] cpl=0 pm=1 v86=0 if=0 pic imr=A8 isr=00 irr=00 | 85 C0 74 09 85 48 08 74 05 8B D0 EB F0 C3 85 F6 | eax=C0FCEE70 ebx=C15200E8 ecx=800002C3 edx=C10CD748 esi=00000000 edi=C0FFE374 esp=C0EE89E0
  IRQS raised 183214 22 0 0 741 0 18 0 | acked 183124 22 0 0 741 0 18 0
HEARTBEAT [0028:C000323C] cpl=0 pm=1 v86=0 if=0 pic imr=A8 isr=00 irr=00 | 8D 50 04 8B 42 FC 85 C0 74 09 85 48 08 74 05 8B | eax=C10CD71C ebx=C15200E8 ecx=800002C3 edx=C0FFE374 esi=00000000 edi=C0FFE374 esp=C0EE89E0
  IRQS raised 183360 22 0 0 741 0 18 0 | acked 183270 22 0 0 741 0 18 0
HEARTBEAT [0028:C00031B0] cpl=0 pm=1 v86=0 if=0 pic imr=A8 isr=00 irr=00 | 85 D2 75 1D 8B 50 30 3B 1D 20 07 01 C0 75 04 85 | eax=C00106D4 ebx=C15200E8 ecx=800002E3 edx=C0FFE374 esi=00000000 edi=C0FFE374 esp=C0EE89E8
  IRQS raised 183505 22 0 0 741 0 18 0 | acked 183415 22 0 0 741 0 18 0
HEARTBEAT [0028:C00012B0] cpl=0 pm=1 v86=0 if=0 pic imr=A8 isr=00 irr=00 | 60 BE 34 00 00 00 EB 08 60 BE 38 00 00 00 8B F6 | eax=00633838 ebx=00000001 ecx=C0FF102E edx=00634240 esi=00630001 edi=00630000 esp=C0EE8F90
  IRQS raised 183651 22 0 0 741 0 18 0 | acked 183561 22 0 0 741 0 18 0
HEARTBEAT [0028:C00020B4] cpl=0 pm=1 v86=0 if=0 pic imr=A8 isr=00 irr=00 | FB 0F B7 75 28 8B 4D 24 C1 E6 04 89 4F A8 03 F1 | eax=00633838 ebx=C15200E8 ecx=C0FF102E edx=00634240 esi=00000034 edi=C0FFE374 esp=C0EE89F0
  IRQS raised 183797 22 0 0 741 0 18 0 | acked 183707 22 0 0 741 0 18 0
HEARTBEAT [0028:C0003217] cpl=0 pm=1 v86=0 if=0 pic imr=A8 isr=00 irr=00 | E8 20 00 00 00 66 83 7F 68 00 74 08 8B 47 6C E8 | eax=C10CD744 ebx=C15200E8 ecx=800002C3 edx=C0FCEAD8 esi=00000000 edi=C0FFE374 esp=C0EE89E4
  IRQS raised 183942 22 0 0 741 0 18 0 | acked 183852 22 0 0 741 0 18 0
HEARTBEAT [F000:0000ECB6] cpl=3 pm=1 v86=1 if=0 pic imr=A8 isr=00 irr=00 | 74 F4 9D E2 EF 58 C3 8A C6 E8 95 0C 8A C2 E8 90 | eax=006338E3 ebx=00000001 ecx=C0FF102E edx=00634240 esi=00630001 edi=00630000 esp=00000268
  IRQS raised 184088 22 0 0 741 0 18 0 | acked 183998 22 0 0 741 0 18 0
  V86 SS:SP=0F00:0268 DS=0040 ES=0628 | 3202 0008 09B2 EFA0 0729 E646 0598 EFA0 E646 0151 00A6 0E01 
HEARTBEAT [0028:C0001359] cpl=0 pm=1 v86=0 if=0 pic imr=A8 isr=00 irr=00 | 74 C1 68 00 13 00 C0 E9 35 1F 00 00 2E 8B C0 2E | eax=00000000 ebx=C15200E8 ecx=00000000 edx=C0FCEB10 esi=C0037954 edi=C0FFE374 esp=C0EE89F4
  IRQS raised 184234 22 0 0 741 0 18 0 | acked 184144 22 0 0 741 0 18 0
HEARTBEAT [0028:C00372BC] cpl=0 pm=1 v86=0 if=0 pic imr=A8 isr=00 irr=00 | 9D 50 BE 54 79 03 C0 E8 69 F4 FF FF 58 8A C4 BE | eax=00000000 ebx=C15200E8 ecx=00000000 edx=00000000 esi=000FECB4 edi=00000000 esp=C0EE89C0
  IRQS raised 184379 22 0 0 741 0 18 0 | acked 184289 22 0 0 741 0 18 0
HEARTBEAT [0028:C0003DBE] cpl=0 pm=1 v86=0 if=1 pic imr=A8 isr=00 irr=00 | 75 0D 33 C9 FF 14 BD 70 ED 00 C0 88 45 1C C3 68 | eax=00633838 ebx=C15200E8 ecx=000000E4 edx=00000000 esi=000FECB4 edi=00000000 esp=C0EE89F0
  IRQS raised 184525 22 0 0 741 0 18 0 | acked 184435 22 0 0 741 0 18 0
HEARTBEAT [0028:C0037102] cpl=0 pm=1 v86=0 if=1 pic imr=A8 isr=00 irr=00 | FF 15 4C 7A 03 C0 83 F9 04 76 06 CD 20 94 80 01 | eax=006338E3 ebx=C15200E8 ecx=00000000 edx=00000000 esi=000FECAC edi=00000000 esp=C0EE89EC
  IRQS raised 184670 22 0 0 741 0 18 0 | acked 184580 22 0 0 741 0 18 0
HEARTBEAT [0028:C0003208] cpl=0 pm=1 v86=0 if=0 pic imr=A8 isr=00 irr=00 | E8 2F 00 00 00 66 83 7B 18 00 74 08 8B 43 20 E8 | eax=C10CD71C ebx=C15200E8 ecx=800002C3 edx=C0FFE374 esi=00000000 edi=C0FFE374 esp=C0EE89E4
  IRQS raised 184816 22 0 0 741 0 18 0 | acked 184726 22 0 0 741 0 18 0
HEARTBEAT [0028:C0037170] cpl=0 pm=1 v86=0 if=1 pic imr=A8 isr=00 irr=00 | 80 37 01 8B 04 02 0F A3 0E 73 02 D1 E8 C3 FF 15 | eax=00000001 ebx=C15200E8 ecx=00000000 edx=C00377D4 esi=C0037954 edi=C159F9AC esp=C0EE89EC
  IRQS raised 184962 22 0 0 741 0 18 0 | acked 184872 22 0 0 741 0 18 0
HEARTBEAT [0028:C0003201] cpl=0 pm=1 v86=0 if=0 pic imr=A8 isr=00 irr=00 | 74 0A A1 E0 E9 00 C0 E8 2F 00 00 00 66 83 7B 18 | eax=C00106DF ebx=C15200E8 ecx=800002C3 edx=C0FFE374 esi=00000000 edi=C0FFE374 esp=C0EE89E4
  IRQS raised 185107 22 0 0 741 0 18 0 | acked 185017 22 0 0 741 0 18 0
HEARTBEAT [0028:C00372A7] cpl=0 pm=1 v86=0 if=1 pic imr=A8 isr=00 irr=00 | 9C FA E8 BE E9 FF FF 33 C0 86 05 60 7A 03 C0 86 | eax=00633838 ebx=C15200E8 ecx=00000000 edx=00000000 esi=000FECB4 edi=00000000 esp=C0EE89C4
  IRQS raised 185253 22 0 0 741 0 18 0 | acked 185163 22 0 0 741 0 18 0
HEARTBEAT [0028:C00012C7] cpl=0 pm=1 v86=0 if=0 pic imr=A8 isr=00 irr=00 | F6 45 2E 02 0F 84 9F 00 00 00 8E DF 8E C7 8B 3D | eax=00633838 ebx=00000001 ecx=C0FF102E edx=00634240 esi=00000034 edi=00630030 esp=C0EE8F70
  IRQS raised 185399 22 0 0 741 0 18 0 | acked 185309 22 0 0 741 0 18 0
HEARTBEAT [0028:C0036EB1] cpl=0 pm=1 v86=0 if=1 pic imr=A8 isr=00 irr=00 | 8B 3D B0 77 03 C0 8D 7C 3B 08 81 FE 54 79 03 C0 | eax=006338E3 ebx=C15200E8 ecx=00000000 edx=00000000 esi=C0037954 edi=00000000 esp=C0EE89E8
  IRQS raised 185544 22 0 0 741 0 18 0 | acked 185454 22 0 0 741 0 18 0
HEARTBEAT [0028:C00372AE] cpl=0 pm=1 v86=0 if=0 pic imr=A8 isr=00 irr=00 | 33 C0 86 05 60 7A 03 C0 86 25 61 7A 03 C0 9D 50 | eax=00000000 ebx=C15200E8 ecx=00000000 edx=00000000 esi=000FECAC edi=00000000 esp=C0EE89C0
  IRQS raised 185690 22 0 0 741 0 18 0 | acked 185600 22 0 0 741 0 18 0
HEARTBEAT [0028:C00012DE] cpl=0 pm=1 v86=0 if=0 pic imr=A8 isr=00 irr=00 | 3D 55 66 22 00 8B 1D 1C 07 01 C0 68 00 13 00 C0 | eax=006338E3 ebx=00000001 ecx=C0FF102E edx=00634240 esi=00000034 edi=C0FFE374 esp=C0EE89F4
  IRQS raised 185836 22 0 0 741 0 18 0 | acked 185746 22 0 0 741 0 18 0
HEARTBEAT [0028:C00372C9] cpl=0 pm=1 v86=0 if=1 pic imr=A8 isr=00 irr=00 | 8A C4 BE 5C 79 03 C0 E8 5C F4 FF FF 61 9D C3 0C | eax=00000000 ebx=C15200E8 ecx=00000000 edx=00000000 esi=C0037954 edi=00000000 esp=C0EE89C4
  IRQS raised 185981 22 0 0 741 0 18 0 | acked 185891 22 0 0 741 0 18 0
HEARTBEAT [0028:C0035C6F] cpl=0 pm=1 v86=0 if=0 pic imr=A8 isr=00 irr=00 | 08 05 60 7A 03 C0 8A 0D 58 79 03 C0 80 E1 0F 0A | eax=00633800 ebx=C15200E8 ecx=00000000 edx=00000000 esi=000FECAC edi=00000000 esp=C0EE89B8
  IRQS raised 186127 22 0 0 741 0 18 0 | acked 186037 22 0 0 741 0 18 0
HEARTBEAT [0028:C0037158] cpl=0 pm=1 v86=0 if=1 pic imr=A8 isr=00 irr=00 | 66 F7 40 1A 01 00 74 0A BA 03 00 00 00 E8 10 01 | eax=C00377B4 ebx=C15200E8 ecx=00000000 edx=00000001 esi=C0037954 edi=C159F9AC esp=C0EE89EC
  IRQS raised 186273 22 0 0 741 0 18 0 | acked 186183 22 0 0 741 0 18 0
HEARTBEAT [0028:C0036606] cpl=0 pm=1 v86=0 if=1 pic imr=A8 isr=00 irr=00 | C3 0F B6 5F 15 8B 77 0C 8B 7F 10 2B FA 8B CA 2B | eax=006338E3 ebx=C15200E8 ecx=00000000 edx=00000001 esi=C0037954 edi=C159F9AC esp=C0EE89E0
  IRQS raised 186418 22 0 0 741 0 18 0 | acked 186328 22 0 0 741 0 18 0
HEARTBEAT [0028:C0003DDB] cpl=0 pm=1 v86=0 if=1 pic imr=A8 isr=00 irr=00 | EB C9 2E 8B C0 FF 45 24 0F B7 D2 8B FA D0 C2 32 | eax=00633838 ebx=C15200E8 ecx=000000E4 edx=00000000 esi=000FECB4 edi=000000E4 esp=C0EE89F0
  IRQS raised 186564 22 0 0 741 0 18 0 | acked 186474 22 0 0 741 0 18 0
HEARTBEAT [0028:C0001359] cpl=0 pm=1 v86=0 if=0 pic imr=A8 isr=00 irr=00 | 74 C1 68 00 13 00 C0 E9 35 1F 00 00 2E 8B C0 2E | eax=00000000 ebx=C15200E8 ecx=00000000 edx=C0FCEB10 esi=C0037954 edi=C0FFE374 esp=C0EE89F4
  IRQS raised 186710 22 0 0 741 0 18 0 | acked 186620 22 0 0 741 0 18 0
HEARTBEAT [0028:C0003199] cpl=0 pm=1 v86=0 if=0 pic imr=A8 isr=00 irr=00 | 74 0D 80 E5 FD 8A 53 98 D0 D9 80 C2 FF D0 D1 B8 | eax=00000000 ebx=C15200E8 ecx=800002E3 edx=C00377D4 esi=00000000 edi=C0FFE374 esp=C0EE89E8
  IRQS raised 186855 22 0 0 741 0 18 0 | acked 186765 22 0 0 741 0 18 0
HEARTBEAT [0028:C0035C8E] cpl=0 pm=1 v86=0 if=0 pic imr=A8 isr=00 irr=00 | 8A 0D 60 79 03 C0 80 E1 0F 0A C8 88 0D 60 79 03 | eax=00633800 ebx=C15200E8 ecx=00000001 edx=00000000 esi=000FECAC edi=00000000 esp=C0EE89B8
  IRQS raised 187001 22 0 0 741 0 18 0 | acked 186911 22 0 0 741 0 18 0
HEARTBEAT [0028:C0003DC9] cpl=0 pm=1 v86=0 if=1 pic imr=A8 isr=00 irr=00 | 88 45 1C C3 68 C0 3D 00 C0 EB 98 83 45 24 02 0F | eax=0000E339 ebx=C15200E8 ecx=00000000 edx=C00377D4 esi=C0037954 edi=C159F9AC esp=C0EE89F0
  IRQS raised 187147 22 0 0 741 0 18 0 | acked 187057 22 0 0 741 0 18 0
HEARTBEAT [0028:C0037148] cpl=0 pm=1 v86=0 if=1 pic imr=A8 isr=00 irr=00 | 75 09 53 57 E8 38 F4 FF FF 5F 5B E8 CA EA FF FF | eax=00633838 ebx=C15200E8 ecx=00000000 edx=00000001 esi=C0037954 edi=C159F9AC esp=C0EE89EC
  IRQS raised 187292 22 0 0 741 0 18 0 | acked 187202 22 0 0 741 0 18 0
HEARTBEAT [0028:C00012D1] cpl=0 pm=1 v86=0 if=0 pic imr=A8 isr=00 irr=00 | 8E DF 8E C7 8B 3D A8 06 01 C0 87 67 4C 3D 55 66 | eax=006338E3 ebx=00000001 ecx=C0FF102E edx=00634240 esi=00000034 edi=00630030 esp=C0EE8F70
  IRQS raised 187438 22 0 0 741 0 18 0 | acked 187348 22 0 0 741 0 18 0
HEARTBEAT [0028:C000322D] cpl=0 pm=1 v86=0 if=0 pic imr=A8 isr=00 irr=00 | 75 06 33 C0 5D 59 5E C3 8B D5 8B 42 FC EB F5 8D | eax=00000000 ebx=C15200E8 ecx=800002C3 edx=C0FCEB10 esi=00000000 edi=C0FFE374 esp=C0EE89E4
  IRQS raised 187584 22 0 0 741 0 18 0 | acked 187494 22 0 0 741 0 18 0
HEARTBEAT [0028:C0003249] cpl=0 pm=1 v86=0 if=0 pic imr=A8 isr=00 irr=00 | 74 05 8B D0 EB F0 C3 85 F6 74 05 85 70 08 74 F2 | eax=C0FCEAA0 ebx=C15200E8 ecx=800002C3 edx=C0FCEEBC esi=00000000 edi=C0FFE374 esp=C0EE89E0
  IRQS raised 187729 22 0 0 741 0 18 0 | acked 187639 22 0 0 741 0 18 0
HEARTBEAT [0028:C0003DC9] cpl=0 pm=1 v86=0 if=1 pic imr=A8 isr=00 irr=00 | 88 45 1C C3 68 C0 3D 00 C0 EB 98 83 45 24 02 0F | eax=390000E3 ebx=C15200E8 ecx=00000000 edx=C00377D4 esi=C0037954 edi=C159F9AC esp=C0EE89F0
  IRQS raised 187875 22 0 0 741 0 18 0 | acked 187785 22 0 0 741 0 18 0
HEARTBEAT [0028:C00372C3] cpl=0 pm=1 v86=0 if=1 pic imr=A8 isr=00 irr=00 | E8 69 F4 FF FF 58 8A C4 BE 5C 79 03 C0 E8 5C F4 | eax=00000000 ebx=C15200E8 ecx=00000000 edx=00000000 esi=C0037954 edi=00000000 esp=C0EE89C0
  IRQS raised 188020 22 0 0 741 0 18 0 | acked 187930 22 0 0 741 0 18 0
HEARTBEAT [0028:C000324F] cpl=0 pm=1 v86=0 if=0 pic imr=A8 isr=00 irr=00 | C3 85 F6 74 05 85 70 08 74 F2 F7 40 08 00 20 00 | eax=00000000 ebx=C15200E8 ecx=800002C3 edx=C0FCEB10 esi=00000000 edi=C0FFE374 esp=C0EE89E0
  IRQS raised 188166 22 0 0 741 0 18 0 | acked 188076 22 0 0 741 0 18 0
HEARTBEAT [0028:C0001326] cpl=0 pm=1 v86=0 if=0 pic imr=A8 isr=00 irr=00 | 24 40 C0 E8 03 08 47 03 F6 03 20 75 79 3D 43 66 | eax=00000000 ebx=C15200E8 ecx=00000000 edx=C0FCEB10 esi=C0037954 edi=C0FFE374 esp=C0EE89F4
  IRQS raised 188312 22 0 0 741 0 18 0 | acked 188222 22 0 0 741 0 18 0
HEARTBEAT [0028:C0003249] cpl=0 pm=1 v86=0 if=0 pic imr=A8 isr=00 irr=00 | 74 05 8B D0 EB F0 C3 85 F6 74 05 85 70 08 74 F2 | eax=C0FCEAD8 ebx=C15200E8 ecx=800002C3 edx=C0FCEAA0 esi=00000000 edi=C0FFE374 esp=C0EE89E0
  IRQS raised 188457 22 0 0 741 0 18 0 | acked 188367 22 0 0 741 0 18 0
HEARTBEAT [0028:C003715E] cpl=0 pm=1 v86=0 if=1 pic imr=A8 isr=00 irr=00 | 74 0A BA 03 00 00 00 E8 10 01 00 00 8D 50 20 0F | eax=C00377B4 ebx=C15200E8 ecx=00000000 edx=00000001 esi=C0037954 edi=C159F9AC esp=C0EE89EC
  IRQS raised 188603 22 0 0 741 0 18 0 | acked 188513 22 0 0 741 0 18 0
HEARTBEAT [0028:C000323C] cpl=0 pm=1 v86=0 if=0 pic imr=A8 isr=00 irr=00 | 8D 50 04 8B 42 FC 85 C0 74 09 85 48 08 74 05 8B | eax=C10CD71C ebx=C15200E8 ecx=800002C3 edx=C0FFE374 esi=00000000 edi=C0FFE374 esp=C0EE89E0
  IRQS raised 188749 22 0 0 741 0 18 0 | acked 188659 22 0 0 741 0 18 0
HEARTBEAT [0028:C0003DA8] cpl=0 pm=1 v86=0 if=1 pic imr=A8 isr=00 irr=00 | D0 C2 32 D6 0F B6 D2 8D 14 52 D1 EA 87 D7 66 39 | eax=006338E3 ebx=C15200E8 ecx=000000E4 edx=00000000 esi=000FECAC edi=00000000 esp=C0EE89F0
  IRQS raised 188894 22 0 0 741 0 18 0 | acked 188804 22 0 0 741 0 18 0
HEARTBEAT [0028:C0003212] cpl=0 pm=1 v86=0 if=0 pic imr=A8 isr=00 irr=00 | 74 08 8B 43 20 E8 20 00 00 00 66 83 7F 68 00 74 | eax=00000000 ebx=C15200E8 ecx=800002C3 edx=C0FCEAD8 esi=00000000 edi=C0FFE374 esp=C0EE89E4
  IRQS raised 189040 22 0 0 741 0 18 0 | acked 188950 22 0 0 741 0 18 0
HEARTBEAT [0028:C0003DB4] cpl=0 pm=1 v86=0 if=1 pic imr=A8 isr=00 irr=00 | 87 D7 66 39 14 7D 40 EA 00 C0 75 0D 33 C9 FF 14 | eax=00633838 ebx=C15200E8 ecx=000000E4 edx=00000000 esi=000FECB4 edi=00000000 esp=C0EE89F0
  IRQS raised 189186 22 0 0 741 0 18 0 | acked 189096 22 0 0 741 0 18 0
HEARTBEAT [0028:C0001345] cpl=0 pm=1 v86=0 if=0 pic imr=A8 isr=00 irr=00 | 22 43 99 88 44 24 2D 61 83 C4 04 CF 2E 8B C0 E8 | eax=00000030 ebx=C15200E8 ecx=00000000 edx=C0FCEB10 esi=C0037954 edi=C0FFE374 esp=C0EE8F70
  IRQS raised 189331 22 0 0 741 0 18 0 | acked 189241 22 0 0 741 0 18 0
HEARTBEAT [0028:C0003249] cpl=0 pm=1 v86=0 if=0 pic imr=A8 isr=00 irr=00 | 74 05 8B D0 EB F0 C3 85 F6 74 05 85 70 08 74 F2 | eax=C0FCEAD8 ebx=C15200E8 ecx=800002C3 edx=C0FCEAA0 esi=00000000 edi=C0FFE374 esp=C0EE89E0
  IRQS raised 189477 22 0 0 741 0 18 0 | acked 189387 22 0 0 741 0 18 0
HEARTBEAT [0028:C0036EA7] cpl=0 pm=1 v86=0 if=1 pic imr=A8 isr=00 irr=00 | D0 E9 80 F9 04 72 02 33 C9 C3 8B 3D B0 77 03 C0 | eax=00633838 ebx=C15200E8 ecx=00000000 edx=00000000 esi=C0037954 edi=00000000 esp=C0EE89E8
  IRQS raised 189623 22 0 0 741 0 18 0 | acked 189533 22 0 0 741 0 18 0
HEARTBEAT [0028:C0003244] cpl=0 pm=1 v86=0 if=0 pic imr=A8 isr=00 irr=00 | 74 09 85 48 08 74 05 8B D0 EB F0 C3 85 F6 74 05 | eax=00000000 ebx=C15200E8 ecx=800002C3 edx=C0FCEAD8 esi=00000000 edi=C0FFE374 esp=C0EE89E0
  IRQS raised 189768 22 0 0 741 0 18 0 | acked 189678 22 0 0 741 0 18 0
HEARTBEAT [0028:C00020CA] cpl=0 pm=1 v86=0 if=1 pic imr=A8 isr=00 irr=00 | FF 24 BD 28 CF 00 C0 FB 66 8E 65 28 8B 75 24 89 | eax=006338E3 ebx=C15200E8 ecx=000000E4 edx=00634240 esi=000FECAC edi=000000E4 esp=C0EE89F0
  IRQS raised 189914 22 0 0 741 0 18 0 | acked 189824 22 0 0 741 0 18 0
HEARTBEAT [0028:C0035C6F] cpl=0 pm=1 v86=0 if=0 pic imr=A8 isr=00 irr=00 | 08 05 60 7A 03 C0 8A 0D 58 79 03 C0 80 E1 0F 0A | eax=00633800 ebx=C15200E8 ecx=00000000 edx=00000000 esi=000FECAC edi=00000000 esp=C0EE89B8
  IRQS raised 190060 22 0 0 741 0 18 0 | acked 189970 22 0 0 741 0 18 0
HEARTBEAT [0028:C00372D0] cpl=0 pm=1 v86=0 if=1 pic imr=A8 isr=00 irr=00 | E8 5C F4 FF FF 61 9D C3 0C 70 E6 18 EB 00 E4 1A | eax=00000000 ebx=C15200E8 ecx=00000000 edx=00000000 esi=C003795C edi=00000000 esp=C0EE89C4
  IRQS raised 190205 22 0 0 741 0 18 0 | acked 190115 22 0 0 741 0 18 0
HEARTBEAT [0028:C00031EB] cpl=0 pm=1 v86=0 if=0 pic imr=A8 isr=00 irr=00 | F6 D0 22 C8 8A 43 1E 0C DF 22 C8 55 33 ED 66 83 | eax=C0010600 ebx=C15200E8 ecx=800002E3 edx=C0FFE374 esi=00000000 edi=C0FFE374 esp=C0EE89E8
  IRQS raised 190351 22 0 0 741 0 18 0 | acked 190261 22 0 0 741 0 18 0
HEARTBEAT [0028:C0036E8E] cpl=0 pm=1 v86=0 if=1 pic imr=A8 isr=00 irr=00 | BE 54 79 03 C0 66 8B CA 66 83 F9 0F 76 0B 66 81 | eax=006338E3 ebx=C15200E8 ecx=00000000 edx=00000000 esi=000FECAC edi=00000000 esp=C0EE89E8
  IRQS raised 190497 22 0 0 741 0 18 0 | acked 190407 22 0 0 741 0 18 0
HEARTBEAT [0028:C0036EB1] cpl=0 pm=1 v86=0 if=1 pic imr=A8 isr=00 irr=00 | 8B 3D B0 77 03 C0 8D 7C 3B 08 81 FE 54 79 03 C0 | eax=006338E3 ebx=C15200E8 ecx=00000000 edx=00000000 esi=C0037954 edi=00000000 esp=C0EE89E8
  IRQS raised 190642 22 0 0 741 0 18 0 | acked 190552 22 0 0 741 0 18 0
HEARTBEAT [0028:C0003242] cpl=0 pm=1 v86=0 if=0 pic imr=A8 isr=00 irr=00 | 85 C0 74 09 85 48 08 74 05 8B D0 EB F0 C3 85 F6 | eax=C0FCEAA0 ebx=C15200E8 ecx=800002C3 edx=C0FCEEBC esi=00000000 edi=C0FFE374 esp=C0EE89E0
  IRQS raised 190788 22 0 0 741 0 18 0 | acked 190698 22 0 0 741 0 18 0
HEARTBEAT [0028:C0003244] cpl=0 pm=1 v86=0 if=0 pic imr=A8 isr=00 irr=00 | 74 09 85 48 08 74 05 8B D0 EB F0 C3 85 F6 74 05 | eax=C0FCEAA0 ebx=C15200E8 ecx=800002C3 edx=C0FCEEBC esi=00000000 edi=C0FFE374 esp=C0EE89E0
  IRQS raised 190934 22 0 0 741 0 18 0 | acked 190844 22 0 0 741 0 18 0
HEARTBEAT [0028:C0003DD4] cpl=0 pm=1 v86=0 if=1 pic imr=A8 isr=00 irr=00 | 83 45 24 02 0F B6 D5 EB C9 2E 8B C0 FF 45 24 0F | eax=00633838 ebx=C15200E8 ecx=000000E4 edx=00634240 esi=000FECB4 edi=000000E4 esp=C0EE89F0
  IRQS raised 191079 22 0 0 741 0 18 0 | acked 190989 22 0 0 741 0 18 0
HEARTBEAT [0028:C000131F] cpl=0 pm=1 v86=0 if=0 pic imr=A8 isr=00 irr=00 | F6 D0 D0 E0 22 47 73 24 40 C0 E8 03 08 47 03 F6 | eax=00000000 ebx=C15200E8 ecx=00000000 edx=C0FCEB10 esi=C0037954 edi=C0FFE374 esp=C0EE89F4
  IRQS raised 191225 22 0 0 741 0 18 0 | acked 191135 22 0 0 741 0 18 0
HEARTBEAT [0028:C00012E9] cpl=0 pm=1 v86=0 if=0 pic imr=A8 isr=00 irr=00 | 68 00 13 00 C0 FF A6 2C F4 00 C0 2E 8B C0 2E 8B | eax=006338E3 ebx=C15200E8 ecx=C0FF102E edx=00634240 esi=00000034 edi=C0FFE374 esp=C0EE89F4
  IRQS raised 191370 22 0 0 741 0 18 0 | acked 191280 22 0 0 741 0 18 0
HEARTBEAT [0028:C000131A] cpl=0 pm=1 v86=0 if=0 pic imr=A8 isr=00 irr=00 | 75 38 8A 43 1F F6 D0 D0 E0 22 47 73 24 40 C0 E8 | eax=00000000 ebx=C15200E8 ecx=00000000 edx=C00377D4 esi=C0037954 edi=C0FFE374 esp=C0EE89F4
  IRQS raised 191516 22 0 0 741 0 18 0 | acked 191426 22 0 0 741 0 18 0
HEARTBEAT [0028:C0036E8E] cpl=0 pm=1 v86=0 if=1 pic imr=A8 isr=00 irr=00 | BE 54 79 03 C0 66 8B CA 66 83 F9 0F 76 0B 66 81 | eax=00633838 ebx=C15200E8 ecx=00000000 edx=00000000 esi=000FECB4 edi=00000000 esp=C0EE89E8
  IRQS raised 191662 22 0 0 741 0 18 0 | acked 191572 22 0 0 741 0 18 0
HEARTBEAT [0028:C00031A8] cpl=0 pm=1 v86=0 if=0 pic imr=A8 isr=00 irr=00 | B8 D4 06 01 C0 8B 50 10 85 D2 75 1D 8B 50 30 3B | eax=00000000 ebx=C15200E8 ecx=800002E3 edx=C00377D4 esi=00000000 edi=C0FFE374 esp=C0EE89E8
  IRQS raised 191807 22 0 0 741 0 18 0 | acked 191717 22 0 0 741 0 18 0
HEARTBEAT [0028:C0037173] cpl=0 pm=1 v86=0 if=1 pic imr=A8 isr=00 irr=00 | 8B 04 02 0F A3 0E 73 02 D1 E8 C3 FF 15 4C 7A 03 | eax=00000000 ebx=C15200E8 ecx=00000000 edx=C00377D4 esi=C0037954 edi=C159F9AC esp=C0EE89EC
  IRQS raised 191953 22 0 0 741 0 18 0 | acked 191863 22 0 0 741 0 18 0
HEARTBEAT [0028:C00012B0] cpl=0 pm=1 v86=0 if=0 pic imr=A8 isr=00 irr=00 | 60 BE 34 00 00 00 EB 08 60 BE 38 00 00 00 8B F6 | eax=00633838 ebx=00000001 ecx=C0FF102E edx=00634240 esi=00630001 edi=00630000 esp=C0EE8F90
  IRQS raised 192099 22 0 0 741 0 18 0 | acked 192009 22 0 0 741 0 18 0
HEARTBEAT [0028:C000323C] cpl=0 pm=1 v86=0 if=0 pic imr=A8 isr=00 irr=00 | 8D 50 04 8B 42 FC 85 C0 74 09 85 48 08 74 05 8B | eax=C10CD71C ebx=C15200E8 ecx=800002C3 edx=C0FFE374 esi=00000000 edi=C0FFE374 esp=C0EE89E0
  IRQS raised 192244 22 0 0 741 0 18 0 | acked 192154 22 0 0 741 0 18 0
HEARTBEAT [0028:C00020BF] cpl=0 pm=1 v86=0 if=1 pic imr=A8 isr=00 irr=00 | 89 4F A8 03 F1 66 8B 0E 0F B6 F9 FF 24 BD 28 CF | eax=006338E3 ebx=C15200E8 ecx=0000ECAC edx=00634240 esi=000F0000 edi=C0FFE374 esp=C0EE89F0
  IRQS raised 192390 22 0 0 741 0 18 0 | acked 192300 22 0 0 741 0 18 0
HEARTBEAT [0028:C00372BC] cpl=0 pm=1 v86=0 if=0 pic imr=A8 isr=00 irr=00 | 9D 50 BE 54 79 03 C0 E8 69 F4 FF FF 58 8A C4 BE | eax=00000000 ebx=C15200E8 ecx=00000000 edx=00000000 esi=000FECAC edi=00000000 esp=C0EE89C0
  IRQS raised 192536 22 0 0 741 0 18 0 | acked 192446 22 0 0 741 0 18 0
HEARTBEAT [0028:C0037139] cpl=0 pm=1 v86=0 if=1 pic imr=A8 isr=00 irr=00 | E8 73 FD FF FF 42 83 FA 0F 76 01 42 80 3F 00 75 | eax=006338E3 ebx=C15200E8 ecx=00000000 edx=00000000 esi=C0037954 edi=00000000 esp=C0EE89EC
  IRQS raised 192681 22 0 0 741 0 18 0 | acked 192591 22 0 0 741 0 18 0
HEARTBEAT [0028:C0003249] cpl=0 pm=1 v86=0 if=0 pic imr=A8 isr=00 irr=00 | 74 05 8B D0 EB F0 C3 85 F6 74 05 85 70 08 74 F2 | eax=C0FCEF14 ebx=C15200E8 ecx=800002C3 edx=C0FCEE70 esi=00000000 edi=C0FFE374 esp=C0EE89E0
  IRQS raised 192827 22 0 0 741 0 18 0 | acked 192737 22 0 0 741 0 18 0
HEARTBEAT [0028:C000321C] cpl=0 pm=1 v86=0 if=0 pic imr=A8 isr=00 irr=00 | 66 83 7F 68 00 74 08 8B 47 6C E8 11 00 00 00 85 | eax=00000000 ebx=C15200E8 ecx=800002C3 edx=C0FCEB10 esi=00000000 edi=C0FFE374 esp=C0EE89E4
  IRQS raised 192973 22 0 0 741 0 18 0 | acked 192883 22 0 0 741 0 18 0
HEARTBEAT [0028:C0003242] cpl=0 pm=1 v86=0 if=0 pic imr=A8 isr=00 irr=00 | 85 C0 74 09 85 48 08 74 05 8B D0 EB F0 C3 85 F6 | eax=00000000 ebx=C15200E8 ecx=800002C3 edx=C0FCEAD8 esi=00000000 edi=C0FFE374 esp=C0EE89E0
  IRQS raised 193118 22 0 0 741 0 18 0 | acked 193028 22 0 0 741 0 18 0
HEARTBEAT [0028:C0003212] cpl=0 pm=1 v86=0 if=0 pic imr=A8 isr=00 irr=00 | 74 08 8B 43 20 E8 20 00 00 00 66 83 7F 68 00 74 | eax=00000000 ebx=C15200E8 ecx=800002C3 edx=C0FCEAD8 esi=00000000 edi=C0FFE374 esp=C0EE89E4
  IRQS raised 193264 22 0 0 741 0 18 0 | acked 193174 22 0 0 741 0 18 0
HEARTBEAT [F000:0000ECAE] cpl=3 pm=1 v86=1 if=0 pic imr=A8 isr=00 irr=00 | 24 FE 3A E0 8A E0 E4 00 74 F4 9D E2 EF 58 C3 8A | eax=00633839 ebx=00000001 ecx=C0FF102E edx=00634240 esi=00630001 edi=00630000 esp=00000268
  IRQS raised 193410 22 0 0 741 0 18 0 | acked 193320 22 0 0 741 0 18 0
  V86 SS:SP=0F00:0268 DS=0040 ES=0628 | 3202 0008 09B2 EFA0 0729 E646 0598 EFA0 E646 0151 00A6 0E01 
HEARTBEAT [0028:C00372D0] cpl=0 pm=1 v86=0 if=1 pic imr=A8 isr=00 irr=00 | E8 5C F4 FF FF 61 9D C3 0C 70 E6 18 EB 00 E4 1A | eax=00000000 ebx=C15200E8 ecx=00000000 edx=00000000 esi=C003795C edi=00000000 esp=C0EE89C4
  IRQS raised 193555 22 0 0 741 0 18 0 | acked 193465 22 0 0 741 0 18 0
HEARTBEAT [0028:C0035C2E] cpl=0 pm=1 v86=0 if=1 pic imr=A8 isr=00 irr=00 | 6B C0 34 05 B4 77 03 C0 C3 50 51 52 81 78 24 00 | eax=00000000 ebx=C15200E8 ecx=00000000 edx=00000001 esi=C0037954 edi=C159F9AC esp=C0EE89E8
  IRQS raised 193701 22 0 0 741 0 18 0 | acked 193611 22 0 0 741 0 18 0
HEARTBEAT [0028:C000131F] cpl=0 pm=1 v86=0 if=0 pic imr=A8 isr=00 irr=00 | F6 D0 D0 E0 22 47 73 24 40 C0 E8 03 08 47 03 F6 | eax=00000000 ebx=C15200E8 ecx=00000000 edx=C0FCEB10 esi=C0037954 edi=C0FFE374 esp=C0EE89F4
  IRQS raised 193847 22 0 0 741 0 18 0 | acked 193757 22 0 0 741 0 18 0
HEARTBEAT [0028:C00012B0] cpl=0 pm=1 v86=0 if=0 pic imr=A8 isr=00 irr=00 | 60 BE 34 00 00 00 EB 08 60 BE 38 00 00 00 8B F6 | eax=00633838 ebx=00000001 ecx=C0FF102E edx=00634240 esi=00630001 edi=00630000 esp=C0EE8F90
  IRQS raised 193992 22 0 0 741 0 18 0 | acked 193902 22 0 0 741 0 18 0
HEARTBEAT [0028:C0037113] cpl=0 pm=1 v86=0 if=1 pic imr=A8 isr=00 irr=00 | 72 1F E8 74 FD FF FF E8 92 FD FF FF 8A 27 E8 81 | eax=00633838 ebx=C15200E8 ecx=00000000 edx=00000000 esi=000FECB4 edi=00000000 esp=C0EE89EC
  IRQS raised 194138 22 0 0 741 0 18 0 | acked 194048 22 0 0 741 0 18 0
HEARTBEAT [0028:C000323F] cpl=0 pm=1 v86=0 if=0 pic imr=A8 isr=00 irr=00 | 8B 42 FC 85 C0 74 09 85 48 08 74 05 8B D0 EB F0 | eax=C0FCEAA0 ebx=C15200E8 ecx=800002C3 edx=C0FCEAA0 esi=00000000 edi=C0FFE374 esp=C0EE89E0
  IRQS raised 194284 22 0 0 741 0 18 0 | acked 194194 22 0 0 741 0 18 0
HEARTBEAT [0028:C000323C] cpl=0 pm=1 v86=0 if=0 pic imr=A8 isr=00 irr=00 | 8D 50 04 8B 42 FC 85 C0 74 09 85 48 08 74 05 8B | eax=C10CD744 ebx=C15200E8 ecx=800002C3 edx=C0FCEAD8 esi=00000000 edi=C0FFE374 esp=C0EE89E0
  IRQS raised 194429 22 0 0 741 0 18 0 | acked 194339 22 0 0 741 0 18 0
HEARTBEAT [0028:C0003242] cpl=0 pm=1 v86=0 if=0 pic imr=A8 isr=00 irr=00 | 85 C0 74 09 85 48 08 74 05 8B D0 EB F0 C3 85 F6 | eax=C0FCEF4C ebx=C15200E8 ecx=800002C3 edx=C10CD720 esi=00000000 edi=C0FFE374 esp=C0EE89E0
  IRQS raised 194575 22 0 0 741 0 18 0 | acked 194485 22 0 0 741 0 18 0
HEARTBEAT [0028:C0003DBE] cpl=0 pm=1 v86=0 if=1 pic imr=A8 isr=00 irr=00 | 75 0D 33 C9 FF 14 BD 70 ED 00 C0 88 45 1C C3 68 | eax=006338E3 ebx=C15200E8 ecx=000000E4 edx=00000000 esi=000FECAC edi=00000000 esp=C0EE89F0
  IRQS raised 194720 22 0 0 741 0 18 0 | acked 194630 22 0 0 741 0 18 0
HEARTBEAT [0028:C0035C75] cpl=0 pm=1 v86=0 if=0 pic imr=A8 isr=00 irr=00 | 8A 0D 58 79 03 C0 80 E1 0F 0A C8 88 0D 58 79 03 | eax=00633800 ebx=C15200E8 ecx=00000000 edx=00000000 esi=000FECB4 edi=00000000 esp=C0EE89B8
  IRQS raised 194866 22 0 0 741 0 18 0 | acked 194776 22 0 0 741 0 18 0
HEARTBEAT [0028:C0003DD4] cpl=0 pm=1 v86=0 if=1 pic imr=A8 isr=00 irr=00 | 83 45 24 02 0F B6 D5 EB C9 2E 8B C0 FF 45 24 0F | eax=00633838 ebx=C15200E8 ecx=000000E4 edx=00634240 esi=000FECB4 edi=000000E4 esp=C0EE89F0
  IRQS raised 195012 22 0 0 741 0 18 0 | acked 194922 22 0 0 741 0 18 0
HEARTBEAT [0028:C00020B4] cpl=0 pm=1 v86=0 if=0 pic imr=A8 isr=00 irr=00 | FB 0F B7 75 28 8B 4D 24 C1 E6 04 89 4F A8 03 F1 | eax=00633838 ebx=C15200E8 ecx=C0FF102E edx=00634240 esi=00000034 edi=C0FFE374 esp=C0EE89F0
  IRQS raised 195157 22 0 0 741 0 18 0 | acked 195067 22 0 0 741 0 18 0
HEARTBEAT [0028:C0003199] cpl=0 pm=1 v86=0 if=0 pic imr=A8 isr=00 irr=00 | 74 0D 80 E5 FD 8A 53 98 D0 D9 80 C2 FF D0 D1 B8 | eax=00000000 ebx=C15200E8 ecx=800002E3 edx=C00377D4 esi=00000000 edi=C0FFE374 esp=C0EE89E8
  IRQS raised 195303 22 0 0 741 0 18 0 | acked 195213 22 0 0 741 0 18 0
HEARTBEAT [0028:C0035C2A] cpl=0 pm=1 v86=0 if=1 pic imr=A8 isr=00 irr=00 | 76 02 04 04 6B C0 34 05 B4 77 03 C0 C3 50 51 52 | eax=00000000 ebx=C15200E8 ecx=00000000 edx=00000001 esi=C0037954 edi=C159F9AC esp=C0EE89E8
  IRQS raised 195449 22 0 0 741 0 18 0 | acked 195359 22 0 0 741 0 18 0
HEARTBEAT [0028:C0001305] cpl=0 pm=1 v86=0 if=1 pic imr=A8 isr=00 irr=00 | 8B 1D 1C 07 01 C0 8B 3D A8 06 01 C0 FA 33 C0 3B | eax=390000E3 ebx=C15200E8 ecx=00000000 edx=C00377D4 esi=C0037954 edi=C159F9AC esp=C0EE89F4
  IRQS raised 195594 22 0 0 741 0 18 0 | acked 195504 22 0 0 741 0 18 0
HEARTBEAT [0028:C00372B0] cpl=0 pm=1 v86=0 if=0 pic imr=A8 isr=00 irr=00 | 86 05 60 7A 03 C0 86 25 61 7A 03 C0 9D 50 BE 54 | eax=00000000 ebx=C15200E8 ecx=00000000 edx=00000000 esi=000FECAC edi=00000000 esp=C0EE89C0
  IRQS raised 195740 22 0 0 741 0 18 0 | acked 195650 22 0 0 741 0 18 0
HEARTBEAT [0028:C00031B2] cpl=0 pm=1 v86=0 if=0 pic imr=A8 isr=00 irr=00 | 75 1D 8B 50 30 3B 1D 20 07 01 C0 75 04 85 D2 75 | eax=C00106D4 ebx=C15200E8 ecx=800002E3 edx=C0FFE374 esi=00000000 edi=C0FFE374 esp=C0EE89E8
  IRQS raised 195886 22 0 0 741 0 18 0 | acked 195796 22 0 0 741 0 18 0
HEARTBEAT [0028:C0003199] cpl=0 pm=1 v86=0 if=0 pic imr=A8 isr=00 irr=00 | 74 0D 80 E5 FD 8A 53 98 D0 D9 80 C2 FF D0 D1 B8 | eax=00000000 ebx=C15200E8 ecx=800002E3 edx=C00377D4 esi=00000000 edi=C0FFE374 esp=C0EE89E8
  IRQS raised 196031 22 0 0 741 0 18 0 | acked 195941 22 0 0 741 0 18 0
HEARTBEAT [0028:C000324F] cpl=0 pm=1 v86=0 if=0 pic imr=A8 isr=00 irr=00 | C3 85 F6 74 05 85 70 08 74 F2 F7 40 08 00 20 00 | eax=00000000 ebx=C15200E8 ecx=800002C3 edx=C0FCEB10 esi=00000000 edi=C0FFE374 esp=C0EE89E0
  IRQS raised 196177 22 0 0 741 0 18 0 | acked 196087 22 0 0 741 0 18 0
HEARTBEAT [0028:C0003242] cpl=0 pm=1 v86=0 if=0 pic imr=A8 isr=00 irr=00 | 85 C0 74 09 85 48 08 74 05 8B D0 EB F0 C3 85 F6 | eax=C0FCEF14 ebx=C15200E8 ecx=800002C3 edx=C0FCEE70 esi=00000000 edi=C0FFE374 esp=C0EE89E0
  IRQS raised 196323 22 0 0 741 0 18 0 | acked 196233 22 0 0 741 0 18 0
HEARTBEAT [0028:C000134D] cpl=0 pm=1 v86=0 if=0 pic imr=A8 isr=00 irr=00 | 83 C4 04 CF 2E 8B C0 E8 26 1E 00 00 74 C1 68 00 | eax=006338E3 ebx=00000001 ecx=C0FF102E edx=00634240 esi=00630001 edi=00630000 esp=C0EE8F90
  IRQS raised 196468 22 0 0 741 0 18 0 | acked 196378 22 0 0 741 0 18 0
HEARTBEAT [0028:C000131F] cpl=0 pm=1 v86=0 if=0 pic imr=A8 isr=00 irr=00 | F6 D0 D0 E0 22 47 73 24 40 C0 E8 03 08 47 03 F6 | eax=00000000 ebx=C15200E8 ecx=00000000 edx=C0FCEB10 esi=C0037954 edi=C0FFE374 esp=C0EE89F4
  IRQS raised 196614 22 0 0 741 0 18 0 | acked 196524 22 0 0 741 0 18 0
HEARTBEAT [0028:C000323C] cpl=0 pm=1 v86=0 if=0 pic imr=A8 isr=00 irr=00 | 8D 50 04 8B 42 FC 85 C0 74 09 85 48 08 74 05 8B | eax=C10CD71C ebx=C15200E8 ecx=800002C3 edx=C0FFE374 esi=00000000 edi=C0FFE374 esp=C0EE89E0
  IRQS raised 196760 22 0 0 741 0 18 0 | acked 196670 22 0 0 741 0 18 0
HEARTBEAT [0028:C0037102] cpl=0 pm=1 v86=0 if=1 pic imr=A8 isr=00 irr=00 | FF 15 4C 7A 03 C0 83 F9 04 76 06 CD 20 94 80 01 | eax=006338E3 ebx=C15200E8 ecx=00000000 edx=00000000 esi=000FECAC edi=00000000 esp=C0EE89EC
  IRQS raised 196905 22 0 0 741 0 18 0 | acked 196815 22 0 0 741 0 18 0
HEARTBEAT [0028:C0036EA9] cpl=0 pm=1 v86=0 if=1 pic imr=A8 isr=00 irr=00 | 80 F9 04 72 02 33 C9 C3 8B 3D B0 77 03 C0 8D 7C | eax=006338E3 ebx=C15200E8 ecx=00000000 edx=00000000 esi=C0037954 edi=00000000 esp=C0EE89E8
  IRQS raised 197051 22 0 0 741 0 18 0 | acked 196961 22 0 0 741 0 18 0
HEARTBEAT [0028:C0035C31] cpl=0 pm=1 v86=0 if=1 pic imr=A8 isr=00 irr=00 | 05 B4 77 03 C0 C3 50 51 52 81 78 24 00 00 0A 00 | eax=00000000 ebx=C15200E8 ecx=00000000 edx=00000001 esi=C0037954 edi=C159F9AC esp=C0EE89E8
  IRQS raised 197197 22 0 0 741 0 18 0 | acked 197107 22 0 0 741 0 18 0
HEARTBEAT [0028:C00372A7] cpl=0 pm=1 v86=0 if=1 pic imr=A8 isr=00 irr=00 | 9C FA E8 BE E9 FF FF 33 C0 86 05 60 7A 03 C0 86 | eax=00633838 ebx=C15200E8 ecx=00000000 edx=00000000 esi=000FECB4 edi=00000000 esp=C0EE89C4
  IRQS raised 197342 22 0 0 741 0 18 0 | acked 197252 22 0 0 741 0 18 0
HEARTBEAT [0028:C000323C] cpl=0 pm=1 v86=0 if=0 pic imr=A8 isr=00 irr=00 | 8D 50 04 8B 42 FC 85 C0 74 09 85 48 08 74 05 8B | eax=C10CD744 ebx=C15200E8 ecx=800002C3 edx=C0FCEAD8 esi=00000000 edi=C0FFE374 esp=C0EE89E0
  IRQS raised 197488 22 0 0 741 0 18 0 | acked 197398 22 0 0 741 0 18 0
HEARTBEAT [0028:C0001311] cpl=0 pm=1 v86=0 if=1 pic imr=A8 isr=00 irr=00 | FA 33 C0 3B 05 F0 E9 00 C0 75 38 8A 43 1F F6 D0 | eax=390000E3 ebx=C15200E8 ecx=00000000 edx=C00377D4 esi=C0037954 edi=C0FFE374 esp=C0EE89F4
  IRQS raised 197634 22 0 0 741 0 18 0 | acked 197544 22 0 0 741 0 18 0
HEARTBEAT [0028:C000320D] cpl=0 pm=1 v86=0 if=0 pic imr=A8 isr=00 irr=00 | 66 83 7B 18 00 74 08 8B 43 20 E8 20 00 00 00 66 | eax=00000000 ebx=C15200E8 ecx=800002C3 edx=C0FCEAD8 esi=00000000 edi=C0FFE374 esp=C0EE89E4
  IRQS raised 197779 22 0 0 741 0 18 0 | acked 197689 22 0 0 741 0 18 0
HEARTBEAT [0028:C0003242] cpl=0 pm=1 v86=0 if=0 pic imr=A8 isr=00 irr=00 | 85 C0 74 09 85 48 08 74 05 8B D0 EB F0 C3 85 F6 | eax=C0FCEAA0 ebx=C15200E8 ecx=800002C3 edx=C0FCEEBC esi=00000000 edi=C0FFE374 esp=C0EE89E0
  IRQS raised 197925 22 0 0 741 0 18 0 | acked 197835 22 0 0 741 0 18 0
HEARTBEAT [0028:C0003242] cpl=0 pm=1 v86=0 if=0 pic imr=A8 isr=00 irr=00 | 85 C0 74 09 85 48 08 74 05 8B D0 EB F0 C3 85 F6 | eax=C0FCEE70 ebx=C15200E8 ecx=800002C3 edx=C10CD748 esi=00000000 edi=C0FFE374 esp=C0EE89E0
  IRQS raised 198070 22 0 0 741 0 18 0 | acked 197980 22 0 0 741 0 18 0
HEARTBEAT [0028:C00012DE] cpl=0 pm=1 v86=0 if=0 pic imr=A8 isr=00 irr=00 | 3D 55 66 22 00 8B 1D 1C 07 01 C0 68 00 13 00 C0 | eax=00633838 ebx=00000001 ecx=C0FF102E edx=00634240 esi=00000034 edi=C0FFE374 esp=C0EE89F4
  IRQS raised 198216 22 0 0 741 0 18 0 | acked 198126 22 0 0 741 0 18 0
HEARTBEAT [0028:C0003DD4] cpl=0 pm=1 v86=0 if=1 pic imr=A8 isr=00 irr=00 | 83 45 24 02 0F B6 D5 EB C9 2E 8B C0 FF 45 24 0F | eax=006338E3 ebx=C15200E8 ecx=000000E4 edx=00634240 esi=000FECAC edi=000000E4 esp=C0EE89F0
  IRQS raised 198362 22 0 0 741 0 18 0 | acked 198272 22 0 0 741 0 18 0
HEARTBEAT [0028:C00012DE] cpl=0 pm=1 v86=0 if=0 pic imr=A8 isr=00 irr=00 | 3D 55 66 22 00 8B 1D 1C 07 01 C0 68 00 13 00 C0 | eax=00633838 ebx=00000001 ecx=C0FF102E edx=00634240 esi=00000034 edi=C0FFE374 esp=C0EE89F4
  IRQS raised 198507 22 0 0 741 0 18 0 | acked 198417 22 0 0 741 0 18 0
HEARTBEAT [0028:C0037113] cpl=0 pm=1 v86=0 if=1 pic imr=A8 isr=00 irr=00 | 72 1F E8 74 FD FF FF E8 92 FD FF FF 8A 27 E8 81 | eax=00633838 ebx=C15200E8 ecx=00000000 edx=00000000 esi=000FECB4 edi=00000000 esp=C0EE89EC
  IRQS raised 198653 22 0 0 741 0 18 0 | acked 198563 22 0 0 741 0 18 0
HEARTBEAT [0028:C0037145] cpl=0 pm=1 v86=0 if=1 pic imr=A8 isr=00 irr=00 | 80 3F 00 75 09 53 57 E8 38 F4 FF FF 5F 5B E8 CA | eax=006338E3 ebx=C15200E8 ecx=00000000 edx=00000001 esi=C0037954 edi=C159F9AC esp=C0EE89EC
  IRQS raised 198799 22 0 0 741 0 18 0 | acked 198709 22 0 0 741 0 18 0
HEARTBEAT [0028:C0003242] cpl=0 pm=1 v86=0 if=0 pic imr=A8 isr=00 irr=00 | 85 C0 74 09 85 48 08 74 05 8B D0 EB F0 C3 85 F6 | eax=00000000 ebx=C15200E8 ecx=800002C3 edx=C0FCEAD8 esi=00000000 edi=C0FFE374 esp=C0EE89E0
  IRQS raised 198944 22 0 0 741 0 18 0 | acked 198854 22 0 0 741 0 18 0
HEARTBEAT [0028:C0037152] cpl=0 pm=1 v86=0 if=1 pic imr=A8 isr=00 irr=00 | 5B E8 CA EA FF FF 66 F7 40 1A 01 00 74 0A BA 03 | eax=006338E3 ebx=C15200E8 ecx=00000000 edx=00000001 esi=C0037954 edi=C159F9AC esp=C0EE89E8
  IRQS raised 199090 22 0 0 741 0 18 0 | acked 199000 22 0 0 741 0 18 0
HEARTBEAT [0028:C0003199] cpl=0 pm=1 v86=0 if=0 pic imr=A8 isr=00 irr=00 | 74 0D 80 E5 FD 8A 53 98 D0 D9 80 C2 FF D0 D1 B8 | eax=00000000 ebx=C15200E8 ecx=800002E3 edx=C00377D4 esi=00000000 edi=C0FFE374 esp=C0EE89E8
  IRQS raised 199236 22 0 0 741 0 18 0 | acked 199146 22 0 0 741 0 18 0
HEARTBEAT [0028:C0003201] cpl=0 pm=1 v86=0 if=0 pic imr=A8 isr=00 irr=00 | 74 0A A1 E0 E9 00 C0 E8 2F 00 00 00 66 83 7B 18 | eax=C00106DF ebx=C15200E8 ecx=800002C3 edx=C0FFE374 esi=00000000 edi=C0FFE374 esp=C0EE89E4
  IRQS raised 199381 22 0 0 741 0 18 0 | acked 199291 22 0 0 741 0 18 0
HEARTBEAT [0028:C00372D6] cpl=0 pm=1 v86=0 if=1 pic imr=A8 isr=00 irr=00 | 9D C3 0C 70 E6 18 EB 00 E4 1A 88 46 31 51 8A C8 | eax=00633838 ebx=C15200E8 ecx=00000000 edx=00000000 esi=000FECB4 edi=00000000 esp=C0EE89E4
  IRQS raised 199527 22 0 0 741 0 18 0 | acked 199437 22 0 0 741 0 18 0
HEARTBEAT [0028:C0037113] cpl=0 pm=1 v86=0 if=1 pic imr=A8 isr=00 irr=00 | 72 1F E8 74 FD FF FF E8 92 FD FF FF 8A 27 E8 81 | eax=006338E3 ebx=C15200E8 ecx=00000000 edx=00000000 esi=000FECAC edi=00000000 esp=C0EE89EC
  IRQS raised 199673 22 0 0 741 0 18 0 | acked 199583 22 0 0 741 0 18 0
HEARTBEAT [0028:C00012DE] cpl=0 pm=1 v86=0 if=0 pic imr=A8 isr=00 irr=00 | 3D 55 66 22 00 8B 1D 1C 07 01 C0 68 00 13 00 C0 | eax=00633838 ebx=00000001 ecx=C0FF102E edx=00634240 esi=00000034 edi=C0FFE374 esp=C0EE89F4
  IRQS raised 199818 22 0 0 741 0 18 0 | acked 199728 22 0 0 741 0 18 0
HEARTBEAT [0028:C0036589] cpl=0 pm=1 v86=0 if=1 pic imr=A8 isr=00 irr=00 | 0F A3 4E 06 72 06 0F A3 4E 05 72 71 E8 88 F6 FF | eax=006338E3 ebx=C15200E8 ecx=00000000 edx=00000001 esi=C0037954 edi=C159F9AC esp=C0EE89E0
  IRQS raised 199964 22 0 0 741 0 18 0 | acked 199874 22 0 0 741 0 18 0
HEARTBEAT [0028:C0036EB1] cpl=0 pm=1 v86=0 if=1 pic imr=A8 isr=00 irr=00 | 8B 3D B0 77 03 C0 8D 7C 3B 08 81 FE 54 79 03 C0 | eax=00633838 ebx=C15200E8 ecx=00000000 edx=00000000 esi=C0037954 edi=00000000 esp=C0EE89E8
  IRQS raised 200110 22 0 0 741 0 18 0 | acked 200020 22 0 0 741 0 18 0
HEARTBEAT [0028:C0003DBE] cpl=0 pm=1 v86=0 if=1 pic imr=A8 isr=00 irr=00 | 75 0D 33 C9 FF 14 BD 70 ED 00 C0 88 45 1C C3 68 | eax=00633838 ebx=C15200E8 ecx=000000E4 edx=00000000 esi=000FECB4 edi=00000000 esp=C0EE89F0
  IRQS raised 200255 22 0 0 741 0 18 0 | acked 200165 22 0 0 741 0 18 0
HEARTBEAT [0028:C0003242] cpl=0 pm=1 v86=0 if=0 pic imr=A8 isr=00 irr=00 | 85 C0 74 09 85 48 08 74 05 8B D0 EB F0 C3 85 F6 | eax=C0FCEAD8 ebx=C15200E8 ecx=800002C3 edx=C0FCEAA0 esi=00000000 edi=C0FFE374 esp=C0EE89E0
  IRQS raised 200401 22 0 0 741 0 18 0 | acked 200311 22 0 0 741 0 18 0
HEARTBEAT [0028:C0003249] cpl=0 pm=1 v86=0 if=0 pic imr=A8 isr=00 irr=00 | 74 05 8B D0 EB F0 C3 85 F6 74 05 85 70 08 74 F2 | eax=C0FCEE70 ebx=C15200E8 ecx=800002C3 edx=C10CD748 esi=00000000 edi=C0FFE374 esp=C0EE89E0
  IRQS raised 200547 22 0 0 741 0 18 0 | acked 200457 22 0 0 741 0 18 0
HEARTBEAT [0028:C0036731] cpl=0 pm=1 v86=0 if=1 pic imr=A8 isr=00 irr=00 | 22 46 07 74 3E 0F B6 C0 0F BC C8 74 36 0F B3 C8 | eax=00000000 ebx=C15200E8 ecx=00000000 edx=00000000 esi=C0037954 edi=00000000 esp=C0EE89BC
  IRQS raised 200692 22 0 0 741 0 18 0 | acked 200602 22 0 0 741 0 18 0
HEARTBEAT [0028:C0037153] cpl=0 pm=1 v86=0 if=1 pic imr=A8 isr=00 irr=00 | E8 CA EA FF FF 66 F7 40 1A 01 00 74 0A BA 03 00 | eax=00633838 ebx=C15200E8 ecx=00000000 edx=00000001 esi=C0037954 edi=C159F9AC esp=C0EE89EC
  IRQS raised 200838 22 0 0 741 0 18 0 | acked 200748 22 0 0 741 0 18 0
HEARTBEAT [0028:C0036EC1] cpl=0 pm=1 v86=0 if=1 pic imr=A8 isr=00 irr=00 | 74 01 47 C3 FF 15 4C 7A 03 C0 83 F9 04 76 06 CD | eax=006338E3 ebx=C15200E8 ecx=00000000 edx=00000000 esi=C0037954 edi=C159F9AC esp=C0EE89E8
  IRQS raised 200984 22 0 0 741 0 18 0 | acked 200894 22 0 0 741 0 18 0
HEARTBEAT [0028:C00012B0] cpl=0 pm=1 v86=0 if=0 pic imr=A8 isr=00 irr=00 | 60 BE 34 00 00 00 EB 08 60 BE 38 00 00 00 8B F6 | eax=00633838 ebx=00000001 ecx=C0FF102E edx=00634240 esi=00630001 edi=00630000 esp=C0EE8F90
  IRQS raised 201129 22 0 0 741 0 18 0 | acked 201039 22 0 0 741 0 18 0
HEARTBEAT [0028:C0003246] cpl=0 pm=1 v86=0 if=0 pic imr=A8 isr=00 irr=00 | 85 48 08 74 05 8B D0 EB F0 C3 85 F6 74 05 85 70 | eax=C0FCEE70 ebx=C15200E8 ecx=800002C3 edx=C10CD748 esi=00000000 edi=C0FFE374 esp=C0EE89E0
  IRQS raised 201275 22 0 0 741 0 18 0 | acked 201185 22 0 0 741 0 18 0
HEARTBEAT [0028:C00372C8] cpl=0 pm=1 v86=0 if=1 pic imr=A8 isr=00 irr=00 | 58 8A C4 BE 5C 79 03 C0 E8 5C F4 FF FF 61 9D C3 | eax=00000000 ebx=C15200E8 ecx=00000000 edx=00000000 esi=C0037954 edi=00000000 esp=C0EE89C0
  IRQS raised 201420 22 0 0 741 0 18 0 | acked 201330 22 0 0 741 0 18 0
HEARTBEAT [0028:C000324D] cpl=0 pm=1 v86=0 if=0 pic imr=A8 isr=00 irr=00 | EB F0 C3 85 F6 74 05 85 70 08 74 F2 F7 40 08 00 | eax=C0FCEB10 ebx=C15200E8 ecx=800002C3 edx=C0FCEB10 esi=00000000 edi=C0FFE374 esp=C0EE89E0
  IRQS raised 201566 22 0 0 741 0 18 0 | acked 201476 22 0 0 741 0 18 0
HEARTBEAT [0028:C00012D1] cpl=0 pm=1 v86=0 if=0 pic imr=A8 isr=00 irr=00 | 8E DF 8E C7 8B 3D A8 06 01 C0 87 67 4C 3D 55 66 | eax=00633838 ebx=00000001 ecx=C0FF102E edx=00634240 esi=00000034 edi=00630030 esp=C0EE8F70
  IRQS raised 201712 22 0 0 741 0 18 0 | acked 201622 22 0 0 741 0 18 0
HEARTBEAT [0028:C0035C31] cpl=0 pm=1 v86=0 if=1 pic imr=A8 isr=00 irr=00 | 05 B4 77 03 C0 C3 50 51 52 81 78 24 00 00 0A 00 | eax=00000000 ebx=C15200E8 ecx=00000000 edx=00000001 esi=C0037954 edi=C159F9AC esp=C0EE89E8
  IRQS raised 201857 22 0 0 741 0 18 0 | acked 201767 22 0 0 741 0 18 0
HEARTBEAT [0028:C000317F] cpl=0 pm=1 v86=0 if=0 pic imr=A8 isr=00 irr=00 | 33 C0 56 33 F6 8B 6B 08 39 05 F4 E9 00 C0 75 ED | eax=00000000 ebx=C15200E8 ecx=00000000 edx=C00377D4 esi=C0037954 edi=C0FFE374 esp=C0EE89F0
  IRQS raised 202003 22 0 0 741 0 18 0 | acked 201913 22 0 0 741 0 18 0
HEARTBEAT [0028:C0003242] cpl=0 pm=1 v86=0 if=0 pic imr=A8 isr=00 irr=00 | 85 C0 74 09 85 48 08 74 05 8B D0 EB F0 C3 85 F6 | eax=C0FCEE70 ebx=C15200E8 ecx=800002C3 edx=C10CD748 esi=00000000 edi=C0FFE374 esp=C0EE89E0
  IRQS raised 202149 22 0 0 741 0 18 0 | acked 202059 22 0 0 741 0 18 0
HEARTBEAT [0028:C000323F] cpl=0 pm=1 v86=0 if=0 pic imr=A8 isr=00 irr=00 | 8B 42 FC 85 C0 74 09 85 48 08 74 05 8B D0 EB F0 | eax=C0FCEB48 ebx=C15200E8 ecx=800002C3 edx=C0FCEB48 esi=00000000 edi=C0FFE374 esp=C0EE89E0
  IRQS raised 202294 22 0 0 741 0 18 0 | acked 202204 22 0 0 741 0 18 0
HEARTBEAT [0028:C0003244] cpl=0 pm=1 v86=0 if=0 pic imr=A8 isr=00 irr=00 | 74 09 85 48 08 74 05 8B D0 EB F0 C3 85 F6 74 05 | eax=C0FCEF14 ebx=C15200E8 ecx=800002C3 edx=C0FCEE70 esi=00000000 edi=C0FFE374 esp=C0EE89E0
  IRQS raised 202440 22 0 0 741 0 18 0 | acked 202350 22 0 0 741 0 18 0
HEARTBEAT [0028:C0003249] cpl=0 pm=1 v86=0 if=0 pic imr=A8 isr=00 irr=00 | 74 05 8B D0 EB F0 C3 85 F6 74 05 85 70 08 74 F2 | eax=C0FCEB10 ebx=C15200E8 ecx=800002C3 edx=C0FCEB48 esi=00000000 edi=C0FFE374 esp=C0EE89E0
  IRQS raised 202586 22 0 0 741 0 18 0 | acked 202496 22 0 0 741 0 18 0
HEARTBEAT [0028:C0036589] cpl=0 pm=1 v86=0 if=1 pic imr=A8 isr=00 irr=00 | 0F A3 4E 06 72 06 0F A3 4E 05 72 71 E8 88 F6 FF | eax=006338E3 ebx=C15200E8 ecx=00000000 edx=00000001 esi=C0037954 edi=C159F9AC esp=C0EE89E0
  IRQS raised 202731 22 0 0 741 0 18 0 | acked 202641 22 0 0 741 0 18 0
HEARTBEAT [0028:C00372A6] cpl=0 pm=1 v86=0 if=1 pic imr=A8 isr=00 irr=00 | 60 9C FA E8 BE E9 FF FF 33 C0 86 05 60 7A 03 C0 | eax=006338E3 ebx=C15200E8 ecx=00000000 edx=00000000 esi=000FECAC edi=00000000 esp=C0EE89E4
  IRQS raised 202877 22 0 0 741 0 18 0 | acked 202787 22 0 0 741 0 18 0
HEARTBEAT [0028:C0035C97] cpl=0 pm=1 v86=0 if=0 pic imr=A8 isr=00 irr=00 | 0A C8 88 0D 60 79 03 C0 0F B7 05 60 7A 03 C0 59 | eax=00633800 ebx=C15200E8 ecx=00000000 edx=00000000 esi=000FECB4 edi=00000000 esp=C0EE89B8
  IRQS raised 203023 22 0 0 741 0 18 0 | acked 202933 22 0 0 741 0 18 0
HEARTBEAT [0028:C000323F] cpl=0 pm=1 v86=0 if=0 pic imr=A8 isr=00 irr=00 | 8B 42 FC 85 C0 74 09 85 48 08 74 05 8B D0 EB F0 | eax=C0FCEEBC ebx=C15200E8 ecx=800002C3 edx=C0FCEEBC esi=00000000 edi=C0FFE374 esp=C0EE89E0
  IRQS raised 203168 22 0 0 741 0 18 0 | acked 203078 22 0 0 741 0 18 0
HEARTBEAT [0028:C0036731] cpl=0 pm=1 v86=0 if=1 pic imr=A8 isr=00 irr=00 | 22 46 07 74 3E 0F B6 C0 0F BC C8 74 36 0F B3 C8 | eax=00000000 ebx=C15200E8 ecx=00000000 edx=00000000 esi=C003795C edi=00000000 esp=C0EE89C0
  IRQS raised 203314 22 0 0 741 0 18 0 | acked 203224 22 0 0 741 0 18 0
HEARTBEAT [0028:C0001311] cpl=0 pm=1 v86=0 if=1 pic imr=A8 isr=00 irr=00 | FA 33 C0 3B 05 F0 E9 00 C0 75 38 8A 43 1F F6 D0 | eax=0000E339 ebx=C15200E8 ecx=00000000 edx=C00377D4 esi=C0037954 edi=C0FFE374 esp=C0EE89F4
  IRQS raised 203460 22 0 0 741 0 18 0 | acked 203370 22 0 0 741 0 18 0
HEARTBEAT [0028:C0003DD4] cpl=0 pm=1 v86=0 if=1 pic imr=A8 isr=00 irr=00 | 83 45 24 02 0F B6 D5 EB C9 2E 8B C0 FF 45 24 0F | eax=00633838 ebx=C15200E8 ecx=000000E4 edx=00634240 esi=000FECB4 edi=000000E4 esp=C0EE89F0
  IRQS raised 203605 22 0 0 741 0 18 0 | acked 203515 22 0 0 741 0 18 0
HEARTBEAT [0028:C0003249] cpl=0 pm=1 v86=0 if=0 pic imr=A8 isr=00 irr=00 | 74 05 8B D0 EB F0 C3 85 F6 74 05 85 70 08 74 F2 | eax=C0FCEAA0 ebx=C15200E8 ecx=800002C3 edx=C0FCEEBC esi=00000000 edi=C0FFE374 esp=C0EE89E0
  IRQS raised 203751 22 0 0 741 0 18 0 | acked 203661 22 0 0 741 0 18 0
HEARTBEAT [0028:C000318D] cpl=0 pm=1 v86=0 if=0 pic imr=A8 isr=00 irr=00 | 75 ED 51 B9 E3 02 00 80 F6 45 2D 02 74 0D 80 E5 | eax=00000000 ebx=C15200E8 ecx=00000000 edx=C00377D4 esi=00000000 edi=C0FFE374 esp=C0EE89EC
  IRQS raised 203897 22 0 0 741 0 18 0 | acked 203807 22 0 0 741 0 18 0
HEARTBEAT [0028:C00372BC] cpl=0 pm=1 v86=0 if=0 pic imr=A8 isr=00 irr=00 | 9D 50 BE 54 79 03 C0 E8 69 F4 FF FF 58 8A C4 BE | eax=00000000 ebx=C15200E8 ecx=00000000 edx=00000000 esi=000FECAC edi=00000000 esp=C0EE89C0
  IRQS raised 204042 22 0 0 741 0 18 0 | acked 203952 22 0 0 741 0 18 0
HEARTBEAT [0028:C0036E8E] cpl=0 pm=1 v86=0 if=1 pic imr=A8 isr=00 irr=00 | BE 54 79 03 C0 66 8B CA 66 83 F9 0F 76 0B 66 81 | eax=006338E3 ebx=C15200E8 ecx=00000000 edx=00000000 esi=000FECAC edi=00000000 esp=C0EE89E8
  IRQS raised 204188 22 0 0 741 0 18 0 | acked 204098 22 0 0 741 0 18 0
HEARTBEAT [0028:C0036EAC] cpl=0 pm=1 v86=0 if=1 pic imr=A8 isr=00 irr=00 | 72 02 33 C9 C3 8B 3D B0 77 03 C0 8D 7C 3B 08 81 | eax=006338E3 ebx=C15200E8 ecx=00000000 edx=00000000 esi=C0037954 edi=00000000 esp=C0EE89E8
  IRQS raised 204334 22 0 0 741 0 18 0 | acked 204244 22 0 0 741 0 18 0
HEARTBEAT [0028:C0036EC4] cpl=0 pm=1 v86=0 if=1 pic imr=A8 isr=00 irr=00 | C3 FF 15 4C 7A 03 C0 83 F9 04 76 06 CD 20 94 80 | eax=006338E3 ebx=C15200E8 ecx=00000000 edx=00000000 esi=C0037954 edi=C159F9AC esp=C0EE89E8
  IRQS raised 204479 22 0 0 741 0 18 0 | acked 204389 22 0 0 741 0 18 0
HEARTBEAT [0028:C0003242] cpl=0 pm=1 v86=0 if=0 pic imr=A8 isr=00 irr=00 | 85 C0 74 09 85 48 08 74 05 8B D0 EB F0 C3 85 F6 | eax=C0FCEEBC ebx=C15200E8 ecx=800002C3 edx=C0FCEF4C esi=00000000 edi=C0FFE374 esp=C0EE89E0
  IRQS raised 204625 22 0 0 741 0 18 0 | acked 204535 22 0 0 741 0 18 0
HEARTBEAT [F000:0000ECAE] cpl=3 pm=1 v86=1 if=0 pic imr=A8 isr=00 irr=00 | 24 FE 3A E0 8A E0 E4 00 74 F4 9D E2 EF 58 C3 8A | eax=00633839 ebx=00000001 ecx=C0FF102E edx=00634240 esi=00630001 edi=00630000 esp=00000268
  IRQS raised 204770 22 0 0 741 0 18 0 | acked 204680 22 0 0 741 0 18 0
  V86 SS:SP=0F00:0268 DS=0040 ES=0628 | 3202 0008 09B2 EFA0 0729 E646 0598 EFA0 E646 0151 00A6 0E01 
HEARTBEAT [0028:C00012B0] cpl=0 pm=1 v86=0 if=0 pic imr=A8 isr=00 irr=00 | 60 BE 34 00 00 00 EB 08 60 BE 38 00 00 00 8B F6 | eax=00633838 ebx=00000001 ecx=C0FF102E edx=00634240 esi=00630001 edi=00630000 esp=C0EE8F90
  IRQS raised 204916 22 0 0 741 0 18 0 | acked 204826 22 0 0 741 0 18 0
HEARTBEAT [0028:C00012E9] cpl=0 pm=1 v86=0 if=0 pic imr=A8 isr=00 irr=00 | 68 00 13 00 C0 FF A6 2C F4 00 C0 2E 8B C0 2E 8B | eax=006338E3 ebx=C15200E8 ecx=C0FF102E edx=00634240 esi=00000034 edi=C0FFE374 esp=C0EE89F4
  IRQS raised 205062 22 0 0 741 0 18 0 | acked 204972 22 0 0 741 0 18 0
HEARTBEAT [0028:C0037102] cpl=0 pm=1 v86=0 if=1 pic imr=A8 isr=00 irr=00 | FF 15 4C 7A 03 C0 83 F9 04 76 06 CD 20 94 80 01 | eax=006338E3 ebx=C15200E8 ecx=00000000 edx=00000000 esi=000FECAC edi=00000000 esp=C0EE89EC
  IRQS raised 205207 22 0 0 741 0 18 0 | acked 205117 22 0 0 741 0 18 0
HEARTBEAT [0028:C000323C] cpl=0 pm=1 v86=0 if=0 pic imr=A8 isr=00 irr=00 | 8D 50 04 8B 42 FC 85 C0 74 09 85 48 08 74 05 8B | eax=C10CD744 ebx=C15200E8 ecx=800002C3 edx=C0FCEAD8 esi=00000000 edi=C0FFE374 esp=C0EE89E0
  IRQS raised 205353 22 0 0 741 0 18 0 | acked 205263 22 0 0 741 0 18 0
HEARTBEAT [0028:C0035C9F] cpl=0 pm=1 v86=0 if=0 pic imr=A8 isr=00 irr=00 | 0F B7 05 60 7A 03 C0 59 C3 B8 00 04 00 00 F8 C3 | eax=00633800 ebx=C15200E8 ecx=00000000 edx=00000000 esi=000FECB4 edi=00000000 esp=C0EE89B8
  IRQS raised 205499 22 0 0 741 0 18 0 | acked 205409 22 0 0 741 0 18 0
HEARTBEAT [0028:C00372BC] cpl=0 pm=1 v86=0 if=0 pic imr=A8 isr=00 irr=00 | 9D 50 BE 54 79 03 C0 E8 69 F4 FF FF 58 8A C4 BE | eax=00000000 ebx=C15200E8 ecx=00000000 edx=00000000 esi=000FECB4 edi=00000000 esp=C0EE89C0
  IRQS raised 205644 22 0 0 741 0 18 0 | acked 205554 22 0 0 741 0 18 0
HEARTBEAT [0028:C0003208] cpl=0 pm=1 v86=0 if=0 pic imr=A8 isr=00 irr=00 | E8 2F 00 00 00 66 83 7B 18 00 74 08 8B 43 20 E8 | eax=C10CD71C ebx=C15200E8 ecx=800002C3 edx=C0FFE374 esi=00000000 edi=C0FFE374 esp=C0EE89E4
  IRQS raised 205790 22 0 0 741 0 18 0 | acked 205700 22 0 0 741 0 18 0
HEARTBEAT [0028:C00012B0] cpl=0 pm=1 v86=0 if=0 pic imr=A8 isr=00 irr=00 | 60 BE 34 00 00 00 EB 08 60 BE 38 00 00 00 8B F6 | eax=006338E3 ebx=00000001 ecx=C0FF102E edx=00634240 esi=00630001 edi=00630000 esp=C0EE8F90
  IRQS raised 205936 22 0 0 741 0 18 0 | acked 205846 22 0 0 741 0 18 0
HEARTBEAT [0028:C0036774] cpl=0 pm=1 v86=0 if=1 pic imr=A8 isr=00 irr=00 | C3 CD 20 12 80 04 00 8B 08 FF 15 D8 76 03 C0 F6 | eax=00000000 ebx=C15200E8 ecx=00000000 edx=00000000 esi=C003795C edi=00000000 esp=C0EE89C0
  IRQS raised 206081 22 0 0 741 0 18 0 | acked 205991 22 0 0 741 0 18 0
HEARTBEAT [0028:C00372D0] cpl=0 pm=1 v86=0 if=1 pic imr=A8 isr=00 irr=00 | E8 5C F4 FF FF 61 9D C3 0C 70 E6 18 EB 00 E4 1A | eax=00000000 ebx=C15200E8 ecx=00000000 edx=00000000 esi=C003795C edi=00000000 esp=C0EE89C4
  IRQS raised 206227 22 0 0 741 0 18 0 | acked 206137 22 0 0 741 0 18 0
HEARTBEAT [0028:C0036774] cpl=0 pm=1 v86=0 if=1 pic imr=A8 isr=00 irr=00 | C3 CD 20 12 80 04 00 8B 08 FF 15 D8 76 03 C0 F6 | eax=00000000 ebx=C15200E8 ecx=00000000 edx=00000000 esi=C0037954 edi=00000000 esp=C0EE89BC
  IRQS raised 206373 22 0 0 741 0 18 0 | acked 206283 22 0 0 741 0 18 0
HEARTBEAT [0028:C0003DCC] cpl=0 pm=1 v86=0 if=1 pic imr=A8 isr=00 irr=00 | C3 68 C0 3D 00 C0 EB 98 83 45 24 02 0F B6 D5 EB | eax=390000E3 ebx=C15200E8 ecx=00000000 edx=C00377D4 esi=C0037954 edi=C159F9AC esp=C0EE89F0
  IRQS raised 206518 22 0 0 741 0 18 0 | acked 206428 22 0 0 741 0 18 0
HEARTBEAT [0028:C0003201] cpl=0 pm=1 v86=0 if=0 pic imr=A8 isr=00 irr=00 | 74 0A A1 E0 E9 00 C0 E8 2F 00 00 00 66 83 7B 18 | eax=C00106DF ebx=C15200E8 ecx=800002C3 edx=C0FFE374 esi=00000000 edi=C0FFE374 esp=C0EE89E4
  IRQS raised 206664 22 0 0 741 0 18 0 | acked 206574 22 0 0 741 0 18 0
HEARTBEAT [0028:C0035C6C] cpl=0 pm=1 v86=0 if=0 pic imr=A8 isr=00 irr=00 | 51 E4 08 08 05 60 7A 03 C0 8A 0D 58 79 03 C0 80 | eax=00633838 ebx=C15200E8 ecx=00000000 edx=00000000 esi=000FECB4 edi=00000000 esp=C0EE89BC
  IRQS raised 206810 22 0 0 741 0 18 0 | acked 206720 22 0 0 741 0 18 0
HEARTBEAT [0028:C0003DAC] cpl=0 pm=1 v86=0 if=1 pic imr=A8 isr=00 irr=00 | 0F B6 D2 8D 14 52 D1 EA 87 D7 66 39 14 7D 40 EA | eax=006338E3 ebx=C15200E8 ecx=000000E4 edx=00000000 esi=000FECAC edi=00000000 esp=C0EE89F0
  IRQS raised 206955 22 0 0 741 0 18 0 | acked 206865 22 0 0 741 0 18 0
HEARTBEAT [0028:C0036774] cpl=0 pm=1 v86=0 if=1 pic imr=A8 isr=00 irr=00 | C3 CD 20 12 80 04 00 8B 08 FF 15 D8 76 03 C0 F6 | eax=00000000 ebx=C15200E8 ecx=00000000 edx=00000000 esi=C003795C edi=00000000 esp=C0EE89C0
  IRQS raised 207101 22 0 0 741 0 18 0 | acked 207011 22 0 0 741 0 18 0
HEARTBEAT [0028:C0001305] cpl=0 pm=1 v86=0 if=1 pic imr=A8 isr=00 irr=00 | 8B 1D 1C 07 01 C0 8B 3D A8 06 01 C0 FA 33 C0 3B | eax=0000E339 ebx=C15200E8 ecx=00000000 edx=C00377D4 esi=C0037954 edi=C159F9AC esp=C0EE89F4
  IRQS raised 207247 22 0 0 741 0 18 0 | acked 207157 22 0 0 741 0 18 0
HEARTBEAT [0028:C00031B2] cpl=0 pm=1 v86=0 if=0 pic imr=A8 isr=00 irr=00 | 75 1D 8B 50 30 3B 1D 20 07 01 C0 75 04 85 D2 75 | eax=C00106D4 ebx=C15200E8 ecx=800002E3 edx=C0FFE374 esi=00000000 edi=C0FFE374 esp=C0EE89E8
  IRQS raised 207392 22 0 0 741 0 18 0 | acked 207302 22 0 0 741 0 18 0
HEARTBEAT [0028:C0037151] cpl=0 pm=1 v86=0 if=1 pic imr=A8 isr=00 irr=00 | 5F 5B E8 CA EA FF FF 66 F7 40 1A 01 00 74 0A BA | eax=006338E3 ebx=C15200E8 ecx=00000000 edx=00000001 esi=C0037954 edi=C159F9AC esp=C0EE89E4
  IRQS raised 207538 22 0 0 741 0 18 0 | acked 207448 22 0 0 741 0 18 0
HEARTBEAT [0028:C0035C31] cpl=0 pm=1 v86=0 if=1 pic imr=A8 isr=00 irr=00 | 05 B4 77 03 C0 C3 50 51 52 81 78 24 00 00 0A 00 | eax=00000000 ebx=C15200E8 ecx=00000000 edx=00000001 esi=C0037954 edi=C159F9AC esp=C0EE89E8
  IRQS raised 207684 22 0 0 741 0 18 0 | acked 207594 22 0 0 741 0 18 0
HEARTBEAT [0028:C0003249] cpl=0 pm=1 v86=0 if=0 pic imr=A8 isr=00 irr=00 | 74 05 8B D0 EB F0 C3 85 F6 74 05 85 70 08 74 F2 | eax=C0FCEB48 ebx=C15200E8 ecx=800002C3 edx=C0FCEF14 esi=00000000 edi=C0FFE374 esp=C0EE89E0
  IRQS raised 207829 22 0 0 741 0 18 0 | acked 207739 22 0 0 741 0 18 0
HEARTBEAT [0028:C0036E93] cpl=0 pm=1 v86=0 if=1 pic imr=A8 isr=00 irr=00 | 66 8B CA 66 83 F9 0F 76 0B 66 81 E9 C0 00 66 D1 | eax=006338E3 ebx=C15200E8 ecx=00000000 edx=00000000 esi=C0037954 edi=00000000 esp=C0EE89E8
  IRQS raised 207975 22 0 0 741 0 18 0 | acked 207885 22 0 0 741 0 18 0
HEARTBEAT [0028:C0003244] cpl=0 pm=1 v86=0 if=0 pic imr=A8 isr=00 irr=00 | 74 09 85 48 08 74 05 8B D0 EB F0 C3 85 F6 74 05 | eax=C0FCEAD8 ebx=C15200E8 ecx=800002C3 edx=C0FCEAA0 esi=00000000 edi=C0FFE374 esp=C0EE89E0
  IRQS raised 208120 22 0 0 741 0 18 0 | acked 208030 22 0 0 741 0 18 0
HEARTBEAT [0028:C0035C99] cpl=0 pm=1 v86=0 if=0 pic imr=A8 isr=00 irr=00 | 88 0D 60 79 03 C0 0F B7 05 60 7A 03 C0 59 C3 B8 | eax=00633800 ebx=C15200E8 ecx=00000000 edx=00000000 esi=000FECB4 edi=00000000 esp=C0EE89B8
  IRQS raised 208266 22 0 0 741 0 18 0 | acked 208176 22 0 0 741 0 18 0
HEARTBEAT [0028:C0001311] cpl=0 pm=1 v86=0 if=1 pic imr=A8 isr=00 irr=00 | FA 33 C0 3B 05 F0 E9 00 C0 75 38 8A 43 1F F6 D0 | eax=390000E3 ebx=C15200E8 ecx=00000000 edx=C00377D4 esi=C0037954 edi=C0FFE374 esp=C0EE89F4
  IRQS raised 208412 22 0 0 741 0 18 0 | acked 208322 22 0 0 741 0 18 0
HEARTBEAT [0028:C003713F] cpl=0 pm=1 v86=0 if=1 pic imr=A8 isr=00 irr=00 | 83 FA 0F 76 01 42 80 3F 00 75 09 53 57 E8 38 F4 | eax=00633838 ebx=C15200E8 ecx=00000000 edx=00000001 esi=C0037954 edi=C159F9AC esp=C0EE89EC
  IRQS raised 208557 22 0 0 741 0 18 0 | acked 208467 22 0 0 741 0 18 0
HEARTBEAT [0028:C00020C7] cpl=0 pm=1 v86=0 if=1 pic imr=A8 isr=00 irr=00 | 0F B6 F9 FF 24 BD 28 CF 00 C0 FB 66 8E 65 28 8B | eax=00633838 ebx=C15200E8 ecx=000000E4 edx=00634240 esi=000FECB4 edi=C0FFE374 esp=C0EE89F0
  IRQS raised 208703 22 0 0 741 0 18 0 | acked 208613 22 0 0 741 0 18 0
HEARTBEAT [0028:C0035C8E] cpl=0 pm=1 v86=0 if=0 pic imr=A8 isr=00 irr=00 | 8A 0D 60 79 03 C0 80 E1 0F 0A C8 88 0D 60 79 03 | eax=00633800 ebx=C15200E8 ecx=00000001 edx=00000000 esi=000FECAC edi=00000000 esp=C0EE89B8
  IRQS raised 208849 22 0 0 741 0 18 0 | acked 208759 22 0 0 741 0 18 0
HEARTBEAT [0028:C0003DB4] cpl=0 pm=1 v86=0 if=1 pic imr=A8 isr=00 irr=00 | 87 D7 66 39 14 7D 40 EA 00 C0 75 0D 33 C9 FF 14 | eax=00633838 ebx=C15200E8 ecx=000000E4 edx=00000000 esi=000FECB4 edi=00000000 esp=C0EE89F0
  IRQS raised 208994 22 0 0 741 0 18 0 | acked 208904 22 0 0 741 0 18 0
HEARTBEAT [0028:C0035C8E] cpl=0 pm=1 v86=0 if=0 pic imr=A8 isr=00 irr=00 | 8A 0D 60 79 03 C0 80 E1 0F 0A C8 88 0D 60 79 03 | eax=00633800 ebx=C15200E8 ecx=00000001 edx=00000000 esi=000FECB4 edi=00000000 esp=C0EE89B8
  IRQS raised 209140 22 0 0 741 0 18 0 | acked 209050 22 0 0 741 0 18 0
HEARTBEAT [F000:0000ECB6] cpl=3 pm=1 v86=1 if=0 pic imr=A8 isr=00 irr=00 | 74 F4 9D E2 EF 58 C3 8A C6 E8 95 0C 8A C2 E8 90 | eax=006338E3 ebx=00000001 ecx=C0FF102E edx=00634240 esi=00630001 edi=00630000 esp=00000268
  IRQS raised 209286 22 0 0 741 0 18 0 | acked 209196 22 0 0 741 0 18 0
  V86 SS:SP=0F00:0268 DS=0040 ES=0628 | 3202 0008 09B2 EFA0 0729 E646 0598 EFA0 E646 0151 00A6 0E01 
HEARTBEAT [0028:C00372C9] cpl=0 pm=1 v86=0 if=1 pic imr=A8 isr=00 irr=00 | 8A C4 BE 5C 79 03 C0 E8 5C F4 FF FF 61 9D C3 0C | eax=00000000 ebx=C15200E8 ecx=00000000 edx=00000000 esi=C0037954 edi=00000000 esp=C0EE89C4
  IRQS raised 209431 22 0 0 741 0 18 0 | acked 209341 22 0 0 741 0 18 0
HEARTBEAT [0028:C0003201] cpl=0 pm=1 v86=0 if=0 pic imr=A8 isr=00 irr=00 | 74 0A A1 E0 E9 00 C0 E8 2F 00 00 00 66 83 7B 18 | eax=C00106DF ebx=C15200E8 ecx=800002C3 edx=C0FFE374 esi=00000000 edi=C0FFE374 esp=C0EE89E4
  IRQS raised 209577 22 0 0 741 0 18 0 | acked 209487 22 0 0 741 0 18 0
HEARTBEAT [0028:C0036593] cpl=0 pm=1 v86=0 if=1 pic imr=A8 isr=00 irr=00 | 72 71 E8 88 F6 FF FF 8B F8 E8 23 FA FF FF F6 47 | eax=006338E3 ebx=C15200E8 ecx=00000000 edx=00000001 esi=C0037954 edi=C159F9AC esp=C0EE89E0
  IRQS raised 209723 22 0 0 741 0 18 0 | acked 209633 22 0 0 741 0 18 0
HEARTBEAT [0028:C0003DD4] cpl=0 pm=1 v86=0 if=1 pic imr=A8 isr=00 irr=00 | 83 45 24 02 0F B6 D5 EB C9 2E 8B C0 FF 45 24 0F | eax=00633838 ebx=C15200E8 ecx=000000E4 edx=00634240 esi=000FECB4 edi=000000E4 esp=C0EE89F0
  IRQS raised 209868 22 0 0 741 0 18 0 | acked 209778 22 0 0 741 0 18 0
HEARTBEAT [0028:C0036EB1] cpl=0 pm=1 v86=0 if=1 pic imr=A8 isr=00 irr=00 | 8B 3D B0 77 03 C0 8D 7C 3B 08 81 FE 54 79 03 C0 | eax=00633838 ebx=C15200E8 ecx=00000000 edx=00000000 esi=C0037954 edi=00000000 esp=C0EE89E8
  IRQS raised 210014 22 0 0 741 0 18 0 | acked 209924 22 0 0 741 0 18 0
HEARTBEAT [0028:C0003242] cpl=0 pm=1 v86=0 if=0 pic imr=A8 isr=00 irr=00 | 85 C0 74 09 85 48 08 74 05 8B D0 EB F0 C3 85 F6 | eax=00000000 ebx=C15200E8 ecx=800002C3 edx=C0FCEAD8 esi=00000000 edi=C0FFE374 esp=C0EE89E0
  IRQS raised 210160 22 0 0 741 0 18 0 | acked 210070 22 0 0 741 0 18 0
HEARTBEAT [0028:C0036E8E] cpl=0 pm=1 v86=0 if=1 pic imr=A8 isr=00 irr=00 | BE 54 79 03 C0 66 8B CA 66 83 F9 0F 76 0B 66 81 | eax=006338E3 ebx=C15200E8 ecx=00000000 edx=00000000 esi=000FECAC edi=00000000 esp=C0EE89E8
  IRQS raised 210305 22 0 0 741 0 18 0 | acked 210215 22 0 0 741 0 18 0
HEARTBEAT [0028:C0003221] cpl=0 pm=1 v86=0 if=0 pic imr=A8 isr=00 irr=00 | 74 08 8B 47 6C E8 11 00 00 00 85 ED 75 06 33 C0 | eax=00000000 ebx=C15200E8 ecx=800002C3 edx=C0FCEB10 esi=00000000 edi=C0FFE374 esp=C0EE89E4
  IRQS raised 210451 22 0 0 741 0 18 0 | acked 210361 22 0 0 741 0 18 0
HEARTBEAT [0028:C0001311] cpl=0 pm=1 v86=0 if=1 pic imr=A8 isr=00 irr=00 | FA 33 C0 3B 05 F0 E9 00 C0 75 38 8A 43 1F F6 D0 | eax=0000E339 ebx=C15200E8 ecx=00000000 edx=C00377D4 esi=C0037954 edi=C0FFE374 esp=C0EE89F4
  IRQS raised 210597 22 0 0 741 0 18 0 | acked 210507 22 0 0 741 0 18 0
HEARTBEAT [0028:C0003244] cpl=0 pm=1 v86=0 if=0 pic imr=A8 isr=00 irr=00 | 74 09 85 48 08 74 05 8B D0 EB F0 C3 85 F6 74 05 | eax=00000000 ebx=C15200E8 ecx=800002C3 edx=C0FCEAD8 esi=00000000 edi=C0FFE374 esp=C0EE89E0
  IRQS raised 210742 22 0 0 741 0 18 0 | acked 210652 22 0 0 741 0 18 0
HEARTBEAT [0028:C00031ED] cpl=0 pm=1 v86=0 if=0 pic imr=A8 isr=00 irr=00 | 22 C8 8A 43 1E 0C DF 22 C8 55 33 ED 66 83 3D F0 | eax=C00106FF ebx=C15200E8 ecx=800002E3 edx=C0FFE374 esi=00000000 edi=C0FFE374 esp=C0EE89E8
  IRQS raised 210888 22 0 0 741 0 18 0 | acked 210798 22 0 0 741 0 18 0
HEARTBEAT [F000:0000ECAE] cpl=3 pm=1 v86=1 if=0 pic imr=A8 isr=00 irr=00 | 24 FE 3A E0 8A E0 E4 00 74 F4 9D E2 EF 58 C3 8A | eax=00633839 ebx=00000001 ecx=C0FF102E edx=00634240 esi=00630001 edi=00630000 esp=00000268
  IRQS raised 211034 22 0 0 741 0 18 0 | acked 210944 22 0 0 741 0 18 0
  V86 SS:SP=0F00:0268 DS=0040 ES=0628 | 3202 0008 09B2 EFA0 0729 E646 0598 EFA0 E646 0151 00A6 0E01 
HEARTBEAT [0028:C00372C3] cpl=0 pm=1 v86=0 if=1 pic imr=A8 isr=00 irr=00 | E8 69 F4 FF FF 58 8A C4 BE 5C 79 03 C0 E8 5C F4 | eax=00000000 ebx=C15200E8 ecx=00000000 edx=00000000 esi=C0037954 edi=00000000 esp=C0EE89C0
  IRQS raised 211179 22 0 0 741 0 18 0 | acked 211089 22 0 0 741 0 18 0
HEARTBEAT [0028:C00372B6] cpl=0 pm=1 v86=0 if=0 pic imr=A8 isr=00 irr=00 | 86 25 61 7A 03 C0 9D 50 BE 54 79 03 C0 E8 69 F4 | eax=00000000 ebx=C15200E8 ecx=00000000 edx=00000000 esi=000FECB4 edi=00000000 esp=C0EE89C0
  IRQS raised 211325 22 0 0 741 0 18 0 | acked 211235 22 0 0 741 0 18 0
HEARTBEAT [0028:C0035CA6] cpl=0 pm=1 v86=0 if=0 pic imr=A8 isr=00 irr=00 | 59 C3 B8 00 04 00 00 F8 C3 A1 48 7A 03 C0 C3 E8 | eax=00000000 ebx=C15200E8 ecx=00000000 edx=00000000 esi=000FECAC edi=00000000 esp=C0EE89B8
  IRQS raised 211470 22 0 0 741 0 18 0 | acked 211380 22 0 0 741 0 18 0
HEARTBEAT [0028:C0035C86] cpl=0 pm=1 v86=0 if=0 pic imr=A8 isr=00 irr=00 | B0 00 08 05 61 7A 03 C0 8A 0D 60 79 03 C0 80 E1 | eax=00633800 ebx=C15200E8 ecx=00000001 edx=00000000 esi=000FECB4 edi=00000000 esp=C0EE89B8
  IRQS raised 211616 22 0 0 741 0 18 0 | acked 211526 22 0 0 741 0 18 0
HEARTBEAT [F000:0000ECB4] cpl=3 pm=1 v86=1 if=0 pic imr=A8 isr=00 irr=00 | E4 00 74 F4 9D E2 EF 58 C3 8A C6 E8 95 0C 8A C2 | eax=00633838 ebx=00000001 ecx=C0FF102E edx=00634240 esi=00630001 edi=00630000 esp=00000268
  IRQS raised 211762 22 0 0 741 0 18 0 | acked 211672 22 0 0 741 0 18 0
  V86 SS:SP=0F00:0268 DS=0040 ES=0628 | 3202 0008 09B2 EFA0 0729 E646 0598 EFA0 E646 0151 00A6 0E01 
HEARTBEAT [0028:C0001359] cpl=0 pm=1 v86=0 if=0 pic imr=A8 isr=00 irr=00 | 74 C1 68 00 13 00 C0 E9 35 1F 00 00 2E 8B C0 2E | eax=00000000 ebx=C15200E8 ecx=00000000 edx=C0FCEB10 esi=C0037954 edi=C0FFE374 esp=C0EE89F4
  IRQS raised 211907 22 0 0 741 0 18 0 | acked 211817 22 0 0 741 0 18 0
HEARTBEAT [0028:C00372C3] cpl=0 pm=1 v86=0 if=1 pic imr=A8 isr=00 irr=00 | E8 69 F4 FF FF 58 8A C4 BE 5C 79 03 C0 E8 5C F4 | eax=00000000 ebx=C15200E8 ecx=00000000 edx=00000000 esi=C0037954 edi=00000000 esp=C0EE89C0
  IRQS raised 212053 22 0 0 741 0 18 0 | acked 211963 22 0 0 741 0 18 0
HEARTBEAT [0028:C0035C31] cpl=0 pm=1 v86=0 if=1 pic imr=A8 isr=00 irr=00 | 05 B4 77 03 C0 C3 50 51 52 81 78 24 00 00 0A 00 | eax=00000000 ebx=C15200E8 ecx=00000000 edx=00000001 esi=C0037954 edi=C159F9AC esp=C0EE89E8
  IRQS raised 212199 22 0 0 741 0 18 0 | acked 212109 22 0 0 741 0 18 0
HEARTBEAT [0028:C0003234] cpl=0 pm=1 v86=0 if=0 pic imr=A8 isr=00 irr=00 | C3 8B D5 8B 42 FC EB F5 8D 50 04 8B 42 FC 85 C0 | eax=00000000 ebx=C15200E8 ecx=00000000 edx=C0FCEB10 esi=C0037954 edi=C0FFE374 esp=C0EE89F0
  IRQS raised 212344 22 0 0 741 0 18 0 | acked 212254 22 0 0 741 0 18 0
HEARTBEAT [0028:C00012DE] cpl=0 pm=1 v86=0 if=0 pic imr=A8 isr=00 irr=00 | 3D 55 66 22 00 8B 1D 1C 07 01 C0 68 00 13 00 C0 | eax=006338E3 ebx=00000001 ecx=C0FF102E edx=00634240 esi=00000034 edi=C0FFE374 esp=C0EE89F4
  IRQS raised 212490 22 0 0 741 0 18 0 | acked 212400 22 0 0 741 0 18 0
HEARTBEAT [0028:C00012B1] cpl=0 pm=1 v86=0 if=0 pic imr=A8 isr=00 irr=00 | BE 34 00 00 00 EB 08 60 BE 38 00 00 00 8B F6 FC | eax=00633838 ebx=00000001 ecx=C0FF102E edx=00634240 esi=00630001 edi=00630000 esp=C0EE8F70
  IRQS raised 212636 22 0 0 741 0 18 0 | acked 212546 22 0 0 741 0 18 0
HEARTBEAT [0028:C0003234] cpl=0 pm=1 v86=0 if=0 pic imr=A8 isr=00 irr=00 | C3 8B D5 8B 42 FC EB F5 8D 50 04 8B 42 FC 85 C0 | eax=00000000 ebx=C15200E8 ecx=00000000 edx=C0FCEB10 esi=C0037954 edi=C0FFE374 esp=C0EE89F0
  IRQS raised 212781 22 0 0 741 0 18 0 | acked 212691 22 0 0 741 0 18 0
HEARTBEAT [0028:C0035C31] cpl=0 pm=1 v86=0 if=1 pic imr=A8 isr=00 irr=00 | 05 B4 77 03 C0 C3 50 51 52 81 78 24 00 00 0A 00 | eax=00000000 ebx=C15200E8 ecx=00000000 edx=00000001 esi=C0037954 edi=C159F9AC esp=C0EE89E8
  IRQS raised 212927 22 0 0 741 0 18 0 | acked 212837 22 0 0 741 0 18 0
HEARTBEAT [0028:C000323F] cpl=0 pm=1 v86=0 if=0 pic imr=A8 isr=00 irr=00 | 8B 42 FC 85 C0 74 09 85 48 08 74 05 8B D0 EB F0 | eax=C0FCEAD8 ebx=C15200E8 ecx=800002C3 edx=C0FCEAD8 esi=00000000 edi=C0FFE374 esp=C0EE89E0
  IRQS raised 213073 22 0 0 741 0 18 0 | acked 212983 22 0 0 741 0 18 0
HEARTBEAT [0028:C0003249] cpl=0 pm=1 v86=0 if=0 pic imr=A8 isr=00 irr=00 | 74 05 8B D0 EB F0 C3 85 F6 74 05 85 70 08 74 F2 | eax=C0FCEAA0 ebx=C15200E8 ecx=800002C3 edx=C0FCEEBC esi=00000000 edi=C0FFE374 esp=C0EE89E0
  IRQS raised 213218 22 0 0 741 0 18 0 | acked 213128 22 0 0 741 0 18 0
HEARTBEAT [0028:C0003221] cpl=0 pm=1 v86=0 if=0 pic imr=A8 isr=00 irr=00 | 74 08 8B 47 6C E8 11 00 00 00 85 ED 75 06 33 C0 | eax=00000000 ebx=C15200E8 ecx=800002C3 edx=C0FCEB10 esi=00000000 edi=C0FFE374 esp=C0EE89E4
  IRQS raised 213364 22 0 0 741 0 18 0 | acked 213274 22 0 0 741 0 18 0
HEARTBEAT [0028:C0035C22] cpl=0 pm=1 v86=0 if=1 pic imr=A8 isr=00 irr=00 | 8B C1 81 FE 54 79 03 C0 76 02 04 04 6B C0 34 05 | eax=00633838 ebx=C15200E8 ecx=00000000 edx=00000001 esi=C0037954 edi=C159F9AC esp=C0EE89E8
  IRQS raised 213510 22 0 0 741 0 18 0 | acked 213420 22 0 0 741 0 18 0
HEARTBEAT [0028:C0037134] cpl=0 pm=1 v86=0 if=1 pic imr=A8 isr=00 irr=00 | E8 55 FD FF FF E8 73 FD FF FF 42 83 FA 0F 76 01 | eax=00633838 ebx=C15200E8 ecx=00000000 edx=00000000 esi=000FECB4 edi=00000000 esp=C0EE89EC
  IRQS raised 213655 22 0 0 741 0 18 0 | acked 213565 22 0 0 741 0 18 0
HEARTBEAT [0028:C00020B5] cpl=0 pm=1 v86=0 if=1 pic imr=A8 isr=00 irr=00 | 0F B7 75 28 8B 4D 24 C1 E6 04 89 4F A8 03 F1 66 | eax=006338E3 ebx=C15200E8 ecx=C0FF102E edx=00634240 esi=00000034 edi=C0FFE374 esp=C0EE89F0
  IRQS raised 213801 22 0 0 741 0 18 0 | acked 213711 22 0 0 741 0 18 0
HEARTBEAT [0028:C0036731] cpl=0 pm=1 v86=0 if=1 pic imr=A8 isr=00 irr=00 | 22 46 07 74 3E 0F B6 C0 0F BC C8 74 36 0F B3 C8 | eax=00000000 ebx=C15200E8 ecx=00000000 edx=00000000 esi=C0037954 edi=00000000 esp=C0EE89BC
  IRQS raised 213947 22 0 0 741 0 18 0 | acked 213857 22 0 0 741 0 18 0
HEARTBEAT [0028:C0003DD4] cpl=0 pm=1 v86=0 if=1 pic imr=A8 isr=00 irr=00 | 83 45 24 02 0F B6 D5 EB C9 2E 8B C0 FF 45 24 0F | eax=00633838 ebx=C15200E8 ecx=000000E4 edx=00634240 esi=000FECB4 edi=000000E4 esp=C0EE89F0
  IRQS raised 214092 22 0 0 741 0 18 0 | acked 214002 22 0 0 741 0 18 0
HEARTBEAT [0028:C0001300] cpl=0 pm=1 v86=0 if=1 pic imr=A8 isr=00 irr=00 | 3D 4D 66 22 00 8B 1D 1C 07 01 C0 8B 3D A8 06 01 | eax=390000E3 ebx=C15200E8 ecx=00000000 edx=C00377D4 esi=C0037954 edi=C159F9AC esp=C0EE89F4
  IRQS raised 214238 22 0 0 741 0 18 0 | acked 214148 22 0 0 741 0 18 0
HEARTBEAT [0028:C003658D] cpl=0 pm=1 v86=0 if=1 pic imr=A8 isr=00 irr=00 | 72 06 0F A3 4E 05 72 71 E8 88 F6 FF FF 8B F8 E8 | eax=006338E3 ebx=C15200E8 ecx=00000000 edx=00000001 esi=C0037954 edi=C159F9AC esp=C0EE89E0
  IRQS raised 214384 22 0 0 741 0 18 0 | acked 214294 22 0 0 741 0 18 0
HEARTBEAT [0028:C000323C] cpl=0 pm=1 v86=0 if=0 pic imr=A8 isr=00 irr=00 | 8D 50 04 8B 42 FC 85 C0 74 09 85 48 08 74 05 8B | eax=C10CD71C ebx=C15200E8 ecx=800002C3 edx=C0FFE374 esi=00000000 edi=C0FFE374 esp=C0EE89E0
  IRQS raised 214529 22 0 0 741 0 18 0 | acked 214439 22 0 0 741 0 18 0
HEARTBEAT [0028:C000131F] cpl=0 pm=1 v86=0 if=0 pic imr=A8 isr=00 irr=00 | F6 D0 D0 E0 22 47 73 24 40 C0 E8 03 08 47 03 F6 | eax=00000000 ebx=C15200E8 ecx=00000000 edx=C0FCEB10 esi=C0037954 edi=C0FFE374 esp=C0EE89F4
  IRQS raised 214675 22 0 0 741 0 18 0 | acked 214585 22 0 0 741 0 18 0
HEARTBEAT [0028:C000133F] cpl=0 pm=1 v86=0 if=0 pic imr=A8 isr=00 irr=00 | 0C 30 A8 02 75 03 22 43 99 88 44 24 2D 61 83 C4 | eax=00000000 ebx=C15200E8 ecx=00000000 edx=C0FCEB10 esi=C0037954 edi=C0FFE374 esp=C0EE8F70
  IRQS raised 214820 22 0 0 741 0 18 0 | acked 214730 22 0 0 741 0 18 0
HEARTBEAT [0028:C0036EB7] cpl=0 pm=1 v86=0 if=1 pic imr=A8 isr=00 irr=00 | 8D 7C 3B 08 81 FE 54 79 03 C0 74 01 47 C3 FF 15 | eax=00633838 ebx=C15200E8 ecx=00000000 edx=00000000 esi=C0037954 edi=0007F8BC esp=C0EE89E8
  IRQS raised 214966 22 0 0 741 0 18 0 | acked 214876 22 0 0 741 0 18 0
HEARTBEAT [0028:C0003190] cpl=0 pm=1 v86=0 if=0 pic imr=A8 isr=00 irr=00 | B9 E3 02 00 80 F6 45 2D 02 74 0D 80 E5 FD 8A 53 | eax=00000000 ebx=C15200E8 ecx=00000000 edx=C00377D4 esi=00000000 edi=C0FFE374 esp=C0EE89E8
  IRQS raised 215112 22 0 0 741 0 18 0 | acked 215022 22 0 0 741 0 18 0
HEARTBEAT [0028:C0037145] cpl=0 pm=1 v86=0 if=1 pic imr=A8 isr=00 irr=00 | 80 3F 00 75 09 53 57 E8 38 F4 FF FF 5F 5B E8 CA | eax=00633838 ebx=C15200E8 ecx=00000000 edx=00000001 esi=C0037954 edi=C159F9AC esp=C0EE89EC
  IRQS raised 215257 22 0 0 741 0 18 0 | acked 215167 22 0 0 741 0 18 0
HEARTBEAT [0028:C0035C6F] cpl=0 pm=1 v86=0 if=0 pic imr=A8 isr=00 irr=00 | 08 05 60 7A 03 C0 8A 0D 58 79 03 C0 80 E1 0F 0A | eax=00633800 ebx=C15200E8 ecx=00000000 edx=00000000 esi=000FECAC edi=00000000 esp=C0EE89B8
  IRQS raised 215403 22 0 0 741 0 18 0 | acked 215313 22 0 0 741 0 18 0
HEARTBEAT [0028:C0036774] cpl=0 pm=1 v86=0 if=1 pic imr=A8 isr=00 irr=00 | C3 CD 20 12 80 04 00 8B 08 FF 15 D8 76 03 C0 F6 | eax=00000000 ebx=C15200E8 ecx=00000000 edx=00000000 esi=C0037954 edi=00000000 esp=C0EE89BC
  IRQS raised 215549 22 0 0 741 0 18 0 | acked 215459 22 0 0 741 0 18 0
HEARTBEAT [0028:C0003DB4] cpl=0 pm=1 v86=0 if=1 pic imr=A8 isr=00 irr=00 | 87 D7 66 39 14 7D 40 EA 00 C0 75 0D 33 C9 FF 14 | eax=00633838 ebx=C15200E8 ecx=000000E4 edx=00000000 esi=000FECB4 edi=00000000 esp=C0EE89F0
  IRQS raised 215694 22 0 0 741 0 18 0 | acked 215604 22 0 0 741 0 18 0
HEARTBEAT [0028:C0036EB0] cpl=0 pm=1 v86=0 if=1 pic imr=A8 isr=00 irr=00 | C3 8B 3D B0 77 03 C0 8D 7C 3B 08 81 FE 54 79 03 | eax=006338E3 ebx=C15200E8 ecx=00000000 edx=00000000 esi=C0037954 edi=00000000 esp=C0EE89E8
  IRQS raised 215840 22 0 0 741 0 18 0 | acked 215750 22 0 0 741 0 18 0
HEARTBEAT [0028:C0035C8E] cpl=0 pm=1 v86=0 if=0 pic imr=A8 isr=00 irr=00 | 8A 0D 60 79 03 C0 80 E1 0F 0A C8 88 0D 60 79 03 | eax=00633800 ebx=C15200E8 ecx=00000001 edx=00000000 esi=000FECAC edi=00000000 esp=C0EE89B8
  IRQS raised 215986 22 0 0 741 0 18 0 | acked 215896 22 0 0 741 0 18 0
HEARTBEAT [0028:C00031AD] cpl=0 pm=1 v86=0 if=0 pic imr=A8 isr=00 irr=00 | 8B 50 10 85 D2 75 1D 8B 50 30 3B 1D 20 07 01 C0 | eax=C00106D4 ebx=C15200E8 ecx=800002E3 edx=C00377D4 esi=00000000 edi=C0FFE374 esp=C0EE89E8
  IRQS raised 216131 22 0 0 741 0 18 0 | acked 216041 22 0 0 741 0 18 0
HEARTBEAT [0028:C00012B0] cpl=0 pm=1 v86=0 if=0 pic imr=A8 isr=00 irr=00 | 60 BE 34 00 00 00 EB 08 60 BE 38 00 00 00 8B F6 | eax=00633838 ebx=00000001 ecx=C0FF102E edx=00634240 esi=00630001 edi=00630000 esp=C0EE8F90
  IRQS raised 216277 22 0 0 741 0 18 0 | acked 216187 22 0 0 741 0 18 0
HEARTBEAT [0028:C000131F] cpl=0 pm=1 v86=0 if=0 pic imr=A8 isr=00 irr=00 | F6 D0 D0 E0 22 47 73 24 40 C0 E8 03 08 47 03 F6 | eax=00000000 ebx=C15200E8 ecx=00000000 edx=C0FCEB10 esi=C0037954 edi=C0FFE374 esp=C0EE89F4
  IRQS raised 216423 22 0 0 741 0 18 0 | acked 216333 22 0 0 741 0 18 0
HEARTBEAT [0028:C00012DE] cpl=0 pm=1 v86=0 if=0 pic imr=A8 isr=00 irr=00 | 3D 55 66 22 00 8B 1D 1C 07 01 C0 68 00 13 00 C0 | eax=006338E3 ebx=00000001 ecx=C0FF102E edx=00634240 esi=00000034 edi=C0FFE374 esp=C0EE89F4
  IRQS raised 216568 22 0 0 741 0 18 0 | acked 216478 22 0 0 741 0 18 0
HEARTBEAT [0028:C0003DCC] cpl=0 pm=1 v86=0 if=1 pic imr=A8 isr=00 irr=00 | C3 68 C0 3D 00 C0 EB 98 83 45 24 02 0F B6 D5 EB | eax=390000E3 ebx=C15200E8 ecx=00000000 edx=C00377D4 esi=C0037954 edi=C159F9AC esp=C0EE89F0
  IRQS raised 216714 22 0 0 741 0 18 0 | acked 216624 22 0 0 741 0 18 0
HEARTBEAT [F000:0000ECAE] cpl=3 pm=1 v86=1 if=0 pic imr=A8 isr=00 irr=00 | 24 FE 3A E0 8A E0 E4 00 74 F4 9D E2 EF 58 C3 8A | eax=00633839 ebx=00000001 ecx=C0FF102E edx=00634240 esi=00630001 edi=00630000 esp=00000268
  IRQS raised 216860 22 0 0 741 0 18 0 | acked 216770 22 0 0 741 0 18 0
  V86 SS:SP=0F00:0268 DS=0040 ES=0628 | 3202 0008 09B2 EFA0 0729 E646 0598 EFA0 E646 0151 00A6 0E01 
HEARTBEAT [0028:C0003234] cpl=0 pm=1 v86=0 if=0 pic imr=A8 isr=00 irr=00 | C3 8B D5 8B 42 FC EB F5 8D 50 04 8B 42 FC 85 C0 | eax=00000000 ebx=C15200E8 ecx=00000000 edx=C0FCEB10 esi=C0037954 edi=C0FFE374 esp=C0EE89F0
  IRQS raised 217005 22 0 0 741 0 18 0 | acked 216915 22 0 0 741 0 18 0
HEARTBEAT [0028:C0037173] cpl=0 pm=1 v86=0 if=1 pic imr=A8 isr=00 irr=00 | 8B 04 02 0F A3 0E 73 02 D1 E8 C3 FF 15 4C 7A 03 | eax=00000000 ebx=C15200E8 ecx=00000000 edx=C00377D4 esi=C0037954 edi=C159F9AC esp=C0EE89EC
  IRQS raised 217151 22 0 0 741 0 18 0 | acked 217061 22 0 0 741 0 18 0
HEARTBEAT [0028:C003716D] cpl=0 pm=1 v86=0 if=1 pic imr=A8 isr=00 irr=00 | 0F B6 07 80 37 01 8B 04 02 0F A3 0E 73 02 D1 E8 | eax=C00377B4 ebx=C15200E8 ecx=00000000 edx=C00377D4 esi=C0037954 edi=C159F9AC esp=C0EE89EC
  IRQS raised 217297 22 0 0 741 0 18 0 | acked 217207 22 0 0 741 0 18 0
HEARTBEAT [0028:C0036EA7] cpl=0 pm=1 v86=0 if=1 pic imr=A8 isr=00 irr=00 | D0 E9 80 F9 04 72 02 33 C9 C3 8B 3D B0 77 03 C0 | eax=00633838 ebx=C15200E8 ecx=00000000 edx=00000000 esi=C0037954 edi=00000000 esp=C0EE89E8
  IRQS raised 217442 22 0 0 741 0 18 0 | acked 217352 22 0 0 741 0 18 0
HEARTBEAT [0028:C0035C6F] cpl=0 pm=1 v86=0 if=0 pic imr=A8 isr=00 irr=00 | 08 05 60 7A 03 C0 8A 0D 58 79 03 C0 80 E1 0F 0A | eax=00633800 ebx=C15200E8 ecx=00000000 edx=00000000 esi=000FECB4 edi=00000000 esp=C0EE89B8
  IRQS raised 217588 22 0 0 741 0 18 0 | acked 217498 22 0 0 741 0 18 0
HEARTBEAT [0028:C0003DD4] cpl=0 pm=1 v86=0 if=1 pic imr=A8 isr=00 irr=00 | 83 45 24 02 0F B6 D5 EB C9 2E 8B C0 FF 45 24 0F | eax=006338E3 ebx=C15200E8 ecx=000000E4 edx=00634240 esi=000FECAC edi=000000E4 esp=C0EE89F0
  IRQS raised 217734 22 0 0 741 0 18 0 | acked 217644 22 0 0 741 0 18 0
HEARTBEAT [0028:C0001338] cpl=0 pm=1 v86=0 if=0 pic imr=A8 isr=00 irr=00 | 87 67 4C 8A 44 24 2D 0C 30 A8 02 75 03 22 43 99 | eax=00000000 ebx=C15200E8 ecx=00000000 edx=C0FCEB10 esi=C0037954 edi=C0FFE374 esp=C0EE89F4
  IRQS raised 217879 22 0 0 741 0 18 0 | acked 217789 22 0 0 741 0 18 0
HEARTBEAT [0028:C00020C2] cpl=0 pm=1 v86=0 if=1 pic imr=A8 isr=00 irr=00 | 03 F1 66 8B 0E 0F B6 F9 FF 24 BD 28 CF 00 C0 FB | eax=00633838 ebx=C15200E8 ecx=0000ECB4 edx=00634240 esi=000F0000 edi=C0FFE374 esp=C0EE89F0
  IRQS raised 218025 22 0 0 741 0 18 0 | acked 217935 22 0 0 741 0 18 0
HEARTBEAT [0028:C0003244] cpl=0 pm=1 v86=0 if=0 pic imr=A8 isr=00 irr=00 | 74 09 85 48 08 74 05 8B D0 EB F0 C3 85 F6 74 05 | eax=00000000 ebx=C15200E8 ecx=800002C3 edx=C0FCEAD8 esi=00000000 edi=C0FFE374 esp=C0EE89E0
  IRQS raised 218170 22 0 0 741 0 18 0 | acked 218080 22 0 0 741 0 18 0
HEARTBEAT [0028:C00372C3] cpl=0 pm=1 v86=0 if=1 pic imr=A8 isr=00 irr=00 | E8 69 F4 FF FF 58 8A C4 BE 5C 79 03 C0 E8 5C F4 | eax=00000000 ebx=C15200E8 ecx=00000000 edx=00000000 esi=C0037954 edi=00000000 esp=C0EE89C0
  IRQS raised 218316 22 0 0 741 0 18 0 | acked 218226 22 0 0 741 0 18 0
HEARTBEAT [0028:C00012B0] cpl=0 pm=1 v86=0 if=0 pic imr=A8 isr=00 irr=00 | 60 BE 34 00 00 00 EB 08 60 BE 38 00 00 00 8B F6 | eax=00633838 ebx=00000001 ecx=C0FF102E edx=00634240 esi=00630001 edi=00630000 esp=C0EE8F90
  IRQS raised 218462 22 0 0 741 0 18 0 | acked 218372 22 0 0 741 0 18 0
HEARTBEAT [0028:C00012B0] cpl=0 pm=1 v86=0 if=0 pic imr=A8 isr=00 irr=00 | 60 BE 34 00 00 00 EB 08 60 BE 38 00 00 00 8B F6 | eax=006338E3 ebx=00000001 ecx=C0FF102E edx=00634240 esi=00630001 edi=00630000 esp=C0EE8F90
  IRQS raised 218607 22 0 0 741 0 18 0 | acked 218517 22 0 0 741 0 18 0
HEARTBEAT [0028:C000323C] cpl=0 pm=1 v86=0 if=0 pic imr=A8 isr=00 irr=00 | 8D 50 04 8B 42 FC 85 C0 74 09 85 48 08 74 05 8B | eax=C10CD71C ebx=C15200E8 ecx=800002C3 edx=C0FFE374 esi=00000000 edi=C0FFE374 esp=C0EE89E0
  IRQS raised 218753 22 0 0 741 0 18 0 | acked 218663 22 0 0 741 0 18 0
HEARTBEAT [0028:C0035C86] cpl=0 pm=1 v86=0 if=0 pic imr=A8 isr=00 irr=00 | B0 00 08 05 61 7A 03 C0 8A 0D 60 79 03 C0 80 E1 | eax=00633800 ebx=C15200E8 ecx=00000001 edx=00000000 esi=000FECAC edi=00000000 esp=C0EE89B8
  IRQS raised 218899 22 0 0 741 0 18 0 | acked 218809 22 0 0 741 0 18 0
HEARTBEAT [0028:C00372C9] cpl=0 pm=1 v86=0 if=1 pic imr=A8 isr=00 irr=00 | 8A C4 BE 5C 79 03 C0 E8 5C F4 FF FF 61 9D C3 0C | eax=00000000 ebx=C15200E8 ecx=00000000 edx=00000000 esi=C0037954 edi=00000000 esp=C0EE89C4
  IRQS raised 219044 22 0 0 741 0 18 0 | acked 218954 22 0 0 741 0 18 0
HEARTBEAT [0028:C000323F] cpl=0 pm=1 v86=0 if=0 pic imr=A8 isr=00 irr=00 | 8B 42 FC 85 C0 74 09 85 48 08 74 05 8B D0 EB F0 | eax=C10CD744 ebx=C15200E8 ecx=800002C3 edx=C10CD748 esi=00000000 edi=C0FFE374 esp=C0EE89E0
  IRQS raised 219190 22 0 0 741 0 18 0 | acked 219100 22 0 0 741 0 18 0
HEARTBEAT [0028:C00012E9] cpl=0 pm=1 v86=0 if=0 pic imr=A8 isr=00 irr=00 | 68 00 13 00 C0 FF A6 2C F4 00 C0 2E 8B C0 2E 8B | eax=006338E3 ebx=C15200E8 ecx=C0FF102E edx=00634240 esi=00000034 edi=C0FFE374 esp=C0EE89F4
  IRQS raised 219336 22 0 0 741 0 18 0 | acked 219246 22 0 0 741 0 18 0
HEARTBEAT [0028:C000323C] cpl=0 pm=1 v86=0 if=0 pic imr=A8 isr=00 irr=00 | 8D 50 04 8B 42 FC 85 C0 74 09 85 48 08 74 05 8B | eax=C10CD744 ebx=C15200E8 ecx=800002C3 edx=C0FCEAD8 esi=00000000 edi=C0FFE374 esp=C0EE89E0
  IRQS raised 219481 22 0 0 741 0 18 0 | acked 219391 22 0 0 741 0 18 0
HEARTBEAT [0028:C00020B4] cpl=0 pm=1 v86=0 if=0 pic imr=A8 isr=00 irr=00 | FB 0F B7 75 28 8B 4D 24 C1 E6 04 89 4F A8 03 F1 | eax=006338E3 ebx=C15200E8 ecx=C0FF102E edx=00634240 esi=00000034 edi=C0FFE374 esp=C0EE89F0
  IRQS raised 219627 22 0 0 741 0 18 0 | acked 219537 22 0 0 741 0 18 0
HEARTBEAT [0028:C0001338] cpl=0 pm=1 v86=0 if=0 pic imr=A8 isr=00 irr=00 | 87 67 4C 8A 44 24 2D 0C 30 A8 02 75 03 22 43 99 | eax=00000000 ebx=C15200E8 ecx=00000000 edx=C0FCEB10 esi=C0037954 edi=C0FFE374 esp=C0EE89F4
  IRQS raised 219773 22 0 0 741 0 18 0 | acked 219683 22 0 0 741 0 18 0
HEARTBEAT [0028:C0036E93] cpl=0 pm=1 v86=0 if=1 pic imr=A8 isr=00 irr=00 | 66 8B CA 66 83 F9 0F 76 0B 66 81 E9 C0 00 66 D1 | eax=00633838 ebx=C15200E8 ecx=00000000 edx=00000000 esi=C0037954 edi=00000000 esp=C0EE89E8
  IRQS raised 219918 22 0 0 741 0 18 0 | acked 219828 22 0 0 741 0 18 0
HEARTBEAT [0028:C0003242] cpl=0 pm=1 v86=0 if=0 pic imr=A8 isr=00 irr=00 | 85 C0 74 09 85 48 08 74 05 8B D0 EB F0 C3 85 F6 | eax=00000000 ebx=C15200E8 ecx=800002C3 edx=C0FCEB10 esi=00000000 edi=C0FFE374 esp=C0EE89E0
  IRQS raised 220064 22 0 0 741 0 18 0 | acked 219974 22 0 0 741 0 18 0
HEARTBEAT [0028:C000131C] cpl=0 pm=1 v86=0 if=0 pic imr=A8 isr=00 irr=00 | 8A 43 1F F6 D0 D0 E0 22 47 73 24 40 C0 E8 03 08 | eax=00000000 ebx=C15200E8 ecx=00000000 edx=C0FCEB10 esi=C0037954 edi=C0FFE374 esp=C0EE89F4
  IRQS raised 220210 22 0 0 741 0 18 0 | acked 220120 22 0 0 741 0 18 0
HEARTBEAT [0028:C00372D6] cpl=0 pm=1 v86=0 if=1 pic imr=A8 isr=00 irr=00 | 9D C3 0C 70 E6 18 EB 00 E4 1A 88 46 31 51 8A C8 | eax=006338E3 ebx=C15200E8 ecx=00000000 edx=00000000 esi=000FECAC edi=00000000 esp=C0EE89E4
  IRQS raised 220355 22 0 0 741 0 18 0 | acked 220265 22 0 0 741 0 18 0
HEARTBEAT [0028:C0003242] cpl=0 pm=1 v86=0 if=0 pic imr=A8 isr=00 irr=00 | 85 C0 74 09 85 48 08 74 05 8B D0 EB F0 C3 85 F6 | eax=C0FCEE70 ebx=C15200E8 ecx=800002C3 edx=C10CD748 esi=00000000 edi=C0FFE374 esp=C0EE89E0
  IRQS raised 220501 22 0 0 741 0 18 0 | acked 220411 22 0 0 741 0 18 0
HEARTBEAT [0028:C0035C86] cpl=0 pm=1 v86=0 if=0 pic imr=A8 isr=00 irr=00 | B0 00 08 05 61 7A 03 C0 8A 0D 60 79 03 C0 80 E1 | eax=00633800 ebx=C15200E8 ecx=00000001 edx=00000000 esi=000FECB4 edi=00000000 esp=C0EE89B8
  IRQS raised 220647 22 0 0 741 0 18 0 | acked 220557 22 0 0 741 0 18 0
HEARTBEAT [0028:C0036731] cpl=0 pm=1 v86=0 if=1 pic imr=A8 isr=00 irr=00 | 22 46 07 74 3E 0F B6 C0 0F BC C8 74 36 0F B3 C8 | eax=00000000 ebx=C15200E8 ecx=00000000 edx=00000000 esi=C003795C edi=00000000 esp=C0EE89C0
  IRQS raised 220792 22 0 0 741 0 18 0 | acked 220702 22 0 0 741 0 18 0
HEARTBEAT [0028:C000318D] cpl=0 pm=1 v86=0 if=0 pic imr=A8 isr=00 irr=00 | 75 ED 51 B9 E3 02 00 80 F6 45 2D 02 74 0D 80 E5 | eax=00000000 ebx=C15200E8 ecx=00000000 edx=C00377D4 esi=00000000 edi=C0FFE374 esp=C0EE89EC
  IRQS raised 220938 22 0 0 741 0 18 0 | acked 220848 22 0 0 741 0 18 0
HEARTBEAT [0028:C00372BC] cpl=0 pm=1 v86=0 if=0 pic imr=A8 isr=00 irr=00 | 9D 50 BE 54 79 03 C0 E8 69 F4 FF FF 58 8A C4 BE | eax=00000000 ebx=C15200E8 ecx=00000000 edx=00000000 esi=000FECB4 edi=00000000 esp=C0EE89C0
  IRQS raised 221084 22 0 0 741 0 18 0 | acked 220994 22 0 0 741 0 18 0
HEARTBEAT [0028:C0003246] cpl=0 pm=1 v86=0 if=0 pic imr=A8 isr=00 irr=00 | 85 48 08 74 05 8B D0 EB F0 C3 85 F6 74 05 85 70 | eax=C0FCEF4C ebx=C15200E8 ecx=800002C3 edx=C10CD720 esi=00000000 edi=C0FFE374 esp=C0EE89E0
  IRQS raised 221229 22 0 0 741 0 18 0 | acked 221139 22 0 0 741 0 18 0
HEARTBEAT [0028:C0003244] cpl=0 pm=1 v86=0 if=0 pic imr=A8 isr=00 irr=00 | 74 09 85 48 08 74 05 8B D0 EB F0 C3 85 F6 74 05 | eax=C0FCEB10 ebx=C15200E8 ecx=800002C3 edx=C0FCEB48 esi=00000000 edi=C0FFE374 esp=C0EE89E0
  IRQS raised 221375 22 0 0 741 0 18 0 | acked 221285 22 0 0 741 0 18 0
HEARTBEAT [0028:C00372D6] cpl=0 pm=1 v86=0 if=1 pic imr=A8 isr=00 irr=00 | 9D C3 0C 70 E6 18 EB 00 E4 1A 88 46 31 51 8A C8 | eax=006338E3 ebx=C15200E8 ecx=00000000 edx=00000000 esi=000FECAC edi=00000000 esp=C0EE89E4
  IRQS raised 221520 22 0 0 741 0 18 0 | acked 221430 22 0 0 741 0 18 0
HEARTBEAT [0028:C00372A6] cpl=0 pm=1 v86=0 if=1 pic imr=A8 isr=00 irr=00 | 60 9C FA E8 BE E9 FF FF 33 C0 86 05 60 7A 03 C0 | eax=00633838 ebx=C15200E8 ecx=00000000 edx=00000000 esi=000FECB4 edi=00000000 esp=C0EE89E4
  IRQS raised 221666 22 0 0 741 0 18 0 | acked 221576 22 0 0 741 0 18 0
HEARTBEAT [0028:C00372A5] cpl=0 pm=1 v86=0 if=1 pic imr=A8 isr=00 irr=00 | 9C 60 9C FA E8 BE E9 FF FF 33 C0 86 05 60 7A 03 | eax=006338E3 ebx=C15200E8 ecx=00000000 edx=00000000 esi=000FECAC edi=00000000 esp=C0EE89E8
  IRQS raised 221812 22 0 0 741 0 18 0 | acked 221722 22 0 0 741 0 18 0
HEARTBEAT [0028:C0003DBE] cpl=0 pm=1 v86=0 if=1 pic imr=A8 isr=00 irr=00 | 75 0D 33 C9 FF 14 BD 70 ED 00 C0 88 45 1C C3 68 | eax=00633838 ebx=C15200E8 ecx=000000E4 edx=00000000 esi=000FECB4 edi=00000000 esp=C0EE89F0
  IRQS raised 221957 22 0 0 741 0 18 0 | acked 221867 22 0 0 741 0 18 0
HEARTBEAT [0028:C00372D5] cpl=0 pm=1 v86=0 if=1 pic imr=A8 isr=00 irr=00 | 61 9D C3 0C 70 E6 18 EB 00 E4 1A 88 46 31 51 8A | eax=00000000 ebx=C15200E8 ecx=00000000 edx=00000000 esi=C003795C edi=00000000 esp=C0EE89C4
  IRQS raised 222103 22 0 0 741 0 18 0 | acked 222013 22 0 0 741 0 18 0
HEARTBEAT [0028:C003714B] cpl=0 pm=1 v86=0 if=1 pic imr=A8 isr=00 irr=00 | 57 E8 38 F4 FF FF 5F 5B E8 CA EA FF FF 66 F7 40 | eax=006338E3 ebx=C15200E8 ecx=00000000 edx=00000001 esi=C0037954 edi=C159F9AC esp=C0EE89E8
  IRQS raised 222249 22 0 0 741 0 18 0 | acked 222159 22 0 0 741 0 18 0
HEARTBEAT [0028:C00020B9] cpl=0 pm=1 v86=0 if=1 pic imr=A8 isr=00 irr=00 | 8B 4D 24 C1 E6 04 89 4F A8 03 F1 66 8B 0E 0F B6 | eax=006338E3 ebx=C15200E8 ecx=C0FF102E edx=00634240 esi=0000F000 edi=C0FFE374 esp=C0EE89F0
  IRQS raised 222394 22 0 0 741 0 18 0 | acked 222304 22 0 0 741 0 18 0
HEARTBEAT [0028:C00372D5] cpl=0 pm=1 v86=0 if=1 pic imr=A8 isr=00 irr=00 | 61 9D C3 0C 70 E6 18 EB 00 E4 1A 88 46 31 51 8A | eax=00000000 ebx=C15200E8 ecx=00000000 edx=00000000 esi=C003795C edi=00000000 esp=C0EE89C4
  IRQS raised 222540 22 0 0 741 0 18 0 | acked 222450 22 0 0 741 0 18 0
HEARTBEAT [0028:C0003242] cpl=0 pm=1 v86=0 if=0 pic imr=A8 isr=00 irr=00 | 85 C0 74 09 85 48 08 74 05 8B D0 EB F0 C3 85 F6 | eax=C0FCEF14 ebx=C15200E8 ecx=800002C3 edx=C0FCEE70 esi=00000000 edi=C0FFE374 esp=C0EE89E0
  IRQS raised 222686 22 0 0 741 0 18 0 | acked 222596 22 0 0 741 0 18 0
HEARTBEAT [0028:C0035C2A] cpl=0 pm=1 v86=0 if=1 pic imr=A8 isr=00 irr=00 | 76 02 04 04 6B C0 34 05 B4 77 03 C0 C3 50 51 52 | eax=00000000 ebx=C15200E8 ecx=00000000 edx=00000001 esi=C0037954 edi=C159F9AC esp=C0EE89E8
  IRQS raised 222831 22 0 0 741 0 18 0 | acked 222741 22 0 0 741 0 18 0
HEARTBEAT [0028:C0035C75] cpl=0 pm=1 v86=0 if=0 pic imr=A8 isr=00 irr=00 | 8A 0D 58 79 03 C0 80 E1 0F 0A C8 88 0D 58 79 03 | eax=00633800 ebx=C15200E8 ecx=00000000 edx=00000000 esi=000FECAC edi=00000000 esp=C0EE89B8
  IRQS raised 222977 22 0 0 741 0 18 0 | acked 222887 22 0 0 741 0 18 0
HEARTBEAT [0028:C000130B] cpl=0 pm=1 v86=0 if=1 pic imr=A8 isr=00 irr=00 | 8B 3D A8 06 01 C0 FA 33 C0 3B 05 F0 E9 00 C0 75 | eax=390000E3 ebx=C15200E8 ecx=00000000 edx=C00377D4 esi=C0037954 edi=C159F9AC esp=C0EE89F4
  IRQS raised 223123 22 0 0 741 0 18 0 | acked 223033 22 0 0 741 0 18 0
HEARTBEAT [0028:C0003DD8] cpl=0 pm=1 v86=0 if=1 pic imr=A8 isr=00 irr=00 | 0F B6 D5 EB C9 2E 8B C0 FF 45 24 0F B7 D2 8B FA | eax=00633838 ebx=C15200E8 ecx=000000E4 edx=00634240 esi=000FECB4 edi=000000E4 esp=C0EE89F0
  IRQS raised 223268 22 0 0 741 0 18 0 | acked 223178 22 0 0 741 0 18 0
HEARTBEAT [0028:C00020B4] cpl=0 pm=1 v86=0 if=0 pic imr=A8 isr=00 irr=00 | FB 0F B7 75 28 8B 4D 24 C1 E6 04 89 4F A8 03 F1 | eax=006338E3 ebx=C15200E8 ecx=C0FF102E edx=00634240 esi=00000034 edi=C0FFE374 esp=C0EE89F0
  IRQS raised 223414 22 0 0 741 0 18 0 | acked 223324 22 0 0 741 0 18 0
HEARTBEAT [0028:C000324D] cpl=0 pm=1 v86=0 if=0 pic imr=A8 isr=00 irr=00 | EB F0 C3 85 F6 74 05 85 70 08 74 F2 F7 40 08 00 | eax=C0FCEF14 ebx=C15200E8 ecx=800002C3 edx=C0FCEF14 esi=00000000 edi=C0FFE374 esp=C0EE89E0
  IRQS raised 223560 22 0 0 741 0 18 0 | acked 223470 22 0 0 741 0 18 0
HEARTBEAT [0028:C0003DBE] cpl=0 pm=1 v86=0 if=1 pic imr=A8 isr=00 irr=00 | 75 0D 33 C9 FF 14 BD 70 ED 00 C0 88 45 1C C3 68 | eax=006338E3 ebx=C15200E8 ecx=000000E4 edx=00000000 esi=000FECAC edi=00000000 esp=C0EE89F0
  IRQS raised 223705 22 0 0 741 0 18 0 | acked 223615 22 0 0 741 0 18 0
HEARTBEAT [0028:C0036E8E] cpl=0 pm=1 v86=0 if=1 pic imr=A8 isr=00 irr=00 | BE 54 79 03 C0 66 8B CA 66 83 F9 0F 76 0B 66 81 | eax=006338E3 ebx=C15200E8 ecx=00000000 edx=00000000 esi=000FECAC edi=00000000 esp=C0EE89E8
  IRQS raised 223851 22 0 0 741 0 18 0 | acked 223761 22 0 0 741 0 18 0
HEARTBEAT [0028:C0036E9A] cpl=0 pm=1 v86=0 if=1 pic imr=A8 isr=00 irr=00 | 76 0B 66 81 E9 C0 00 66 D1 E9 83 C6 08 D0 E9 80 | eax=00633838 ebx=C15200E8 ecx=00000000 edx=00000000 esi=C0037954 edi=00000000 esp=C0EE89E8
  IRQS raised 223997 22 0 0 741 0 18 0 | acked 223907 22 0 0 741 0 18 0
HEARTBEAT [0028:C0003DD4] cpl=0 pm=1 v86=0 if=1 pic imr=A8 isr=00 irr=00 | 83 45 24 02 0F B6 D5 EB C9 2E 8B C0 FF 45 24 0F | eax=00633838 ebx=C15200E8 ecx=000000E4 edx=00634240 esi=000FECB4 edi=000000E4 esp=C0EE89F0
  IRQS raised 224142 22 0 0 741 0 18 0 | acked 224052 22 0 0 741 0 18 0
HEARTBEAT [0028:C0003249] cpl=0 pm=1 v86=0 if=0 pic imr=A8 isr=00 irr=00 | 74 05 8B D0 EB F0 C3 85 F6 74 05 85 70 08 74 F2 | eax=C0FCEAD8 ebx=C15200E8 ecx=800002C3 edx=C0FCEAA0 esi=00000000 edi=C0FFE374 esp=C0EE89E0
  IRQS raised 224288 22 0 0 741 0 18 0 | acked 224198 22 0 0 741 0 18 0
HEARTBEAT [0028:C00012CB] cpl=0 pm=1 v86=0 if=0 pic imr=A8 isr=00 irr=00 | 0F 84 9F 00 00 00 8E DF 8E C7 8B 3D A8 06 01 C0 | eax=006338E3 ebx=00000001 ecx=C0FF102E edx=00634240 esi=00000034 edi=00630030 esp=C0EE8F70
  IRQS raised 224434 22 0 0 741 0 18 0 | acked 224344 22 0 0 741 0 18 0
HEARTBEAT [0028:C0036EA7] cpl=0 pm=1 v86=0 if=1 pic imr=A8 isr=00 irr=00 | D0 E9 80 F9 04 72 02 33 C9 C3 8B 3D B0 77 03 C0 | eax=006338E3 ebx=C15200E8 ecx=00000000 edx=00000000 esi=C0037954 edi=00000000 esp=C0EE89E8
  IRQS raised 224579 22 0 0 741 0 18 0 | acked 224489 22 0 0 741 0 18 0
HEARTBEAT [0028:C000318D] cpl=0 pm=1 v86=0 if=0 pic imr=A8 isr=00 irr=00 | 75 ED 51 B9 E3 02 00 80 F6 45 2D 02 74 0D 80 E5 | eax=00000000 ebx=C15200E8 ecx=00000000 edx=C00377D4 esi=00000000 edi=C0FFE374 esp=C0EE89EC
  IRQS raised 224725 22 0 0 741 0 18 0 | acked 224635 22 0 0 741 0 18 0
HEARTBEAT [0028:C0003DC9] cpl=0 pm=1 v86=0 if=1 pic imr=A8 isr=00 irr=00 | 88 45 1C C3 68 C0 3D 00 C0 EB 98 83 45 24 02 0F | eax=0000E339 ebx=C15200E8 ecx=00000000 edx=C00377D4 esi=C0037954 edi=C159F9AC esp=C0EE89F0
  IRQS raised 224870 22 0 0 741 0 18 0 | acked 224780 22 0 0 741 0 18 0
HEARTBEAT [0028:C0003249] cpl=0 pm=1 v86=0 if=0 pic imr=A8 isr=00 irr=00 | 74 05 8B D0 EB F0 C3 85 F6 74 05 85 70 08 74 F2 | eax=C0FCEF4C ebx=C15200E8 ecx=800002C3 edx=C10CD720 esi=00000000 edi=C0FFE374 esp=C0EE89E0
  IRQS raised 225016 22 0 0 741 0 18 0 | acked 224926 22 0 0 741 0 18 0
HEARTBEAT [0028:C0037139] cpl=0 pm=1 v86=0 if=1 pic imr=A8 isr=00 irr=00 | E8 73 FD FF FF 42 83 FA 0F 76 01 42 80 3F 00 75 | eax=00633838 ebx=C15200E8 ecx=00000000 edx=00000000 esi=C0037954 edi=00000000 esp=C0EE89EC
  IRQS raised 225162 22 0 0 741 0 18 0 | acked 225072 22 0 0 741 0 18 0
HEARTBEAT [0028:C000134D] cpl=0 pm=1 v86=0 if=0 pic imr=A8 isr=00 irr=00 | 83 C4 04 CF 2E 8B C0 E8 26 1E 00 00 74 C1 68 00 | eax=006338E3 ebx=00000001 ecx=C0FF102E edx=00634240 esi=00630001 edi=00630000 esp=C0EE8F90
  IRQS raised 225307 22 0 0 741 0 18 0 | acked 225217 22 0 0 741 0 18 0
HEARTBEAT [0028:C00012B0] cpl=0 pm=1 v86=0 if=0 pic imr=A8 isr=00 irr=00 | 60 BE 34 00 00 00 EB 08 60 BE 38 00 00 00 8B F6 | eax=006338E3 ebx=00000001 ecx=C0FF102E edx=00634240 esi=00630001 edi=00630000 esp=C0EE8F90
  IRQS raised 225453 22 0 0 741 0 18 0 | acked 225363 22 0 0 741 0 18 0
HEARTBEAT [0028:C0003231] cpl=0 pm=1 v86=0 if=0 pic imr=A8 isr=00 irr=00 | 5D 59 5E C3 8B D5 8B 42 FC EB F5 8D 50 04 8B 42 | eax=00000000 ebx=C15200E8 ecx=800002C3 edx=C0FCEB10 esi=00000000 edi=C0FFE374 esp=C0EE89E4
  IRQS raised 225599 22 0 0 741 0 18 0 | acked 225509 22 0 0 741 0 18 0
HEARTBEAT [0028:C0003DD4] cpl=0 pm=1 v86=0 if=1 pic imr=A8 isr=00 irr=00 | 83 45 24 02 0F B6 D5 EB C9 2E 8B C0 FF 45 24 0F | eax=00633838 ebx=C15200E8 ecx=000000E4 edx=00634240 esi=000FECB4 edi=000000E4 esp=C0EE89F0
  IRQS raised 225744 22 0 0 741 0 18 0 | acked 225654 22 0 0 741 0 18 0
HEARTBEAT [0028:C00031B2] cpl=0 pm=1 v86=0 if=0 pic imr=A8 isr=00 irr=00 | 75 1D 8B 50 30 3B 1D 20 07 01 C0 75 04 85 D2 75 | eax=C00106D4 ebx=C15200E8 ecx=800002E3 edx=C0FFE374 esi=00000000 edi=C0FFE374 esp=C0EE89E8
  IRQS raised 225890 22 0 0 741 0 18 0 | acked 225800 22 0 0 741 0 18 0
HEARTBEAT [0028:C0037173] cpl=0 pm=1 v86=0 if=1 pic imr=A8 isr=00 irr=00 | 8B 04 02 0F A3 0E 73 02 D1 E8 C3 FF 15 4C 7A 03 | eax=00000000 ebx=C15200E8 ecx=00000000 edx=C00377D4 esi=C0037954 edi=C159F9AC esp=C0EE89EC
  IRQS raised 226036 22 0 0 741 0 18 0 | acked 225946 22 0 0 741 0 18 0
HEARTBEAT [0028:C0036774] cpl=0 pm=1 v86=0 if=1 pic imr=A8 isr=00 irr=00 | C3 CD 20 12 80 04 00 8B 08 FF 15 D8 76 03 C0 F6 | eax=00000000 ebx=C15200E8 ecx=00000000 edx=00000000 esi=C0037954 edi=00000000 esp=C0EE89BC
  IRQS raised 226181 22 0 0 741 0 18 0 | acked 226091 22 0 0 741 0 18 0
HEARTBEAT [0028:C0001348] cpl=0 pm=1 v86=0 if=0 pic imr=A8 isr=00 irr=00 | 88 44 24 2D 61 83 C4 04 CF 2E 8B C0 E8 26 1E 00 | eax=00000000 ebx=C15200E8 ecx=00000000 edx=C0FCEB10 esi=C0037954 edi=C0FFE374 esp=C0EE8F70
  IRQS raised 226327 22 0 0 741 0 18 0 | acked 226237 22 0 0 741 0 18 0
HEARTBEAT [0028:C00031F2] cpl=0 pm=1 v86=0 if=0 pic imr=A8 isr=00 irr=00 | 0C DF 22 C8 55 33 ED 66 83 3D F0 E9 00 C0 00 74 | eax=C0010600 ebx=C15200E8 ecx=800002E3 edx=C0FFE374 esi=00000000 edi=C0FFE374 esp=C0EE89E8
  IRQS raised 226473 22 0 0 741 0 18 0 | acked 226383 22 0 0 741 0 18 0
HEARTBEAT [0028:C0003244] cpl=0 pm=1 v86=0 if=0 pic imr=A8 isr=00 irr=00 | 74 09 85 48 08 74 05 8B D0 EB F0 C3 85 F6 74 05 | eax=C0FCEEBC ebx=C15200E8 ecx=800002C3 edx=C0FCEF4C esi=00000000 edi=C0FFE374 esp=C0EE89E0
  IRQS raised 226618 22 0 0 741 0 18 0 | acked 226528 22 0 0 741 0 18 0
HEARTBEAT [0028:C0003242] cpl=0 pm=1 v86=0 if=0 pic imr=A8 isr=00 irr=00 | 85 C0 74 09 85 48 08 74 05 8B D0 EB F0 C3 85 F6 | eax=C0FCEAA0 ebx=C15200E8 ecx=800002C3 edx=C0FCEEBC esi=00000000 edi=C0FFE374 esp=C0EE89E0
  IRQS raised 226764 22 0 0 741 0 18 0 | acked 226674 22 0 0 741 0 18 0
HEARTBEAT [0028:C0003DA6] cpl=0 pm=1 v86=0 if=1 pic imr=A8 isr=00 irr=00 | 8B FA D0 C2 32 D6 0F B6 D2 8D 14 52 D1 EA 87 D7 | eax=00633838 ebx=C15200E8 ecx=000000E4 edx=00000000 esi=000FECB4 edi=000000E4 esp=C0EE89F0
  IRQS raised 226910 22 0 0 741 0 18 0 | acked 226820 22 0 0 741 0 18 0
HEARTBEAT [0028:C000323C] cpl=0 pm=1 v86=0 if=0 pic imr=A8 isr=00 irr=00 | 8D 50 04 8B 42 FC 85 C0 74 09 85 48 08 74 05 8B | eax=C10CD71C ebx=C15200E8 ecx=800002C3 edx=C0FFE374 esi=00000000 edi=C0FFE374 esp=C0EE89E0
  IRQS raised 227055 22 0 0 741 0 18 0 | acked 226965 22 0 0 741 0 18 0
HEARTBEAT [0028:C0035C2E] cpl=0 pm=1 v86=0 if=1 pic imr=A8 isr=00 irr=00 | 6B C0 34 05 B4 77 03 C0 C3 50 51 52 81 78 24 00 | eax=00000000 ebx=C15200E8 ecx=00000000 edx=00000001 esi=C0037954 edi=C159F9AC esp=C0EE89E8
  IRQS raised 227201 22 0 0 741 0 18 0 | acked 227111 22 0 0 741 0 18 0
HEARTBEAT [0028:C000324D] cpl=0 pm=1 v86=0 if=0 pic imr=A8 isr=00 irr=00 | EB F0 C3 85 F6 74 05 85 70 08 74 F2 F7 40 08 00 | eax=C0FCEAA0 ebx=C15200E8 ecx=800002C3 edx=C0FCEAA0 esi=00000000 edi=C0FFE374 esp=C0EE89E0
  IRQS raised 227347 22 0 0 741 0 18 0 | acked 227257 22 0 0 741 0 18 0
HEARTBEAT [0028:C0035C6F] cpl=0 pm=1 v86=0 if=0 pic imr=A8 isr=00 irr=00 | 08 05 60 7A 03 C0 8A 0D 58 79 03 C0 80 E1 0F 0A | eax=00633800 ebx=C15200E8 ecx=00000000 edx=00000000 esi=000FECAC edi=00000000 esp=C0EE89B8
  IRQS raised 227492 22 0 0 741 0 18 0 | acked 227402 22 0 0 741 0 18 0
HEARTBEAT [0028:C00012E9] cpl=0 pm=1 v86=0 if=0 pic imr=A8 isr=00 irr=00 | 68 00 13 00 C0 FF A6 2C F4 00 C0 2E 8B C0 2E 8B | eax=006338E3 ebx=C15200E8 ecx=C0FF102E edx=00634240 esi=00000034 edi=C0FFE374 esp=C0EE89F4
  IRQS raised 227638 22 0 0 741 0 18 0 | acked 227548 22 0 0 741 0 18 0
HEARTBEAT [0028:C00372BD] cpl=0 pm=1 v86=0 if=1 pic imr=A8 isr=00 irr=00 | 50 BE 54 79 03 C0 E8 69 F4 FF FF 58 8A C4 BE 5C | eax=00000000 ebx=C15200E8 ecx=00000000 edx=00000000 esi=000FECAC edi=00000000 esp=C0EE89C4
  IRQS raised 227784 22 0 0 741 0 18 0 | acked 227694 22 0 0 741 0 18 0
HEARTBEAT [0028:C003713E] cpl=0 pm=1 v86=0 if=1 pic imr=A8 isr=00 irr=00 | 42 83 FA 0F 76 01 42 80 3F 00 75 09 53 57 E8 38 | eax=00633838 ebx=C15200E8 ecx=00000000 edx=00000000 esi=C0037954 edi=C159F9AC esp=C0EE89EC
  IRQS raised 227929 22 0 0 741 0 18 0 | acked 227839 22 0 0 741 0 18 0
HEARTBEAT [0028:C0003DD4] cpl=0 pm=1 v86=0 if=1 pic imr=A8 isr=00 irr=00 | 83 45 24 02 0F B6 D5 EB C9 2E 8B C0 FF 45 24 0F | eax=006338E3 ebx=C15200E8 ecx=000000E4 edx=00634240 esi=000FECAC edi=000000E4 esp=C0EE89F0
  IRQS raised 228075 22 0 0 741 0 18 0 | acked 227985 22 0 0 741 0 18 0
HEARTBEAT [0028:C0035CA6] cpl=0 pm=1 v86=0 if=0 pic imr=A8 isr=00 irr=00 | 59 C3 B8 00 04 00 00 F8 C3 A1 48 7A 03 C0 C3 E8 | eax=00000000 ebx=C15200E8 ecx=00000000 edx=00000000 esi=000FECB4 edi=00000000 esp=C0EE89B8
  IRQS raised 228220 22 0 0 741 0 18 0 | acked 228130 22 0 0 741 0 18 0
HEARTBEAT [0028:C00012D1] cpl=0 pm=1 v86=0 if=0 pic imr=A8 isr=00 irr=00 | 8E DF 8E C7 8B 3D A8 06 01 C0 87 67 4C 3D 55 66 | eax=006338E3 ebx=00000001 ecx=C0FF102E edx=00634240 esi=00000034 edi=00630030 esp=C0EE8F70
  IRQS raised 228366 22 0 0 741 0 18 0 | acked 228276 22 0 0 741 0 18 0
HEARTBEAT [0028:C00012B1] cpl=0 pm=1 v86=0 if=0 pic imr=A8 isr=00 irr=00 | BE 34 00 00 00 EB 08 60 BE 38 00 00 00 8B F6 FC | eax=006338E3 ebx=00000001 ecx=C0FF102E edx=00634240 esi=00630001 edi=00630000 esp=C0EE8F70
  IRQS raised 228512 22 0 0 741 0 18 0 | acked 228422 22 0 0 741 0 18 0
HEARTBEAT [0028:C0003234] cpl=0 pm=1 v86=0 if=0 pic imr=A8 isr=00 irr=00 | C3 8B D5 8B 42 FC EB F5 8D 50 04 8B 42 FC 85 C0 | eax=00000000 ebx=C15200E8 ecx=00000000 edx=C0FCEB10 esi=C0037954 edi=C0FFE374 esp=C0EE89F0
  IRQS raised 228657 22 0 0 741 0 18 0 | acked 228567 22 0 0 741 0 18 0
HEARTBEAT [0028:C0036734] cpl=0 pm=1 v86=0 if=1 pic imr=A8 isr=00 irr=00 | 74 3E 0F B6 C0 0F BC C8 74 36 0F B3 C8 50 E8 DB | eax=00000000 ebx=C15200E8 ecx=00000000 edx=00000000 esi=C0037954 edi=00000000 esp=C0EE89BC
  IRQS raised 228803 22 0 0 741 0 18 0 | acked 228713 22 0 0 741 0 18 0
HEARTBEAT [0028:C0036731] cpl=0 pm=1 v86=0 if=1 pic imr=A8 isr=00 irr=00 | 22 46 07 74 3E 0F B6 C0 0F BC C8 74 36 0F B3 C8 | eax=00000000 ebx=C15200E8 ecx=00000000 edx=00000000 esi=C003795C edi=00000000 esp=C0EE89C0
  IRQS raised 228949 22 0 0 741 0 18 0 | acked 228859 22 0 0 741 0 18 0
HEARTBEAT [0028:C0037170] cpl=0 pm=1 v86=0 if=1 pic imr=A8 isr=00 irr=00 | 80 37 01 8B 04 02 0F A3 0E 73 02 D1 E8 C3 FF 15 | eax=00000001 ebx=C15200E8 ecx=00000000 edx=C00377D4 esi=C0037954 edi=C159F9AC esp=C0EE89EC
  IRQS raised 229094 22 0 0 741 0 18 0 | acked 229004 22 0 0 741 0 18 0
HEARTBEAT [0028:C00020B9] cpl=0 pm=1 v86=0 if=1 pic imr=A8 isr=00 irr=00 | 8B 4D 24 C1 E6 04 89 4F A8 03 F1 66 8B 0E 0F B6 | eax=00633838 ebx=C15200E8 ecx=C0FF102E edx=00634240 esi=0000F000 edi=C0FFE374 esp=C0EE89F0
  IRQS raised 229240 22 0 0 741 0 18 0 | acked 229150 22 0 0 741 0 18 0
HEARTBEAT [0028:C00012D1] cpl=0 pm=1 v86=0 if=0 pic imr=A8 isr=00 irr=00 | 8E DF 8E C7 8B 3D A8 06 01 C0 87 67 4C 3D 55 66 | eax=006338E3 ebx=00000001 ecx=C0FF102E edx=00634240 esi=00000034 edi=00630030 esp=C0EE8F70
  IRQS raised 229386 22 0 0 741 0 18 0 | acked 229296 22 0 0 741 0 18 0
HEARTBEAT [0028:C0035C9F] cpl=0 pm=1 v86=0 if=0 pic imr=A8 isr=00 irr=00 | 0F B7 05 60 7A 03 C0 59 C3 B8 00 04 00 00 F8 C3 | eax=00633800 ebx=C15200E8 ecx=00000000 edx=00000000 esi=000FECB4 edi=00000000 esp=C0EE89B8
  IRQS raised 229531 22 0 0 741 0 18 0 | acked 229441 22 0 0 741 0 18 0
HEARTBEAT [0028:C00372B6] cpl=0 pm=1 v86=0 if=0 pic imr=A8 isr=00 irr=00 | 86 25 61 7A 03 C0 9D 50 BE 54 79 03 C0 E8 69 F4 | eax=00000000 ebx=C15200E8 ecx=00000000 edx=00000000 esi=000FECAC edi=00000000 esp=C0EE89C0
  IRQS raised 229677 22 0 0 741 0 18 0 | acked 229587 22 0 0 741 0 18 0
HEARTBEAT [0028:C000318D] cpl=0 pm=1 v86=0 if=0 pic imr=A8 isr=00 irr=00 | 75 ED 51 B9 E3 02 00 80 F6 45 2D 02 74 0D 80 E5 | eax=00000000 ebx=C15200E8 ecx=00000000 edx=C00377D4 esi=00000000 edi=C0FFE374 esp=C0EE89EC
  IRQS raised 229823 22 0 0 741 0 18 0 | acked 229733 22 0 0 741 0 18 0
HEARTBEAT [0028:C000324D] cpl=0 pm=1 v86=0 if=0 pic imr=A8 isr=00 irr=00 | EB F0 C3 85 F6 74 05 85 70 08 74 F2 F7 40 08 00 | eax=C0FCEB48 ebx=C15200E8 ecx=800002C3 edx=C0FCEB48 esi=00000000 edi=C0FFE374 esp=C0EE89E0
  IRQS raised 229968 22 0 0 741 0 18 0 | acked 229878 22 0 0 741 0 18 0
HEARTBEAT [0028:C000131A] cpl=0 pm=1 v86=0 if=0 pic imr=A8 isr=00 irr=00 | 75 38 8A 43 1F F6 D0 D0 E0 22 47 73 24 40 C0 E8 | eax=00000000 ebx=C15200E8 ecx=00000000 edx=C00377D4 esi=C0037954 edi=C0FFE374 esp=C0EE89F4
  IRQS raised 230114 22 0 0 741 0 18 0 | acked 230024 22 0 0 741 0 18 0
HEARTBEAT [0028:C0003221] cpl=0 pm=1 v86=0 if=0 pic imr=A8 isr=00 irr=00 | 74 08 8B 47 6C E8 11 00 00 00 85 ED 75 06 33 C0 | eax=00000000 ebx=C15200E8 ecx=800002C3 edx=C0FCEB10 esi=00000000 edi=C0FFE374 esp=C0EE89E4
  IRQS raised 230260 22 0 0 741 0 18 0 | acked 230170 22 0 0 741 0 18 0
HEARTBEAT [0028:C000321C] cpl=0 pm=1 v86=0 if=0 pic imr=A8 isr=00 irr=00 | 66 83 7F 68 00 74 08 8B 47 6C E8 11 00 00 00 85 | eax=00000000 ebx=C15200E8 ecx=800002C3 edx=C0FCEB10 esi=00000000 edi=C0FFE374 esp=C0EE89E4
  IRQS raised 230405 22 0 0 741 0 18 0 | acked 230315 22 0 0 741 0 18 0
HEARTBEAT [0028:C00012D5] cpl=0 pm=1 v86=0 if=0 pic imr=A8 isr=00 irr=00 | 8B 3D A8 06 01 C0 87 67 4C 3D 55 66 22 00 8B 1D | eax=006338E3 ebx=00000001 ecx=C0FF102E edx=00634240 esi=00000034 edi=00630030 esp=C0EE8F70
  IRQS raised 230551 22 0 0 741 0 18 0 | acked 230461 22 0 0 741 0 18 0
HEARTBEAT [0028:C000324B] cpl=0 pm=1 v86=0 if=0 pic imr=A8 isr=00 irr=00 | 8B D0 EB F0 C3 85 F6 74 05 85 70 08 74 F2 F7 40 | eax=C0FCEAD8 ebx=C15200E8 ecx=800002C3 edx=C0FCEAA0 esi=00000000 edi=C0FFE374 esp=C0EE89E0
  IRQS raised 230697 22 0 0 741 0 18 0 | acked 230607 22 0 0 741 0 18 0
HEARTBEAT [0028:C0035C86] cpl=0 pm=1 v86=0 if=0 pic imr=A8 isr=00 irr=00 | B0 00 08 05 61 7A 03 C0 8A 0D 60 79 03 C0 80 E1 | eax=00633800 ebx=C15200E8 ecx=00000001 edx=00000000 esi=000FECAC edi=00000000 esp=C0EE89B8
  IRQS raised 230842 22 0 0 741 0 18 0 | acked 230752 22 0 0 741 0 18 0
HEARTBEAT [0028:C000131A] cpl=0 pm=1 v86=0 if=0 pic imr=A8 isr=00 irr=00 | 75 38 8A 43 1F F6 D0 D0 E0 22 47 73 24 40 C0 E8 | eax=00000000 ebx=C15200E8 ecx=00000000 edx=C00377D4 esi=C0037954 edi=C0FFE374 esp=C0EE89F4
  IRQS raised 230988 22 0 0 741 0 18 0 | acked 230898 22 0 0 741 0 18 0
HEARTBEAT [0028:C000131A] cpl=0 pm=1 v86=0 if=0 pic imr=A8 isr=00 irr=00 | 75 38 8A 43 1F F6 D0 D0 E0 22 47 73 24 40 C0 E8 | eax=00000000 ebx=C15200E8 ecx=00000000 edx=C00377D4 esi=C0037954 edi=C0FFE374 esp=C0EE89F4
  IRQS raised 231134 22 0 0 741 0 18 0 | acked 231044 22 0 0 741 0 18 0
HEARTBEAT [0028:C0036EC4] cpl=0 pm=1 v86=0 if=1 pic imr=A8 isr=00 irr=00 | C3 FF 15 4C 7A 03 C0 83 F9 04 76 06 CD 20 94 80 | eax=00633838 ebx=C15200E8 ecx=00000000 edx=00000000 esi=C0037954 edi=C159F9AC esp=C0EE89E8
  IRQS raised 231279 22 0 0 741 0 18 0 | acked 231189 22 0 0 741 0 18 0
HEARTBEAT [0028:C0003249] cpl=0 pm=1 v86=0 if=0 pic imr=A8 isr=00 irr=00 | 74 05 8B D0 EB F0 C3 85 F6 74 05 85 70 08 74 F2 | eax=C0FCEF14 ebx=C15200E8 ecx=800002C3 edx=C0FCEE70 esi=00000000 edi=C0FFE374 esp=C0EE89E0
  IRQS raised 231425 22 0 0 741 0 18 0 | acked 231335 22 0 0 741 0 18 0
HEARTBEAT [0028:C0036734] cpl=0 pm=1 v86=0 if=1 pic imr=A8 isr=00 irr=00 | 74 3E 0F B6 C0 0F BC C8 74 36 0F B3 C8 50 E8 DB | eax=00000000 ebx=C15200E8 ecx=00000000 edx=00000000 esi=C0037954 edi=00000000 esp=C0EE89BC
  IRQS raised 231570 22 0 0 741 0 18 0 | acked 231480 22 0 0 741 0 18 0
HEARTBEAT [0028:C00012D1] cpl=0 pm=1 v86=0 if=0 pic imr=A8 isr=00 irr=00 | 8E DF 8E C7 8B 3D A8 06 01 C0 87 67 4C 3D 55 66 | eax=006338E3 ebx=00000001 ecx=C0FF102E edx=00634240 esi=00000034 edi=00630030 esp=C0EE8F70
  IRQS raised 231716 22 0 0 741 0 18 0 | acked 231626 22 0 0 741 0 18 0
HEARTBEAT [0028:C0003212] cpl=0 pm=1 v86=0 if=0 pic imr=A8 isr=00 irr=00 | 74 08 8B 43 20 E8 20 00 00 00 66 83 7F 68 00 74 | eax=00000000 ebx=C15200E8 ecx=800002C3 edx=C0FCEAD8 esi=00000000 edi=C0FFE374 esp=C0EE89E4
  IRQS raised 231862 22 0 0 741 0 18 0 | acked 231772 22 0 0 741 0 18 0
HEARTBEAT [0028:C0003212] cpl=0 pm=1 v86=0 if=0 pic imr=A8 isr=00 irr=00 | 74 08 8B 43 20 E8 20 00 00 00 66 83 7F 68 00 74 | eax=00000000 ebx=C15200E8 ecx=800002C3 edx=C0FCEAD8 esi=00000000 edi=C0FFE374 esp=C0EE89E4
  IRQS raised 232007 22 0 0 741 0 18 0 | acked 231917 22 0 0 741 0 18 0
HEARTBEAT [0028:C00012B0] cpl=0 pm=1 v86=0 if=0 pic imr=A8 isr=00 irr=00 | 60 BE 34 00 00 00 EB 08 60 BE 38 00 00 00 8B F6 | eax=00633838 ebx=00000001 ecx=C0FF102E edx=00634240 esi=00630001 edi=00630000 esp=C0EE8F90
  IRQS raised 232153 22 0 0 741 0 18 0 | acked 232063 22 0 0 741 0 18 0
HEARTBEAT [0028:C0036731] cpl=0 pm=1 v86=0 if=1 pic imr=A8 isr=00 irr=00 | 22 46 07 74 3E 0F B6 C0 0F BC C8 74 36 0F B3 C8 | eax=00000000 ebx=C15200E8 ecx=00000000 edx=00000000 esi=C003795C edi=00000000 esp=C0EE89C0
  IRQS raised 232299 22 0 0 741 0 18 0 | acked 232209 22 0 0 741 0 18 0
HEARTBEAT [0028:C0003199] cpl=0 pm=1 v86=0 if=0 pic imr=A8 isr=00 irr=00 | 74 0D 80 E5 FD 8A 53 98 D0 D9 80 C2 FF D0 D1 B8 | eax=00000000 ebx=C15200E8 ecx=800002E3 edx=C00377D4 esi=00000000 edi=C0FFE374 esp=C0EE89E8
  IRQS raised 232444 22 0 0 741 0 18 0 | acked 232354 22 0 0 741 0 18 0
HEARTBEAT [0028:C000133B] cpl=0 pm=1 v86=0 if=0 pic imr=A8 isr=00 irr=00 | 8A 44 24 2D 0C 30 A8 02 75 03 22 43 99 88 44 24 | eax=00000000 ebx=C15200E8 ecx=00000000 edx=C0FCEB10 esi=C0037954 edi=C0FFE374 esp=C0EE8F70
  IRQS raised 232590 22 0 0 741 0 18 0 | acked 232500 22 0 0 741 0 18 0
HEARTBEAT [0028:C0035C75] cpl=0 pm=1 v86=0 if=0 pic imr=A8 isr=00 irr=00 | 8A 0D 58 79 03 C0 80 E1 0F 0A C8 88 0D 58 79 03 | eax=00633800 ebx=C15200E8 ecx=00000000 edx=00000000 esi=000FECB4 edi=00000000 esp=C0EE89B8
  IRQS raised 232736 22 0 0 741 0 18 0 | acked 232646 22 0 0 741 0 18 0
HEARTBEAT [0028:C0035C99] cpl=0 pm=1 v86=0 if=0 pic imr=A8 isr=00 irr=00 | 88 0D 60 79 03 C0 0F B7 05 60 7A 03 C0 59 C3 B8 | eax=00633800 ebx=C15200E8 ecx=00000000 edx=00000000 esi=000FECB4 edi=00000000 esp=C0EE89B8
  IRQS raised 232881 22 0 0 741 0 18 0 | acked 232791 22 0 0 741 0 18 0
HEARTBEAT [0028:C000132B] cpl=0 pm=1 v86=0 if=0 pic imr=A8 isr=00 irr=00 | 08 47 03 F6 03 20 75 79 3D 43 66 22 00 87 67 4C | eax=00000000 ebx=C15200E8 ecx=00000000 edx=C0FCEB10 esi=C0037954 edi=C0FFE374 esp=C0EE89F4
  IRQS raised 233027 22 0 0 741 0 18 0 | acked 232937 22 0 0 741 0 18 0
HEARTBEAT [0028:C000324D] cpl=0 pm=1 v86=0 if=0 pic imr=A8 isr=00 irr=00 | EB F0 C3 85 F6 74 05 85 70 08 74 F2 F7 40 08 00 | eax=C0FCEF14 ebx=C15200E8 ecx=800002C3 edx=C0FCEF14 esi=00000000 edi=C0FFE374 esp=C0EE89E0
  IRQS raised 233173 22 0 0 741 0 18 0 | acked 233083 22 0 0 741 0 18 0
HEARTBEAT [0028:C0003244] cpl=0 pm=1 v86=0 if=0 pic imr=A8 isr=00 irr=00 | 74 09 85 48 08 74 05 8B D0 EB F0 C3 85 F6 74 05 | eax=C0FCEAD8 ebx=C15200E8 ecx=800002C3 edx=C0FCEAA0 esi=00000000 edi=C0FFE374 esp=C0EE89E0
  IRQS raised 233318 22 0 0 741 0 18 0 | acked 233228 22 0 0 741 0 18 0
HEARTBEAT [0028:C0003184] cpl=0 pm=1 v86=0 if=0 pic imr=A8 isr=00 irr=00 | 8B 6B 08 39 05 F4 E9 00 C0 75 ED 51 B9 E3 02 00 | eax=00000000 ebx=C15200E8 ecx=00000000 edx=C00377D4 esi=00000000 edi=C0FFE374 esp=C0EE89EC
  IRQS raised 233464 22 0 0 741 0 18 0 | acked 233374 22 0 0 741 0 18 0
HEARTBEAT [0028:C00372CB] cpl=0 pm=1 v86=0 if=1 pic imr=A8 isr=00 irr=00 | BE 5C 79 03 C0 E8 5C F4 FF FF 61 9D C3 0C 70 E6 | eax=00000000 ebx=C15200E8 ecx=00000000 edx=00000000 esi=C0037954 edi=00000000 esp=C0EE89C4
  IRQS raised 233610 22 0 0 741 0 18 0 | acked 233520 22 0 0 741 0 18 0
HEARTBEAT [0028:C000324D] cpl=0 pm=1 v86=0 if=0 pic imr=A8 isr=00 irr=00 | EB F0 C3 85 F6 74 05 85 70 08 74 F2 F7 40 08 00 | eax=C0FCEEBC ebx=C15200E8 ecx=800002C3 edx=C0FCEEBC esi=00000000 edi=C0FFE374 esp=C0EE89E0
  IRQS raised 233755 22 0 0 741 0 18 0 | acked 233665 22 0 0 741 0 18 0
HEARTBEAT [0028:C00012B0] cpl=0 pm=1 v86=0 if=0 pic imr=A8 isr=00 irr=00 | 60 BE 34 00 00 00 EB 08 60 BE 38 00 00 00 8B F6 | eax=00633838 ebx=00000001 ecx=C0FF102E edx=00634240 esi=00630001 edi=00630000 esp=C0EE8F90
  IRQS raised 233901 22 0 0 741 0 18 0 | acked 233811 22 0 0 741 0 18 0
HEARTBEAT [0028:C0036E8E] cpl=0 pm=1 v86=0 if=1 pic imr=A8 isr=00 irr=00 | BE 54 79 03 C0 66 8B CA 66 83 F9 0F 76 0B 66 81 | eax=006338E3 ebx=C15200E8 ecx=00000000 edx=00000000 esi=000FECAC edi=00000000 esp=C0EE89E8
  IRQS raised 234047 22 0 0 741 0 18 0 | acked 233957 22 0 0 741 0 18 0
HEARTBEAT [0028:C0036E93] cpl=0 pm=1 v86=0 if=1 pic imr=A8 isr=00 irr=00 | 66 8B CA 66 83 F9 0F 76 0B 66 81 E9 C0 00 66 D1 | eax=00633838 ebx=C15200E8 ecx=00000000 edx=00000000 esi=C0037954 edi=00000000 esp=C0EE89E8
  IRQS raised 234192 22 0 0 741 0 18 0 | acked 234102 22 0 0 741 0 18 0
HEARTBEAT [0028:C000133B] cpl=0 pm=1 v86=0 if=0 pic imr=A8 isr=00 irr=00 | 8A 44 24 2D 0C 30 A8 02 75 03 22 43 99 88 44 24 | eax=00000000 ebx=C15200E8 ecx=00000000 edx=C0FCEB10 esi=C0037954 edi=C0FFE374 esp=C0EE8F70
  IRQS raised 234338 22 0 0 741 0 18 0 | acked 234248 22 0 0 741 0 18 0
HEARTBEAT [0028:C003714A] cpl=0 pm=1 v86=0 if=1 pic imr=A8 isr=00 irr=00 | 53 57 E8 38 F4 FF FF 5F 5B E8 CA EA FF FF 66 F7 | eax=006338E3 ebx=C15200E8 ecx=00000000 edx=00000001 esi=C0037954 edi=C159F9AC esp=C0EE89EC
  IRQS raised 234484 22 0 0 741 0 18 0 | acked 234394 22 0 0 741 0 18 0
HEARTBEAT [0028:C0037113] cpl=0 pm=1 v86=0 if=1 pic imr=A8 isr=00 irr=00 | 72 1F E8 74 FD FF FF E8 92 FD FF FF 8A 27 E8 81 | eax=006338E3 ebx=C15200E8 ecx=00000000 edx=00000000 esi=000FECAC edi=00000000 esp=C0EE89EC
  IRQS raised 234629 22 0 0 741 0 18 0 | acked 234539 22 0 0 741 0 18 0
HEARTBEAT [0028:C0037134] cpl=0 pm=1 v86=0 if=1 pic imr=A8 isr=00 irr=00 | E8 55 FD FF FF E8 73 FD FF FF 42 83 FA 0F 76 01 | eax=006338E3 ebx=C15200E8 ecx=00000000 edx=00000000 esi=000FECAC edi=00000000 esp=C0EE89EC
  IRQS raised 234775 22 0 0 741 0 18 0 | acked 234685 22 0 0 741 0 18 0
HEARTBEAT [F000:0000ECAE] cpl=3 pm=1 v86=1 if=0 pic imr=A8 isr=00 irr=00 | 24 FE 3A E0 8A E0 E4 00 74 F4 9D E2 EF 58 C3 8A | eax=00633839 ebx=00000001 ecx=C0FF102E edx=00634240 esi=00630001 edi=00630000 esp=00000268
  IRQS raised 234920 22 0 0 741 0 18 0 | acked 234830 22 0 0 741 0 18 0
  V86 SS:SP=0F00:0268 DS=0040 ES=0628 | 3202 0008 09B2 EFA0 0729 E646 0598 EFA0 E646 0151 00A6 0E01 
HEARTBEAT [0028:C0003242] cpl=0 pm=1 v86=0 if=0 pic imr=A8 isr=00 irr=00 | 85 C0 74 09 85 48 08 74 05 8B D0 EB F0 C3 85 F6 | eax=00000000 ebx=C15200E8 ecx=800002C3 edx=C0FCEAD8 esi=00000000 edi=C0FFE374 esp=C0EE89E0
  IRQS raised 235066 22 0 0 741 0 18 0 | acked 234976 22 0 0 741 0 18 0
HEARTBEAT [0028:C00012DB] cpl=0 pm=1 v86=0 if=0 pic imr=A8 isr=00 irr=00 | 87 67 4C 3D 55 66 22 00 8B 1D 1C 07 01 C0 68 00 | eax=00633838 ebx=00000001 ecx=C0FF102E edx=00634240 esi=00000034 edi=C0FFE374 esp=C0EE8F70
  IRQS raised 235212 22 0 0 741 0 18 0 | acked 235122 22 0 0 741 0 18 0
HEARTBEAT [0028:C0001345] cpl=0 pm=1 v86=0 if=0 pic imr=A8 isr=00 irr=00 | 22 43 99 88 44 24 2D 61 83 C4 04 CF 2E 8B C0 E8 | eax=00000030 ebx=C15200E8 ecx=00000000 edx=C0FCEB10 esi=C0037954 edi=C0FFE374 esp=C0EE8F70
  IRQS raised 235357 22 0 0 741 0 18 0 | acked 235267 22 0 0 741 0 18 0
HEARTBEAT [0028:C00020B9] cpl=0 pm=1 v86=0 if=1 pic imr=A8 isr=00 irr=00 | 8B 4D 24 C1 E6 04 89 4F A8 03 F1 66 8B 0E 0F B6 | eax=006338E3 ebx=C15200E8 ecx=C0FF102E edx=00634240 esi=0000F000 edi=C0FFE374 esp=C0EE89F0
  IRQS raised 235503 22 0 0 741 0 18 0 | acked 235413 22 0 0 741 0 18 0
HEARTBEAT [0028:C000131C] cpl=0 pm=1 v86=0 if=0 pic imr=A8 isr=00 irr=00 | 8A 43 1F F6 D0 D0 E0 22 47 73 24 40 C0 E8 03 08 | eax=00000000 ebx=C15200E8 ecx=00000000 edx=C0FCEB10 esi=C0037954 edi=C0FFE374 esp=C0EE89F4
  IRQS raised 235649 22 0 0 741 0 18 0 | acked 235559 22 0 0 741 0 18 0
HEARTBEAT [0028:C00012DB] cpl=0 pm=1 v86=0 if=0 pic imr=A8 isr=00 irr=00 | 87 67 4C 3D 55 66 22 00 8B 1D 1C 07 01 C0 68 00 | eax=006338E3 ebx=00000001 ecx=C0FF102E edx=00634240 esi=00000034 edi=C0FFE374 esp=C0EE8F70
  IRQS raised 235794 22 0 0 741 0 18 0 | acked 235704 22 0 0 741 0 18 0
HEARTBEAT [0028:C0037102] cpl=0 pm=1 v86=0 if=1 pic imr=A8 isr=00 irr=00 | FF 15 4C 7A 03 C0 83 F9 04 76 06 CD 20 94 80 01 | eax=006338E3 ebx=C15200E8 ecx=00000000 edx=00000000 esi=000FECAC edi=00000000 esp=C0EE89EC
  IRQS raised 235940 22 0 0 741 0 18 0 | acked 235850 22 0 0 741 0 18 0
HEARTBEAT [0028:C0035CA6] cpl=0 pm=1 v86=0 if=0 pic imr=A8 isr=00 irr=00 | 59 C3 B8 00 04 00 00 F8 C3 A1 48 7A 03 C0 C3 E8 | eax=00000000 ebx=C15200E8 ecx=00000000 edx=00000000 esi=000FECB4 edi=00000000 esp=C0EE89B8
  IRQS raised 236086 22 0 0 741 0 18 0 | acked 235996 22 0 0 741 0 18 0
HEARTBEAT [0028:C00372B0] cpl=0 pm=1 v86=0 if=0 pic imr=A8 isr=00 irr=00 | 86 05 60 7A 03 C0 86 25 61 7A 03 C0 9D 50 BE 54 | eax=00000000 ebx=C15200E8 ecx=00000000 edx=00000000 esi=000FECB4 edi=00000000 esp=C0EE89C0
  IRQS raised 236231 22 0 0 741 0 18 0 | acked 236141 22 0 0 741 0 18 0
HEARTBEAT [0028:C00031B2] cpl=0 pm=1 v86=0 if=0 pic imr=A8 isr=00 irr=00 | 75 1D 8B 50 30 3B 1D 20 07 01 C0 75 04 85 D2 75 | eax=C00106D4 ebx=C15200E8 ecx=800002E3 edx=C0FFE374 esi=00000000 edi=C0FFE374 esp=C0EE89E8
  IRQS raised 236377 22 0 0 741 0 18 0 | acked 236287 22 0 0 741 0 18 0
HEARTBEAT [0028:C0003249] cpl=0 pm=1 v86=0 if=0 pic imr=A8 isr=00 irr=00 | 74 05 8B D0 EB F0 C3 85 F6 74 05 85 70 08 74 F2 | eax=C0FCEF4C ebx=C15200E8 ecx=800002C3 edx=C10CD720 esi=00000000 edi=C0FFE374 esp=C0EE89E0
  IRQS raised 236523 22 0 0 741 0 18 0 | acked 236433 22 0 0 741 0 18 0
HEARTBEAT [0028:C0003201] cpl=0 pm=1 v86=0 if=0 pic imr=A8 isr=00 irr=00 | 74 0A A1 E0 E9 00 C0 E8 2F 00 00 00 66 83 7B 18 | eax=C00106DF ebx=C15200E8 ecx=800002C3 edx=C0FFE374 esi=00000000 edi=C0FFE374 esp=C0EE89E4
  IRQS raised 236668 22 0 0 741 0 18 0 | acked 236578 22 0 0 741 0 18 0
HEARTBEAT [0028:C0035C8E] cpl=0 pm=1 v86=0 if=0 pic imr=A8 isr=00 irr=00 | 8A 0D 60 79 03 C0 80 E1 0F 0A C8 88 0D 60 79 03 | eax=00633800 ebx=C15200E8 ecx=00000001 edx=00000000 esi=000FECAC edi=00000000 esp=C0EE89B8
  IRQS raised 236814 22 0 0 741 0 18 0 | acked 236724 22 0 0 741 0 18 0
HEARTBEAT [0028:C0035C8E] cpl=0 pm=1 v86=0 if=0 pic imr=A8 isr=00 irr=00 | 8A 0D 60 79 03 C0 80 E1 0F 0A C8 88 0D 60 79 03 | eax=00633800 ebx=C15200E8 ecx=00000001 edx=00000000 esi=000FECB4 edi=00000000 esp=C0EE89B8
  IRQS raised 236960 22 0 0 741 0 18 0 | acked 236870 22 0 0 741 0 18 0
HEARTBEAT [0028:C0036731] cpl=0 pm=1 v86=0 if=1 pic imr=A8 isr=00 irr=00 | 22 46 07 74 3E 0F B6 C0 0F BC C8 74 36 0F B3 C8 | eax=00000000 ebx=C15200E8 ecx=00000000 edx=00000000 esi=C0037954 edi=00000000 esp=C0EE89BC
  IRQS raised 237105 22 0 0 741 0 18 0 | acked 237015 22 0 0 741 0 18 0
HEARTBEAT [0028:C0001345] cpl=0 pm=1 v86=0 if=0 pic imr=A8 isr=00 irr=00 | 22 43 99 88 44 24 2D 61 83 C4 04 CF 2E 8B C0 E8 | eax=00000030 ebx=C15200E8 ecx=00000000 edx=C0FCEB10 esi=C0037954 edi=C0FFE374 esp=C0EE8F70
  IRQS raised 237251 22 0 0 741 0 18 0 | acked 237161 22 0 0 741 0 18 0
HEARTBEAT [0028:C00012C0] cpl=0 pm=1 v86=0 if=0 pic imr=A8 isr=00 irr=00 | FC 8B EC 66 BF 30 00 F6 45 2E 02 0F 84 9F 00 00 | eax=00633838 ebx=00000001 ecx=C0FF102E edx=00634240 esi=00000034 edi=00630000 esp=C0EE8F70
  IRQS raised 237397 22 0 0 741 0 18 0 | acked 237307 22 0 0 741 0 18 0
HEARTBEAT [0028:C000324D] cpl=0 pm=1 v86=0 if=0 pic imr=A8 isr=00 irr=00 | EB F0 C3 85 F6 74 05 85 70 08 74 F2 F7 40 08 00 | eax=C0FCEEBC ebx=C15200E8 ecx=800002C3 edx=C0FCEEBC esi=00000000 edi=C0FFE374 esp=C0EE89E0
  IRQS raised 237542 22 0 0 741 0 18 0 | acked 237452 22 0 0 741 0 18 0
HEARTBEAT [0028:C0003244] cpl=0 pm=1 v86=0 if=0 pic imr=A8 isr=00 irr=00 | 74 09 85 48 08 74 05 8B D0 EB F0 C3 85 F6 74 05 | eax=C0FCEB48 ebx=C15200E8 ecx=800002C3 edx=C0FCEF14 esi=00000000 edi=C0FFE374 esp=C0EE89E0
  IRQS raised 237688 22 0 0 741 0 18 0 | acked 237598 22 0 0 741 0 18 0
HEARTBEAT [0028:C0003221] cpl=0 pm=1 v86=0 if=0 pic imr=A8 isr=00 irr=00 | 74 08 8B 47 6C E8 11 00 00 00 85 ED 75 06 33 C0 | eax=00000000 ebx=C15200E8 ecx=800002C3 edx=C0FCEB10 esi=00000000 edi=C0FFE374 esp=C0EE89E4
  IRQS raised 237834 22 0 0 741 0 18 0 | acked 237744 22 0 0 741 0 18 0
HEARTBEAT [0028:C0003242] cpl=0 pm=1 v86=0 if=0 pic imr=A8 isr=00 irr=00 | 85 C0 74 09 85 48 08 74 05 8B D0 EB F0 C3 85 F6 | eax=C0FCEF14 ebx=C15200E8 ecx=800002C3 edx=C0FCEE70 esi=00000000 edi=C0FFE374 esp=C0EE89E0
  IRQS raised 237979 22 0 0 741 0 18 0 | acked 237889 22 0 0 741 0 18 0
HEARTBEAT [0028:C00020B9] cpl=0 pm=1 v86=0 if=1 pic imr=A8 isr=00 irr=00 | 8B 4D 24 C1 E6 04 89 4F A8 03 F1 66 8B 0E 0F B6 | eax=006338E3 ebx=C15200E8 ecx=C0FF102E edx=00634240 esi=0000F000 edi=C0FFE374 esp=C0EE89F0
  IRQS raised 238125 22 0 0 741 0 18 0 | acked 238035 22 0 0 741 0 18 0
HEARTBEAT [0028:C0001341] cpl=0 pm=1 v86=0 if=0 pic imr=A8 isr=00 irr=00 | A8 02 75 03 22 43 99 88 44 24 2D 61 83 C4 04 CF | eax=00000030 ebx=C15200E8 ecx=00000000 edx=C0FCEB10 esi=C0037954 edi=C0FFE374 esp=C0EE8F70
  IRQS raised 238270 22 0 0 741 0 18 0 | acked 238180 22 0 0 741 0 18 0
HEARTBEAT [0028:C0035C31] cpl=0 pm=1 v86=0 if=1 pic imr=A8 isr=00 irr=00 | 05 B4 77 03 C0 C3 50 51 52 81 78 24 00 00 0A 00 | eax=00000000 ebx=C15200E8 ecx=00000000 edx=00000001 esi=C0037954 edi=C159F9AC esp=C0EE89E8
  IRQS raised 238416 22 0 0 741 0 18 0 | acked 238326 22 0 0 741 0 18 0
HEARTBEAT [0028:C000323F] cpl=0 pm=1 v86=0 if=0 pic imr=A8 isr=00 irr=00 | 8B 42 FC 85 C0 74 09 85 48 08 74 05 8B D0 EB F0 | eax=C0FCEAA0 ebx=C15200E8 ecx=800002C3 edx=C0FCEAA0 esi=00000000 edi=C0FFE374 esp=C0EE89E0
  IRQS raised 238562 22 0 0 741 0 18 0 | acked 238472 22 0 0 741 0 18 0
HEARTBEAT [0028:C0003221] cpl=0 pm=1 v86=0 if=0 pic imr=A8 isr=00 irr=00 | 74 08 8B 47 6C E8 11 00 00 00 85 ED 75 06 33 C0 | eax=00000000 ebx=C15200E8 ecx=800002C3 edx=C0FCEB10 esi=00000000 edi=C0FFE374 esp=C0EE89E4
  IRQS raised 238707 22 0 0 741 0 18 0 | acked 238617 22 0 0 741 0 18 0
HEARTBEAT [0028:C0001321] cpl=0 pm=1 v86=0 if=0 pic imr=A8 isr=00 irr=00 | D0 E0 22 47 73 24 40 C0 E8 03 08 47 03 F6 03 20 | eax=000000FF ebx=C15200E8 ecx=00000000 edx=C0FCEB10 esi=C0037954 edi=C0FFE374 esp=C0EE89F4
  IRQS raised 238853 22 0 0 741 0 18 0 | acked 238763 22 0 0 741 0 18 0
HEARTBEAT [0028:C0003DDB] cpl=0 pm=1 v86=0 if=1 pic imr=A8 isr=00 irr=00 | EB C9 2E 8B C0 FF 45 24 0F B7 D2 8B FA D0 C2 32 | eax=00633838 ebx=C15200E8 ecx=000000E4 edx=00000000 esi=000FECB4 edi=000000E4 esp=C0EE89F0
  IRQS raised 238999 22 0 0 741 0 18 0 | acked 238909 22 0 0 741 0 18 0
HEARTBEAT [0028:C0035C6F] cpl=0 pm=1 v86=0 if=0 pic imr=A8 isr=00 irr=00 | 08 05 60 7A 03 C0 8A 0D 58 79 03 C0 80 E1 0F 0A | eax=00633800 ebx=C15200E8 ecx=00000000 edx=00000000 esi=000FECB4 edi=00000000 esp=C0EE89B8
  IRQS raised 239144 22 0 0 741 0 18 0 | acked 239054 22 0 0 741 0 18 0
HEARTBEAT [0028:C00372C3] cpl=0 pm=1 v86=0 if=1 pic imr=A8 isr=00 irr=00 | E8 69 F4 FF FF 58 8A C4 BE 5C 79 03 C0 E8 5C F4 | eax=00000000 ebx=C15200E8 ecx=00000000 edx=00000000 esi=C0037954 edi=00000000 esp=C0EE89C0
  IRQS raised 239290 22 0 0 741 0 18 0 | acked 239200 22 0 0 741 0 18 0
HEARTBEAT [0028:C0003244] cpl=0 pm=1 v86=0 if=0 pic imr=A8 isr=00 irr=00 | 74 09 85 48 08 74 05 8B D0 EB F0 C3 85 F6 74 05 | eax=C0FCEAA0 ebx=C15200E8 ecx=800002C3 edx=C0FCEEBC esi=00000000 edi=C0FFE374 esp=C0EE89E0
  IRQS raised 239436 22 0 0 741 0 18 0 | acked 239346 22 0 0 741 0 18 0
HEARTBEAT [0028:C00372BC] cpl=0 pm=1 v86=0 if=0 pic imr=A8 isr=00 irr=00 | 9D 50 BE 54 79 03 C0 E8 69 F4 FF FF 58 8A C4 BE | eax=00000000 ebx=C15200E8 ecx=00000000 edx=00000000 esi=000FECB4 edi=00000000 esp=C0EE89C0
  IRQS raised 239581 22 0 0 741 0 18 0 | acked 239491 22 0 0 741 0 18 0
HEARTBEAT [0028:C0035C6F] cpl=0 pm=1 v86=0 if=0 pic imr=A8 isr=00 irr=00 | 08 05 60 7A 03 C0 8A 0D 58 79 03 C0 80 E1 0F 0A | eax=00633800 ebx=C15200E8 ecx=00000000 edx=00000000 esi=000FECB4 edi=00000000 esp=C0EE89B8
  IRQS raised 239727 22 0 0 741 0 18 0 | acked 239637 22 0 0 741 0 18 0
HEARTBEAT [0028:C0003DA8] cpl=0 pm=1 v86=0 if=1 pic imr=A8 isr=00 irr=00 | D0 C2 32 D6 0F B6 D2 8D 14 52 D1 EA 87 D7 66 39 | eax=00633838 ebx=C15200E8 ecx=000000E4 edx=00000000 esi=000FECB4 edi=00000000 esp=C0EE89F0
  IRQS raised 239873 22 0 0 741 0 18 0 | acked 239783 22 0 0 741 0 18 0
HEARTBEAT [0028:C0035C6C] cpl=0 pm=1 v86=0 if=0 pic imr=A8 isr=00 irr=00 | 51 E4 08 08 05 60 7A 03 C0 8A 0D 58 79 03 C0 80 | eax=00633838 ebx=C15200E8 ecx=00000000 edx=00000000 esi=000FECB4 edi=00000000 esp=C0EE89BC
  IRQS raised 240018 22 0 0 741 0 18 0 | acked 239928 22 0 0 741 0 18 0
HEARTBEAT [0028:C003713F] cpl=0 pm=1 v86=0 if=1 pic imr=A8 isr=00 irr=00 | 83 FA 0F 76 01 42 80 3F 00 75 09 53 57 E8 38 F4 | eax=00633838 ebx=C15200E8 ecx=00000000 edx=00000001 esi=C0037954 edi=C159F9AC esp=C0EE89EC
  IRQS raised 240164 22 0 0 741 0 18 0 | acked 240074 22 0 0 741 0 18 0
HEARTBEAT [0028:C0036774] cpl=0 pm=1 v86=0 if=1 pic imr=A8 isr=00 irr=00 | C3 CD 20 12 80 04 00 8B 08 FF 15 D8 76 03 C0 F6 | eax=00000000 ebx=C15200E8 ecx=00000000 edx=00000000 esi=C0037954 edi=00000000 esp=C0EE89BC
  IRQS raised 240310 22 0 0 741 0 18 0 | acked 240220 22 0 0 741 0 18 0
HEARTBEAT [0028:C0003212] cpl=0 pm=1 v86=0 if=0 pic imr=A8 isr=00 irr=00 | 74 08 8B 43 20 E8 20 00 00 00 66 83 7F 68 00 74 | eax=00000000 ebx=C15200E8 ecx=800002C3 edx=C0FCEAD8 esi=00000000 edi=C0FFE374 esp=C0EE89E4
  IRQS raised 240455 22 0 0 741 0 18 0 | acked 240365 22 0 0 741 0 18 0
HEARTBEAT [0028:C0003187] cpl=0 pm=1 v86=0 if=0 pic imr=A8 isr=00 irr=00 | 39 05 F4 E9 00 C0 75 ED 51 B9 E3 02 00 80 F6 45 | eax=00000000 ebx=C15200E8 ecx=00000000 edx=C00377D4 esi=00000000 edi=C0FFE374 esp=C0EE89EC
  IRQS raised 240601 22 0 0 741 0 18 0 | acked 240511 22 0 0 741 0 18 0
HEARTBEAT [0028:C00020B9] cpl=0 pm=1 v86=0 if=1 pic imr=A8 isr=00 irr=00 | 8B 4D 24 C1 E6 04 89 4F A8 03 F1 66 8B 0E 0F B6 | eax=00633838 ebx=C15200E8 ecx=C0FF102E edx=00634240 esi=0000F000 edi=C0FFE374 esp=C0EE89F0
  IRQS raised 240747 22 0 0 741 0 18 0 | acked 240657 22 0 0 741 0 18 0
HEARTBEAT [0028:C0003DC9] cpl=0 pm=1 v86=0 if=1 pic imr=A8 isr=00 irr=00 | 88 45 1C C3 68 C0 3D 00 C0 EB 98 83 45 24 02 0F | eax=390000E3 ebx=C15200E8 ecx=00000000 edx=C00377D4 esi=C0037954 edi=C159F9AC esp=C0EE89F0
  IRQS raised 240892 22 0 0 741 0 18 0 | acked 240802 22 0 0 741 0 18 0
HEARTBEAT [0028:C0035C8E] cpl=0 pm=1 v86=0 if=0 pic imr=A8 isr=00 irr=00 | 8A 0D 60 79 03 C0 80 E1 0F 0A C8 88 0D 60 79 03 | eax=00633800 ebx=C15200E8 ecx=00000001 edx=00000000 esi=000FECB4 edi=00000000 esp=C0EE89B8
  IRQS raised 241038 22 0 0 741 0 18 0 | acked 240948 22 0 0 741 0 18 0
HEARTBEAT [0028:C0FD49EC] cpl=0 pm=1 v86=0 if=1 pic imr=A8 isr=00 irr=00 | 8B 48 20 81 E1 04 80 04 00 81 F9 04 80 00 00 75 | eax=C0FD5C44 ebx=C0EE893C ecx=00000004 edx=C13A2000 esi=00000007 edi=C0EE893C esp=C0EE8934
  IRQS raised 241184 22 0 0 741 0 18 0 | acked 241094 22 0 0 741 0 18 0
HEARTBEAT [0028:C0036EB0] cpl=0 pm=1 v86=0 if=1 pic imr=A8 isr=00 irr=00 | C3 8B 3D B0 77 03 C0 8D 7C 3B 08 81 FE 54 79 03 | eax=006338E3 ebx=C15200E8 ecx=00000000 edx=00000000 esi=C0037954 edi=00000000 esp=C0EE89E8
  IRQS raised 241329 22 0 0 741 0 18 0 | acked 241239 22 0 0 741 0 18 0
HEARTBEAT [0028:C00372D5] cpl=0 pm=1 v86=0 if=1 pic imr=A8 isr=00 irr=00 | 61 9D C3 0C 70 E6 18 EB 00 E4 1A 88 46 31 51 8A | eax=00000000 ebx=C15200E8 ecx=00000000 edx=00000000 esi=C003795C edi=00000000 esp=C0EE89C4
  IRQS raised 241475 22 0 0 741 0 18 0 | acked 241385 22 0 0 741 0 18 0
HEARTBEAT [0028:C000322D] cpl=0 pm=1 v86=0 if=0 pic imr=A8 isr=00 irr=00 | 75 06 33 C0 5D 59 5E C3 8B D5 8B 42 FC EB F5 8D | eax=00000000 ebx=C15200E8 ecx=800002C3 edx=C0FCEB10 esi=00000000 edi=C0FFE374 esp=C0EE89E4
  IRQS raised 241620 22 0 0 741 0 18 0 | acked 241530 22 0 0 741 0 18 0
HEARTBEAT [0028:C00031F7] cpl=0 pm=1 v86=0 if=0 pic imr=A8 isr=00 irr=00 | 33 ED 66 83 3D F0 E9 00 C0 00 74 0A A1 E0 E9 00 | eax=C00106DF ebx=C15200E8 ecx=800002C3 edx=C0FFE374 esi=00000000 edi=C0FFE374 esp=C0EE89E4
  IRQS raised 241766 22 0 0 741 0 18 0 | acked 241676 22 0 0 741 0 18 0
HEARTBEAT [0028:C00012DE] cpl=0 pm=1 v86=0 if=0 pic imr=A8 isr=00 irr=00 | 3D 55 66 22 00 8B 1D 1C 07 01 C0 68 00 13 00 C0 | eax=00633838 ebx=00000001 ecx=C0FF102E edx=00634240 esi=00000034 edi=C0FFE374 esp=C0EE89F4
  IRQS raised 241912 22 0 0 741 0 18 0 | acked 241822 22 0 0 741 0 18 0
HEARTBEAT [0028:C0037152] cpl=0 pm=1 v86=0 if=1 pic imr=A8 isr=00 irr=00 | 5B E8 CA EA FF FF 66 F7 40 1A 01 00 74 0A BA 03 | eax=006338E3 ebx=C15200E8 ecx=00000000 edx=00000001 esi=C0037954 edi=C159F9AC esp=C0EE89E8
  IRQS raised 242057 22 0 0 741 0 18 0 | acked 241967 22 0 0 741 0 18 0
HEARTBEAT [0028:C00012E9] cpl=0 pm=1 v86=0 if=0 pic imr=A8 isr=00 irr=00 | 68 00 13 00 C0 FF A6 2C F4 00 C0 2E 8B C0 2E 8B | eax=006338E3 ebx=C15200E8 ecx=C0FF102E edx=00634240 esi=00000034 edi=C0FFE374 esp=C0EE89F4
  IRQS raised 242203 22 0 0 741 0 18 0 | acked 242113 22 0 0 741 0 18 0
HEARTBEAT [0028:C00372C9] cpl=0 pm=1 v86=0 if=1 pic imr=A8 isr=00 irr=00 | 8A C4 BE 5C 79 03 C0 E8 5C F4 FF FF 61 9D C3 0C | eax=00000000 ebx=C15200E8 ecx=00000000 edx=00000000 esi=C0037954 edi=00000000 esp=C0EE89C4
  IRQS raised 242349 22 0 0 741 0 18 0 | acked 242259 22 0 0 741 0 18 0
HEARTBEAT [0028:C00372D6] cpl=0 pm=1 v86=0 if=1 pic imr=A8 isr=00 irr=00 | 9D C3 0C 70 E6 18 EB 00 E4 1A 88 46 31 51 8A C8 | eax=00633838 ebx=C15200E8 ecx=00000000 edx=00000000 esi=000FECB4 edi=00000000 esp=C0EE89E4
  IRQS raised 242494 22 0 0 741 0 18 0 | acked 242404 22 0 0 741 0 18 0
HEARTBEAT [0028:C0037173] cpl=0 pm=1 v86=0 if=1 pic imr=A8 isr=00 irr=00 | 8B 04 02 0F A3 0E 73 02 D1 E8 C3 FF 15 4C 7A 03 | eax=00000000 ebx=C15200E8 ecx=00000000 edx=C00377D4 esi=C0037954 edi=C159F9AC esp=C0EE89EC
  IRQS raised 242640 22 0 0 741 0 18 0 | acked 242550 22 0 0 741 0 18 0
HEARTBEAT [0028:C000133F] cpl=0 pm=1 v86=0 if=0 pic imr=A8 isr=00 irr=00 | 0C 30 A8 02 75 03 22 43 99 88 44 24 2D 61 83 C4 | eax=00000000 ebx=C15200E8 ecx=00000000 edx=C0FCEB10 esi=C0037954 edi=C0FFE374 esp=C0EE8F70
  IRQS raised 242786 22 0 0 741 0 18 0 | acked 242696 22 0 0 741 0 18 0
HEARTBEAT [0028:C0003231] cpl=0 pm=1 v86=0 if=0 pic imr=A8 isr=00 irr=00 | 5D 59 5E C3 8B D5 8B 42 FC EB F5 8D 50 04 8B 42 | eax=00000000 ebx=C15200E8 ecx=800002C3 edx=C0FCEB10 esi=00000000 edi=C0FFE374 esp=C0EE89E4
  IRQS raised 242931 22 0 0 741 0 18 0 | acked 242841 22 0 0 741 0 18 0
HEARTBEAT [0028:C000320D] cpl=0 pm=1 v86=0 if=0 pic imr=A8 isr=00 irr=00 | 66 83 7B 18 00 74 08 8B 43 20 E8 20 00 00 00 66 | eax=00000000 ebx=C15200E8 ecx=800002C3 edx=C0FCEAD8 esi=00000000 edi=C0FFE374 esp=C0EE89E4
  IRQS raised 243077 22 0 0 741 0 18 0 | acked 242987 22 0 0 741 0 18 0
HEARTBEAT [0028:C000320D] cpl=0 pm=1 v86=0 if=0 pic imr=A8 isr=00 irr=00 | 66 83 7B 18 00 74 08 8B 43 20 E8 20 00 00 00 66 | eax=00000000 ebx=C15200E8 ecx=800002C3 edx=C0FCEAD8 esi=00000000 edi=C0FFE374 esp=C0EE89E4
  IRQS raised 243223 22 0 0 741 0 18 0 | acked 243133 22 0 0 741 0 18 0
HEARTBEAT [0028:C00031ED] cpl=0 pm=1 v86=0 if=0 pic imr=A8 isr=00 irr=00 | 22 C8 8A 43 1E 0C DF 22 C8 55 33 ED 66 83 3D F0 | eax=C00106FF ebx=C15200E8 ecx=800002E3 edx=C0FFE374 esi=00000000 edi=C0FFE374 esp=C0EE89E8
  IRQS raised 243368 22 0 0 741 0 18 0 | acked 243278 22 0 0 741 0 18 0
HEARTBEAT [0028:C000131C] cpl=0 pm=1 v86=0 if=0 pic imr=A8 isr=00 irr=00 | 8A 43 1F F6 D0 D0 E0 22 47 73 24 40 C0 E8 03 08 | eax=00000000 ebx=C15200E8 ecx=00000000 edx=C0FCEB10 esi=C0037954 edi=C0FFE374 esp=C0EE89F4
  IRQS raised 243514 22 0 0 741 0 18 0 | acked 243424 22 0 0 741 0 18 0
HEARTBEAT [0028:C003715E] cpl=0 pm=1 v86=0 if=1 pic imr=A8 isr=00 irr=00 | 74 0A BA 03 00 00 00 E8 10 01 00 00 8D 50 20 0F | eax=C00377B4 ebx=C15200E8 ecx=00000000 edx=00000001 esi=C0037954 edi=C159F9AC esp=C0EE89EC
  IRQS raised 243660 22 0 0 741 0 18 0 | acked 243570 22 0 0 741 0 18 0
HEARTBEAT [0028:C0035C9F] cpl=0 pm=1 v86=0 if=0 pic imr=A8 isr=00 irr=00 | 0F B7 05 60 7A 03 C0 59 C3 B8 00 04 00 00 F8 C3 | eax=00633800 ebx=C15200E8 ecx=00000000 edx=00000000 esi=000FECAC edi=00000000 esp=C0EE89B8
  IRQS raised 243805 22 0 0 741 0 18 0 | acked 243715 22 0 0 741 0 18 0
HEARTBEAT [0028:C00372BC] cpl=0 pm=1 v86=0 if=0 pic imr=A8 isr=00 irr=00 | 9D 50 BE 54 79 03 C0 E8 69 F4 FF FF 58 8A C4 BE | eax=00000000 ebx=C15200E8 ecx=00000000 edx=00000000 esi=000FECAC edi=00000000 esp=C0EE89C0
  IRQS raised 243951 22 0 0 741 0 18 0 | acked 243861 22 0 0 741 0 18 0
HEARTBEAT [0028:C000318D] cpl=0 pm=1 v86=0 if=0 pic imr=A8 isr=00 irr=00 | 75 ED 51 B9 E3 02 00 80 F6 45 2D 02 74 0D 80 E5 | eax=00000000 ebx=C15200E8 ecx=00000000 edx=C00377D4 esi=00000000 edi=C0FFE374 esp=C0EE89EC
  IRQS raised 244097 22 0 0 741 0 18 0 | acked 244007 22 0 0 741 0 18 0
HEARTBEAT [0028:C0037102] cpl=0 pm=1 v86=0 if=1 pic imr=A8 isr=00 irr=00 | FF 15 4C 7A 03 C0 83 F9 04 76 06 CD 20 94 80 01 | eax=006338E3 ebx=C15200E8 ecx=00000000 edx=00000000 esi=000FECAC edi=00000000 esp=C0EE89EC
  IRQS raised 244242 22 0 0 741 0 18 0 | acked 244152 22 0 0 741 0 18 0
HEARTBEAT [0028:C0037170] cpl=0 pm=1 v86=0 if=1 pic imr=A8 isr=00 irr=00 | 80 37 01 8B 04 02 0F A3 0E 73 02 D1 E8 C3 FF 15 | eax=00000000 ebx=C15200E8 ecx=00000000 edx=C00377D4 esi=C0037954 edi=C159F9AC esp=C0EE89EC
  IRQS raised 244388 22 0 0 741 0 18 0 | acked 244298 22 0 0 741 0 18 0
HEARTBEAT [0028:C0033B73] cpl=0 pm=1 v86=0 if=0 pic imr=A8 isr=01 irr=00 | 8B 15 EC 48 03 C0 A0 9E 48 03 C0 0A 05 9C 48 03 | eax=006338E3 ebx=C15200E8 ecx=C0FF102E edx=00634240 esi=00000140 edi=C0FF0030 esp=C0EE89AC
  IRQS raised 244534 22 0 0 741 0 18 0 | acked 244444 22 0 0 741 0 18 0
HEARTBEAT [0028:C000131F] cpl=0 pm=1 v86=0 if=0 pic imr=A8 isr=00 irr=00 | F6 D0 D0 E0 22 47 73 24 40 C0 E8 03 08 47 03 F6 | eax=00000000 ebx=C15200E8 ecx=00000000 edx=C0FCEB10 esi=C0037954 edi=C0FFE374 esp=C0EE89F4
  IRQS raised 244679 22 0 0 741 0 18 0 | acked 244589 22 0 0 741 0 18 0
HEARTBEAT [0028:C00012B0] cpl=0 pm=1 v86=0 if=0 pic imr=A8 isr=00 irr=00 | 60 BE 34 00 00 00 EB 08 60 BE 38 00 00 00 8B F6 | eax=00633838 ebx=00000001 ecx=C0FF102E edx=00634240 esi=00630001 edi=00630000 esp=C0EE8F90
  IRQS raised 244825 22 0 0 741 0 18 0 | acked 244735 22 0 0 741 0 18 0
HEARTBEAT [0028:C0003201] cpl=0 pm=1 v86=0 if=0 pic imr=A8 isr=00 irr=00 | 74 0A A1 E0 E9 00 C0 E8 2F 00 00 00 66 83 7B 18 | eax=C00106DF ebx=C15200E8 ecx=800002C3 edx=C0FFE374 esi=00000000 edi=C0FFE374 esp=C0EE89E4
  IRQS raised 244970 22 0 0 741 0 18 0 | acked 244880 22 0 0 741 0 18 0
HEARTBEAT [0028:C00031EB] cpl=0 pm=1 v86=0 if=0 pic imr=A8 isr=00 irr=00 | F6 D0 22 C8 8A 43 1E 0C DF 22 C8 55 33 ED 66 83 | eax=C0010600 ebx=C15200E8 ecx=800002E3 edx=C0FFE374 esi=00000000 edi=C0FFE374 esp=C0EE89E8
  IRQS raised 245116 22 0 0 741 0 18 0 | acked 245026 22 0 0 741 0 18 0
HEARTBEAT [0028:C0003246] cpl=0 pm=1 v86=0 if=0 pic imr=A8 isr=00 irr=00 | 85 48 08 74 05 8B D0 EB F0 C3 85 F6 74 05 85 70 | eax=C0FCEE70 ebx=C15200E8 ecx=800002C3 edx=C10CD748 esi=00000000 edi=C0FFE374 esp=C0EE89E0
  IRQS raised 245262 22 0 0 741 0 18 0 | acked 245172 22 0 0 741 0 18 0
HEARTBEAT [0028:C0037148] cpl=0 pm=1 v86=0 if=1 pic imr=A8 isr=00 irr=00 | 75 09 53 57 E8 38 F4 FF FF 5F 5B E8 CA EA FF FF | eax=006338E3 ebx=C15200E8 ecx=00000000 edx=00000001 esi=C0037954 edi=C159F9AC esp=C0EE89EC
  IRQS raised 245407 22 0 0 741 0 18 0 | acked 245317 22 0 0 741 0 18 0
HEARTBEAT [0028:C0035C7E] cpl=0 pm=1 v86=0 if=0 pic imr=A8 isr=00 irr=00 | 0A C8 88 0D 58 79 03 C0 B0 00 08 05 61 7A 03 C0 | eax=00633800 ebx=C15200E8 ecx=00000001 edx=00000000 esi=000FECAC edi=00000000 esp=C0EE89B8
  IRQS raised 245553 22 0 0 741 0 18 0 | acked 245463 22 0 0 741 0 18 0
HEARTBEAT [0028:C0003242] cpl=0 pm=1 v86=0 if=0 pic imr=A8 isr=00 irr=00 | 85 C0 74 09 85 48 08 74 05 8B D0 EB F0 C3 85 F6 | eax=C0FCEAD8 ebx=C15200E8 ecx=800002C3 edx=C0FCEAA0 esi=00000000 edi=C0FFE374 esp=C0EE89E0
  IRQS raised 245699 22 0 0 741 0 18 0 | acked 245609 22 0 0 741 0 18 0
HEARTBEAT [0028:C00372A5] cpl=0 pm=1 v86=0 if=1 pic imr=A8 isr=00 irr=00 | 9C 60 9C FA E8 BE E9 FF FF 33 C0 86 05 60 7A 03 | eax=006338E3 ebx=C15200E8 ecx=00000000 edx=00000000 esi=000FECAC edi=00000000 esp=C0EE89E8
  IRQS raised 245844 22 0 0 741 0 18 0 | acked 245754 22 0 0 741 0 18 0
HEARTBEAT [0028:C000130B] cpl=0 pm=1 v86=0 if=1 pic imr=A8 isr=00 irr=00 | 8B 3D A8 06 01 C0 FA 33 C0 3B 05 F0 E9 00 C0 75 | eax=390000E3 ebx=C15200E8 ecx=00000000 edx=C00377D4 esi=C0037954 edi=C159F9AC esp=C0EE89F4
  IRQS raised 245990 22 0 0 741 0 18 0 | acked 245900 22 0 0 741 0 18 0
HEARTBEAT [0028:C0003249] cpl=0 pm=1 v86=0 if=0 pic imr=A8 isr=00 irr=00 | 74 05 8B D0 EB F0 C3 85 F6 74 05 85 70 08 74 F2 | eax=C0FCEF4C ebx=C15200E8 ecx=800002C3 edx=C10CD720 esi=00000000 edi=C0FFE374 esp=C0EE89E0
  IRQS raised 246136 22 0 0 741 0 18 0 | acked 246046 22 0 0 741 0 18 0
HEARTBEAT [0028:C0003221] cpl=0 pm=1 v86=0 if=0 pic imr=A8 isr=00 irr=00 | 74 08 8B 47 6C E8 11 00 00 00 85 ED 75 06 33 C0 | eax=00000000 ebx=C15200E8 ecx=800002C3 edx=C0FCEB10 esi=00000000 edi=C0FFE374 esp=C0EE89E4
  IRQS raised 246281 22 0 0 741 0 18 0 | acked 246191 22 0 0 741 0 18 0
HEARTBEAT [0028:C000323F] cpl=0 pm=1 v86=0 if=0 pic imr=A8 isr=00 irr=00 | 8B 42 FC 85 C0 74 09 85 48 08 74 05 8B D0 EB F0 | eax=C0FCEB48 ebx=C15200E8 ecx=800002C3 edx=C0FCEB48 esi=00000000 edi=C0FFE374 esp=C0EE89E0
  IRQS raised 246427 22 0 0 741 0 18 0 | acked 246337 22 0 0 741 0 18 0
HEARTBEAT [0028:C0003DBE] cpl=0 pm=1 v86=0 if=1 pic imr=A8 isr=00 irr=00 | 75 0D 33 C9 FF 14 BD 70 ED 00 C0 88 45 1C C3 68 | eax=006338E3 ebx=C15200E8 ecx=000000E4 edx=00000000 esi=000FECAC edi=00000000 esp=C0EE89F0
  IRQS raised 246573 22 0 0 741 0 18 0 | acked 246483 22 0 0 741 0 18 0
HEARTBEAT [0028:C000320D] cpl=0 pm=1 v86=0 if=0 pic imr=A8 isr=00 irr=00 | 66 83 7B 18 00 74 08 8B 43 20 E8 20 00 00 00 66 | eax=00000000 ebx=C15200E8 ecx=800002C3 edx=C0FCEAD8 esi=00000000 edi=C0FFE374 esp=C0EE89E4
  IRQS raised 246718 22 0 0 741 0 18 0 | acked 246628 22 0 0 741 0 18 0
HEARTBEAT [0028:C003710B] cpl=0 pm=1 v86=0 if=1 pic imr=A8 isr=00 irr=00 | 76 06 CD 20 94 80 01 00 72 1F E8 74 FD FF FF E8 | eax=006338E3 ebx=C15200E8 ecx=00000000 edx=00000000 esi=000FECAC edi=00000000 esp=C0EE89EC
  IRQS raised 246864 22 0 0 741 0 18 0 | acked 246774 22 0 0 741 0 18 0
HEARTBEAT [0028:C0036EA7] cpl=0 pm=1 v86=0 if=1 pic imr=A8 isr=00 irr=00 | D0 E9 80 F9 04 72 02 33 C9 C3 8B 3D B0 77 03 C0 | eax=00633838 ebx=C15200E8 ecx=00000000 edx=00000000 esi=C0037954 edi=00000000 esp=C0EE89E8
  IRQS raised 247010 22 0 0 741 0 18 0 | acked 246920 22 0 0 741 0 18 0
HEARTBEAT [0028:C00020B4] cpl=0 pm=1 v86=0 if=0 pic imr=A8 isr=00 irr=00 | FB 0F B7 75 28 8B 4D 24 C1 E6 04 89 4F A8 03 F1 | eax=006338E3 ebx=C15200E8 ecx=C0FF102E edx=00634240 esi=00000034 edi=C0FFE374 esp=C0EE89F0
  IRQS raised 247155 22 0 0 741 0 18 0 | acked 247065 22 0 0 741 0 18 0
HEARTBEAT [0028:C0035C2E] cpl=0 pm=1 v86=0 if=1 pic imr=A8 isr=00 irr=00 | 6B C0 34 05 B4 77 03 C0 C3 50 51 52 81 78 24 00 | eax=00000000 ebx=C15200E8 ecx=00000000 edx=00000001 esi=C0037954 edi=C159F9AC esp=C0EE89E8
  IRQS raised 247301 22 0 0 741 0 18 0 | acked 247211 22 0 0 741 0 18 0
HEARTBEAT [0028:C00012C0] cpl=0 pm=1 v86=0 if=0 pic imr=A8 isr=00 irr=00 | FC 8B EC 66 BF 30 00 F6 45 2E 02 0F 84 9F 00 00 | eax=006338E3 ebx=00000001 ecx=C0FF102E edx=00634240 esi=00000034 edi=00630000 esp=C0EE8F70
  IRQS raised 247447 22 0 0 741 0 18 0 | acked 247357 22 0 0 741 0 18 0
HEARTBEAT [0028:C0003201] cpl=0 pm=1 v86=0 if=0 pic imr=A8 isr=00 irr=00 | 74 0A A1 E0 E9 00 C0 E8 2F 00 00 00 66 83 7B 18 | eax=C00106DF ebx=C15200E8 ecx=800002C3 edx=C0FFE374 esi=00000000 edi=C0FFE374 esp=C0EE89E4
  IRQS raised 247592 22 0 0 741 0 18 0 | acked 247502 22 0 0 741 0 18 0
HEARTBEAT [0028:C003717D] cpl=0 pm=1 v86=0 if=1 pic imr=A8 isr=00 irr=00 | C3 FF 15 4C 7A 03 C0 83 F9 04 76 06 CD 20 94 80 | eax=0000E339 ebx=C15200E8 ecx=00000000 edx=C00377D4 esi=C0037954 edi=C159F9AC esp=C0EE89EC
  IRQS raised 247738 22 0 0 741 0 18 0 | acked 247648 22 0 0 741 0 18 0
HEARTBEAT [0028:C0003208] cpl=0 pm=1 v86=0 if=0 pic imr=A8 isr=00 irr=01 | E8 2F 00 00 00 66 83 7B 18 00 74 08 8B 43 20 E8 | eax=C10CD71C ebx=C15200E8 ecx=800002C3 edx=C0FFE374 esi=00000000 edi=C0FFE374 esp=C0EE89E4
  IRQS raised 247884 22 0 0 741 0 18 0 | acked 247793 22 0 0 741 0 18 0
HEARTBEAT [0028:C000324D] cpl=0 pm=1 v86=0 if=0 pic imr=A8 isr=00 irr=00 | EB F0 C3 85 F6 74 05 85 70 08 74 F2 F7 40 08 00 | eax=C0FCEAA0 ebx=C15200E8 ecx=800002C3 edx=C0FCEAA0 esi=00000000 edi=C0FFE374 esp=C0EE89E0
  IRQS raised 248029 22 0 0 741 0 18 0 | acked 247939 22 0 0 741 0 18 0
HEARTBEAT [0028:C00031ED] cpl=0 pm=1 v86=0 if=0 pic imr=A8 isr=00 irr=00 | 22 C8 8A 43 1E 0C DF 22 C8 55 33 ED 66 83 3D F0 | eax=C00106FF ebx=C15200E8 ecx=800002E3 edx=C0FFE374 esi=00000000 edi=C0FFE374 esp=C0EE89E8
  IRQS raised 248175 22 0 0 741 0 18 0 | acked 248085 22 0 0 741 0 18 0
HEARTBEAT [0028:C0003212] cpl=0 pm=1 v86=0 if=0 pic imr=A8 isr=00 irr=00 | 74 08 8B 43 20 E8 20 00 00 00 66 83 7F 68 00 74 | eax=00000000 ebx=C15200E8 ecx=800002C3 edx=C0FCEAD8 esi=00000000 edi=C0FFE374 esp=C0EE89E4
  IRQS raised 248320 22 0 0 741 0 18 0 | acked 248230 22 0 0 741 0 18 0
HEARTBEAT [0028:C000318D] cpl=0 pm=1 v86=0 if=0 pic imr=A8 isr=00 irr=00 | 75 ED 51 B9 E3 02 00 80 F6 45 2D 02 74 0D 80 E5 | eax=00000000 ebx=C15200E8 ecx=00000000 edx=C00377D4 esi=00000000 edi=C0FFE374 esp=C0EE89EC
  IRQS raised 248466 22 0 0 741 0 18 0 | acked 248376 22 0 0 741 0 18 0
HEARTBEAT [0028:C0003249] cpl=0 pm=1 v86=0 if=0 pic imr=A8 isr=00 irr=00 | 74 05 8B D0 EB F0 C3 85 F6 74 05 85 70 08 74 F2 | eax=C0FCEF4C ebx=C15200E8 ecx=800002C3 edx=C10CD720 esi=00000000 edi=C0FFE374 esp=C0EE89E0
  IRQS raised 248612 22 0 0 741 0 18 0 | acked 248522 22 0 0 741 0 18 0
HEARTBEAT [0028:C0003242] cpl=0 pm=1 v86=0 if=0 pic imr=A8 isr=00 irr=00 | 85 C0 74 09 85 48 08 74 05 8B D0 EB F0 C3 85 F6 | eax=C0FCEF4C ebx=C15200E8 ecx=800002C3 edx=C10CD720 esi=00000000 edi=C0FFE374 esp=C0EE89E0
  IRQS raised 248757 22 0 0 741 0 18 0 | acked 248667 22 0 0 741 0 18 0
