#
# 86Box v7.0 logfile, created 2026/09/26 19:31:00
#
# Emulator path: C:/Users/lycet/RiderProjects/86Box-Inboard/86box_3c509b/build_log/src//
# Global configuration file: C:/Users/lycet/AppData/Local/86Box/86box_global.cfg
# VM: vm_vpicd_irq2
#
# Configuration file: C:/Users/lycet/RiderProjects/86Box-Inboard/vm_vpicd_irq2/86box.cfg
#

# Userfiles path: C:/Users/lycet/RiderProjects/86Box-Inboard/vm_vpicd_irq2/
# ROM path: C:/Users/lycet/RiderProjects/86Box-Inboard/vm_vpicd_irq2/roms/
# ROM path: C:/Users/lycet/RiderProjects/86Box-Inboard/86box_3c509b/build_log/src//roms/
# ROM path: C:/Users/lycet/AppData/Local/86Box/roms/
# Asset path: C:/Users/lycet/RiderProjects/86Box-Inboard/vm_vpicd_irq2/assets/
# Asset path: C:/Users/lycet/RiderProjects/86Box-Inboard/86box_3c509b/build_log/src//assets/
# Asset path: C:/Users/lycet/AppData/Local/86Box/assets/
BPCK: attached as unit 07 on LPT port 0
*** 1 repeats ***
DIAG7 [C000:0000041C] 4AE8 advfunc=00 on=0 hdisp=0 vdisp=0
DIAG7 [C000:00007A62] 4AE8 advfunc=06 on=0 hdisp=640 vdisp=480
DIAG7 [C000:0000731E] 4AEE clock_sel=1850 on=0 hdisp=640 vdisp=480
DIAG7 [C000:0000731E] 4AEE clock_sel=181C on=0 hdisp=1024 vdisp=768
DIAG7 [C000:00007A62] 4AE8 advfunc=02 on=0 hdisp=1024 vdisp=768
DIAG7 [C000:000075CD] 4AE8 advfunc=02 on=0 hdisp=640 vdisp=480
DIAG7 [C000:00007A62] 4AE8 advfunc=02 on=0 hdisp=640 vdisp=480
*** 5 repeats ***
DIAG7 [C000:000075CD] 4AE8 advfunc=02 on=0 hdisp=640 vdisp=480
DIAG7 [C000:0000731E] 4AEE clock_sel=1850 on=0 hdisp=640 vdisp=480
DIAG7 [C000:0000731E] 4AEE clock_sel=181C on=0 hdisp=640 vdisp=480
DIAG7 [C000:0000708E] 4AE8 advfunc=02 on=0 hdisp=640 vdisp=480
HEARTBEAT [F000:0000ED15] cpl=0 pm=0 v86=0 if=1 pic imr=FF isr=00 irr=00 | 75 43 48 48 AB E2 F6 4F 4F FD 8B F7 8B CB 8B D0 | eax=00000000 ebx=00002000 ecx=0000017B edx=0000AA55 esi=00003D0C edi=00003D0A esp=000000F6
  INT13 0 INT15/86 0
  IRQS raised 18 2 0 0 0 0 0 0 | acked 1 2 0 0 0 0 0 0
HEARTBEAT [F000:0000ECAE] cpl=0 pm=0 v86=0 if=0 pic imr=BF isr=00 irr=01 | 24 FE 3A E0 8A E0 E4 00 74 F4 9D E2 EF 58 C3 8A | eax=0000C0C1 ebx=00000206 ecx=0000001D edx=000061A8 esi=00000010 edi=00000000 esp=000000DC
  INT13 1 INT15/86 4
  IRQS raised 55 2 0 0 0 0 7 0 | acked 1 2 0 0 0 0 7 0
BPCK: W0 AA            [---- reg=00 knock=0]
HEARTBEAT [D000:000012D3] cpl=0 pm=0 v86=0 if=1 pic imr=BC isr=00 irr=00 | 3C 08 72 21 89 D3 3C 0A 76 16 D1 E2 3C 14 72 15 | eax=00004006 ebx=00000940 ecx=00000007 edx=00000007 esi=00007C00 edi=00000026 esp=00007ED0
  INT13 1 INT15/86 14
  IRQS raised 91 2 0 0 0 0 17 0 | acked 8 2 0 0 0 0 17 0
HEARTBEAT [D000:00000AF4] cpl=0 pm=0 v86=0 if=1 pic imr=BC isr=00 irr=00 | 83 F8 48 72 F4 FA A1 04 7F A3 20 00 A1 06 7F A3 | eax=00000029 ebx=0000B004 ecx=0000FF01 edx=00000603 esi=00000608 edi=00000026 esp=00007EFE
  INT13 1 INT15/86 14
  IRQS raised 128 2 0 0 0 0 17 0 | acked 45 2 0 0 0 0 17 0
HEARTBEAT [D000:00001031] cpl=0 pm=0 v86=0 if=1 pic imr=BC isr=00 irr=00 | 30 DA AA EC 30 DA AA EC 30 DA AA EC 30 DA AA EC | eax=00000009 ebx=0000FF08 ecx=00000078 edx=00000300 esi=00000010 edi=00003114 esp=0000FFCA
  INT13 17 INT15/86 14
  IRQS raised 164 2 0 0 0 0 18 0 | acked 81 2 0 0 0 0 18 0
BPCK: W2 08 (was 00)  [---- reg=00 knock=0]
BPCK: W2 0C (was 08)  [---- reg=00 knock=0]
BPCK: R1 -> D8          [---- reg=00 knock=0]
HEARTBEAT [0070:00000443] cpl=0 pm=0 v86=0 if=1 pic imr=BC isr=00 irr=00 | 75 01 90 9D CA 02 00 E8 39 00 2E FF 1E 54 01 EB | eax=00000000 ebx=0000443D ecx=0000000A edx=00000058 esi=00000000 edi=000043A2 esp=000011D0
  INT13 57 INT15/86 14
  IRQS raised 200 2 0 0 0 0 18 0 | acked 117 2 0 0 0 0 18 0
HEARTBEAT [D000:00000FF5] cpl=0 pm=0 v86=0 if=1 pic imr=BC isr=00 irr=00 | 30 DA AA EC 30 DA AA EC 30 DA AA EC 30 DA AA EC | eax=00000001 ebx=0000FF08 ecx=0000000E edx=00000308 esi=00000010 edi=00000049 esp=0000087C
  INT13 144 INT15/86 14
  IRQS raised 237 2 0 0 0 0 18 0 | acked 154 2 0 0 0 0 18 0
HEARTBEAT [FF03:0000C0AC] cpl=0 pm=0 v86=0 if=1 pic imr=BC isr=00 irr=00 | C3 38 C4 74 12 3A 45 04 F8 75 F5 33 DB 8A D8 36 | eax=4000FF02 ebx=00000002 ecx=00000C55 edx=00000005 esi=00000183 edi=00002568 esp=000008EE
  INT13 463 INT15/86 14
  IRQS raised 273 2 0 0 0 0 18 0 | acked 190 2 0 0 0 0 18 0
HEARTBEAT [D000:0000124A] cpl=0 pm=0 v86=0 if=1 pic imr=BC isr=00 irr=00 | E8 7F 00 84 C0 78 04 84 E0 75 1A E8 2B FA 73 F0 | eax=00000880 ebx=0000FF08 ecx=000000E2 edx=00000307 esi=00000008 edi=00000010 esp=0000089C
  INT13 701 INT15/86 14
  IRQS raised 310 2 0 0 0 0 18 0 | acked 227 2 0 0 0 0 18 0
HEARTBEAT [D000:00000FED] cpl=0 pm=0 v86=0 if=1 pic imr=BC isr=00 irr=00 | 30 DA AA EC 30 DA AA EC 30 DA AA EC 30 DA AA EC | eax=00000000 ebx=0000FF08 ecx=00000053 edx=00000308 esi=00000010 edi=000005AB esp=0000089A
  INT13 1093 INT15/86 14
  IRQS raised 346 2 0 0 0 0 18 0 | acked 263 2 0 0 0 0 18 0
HEARTBEAT [D000:000012FB] cpl=0 pm=0 v86=0 if=1 pic imr=BC isr=00 irr=00 | EC C3 30 F6 8A 5D 14 80 FB 08 72 20 80 FB 0A 76 | eax=00000806 ebx=0000FF08 ecx=0000012A edx=00000307 esi=00000004 edi=00000010 esp=0000089A
  INT13 1534 INT15/86 14
  IRQS raised 382 2 0 0 0 0 18 0 | acked 299 2 0 0 0 0 18 0
HEARTBEAT [D000:00001365] cpl=0 pm=0 v86=0 if=1 pic imr=BC isr=00 irr=00 | C3 00 08 02 0A 04 0C 06 0E B4 A2 8A 46 06 3C 20 | eax=0000E801 ebx=00000006 ecx=00000161 edx=00000305 esi=00000004 edi=00000010 esp=000008A0
  INT13 1949 INT15/86 14
  IRQS raised 419 2 0 0 0 0 18 0 | acked 336 2 0 0 0 0 18 0
HEARTBEAT [D000:00001061] cpl=0 pm=0 v86=0 if=1 pic imr=BC isr=00 irr=00 | 74 03 E9 7A FF C3 88 CD B1 04 D3 E9 EC 42 AA EC | eax=000000C8 ebx=0000FF08 ecx=00000009 edx=00000300 esi=00000010 edi=000000E0 esp=00000894
  INT13 2393 INT15/86 14
  IRQS raised 455 2 0 0 0 0 18 0 | acked 372 2 0 0 0 0 18 0
HEARTBEAT [D000:0000102D] cpl=0 pm=0 v86=0 if=1 pic imr=BC isr=00 irr=00 | 30 DA AA EC 30 DA AA EC 30 DA AA EC 30 DA AA EC | eax=001000EC ebx=0000FF08 ecx=0000006C edx=00000308 esi=00000010 edi=00000299 esp=0000089A
  INT13 2700 INT15/86 14
  IRQS raised 492 2 0 0 0 0 18 0 | acked 409 2 0 0 0 0 18 0
HEARTBEAT [D000:00001045] cpl=0 pm=0 v86=0 if=1 pic imr=BC isr=00 irr=00 | 30 DA AA EC 30 DA AA EC 30 DA AA EC 30 DA AA EC | eax=00000000 ebx=0000FF08 ecx=0000002F edx=00000308 esi=00000010 edi=00000A3F esp=0000089A
  INT13 3025 INT15/86 14
  IRQS raised 528 2 0 0 0 0 18 0 | acked 445 2 0 0 0 0 18 0
HEARTBEAT [D000:00001170] cpl=0 pm=0 v86=0 if=1 pic imr=BC isr=00 irr=00 | EE 30 DA 88 E0 EE AD 30 DA 86 C4 EE 30 DA 88 E0 | eax=0001751C ebx=0000FF08 ecx=00000026 edx=00000308 esi=00001BAE edi=00000010 esp=000008A0
  INT13 3368 INT15/86 14
  IRQS raised 565 2 0 0 0 0 18 0 | acked 482 2 0 0 0 0 18 0
HEARTBEAT [D000:00001055] cpl=0 pm=0 v86=0 if=1 pic imr=BC isr=00 irr=00 | 30 DA AA EC 30 DA AA EC 30 DA AA 49 74 03 E9 7A | eax=00000000 ebx=0000FF08 ecx=00000081 edx=00000308 esi=00000010 edi=00001003 esp=0000089A
  INT13 3523 INT15/86 14
  IRQS raised 601 2 0 0 0 0 18 0 | acked 518 2 0 0 0 0 18 0
HEARTBEAT [D000:00001258] cpl=0 pm=0 v86=0 if=1 pic imr=BC isr=00 irr=00 | 73 F0 E8 12 00 72 03 B4 80 F9 C3 E8 66 00 84 C0 | eax=00000880 ebx=0000FF08 ecx=00000229 edx=00000307 esi=00000006 edi=00000010 esp=0000089C
  INT13 3675 INT15/86 14
  IRQS raised 637 2 0 0 0 0 18 0 | acked 554 2 0 0 0 0 18 0
HEARTBEAT [D000:000004A0] cpl=0 pm=0 v86=0 if=1 pic imr=BC isr=00 irr=00 | 8C DF 85 FF 75 17 8B 3E 13 04 51 B1 06 D3 E7 59 | eax=00000210 ebx=00000006 ecx=00001720 edx=00000780 esi=00000522 edi=000000C8 esp=0000089E
  INT13 3833 INT15/86 14
  IRQS raised 674 2 0 0 0 0 18 0 | acked 591 2 0 0 0 0 18 0
HEARTBEAT [22A1:00000426] cpl=0 pm=0 v86=0 if=1 pic imr=BC isr=00 irr=00 | 52 49 74 48 8A E0 8A D4 8A 04 46 33 DB 8A D8 C0 | eax=00004104 ebx=00002C1A ecx=000001EC edx=00008041 esi=00000C1A edi=0000E000 esp=0000052E
  INT13 4027 INT15/86 14
  IRQS raised 710 2 0 0 0 0 18 0 | acked 627 2 0 0 0 0 18 0
HEARTBEAT [D000:00000FF9] cpl=0 pm=0 v86=0 if=1 pic imr=BC isr=00 irr=00 | 30 DA AA EC 30 DA AA EC 30 DA AA EC 30 DA AA EC | eax=000000D0 ebx=0000FF08 ecx=000A019D edx=00000300 esi=00050010 edi=00000C66 esp=0000089C
  INT13 4273 INT15/86 14
  IRQS raised 747 2 0 0 0 0 18 0 | acked 664 2 0 0 0 0 18 0
HEARTBEAT [D000:0000114F] cpl=0 pm=0 v86=0 if=1 pic imr=BC isr=00 irr=00 | EE 30 DA 88 E0 EE AD 30 DA 86 C4 EE 30 DA 88 E0 | eax=471F5741 ebx=C001FF08 ecx=00000020 edx=00000308 esi=0005000A edi=00000010 esp=0000087C
  INT13 4461 INT15/86 14
  IRQS raised 783 2 0 0 0 0 18 0 | acked 700 2 0 0 0 0 18 0
HEARTBEAT [D000:00000FE9] cpl=0 pm=0 v86=0 if=1 pic imr=BC isr=00 irr=00 | 30 DA AA EC 30 DA AA EC 30 DA AA EC 30 DA AA EC | eax=00000001 ebx=C003FF08 ecx=00000099 edx=00000300 esi=00050010 edi=00000AE2 esp=0000089A
  INT13 4772 INT15/86 14
  IRQS raised 819 2 0 0 0 0 18 0 | acked 736 2 0 0 0 0 18 0
HEARTBEAT [D000:00001160] cpl=3 pm=1 v86=1 if=1 pic imr=B8 isr=00 irr=00 | AD 30 DA 86 C4 EE 30 DA 88 E0 EE AD 30 DA 86 C4 | eax=00000A0A ebx=C152FF08 ecx=00000016 edx=C0320300 esi=C03600AC edi=C0360010 esp=0000087C
  INT13 5025 INT15/86 14
  IRQS raised 856 2 0 0 0 0 18 0 | acked 767 2 0 0 0 0 18 0
  V86 SS:SP=00C9:087C DS=0A0E ES=0A0E | 0F63 0030 0001 1731 0300 1142 0020 0201 1600 0300 06CE 0070 
HEARTBEAT [D000:000012FC] cpl=3 pm=1 v86=1 if=1 pic imr=B8 isr=00 irr=00 | C3 30 F6 8A 5D 14 80 FB 08 72 20 80 FB 0A 76 0F | eax=C0FD0880 ebx=C152FF08 ecx=00000322 edx=C0FD0307 esi=00000000 edi=C10C0010 esp=0000089A
  INT13 5492 INT15/86 14
  IRQS raised 999 2 0 0 0 0 18 0 | acked 910 2 0 0 0 0 18 0
  V86 SS:SP=00C9:089A DS=0030 ES=90C0 | 124D 0EE7 171D 0300 0FD8 0020 0202 2500 3246 90A8 0070 00C8 
HEARTBEAT [D000:000012D5] cpl=3 pm=1 v86=1 if=1 pic imr=B8 isr=00 irr=00 | 72 21 89 D3 3C 0A 76 16 D1 E2 3C 14 72 15 B7 3E | eax=00000806 ebx=C152FF08 ecx=00000346 edx=C0FD0007 esi=00000004 edi=C0FD0010 esp=00000894
  INT13 5779 INT15/86 14
  IRQS raised 1144 2 0 0 0 0 18 0 | acked 1055 2 0 0 0 0 18 0
  V86 SS:SP=00C9:0894 DS=0030 ES=09ED | 124D 0EE7 171D 0300 0FD8 0020 0201 0500 0032 06CE 0070 00C8 
HEARTBEAT [D000:00000C77] cpl=3 pm=1 v86=1 if=1 pic imr=B8 isr=00 irr=00 | 88 0E 08 00 E8 29 00 88 0E 09 00 C3 E8 21 00 3A | eax=0000085E ebx=C152FF08 ecx=000000FF edx=C0320190 esi=00000004 edi=C13B0010 esp=0000087E
  INT13 6013 INT15/86 14
  IRQS raised 1290 2 0 0 0 0 18 0 | acked 1201 2 0 0 0 0 18 0
  V86 SS:SP=00C9:087E DS=0030 ES=085E | 1242 0F35 1731 0300 1142 0020 0201 0000 0C7E 06CE 0070 00C8 
HEARTBEAT [0028:C0003649] cpl=0 pm=1 v86=0 if=0 pic imr=B8 isr=00 irr=00 | 87 50 FC 89 16 83 3E 00 75 0A 83 7D 24 00 75 04 | eax=C0FCE344 ebx=C15200E8 ecx=C0FCE0D8 edx=C0FCE2E4 esi=C10CD708 edi=C00035F9 esp=C13A1B74
  INT13 6202 INT15/86 14
  IRQS raised 1436 2 0 0 0 0 18 0 | acked 1347 2 0 0 0 0 18 0
HEARTBEAT [0028:C0003560] cpl=0 pm=1 v86=0 if=1 pic imr=B8 isr=00 irr=00 | 81 3D 44 F4 00 C0 00 1A 00 C0 74 4D BE A0 35 00 | eax=000FFB17 ebx=C15200E8 ecx=00000001 edx=0010B560 esi=00000018 edi=C159F068 esp=C13A1B3C
  INT13 6614 INT15/86 14
  IRQS raised 1581 2 0 0 0 0 18 0 | acked 1492 2 0 0 0 0 18 0
[0117:0000B929] Illegal instruction 00008B55 (FF)
HEARTBEAT [D000:00000CB0] cpl=3 pm=1 v86=1 if=1 pic imr=B8 isr=00 irr=00 | 1F C3 B0 06 B2 06 E8 44 06 B8 06 00 E8 D7 FF B0 | eax=00000880 ebx=0000FF08 ecx=000003D8 edx=C1350307 esi=C1590000 edi=00000010 esp=00000292
  INT13 6904 INT15/86 14
  IRQS raised 1727 2 0 0 0 0 18 0 | acked 1638 2 0 0 0 0 18 0
  V86 SS:SP=0F00:0292 DS=0000 ES=CC00 | 0030 0C86 1258 0EE7 171D 0300 0FD8 0020 0208 0000 0000 CC00 
HEARTBEAT [0028:C002DDE6] cpl=0 pm=1 v86=0 if=1 pic imr=A8 isr=00 irr=00 | 9D E8 F7 8D FF FF 0F 82 BA 00 00 00 9C 83 7D 64 | eax=00000000 ebx=C15DB0E0 ecx=C0FFC2C2 edx=C15DB200 esi=C0FFC244 edi=C0022A9A esp=C13A1C60
  INT13 7122 INT15/86 14
  IRQS raised 1873 2 0 0 0 0 18 0 | acked 1784 2 0 0 0 0 18 0
HEARTBEAT [D000:00000CAC] cpl=3 pm=1 v86=1 if=1 pic imr=A8 isr=00 irr=00 | 8B 0E 6C 04 1F C3 B0 06 B2 06 E8 44 06 B8 06 00 | eax=00000880 ebx=0000FF08 ecx=00000000 edx=00000307 esi=00000000 edi=00000010 esp=00000292
  INT13 7375 INT15/86 14
  IRQS raised 2018 2 0 0 0 0 18 0 | acked 1929 2 0 0 0 0 18 0
  V86 SS:SP=0F00:0292 DS=0000 ES=CC00 | 0030 0C86 1258 0EE7 171D 0300 0FD8 0020 0208 0000 0000 CC00 
HEARTBEAT [D000:00001009] cpl=3 pm=1 v86=1 if=1 pic imr=A8 isr=00 irr=00 | 30 DA AA EC 30 DA AA EC 30 DA AA EC 30 DA AA EC | eax=00000000 ebx=0002FF08 ecx=C0FF0024 edx=81510300 esi=81510010 edi=81B60B8A esp=00000296
  INT13 7637 INT15/86 14
  IRQS raised 2164 2 0 0 0 0 18 0 | acked 2075 2 0 0 0 0 18 0
  V86 SS:SP=0F00:0296 DS=0030 ES=CC00 | 0F14 0008 171D 0300 0FD8 0020 0208 0000 0000 CC00 0070 00C8 
HEARTBEAT [0028:C0003739] cpl=0 pm=1 v86=0 if=1 pic imr=A8 isr=00 irr=00 | FD 8D 75 68 8D 7E 24 B9 12 00 00 00 F3 A5 8D B5 | eax=00023206 ebx=C15200E8 ecx=C0FCE0D8 edx=00000000 esi=00000002 edi=C0FD377C esp=C0ED4E48
  INT13 7850 INT15/86 14
  IRQS raised 2310 2 0 0 0 0 18 0 | acked 2221 2 0 0 0 0 18 0
HEARTBEAT [D000:0000117B] cpl=3 pm=1 v86=1 if=1 pic imr=A8 isr=00 irr=00 | EE 30 DA 88 E0 EE AD 30 DA 86 C4 EE 30 DA 88 E0 | eax=C0FCC00F ebx=06EFFF08 ecx=000000D4 edx=00010308 esi=000002CA edi=141F0010 esp=00000294
  INT13 8026 INT15/86 14
  IRQS raised 2455 2 0 0 0 0 18 0 | acked 2366 2 0 0 0 0 18 0
  V86 SS:SP=0F00:0294 DS=CC00 ES=CC00 | 0F63 0030 0008 1731 0300 1142 0020 0208 0000 0000 CC00 0070 
HEARTBEAT [0028:C0257615] cpl=0 pm=1 v86=0 if=1 pic imr=A8 isr=00 irr=00 | 75 E3 33 C0 F9 C3 3B 78 0E 75 E5 C3 55 8B EC 53 | eax=000007A0 ebx=C0ED4D8C ecx=000000A0 edx=504D4554 esi=C0022AC6 edi=20202020 esp=C0ED4CB8
  INT13 8242 INT15/86 14
  IRQS raised 2601 2 0 0 0 0 18 0 | acked 2512 2 0 0 0 0 18 0
HEARTBEAT [0028:C0258B9C] cpl=0 pm=1 v86=0 if=1 pic imr=A8 isr=00 irr=00 | 55 8B EC 83 EC 08 53 56 57 C7 45 FC 00 00 00 00 | eax=00000001 ebx=00000000 ecx=C1400E4E edx=00000000 esi=C0ED4D8C edi=C0FFB9E4 esp=C0ED4D1C
  INT13 8440 INT15/86 14
  IRQS raised 2747 2 0 0 0 0 18 0 | acked 2658 2 0 0 0 0 18 0
HEARTBEAT [D000:00000C95] cpl=3 pm=1 v86=1 if=1 pic imr=A8 isr=00 irr=00 | C3 B8 02 00 FB E8 0A 00 01 C8 E8 05 00 39 C1 75 | eax=00000880 ebx=06EFFF08 ecx=000004FB edx=00010307 esi=00000000 edi=141F0010 esp=00000296
  INT13 8622 INT15/86 14
  IRQS raised 2892 2 0 0 0 0 18 0 | acked 2803 2 0 0 0 0 18 0
  V86 SS:SP=0F00:0296 DS=0030 ES=CC00 | 1258 0EE7 171D 0300 0FD8 0020 0208 0000 0000 CC00 0070 00C8 
HEARTBEAT [0028:C0027A5B] cpl=0 pm=1 v86=0 if=1 pic imr=A8 isr=00 irr=00 | 75 DB C3 00 00 0A 03 10 0F 71 83 02 C0 C4 7A 02 | eax=000000D4 ebx=00000008 ecx=8195B300 edx=C0323252 esi=C0FFC2CA edi=C0323204 esp=C0ED4C80
  INT13 8738 INT15/86 14
  IRQS raised 3038 2 0 0 0 0 18 0 | acked 2949 2 0 0 0 0 18 0
HEARTBEAT [D000:00001171] cpl=3 pm=1 v86=1 if=1 pic imr=A8 isr=00 irr=00 | 30 DA 88 E0 EE AD 30 DA 86 C4 EE 30 DA 88 E0 EE | eax=00000000 ebx=06EFFF08 ecx=000000B6 edx=00010308 esi=000004A8 edi=141F0010 esp=00000294
  INT13 8910 INT15/86 14
  IRQS raised 3183 2 0 0 0 0 18 0 | acked 3094 2 0 0 0 0 18 0
  V86 SS:SP=0F00:0294 DS=CC00 ES=CC00 | 0F63 0030 0008 1731 0300 1142 0020 0208 0000 0000 CC00 0070 
HEARTBEAT [0028:C0008AE9] cpl=0 pm=1 v86=0 if=1 pic imr=A8 isr=00 irr=00 | 75 32 33 D2 33 C0 87 51 10 87 41 18 03 41 14 39 | eax=C15200E8 ebx=C0FD3D00 ecx=C00106D4 edx=C0FCE02C esi=C0FCE000 edi=00000034 esp=C0ED4B78
  INT13 9012 INT15/86 14
  IRQS raised 3329 2 0 0 0 0 18 0 | acked 3240 2 0 0 0 0 18 0
HEARTBEAT [0028:C0225E8D] cpl=0 pm=1 v86=0 if=1 pic imr=A8 isr=00 irr=00 | 83 7D F4 FF 0F 85 3D 00 00 00 C7 45 FC 00 00 00 | eax=C0ED4E54 ebx=00000000 ecx=C0FFC768 edx=C0FD377C esi=8018FC0E edi=0000003C esp=C0ED4E14
  INT13 9146 INT15/86 14
  IRQS raised 3475 2 0 0 0 0 18 0 | acked 3386 2 0 0 0 0 18 0
HEARTBEAT [D000:0000102D] cpl=3 pm=1 v86=1 if=1 pic imr=A8 isr=00 irr=00 | 30 DA AA EC 30 DA AA EC 30 DA AA EC 30 DA AA EC | eax=00000000 ebx=0000FF08 ecx=00000051 edx=C1350308 esi=C0FD0010 edi=C0FD05F3 esp=00000296
  INT13 9261 INT15/86 14
  IRQS raised 3620 2 0 0 0 0 18 0 | acked 3531 2 0 0 0 0 18 0
  V86 SS:SP=0F00:0296 DS=0030 ES=CC00 | 0F14 0008 171D 0300 0FD8 0020 0208 0000 0000 CC00 0070 00C8 
HEARTBEAT [0028:C002DB71] cpl=0 pm=1 v86=0 if=1 pic imr=A8 isr=00 irr=00 | 0F BA 63 0B 03 1B C0 83 E0 40 66 09 45 42 52 8D | eax=00004500 ebx=C15DC400 ecx=C0FFC209 edx=C15DC600 esi=C0FFC244 edi=C0022AAA esp=C0ED4C8C
  INT13 9373 INT15/86 14
  IRQS raised 3766 2 0 0 0 0 18 0 | acked 3677 2 0 0 0 0 18 0
HEARTBEAT [0028:C0027967] cpl=0 pm=1 v86=0 if=1 pic imr=A8 isr=00 irr=00 | 89 14 24 83 3C 3A 00 74 14 39 4C 3A 04 74 2C C1 | eax=0000903E ebx=06E20080 ecx=057C8D44 edx=00000624 esi=C0FFC244 edi=C113E314 esp=C0EDCCA4
  INT13 9418 INT15/86 14
  IRQS raised 3912 2 0 0 0 0 18 0 | acked 3823 2 0 0 0 0 18 0
HEARTBEAT [0028:C0008C1B] cpl=0 pm=1 v86=0 if=0 pic imr=A8 isr=00 irr=00 | 48 C0 EC 07 C3 53 F6 07 04 75 34 81 7F 3C 00 00 | eax=00000000 ebx=C15200E8 ecx=00000035 edx=C0FD3690 esi=C0FD3710 edi=C0FD377C esp=C0ED4E00
  INT13 9537 INT15/86 14
  IRQS raised 4057 2 0 0 0 0 18 0 | acked 3968 2 0 0 0 0 18 0
HEARTBEAT [0028:C0008E27] cpl=0 pm=1 v86=0 if=0 pic imr=A8 isr=00 irr=00 | 8B 1D 1C 07 01 C0 80 E1 7F F6 07 01 0F 84 83 00 | eax=FFFF01FF ebx=C15200E8 ecx=00000035 edx=C0FD3690 esi=C0FD3710 edi=C0FD377C esp=C0ED4E04
  INT13 9543 INT15/86 14
  IRQS raised 4203 2 0 0 0 0 18 0 | acked 4114 2 0 0 0 0 18 0
HEARTBEAT [0028:C0008E39] cpl=0 pm=1 v86=0 if=0 pic imr=A8 isr=00 irr=00 | 33 C0 E8 2D A3 FF FF 0F 84 91 00 00 00 F6 C1 20 | eax=FFFF01FF ebx=C15200E8 ecx=00000035 edx=C0FD3690 esi=C0FD3710 edi=C0FD377C esp=C0ED4E04
  INT13 9543 INT15/86 14
  IRQS raised 4349 2 0 0 0 0 18 0 | acked 4260 2 0 0 0 0 18 0
HEARTBEAT [0028:C0008FC1] cpl=0 pm=1 v86=0 if=1 pic imr=A8 isr=00 irr=00 | 90 90 FA E9 2D FF FF FF 51 33 C9 41 85 C0 74 0D | eax=00000000 ebx=C15200E8 ecx=00000035 edx=C0FD3690 esi=C0FD3710 edi=C0FD377C esp=C0ED4E04
  INT13 9543 INT15/86 14
  IRQS raised 4494 2 0 0 0 0 18 0 | acked 4405 2 0 0 0 0 18 0
HEARTBEAT [0028:C0008ED7] cpl=0 pm=1 v86=0 if=0 pic imr=A8 isr=00 irr=00 | 80 7F CC 00 74 63 51 E8 DB 02 00 00 E8 89 0B 00 | eax=00000000 ebx=C15200E8 ecx=00000035 edx=C0FD3690 esi=C0FD3710 edi=C0FD377C esp=C0ED4E04
  INT13 9543 INT15/86 14
  IRQS raised 4640 2 0 0 0 0 18 0 | acked 4551 2 0 0 0 0 18 0
HEARTBEAT [0028:C0008E3B] cpl=0 pm=1 v86=0 if=0 pic imr=A8 isr=00 irr=00 | E8 2D A3 FF FF 0F 84 91 00 00 00 F6 C1 20 75 48 | eax=00000000 ebx=C15200E8 ecx=00000035 edx=C0FD3690 esi=C0FD3710 edi=C0FD377C esp=C0ED4E04
  INT13 9543 INT15/86 14
  IRQS raised 4786 2 0 0 0 0 18 0 | acked 4697 2 0 0 0 0 18 0
HEARTBEAT [0028:C0008F4A] cpl=0 pm=1 v86=0 if=0 pic imr=A8 isr=00 irr=00 | 74 3E FF 35 F0 E9 00 C0 FB 90 8B 54 24 10 FA FF | eax=00000000 ebx=C15200E8 ecx=00000035 edx=C0FD3690 esi=C0FD3710 edi=C0FD377C esp=C0ED4E04
  INT13 9543 INT15/86 14
  IRQS raised 4931 2 0 0 0 0 18 0 | acked 4842 2 0 0 0 0 18 0
HEARTBEAT [0028:C0008E27] cpl=0 pm=1 v86=0 if=0 pic imr=A8 isr=00 irr=00 | 8B 1D 1C 07 01 C0 80 E1 7F F6 07 01 0F 84 83 00 | eax=FFFF01FF ebx=C15200E8 ecx=00000035 edx=C0FD3690 esi=C0FD3710 edi=C0FD377C esp=C0ED4E04
  INT13 9543 INT15/86 14
  IRQS raised 5077 2 0 0 0 0 18 0 | acked 4988 2 0 0 0 0 18 0
HEARTBEAT [0028:C0008F94] cpl=0 pm=1 v86=0 if=0 pic imr=A8 isr=00 irr=00 | 0F 85 43 FF FF FF F6 07 01 74 05 F6 C1 80 74 1C | eax=00000000 ebx=C15200E8 ecx=00000035 edx=C0FD3690 esi=C0FD3710 edi=C0FD377C esp=C0ED4E04
  INT13 9556 INT15/86 14
  IRQS raised 5223 2 0 0 0 0 18 0 | acked 5134 2 0 0 0 0 18 0
HEARTBEAT [0028:C0008C1B] cpl=0 pm=1 v86=0 if=0 pic imr=A8 isr=00 irr=00 | 48 C0 EC 07 C3 53 F6 07 04 75 34 81 7F 3C 00 00 | eax=00000000 ebx=C15200E8 ecx=00000035 edx=C0FD3690 esi=C0FD3710 edi=C0FD377C esp=C0ED4E00
  INT13 9557 INT15/86 14
  IRQS raised 5368 2 0 0 0 0 18 0 | acked 5279 2 0 0 0 0 18 0
HEARTBEAT [0028:C0008C18] cpl=0 pm=1 v86=0 if=0 pic imr=A8 isr=00 irr=00 | 66 8B 06 48 C0 EC 07 C3 53 F6 07 04 75 34 81 7F | eax=00000000 ebx=C15200E8 ecx=00000035 edx=C0FD3690 esi=C0FD3710 edi=C0FD377C esp=C0ED4E00
  INT13 9557 INT15/86 14
  IRQS raised 5514 2 0 0 0 0 18 0 | acked 5425 2 0 0 0 0 18 0
HEARTBEAT [0028:C0008C18] cpl=0 pm=1 v86=0 if=0 pic imr=A8 isr=00 irr=00 | 66 8B 06 48 C0 EC 07 C3 53 F6 07 04 75 34 81 7F | eax=00000000 ebx=C15200E8 ecx=00000035 edx=C0FD3690 esi=C0FD3710 edi=C0FD377C esp=C0ED4E00
  INT13 9557 INT15/86 14
  IRQS raised 5660 2 0 0 0 0 18 0 | acked 5571 2 0 0 0 0 18 0
HEARTBEAT [0028:C0008F4A] cpl=0 pm=1 v86=0 if=0 pic imr=A8 isr=00 irr=00 | 74 3E FF 35 F0 E9 00 C0 FB 90 8B 54 24 10 FA FF | eax=00000000 ebx=C15200E8 ecx=00000035 edx=C0FD3690 esi=C0FD3710 edi=C0FD377C esp=C0ED4E04
  INT13 9557 INT15/86 14
  IRQS raised 5805 2 0 0 0 0 18 0 | acked 5716 2 0 0 0 0 18 0
HEARTBEAT [0028:C0008F9A] cpl=0 pm=1 v86=0 if=0 pic imr=A8 isr=00 irr=00 | F6 07 01 74 05 F6 C1 80 74 1C A1 E4 06 01 C0 66 | eax=00000000 ebx=C15200E8 ecx=00000035 edx=C0FD3690 esi=C0FD3710 edi=C0FD377C esp=C0ED4E04
  INT13 9557 INT15/86 14
  IRQS raised 5951 2 0 0 0 0 18 0 | acked 5862 2 0 0 0 0 18 0
HEARTBEAT [0028:C003410C] cpl=0 pm=1 v86=0 if=1 pic imr=A8 isr=00 irr=00 | 8B FB 03 3D 14 50 03 C0 83 F9 04 72 C8 77 AF FA | eax=002A0020 ebx=C15200E8 ecx=00000004 edx=00000020 esi=000FFA62 edi=00000060 esp=C0ED4DD4
  INT13 9557 INT15/86 14
  IRQS raised 6097 2 0 0 0 0 18 0 | acked 6008 2 0 0 0 0 18 0
HEARTBEAT [0028:C0008EF6] cpl=0 pm=1 v86=0 if=0 pic imr=A8 isr=00 irr=00 | FA 8B 54 24 0C FF 54 24 08 0F 85 22 FF FF FF F6 | eax=00000000 ebx=C15200E8 ecx=00000035 edx=C0FD3690 esi=C0FD3710 edi=C0FD377C esp=C0ED4E04
  INT13 9557 INT15/86 14
  IRQS raised 6242 2 0 0 0 0 18 0 | acked 6153 2 0 0 0 0 18 0
HEARTBEAT [0028:C0008ED7] cpl=0 pm=1 v86=0 if=0 pic imr=A8 isr=00 irr=00 | 80 7F CC 00 74 63 51 E8 DB 02 00 00 E8 89 0B 00 | eax=00000000 ebx=C15200E8 ecx=00000035 edx=C0FD3690 esi=C0FD3710 edi=C0FD377C esp=C0ED4E04
  INT13 9557 INT15/86 14
  IRQS raised 6388 2 0 0 0 0 18 0 | acked 6299 2 0 0 0 0 18 0
HEARTBEAT [0028:C0008E39] cpl=0 pm=1 v86=0 if=0 pic imr=A8 isr=00 irr=00 | 33 C0 E8 2D A3 FF FF 0F 84 91 00 00 00 F6 C1 20 | eax=FFFF01FF ebx=C15200E8 ecx=00000035 edx=C0FD3690 esi=C0FD3710 edi=C0FD377C esp=C0ED4E04
  INT13 9557 INT15/86 14
  IRQS raised 6533 2 0 0 0 0 18 0 | acked 6444 2 0 0 0 0 18 0
HEARTBEAT [0028:C000316D] cpl=0 pm=1 v86=0 if=0 pic imr=A8 isr=00 irr=00 | 56 8B F0 33 C0 3B 05 F0 E9 00 C0 75 0A 5E C3 48 | eax=00000000 ebx=C15200E8 ecx=00000035 edx=C0FD3690 esi=C0FD3710 edi=C0FD377C esp=C0ED4E00
  INT13 9557 INT15/86 14
  IRQS raised 6679 2 0 0 0 0 18 0 | acked 6590 2 0 0 0 0 18 0
HEARTBEAT [0028:C0008ED7] cpl=0 pm=1 v86=0 if=0 pic imr=A8 isr=00 irr=00 | 80 7F CC 00 74 63 51 E8 DB 02 00 00 E8 89 0B 00 | eax=00000000 ebx=C15200E8 ecx=00000035 edx=C0FD3690 esi=C0FD3710 edi=C0FD377C esp=C0ED4E04
  INT13 9557 INT15/86 14
  IRQS raised 6825 2 0 0 0 0 18 0 | acked 6736 2 0 0 0 0 18 0
HEARTBEAT [0028:C0008C1F] cpl=0 pm=1 v86=0 if=0 pic imr=A8 isr=00 irr=00 | C3 53 F6 07 04 75 34 81 7F 3C 00 00 10 00 73 1D | eax=FFFF01FF ebx=C15200E8 ecx=00000035 edx=C0FD3690 esi=C0FD3710 edi=C0FD377C esp=C0ED4E00
  INT13 9557 INT15/86 14
  IRQS raised 6970 2 0 0 0 0 18 0 | acked 6881 2 0 0 0 0 18 0
HEARTBEAT [0028:C0008C18] cpl=0 pm=1 v86=0 if=0 pic imr=A8 isr=00 irr=00 | 66 8B 06 48 C0 EC 07 C3 53 F6 07 04 75 34 81 7F | eax=00000000 ebx=C15200E8 ecx=00000035 edx=C0FD3690 esi=C0FD3710 edi=C0FD377C esp=C0ED4E00
  INT13 9557 INT15/86 14
  IRQS raised 7116 2 0 0 0 0 18 0 | acked 7027 2 0 0 0 0 18 0
HEARTBEAT [0028:C0008F94] cpl=0 pm=1 v86=0 if=0 pic imr=A8 isr=00 irr=00 | 0F 85 43 FF FF FF F6 07 01 74 05 F6 C1 80 74 1C | eax=00000000 ebx=C15200E8 ecx=00000035 edx=C0FD3690 esi=C0FD3710 edi=C0FD377C esp=C0ED4E04
  INT13 9557 INT15/86 14
  IRQS raised 7262 2 0 0 0 0 18 0 | acked 7173 2 0 0 0 0 18 0
HEARTBEAT [0028:C000317A] cpl=0 pm=1 v86=0 if=0 pic imr=A8 isr=00 irr=00 | 5E C3 48 5E C3 33 C0 56 33 F6 8B 6B 08 39 05 F4 | eax=00000000 ebx=C15200E8 ecx=00000035 edx=C0FD3690 esi=00000000 edi=C0FD377C esp=C0ED4DFC
  INT13 9557 INT15/86 14
  IRQS raised 7407 2 0 0 0 0 18 0 | acked 7318 2 0 0 0 0 18 0
HEARTBEAT [0028:C0008E27] cpl=0 pm=1 v86=0 if=0 pic imr=A8 isr=00 irr=00 | 8B 1D 1C 07 01 C0 80 E1 7F F6 07 01 0F 84 83 00 | eax=FFFF01FF ebx=C15200E8 ecx=00000035 edx=C0FD3690 esi=C0FD3710 edi=C0FD377C esp=C0ED4E04
  INT13 9557 INT15/86 14
  IRQS raised 7553 2 0 0 0 0 18 0 | acked 7464 2 0 0 0 0 18 0
HEARTBEAT [0028:C0008FC1] cpl=0 pm=1 v86=0 if=1 pic imr=A8 isr=00 irr=00 | 90 90 FA E9 2D FF FF FF 51 33 C9 41 85 C0 74 0D | eax=00000000 ebx=C15200E8 ecx=00000035 edx=C0FD3690 esi=C0FD3710 edi=C0FD377C esp=C0ED4E04
  INT13 9557 INT15/86 14
  IRQS raised 7699 2 0 0 0 0 18 0 | acked 7610 2 0 0 0 0 18 0
HEARTBEAT [0028:C0003172] cpl=0 pm=1 v86=0 if=0 pic imr=A8 isr=00 irr=00 | 3B 05 F0 E9 00 C0 75 0A 5E C3 48 5E C3 33 C0 56 | eax=00000000 ebx=C15200E8 ecx=00000035 edx=C0FD3690 esi=00000000 edi=C0FD377C esp=C0ED4DFC
  INT13 9557 INT15/86 14
  IRQS raised 7844 2 0 0 0 0 18 0 | acked 7755 2 0 0 0 0 18 0
HEARTBEAT [0028:C0008F4A] cpl=0 pm=1 v86=0 if=0 pic imr=A8 isr=00 irr=00 | 74 3E FF 35 F0 E9 00 C0 FB 90 8B 54 24 10 FA FF | eax=00000000 ebx=C15200E8 ecx=00000035 edx=C0FD3690 esi=C0FD3710 edi=C0FD377C esp=C0ED4E04
  INT13 9557 INT15/86 14
  IRQS raised 7990 2 0 0 0 0 18 0 | acked 7901 2 0 0 0 0 18 0
HEARTBEAT [0028:C0008F9F] cpl=0 pm=1 v86=0 if=0 pic imr=A8 isr=00 irr=00 | F6 C1 80 74 1C A1 E4 06 01 C0 66 83 3D F0 E9 00 | eax=00000000 ebx=C15200E8 ecx=00000035 edx=C0FD3690 esi=C0FD3710 edi=C0FD377C esp=C0ED4E04
  INT13 9557 INT15/86 14
  IRQS raised 8136 2 0 0 0 0 18 0 | acked 8047 2 0 0 0 0 18 0
HEARTBEAT [0028:C0008E39] cpl=0 pm=1 v86=0 if=0 pic imr=A8 isr=00 irr=00 | 33 C0 E8 2D A3 FF FF 0F 84 91 00 00 00 F6 C1 20 | eax=FFFF01FF ebx=C15200E8 ecx=00000035 edx=C0FD3690 esi=C0FD3710 edi=C0FD377C esp=C0ED4E04
  INT13 9557 INT15/86 14
  IRQS raised 8281 2 0 0 0 0 18 0 | acked 8192 2 0 0 0 0 18 0
HEARTBEAT [0028:C0008ED7] cpl=0 pm=1 v86=0 if=0 pic imr=A8 isr=00 irr=00 | 80 7F CC 00 74 63 51 E8 DB 02 00 00 E8 89 0B 00 | eax=00000000 ebx=C15200E8 ecx=00000035 edx=C0FD3690 esi=C0FD3710 edi=C0FD377C esp=C0ED4E04
  INT13 9557 INT15/86 14
  IRQS raised 8427 2 0 0 0 0 18 0 | acked 8338 2 0 0 0 0 18 0
HEARTBEAT [0028:C0008F4A] cpl=0 pm=1 v86=0 if=0 pic imr=A8 isr=00 irr=00 | 74 3E FF 35 F0 E9 00 C0 FB 90 8B 54 24 10 FA FF | eax=00000000 ebx=C15200E8 ecx=00000035 edx=C0FD3690 esi=C0FD3710 edi=C0FD377C esp=C0ED4E04
  INT13 9557 INT15/86 14
  IRQS raised 8573 2 0 0 0 0 18 0 | acked 8484 2 0 0 0 0 18 0
HEARTBEAT [0028:C0008F94] cpl=0 pm=1 v86=0 if=0 pic imr=A8 isr=00 irr=00 | 0F 85 43 FF FF FF F6 07 01 74 05 F6 C1 80 74 1C | eax=00000000 ebx=C15200E8 ecx=00000035 edx=C0FD3690 esi=C0FD3710 edi=C0FD377C esp=C0ED4E04
  INT13 9557 INT15/86 14
  IRQS raised 8718 2 0 0 0 0 18 0 | acked 8629 2 0 0 0 0 18 0
HEARTBEAT [0028:C0008E39] cpl=0 pm=1 v86=0 if=0 pic imr=A8 isr=00 irr=00 | 33 C0 E8 2D A3 FF FF 0F 84 91 00 00 00 F6 C1 20 | eax=FFFF01FF ebx=C15200E8 ecx=00000035 edx=C0FD3690 esi=C0FD3710 edi=C0FD377C esp=C0ED4E04
  INT13 9557 INT15/86 14
  IRQS raised 8864 2 0 0 0 0 18 0 | acked 8775 2 0 0 0 0 18 0
HEARTBEAT [0028:C0008F9D] cpl=0 pm=1 v86=0 if=0 pic imr=A8 isr=00 irr=00 | 74 05 F6 C1 80 74 1C A1 E4 06 01 C0 66 83 3D F0 | eax=00000000 ebx=C15200E8 ecx=00000035 edx=C0FD3690 esi=C0FD3710 edi=C0FD377C esp=C0ED4E04
  INT13 9557 INT15/86 14
  IRQS raised 9010 2 0 0 0 0 18 0 | acked 8921 2 0 0 0 0 18 0
HEARTBEAT [0028:C0008E39] cpl=0 pm=1 v86=0 if=0 pic imr=A8 isr=00 irr=00 | 33 C0 E8 2D A3 FF FF 0F 84 91 00 00 00 F6 C1 20 | eax=FFFF01FF ebx=C15200E8 ecx=00000035 edx=C0FD3690 esi=C0FD3710 edi=C0FD377C esp=C0ED4E04
  INT13 9557 INT15/86 14
  IRQS raised 9155 2 0 0 0 0 18 0 | acked 9066 2 0 0 0 0 18 0
HEARTBEAT [0028:C0008E39] cpl=0 pm=1 v86=0 if=0 pic imr=A8 isr=00 irr=00 | 33 C0 E8 2D A3 FF FF 0F 84 91 00 00 00 F6 C1 20 | eax=FFFF01FF ebx=C15200E8 ecx=00000035 edx=C0FD3690 esi=C0FD3710 edi=C0FD377C esp=C0ED4E04
  INT13 9557 INT15/86 14
  IRQS raised 9301 2 0 0 0 0 18 0 | acked 9212 2 0 0 0 0 18 0
HEARTBEAT [0028:C023F52D] cpl=0 pm=1 v86=0 if=1 pic imr=A8 isr=00 irr=00 | FF 05 D0 2A 32 C0 FF 4A 10 74 3D 39 4A 08 74 3B | eax=00000102 ebx=81514470 ecx=81514470 edx=BFFBFA40 esi=C1122D9C edi=81516974 esp=C0ED4E4C
  INT13 9557 INT15/86 14
  IRQS raised 9447 2 0 0 0 0 18 0 | acked 9358 2 0 0 0 0 18 0
HEARTBEAT [0028:C0008EFB] cpl=0 pm=1 v86=0 if=0 pic imr=A8 isr=00 irr=00 | FF 54 24 08 0F 85 22 FF FF FF F6 47 01 10 74 1C | eax=00000000 ebx=C15200E8 ecx=00000035 edx=C0FD3690 esi=C0FD3710 edi=C0FD377C esp=C0ED4E04
  INT13 9557 INT15/86 14
  IRQS raised 9592 2 0 0 0 0 18 0 | acked 9503 2 0 0 0 0 18 0
HEARTBEAT [0028:C0008F40] cpl=0 pm=1 v86=0 if=0 pic imr=A8 isr=00 irr=00 | 81 3D 9C 0C 01 C0 98 0C 01 C0 74 3E FF 35 F0 E9 | eax=00000000 ebx=C15200E8 ecx=00000035 edx=C0FD3690 esi=C0FD3710 edi=C0FD377C esp=C0ED4E04
  INT13 9557 INT15/86 14
  IRQS raised 9738 2 0 0 0 0 18 0 | acked 9649 2 0 0 0 0 18 0
HEARTBEAT [0028:C0008F4A] cpl=0 pm=1 v86=0 if=0 pic imr=A8 isr=00 irr=00 | 74 3E FF 35 F0 E9 00 C0 FB 90 8B 54 24 10 FA FF | eax=00000000 ebx=C15200E8 ecx=00000035 edx=C0FD3690 esi=C0FD3710 edi=C0FD377C esp=C0ED4E04
  INT13 9557 INT15/86 14
  IRQS raised 9883 2 0 0 0 0 18 0 | acked 9794 2 0 0 0 0 18 0
HEARTBEAT [0028:C0008E40] cpl=0 pm=1 v86=0 if=0 pic imr=A8 isr=00 irr=00 | 0F 84 91 00 00 00 F6 C1 20 75 48 F6 40 08 02 74 | eax=00000000 ebx=C15200E8 ecx=00000035 edx=C0FD3690 esi=C0FD3710 edi=C0FD377C esp=C0ED4E04
  INT13 9557 INT15/86 14
  IRQS raised 10029 2 0 0 0 0 18 0 | acked 9940 2 0 0 0 0 18 0
HEARTBEAT [0028:C0008E3B] cpl=0 pm=1 v86=0 if=0 pic imr=A8 isr=00 irr=00 | E8 2D A3 FF FF 0F 84 91 00 00 00 F6 C1 20 75 48 | eax=00000000 ebx=C15200E8 ecx=00000035 edx=C0FD3690 esi=C0FD3710 edi=C0FD377C esp=C0ED4E04
  INT13 9557 INT15/86 14
  IRQS raised 10175 2 0 0 0 0 18 0 | acked 10086 2 0 0 0 0 18 0
HEARTBEAT [0028:C0008EF6] cpl=0 pm=1 v86=0 if=0 pic imr=A8 isr=00 irr=00 | FA 8B 54 24 0C FF 54 24 08 0F 85 22 FF FF FF F6 | eax=00000000 ebx=C15200E8 ecx=00000035 edx=C0FD3690 esi=C0FD3710 edi=C0FD377C esp=C0ED4E04
  INT13 9557 INT15/86 14
  IRQS raised 10320 2 0 0 0 0 18 0 | acked 10231 2 0 0 0 0 18 0
HEARTBEAT [0028:C0008E27] cpl=0 pm=1 v86=0 if=0 pic imr=A8 isr=00 irr=00 | 8B 1D 1C 07 01 C0 80 E1 7F F6 07 01 0F 84 83 00 | eax=FFFF01FF ebx=C15200E8 ecx=00000035 edx=C0FD3690 esi=C0FD3710 edi=C0FD377C esp=C0ED4E04
  INT13 9557 INT15/86 14
  IRQS raised 10466 2 0 0 0 0 18 0 | acked 10377 2 0 0 0 0 18 0
HEARTBEAT [0028:C000316D] cpl=0 pm=1 v86=0 if=0 pic imr=A8 isr=00 irr=00 | 56 8B F0 33 C0 3B 05 F0 E9 00 C0 75 0A 5E C3 48 | eax=00000000 ebx=C15200E8 ecx=00000035 edx=C0FD3690 esi=C0FD3710 edi=C0FD377C esp=C0ED4E00
  INT13 9557 INT15/86 14
  IRQS raised 10612 2 0 0 0 0 18 0 | acked 10523 2 0 0 0 0 18 0
HEARTBEAT [0028:C0008FC0] cpl=0 pm=1 v86=0 if=0 pic imr=A8 isr=00 irr=00 | FB 90 90 FA E9 2D FF FF FF 51 33 C9 41 85 C0 74 | eax=00000000 ebx=C15200E8 ecx=00000035 edx=C0FD3690 esi=C0FD3710 edi=C0FD377C esp=C0ED4E04
  INT13 9557 INT15/86 14
  IRQS raised 10757 2 0 0 0 0 18 0 | acked 10668 2 0 0 0 0 18 0
HEARTBEAT [0028:C0008EF6] cpl=0 pm=1 v86=0 if=0 pic imr=A8 isr=00 irr=00 | FA 8B 54 24 0C FF 54 24 08 0F 85 22 FF FF FF F6 | eax=00000000 ebx=C15200E8 ecx=00000035 edx=C0FD3690 esi=C0FD3710 edi=C0FD377C esp=C0ED4E04
  INT13 9557 INT15/86 14
  IRQS raised 10903 2 0 0 0 0 18 0 | acked 10814 2 0 0 0 0 18 0
HEARTBEAT [0028:C0008E2D] cpl=0 pm=1 v86=0 if=0 pic imr=A8 isr=00 irr=00 | 80 E1 7F F6 07 01 0F 84 83 00 00 00 33 C0 E8 2D | eax=FFFF01FF ebx=C15200E8 ecx=00000035 edx=C0FD3690 esi=C0FD3710 edi=C0FD377C esp=C0ED4E04
  INT13 9557 INT15/86 14
  IRQS raised 11049 2 0 0 0 0 18 0 | acked 10960 2 0 0 0 0 18 0
HEARTBEAT [0028:C0008E39] cpl=0 pm=1 v86=0 if=0 pic imr=A8 isr=00 irr=00 | 33 C0 E8 2D A3 FF FF 0F 84 91 00 00 00 F6 C1 20 | eax=FFFF01FF ebx=C15200E8 ecx=00000035 edx=C0FD3690 esi=C0FD3710 edi=C0FD377C esp=C0ED4E04
  INT13 9557 INT15/86 14
  IRQS raised 11194 2 0 0 0 0 18 0 | acked 11105 2 0 0 0 0 18 0
HEARTBEAT [0028:C0008F4A] cpl=0 pm=1 v86=0 if=0 pic imr=A8 isr=00 irr=00 | 74 3E FF 35 F0 E9 00 C0 FB 90 8B 54 24 10 FA FF | eax=00000000 ebx=C15200E8 ecx=00000035 edx=C0FD3690 esi=C0FD3710 edi=C0FD377C esp=C0ED4E04
  INT13 9557 INT15/86 14
  IRQS raised 11340 2 0 0 0 0 18 0 | acked 11251 2 0 0 0 0 18 0
HEARTBEAT [0028:C0008ED7] cpl=0 pm=1 v86=0 if=0 pic imr=A8 isr=00 irr=00 | 80 7F CC 00 74 63 51 E8 DB 02 00 00 E8 89 0B 00 | eax=00000000 ebx=C15200E8 ecx=00000035 edx=C0FD3690 esi=C0FD3710 edi=C0FD377C esp=C0ED4E04
  INT13 9557 INT15/86 14
  IRQS raised 11486 2 0 0 0 0 18 0 | acked 11397 2 0 0 0 0 18 0
HEARTBEAT [0028:C0008E39] cpl=0 pm=1 v86=0 if=0 pic imr=A8 isr=00 irr=00 | 33 C0 E8 2D A3 FF FF 0F 84 91 00 00 00 F6 C1 20 | eax=FFFF01FF ebx=C15200E8 ecx=00000035 edx=C0FD3690 esi=C0FD3710 edi=C0FD377C esp=C0ED4E04
  INT13 9557 INT15/86 14
  IRQS raised 11631 2 0 0 0 0 18 0 | acked 11542 2 0 0 0 0 18 0
HEARTBEAT [0028:C000316D] cpl=0 pm=1 v86=0 if=0 pic imr=A8 isr=00 irr=00 | 56 8B F0 33 C0 3B 05 F0 E9 00 C0 75 0A 5E C3 48 | eax=00000000 ebx=C15200E8 ecx=00000035 edx=C0FD3690 esi=C0FD3710 edi=C0FD377C esp=C0ED4E00
  INT13 9557 INT15/86 14
  IRQS raised 11777 2 0 0 0 0 18 0 | acked 11688 2 0 0 0 0 18 0
HEARTBEAT [0028:C0008C1B] cpl=0 pm=1 v86=0 if=0 pic imr=A8 isr=00 irr=00 | 48 C0 EC 07 C3 53 F6 07 04 75 34 81 7F 3C 00 00 | eax=00000000 ebx=C15200E8 ecx=00000035 edx=C0FD3690 esi=C0FD3710 edi=C0FD377C esp=C0ED4E00
  INT13 9557 INT15/86 14
  IRQS raised 11923 2 0 0 0 0 18 0 | acked 11834 2 0 0 0 0 18 0
HEARTBEAT [0028:C0003178] cpl=0 pm=1 v86=0 if=0 pic imr=A8 isr=00 irr=00 | 75 0A 5E C3 48 5E C3 33 C0 56 33 F6 8B 6B 08 39 | eax=00000000 ebx=C15200E8 ecx=00000035 edx=C0FD3690 esi=00000000 edi=C0FD377C esp=C0ED4DFC
  INT13 9557 INT15/86 14
  IRQS raised 12068 2 0 0 0 0 18 0 | acked 11979 2 0 0 0 0 18 0
HEARTBEAT [0028:C0008EF6] cpl=0 pm=1 v86=0 if=0 pic imr=A8 isr=00 irr=00 | FA 8B 54 24 0C FF 54 24 08 0F 85 22 FF FF FF F6 | eax=00000000 ebx=C15200E8 ecx=00000035 edx=C0FD3690 esi=C0FD3710 edi=C0FD377C esp=C0ED4E04
  INT13 9557 INT15/86 14
  IRQS raised 12214 2 0 0 0 0 18 0 | acked 12125 2 0 0 0 0 18 0
HEARTBEAT [0028:C0008F4A] cpl=0 pm=1 v86=0 if=0 pic imr=A8 isr=00 irr=00 | 74 3E FF 35 F0 E9 00 C0 FB 90 8B 54 24 10 FA FF | eax=00000000 ebx=C15200E8 ecx=00000035 edx=C0FD3690 esi=C0FD3710 edi=C0FD377C esp=C0ED4E04
  INT13 9557 INT15/86 14
  IRQS raised 12360 2 0 0 0 0 18 0 | acked 12271 2 0 0 0 0 18 0
HEARTBEAT [0028:C0008F94] cpl=0 pm=1 v86=0 if=0 pic imr=A8 isr=00 irr=00 | 0F 85 43 FF FF FF F6 07 01 74 05 F6 C1 80 74 1C | eax=00000000 ebx=C15200E8 ecx=00000035 edx=C0FD3690 esi=C0FD3710 edi=C0FD377C esp=C0ED4E04
  INT13 9557 INT15/86 14
  IRQS raised 12505 2 0 0 0 0 18 0 | acked 12416 2 0 0 0 0 18 0
HEARTBEAT [0028:C0008E27] cpl=0 pm=1 v86=0 if=0 pic imr=A8 isr=00 irr=00 | 8B 1D 1C 07 01 C0 80 E1 7F F6 07 01 0F 84 83 00 | eax=FFFF01FF ebx=C15200E8 ecx=00000035 edx=C0FD3690 esi=C0FD3710 edi=C0FD377C esp=C0ED4E04
  INT13 9557 INT15/86 14
  IRQS raised 12651 2 0 0 0 0 18 0 | acked 12562 2 0 0 0 0 18 0
HEARTBEAT [0028:C0009B30] cpl=0 pm=1 v86=0 if=1 pic imr=A8 isr=00 irr=00 | C3 80 7F 3F 40 73 23 80 47 3F 40 33 C0 B9 08 03 | eax=FFC00000 ebx=C15200E8 ecx=80000809 edx=C0FCEAD8 esi=00000000 edi=C0FD377C esp=C0ED4DD0
  INT13 9557 INT15/86 14
  IRQS raised 12797 2 0 0 0 0 18 0 | acked 12708 2 0 0 0 0 18 0
HEARTBEAT [0028:C0008F4A] cpl=0 pm=1 v86=0 if=0 pic imr=A8 isr=00 irr=00 | 74 3E FF 35 F0 E9 00 C0 FB 90 8B 54 24 10 FA FF | eax=00000000 ebx=C15200E8 ecx=00000035 edx=C0FD3690 esi=C0FD3710 edi=C0FD377C esp=C0ED4E04
  INT13 9557 INT15/86 14
  IRQS raised 12942 2 0 0 0 0 18 0 | acked 12853 2 0 0 0 0 18 0
HEARTBEAT [0028:C0003172] cpl=0 pm=1 v86=0 if=0 pic imr=A8 isr=00 irr=00 | 3B 05 F0 E9 00 C0 75 0A 5E C3 48 5E C3 33 C0 56 | eax=00000000 ebx=C15200E8 ecx=00000035 edx=C0FD3690 esi=00000000 edi=C0FD377C esp=C0ED4DFC
  INT13 9557 INT15/86 14
  IRQS raised 13088 2 0 0 0 0 18 0 | acked 12999 2 0 0 0 0 18 0
HEARTBEAT [0028:C0008ED7] cpl=0 pm=1 v86=0 if=0 pic imr=A8 isr=00 irr=00 | 80 7F CC 00 74 63 51 E8 DB 02 00 00 E8 89 0B 00 | eax=00000000 ebx=C15200E8 ecx=00000035 edx=C0FD3690 esi=C0FD3710 edi=C0FD377C esp=C0ED4E04
  INT13 9557 INT15/86 14
  IRQS raised 13233 2 0 0 0 0 18 0 | acked 13144 2 0 0 0 0 18 0
HEARTBEAT [0028:C0008E27] cpl=0 pm=1 v86=0 if=0 pic imr=A8 isr=00 irr=00 | 8B 1D 1C 07 01 C0 80 E1 7F F6 07 01 0F 84 83 00 | eax=FFFF01FF ebx=C15200E8 ecx=00000035 edx=C0FD3690 esi=C0FD3710 edi=C0FD377C esp=C0ED4E04
  INT13 9557 INT15/86 14
  IRQS raised 13379 2 0 0 0 0 18 0 | acked 13290 2 0 0 0 0 18 0
HEARTBEAT [0028:C0008EFB] cpl=0 pm=1 v86=0 if=0 pic imr=A8 isr=00 irr=00 | FF 54 24 08 0F 85 22 FF FF FF F6 47 01 10 74 1C | eax=00000000 ebx=C15200E8 ecx=00000035 edx=C0FD3690 esi=C0FD3710 edi=C0FD377C esp=C0ED4E04
  INT13 9557 INT15/86 14
  IRQS raised 13525 2 0 0 0 0 18 0 | acked 13436 2 0 0 0 0 18 0
HEARTBEAT [0028:C0003178] cpl=0 pm=1 v86=0 if=0 pic imr=A8 isr=00 irr=00 | 75 0A 5E C3 48 5E C3 33 C0 56 33 F6 8B 6B 08 39 | eax=00000000 ebx=C15200E8 ecx=00000035 edx=C0FD3690 esi=00000000 edi=C0FD377C esp=C0ED4DFC
  INT13 9557 INT15/86 14
  IRQS raised 13670 2 0 0 0 0 18 0 | acked 13581 2 0 0 0 0 18 0
HEARTBEAT [0028:C0008EF7] cpl=0 pm=1 v86=0 if=0 pic imr=A8 isr=00 irr=00 | 8B 54 24 0C FF 54 24 08 0F 85 22 FF FF FF F6 47 | eax=00000000 ebx=C15200E8 ecx=00000035 edx=C0FD3690 esi=C0FD3710 edi=C0FD377C esp=C0ED4E04
  INT13 9557 INT15/86 14
  IRQS raised 13816 2 0 0 0 0 18 0 | acked 13727 2 0 0 0 0 18 0
HEARTBEAT [0028:C0008EFF] cpl=0 pm=1 v86=0 if=0 pic imr=A8 isr=00 irr=00 | 0F 85 22 FF FF FF F6 47 01 10 74 1C E8 FC A6 FF | eax=FFFF01FF ebx=C15200E8 ecx=00000035 edx=C0FD3690 esi=C0FD3710 edi=C0FD377C esp=C0ED4E04
  INT13 9557 INT15/86 14
  IRQS raised 13962 2 0 0 0 0 18 0 | acked 13873 2 0 0 0 0 18 0
HEARTBEAT [0028:C0008FC0] cpl=0 pm=1 v86=0 if=0 pic imr=A8 isr=00 irr=00 | FB 90 90 FA E9 2D FF FF FF 51 33 C9 41 85 C0 74 | eax=00000000 ebx=C15200E8 ecx=00000035 edx=C0FD3690 esi=C0FD3710 edi=C0FD377C esp=C0ED4E04
  INT13 9557 INT15/86 14
  IRQS raised 14107 2 0 0 0 0 18 0 | acked 14018 2 0 0 0 0 18 0
HEARTBEAT [0028:C0008ED7] cpl=0 pm=1 v86=0 if=0 pic imr=A8 isr=00 irr=00 | 80 7F CC 00 74 63 51 E8 DB 02 00 00 E8 89 0B 00 | eax=00000000 ebx=C15200E8 ecx=00000035 edx=C0FD3690 esi=C0FD3710 edi=C0FD377C esp=C0ED4E04
  INT13 9557 INT15/86 14
  IRQS raised 14253 2 0 0 0 0 18 0 | acked 14164 2 0 0 0 0 18 0
HEARTBEAT [0028:C0008ED7] cpl=0 pm=1 v86=0 if=0 pic imr=A8 isr=00 irr=00 | 80 7F CC 00 74 63 51 E8 DB 02 00 00 E8 89 0B 00 | eax=00000000 ebx=C15200E8 ecx=00000035 edx=C0FD3690 esi=C0FD3710 edi=C0FD377C esp=C0ED4E04
  INT13 9557 INT15/86 14
  IRQS raised 14399 2 0 0 0 0 18 0 | acked 14310 2 0 0 0 0 18 0
HEARTBEAT [0028:C0008EF6] cpl=0 pm=1 v86=0 if=0 pic imr=A8 isr=00 irr=00 | FA 8B 54 24 0C FF 54 24 08 0F 85 22 FF FF FF F6 | eax=00000000 ebx=C15200E8 ecx=00000035 edx=C0FD3690 esi=C0FD3710 edi=C0FD377C esp=C0ED4E04
  INT13 9557 INT15/86 14
  IRQS raised 14544 2 0 0 0 0 18 0 | acked 14455 2 0 0 0 0 18 0
HEARTBEAT [0028:C0003178] cpl=0 pm=1 v86=0 if=0 pic imr=A8 isr=00 irr=00 | 75 0A 5E C3 48 5E C3 33 C0 56 33 F6 8B 6B 08 39 | eax=00000000 ebx=C15200E8 ecx=00000035 edx=C0FD3690 esi=00000000 edi=C0FD377C esp=C0ED4DFC
  INT13 9557 INT15/86 14
  IRQS raised 14690 2 0 0 0 0 18 0 | acked 14601 2 0 0 0 0 18 0
HEARTBEAT [0028:C0008E39] cpl=0 pm=1 v86=0 if=0 pic imr=A8 isr=00 irr=00 | 33 C0 E8 2D A3 FF FF 0F 84 91 00 00 00 F6 C1 20 | eax=FFFF01FF ebx=C15200E8 ecx=00000035 edx=C0FD3690 esi=C0FD3710 edi=C0FD377C esp=C0ED4E04
  INT13 9557 INT15/86 14
  IRQS raised 14836 2 0 0 0 0 18 0 | acked 14747 2 0 0 0 0 18 0
HEARTBEAT [0028:C0008EF6] cpl=0 pm=1 v86=0 if=0 pic imr=A8 isr=00 irr=00 | FA 8B 54 24 0C FF 54 24 08 0F 85 22 FF FF FF F6 | eax=00000000 ebx=C15200E8 ecx=00000035 edx=C0FD3690 esi=C0FD3710 edi=C0FD377C esp=C0ED4E04
  INT13 9557 INT15/86 14
  IRQS raised 14981 2 0 0 0 0 18 0 | acked 14892 2 0 0 0 0 18 0
HEARTBEAT [0028:C0008F94] cpl=0 pm=1 v86=0 if=0 pic imr=A8 isr=00 irr=00 | 0F 85 43 FF FF FF F6 07 01 74 05 F6 C1 80 74 1C | eax=00000000 ebx=C15200E8 ecx=00000035 edx=C0FD3690 esi=C0FD3710 edi=C0FD377C esp=C0ED4E04
  INT13 9557 INT15/86 14
  IRQS raised 15127 2 0 0 0 0 18 0 | acked 15038 2 0 0 0 0 18 0
HEARTBEAT [0028:C0008EF6] cpl=0 pm=1 v86=0 if=0 pic imr=A8 isr=00 irr=00 | FA 8B 54 24 0C FF 54 24 08 0F 85 22 FF FF FF F6 | eax=00000000 ebx=C15200E8 ecx=00000035 edx=C0FD3690 esi=C0FD3710 edi=C0FD377C esp=C0ED4E04
  INT13 9557 INT15/86 14
  IRQS raised 15273 2 0 0 0 0 18 0 | acked 15184 2 0 0 0 0 18 0
HEARTBEAT [0028:C0008ED7] cpl=0 pm=1 v86=0 if=0 pic imr=A8 isr=00 irr=00 | 80 7F CC 00 74 63 51 E8 DB 02 00 00 E8 89 0B 00 | eax=00000000 ebx=C15200E8 ecx=00000035 edx=C0FD3690 esi=C0FD3710 edi=C0FD377C esp=C0ED4E04
  INT13 9557 INT15/86 14
  IRQS raised 15418 2 0 0 0 0 18 0 | acked 15329 2 0 0 0 0 18 0
HEARTBEAT [0028:C0003178] cpl=0 pm=1 v86=0 if=0 pic imr=A8 isr=00 irr=00 | 75 0A 5E C3 48 5E C3 33 C0 56 33 F6 8B 6B 08 39 | eax=00000000 ebx=C15200E8 ecx=00000035 edx=C0FD3690 esi=00000000 edi=C0FD377C esp=C0ED4DFC
  INT13 9557 INT15/86 14
  IRQS raised 15564 2 0 0 0 0 18 0 | acked 15475 2 0 0 0 0 18 0
HEARTBEAT [0028:C0008F4A] cpl=0 pm=1 v86=0 if=0 pic imr=A8 isr=00 irr=00 | 74 3E FF 35 F0 E9 00 C0 FB 90 8B 54 24 10 FA FF | eax=00000000 ebx=C15200E8 ecx=00000035 edx=C0FD3690 esi=C0FD3710 edi=C0FD377C esp=C0ED4E04
  INT13 9557 INT15/86 14
  IRQS raised 15710 2 0 0 0 0 18 0 | acked 15621 2 0 0 0 0 18 0
HEARTBEAT [0028:C0008F4A] cpl=0 pm=1 v86=0 if=0 pic imr=A8 isr=00 irr=00 | 74 3E FF 35 F0 E9 00 C0 FB 90 8B 54 24 10 FA FF | eax=00000000 ebx=C15200E8 ecx=00000035 edx=C0FD3690 esi=C0FD3710 edi=C0FD377C esp=C0ED4E04
  INT13 9557 INT15/86 14
  IRQS raised 15855 2 0 0 0 0 18 0 | acked 15766 2 0 0 0 0 18 0
HEARTBEAT [0028:C0008E39] cpl=0 pm=1 v86=0 if=0 pic imr=A8 isr=00 irr=00 | 33 C0 E8 2D A3 FF FF 0F 84 91 00 00 00 F6 C1 20 | eax=FFFF01FF ebx=C15200E8 ecx=00000035 edx=C0FD3690 esi=C0FD3710 edi=C0FD377C esp=C0ED4E04
  INT13 9557 INT15/86 14
  IRQS raised 16001 2 0 0 0 0 18 0 | acked 15912 2 0 0 0 0 18 0
HEARTBEAT [0028:C0003623] cpl=0 pm=1 v86=0 if=0 pic imr=A8 isr=00 irr=00 | 8B 0E F6 01 08 74 16 8B 55 10 8B 49 0C 66 89 4A | eax=C0FCEC68 ebx=C15200E8 ecx=C15201D7 edx=C0FCEC68 esi=C0FD3830 edi=C00035F9 esp=C0ED4D34
  INT13 9557 INT15/86 14
  IRQS raised 16147 2 0 0 0 0 18 0 | acked 16058 2 0 0 0 0 18 0
HEARTBEAT [0028:C0003172] cpl=0 pm=1 v86=0 if=0 pic imr=A8 isr=00 irr=00 | 3B 05 F0 E9 00 C0 75 0A 5E C3 48 5E C3 33 C0 56 | eax=00000000 ebx=C15200E8 ecx=00000035 edx=C0FD3690 esi=00000000 edi=C0FD377C esp=C0ED4DFC
  INT13 9557 INT15/86 14
  IRQS raised 16292 2 0 0 0 0 18 0 | acked 16203 2 0 0 0 0 18 0
HEARTBEAT [0028:C0008E39] cpl=0 pm=1 v86=0 if=0 pic imr=A8 isr=00 irr=00 | 33 C0 E8 2D A3 FF FF 0F 84 91 00 00 00 F6 C1 20 | eax=FFFF01FF ebx=C15200E8 ecx=00000035 edx=C0FD3690 esi=C0FD3710 edi=C0FD377C esp=C0ED4E04
  INT13 9557 INT15/86 14
  IRQS raised 16438 2 0 0 0 0 18 0 | acked 16349 2 0 0 0 0 18 0
HEARTBEAT [0028:C0008FC1] cpl=0 pm=1 v86=0 if=1 pic imr=A8 isr=00 irr=00 | 90 90 FA E9 2D FF FF FF 51 33 C9 41 85 C0 74 0D | eax=00000000 ebx=C15200E8 ecx=00000035 edx=C0FD3690 esi=C0FD3710 edi=C0FD377C esp=C0ED4E04
  INT13 9557 INT15/86 14
  IRQS raised 16583 2 0 0 0 0 18 0 | acked 16494 2 0 0 0 0 18 0
HEARTBEAT [0028:C0008FA2] cpl=0 pm=1 v86=0 if=0 pic imr=A8 isr=00 irr=00 | 74 1C A1 E4 06 01 C0 66 83 3D F0 E9 00 C0 00 75 | eax=00000000 ebx=C15200E8 ecx=00000035 edx=C0FD3690 esi=C0FD3710 edi=C0FD377C esp=C0ED4E04
  INT13 9557 INT15/86 14
  IRQS raised 16729 2 0 0 0 0 18 0 | acked 16640 2 0 0 0 0 18 0
HEARTBEAT [0028:C0008ED7] cpl=0 pm=1 v86=0 if=0 pic imr=A8 isr=00 irr=00 | 80 7F CC 00 74 63 51 E8 DB 02 00 00 E8 89 0B 00 | eax=00000000 ebx=C15200E8 ecx=00000035 edx=C0FD3690 esi=C0FD3710 edi=C0FD377C esp=C0ED4E04
  INT13 9557 INT15/86 14
  IRQS raised 16875 2 0 0 0 0 18 0 | acked 16786 2 0 0 0 0 18 0
HEARTBEAT [0028:C0008EFB] cpl=0 pm=1 v86=0 if=0 pic imr=A8 isr=00 irr=00 | FF 54 24 08 0F 85 22 FF FF FF F6 47 01 10 74 1C | eax=00000000 ebx=C15200E8 ecx=00000035 edx=C0FD3690 esi=C0FD3710 edi=C0FD377C esp=C0ED4E04
  INT13 9557 INT15/86 14
  IRQS raised 17020 2 0 0 0 0 18 0 | acked 16931 2 0 0 0 0 18 0
HEARTBEAT [0028:C0008E30] cpl=0 pm=1 v86=0 if=0 pic imr=A8 isr=00 irr=00 | F6 07 01 0F 84 83 00 00 00 33 C0 E8 2D A3 FF FF | eax=FFFF01FF ebx=C15200E8 ecx=00000035 edx=C0FD3690 esi=C0FD3710 edi=C0FD377C esp=C0ED4E04
  INT13 9557 INT15/86 14
  IRQS raised 17166 2 0 0 0 0 18 0 | acked 17077 2 0 0 0 0 18 0
HEARTBEAT [0028:C0008C1F] cpl=0 pm=1 v86=0 if=0 pic imr=A8 isr=00 irr=00 | C3 53 F6 07 04 75 34 81 7F 3C 00 00 10 00 73 1D | eax=FFFF01FF ebx=C15200E8 ecx=00000035 edx=C0FD3690 esi=C0FD3710 edi=C0FD377C esp=C0ED4E00
  INT13 9557 INT15/86 14
  IRQS raised 17312 2 0 0 0 0 18 0 | acked 17223 2 0 0 0 0 18 0
HEARTBEAT [0028:C000316D] cpl=0 pm=1 v86=0 if=0 pic imr=A8 isr=00 irr=00 | 56 8B F0 33 C0 3B 05 F0 E9 00 C0 75 0A 5E C3 48 | eax=00000000 ebx=C15200E8 ecx=00000035 edx=C0FD3690 esi=C0FD3710 edi=C0FD377C esp=C0ED4E00
  INT13 9557 INT15/86 14
  IRQS raised 17457 2 0 0 0 0 18 0 | acked 17368 2 0 0 0 0 18 0
HEARTBEAT [0028:C0008ED7] cpl=0 pm=1 v86=0 if=0 pic imr=A8 isr=00 irr=00 | 80 7F CC 00 74 63 51 E8 DB 02 00 00 E8 89 0B 00 | eax=00000000 ebx=C15200E8 ecx=00000035 edx=C0FD3690 esi=C0FD3710 edi=C0FD377C esp=C0ED4E04
  INT13 9557 INT15/86 14
  IRQS raised 17603 2 0 0 0 0 18 0 | acked 17514 2 0 0 0 0 18 0
HEARTBEAT [0028:C0008FC0] cpl=0 pm=1 v86=0 if=0 pic imr=A8 isr=00 irr=00 | FB 90 90 FA E9 2D FF FF FF 51 33 C9 41 85 C0 74 | eax=00000000 ebx=C15200E8 ecx=00000035 edx=C0FD3690 esi=C0FD3710 edi=C0FD377C esp=C0ED4E04
  INT13 9557 INT15/86 14
  IRQS raised 17749 2 0 0 0 0 18 0 | acked 17660 2 0 0 0 0 18 0
HEARTBEAT [0028:C0008EFB] cpl=0 pm=1 v86=0 if=0 pic imr=A8 isr=00 irr=00 | FF 54 24 08 0F 85 22 FF FF FF F6 47 01 10 74 1C | eax=00000000 ebx=C15200E8 ecx=00000035 edx=C0FD3690 esi=C0FD3710 edi=C0FD377C esp=C0ED4E04
  INT13 9557 INT15/86 14
  IRQS raised 17894 2 0 0 0 0 18 0 | acked 17805 2 0 0 0 0 18 0
HEARTBEAT [0028:C0008E39] cpl=0 pm=1 v86=0 if=0 pic imr=A8 isr=00 irr=00 | 33 C0 E8 2D A3 FF FF 0F 84 91 00 00 00 F6 C1 20 | eax=FFFF01FF ebx=C15200E8 ecx=00000035 edx=C0FD3690 esi=C0FD3710 edi=C0FD377C esp=C0ED4E04
  INT13 9557 INT15/86 14
  IRQS raised 18040 2 0 0 0 0 18 0 | acked 17951 2 0 0 0 0 18 0
HEARTBEAT [0028:C0008C18] cpl=0 pm=1 v86=0 if=0 pic imr=A8 isr=00 irr=00 | 66 8B 06 48 C0 EC 07 C3 53 F6 07 04 75 34 81 7F | eax=00000000 ebx=C15200E8 ecx=00000035 edx=C0FD3690 esi=C0FD3710 edi=C0FD377C esp=C0ED4E00
  INT13 9557 INT15/86 14
  IRQS raised 18186 2 0 0 0 0 18 0 | acked 18097 2 0 0 0 0 18 0
HEARTBEAT [0028:C0008FC0] cpl=0 pm=1 v86=0 if=0 pic imr=A8 isr=00 irr=00 | FB 90 90 FA E9 2D FF FF FF 51 33 C9 41 85 C0 74 | eax=00000000 ebx=C15200E8 ecx=00000035 edx=C0FD3690 esi=C0FD3710 edi=C0FD377C esp=C0ED4E04
  INT13 9557 INT15/86 14
  IRQS raised 18331 2 0 0 0 0 18 0 | acked 18242 2 0 0 0 0 18 0
HEARTBEAT [0028:C0008E39] cpl=0 pm=1 v86=0 if=0 pic imr=A8 isr=00 irr=00 | 33 C0 E8 2D A3 FF FF 0F 84 91 00 00 00 F6 C1 20 | eax=FFFF01FF ebx=C15200E8 ecx=00000035 edx=C0FD3690 esi=C0FD3710 edi=C0FD377C esp=C0ED4E04
  INT13 9557 INT15/86 14
  IRQS raised 18477 2 0 0 0 0 18 0 | acked 18388 2 0 0 0 0 18 0
HEARTBEAT [0028:C0008F4A] cpl=0 pm=1 v86=0 if=0 pic imr=A8 isr=00 irr=00 | 74 3E FF 35 F0 E9 00 C0 FB 90 8B 54 24 10 FA FF | eax=00000000 ebx=C15200E8 ecx=00000035 edx=C0FD3690 esi=C0FD3710 edi=C0FD377C esp=C0ED4E04
  INT13 9557 INT15/86 14
  IRQS raised 18623 2 0 0 0 0 18 0 | acked 18534 2 0 0 0 0 18 0
HEARTBEAT [0028:C0008F9F] cpl=0 pm=1 v86=0 if=0 pic imr=A8 isr=00 irr=00 | F6 C1 80 74 1C A1 E4 06 01 C0 66 83 3D F0 E9 00 | eax=00000000 ebx=C15200E8 ecx=00000035 edx=C0FD3690 esi=C0FD3710 edi=C0FD377C esp=C0ED4E04
  INT13 9557 INT15/86 14
  IRQS raised 18768 2 0 0 0 0 18 0 | acked 18679 2 0 0 0 0 18 0
HEARTBEAT [0028:C0008E27] cpl=0 pm=1 v86=0 if=0 pic imr=A8 isr=00 irr=00 | 8B 1D 1C 07 01 C0 80 E1 7F F6 07 01 0F 84 83 00 | eax=FFFF01FF ebx=C15200E8 ecx=00000035 edx=C0FD3690 esi=C0FD3710 edi=C0FD377C esp=C0ED4E04
  INT13 9557 INT15/86 14
  IRQS raised 18914 2 0 0 0 0 18 0 | acked 18825 2 0 0 0 0 18 0
HEARTBEAT [0028:C0008ED7] cpl=0 pm=1 v86=0 if=0 pic imr=A8 isr=00 irr=00 | 80 7F CC 00 74 63 51 E8 DB 02 00 00 E8 89 0B 00 | eax=00000000 ebx=C15200E8 ecx=00000035 edx=C0FD3690 esi=C0FD3710 edi=C0FD377C esp=C0ED4E04
  INT13 9557 INT15/86 14
  IRQS raised 19060 2 0 0 0 0 18 0 | acked 18971 2 0 0 0 0 18 0
HEARTBEAT [0028:C0008ED7] cpl=0 pm=1 v86=0 if=0 pic imr=A8 isr=00 irr=00 | 80 7F CC 00 74 63 51 E8 DB 02 00 00 E8 89 0B 00 | eax=00000000 ebx=C15200E8 ecx=00000035 edx=C0FD3690 esi=C0FD3710 edi=C0FD377C esp=C0ED4E04
  INT13 9557 INT15/86 14
  IRQS raised 19205 2 0 0 0 0 18 0 | acked 19116 2 0 0 0 0 18 0
HEARTBEAT [0028:C0008E39] cpl=0 pm=1 v86=0 if=0 pic imr=A8 isr=00 irr=00 | 33 C0 E8 2D A3 FF FF 0F 84 91 00 00 00 F6 C1 20 | eax=FFFF01FF ebx=C15200E8 ecx=00000035 edx=C0FD3690 esi=C0FD3710 edi=C0FD377C esp=C0ED4E04
  INT13 9557 INT15/86 14
  IRQS raised 19351 2 0 0 0 0 18 0 | acked 19262 2 0 0 0 0 18 0
HEARTBEAT [0028:C0033687] cpl=0 pm=1 v86=0 if=0 pic imr=A8 isr=00 irr=00 | 0F BA 23 05 D1 D1 FF 14 8D 60 50 03 C0 8B 02 66 | eax=0003EA1D ebx=C15200E8 ecx=00000001 edx=C00348D4 esi=00000000 edi=C159F11C esp=C0ED4DC0
  INT13 9557 INT15/86 14
  IRQS raised 19497 2 0 0 0 0 18 0 | acked 19408 2 0 0 0 0 18 0
HEARTBEAT [0028:C000316D] cpl=0 pm=1 v86=0 if=0 pic imr=A8 isr=00 irr=00 | 56 8B F0 33 C0 3B 05 F0 E9 00 C0 75 0A 5E C3 48 | eax=00000000 ebx=C15200E8 ecx=00000035 edx=C0FD3690 esi=C0FD3710 edi=C0FD377C esp=C0ED4E00
  INT13 9557 INT15/86 14
  IRQS raised 19642 2 0 0 0 0 18 0 | acked 19553 2 0 0 0 0 18 0
HEARTBEAT [0028:C000317A] cpl=0 pm=1 v86=0 if=0 pic imr=A8 isr=00 irr=00 | 5E C3 48 5E C3 33 C0 56 33 F6 8B 6B 08 39 05 F4 | eax=00000000 ebx=C15200E8 ecx=00000035 edx=C0FD3690 esi=00000000 edi=C0FD377C esp=C0ED4DFC
  INT13 9557 INT15/86 14
  IRQS raised 19788 2 0 0 0 0 18 0 | acked 19699 2 0 0 0 0 18 0
HEARTBEAT [0028:C0008F94] cpl=0 pm=1 v86=0 if=0 pic imr=A8 isr=00 irr=00 | 0F 85 43 FF FF FF F6 07 01 74 05 F6 C1 80 74 1C | eax=00000000 ebx=C15200E8 ecx=00000035 edx=C0FD3690 esi=C0FD3710 edi=C0FD377C esp=C0ED4E04
  INT13 9557 INT15/86 14
  IRQS raised 19933 2 0 0 0 0 18 0 | acked 19844 2 0 0 0 0 18 0
HEARTBEAT [0028:C000316E] cpl=0 pm=1 v86=0 if=0 pic imr=A8 isr=00 irr=00 | 8B F0 33 C0 3B 05 F0 E9 00 C0 75 0A 5E C3 48 5E | eax=00000000 ebx=C15200E8 ecx=00000035 edx=C0FD3690 esi=C0FD3710 edi=C0FD377C esp=C0ED4DFC
  INT13 9557 INT15/86 14
  IRQS raised 20079 2 0 0 0 0 18 0 | acked 19990 2 0 0 0 0 18 0
HEARTBEAT [0028:C0008C1B] cpl=0 pm=1 v86=0 if=0 pic imr=A8 isr=00 irr=00 | 48 C0 EC 07 C3 53 F6 07 04 75 34 81 7F 3C 00 00 | eax=00000000 ebx=C15200E8 ecx=00000035 edx=C0FD3690 esi=C0FD3710 edi=C0FD377C esp=C0ED4E00
  INT13 9557 INT15/86 14
  IRQS raised 20225 2 0 0 0 0 18 0 | acked 20136 2 0 0 0 0 18 0
HEARTBEAT [0028:C0008ED7] cpl=0 pm=1 v86=0 if=0 pic imr=A8 isr=00 irr=00 | 80 7F CC 00 74 63 51 E8 DB 02 00 00 E8 89 0B 00 | eax=00000000 ebx=C15200E8 ecx=00000035 edx=C0FD3690 esi=C0FD3710 edi=C0FD377C esp=C0ED4E04
  INT13 9557 INT15/86 14
  IRQS raised 20370 2 0 0 0 0 18 0 | acked 20281 2 0 0 0 0 18 0
HEARTBEAT [0028:C0008C18] cpl=0 pm=1 v86=0 if=0 pic imr=A8 isr=00 irr=00 | 66 8B 06 48 C0 EC 07 C3 53 F6 07 04 75 34 81 7F | eax=00000000 ebx=C15200E8 ecx=00000035 edx=C0FD3690 esi=C0FD3710 edi=C0FD377C esp=C0ED4E00
  INT13 9557 INT15/86 14
  IRQS raised 20516 2 0 0 0 0 18 0 | acked 20427 2 0 0 0 0 18 0
HEARTBEAT [0028:C0008F9F] cpl=0 pm=1 v86=0 if=0 pic imr=A8 isr=00 irr=00 | F6 C1 80 74 1C A1 E4 06 01 C0 66 83 3D F0 E9 00 | eax=00000000 ebx=C15200E8 ecx=00000035 edx=C0FD3690 esi=C0FD3710 edi=C0FD377C esp=C0ED4E04
  INT13 9557 INT15/86 14
  IRQS raised 20662 2 0 0 0 0 18 0 | acked 20573 2 0 0 0 0 18 0
HEARTBEAT [0028:C000317A] cpl=0 pm=1 v86=0 if=0 pic imr=A8 isr=00 irr=00 | 5E C3 48 5E C3 33 C0 56 33 F6 8B 6B 08 39 05 F4 | eax=00000000 ebx=C15200E8 ecx=00000035 edx=C0FD3690 esi=00000000 edi=C0FD377C esp=C0ED4DFC
  INT13 9557 INT15/86 14
  IRQS raised 20807 2 0 0 0 0 18 0 | acked 20718 2 0 0 0 0 18 0
HEARTBEAT [0028:C0008E39] cpl=0 pm=1 v86=0 if=0 pic imr=A8 isr=00 irr=00 | 33 C0 E8 2D A3 FF FF 0F 84 91 00 00 00 F6 C1 20 | eax=FFFF01FF ebx=C15200E8 ecx=00000035 edx=C0FD3690 esi=C0FD3710 edi=C0FD377C esp=C0ED4E04
  INT13 9557 INT15/86 14
  IRQS raised 20953 2 0 0 0 0 18 0 | acked 20864 2 0 0 0 0 18 0
HEARTBEAT [0028:C0008F94] cpl=0 pm=1 v86=0 if=0 pic imr=A8 isr=00 irr=00 | 0F 85 43 FF FF FF F6 07 01 74 05 F6 C1 80 74 1C | eax=00000000 ebx=C15200E8 ecx=00000035 edx=C0FD3690 esi=C0FD3710 edi=C0FD377C esp=C0ED4E04
  INT13 9557 INT15/86 14
  IRQS raised 21099 2 0 0 0 0 18 0 | acked 21010 2 0 0 0 0 18 0
HEARTBEAT [0028:C0008F4A] cpl=0 pm=1 v86=0 if=0 pic imr=A8 isr=00 irr=00 | 74 3E FF 35 F0 E9 00 C0 FB 90 8B 54 24 10 FA FF | eax=00000000 ebx=C15200E8 ecx=00000035 edx=C0FD3690 esi=C0FD3710 edi=C0FD377C esp=C0ED4E04
  INT13 9557 INT15/86 14
  IRQS raised 21244 2 0 0 0 0 18 0 | acked 21155 2 0 0 0 0 18 0
HEARTBEAT [0028:C0003172] cpl=0 pm=1 v86=0 if=0 pic imr=A8 isr=00 irr=00 | 3B 05 F0 E9 00 C0 75 0A 5E C3 48 5E C3 33 C0 56 | eax=00000000 ebx=C15200E8 ecx=00000035 edx=C0FD3690 esi=00000000 edi=C0FD377C esp=C0ED4DFC
  INT13 9557 INT15/86 14
  IRQS raised 21390 2 0 0 0 0 18 0 | acked 21301 2 0 0 0 0 18 0
HEARTBEAT [0028:C0008E2D] cpl=0 pm=1 v86=0 if=0 pic imr=A8 isr=00 irr=00 | 80 E1 7F F6 07 01 0F 84 83 00 00 00 33 C0 E8 2D | eax=FFFF01FF ebx=C15200E8 ecx=00000035 edx=C0FD3690 esi=C0FD3710 edi=C0FD377C esp=C0ED4E04
  INT13 9557 INT15/86 14
  IRQS raised 21536 2 0 0 0 0 18 0 | acked 21447 2 0 0 0 0 18 0
HEARTBEAT [0028:C0008E2D] cpl=0 pm=1 v86=0 if=0 pic imr=A8 isr=00 irr=00 | 80 E1 7F F6 07 01 0F 84 83 00 00 00 33 C0 E8 2D | eax=FFFF01FF ebx=C15200E8 ecx=00000035 edx=C0FD3690 esi=C0FD3710 edi=C0FD377C esp=C0ED4E04
  INT13 9557 INT15/86 14
  IRQS raised 21681 2 0 0 0 0 18 0 | acked 21592 2 0 0 0 0 18 0
HEARTBEAT [0028:C0008F9F] cpl=0 pm=1 v86=0 if=0 pic imr=A8 isr=00 irr=00 | F6 C1 80 74 1C A1 E4 06 01 C0 66 83 3D F0 E9 00 | eax=00000000 ebx=C15200E8 ecx=00000035 edx=C0FD3690 esi=C0FD3710 edi=C0FD377C esp=C0ED4E04
  INT13 9557 INT15/86 14
  IRQS raised 21827 2 0 0 0 0 18 0 | acked 21738 2 0 0 0 0 18 0
HEARTBEAT [0028:C0003178] cpl=0 pm=1 v86=0 if=0 pic imr=A8 isr=00 irr=00 | 75 0A 5E C3 48 5E C3 33 C0 56 33 F6 8B 6B 08 39 | eax=00000000 ebx=C15200E8 ecx=00000035 edx=C0FD3690 esi=00000000 edi=C0FD377C esp=C0ED4DFC
  INT13 9557 INT15/86 14
  IRQS raised 21973 2 0 0 0 0 18 0 | acked 21884 2 0 0 0 0 18 0
HEARTBEAT [0028:C0008F4A] cpl=0 pm=1 v86=0 if=0 pic imr=A8 isr=00 irr=00 | 74 3E FF 35 F0 E9 00 C0 FB 90 8B 54 24 10 FA FF | eax=00000000 ebx=C15200E8 ecx=00000035 edx=C0FD3690 esi=C0FD3710 edi=C0FD377C esp=C0ED4E04
  INT13 9557 INT15/86 14
  IRQS raised 22118 2 0 0 0 0 18 0 | acked 22029 2 0 0 0 0 18 0
HEARTBEAT [0028:C0008E27] cpl=0 pm=1 v86=0 if=0 pic imr=A8 isr=00 irr=00 | 8B 1D 1C 07 01 C0 80 E1 7F F6 07 01 0F 84 83 00 | eax=FFFF01FF ebx=C15200E8 ecx=00000035 edx=C0FD3690 esi=C0FD3710 edi=C0FD377C esp=C0ED4E04
  INT13 9557 INT15/86 14
  IRQS raised 22264 2 0 0 0 0 18 0 | acked 22175 2 0 0 0 0 18 0
HEARTBEAT [0028:C0008EDB] cpl=0 pm=1 v86=0 if=0 pic imr=A8 isr=00 irr=00 | 74 63 51 E8 DB 02 00 00 E8 89 0B 00 00 59 FB EB | eax=00000000 ebx=C15200E8 ecx=00000035 edx=C0FD3690 esi=C0FD3710 edi=C0FD377C esp=C0ED4E04
  INT13 9557 INT15/86 14
  IRQS raised 22410 2 0 0 0 0 18 0 | acked 22321 2 0 0 0 0 18 0
HEARTBEAT [0028:C000317B] cpl=0 pm=1 v86=0 if=0 pic imr=A8 isr=00 irr=00 | C3 48 5E C3 33 C0 56 33 F6 8B 6B 08 39 05 F4 E9 | eax=00000000 ebx=C15200E8 ecx=00000035 edx=C0FD3690 esi=C0FD3710 edi=C0FD377C esp=C0ED4E00
  INT13 9557 INT15/86 14
  IRQS raised 22555 2 0 0 0 0 18 0 | acked 22466 2 0 0 0 0 18 0
HEARTBEAT [0028:C0008E27] cpl=0 pm=1 v86=0 if=0 pic imr=A8 isr=00 irr=00 | 8B 1D 1C 07 01 C0 80 E1 7F F6 07 01 0F 84 83 00 | eax=FFFF01FF ebx=C15200E8 ecx=00000035 edx=C0FD3690 esi=C0FD3710 edi=C0FD377C esp=C0ED4E04
  INT13 9557 INT15/86 14
  IRQS raised 22701 2 0 0 0 0 18 0 | acked 22612 2 0 0 0 0 18 0
HEARTBEAT [0028:C000332B] cpl=0 pm=1 v86=0 if=1 pic imr=A8 isr=00 irr=00 | FF D0 8B 3D A8 06 01 C0 8F 47 44 FA 5A 8B 42 0C | eax=C001E2F0 ebx=C15200E8 ecx=00000000 edx=C003F430 esi=00000000 edi=C0FD377C esp=C0ED4DCC
  INT13 9557 INT15/86 14
  IRQS raised 22847 2 0 0 0 0 18 0 | acked 22758 2 0 0 0 0 18 0
HEARTBEAT [0028:C0008F9F] cpl=0 pm=1 v86=0 if=0 pic imr=A8 isr=00 irr=00 | F6 C1 80 74 1C A1 E4 06 01 C0 66 83 3D F0 E9 00 | eax=00000000 ebx=C15200E8 ecx=00000035 edx=C0FD3690 esi=C0FD3710 edi=C0FD377C esp=C0ED4E04
  INT13 9557 INT15/86 14
  IRQS raised 22992 2 0 0 0 0 18 0 | acked 22903 2 0 0 0 0 18 0
HEARTBEAT [0028:C0008ED7] cpl=0 pm=1 v86=0 if=0 pic imr=A8 isr=00 irr=00 | 80 7F CC 00 74 63 51 E8 DB 02 00 00 E8 89 0B 00 | eax=00000000 ebx=C15200E8 ecx=00000035 edx=C0FD3690 esi=C0FD3710 edi=C0FD377C esp=C0ED4E04
  INT13 9557 INT15/86 14
  IRQS raised 23138 2 0 0 0 0 18 0 | acked 23049 2 0 0 0 0 18 0
HEARTBEAT [0028:C0008F9F] cpl=0 pm=1 v86=0 if=0 pic imr=A8 isr=00 irr=00 | F6 C1 80 74 1C A1 E4 06 01 C0 66 83 3D F0 E9 00 | eax=00000000 ebx=C15200E8 ecx=00000035 edx=C0FD3690 esi=C0FD3710 edi=C0FD377C esp=C0ED4E04
  INT13 9557 INT15/86 14
  IRQS raised 23283 2 0 0 0 0 18 0 | acked 23194 2 0 0 0 0 18 0
HEARTBEAT [0028:C0008F40] cpl=0 pm=1 v86=0 if=0 pic imr=A8 isr=00 irr=00 | 81 3D 9C 0C 01 C0 98 0C 01 C0 74 3E FF 35 F0 E9 | eax=00000000 ebx=C15200E8 ecx=00000035 edx=C0FD3690 esi=C0FD3710 edi=C0FD377C esp=C0ED4E04
  INT13 9557 INT15/86 14
  IRQS raised 23429 2 0 0 0 0 18 0 | acked 23340 2 0 0 0 0 18 0
HEARTBEAT [0028:C0008E27] cpl=0 pm=1 v86=0 if=0 pic imr=A8 isr=00 irr=00 | 8B 1D 1C 07 01 C0 80 E1 7F F6 07 01 0F 84 83 00 | eax=FFFF01FF ebx=C15200E8 ecx=00000035 edx=C0FD3690 esi=C0FD3710 edi=C0FD377C esp=C0ED4E04
  INT13 9557 INT15/86 14
  IRQS raised 23575 2 0 0 0 0 18 0 | acked 23486 2 0 0 0 0 18 0
HEARTBEAT [0028:C000316E] cpl=0 pm=1 v86=0 if=0 pic imr=A8 isr=00 irr=00 | 8B F0 33 C0 3B 05 F0 E9 00 C0 75 0A 5E C3 48 5E | eax=00000000 ebx=C15200E8 ecx=00000035 edx=C0FD3690 esi=C0FD3710 edi=C0FD377C esp=C0ED4DFC
  INT13 9557 INT15/86 14
  IRQS raised 23720 2 0 0 0 0 18 0 | acked 23631 2 0 0 0 0 18 0
HEARTBEAT [0028:C0008F9F] cpl=0 pm=1 v86=0 if=0 pic imr=A8 isr=00 irr=00 | F6 C1 80 74 1C A1 E4 06 01 C0 66 83 3D F0 E9 00 | eax=00000000 ebx=C15200E8 ecx=00000035 edx=C0FD3690 esi=C0FD3710 edi=C0FD377C esp=C0ED4E04
  INT13 9557 INT15/86 14
  IRQS raised 23866 2 0 0 0 0 18 0 | acked 23777 2 0 0 0 0 18 0
HEARTBEAT [0028:C0008F94] cpl=0 pm=1 v86=0 if=0 pic imr=A8 isr=00 irr=00 | 0F 85 43 FF FF FF F6 07 01 74 05 F6 C1 80 74 1C | eax=00000000 ebx=C15200E8 ecx=00000035 edx=C0FD3690 esi=C0FD3710 edi=C0FD377C esp=C0ED4E04
  INT13 9557 INT15/86 14
  IRQS raised 24012 2 0 0 0 0 18 0 | acked 23923 2 0 0 0 0 18 0
HEARTBEAT [0028:C0008ED7] cpl=0 pm=1 v86=0 if=0 pic imr=A8 isr=00 irr=00 | 80 7F CC 00 74 63 51 E8 DB 02 00 00 E8 89 0B 00 | eax=00000000 ebx=C15200E8 ecx=00000035 edx=C0FD3690 esi=C0FD3710 edi=C0FD377C esp=C0ED4E04
  INT13 9557 INT15/86 14
  IRQS raised 24157 2 0 0 0 0 18 0 | acked 24068 2 0 0 0 0 18 0
HEARTBEAT [0028:C000316D] cpl=0 pm=1 v86=0 if=0 pic imr=A8 isr=00 irr=00 | 56 8B F0 33 C0 3B 05 F0 E9 00 C0 75 0A 5E C3 48 | eax=00000000 ebx=C15200E8 ecx=00000035 edx=C0FD3690 esi=C0FD3710 edi=C0FD377C esp=C0ED4E00
  INT13 9557 INT15/86 14
  IRQS raised 24303 2 0 0 0 0 18 0 | acked 24214 2 0 0 0 0 18 0
HEARTBEAT [0028:C000316D] cpl=0 pm=1 v86=0 if=0 pic imr=A8 isr=00 irr=00 | 56 8B F0 33 C0 3B 05 F0 E9 00 C0 75 0A 5E C3 48 | eax=00000000 ebx=C15200E8 ecx=00000035 edx=C0FD3690 esi=C0FD3710 edi=C0FD377C esp=C0ED4E00
  INT13 9557 INT15/86 14
  IRQS raised 24449 2 0 0 0 0 18 0 | acked 24360 2 0 0 0 0 18 0
HEARTBEAT [0028:C0008FC0] cpl=0 pm=1 v86=0 if=0 pic imr=A8 isr=00 irr=00 | FB 90 90 FA E9 2D FF FF FF 51 33 C9 41 85 C0 74 | eax=00000000 ebx=C15200E8 ecx=00000035 edx=C0FD3690 esi=C0FD3710 edi=C0FD377C esp=C0ED4E04
  INT13 9557 INT15/86 14
  IRQS raised 24594 2 0 0 0 0 18 0 | acked 24505 2 0 0 0 0 18 0
HEARTBEAT [0028:C0008E30] cpl=0 pm=1 v86=0 if=0 pic imr=A8 isr=00 irr=00 | F6 07 01 0F 84 83 00 00 00 33 C0 E8 2D A3 FF FF | eax=FFFF01FF ebx=C15200E8 ecx=00000035 edx=C0FD3690 esi=C0FD3710 edi=C0FD377C esp=C0ED4E04
  INT13 9557 INT15/86 14
  IRQS raised 24740 2 0 0 0 0 18 0 | acked 24651 2 0 0 0 0 18 0
HEARTBEAT [0028:C0008E40] cpl=0 pm=1 v86=0 if=0 pic imr=A8 isr=00 irr=00 | 0F 84 91 00 00 00 F6 C1 20 75 48 F6 40 08 02 74 | eax=00000000 ebx=C15200E8 ecx=00000035 edx=C0FD3690 esi=C0FD3710 edi=C0FD377C esp=C0ED4E04
  INT13 9557 INT15/86 14
  IRQS raised 24886 2 0 0 0 0 18 0 | acked 24797 2 0 0 0 0 18 0
HEARTBEAT [0028:C0008E27] cpl=0 pm=1 v86=0 if=0 pic imr=A8 isr=00 irr=00 | 8B 1D 1C 07 01 C0 80 E1 7F F6 07 01 0F 84 83 00 | eax=FFFF01FF ebx=C15200E8 ecx=00000035 edx=C0FD3690 esi=C0FD3710 edi=C0FD377C esp=C0ED4E04
  INT13 9557 INT15/86 14
  IRQS raised 25031 2 0 0 0 0 18 0 | acked 24942 2 0 0 0 0 18 0
HEARTBEAT [0028:C0008E39] cpl=0 pm=1 v86=0 if=0 pic imr=A8 isr=00 irr=00 | 33 C0 E8 2D A3 FF FF 0F 84 91 00 00 00 F6 C1 20 | eax=FFFF01FF ebx=C15200E8 ecx=00000035 edx=C0FD3690 esi=C0FD3710 edi=C0FD377C esp=C0ED4E04
  INT13 9557 INT15/86 14
  IRQS raised 25177 2 0 0 0 0 18 0 | acked 25088 2 0 0 0 0 18 0
HEARTBEAT [0028:C0008E2D] cpl=0 pm=1 v86=0 if=0 pic imr=A8 isr=00 irr=00 | 80 E1 7F F6 07 01 0F 84 83 00 00 00 33 C0 E8 2D | eax=FFFF01FF ebx=C15200E8 ecx=00000035 edx=C0FD3690 esi=C0FD3710 edi=C0FD377C esp=C0ED4E04
  INT13 9557 INT15/86 14
  IRQS raised 25323 2 0 0 0 0 18 0 | acked 25234 2 0 0 0 0 18 0
HEARTBEAT [0028:C0008F9A] cpl=0 pm=1 v86=0 if=0 pic imr=A8 isr=00 irr=00 | F6 07 01 74 05 F6 C1 80 74 1C A1 E4 06 01 C0 66 | eax=00000000 ebx=C15200E8 ecx=00000035 edx=C0FD3690 esi=C0FD3710 edi=C0FD377C esp=C0ED4E04
  INT13 9557 INT15/86 14
  IRQS raised 25468 2 0 0 0 0 18 0 | acked 25379 2 0 0 0 0 18 0
HEARTBEAT [0028:C0008ED7] cpl=0 pm=1 v86=0 if=0 pic imr=A8 isr=00 irr=00 | 80 7F CC 00 74 63 51 E8 DB 02 00 00 E8 89 0B 00 | eax=00000000 ebx=C15200E8 ecx=00000035 edx=C0FD3690 esi=C0FD3710 edi=C0FD377C esp=C0ED4E04
  INT13 9557 INT15/86 14
  IRQS raised 25614 2 0 0 0 0 18 0 | acked 25525 2 0 0 0 0 18 0
HEARTBEAT [0028:C0008E27] cpl=0 pm=1 v86=0 if=0 pic imr=A8 isr=00 irr=00 | 8B 1D 1C 07 01 C0 80 E1 7F F6 07 01 0F 84 83 00 | eax=FFFF01FF ebx=C15200E8 ecx=00000035 edx=C0FD3690 esi=C0FD3710 edi=C0FD377C esp=C0ED4E04
  INT13 9557 INT15/86 14
  IRQS raised 25760 2 0 0 0 0 18 0 | acked 25671 2 0 0 0 0 18 0
HEARTBEAT [0028:C0008E39] cpl=0 pm=1 v86=0 if=0 pic imr=A8 isr=00 irr=00 | 33 C0 E8 2D A3 FF FF 0F 84 91 00 00 00 F6 C1 20 | eax=FFFF01FF ebx=C15200E8 ecx=00000035 edx=C0FD3690 esi=C0FD3710 edi=C0FD377C esp=C0ED4E04
  INT13 9557 INT15/86 14
  IRQS raised 25905 2 0 0 0 0 18 0 | acked 25816 2 0 0 0 0 18 0
HEARTBEAT [0028:C000316D] cpl=0 pm=1 v86=0 if=0 pic imr=A8 isr=00 irr=00 | 56 8B F0 33 C0 3B 05 F0 E9 00 C0 75 0A 5E C3 48 | eax=00000000 ebx=C15200E8 ecx=00000035 edx=C0FD3690 esi=C0FD3710 edi=C0FD377C esp=C0ED4E00
  INT13 9557 INT15/86 14
  IRQS raised 26051 2 0 0 0 0 18 0 | acked 25962 2 0 0 0 0 18 0
HEARTBEAT [0028:C0003A80] cpl=0 pm=1 v86=0 if=0 pic imr=A8 isr=00 irr=00 | 5B C3 8B C0 50 53 51 57 8B 4A 0C 2B 4E 08 8B 56 | eax=00000001 ebx=C15200E8 ecx=00000001 edx=00000068 esi=C00355D4 edi=C000A1C1 esp=C0ED4D70
  INT13 9557 INT15/86 14
  IRQS raised 26197 2 0 0 0 0 18 0 | acked 26108 2 0 0 0 0 18 0
HEARTBEAT [0028:C0008EF6] cpl=0 pm=1 v86=0 if=0 pic imr=A8 isr=00 irr=00 | FA 8B 54 24 0C FF 54 24 08 0F 85 22 FF FF FF F6 | eax=00000000 ebx=C15200E8 ecx=00000035 edx=C0FD3690 esi=C0FD3710 edi=C0FD377C esp=C0ED4E04
  INT13 9557 INT15/86 14
  IRQS raised 26342 2 0 0 0 0 18 0 | acked 26253 2 0 0 0 0 18 0
HEARTBEAT [0028:C0008F9D] cpl=0 pm=1 v86=0 if=0 pic imr=A8 isr=00 irr=00 | 74 05 F6 C1 80 74 1C A1 E4 06 01 C0 66 83 3D F0 | eax=00000000 ebx=C15200E8 ecx=00000035 edx=C0FD3690 esi=C0FD3710 edi=C0FD377C esp=C0ED4E04
  INT13 9557 INT15/86 14
  IRQS raised 26488 2 0 0 0 0 18 0 | acked 26399 2 0 0 0 0 18 0
HEARTBEAT [0028:C0008F40] cpl=0 pm=1 v86=0 if=0 pic imr=A8 isr=00 irr=00 | 81 3D 9C 0C 01 C0 98 0C 01 C0 74 3E FF 35 F0 E9 | eax=00000000 ebx=C15200E8 ecx=00000035 edx=C0FD3690 esi=C0FD3710 edi=C0FD377C esp=C0ED4E04
  INT13 9557 INT15/86 14
  IRQS raised 26633 2 0 0 0 0 18 0 | acked 26544 2 0 0 0 0 18 0
HEARTBEAT [0028:C0008E3B] cpl=0 pm=1 v86=0 if=0 pic imr=A8 isr=00 irr=00 | E8 2D A3 FF FF 0F 84 91 00 00 00 F6 C1 20 75 48 | eax=00000000 ebx=C15200E8 ecx=00000035 edx=C0FD3690 esi=C0FD3710 edi=C0FD377C esp=C0ED4E04
  INT13 9557 INT15/86 14
  IRQS raised 26779 2 0 0 0 0 18 0 | acked 26690 2 0 0 0 0 18 0
HEARTBEAT [0028:C0008C1B] cpl=0 pm=1 v86=0 if=0 pic imr=A8 isr=00 irr=00 | 48 C0 EC 07 C3 53 F6 07 04 75 34 81 7F 3C 00 00 | eax=00000000 ebx=C15200E8 ecx=00000035 edx=C0FD3690 esi=C0FD3710 edi=C0FD377C esp=C0ED4E00
  INT13 9557 INT15/86 14
  IRQS raised 26925 2 0 0 0 0 18 0 | acked 26836 2 0 0 0 0 18 0
HEARTBEAT [0028:C0008F94] cpl=0 pm=1 v86=0 if=0 pic imr=A8 isr=00 irr=00 | 0F 85 43 FF FF FF F6 07 01 74 05 F6 C1 80 74 1C | eax=00000000 ebx=C15200E8 ecx=00000035 edx=C0FD3690 esi=C0FD3710 edi=C0FD377C esp=C0ED4E04
  INT13 9557 INT15/86 14
  IRQS raised 27070 2 0 0 0 0 18 0 | acked 26981 2 0 0 0 0 18 0
HEARTBEAT [0028:C0003178] cpl=0 pm=1 v86=0 if=0 pic imr=A8 isr=00 irr=00 | 75 0A 5E C3 48 5E C3 33 C0 56 33 F6 8B 6B 08 39 | eax=00000000 ebx=C15200E8 ecx=00000035 edx=C0FD3690 esi=00000000 edi=C0FD377C esp=C0ED4DFC
  INT13 9557 INT15/86 14
  IRQS raised 27216 2 0 0 0 0 18 0 | acked 27127 2 0 0 0 0 18 0
HEARTBEAT [0028:C0008F9D] cpl=0 pm=1 v86=0 if=0 pic imr=A8 isr=00 irr=00 | 74 05 F6 C1 80 74 1C A1 E4 06 01 C0 66 83 3D F0 | eax=00000000 ebx=C15200E8 ecx=00000035 edx=C0FD3690 esi=C0FD3710 edi=C0FD377C esp=C0ED4E04
  INT13 9557 INT15/86 14
  IRQS raised 27362 2 0 0 0 0 18 0 | acked 27273 2 0 0 0 0 18 0
HEARTBEAT [0028:C000317A] cpl=0 pm=1 v86=0 if=0 pic imr=A8 isr=00 irr=00 | 5E C3 48 5E C3 33 C0 56 33 F6 8B 6B 08 39 05 F4 | eax=00000000 ebx=C15200E8 ecx=00000035 edx=C0FD3690 esi=00000000 edi=C0FD377C esp=C0ED4DFC
  INT13 9557 INT15/86 14
  IRQS raised 27507 2 0 0 0 0 18 0 | acked 27418 2 0 0 0 0 18 0
HEARTBEAT [0028:C0008E27] cpl=0 pm=1 v86=0 if=0 pic imr=A8 isr=00 irr=00 | 8B 1D 1C 07 01 C0 80 E1 7F F6 07 01 0F 84 83 00 | eax=FFFF01FF ebx=C15200E8 ecx=00000035 edx=C0FD3690 esi=C0FD3710 edi=C0FD377C esp=C0ED4E04
  INT13 9557 INT15/86 14
  IRQS raised 27653 2 0 0 0 0 18 0 | acked 27564 2 0 0 0 0 18 0
HEARTBEAT [0028:C0008C1F] cpl=0 pm=1 v86=0 if=0 pic imr=A8 isr=00 irr=00 | C3 53 F6 07 04 75 34 81 7F 3C 00 00 10 00 73 1D | eax=FFFF01FF ebx=C15200E8 ecx=00000035 edx=C0FD3690 esi=C0FD3710 edi=C0FD377C esp=C0ED4E00
  INT13 9557 INT15/86 14
  IRQS raised 27799 2 0 0 0 0 18 0 | acked 27710 2 0 0 0 0 18 0
HEARTBEAT [0028:C0008EFB] cpl=0 pm=1 v86=0 if=0 pic imr=A8 isr=00 irr=00 | FF 54 24 08 0F 85 22 FF FF FF F6 47 01 10 74 1C | eax=00000000 ebx=C15200E8 ecx=00000035 edx=C0FD3690 esi=C0FD3710 edi=C0FD377C esp=C0ED4E04
  INT13 9557 INT15/86 14
  IRQS raised 27944 2 0 0 0 0 18 0 | acked 27855 2 0 0 0 0 18 0
HEARTBEAT [0028:C0008EF6] cpl=0 pm=1 v86=0 if=0 pic imr=A8 isr=00 irr=00 | FA 8B 54 24 0C FF 54 24 08 0F 85 22 FF FF FF F6 | eax=00000000 ebx=C15200E8 ecx=00000035 edx=C0FD3690 esi=C0FD3710 edi=C0FD377C esp=C0ED4E04
  INT13 9557 INT15/86 14
  IRQS raised 28090 2 0 0 0 0 18 0 | acked 28001 2 0 0 0 0 18 0
HEARTBEAT [0028:C0008C1F] cpl=0 pm=1 v86=0 if=0 pic imr=A8 isr=00 irr=00 | C3 53 F6 07 04 75 34 81 7F 3C 00 00 10 00 73 1D | eax=FFFF01FF ebx=C15200E8 ecx=00000035 edx=C0FD3690 esi=C0FD3710 edi=C0FD377C esp=C0ED4E00
  INT13 9557 INT15/86 14
  IRQS raised 28236 2 0 0 0 0 18 0 | acked 28147 2 0 0 0 0 18 0
HEARTBEAT [0028:C0008C1B] cpl=0 pm=1 v86=0 if=0 pic imr=A8 isr=00 irr=00 | 48 C0 EC 07 C3 53 F6 07 04 75 34 81 7F 3C 00 00 | eax=00000000 ebx=C15200E8 ecx=00000035 edx=C0FD3690 esi=C0FD3710 edi=C0FD377C esp=C0ED4E00
  INT13 9557 INT15/86 14
  IRQS raised 28381 2 0 0 0 0 18 0 | acked 28292 2 0 0 0 0 18 0
HEARTBEAT [0028:C0008E2D] cpl=0 pm=1 v86=0 if=0 pic imr=A8 isr=00 irr=00 | 80 E1 7F F6 07 01 0F 84 83 00 00 00 33 C0 E8 2D | eax=FFFF01FF ebx=C15200E8 ecx=00000035 edx=C0FD3690 esi=C0FD3710 edi=C0FD377C esp=C0ED4E04
  INT13 9557 INT15/86 14
  IRQS raised 28527 2 0 0 0 0 18 0 | acked 28438 2 0 0 0 0 18 0
HEARTBEAT [0028:C0008F94] cpl=0 pm=1 v86=0 if=0 pic imr=A8 isr=00 irr=00 | 0F 85 43 FF FF FF F6 07 01 74 05 F6 C1 80 74 1C | eax=00000000 ebx=C15200E8 ecx=00000035 edx=C0FD3690 esi=C0FD3710 edi=C0FD377C esp=C0ED4E04
  INT13 9557 INT15/86 14
  IRQS raised 28673 2 0 0 0 0 18 0 | acked 28584 2 0 0 0 0 18 0
HEARTBEAT [0028:C0008C1B] cpl=0 pm=1 v86=0 if=0 pic imr=A8 isr=00 irr=00 | 48 C0 EC 07 C3 53 F6 07 04 75 34 81 7F 3C 00 00 | eax=00000000 ebx=C15200E8 ecx=00000035 edx=C0FD3690 esi=C0FD3710 edi=C0FD377C esp=C0ED4E00
  INT13 9557 INT15/86 14
  IRQS raised 28818 2 0 0 0 0 18 0 | acked 28729 2 0 0 0 0 18 0
HEARTBEAT [0028:C0008EF6] cpl=0 pm=1 v86=0 if=0 pic imr=A8 isr=00 irr=00 | FA 8B 54 24 0C FF 54 24 08 0F 85 22 FF FF FF F6 | eax=00000000 ebx=C15200E8 ecx=00000035 edx=C0FD3690 esi=C0FD3710 edi=C0FD377C esp=C0ED4E04
  INT13 9557 INT15/86 14
  IRQS raised 28964 2 0 0 0 0 18 0 | acked 28875 2 0 0 0 0 18 0
HEARTBEAT [0028:C0008F94] cpl=0 pm=1 v86=0 if=0 pic imr=A8 isr=00 irr=00 | 0F 85 43 FF FF FF F6 07 01 74 05 F6 C1 80 74 1C | eax=00000000 ebx=C15200E8 ecx=00000035 edx=C0FD3690 esi=C0FD3710 edi=C0FD377C esp=C0ED4E04
  INT13 9557 INT15/86 14
  IRQS raised 29110 2 0 0 0 0 18 0 | acked 29021 2 0 0 0 0 18 0
HEARTBEAT [0028:C0008F9F] cpl=0 pm=1 v86=0 if=0 pic imr=A8 isr=00 irr=00 | F6 C1 80 74 1C A1 E4 06 01 C0 66 83 3D F0 E9 00 | eax=00000000 ebx=C15200E8 ecx=00000035 edx=C0FD3690 esi=C0FD3710 edi=C0FD377C esp=C0ED4E04
  INT13 9557 INT15/86 14
  IRQS raised 29255 2 0 0 0 0 18 0 | acked 29166 2 0 0 0 0 18 0
HEARTBEAT [0028:C0008EF6] cpl=0 pm=1 v86=0 if=0 pic imr=A8 isr=00 irr=00 | FA 8B 54 24 0C FF 54 24 08 0F 85 22 FF FF FF F6 | eax=00000000 ebx=C15200E8 ecx=00000035 edx=C0FD3690 esi=C0FD3710 edi=C0FD377C esp=C0ED4E04
  INT13 9557 INT15/86 14
  IRQS raised 29401 2 0 0 0 0 18 0 | acked 29312 2 0 0 0 0 18 0
HEARTBEAT [0028:C000323C] cpl=0 pm=1 v86=0 if=0 pic imr=A8 isr=00 irr=00 | 8D 50 04 8B 42 FC 85 C0 74 09 85 48 08 74 05 8B | eax=C10CD71C ebx=C15200E8 ecx=80000040 edx=00000000 esi=00000000 edi=C0FD377C esp=C0ED4DC4
  INT13 9557 INT15/86 14
  IRQS raised 29547 2 0 0 0 0 18 0 | acked 29458 2 0 0 0 0 18 0
HEARTBEAT [0028:C0008E30] cpl=0 pm=1 v86=0 if=0 pic imr=A8 isr=00 irr=00 | F6 07 01 0F 84 83 00 00 00 33 C0 E8 2D A3 FF FF | eax=FFFF01FF ebx=C15200E8 ecx=00000035 edx=C0FD3690 esi=C0FD3710 edi=C0FD377C esp=C0ED4E04
  INT13 9557 INT15/86 14
  IRQS raised 29692 2 0 0 0 0 18 0 | acked 29603 2 0 0 0 0 18 0
HEARTBEAT [0028:C0008EFB] cpl=0 pm=1 v86=0 if=0 pic imr=A8 isr=00 irr=00 | FF 54 24 08 0F 85 22 FF FF FF F6 47 01 10 74 1C | eax=00000000 ebx=C15200E8 ecx=00000035 edx=C0FD3690 esi=C0FD3710 edi=C0FD377C esp=C0ED4E04
  INT13 9557 INT15/86 14
  IRQS raised 29838 2 0 0 0 0 18 0 | acked 29749 2 0 0 0 0 18 0
HEARTBEAT [0028:C0008EF7] cpl=0 pm=1 v86=0 if=0 pic imr=A8 isr=00 irr=00 | 8B 54 24 0C FF 54 24 08 0F 85 22 FF FF FF F6 47 | eax=00000000 ebx=C15200E8 ecx=00000035 edx=C0FD3690 esi=C0FD3710 edi=C0FD377C esp=C0ED4E04
  INT13 9557 INT15/86 14
  IRQS raised 29983 2 0 0 0 0 18 0 | acked 29894 2 0 0 0 0 18 0
HEARTBEAT [0028:C000317A] cpl=0 pm=1 v86=0 if=0 pic imr=A8 isr=00 irr=00 | 5E C3 48 5E C3 33 C0 56 33 F6 8B 6B 08 39 05 F4 | eax=00000000 ebx=C15200E8 ecx=00000035 edx=C0FD3690 esi=00000000 edi=C0FD377C esp=C0ED4DFC
  INT13 9557 INT15/86 14
  IRQS raised 30129 2 0 0 0 0 18 0 | acked 30040 2 0 0 0 0 18 0
HEARTBEAT [0028:C0003172] cpl=0 pm=1 v86=0 if=0 pic imr=A8 isr=00 irr=00 | 3B 05 F0 E9 00 C0 75 0A 5E C3 48 5E C3 33 C0 56 | eax=00000000 ebx=C15200E8 ecx=00000035 edx=C0FD3690 esi=00000000 edi=C0FD377C esp=C0ED4DFC
  INT13 9557 INT15/86 14
  IRQS raised 30275 2 0 0 0 0 18 0 | acked 30186 2 0 0 0 0 18 0
HEARTBEAT [0028:C000316D] cpl=0 pm=1 v86=0 if=0 pic imr=A8 isr=00 irr=00 | 56 8B F0 33 C0 3B 05 F0 E9 00 C0 75 0A 5E C3 48 | eax=00000000 ebx=C15200E8 ecx=00000035 edx=C0FD3690 esi=C0FD3710 edi=C0FD377C esp=C0ED4E00
  INT13 9557 INT15/86 14
  IRQS raised 30420 2 0 0 0 0 18 0 | acked 30331 2 0 0 0 0 18 0
HEARTBEAT [0028:C0008ED7] cpl=0 pm=1 v86=0 if=0 pic imr=A8 isr=00 irr=00 | 80 7F CC 00 74 63 51 E8 DB 02 00 00 E8 89 0B 00 | eax=00000000 ebx=C15200E8 ecx=00000035 edx=C0FD3690 esi=C0FD3710 edi=C0FD377C esp=C0ED4E04
  INT13 9557 INT15/86 14
  IRQS raised 30566 2 0 0 0 0 18 0 | acked 30477 2 0 0 0 0 18 0
HEARTBEAT [0028:C0008E2D] cpl=0 pm=1 v86=0 if=0 pic imr=A8 isr=00 irr=00 | 80 E1 7F F6 07 01 0F 84 83 00 00 00 33 C0 E8 2D | eax=FFFF01FF ebx=C15200E8 ecx=00000035 edx=C0FD3690 esi=C0FD3710 edi=C0FD377C esp=C0ED4E04
  INT13 9557 INT15/86 14
  IRQS raised 30712 2 0 0 0 0 18 0 | acked 30623 2 0 0 0 0 18 0
HEARTBEAT [0028:C0008E27] cpl=0 pm=1 v86=0 if=0 pic imr=A8 isr=00 irr=00 | 8B 1D 1C 07 01 C0 80 E1 7F F6 07 01 0F 84 83 00 | eax=FFFF01FF ebx=C15200E8 ecx=00000035 edx=C0FD3690 esi=C0FD3710 edi=C0FD377C esp=C0ED4E04
  INT13 9557 INT15/86 14
  IRQS raised 30857 2 0 0 0 0 18 0 | acked 30768 2 0 0 0 0 18 0
HEARTBEAT [0028:C0008E27] cpl=0 pm=1 v86=0 if=0 pic imr=A8 isr=00 irr=00 | 8B 1D 1C 07 01 C0 80 E1 7F F6 07 01 0F 84 83 00 | eax=FFFF01FF ebx=C15200E8 ecx=00000035 edx=C0FD3690 esi=C0FD3710 edi=C0FD377C esp=C0ED4E04
  INT13 9557 INT15/86 14
  IRQS raised 31003 2 0 0 0 0 18 0 | acked 30914 2 0 0 0 0 18 0
HEARTBEAT [0028:C0008E39] cpl=0 pm=1 v86=0 if=0 pic imr=A8 isr=00 irr=00 | 33 C0 E8 2D A3 FF FF 0F 84 91 00 00 00 F6 C1 20 | eax=FFFF01FF ebx=C15200E8 ecx=00000035 edx=C0FD3690 esi=C0FD3710 edi=C0FD377C esp=C0ED4E04
  INT13 9557 INT15/86 14
  IRQS raised 31149 2 0 0 0 0 18 0 | acked 31060 2 0 0 0 0 18 0
HEARTBEAT [0028:C000316D] cpl=0 pm=1 v86=0 if=0 pic imr=A8 isr=00 irr=00 | 56 8B F0 33 C0 3B 05 F0 E9 00 C0 75 0A 5E C3 48 | eax=00000000 ebx=C15200E8 ecx=00000035 edx=C0FD3690 esi=C0FD3710 edi=C0FD377C esp=C0ED4E00
  INT13 9557 INT15/86 14
  IRQS raised 31294 2 0 0 0 0 18 0 | acked 31205 2 0 0 0 0 18 0
HEARTBEAT [0028:C0008E2D] cpl=0 pm=1 v86=0 if=0 pic imr=A8 isr=00 irr=00 | 80 E1 7F F6 07 01 0F 84 83 00 00 00 33 C0 E8 2D | eax=FFFF01FF ebx=C15200E8 ecx=00000035 edx=C0FD3690 esi=C0FD3710 edi=C0FD377C esp=C0ED4E04
  INT13 9557 INT15/86 14
  IRQS raised 31440 2 0 0 0 0 18 0 | acked 31351 2 0 0 0 0 18 0
HEARTBEAT [0028:C0008F4A] cpl=0 pm=1 v86=0 if=0 pic imr=A8 isr=00 irr=00 | 74 3E FF 35 F0 E9 00 C0 FB 90 8B 54 24 10 FA FF | eax=00000000 ebx=C15200E8 ecx=00000035 edx=C0FD3690 esi=C0FD3710 edi=C0FD377C esp=C0ED4E04
  INT13 9557 INT15/86 14
  IRQS raised 31586 2 0 0 0 0 18 0 | acked 31497 2 0 0 0 0 18 0
HEARTBEAT [0028:C0008EDB] cpl=0 pm=1 v86=0 if=0 pic imr=A8 isr=00 irr=00 | 74 63 51 E8 DB 02 00 00 E8 89 0B 00 00 59 FB EB | eax=00000000 ebx=C15200E8 ecx=00000035 edx=C0FD3690 esi=C0FD3710 edi=C0FD377C esp=C0ED4E04
  INT13 9557 INT15/86 14
  IRQS raised 31731 2 0 0 0 0 18 0 | acked 31642 2 0 0 0 0 18 0
HEARTBEAT [0028:C0003172] cpl=0 pm=1 v86=0 if=0 pic imr=A8 isr=00 irr=00 | 3B 05 F0 E9 00 C0 75 0A 5E C3 48 5E C3 33 C0 56 | eax=00000000 ebx=C15200E8 ecx=00000035 edx=C0FD3690 esi=00000000 edi=C0FD377C esp=C0ED4DFC
  INT13 9557 INT15/86 14
  IRQS raised 31877 2 0 0 0 0 18 0 | acked 31788 2 0 0 0 0 18 0
HEARTBEAT [0028:C0008ED7] cpl=0 pm=1 v86=0 if=0 pic imr=A8 isr=00 irr=00 | 80 7F CC 00 74 63 51 E8 DB 02 00 00 E8 89 0B 00 | eax=00000000 ebx=C15200E8 ecx=00000035 edx=C0FD3690 esi=C0FD3710 edi=C0FD377C esp=C0ED4E04
  INT13 9557 INT15/86 14
  IRQS raised 32023 2 0 0 0 0 18 0 | acked 31934 2 0 0 0 0 18 0
HEARTBEAT [0028:C0008EF6] cpl=0 pm=1 v86=0 if=0 pic imr=A8 isr=00 irr=00 | FA 8B 54 24 0C FF 54 24 08 0F 85 22 FF FF FF F6 | eax=00000000 ebx=C15200E8 ecx=00000035 edx=C0FD3690 esi=C0FD3710 edi=C0FD377C esp=C0ED4E04
  INT13 9557 INT15/86 14
  IRQS raised 32168 2 0 0 0 0 18 0 | acked 32079 2 0 0 0 0 18 0
HEARTBEAT [0028:C0008F94] cpl=0 pm=1 v86=0 if=0 pic imr=A8 isr=00 irr=00 | 0F 85 43 FF FF FF F6 07 01 74 05 F6 C1 80 74 1C | eax=00000000 ebx=C15200E8 ecx=00000035 edx=C0FD3690 esi=C0FD3710 edi=C0FD377C esp=C0ED4E04
  INT13 9557 INT15/86 14
  IRQS raised 32314 2 0 0 0 0 18 0 | acked 32225 2 0 0 0 0 18 0
HEARTBEAT [0028:C0008C1B] cpl=0 pm=1 v86=0 if=0 pic imr=A8 isr=00 irr=00 | 48 C0 EC 07 C3 53 F6 07 04 75 34 81 7F 3C 00 00 | eax=00000000 ebx=C15200E8 ecx=00000035 edx=C0FD3690 esi=C0FD3710 edi=C0FD377C esp=C0ED4E00
  INT13 9557 INT15/86 14
  IRQS raised 32460 2 0 0 0 0 18 0 | acked 32371 2 0 0 0 0 18 0
HEARTBEAT [0028:C0008FC2] cpl=0 pm=1 v86=0 if=1 pic imr=A8 isr=00 irr=00 | 90 FA E9 2D FF FF FF 51 33 C9 41 85 C0 74 0D 3B | eax=00000000 ebx=C15200E8 ecx=00000035 edx=C0FD3690 esi=C0FD3710 edi=C0FD377C esp=C0ED4E04
  INT13 9557 INT15/86 14
  IRQS raised 32605 2 0 0 0 0 18 0 | acked 32516 2 0 0 0 0 18 0
HEARTBEAT [0028:C0008E39] cpl=0 pm=1 v86=0 if=0 pic imr=A8 isr=00 irr=00 | 33 C0 E8 2D A3 FF FF 0F 84 91 00 00 00 F6 C1 20 | eax=FFFF01FF ebx=C15200E8 ecx=00000035 edx=C0FD3690 esi=C0FD3710 edi=C0FD377C esp=C0ED4E04
  INT13 9557 INT15/86 14
  IRQS raised 32751 2 0 0 0 0 18 0 | acked 32662 2 0 0 0 0 18 0
HEARTBEAT [0028:C00031BD] cpl=0 pm=1 v86=0 if=0 pic imr=A8 isr=00 irr=00 | 75 04 85 D2 75 0E 81 7F 3C 00 00 10 00 73 1C 83 | eax=C00106D4 ebx=C15200E8 ecx=800000E2 edx=00000000 esi=00000000 edi=C0FD377C esp=C0ED4DCC
  INT13 9557 INT15/86 14
  IRQS raised 32897 2 0 0 0 0 18 0 | acked 32808 2 0 0 0 0 18 0
HEARTBEAT [0028:C0008C1F] cpl=0 pm=1 v86=0 if=0 pic imr=A8 isr=00 irr=00 | C3 53 F6 07 04 75 34 81 7F 3C 00 00 10 00 73 1D | eax=FFFF01FF ebx=C15200E8 ecx=00000035 edx=C0FD3690 esi=C0FD3710 edi=C0FD377C esp=C0ED4E00
  INT13 9557 INT15/86 14
  IRQS raised 33042 2 0 0 0 0 18 0 | acked 32953 2 0 0 0 0 18 0
HEARTBEAT [0028:C0008C18] cpl=0 pm=1 v86=0 if=0 pic imr=A8 isr=00 irr=00 | 66 8B 06 48 C0 EC 07 C3 53 F6 07 04 75 34 81 7F | eax=00000000 ebx=C15200E8 ecx=00000035 edx=C0FD3690 esi=C0FD3710 edi=C0FD377C esp=C0ED4E00
  INT13 9557 INT15/86 14
  IRQS raised 33188 2 0 0 0 0 18 0 | acked 33099 2 0 0 0 0 18 0
HEARTBEAT [0028:C0003172] cpl=0 pm=1 v86=0 if=0 pic imr=A8 isr=00 irr=00 | 3B 05 F0 E9 00 C0 75 0A 5E C3 48 5E C3 33 C0 56 | eax=00000000 ebx=C15200E8 ecx=00000035 edx=C0FD3690 esi=00000000 edi=C0FD377C esp=C0ED4DFC
  INT13 9557 INT15/86 14
  IRQS raised 33333 2 0 0 0 0 18 0 | acked 33244 2 0 0 0 0 18 0
HEARTBEAT [0028:C0008F4A] cpl=0 pm=1 v86=0 if=0 pic imr=A8 isr=00 irr=00 | 74 3E FF 35 F0 E9 00 C0 FB 90 8B 54 24 10 FA FF | eax=00000000 ebx=C15200E8 ecx=00000035 edx=C0FD3690 esi=C0FD3710 edi=C0FD377C esp=C0ED4E04
  INT13 9557 INT15/86 14
  IRQS raised 33479 2 0 0 0 0 18 0 | acked 33390 2 0 0 0 0 18 0
HEARTBEAT [0028:C0008E27] cpl=0 pm=1 v86=0 if=0 pic imr=A8 isr=00 irr=00 | 8B 1D 1C 07 01 C0 80 E1 7F F6 07 01 0F 84 83 00 | eax=FFFF01FF ebx=C15200E8 ecx=00000035 edx=C0FD3690 esi=C0FD3710 edi=C0FD377C esp=C0ED4E04
  INT13 9557 INT15/86 14
  IRQS raised 33625 2 0 0 0 0 18 0 | acked 33536 2 0 0 0 0 18 0
HEARTBEAT [0028:C0008FC1] cpl=0 pm=1 v86=0 if=1 pic imr=A8 isr=00 irr=00 | 90 90 FA E9 2D FF FF FF 51 33 C9 41 85 C0 74 0D | eax=00000000 ebx=C15200E8 ecx=00000035 edx=C0FD3690 esi=C0FD3710 edi=C0FD377C esp=C0ED4E04
  INT13 9557 INT15/86 14
  IRQS raised 33770 2 0 0 0 0 18 0 | acked 33681 2 0 0 0 0 18 0
HEARTBEAT [0028:C0008E27] cpl=0 pm=1 v86=0 if=0 pic imr=A8 isr=00 irr=00 | 8B 1D 1C 07 01 C0 80 E1 7F F6 07 01 0F 84 83 00 | eax=FFFF01FF ebx=C15200E8 ecx=00000035 edx=C0FD3690 esi=C0FD3710 edi=C0FD377C esp=C0ED4E04
  INT13 9557 INT15/86 14
  IRQS raised 33916 2 0 0 0 0 18 0 | acked 33827 2 0 0 0 0 18 0
HEARTBEAT [0028:C0008ED7] cpl=0 pm=1 v86=0 if=0 pic imr=A8 isr=00 irr=00 | 80 7F CC 00 74 63 51 E8 DB 02 00 00 E8 89 0B 00 | eax=00000000 ebx=C15200E8 ecx=00000035 edx=C0FD3690 esi=C0FD3710 edi=C0FD377C esp=C0ED4E04
  INT13 9557 INT15/86 14
  IRQS raised 34062 2 0 0 0 0 18 0 | acked 33973 2 0 0 0 0 18 0
HEARTBEAT [0028:C000316D] cpl=0 pm=1 v86=0 if=0 pic imr=A8 isr=00 irr=00 | 56 8B F0 33 C0 3B 05 F0 E9 00 C0 75 0A 5E C3 48 | eax=00000000 ebx=C15200E8 ecx=00000035 edx=C0FD3690 esi=C0FD3710 edi=C0FD377C esp=C0ED4E00
  INT13 9557 INT15/86 14
  IRQS raised 34207 2 0 0 0 0 18 0 | acked 34118 2 0 0 0 0 18 0
HEARTBEAT [0028:C000316D] cpl=0 pm=1 v86=0 if=0 pic imr=A8 isr=00 irr=00 | 56 8B F0 33 C0 3B 05 F0 E9 00 C0 75 0A 5E C3 48 | eax=00000000 ebx=C15200E8 ecx=00000035 edx=C0FD3690 esi=C0FD3710 edi=C0FD377C esp=C0ED4E00
  INT13 9557 INT15/86 14
  IRQS raised 34353 2 0 0 0 0 18 0 | acked 34264 2 0 0 0 0 18 0
HEARTBEAT [0028:C0008EFB] cpl=0 pm=1 v86=0 if=0 pic imr=A8 isr=00 irr=00 | FF 54 24 08 0F 85 22 FF FF FF F6 47 01 10 74 1C | eax=00000000 ebx=C15200E8 ecx=00000035 edx=C0FD3690 esi=C0FD3710 edi=C0FD377C esp=C0ED4E04
  INT13 9557 INT15/86 14
  IRQS raised 34499 2 0 0 0 0 18 0 | acked 34410 2 0 0 0 0 18 0
HEARTBEAT [0028:C0008ED7] cpl=0 pm=1 v86=0 if=0 pic imr=A8 isr=00 irr=00 | 80 7F CC 00 74 63 51 E8 DB 02 00 00 E8 89 0B 00 | eax=00000000 ebx=C15200E8 ecx=00000035 edx=C0FD3690 esi=C0FD3710 edi=C0FD377C esp=C0ED4E04
  INT13 9557 INT15/86 14
  IRQS raised 34644 2 0 0 0 0 18 0 | acked 34555 2 0 0 0 0 18 0
HEARTBEAT [0028:C0008F94] cpl=0 pm=1 v86=0 if=0 pic imr=A8 isr=00 irr=00 | 0F 85 43 FF FF FF F6 07 01 74 05 F6 C1 80 74 1C | eax=00000000 ebx=C15200E8 ecx=00000035 edx=C0FD3690 esi=C0FD3710 edi=C0FD377C esp=C0ED4E04
  INT13 9557 INT15/86 14
  IRQS raised 34790 2 0 0 0 0 18 0 | acked 34701 2 0 0 0 0 18 0
HEARTBEAT [0028:C0008F9F] cpl=0 pm=1 v86=0 if=0 pic imr=A8 isr=00 irr=00 | F6 C1 80 74 1C A1 E4 06 01 C0 66 83 3D F0 E9 00 | eax=00000000 ebx=C15200E8 ecx=00000035 edx=C0FD3690 esi=C0FD3710 edi=C0FD377C esp=C0ED4E04
  INT13 9557 INT15/86 14
  IRQS raised 34936 2 0 0 0 0 18 0 | acked 34847 2 0 0 0 0 18 0
HEARTBEAT [0028:C0008F9D] cpl=0 pm=1 v86=0 if=0 pic imr=A8 isr=00 irr=00 | 74 05 F6 C1 80 74 1C A1 E4 06 01 C0 66 83 3D F0 | eax=00000000 ebx=C15200E8 ecx=00000035 edx=C0FD3690 esi=C0FD3710 edi=C0FD377C esp=C0ED4E04
  INT13 9557 INT15/86 14
  IRQS raised 35081 2 0 0 0 0 18 0 | acked 34992 2 0 0 0 0 18 0
HEARTBEAT [0028:C0008E27] cpl=0 pm=1 v86=0 if=0 pic imr=A8 isr=00 irr=00 | 8B 1D 1C 07 01 C0 80 E1 7F F6 07 01 0F 84 83 00 | eax=FFFF01FF ebx=C15200E8 ecx=00000035 edx=C0FD3690 esi=C0FD3710 edi=C0FD377C esp=C0ED4E04
  INT13 9557 INT15/86 14
  IRQS raised 35227 2 0 0 0 0 18 0 | acked 35138 2 0 0 0 0 18 0
HEARTBEAT [0028:C0008C18] cpl=0 pm=1 v86=0 if=0 pic imr=A8 isr=00 irr=00 | 66 8B 06 48 C0 EC 07 C3 53 F6 07 04 75 34 81 7F | eax=00000000 ebx=C15200E8 ecx=00000035 edx=C0FD3690 esi=C0FD3710 edi=C0FD377C esp=C0ED4E00
  INT13 9557 INT15/86 14
  IRQS raised 35373 2 0 0 0 0 18 0 | acked 35284 2 0 0 0 0 18 0
HEARTBEAT [0028:C0008F4A] cpl=0 pm=1 v86=0 if=0 pic imr=A8 isr=00 irr=00 | 74 3E FF 35 F0 E9 00 C0 FB 90 8B 54 24 10 FA FF | eax=00000000 ebx=C15200E8 ecx=00000035 edx=C0FD3690 esi=C0FD3710 edi=C0FD377C esp=C0ED4E04
  INT13 9557 INT15/86 14
  IRQS raised 35518 2 0 0 0 0 18 0 | acked 35429 2 0 0 0 0 18 0
HEARTBEAT [0028:C0008E39] cpl=0 pm=1 v86=0 if=0 pic imr=A8 isr=00 irr=00 | 33 C0 E8 2D A3 FF FF 0F 84 91 00 00 00 F6 C1 20 | eax=FFFF01FF ebx=C15200E8 ecx=00000035 edx=C0FD3690 esi=C0FD3710 edi=C0FD377C esp=C0ED4E04
  INT13 9557 INT15/86 14
  IRQS raised 35664 2 0 0 0 0 18 0 | acked 35575 2 0 0 0 0 18 0
HEARTBEAT [0028:C0008F8A] cpl=0 pm=1 v86=0 if=0 pic imr=A8 isr=00 irr=00 | 81 3D 10 08 01 C0 0C 08 01 C0 0F 85 43 FF FF FF | eax=00000000 ebx=C15200E8 ecx=00000035 edx=C0FD3690 esi=C0FD3710 edi=C0FD377C esp=C0ED4E04
  INT13 9557 INT15/86 14
  IRQS raised 35810 2 0 0 0 0 18 0 | acked 35721 2 0 0 0 0 18 0
HEARTBEAT [0028:C0008E27] cpl=0 pm=1 v86=0 if=0 pic imr=A8 isr=00 irr=00 | 8B 1D 1C 07 01 C0 80 E1 7F F6 07 01 0F 84 83 00 | eax=FFFF01FF ebx=C15200E8 ecx=00000035 edx=C0FD3690 esi=C0FD3710 edi=C0FD377C esp=C0ED4E04
  INT13 9557 INT15/86 14
  IRQS raised 35955 2 0 0 0 0 18 0 | acked 35866 2 0 0 0 0 18 0
HEARTBEAT [0028:C0008F94] cpl=0 pm=1 v86=0 if=0 pic imr=A8 isr=00 irr=00 | 0F 85 43 FF FF FF F6 07 01 74 05 F6 C1 80 74 1C | eax=00000000 ebx=C15200E8 ecx=00000035 edx=C0FD3690 esi=C0FD3710 edi=C0FD377C esp=C0ED4E04
  INT13 9557 INT15/86 14
  IRQS raised 36101 2 0 0 0 0 18 0 | acked 36012 2 0 0 0 0 18 0
HEARTBEAT [0137:BFF71C7E] cpl=3 pm=1 v86=0 if=1 pic imr=A8 isr=00 irr=00 | 0B C0 74 19 A8 0F 75 15 03 05 D8 F9 FB BF 80 78 | eax=00000000 ebx=8018FCA4 ecx=0001FB52 edx=8018FC80 esi=0000013F edi=30621587 esp=8018FC6C
  INT13 9557 INT15/86 14
  IRQS raised 36247 2 0 0 0 0 18 0 | acked 36158 2 0 0 0 0 18 0
HEARTBEAT [0028:C0008E27] cpl=0 pm=1 v86=0 if=0 pic imr=A8 isr=00 irr=00 | 8B 1D 1C 07 01 C0 80 E1 7F F6 07 01 0F 84 83 00 | eax=FFFF01FF ebx=C15200E8 ecx=00000035 edx=C0FD3690 esi=C0FD3710 edi=C0FD377C esp=C0ED4E04
  INT13 9557 INT15/86 14
  IRQS raised 36392 2 0 0 0 0 18 0 | acked 36303 2 0 0 0 0 18 0
HEARTBEAT [0028:C0008E40] cpl=0 pm=1 v86=0 if=0 pic imr=A8 isr=00 irr=00 | 0F 84 91 00 00 00 F6 C1 20 75 48 F6 40 08 02 74 | eax=00000000 ebx=C15200E8 ecx=00000035 edx=C0FD3690 esi=C0FD3710 edi=C0FD377C esp=C0ED4E04
  INT13 9557 INT15/86 14
  IRQS raised 36538 2 0 0 0 0 18 0 | acked 36449 2 0 0 0 0 18 0
HEARTBEAT [0028:C0008E39] cpl=0 pm=1 v86=0 if=0 pic imr=A8 isr=00 irr=00 | 33 C0 E8 2D A3 FF FF 0F 84 91 00 00 00 F6 C1 20 | eax=FFFF01FF ebx=C15200E8 ecx=00000035 edx=C0FD3690 esi=C0FD3710 edi=C0FD377C esp=C0ED4E04
  INT13 9557 INT15/86 14
  IRQS raised 36683 2 0 0 0 0 18 0 | acked 36594 2 0 0 0 0 18 0
HEARTBEAT [0028:C0008FC1] cpl=0 pm=1 v86=0 if=1 pic imr=A8 isr=00 irr=00 | 90 90 FA E9 2D FF FF FF 51 33 C9 41 85 C0 74 0D | eax=00000000 ebx=C15200E8 ecx=00000035 edx=C0FD3690 esi=C0FD3710 edi=C0FD377C esp=C0ED4E04
  INT13 9557 INT15/86 14
  IRQS raised 36829 2 0 0 0 0 18 0 | acked 36740 2 0 0 0 0 18 0
HEARTBEAT [0028:C0008FC0] cpl=0 pm=1 v86=0 if=0 pic imr=A8 isr=00 irr=00 | FB 90 90 FA E9 2D FF FF FF 51 33 C9 41 85 C0 74 | eax=00000000 ebx=C15200E8 ecx=00000035 edx=C0FD3690 esi=C0FD3710 edi=C0FD377C esp=C0ED4E04
  INT13 9557 INT15/86 14
  IRQS raised 36975 2 0 0 0 0 18 0 | acked 36886 2 0 0 0 0 18 0
HEARTBEAT [0028:C0008F94] cpl=0 pm=1 v86=0 if=0 pic imr=A8 isr=00 irr=00 | 0F 85 43 FF FF FF F6 07 01 74 05 F6 C1 80 74 1C | eax=00000000 ebx=C15200E8 ecx=00000035 edx=C0FD3690 esi=C0FD3710 edi=C0FD377C esp=C0ED4E04
  INT13 9557 INT15/86 14
  IRQS raised 37120 2 0 0 0 0 18 0 | acked 37031 2 0 0 0 0 18 0
HEARTBEAT [0028:C0008ED7] cpl=0 pm=1 v86=0 if=0 pic imr=A8 isr=00 irr=00 | 80 7F CC 00 74 63 51 E8 DB 02 00 00 E8 89 0B 00 | eax=00000000 ebx=C15200E8 ecx=00000035 edx=C0FD3690 esi=C0FD3710 edi=C0FD377C esp=C0ED4E04
  INT13 9557 INT15/86 14
  IRQS raised 37266 2 0 0 0 0 18 0 | acked 37177 2 0 0 0 0 18 0
HEARTBEAT [0028:C000316D] cpl=0 pm=1 v86=0 if=0 pic imr=A8 isr=00 irr=00 | 56 8B F0 33 C0 3B 05 F0 E9 00 C0 75 0A 5E C3 48 | eax=00000000 ebx=C15200E8 ecx=00000035 edx=C0FD3690 esi=C0FD3710 edi=C0FD377C esp=C0ED4E00
  INT13 9557 INT15/86 14
  IRQS raised 37412 2 0 0 0 0 18 0 | acked 37323 2 0 0 0 0 18 0
HEARTBEAT [0028:C0008E39] cpl=0 pm=1 v86=0 if=0 pic imr=A8 isr=00 irr=00 | 33 C0 E8 2D A3 FF FF 0F 84 91 00 00 00 F6 C1 20 | eax=FFFF01FF ebx=C15200E8 ecx=00000035 edx=C0FD3690 esi=C0FD3710 edi=C0FD377C esp=C0ED4E04
  INT13 9557 INT15/86 14
  IRQS raised 37557 2 0 0 0 0 18 0 | acked 37468 2 0 0 0 0 18 0
HEARTBEAT [0028:C0008E40] cpl=0 pm=1 v86=0 if=0 pic imr=A8 isr=00 irr=00 | 0F 84 91 00 00 00 F6 C1 20 75 48 F6 40 08 02 74 | eax=00000000 ebx=C15200E8 ecx=00000035 edx=C0FD3690 esi=C0FD3710 edi=C0FD377C esp=C0ED4E04
  INT13 9557 INT15/86 14
  IRQS raised 37703 2 0 0 0 0 18 0 | acked 37614 2 0 0 0 0 18 0
HEARTBEAT [0028:C0008F40] cpl=0 pm=1 v86=0 if=0 pic imr=A8 isr=00 irr=00 | 81 3D 9C 0C 01 C0 98 0C 01 C0 74 3E FF 35 F0 E9 | eax=00000000 ebx=C15200E8 ecx=00000035 edx=C0FD3690 esi=C0FD3710 edi=C0FD377C esp=C0ED4E04
  INT13 9557 INT15/86 14
  IRQS raised 37849 2 0 0 0 0 18 0 | acked 37760 2 0 0 0 0 18 0
HEARTBEAT [0028:C0008E39] cpl=0 pm=1 v86=0 if=0 pic imr=A8 isr=00 irr=00 | 33 C0 E8 2D A3 FF FF 0F 84 91 00 00 00 F6 C1 20 | eax=FFFF01FF ebx=C15200E8 ecx=00000035 edx=C0FD3690 esi=C0FD3710 edi=C0FD377C esp=C0ED4E04
  INT13 9557 INT15/86 14
  IRQS raised 37994 2 0 0 0 0 18 0 | acked 37905 2 0 0 0 0 18 0
HEARTBEAT [0028:C0008F4A] cpl=0 pm=1 v86=0 if=0 pic imr=A8 isr=00 irr=00 | 74 3E FF 35 F0 E9 00 C0 FB 90 8B 54 24 10 FA FF | eax=00000000 ebx=C15200E8 ecx=00000035 edx=C0FD3690 esi=C0FD3710 edi=C0FD377C esp=C0ED4E04
  INT13 9557 INT15/86 14
  IRQS raised 38140 2 0 0 0 0 18 0 | acked 38051 2 0 0 0 0 18 0
HEARTBEAT [0028:C0008F4A] cpl=0 pm=1 v86=0 if=0 pic imr=A8 isr=00 irr=00 | 74 3E FF 35 F0 E9 00 C0 FB 90 8B 54 24 10 FA FF | eax=00000000 ebx=C15200E8 ecx=00000035 edx=C0FD3690 esi=C0FD3710 edi=C0FD377C esp=C0ED4E04
  INT13 9557 INT15/86 14
  IRQS raised 38286 2 0 0 0 0 18 0 | acked 38197 2 0 0 0 0 18 0
HEARTBEAT [0028:C0008ED7] cpl=0 pm=1 v86=0 if=0 pic imr=A8 isr=00 irr=00 | 80 7F CC 00 74 63 51 E8 DB 02 00 00 E8 89 0B 00 | eax=00000000 ebx=C15200E8 ecx=00000035 edx=C0FD3690 esi=C0FD3710 edi=C0FD377C esp=C0ED4E04
  INT13 9557 INT15/86 14
  IRQS raised 38431 2 0 0 0 0 18 0 | acked 38342 2 0 0 0 0 18 0
HEARTBEAT [0028:C0008F40] cpl=0 pm=1 v86=0 if=0 pic imr=A8 isr=00 irr=00 | 81 3D 9C 0C 01 C0 98 0C 01 C0 74 3E FF 35 F0 E9 | eax=00000000 ebx=C15200E8 ecx=00000035 edx=C0FD3690 esi=C0FD3710 edi=C0FD377C esp=C0ED4E04
  INT13 9557 INT15/86 14
  IRQS raised 38577 2 0 0 0 0 18 0 | acked 38488 2 0 0 0 0 18 0
HEARTBEAT [0028:C0008EF6] cpl=0 pm=1 v86=0 if=0 pic imr=A8 isr=00 irr=00 | FA 8B 54 24 0C FF 54 24 08 0F 85 22 FF FF FF F6 | eax=00000000 ebx=C15200E8 ecx=00000035 edx=C0FD3690 esi=C0FD3710 edi=C0FD377C esp=C0ED4E04
  INT13 9557 INT15/86 14
  IRQS raised 38723 2 0 0 0 0 18 0 | acked 38634 2 0 0 0 0 18 0
HEARTBEAT [0028:C0008EF6] cpl=0 pm=1 v86=0 if=0 pic imr=A8 isr=00 irr=00 | FA 8B 54 24 0C FF 54 24 08 0F 85 22 FF FF FF F6 | eax=00000000 ebx=C15200E8 ecx=00000035 edx=C0FD3690 esi=C0FD3710 edi=C0FD377C esp=C0ED4E04
  INT13 9557 INT15/86 14
  IRQS raised 38868 2 0 0 0 0 18 0 | acked 38779 2 0 0 0 0 18 0
HEARTBEAT [0028:C000316D] cpl=0 pm=1 v86=0 if=0 pic imr=A8 isr=00 irr=00 | 56 8B F0 33 C0 3B 05 F0 E9 00 C0 75 0A 5E C3 48 | eax=00000000 ebx=C15200E8 ecx=00000035 edx=C0FD3690 esi=C0FD3710 edi=C0FD377C esp=C0ED4E00
  INT13 9557 INT15/86 14
  IRQS raised 39014 2 0 0 0 0 18 0 | acked 38925 2 0 0 0 0 18 0
HEARTBEAT [0028:C0008ED7] cpl=0 pm=1 v86=0 if=0 pic imr=A8 isr=00 irr=00 | 80 7F CC 00 74 63 51 E8 DB 02 00 00 E8 89 0B 00 | eax=00000000 ebx=C15200E8 ecx=00000035 edx=C0FD3690 esi=C0FD3710 edi=C0FD377C esp=C0ED4E04
  INT13 9557 INT15/86 14
  IRQS raised 39160 2 0 0 0 0 18 0 | acked 39071 2 0 0 0 0 18 0
HEARTBEAT [0028:C0008E27] cpl=0 pm=1 v86=0 if=0 pic imr=A8 isr=00 irr=00 | 8B 1D 1C 07 01 C0 80 E1 7F F6 07 01 0F 84 83 00 | eax=FFFF01FF ebx=C15200E8 ecx=00000035 edx=C0FD3690 esi=C0FD3710 edi=C0FD377C esp=C0ED4E04
  INT13 9557 INT15/86 14
  IRQS raised 39305 2 0 0 0 0 18 0 | acked 39216 2 0 0 0 0 18 0
HEARTBEAT [0028:C000316D] cpl=0 pm=1 v86=0 if=0 pic imr=A8 isr=00 irr=00 | 56 8B F0 33 C0 3B 05 F0 E9 00 C0 75 0A 5E C3 48 | eax=00000000 ebx=C15200E8 ecx=00000035 edx=C0FD3690 esi=C0FD3710 edi=C0FD377C esp=C0ED4E00
  INT13 9557 INT15/86 14
  IRQS raised 39451 2 0 0 0 0 18 0 | acked 39362 2 0 0 0 0 18 0
HEARTBEAT [0028:C00031A1] cpl=0 pm=1 v86=0 if=0 pic imr=A8 isr=00 irr=00 | D0 D9 80 C2 FF D0 D1 B8 D4 06 01 C0 8B 50 10 85 | eax=00000000 ebx=C15200E8 ecx=800000E3 edx=C0FCEA00 esi=00000000 edi=C0FD377C esp=C0ED4DCC
  INT13 9557 INT15/86 14
  IRQS raised 39597 2 0 0 0 0 18 0 | acked 39508 2 0 0 0 0 18 0
HEARTBEAT [0028:C0008EFF] cpl=0 pm=1 v86=0 if=0 pic imr=A8 isr=00 irr=00 | 0F 85 22 FF FF FF F6 47 01 10 74 1C E8 FC A6 FF | eax=FFFF01FF ebx=C15200E8 ecx=00000035 edx=C0FD3690 esi=C0FD3710 edi=C0FD377C esp=C0ED4E04
  INT13 9557 INT15/86 14
  IRQS raised 39742 2 0 0 0 0 18 0 | acked 39653 2 0 0 0 0 18 0
HEARTBEAT [0028:C0008E40] cpl=0 pm=1 v86=0 if=0 pic imr=A8 isr=00 irr=00 | 0F 84 91 00 00 00 F6 C1 20 75 48 F6 40 08 02 74 | eax=00000000 ebx=C15200E8 ecx=00000035 edx=C0FD3690 esi=C0FD3710 edi=C0FD377C esp=C0ED4E04
  INT13 9557 INT15/86 14
  IRQS raised 39888 2 0 0 0 0 18 0 | acked 39799 2 0 0 0 0 18 0
HEARTBEAT [0028:C0008EDB] cpl=0 pm=1 v86=0 if=0 pic imr=A8 isr=00 irr=00 | 74 63 51 E8 DB 02 00 00 E8 89 0B 00 00 59 FB EB | eax=00000000 ebx=C15200E8 ecx=00000035 edx=C0FD3690 esi=C0FD3710 edi=C0FD377C esp=C0ED4E04
  INT13 9557 INT15/86 14
  IRQS raised 40033 2 0 0 0 0 18 0 | acked 39944 2 0 0 0 0 18 0
HEARTBEAT [0028:C0008C1B] cpl=0 pm=1 v86=0 if=0 pic imr=A8 isr=00 irr=00 | 48 C0 EC 07 C3 53 F6 07 04 75 34 81 7F 3C 00 00 | eax=00000000 ebx=C15200E8 ecx=00000035 edx=C0FD3690 esi=C0FD3710 edi=C0FD377C esp=C0ED4E00
  INT13 9557 INT15/86 14
  IRQS raised 40179 2 0 0 0 0 18 0 | acked 40090 2 0 0 0 0 18 0
HEARTBEAT [0028:C0003178] cpl=0 pm=1 v86=0 if=0 pic imr=A8 isr=00 irr=00 | 75 0A 5E C3 48 5E C3 33 C0 56 33 F6 8B 6B 08 39 | eax=00000000 ebx=C15200E8 ecx=00000035 edx=C0FD3690 esi=00000000 edi=C0FD377C esp=C0ED4DFC
  INT13 9557 INT15/86 14
  IRQS raised 40325 2 0 0 0 0 18 0 | acked 40236 2 0 0 0 0 18 0
HEARTBEAT [0028:C0008E39] cpl=0 pm=1 v86=0 if=0 pic imr=A8 isr=00 irr=00 | 33 C0 E8 2D A3 FF FF 0F 84 91 00 00 00 F6 C1 20 | eax=FFFF01FF ebx=C15200E8 ecx=00000035 edx=C0FD3690 esi=C0FD3710 edi=C0FD377C esp=C0ED4E04
  INT13 9557 INT15/86 14
  IRQS raised 40470 2 0 0 0 0 18 0 | acked 40381 2 0 0 0 0 18 0
HEARTBEAT [0028:C0008EF6] cpl=0 pm=1 v86=0 if=0 pic imr=A8 isr=00 irr=00 | FA 8B 54 24 0C FF 54 24 08 0F 85 22 FF FF FF F6 | eax=00000000 ebx=C15200E8 ecx=00000035 edx=C0FD3690 esi=C0FD3710 edi=C0FD377C esp=C0ED4E04
  INT13 9557 INT15/86 14
  IRQS raised 40616 2 0 0 0 0 18 0 | acked 40527 2 0 0 0 0 18 0
HEARTBEAT [0028:C0008FC0] cpl=0 pm=1 v86=0 if=0 pic imr=A8 isr=00 irr=00 | FB 90 90 FA E9 2D FF FF FF 51 33 C9 41 85 C0 74 | eax=00000000 ebx=C15200E8 ecx=00000035 edx=C0FD3690 esi=C0FD3710 edi=C0FD377C esp=C0ED4E04
  INT13 9557 INT15/86 14
  IRQS raised 40762 2 0 0 0 0 18 0 | acked 40673 2 0 0 0 0 18 0
HEARTBEAT [0028:C0003178] cpl=0 pm=1 v86=0 if=0 pic imr=A8 isr=00 irr=00 | 75 0A 5E C3 48 5E C3 33 C0 56 33 F6 8B 6B 08 39 | eax=00000000 ebx=C15200E8 ecx=00000035 edx=C0FD3690 esi=00000000 edi=C0FD377C esp=C0ED4DFC
  INT13 9557 INT15/86 14
  IRQS raised 40907 2 0 0 0 0 18 0 | acked 40818 2 0 0 0 0 18 0
HEARTBEAT [0028:C0008EFB] cpl=0 pm=1 v86=0 if=0 pic imr=A8 isr=00 irr=00 | FF 54 24 08 0F 85 22 FF FF FF F6 47 01 10 74 1C | eax=00000000 ebx=C15200E8 ecx=00000035 edx=C0FD3690 esi=C0FD3710 edi=C0FD377C esp=C0ED4E04
  INT13 9557 INT15/86 14
  IRQS raised 41053 2 0 0 0 0 18 0 | acked 40964 2 0 0 0 0 18 0
HEARTBEAT [0028:C0008E27] cpl=0 pm=1 v86=0 if=0 pic imr=A8 isr=00 irr=00 | 8B 1D 1C 07 01 C0 80 E1 7F F6 07 01 0F 84 83 00 | eax=FFFF01FF ebx=C15200E8 ecx=00000035 edx=C0FD3690 esi=C0FD3710 edi=C0FD377C esp=C0ED4E04
  INT13 9557 INT15/86 14
  IRQS raised 41199 2 0 0 0 0 18 0 | acked 41110 2 0 0 0 0 18 0
HEARTBEAT [0028:C0008F40] cpl=0 pm=1 v86=0 if=0 pic imr=A8 isr=00 irr=00 | 81 3D 9C 0C 01 C0 98 0C 01 C0 74 3E FF 35 F0 E9 | eax=00000000 ebx=C15200E8 ecx=00000035 edx=C0FD3690 esi=C0FD3710 edi=C0FD377C esp=C0ED4E04
  INT13 9557 INT15/86 14
  IRQS raised 41344 2 0 0 0 0 18 0 | acked 41255 2 0 0 0 0 18 0
HEARTBEAT [0028:C0008F4A] cpl=0 pm=1 v86=0 if=0 pic imr=A8 isr=00 irr=00 | 74 3E FF 35 F0 E9 00 C0 FB 90 8B 54 24 10 FA FF | eax=00000000 ebx=C15200E8 ecx=00000035 edx=C0FD3690 esi=C0FD3710 edi=C0FD377C esp=C0ED4E04
  INT13 9557 INT15/86 14
  IRQS raised 41490 2 0 0 0 0 18 0 | acked 41401 2 0 0 0 0 18 0
HEARTBEAT [0028:C0008ED7] cpl=0 pm=1 v86=0 if=0 pic imr=A8 isr=00 irr=00 | 80 7F CC 00 74 63 51 E8 DB 02 00 00 E8 89 0B 00 | eax=00000000 ebx=C15200E8 ecx=00000035 edx=C0FD3690 esi=C0FD3710 edi=C0FD377C esp=C0ED4E04
  INT13 9557 INT15/86 14
  IRQS raised 41636 2 0 0 0 0 18 0 | acked 41547 2 0 0 0 0 18 0
HEARTBEAT [0028:C0008E2D] cpl=0 pm=1 v86=0 if=0 pic imr=A8 isr=00 irr=00 | 80 E1 7F F6 07 01 0F 84 83 00 00 00 33 C0 E8 2D | eax=FFFF01FF ebx=C15200E8 ecx=00000035 edx=C0FD3690 esi=C0FD3710 edi=C0FD377C esp=C0ED4E04
  INT13 9557 INT15/86 14
  IRQS raised 41781 2 0 0 0 0 18 0 | acked 41692 2 0 0 0 0 18 0
HEARTBEAT [0028:C0008F9D] cpl=0 pm=1 v86=0 if=0 pic imr=A8 isr=00 irr=00 | 74 05 F6 C1 80 74 1C A1 E4 06 01 C0 66 83 3D F0 | eax=00000000 ebx=C15200E8 ecx=00000035 edx=C0FD3690 esi=C0FD3710 edi=C0FD377C esp=C0ED4E04
  INT13 9557 INT15/86 14
  IRQS raised 41927 2 0 0 0 0 18 0 | acked 41838 2 0 0 0 0 18 0
HEARTBEAT [0028:C0008EF6] cpl=0 pm=1 v86=0 if=0 pic imr=A8 isr=00 irr=00 | FA 8B 54 24 0C FF 54 24 08 0F 85 22 FF FF FF F6 | eax=00000000 ebx=C15200E8 ecx=00000035 edx=C0FD3690 esi=C0FD3710 edi=C0FD377C esp=C0ED4E04
  INT13 9557 INT15/86 14
  IRQS raised 42073 2 0 0 0 0 18 0 | acked 41984 2 0 0 0 0 18 0
HEARTBEAT [0028:C0008E2D] cpl=0 pm=1 v86=0 if=0 pic imr=A8 isr=00 irr=00 | 80 E1 7F F6 07 01 0F 84 83 00 00 00 33 C0 E8 2D | eax=FFFF01FF ebx=C15200E8 ecx=00000035 edx=C0FD3690 esi=C0FD3710 edi=C0FD377C esp=C0ED4E04
  INT13 9557 INT15/86 14
  IRQS raised 42218 2 0 0 0 0 18 0 | acked 42129 2 0 0 0 0 18 0
HEARTBEAT [0028:C000316D] cpl=0 pm=1 v86=0 if=0 pic imr=A8 isr=00 irr=00 | 56 8B F0 33 C0 3B 05 F0 E9 00 C0 75 0A 5E C3 48 | eax=00000000 ebx=C15200E8 ecx=00000035 edx=C0FD3690 esi=C0FD3710 edi=C0FD377C esp=C0ED4E00
  INT13 9557 INT15/86 14
  IRQS raised 42364 2 0 0 0 0 18 0 | acked 42275 2 0 0 0 0 18 0
HEARTBEAT [0028:C0008EF6] cpl=0 pm=1 v86=0 if=0 pic imr=A8 isr=00 irr=00 | FA 8B 54 24 0C FF 54 24 08 0F 85 22 FF FF FF F6 | eax=00000000 ebx=C15200E8 ecx=00000035 edx=C0FD3690 esi=C0FD3710 edi=C0FD377C esp=C0ED4E04
  INT13 9557 INT15/86 14
  IRQS raised 42510 2 0 0 0 0 18 0 | acked 42421 2 0 0 0 0 18 0
HEARTBEAT [0028:C0008EF6] cpl=0 pm=1 v86=0 if=0 pic imr=A8 isr=00 irr=00 | FA 8B 54 24 0C FF 54 24 08 0F 85 22 FF FF FF F6 | eax=00000000 ebx=C15200E8 ecx=00000035 edx=C0FD3690 esi=C0FD3710 edi=C0FD377C esp=C0ED4E04
  INT13 9557 INT15/86 14
  IRQS raised 42655 2 0 0 0 0 18 0 | acked 42566 2 0 0 0 0 18 0
HEARTBEAT [0028:C0008E27] cpl=0 pm=1 v86=0 if=0 pic imr=A8 isr=00 irr=00 | 8B 1D 1C 07 01 C0 80 E1 7F F6 07 01 0F 84 83 00 | eax=FFFF01FF ebx=C15200E8 ecx=00000035 edx=C0FD3690 esi=C0FD3710 edi=C0FD377C esp=C0ED4E04
  INT13 9557 INT15/86 14
  IRQS raised 42801 2 0 0 0 0 18 0 | acked 42712 2 0 0 0 0 18 0
HEARTBEAT [0028:C0002F98] cpl=0 pm=1 v86=0 if=0 pic imr=A8 isr=00 irr=00 | 89 4A 10 74 A1 8B 04 24 BE DB 30 00 C0 CD 20 3C | eax=C003F430 ebx=00000000 ecx=00000000 edx=C0FCEE68 esi=C00106D4 edi=00000000 esp=C0ED4D94
  INT13 9557 INT15/86 14
  IRQS raised 42947 2 0 0 0 0 18 0 | acked 42858 2 0 0 0 0 18 0
HEARTBEAT [0028:C0008FC1] cpl=0 pm=1 v86=0 if=1 pic imr=A8 isr=00 irr=00 | 90 90 FA E9 2D FF FF FF 51 33 C9 41 85 C0 74 0D | eax=00000000 ebx=C15200E8 ecx=00000035 edx=C0FD3690 esi=C0FD3710 edi=C0FD377C esp=C0ED4E04
  INT13 9557 INT15/86 14
  IRQS raised 43092 2 0 0 0 0 18 0 | acked 43003 2 0 0 0 0 18 0
HEARTBEAT [0028:C0008C1F] cpl=0 pm=1 v86=0 if=0 pic imr=A8 isr=00 irr=00 | C3 53 F6 07 04 75 34 81 7F 3C 00 00 10 00 73 1D | eax=FFFF01FF ebx=C15200E8 ecx=00000035 edx=C0FD3690 esi=C0FD3710 edi=C0FD377C esp=C0ED4E00
  INT13 9557 INT15/86 14
  IRQS raised 43238 2 0 0 0 0 18 0 | acked 43149 2 0 0 0 0 18 0
HEARTBEAT [0028:C0008F4A] cpl=0 pm=1 v86=0 if=0 pic imr=A8 isr=00 irr=00 | 74 3E FF 35 F0 E9 00 C0 FB 90 8B 54 24 10 FA FF | eax=00000000 ebx=C15200E8 ecx=00000035 edx=C0FD3690 esi=C0FD3710 edi=C0FD377C esp=C0ED4E04
  INT13 9557 INT15/86 14
  IRQS raised 43383 2 0 0 0 0 18 0 | acked 43294 2 0 0 0 0 18 0
HEARTBEAT [0028:C0008E2D] cpl=0 pm=1 v86=0 if=0 pic imr=A8 isr=00 irr=00 | 80 E1 7F F6 07 01 0F 84 83 00 00 00 33 C0 E8 2D | eax=FFFF01FF ebx=C15200E8 ecx=00000035 edx=C0FD3690 esi=C0FD3710 edi=C0FD377C esp=C0ED4E04
  INT13 9557 INT15/86 14
  IRQS raised 43529 2 0 0 0 0 18 0 | acked 43440 2 0 0 0 0 18 0
HEARTBEAT [0028:C0008C18] cpl=0 pm=1 v86=0 if=0 pic imr=A8 isr=00 irr=00 | 66 8B 06 48 C0 EC 07 C3 53 F6 07 04 75 34 81 7F | eax=00000000 ebx=C15200E8 ecx=00000035 edx=C0FD3690 esi=C0FD3710 edi=C0FD377C esp=C0ED4E00
  INT13 9557 INT15/86 14
  IRQS raised 43675 2 0 0 0 0 18 0 | acked 43586 2 0 0 0 0 18 0
HEARTBEAT [0028:C0008FC1] cpl=0 pm=1 v86=0 if=1 pic imr=A8 isr=00 irr=00 | 90 90 FA E9 2D FF FF FF 51 33 C9 41 85 C0 74 0D | eax=00000000 ebx=C15200E8 ecx=00000035 edx=C0FD3690 esi=C0FD3710 edi=C0FD377C esp=C0ED4E04
  INT13 9557 INT15/86 14
  IRQS raised 43820 2 0 0 0 0 18 0 | acked 43731 2 0 0 0 0 18 0
HEARTBEAT [0028:C000316D] cpl=0 pm=1 v86=0 if=0 pic imr=A8 isr=00 irr=00 | 56 8B F0 33 C0 3B 05 F0 E9 00 C0 75 0A 5E C3 48 | eax=00000000 ebx=C15200E8 ecx=00000035 edx=C0FD3690 esi=C0FD3710 edi=C0FD377C esp=C0ED4E00
  INT13 9557 INT15/86 14
  IRQS raised 43966 2 0 0 0 0 18 0 | acked 43877 2 0 0 0 0 18 0
HEARTBEAT [0028:C0008C1B] cpl=0 pm=1 v86=0 if=0 pic imr=A8 isr=00 irr=00 | 48 C0 EC 07 C3 53 F6 07 04 75 34 81 7F 3C 00 00 | eax=00000000 ebx=C15200E8 ecx=00000035 edx=C0FD3690 esi=C0FD3710 edi=C0FD377C esp=C0ED4E00
  INT13 9557 INT15/86 14
  IRQS raised 44112 2 0 0 0 0 18 0 | acked 44023 2 0 0 0 0 18 0
HEARTBEAT [0028:C0008FC0] cpl=0 pm=1 v86=0 if=0 pic imr=A8 isr=00 irr=00 | FB 90 90 FA E9 2D FF FF FF 51 33 C9 41 85 C0 74 | eax=00000000 ebx=C15200E8 ecx=00000035 edx=C0FD3690 esi=C0FD3710 edi=C0FD377C esp=C0ED4E04
  INT13 9557 INT15/86 14
  IRQS raised 44257 2 0 0 0 0 18 0 | acked 44168 2 0 0 0 0 18 0
HEARTBEAT [0028:C000317A] cpl=0 pm=1 v86=0 if=0 pic imr=A8 isr=00 irr=00 | 5E C3 48 5E C3 33 C0 56 33 F6 8B 6B 08 39 05 F4 | eax=00000000 ebx=C15200E8 ecx=00000035 edx=C0FD3690 esi=00000000 edi=C0FD377C esp=C0ED4DFC
  INT13 9557 INT15/86 14
  IRQS raised 44403 2 0 0 0 0 18 0 | acked 44314 2 0 0 0 0 18 0
HEARTBEAT [0028:C0008F9F] cpl=0 pm=1 v86=0 if=0 pic imr=A8 isr=00 irr=00 | F6 C1 80 74 1C A1 E4 06 01 C0 66 83 3D F0 E9 00 | eax=00000000 ebx=C15200E8 ecx=00000035 edx=C0FD3690 esi=C0FD3710 edi=C0FD377C esp=C0ED4E04
  INT13 9557 INT15/86 14
  IRQS raised 44549 2 0 0 0 0 18 0 | acked 44460 2 0 0 0 0 18 0
HEARTBEAT [0028:C0008E39] cpl=0 pm=1 v86=0 if=0 pic imr=A8 isr=00 irr=00 | 33 C0 E8 2D A3 FF FF 0F 84 91 00 00 00 F6 C1 20 | eax=FFFF01FF ebx=C15200E8 ecx=00000035 edx=C0FD3690 esi=C0FD3710 edi=C0FD377C esp=C0ED4E04
  INT13 9557 INT15/86 14
  IRQS raised 44694 2 0 0 0 0 18 0 | acked 44605 2 0 0 0 0 18 0
HEARTBEAT [0028:C0008F9A] cpl=0 pm=1 v86=0 if=0 pic imr=A8 isr=00 irr=00 | F6 07 01 74 05 F6 C1 80 74 1C A1 E4 06 01 C0 66 | eax=00000000 ebx=C15200E8 ecx=00000035 edx=C0FD3690 esi=C0FD3710 edi=C0FD377C esp=C0ED4E04
  INT13 9557 INT15/86 14
  IRQS raised 44840 2 0 0 0 0 18 0 | acked 44751 2 0 0 0 0 18 0
HEARTBEAT [0028:C0003178] cpl=0 pm=1 v86=0 if=0 pic imr=A8 isr=00 irr=00 | 75 0A 5E C3 48 5E C3 33 C0 56 33 F6 8B 6B 08 39 | eax=00000000 ebx=C15200E8 ecx=00000035 edx=C0FD3690 esi=00000000 edi=C0FD377C esp=C0ED4DFC
  INT13 9557 INT15/86 14
  IRQS raised 44986 2 0 0 0 0 18 0 | acked 44897 2 0 0 0 0 18 0
HEARTBEAT [0028:C0008FC0] cpl=0 pm=1 v86=0 if=0 pic imr=A8 isr=00 irr=00 | FB 90 90 FA E9 2D FF FF FF 51 33 C9 41 85 C0 74 | eax=00000000 ebx=C15200E8 ecx=00000035 edx=C0FD3690 esi=C0FD3710 edi=C0FD377C esp=C0ED4E04
  INT13 9557 INT15/86 14
  IRQS raised 45131 2 0 0 0 0 18 0 | acked 45042 2 0 0 0 0 18 0
HEARTBEAT [0028:C0008EF6] cpl=0 pm=1 v86=0 if=0 pic imr=A8 isr=00 irr=00 | FA 8B 54 24 0C FF 54 24 08 0F 85 22 FF FF FF F6 | eax=00000000 ebx=C15200E8 ecx=00000035 edx=C0FD3690 esi=C0FD3710 edi=C0FD377C esp=C0ED4E04
  INT13 9557 INT15/86 14
  IRQS raised 45277 2 0 0 0 0 18 0 | acked 45188 2 0 0 0 0 18 0
HEARTBEAT [02F7:000004A9] cpl=3 pm=1 v86=0 if=1 pic imr=A8 isr=00 irr=00 | 74 E8 E8 A2 02 72 E3 8B 76 14 8B 7E 12 F6 46 F9 | eax=02F70102 ebx=00006320 ecx=00000001 edx=0000000D esi=0002001C edi=00028D21 esp=00968CFA
  INT13 9557 INT15/86 14
  IRQS raised 45423 2 0 0 0 0 18 0 | acked 45334 2 0 0 0 0 18 0
HEARTBEAT [0028:C0008F9D] cpl=0 pm=1 v86=0 if=0 pic imr=A8 isr=00 irr=00 | 74 05 F6 C1 80 74 1C A1 E4 06 01 C0 66 83 3D F0 | eax=00000000 ebx=C15200E8 ecx=00000035 edx=C0FD3690 esi=C0FD3710 edi=C0FD377C esp=C0ED4E04
  INT13 9557 INT15/86 14
  IRQS raised 45568 2 0 0 0 0 18 0 | acked 45479 2 0 0 0 0 18 0
HEARTBEAT [0028:C0008ED7] cpl=0 pm=1 v86=0 if=0 pic imr=A8 isr=00 irr=00 | 80 7F CC 00 74 63 51 E8 DB 02 00 00 E8 89 0B 00 | eax=00000000 ebx=C15200E8 ecx=00000035 edx=C0FD3690 esi=C0FD3710 edi=C0FD377C esp=C0ED4E04
  INT13 9557 INT15/86 14
  IRQS raised 45714 2 0 0 0 0 18 0 | acked 45625 2 0 0 0 0 18 0
HEARTBEAT [0028:C0008F40] cpl=0 pm=1 v86=0 if=0 pic imr=A8 isr=00 irr=00 | 81 3D 9C 0C 01 C0 98 0C 01 C0 74 3E FF 35 F0 E9 | eax=00000000 ebx=C15200E8 ecx=00000035 edx=C0FD3690 esi=C0FD3710 edi=C0FD377C esp=C0ED4E04
  INT13 9557 INT15/86 14
  IRQS raised 45860 2 0 0 0 0 18 0 | acked 45771 2 0 0 0 0 18 0
HEARTBEAT [0028:C0008C18] cpl=0 pm=1 v86=0 if=0 pic imr=A8 isr=00 irr=00 | 66 8B 06 48 C0 EC 07 C3 53 F6 07 04 75 34 81 7F | eax=00000000 ebx=C15200E8 ecx=00000035 edx=C0FD3690 esi=C0FD3710 edi=C0FD377C esp=C0ED4E00
  INT13 9557 INT15/86 14
  IRQS raised 46005 2 0 0 0 0 18 0 | acked 45916 2 0 0 0 0 18 0
HEARTBEAT [0028:C000316D] cpl=0 pm=1 v86=0 if=0 pic imr=A8 isr=00 irr=00 | 56 8B F0 33 C0 3B 05 F0 E9 00 C0 75 0A 5E C3 48 | eax=00000000 ebx=C15200E8 ecx=00000035 edx=C0FD3690 esi=C0FD3710 edi=C0FD377C esp=C0ED4E00
  INT13 9557 INT15/86 14
  IRQS raised 46151 2 0 0 0 0 18 0 | acked 46062 2 0 0 0 0 18 0
HEARTBEAT [0028:C0002C6E] cpl=0 pm=1 v86=0 if=0 pic imr=A8 isr=00 irr=00 | 89 50 04 33 F6 89 70 08 89 70 0C 89 70 10 89 70 | eax=C0FCEAF4 ebx=C15200E8 ecx=C0FCEE68 edx=C0FCEAD8 esi=C10CD71C edi=00000000 esp=C0ED4D8C
  INT13 9557 INT15/86 14
  IRQS raised 46297 2 0 0 0 0 18 0 | acked 46208 2 0 0 0 0 18 0
HEARTBEAT [0028:C0008EF6] cpl=0 pm=1 v86=0 if=0 pic imr=A8 isr=00 irr=00 | FA 8B 54 24 0C FF 54 24 08 0F 85 22 FF FF FF F6 | eax=00000000 ebx=C15200E8 ecx=00000035 edx=C0FD3690 esi=C0FD3710 edi=C0FD377C esp=C0ED4E04
  INT13 9557 INT15/86 14
  IRQS raised 46442 2 0 0 0 0 18 0 | acked 46353 2 0 0 0 0 18 0
HEARTBEAT [0028:C0003178] cpl=0 pm=1 v86=0 if=0 pic imr=A8 isr=00 irr=00 | 75 0A 5E C3 48 5E C3 33 C0 56 33 F6 8B 6B 08 39 | eax=00000000 ebx=C15200E8 ecx=00000035 edx=C0FD3690 esi=00000000 edi=C0FD377C esp=C0ED4DFC
  INT13 9557 INT15/86 14
  IRQS raised 46588 2 0 0 0 0 18 0 | acked 46499 2 0 0 0 0 18 0
HEARTBEAT [0028:C0008F4A] cpl=0 pm=1 v86=0 if=0 pic imr=A8 isr=00 irr=00 | 74 3E FF 35 F0 E9 00 C0 FB 90 8B 54 24 10 FA FF | eax=00000000 ebx=C15200E8 ecx=00000035 edx=C0FD3690 esi=C0FD3710 edi=C0FD377C esp=C0ED4E04
  INT13 9557 INT15/86 14
  IRQS raised 46733 2 0 0 0 0 18 0 | acked 46644 2 0 0 0 0 18 0
HEARTBEAT [0028:C0008E2D] cpl=0 pm=1 v86=0 if=0 pic imr=A8 isr=00 irr=00 | 80 E1 7F F6 07 01 0F 84 83 00 00 00 33 C0 E8 2D | eax=FFFF01FF ebx=C15200E8 ecx=00000035 edx=C0FD3690 esi=C0FD3710 edi=C0FD377C esp=C0ED4E04
  INT13 9557 INT15/86 14
  IRQS raised 46879 2 0 0 0 0 18 0 | acked 46790 2 0 0 0 0 18 0
HEARTBEAT [0028:C0008E39] cpl=0 pm=1 v86=0 if=0 pic imr=A8 isr=00 irr=00 | 33 C0 E8 2D A3 FF FF 0F 84 91 00 00 00 F6 C1 20 | eax=FFFF01FF ebx=C15200E8 ecx=00000035 edx=C0FD3690 esi=C0FD3710 edi=C0FD377C esp=C0ED4E04
  INT13 9557 INT15/86 14
  IRQS raised 47025 2 0 0 0 0 18 0 | acked 46936 2 0 0 0 0 18 0
HEARTBEAT [0028:C0008F94] cpl=0 pm=1 v86=0 if=0 pic imr=A8 isr=00 irr=00 | 0F 85 43 FF FF FF F6 07 01 74 05 F6 C1 80 74 1C | eax=00000000 ebx=C15200E8 ecx=00000035 edx=C0FD3690 esi=C0FD3710 edi=C0FD377C esp=C0ED4E04
  INT13 9557 INT15/86 14
  IRQS raised 47170 2 0 0 0 0 18 0 | acked 47081 2 0 0 0 0 18 0
HEARTBEAT [0028:C0008F9D] cpl=0 pm=1 v86=0 if=0 pic imr=A8 isr=00 irr=00 | 74 05 F6 C1 80 74 1C A1 E4 06 01 C0 66 83 3D F0 | eax=00000000 ebx=C15200E8 ecx=00000035 edx=C0FD3690 esi=C0FD3710 edi=C0FD377C esp=C0ED4E04
  INT13 9557 INT15/86 14
  IRQS raised 47316 2 0 0 0 0 18 0 | acked 47227 2 0 0 0 0 18 0
HEARTBEAT [0028:C0008C1F] cpl=0 pm=1 v86=0 if=0 pic imr=A8 isr=00 irr=00 | C3 53 F6 07 04 75 34 81 7F 3C 00 00 10 00 73 1D | eax=FFFF01FF ebx=C15200E8 ecx=00000035 edx=C0FD3690 esi=C0FD3710 edi=C0FD377C esp=C0ED4E00
  INT13 9557 INT15/86 14
  IRQS raised 47462 2 0 0 0 0 18 0 | acked 47373 2 0 0 0 0 18 0
HEARTBEAT [0028:C0008EFF] cpl=0 pm=1 v86=0 if=0 pic imr=A8 isr=00 irr=00 | 0F 85 22 FF FF FF F6 47 01 10 74 1C E8 FC A6 FF | eax=FFFF01FF ebx=C15200E8 ecx=00000035 edx=C0FD3690 esi=C0FD3710 edi=C0FD377C esp=C0ED4E04
  INT13 9557 INT15/86 14
  IRQS raised 47607 2 0 0 0 0 18 0 | acked 47518 2 0 0 0 0 18 0
HEARTBEAT [0028:C0008E30] cpl=0 pm=1 v86=0 if=0 pic imr=A8 isr=00 irr=00 | F6 07 01 0F 84 83 00 00 00 33 C0 E8 2D A3 FF FF | eax=FFFF01FF ebx=C15200E8 ecx=00000035 edx=C0FD3690 esi=C0FD3710 edi=C0FD377C esp=C0ED4E04
  INT13 9557 INT15/86 14
  IRQS raised 47753 2 0 0 0 0 18 0 | acked 47664 2 0 0 0 0 18 0
HEARTBEAT [0028:C0008C18] cpl=0 pm=1 v86=0 if=0 pic imr=A8 isr=00 irr=00 | 66 8B 06 48 C0 EC 07 C3 53 F6 07 04 75 34 81 7F | eax=00000000 ebx=C15200E8 ecx=00000035 edx=C0FD3690 esi=C0FD3710 edi=C0FD377C esp=C0ED4E00
  INT13 9557 INT15/86 14
  IRQS raised 47899 2 0 0 0 0 18 0 | acked 47810 2 0 0 0 0 18 0
HEARTBEAT [0028:C0008EFB] cpl=0 pm=1 v86=0 if=0 pic imr=A8 isr=00 irr=00 | FF 54 24 08 0F 85 22 FF FF FF F6 47 01 10 74 1C | eax=00000000 ebx=C15200E8 ecx=00000035 edx=C0FD3690 esi=C0FD3710 edi=C0FD377C esp=C0ED4E04
  INT13 9557 INT15/86 14
  IRQS raised 48044 2 0 0 0 0 18 0 | acked 47955 2 0 0 0 0 18 0
HEARTBEAT [0028:C0008FC0] cpl=0 pm=1 v86=0 if=0 pic imr=A8 isr=00 irr=00 | FB 90 90 FA E9 2D FF FF FF 51 33 C9 41 85 C0 74 | eax=00000000 ebx=C15200E8 ecx=00000035 edx=C0FD3690 esi=C0FD3710 edi=C0FD377C esp=C0ED4E04
  INT13 9557 INT15/86 14
  IRQS raised 48190 2 0 0 0 0 18 0 | acked 48101 2 0 0 0 0 18 0
HEARTBEAT [0028:C0008F40] cpl=0 pm=1 v86=0 if=0 pic imr=A8 isr=00 irr=00 | 81 3D 9C 0C 01 C0 98 0C 01 C0 74 3E FF 35 F0 E9 | eax=00000000 ebx=C15200E8 ecx=00000035 edx=C0FD3690 esi=C0FD3710 edi=C0FD377C esp=C0ED4E04
  INT13 9557 INT15/86 14
  IRQS raised 48336 2 0 0 0 0 18 0 | acked 48247 2 0 0 0 0 18 0
HEARTBEAT [0028:C0008F40] cpl=0 pm=1 v86=0 if=0 pic imr=A8 isr=00 irr=00 | 81 3D 9C 0C 01 C0 98 0C 01 C0 74 3E FF 35 F0 E9 | eax=00000000 ebx=C15200E8 ecx=00000035 edx=C0FD3690 esi=C0FD3710 edi=C0FD377C esp=C0ED4E04
  INT13 9557 INT15/86 14
  IRQS raised 48481 2 0 0 0 0 18 0 | acked 48392 2 0 0 0 0 18 0
HEARTBEAT [0028:C0008EF6] cpl=0 pm=1 v86=0 if=0 pic imr=A8 isr=00 irr=00 | FA 8B 54 24 0C FF 54 24 08 0F 85 22 FF FF FF F6 | eax=00000000 ebx=C15200E8 ecx=00000035 edx=C0FD3690 esi=C0FD3710 edi=C0FD377C esp=C0ED4E04
  INT13 9557 INT15/86 14
  IRQS raised 48627 2 0 0 0 0 18 0 | acked 48538 2 0 0 0 0 18 0
HEARTBEAT [0028:C0008F9D] cpl=0 pm=1 v86=0 if=0 pic imr=A8 isr=00 irr=00 | 74 05 F6 C1 80 74 1C A1 E4 06 01 C0 66 83 3D F0 | eax=00000000 ebx=C15200E8 ecx=00000035 edx=C0FD3690 esi=C0FD3710 edi=C0FD377C esp=C0ED4E04
  INT13 9557 INT15/86 14
  IRQS raised 48773 2 0 0 0 0 18 0 | acked 48684 2 0 0 0 0 18 0
HEARTBEAT [0028:C0008E39] cpl=0 pm=1 v86=0 if=0 pic imr=A8 isr=00 irr=00 | 33 C0 E8 2D A3 FF FF 0F 84 91 00 00 00 F6 C1 20 | eax=FFFF01FF ebx=C15200E8 ecx=00000035 edx=C0FD3690 esi=C0FD3710 edi=C0FD377C esp=C0ED4E04
  INT13 9557 INT15/86 14
  IRQS raised 48918 2 0 0 0 0 18 0 | acked 48829 2 0 0 0 0 18 0
HEARTBEAT [0028:C0008E39] cpl=0 pm=1 v86=0 if=0 pic imr=A8 isr=00 irr=00 | 33 C0 E8 2D A3 FF FF 0F 84 91 00 00 00 F6 C1 20 | eax=FFFF01FF ebx=C15200E8 ecx=00000035 edx=C0FD3690 esi=C0FD3710 edi=C0FD377C esp=C0ED4E04
  INT13 9557 INT15/86 14
  IRQS raised 49064 2 0 0 0 0 18 0 | acked 48975 2 0 0 0 0 18 0
HEARTBEAT [0028:C0008EF6] cpl=0 pm=1 v86=0 if=0 pic imr=A8 isr=00 irr=00 | FA 8B 54 24 0C FF 54 24 08 0F 85 22 FF FF FF F6 | eax=00000000 ebx=C15200E8 ecx=00000035 edx=C0FD3690 esi=C0FD3710 edi=C0FD377C esp=C0ED4E04
  INT13 9557 INT15/86 14
  IRQS raised 49210 2 0 0 0 0 18 0 | acked 49121 2 0 0 0 0 18 0
HEARTBEAT [0028:C0008EF6] cpl=0 pm=1 v86=0 if=0 pic imr=A8 isr=00 irr=00 | FA 8B 54 24 0C FF 54 24 08 0F 85 22 FF FF FF F6 | eax=00000000 ebx=C15200E8 ecx=00000035 edx=C0FD3690 esi=C0FD3710 edi=C0FD377C esp=C0ED4E04
  INT13 9557 INT15/86 14
  IRQS raised 49355 2 0 0 0 0 18 0 | acked 49266 2 0 0 0 0 18 0
HEARTBEAT [0028:C0008E2D] cpl=0 pm=1 v86=0 if=0 pic imr=A8 isr=00 irr=00 | 80 E1 7F F6 07 01 0F 84 83 00 00 00 33 C0 E8 2D | eax=FFFF01FF ebx=C15200E8 ecx=00000035 edx=C0FD3690 esi=C0FD3710 edi=C0FD377C esp=C0ED4E04
  INT13 9557 INT15/86 14
  IRQS raised 49501 2 0 0 0 0 18 0 | acked 49412 2 0 0 0 0 18 0
HEARTBEAT [0028:C001C101] cpl=0 pm=1 v86=0 if=1 pic imr=A8 isr=00 irr=00 | 0B F6 74 06 CD 20 3E 00 01 00 8B 45 0C 89 42 14 | eax=C0FD3690 ebx=C15200E8 ecx=0000000D edx=C0FD3690 esi=00000000 edi=C0FD377C esp=C0ED4DA4
  INT13 9557 INT15/86 14
  IRQS raised 49647 2 0 0 0 0 18 0 | acked 49558 2 0 0 0 0 18 0
HEARTBEAT [0028:C0008C1B] cpl=0 pm=1 v86=0 if=0 pic imr=A8 isr=00 irr=00 | 48 C0 EC 07 C3 53 F6 07 04 75 34 81 7F 3C 00 00 | eax=00000000 ebx=C15200E8 ecx=00000035 edx=C0FD3690 esi=C0FD3710 edi=C0FD377C esp=C0ED4E00
  INT13 9557 INT15/86 14
  IRQS raised 49792 2 0 0 0 0 18 0 | acked 49703 2 0 0 0 0 18 0
HEARTBEAT [0028:C0008F9A] cpl=0 pm=1 v86=0 if=0 pic imr=A8 isr=00 irr=00 | F6 07 01 74 05 F6 C1 80 74 1C A1 E4 06 01 C0 66 | eax=00000000 ebx=C15200E8 ecx=00000035 edx=C0FD3690 esi=C0FD3710 edi=C0FD377C esp=C0ED4E04
  INT13 9557 INT15/86 14
  IRQS raised 49938 2 0 0 0 0 18 0 | acked 49849 2 0 0 0 0 18 0
HEARTBEAT [0028:C0008C18] cpl=0 pm=1 v86=0 if=0 pic imr=A8 isr=00 irr=00 | 66 8B 06 48 C0 EC 07 C3 53 F6 07 04 75 34 81 7F | eax=00000000 ebx=C15200E8 ecx=00000035 edx=C0FD3690 esi=C0FD3710 edi=C0FD377C esp=C0ED4E00
  INT13 9557 INT15/86 14
  IRQS raised 50083 2 0 0 0 0 18 0 | acked 49994 2 0 0 0 0 18 0
HEARTBEAT [0028:C000317A] cpl=0 pm=1 v86=0 if=0 pic imr=A8 isr=00 irr=00 | 5E C3 48 5E C3 33 C0 56 33 F6 8B 6B 08 39 05 F4 | eax=00000000 ebx=C15200E8 ecx=00000035 edx=C0FD3690 esi=00000000 edi=C0FD377C esp=C0ED4DFC
  INT13 9557 INT15/86 14
  IRQS raised 50229 2 0 0 0 0 18 0 | acked 50140 2 0 0 0 0 18 0
HEARTBEAT [0028:C0008EDB] cpl=0 pm=1 v86=0 if=0 pic imr=A8 isr=00 irr=00 | 74 63 51 E8 DB 02 00 00 E8 89 0B 00 00 59 FB EB | eax=00000000 ebx=C15200E8 ecx=00000035 edx=C0FD3690 esi=C0FD3710 edi=C0FD377C esp=C0ED4E04
  INT13 9557 INT15/86 14
  IRQS raised 50375 2 0 0 0 0 18 0 | acked 50286 2 0 0 0 0 18 0
HEARTBEAT [0028:C0008F9A] cpl=0 pm=1 v86=0 if=0 pic imr=A8 isr=00 irr=00 | F6 07 01 74 05 F6 C1 80 74 1C A1 E4 06 01 C0 66 | eax=00000000 ebx=C15200E8 ecx=00000035 edx=C0FD3690 esi=C0FD3710 edi=C0FD377C esp=C0ED4E04
  INT13 9557 INT15/86 14
  IRQS raised 50520 2 0 0 0 0 18 0 | acked 50431 2 0 0 0 0 18 0
HEARTBEAT [0028:C0008F40] cpl=0 pm=1 v86=0 if=0 pic imr=A8 isr=00 irr=00 | 81 3D 9C 0C 01 C0 98 0C 01 C0 74 3E FF 35 F0 E9 | eax=00000000 ebx=C15200E8 ecx=00000035 edx=C0FD3690 esi=C0FD3710 edi=C0FD377C esp=C0ED4E04
  INT13 9557 INT15/86 14
  IRQS raised 50666 2 0 0 0 0 18 0 | acked 50577 2 0 0 0 0 18 0
HEARTBEAT [0028:C000317B] cpl=0 pm=1 v86=0 if=0 pic imr=A8 isr=00 irr=00 | C3 48 5E C3 33 C0 56 33 F6 8B 6B 08 39 05 F4 E9 | eax=00000000 ebx=C15200E8 ecx=00000035 edx=C0FD3690 esi=C0FD3710 edi=C0FD377C esp=C0ED4E00
  INT13 9557 INT15/86 14
  IRQS raised 50812 2 0 0 0 0 18 0 | acked 50723 2 0 0 0 0 18 0
HEARTBEAT [0028:C0008E3B] cpl=0 pm=1 v86=0 if=0 pic imr=A8 isr=00 irr=00 | E8 2D A3 FF FF 0F 84 91 00 00 00 F6 C1 20 75 48 | eax=00000000 ebx=C15200E8 ecx=00000035 edx=C0FD3690 esi=C0FD3710 edi=C0FD377C esp=C0ED4E04
  INT13 9557 INT15/86 14
  IRQS raised 50957 2 0 0 0 0 18 0 | acked 50868 2 0 0 0 0 18 0
HEARTBEAT [0028:C0008F94] cpl=0 pm=1 v86=0 if=0 pic imr=A8 isr=00 irr=00 | 0F 85 43 FF FF FF F6 07 01 74 05 F6 C1 80 74 1C | eax=00000000 ebx=C15200E8 ecx=00000035 edx=C0FD3690 esi=C0FD3710 edi=C0FD377C esp=C0ED4E04
  INT13 9557 INT15/86 14
  IRQS raised 51103 2 0 0 0 0 18 0 | acked 51014 2 0 0 0 0 18 0
HEARTBEAT [0028:C0008E39] cpl=0 pm=1 v86=0 if=0 pic imr=A8 isr=00 irr=00 | 33 C0 E8 2D A3 FF FF 0F 84 91 00 00 00 F6 C1 20 | eax=FFFF01FF ebx=C15200E8 ecx=00000035 edx=C0FD3690 esi=C0FD3710 edi=C0FD377C esp=C0ED4E04
  INT13 9557 INT15/86 14
  IRQS raised 51249 2 0 0 0 0 18 0 | acked 51160 2 0 0 0 0 18 0
HEARTBEAT [0028:C0003178] cpl=0 pm=1 v86=0 if=0 pic imr=A8 isr=00 irr=00 | 75 0A 5E C3 48 5E C3 33 C0 56 33 F6 8B 6B 08 39 | eax=00000000 ebx=C15200E8 ecx=00000035 edx=C0FD3690 esi=00000000 edi=C0FD377C esp=C0ED4DFC
  INT13 9557 INT15/86 14
  IRQS raised 51394 2 0 0 0 0 18 0 | acked 51305 2 0 0 0 0 18 0
HEARTBEAT [0028:C0008EF6] cpl=0 pm=1 v86=0 if=0 pic imr=A8 isr=00 irr=00 | FA 8B 54 24 0C FF 54 24 08 0F 85 22 FF FF FF F6 | eax=00000000 ebx=C15200E8 ecx=00000035 edx=C0FD3690 esi=C0FD3710 edi=C0FD377C esp=C0ED4E04
  INT13 9557 INT15/86 14
  IRQS raised 51540 2 0 0 0 0 18 0 | acked 51451 2 0 0 0 0 18 0
HEARTBEAT [0028:C0003178] cpl=0 pm=1 v86=0 if=0 pic imr=A8 isr=00 irr=00 | 75 0A 5E C3 48 5E C3 33 C0 56 33 F6 8B 6B 08 39 | eax=00000000 ebx=C15200E8 ecx=00000035 edx=C0FD3690 esi=00000000 edi=C0FD377C esp=C0ED4DFC
  INT13 9557 INT15/86 14
  IRQS raised 51686 2 0 0 0 0 18 0 | acked 51597 2 0 0 0 0 18 0
HEARTBEAT [0028:C0008C1F] cpl=0 pm=1 v86=0 if=0 pic imr=A8 isr=00 irr=00 | C3 53 F6 07 04 75 34 81 7F 3C 00 00 10 00 73 1D | eax=FFFF01FF ebx=C15200E8 ecx=00000035 edx=C0FD3690 esi=C0FD3710 edi=C0FD377C esp=C0ED4E00
  INT13 9557 INT15/86 14
  IRQS raised 51831 2 0 0 0 0 18 0 | acked 51742 2 0 0 0 0 18 0
HEARTBEAT [0028:C0008F4A] cpl=0 pm=1 v86=0 if=0 pic imr=A8 isr=00 irr=00 | 74 3E FF 35 F0 E9 00 C0 FB 90 8B 54 24 10 FA FF | eax=00000000 ebx=C15200E8 ecx=00000035 edx=C0FD3690 esi=C0FD3710 edi=C0FD377C esp=C0ED4E04
  INT13 9557 INT15/86 14
  IRQS raised 51977 2 0 0 0 0 18 0 | acked 51888 2 0 0 0 0 18 0
HEARTBEAT [0028:C0008ED7] cpl=0 pm=1 v86=0 if=0 pic imr=A8 isr=00 irr=00 | 80 7F CC 00 74 63 51 E8 DB 02 00 00 E8 89 0B 00 | eax=00000000 ebx=C15200E8 ecx=00000035 edx=C0FD3690 esi=C0FD3710 edi=C0FD377C esp=C0ED4E04
  INT13 9557 INT15/86 14
  IRQS raised 52123 2 0 0 0 0 18 0 | acked 52034 2 0 0 0 0 18 0
HEARTBEAT [0028:C0008E27] cpl=0 pm=1 v86=0 if=0 pic imr=A8 isr=00 irr=00 | 8B 1D 1C 07 01 C0 80 E1 7F F6 07 01 0F 84 83 00 | eax=FFFF01FF ebx=C15200E8 ecx=00000035 edx=C0FD3690 esi=C0FD3710 edi=C0FD377C esp=C0ED4E04
  INT13 9557 INT15/86 14
  IRQS raised 52268 2 0 0 0 0 18 0 | acked 52179 2 0 0 0 0 18 0
HEARTBEAT [0028:C0008F4A] cpl=0 pm=1 v86=0 if=0 pic imr=A8 isr=00 irr=00 | 74 3E FF 35 F0 E9 00 C0 FB 90 8B 54 24 10 FA FF | eax=00000000 ebx=C15200E8 ecx=00000035 edx=C0FD3690 esi=C0FD3710 edi=C0FD377C esp=C0ED4E04
  INT13 9557 INT15/86 14
  IRQS raised 52414 2 0 0 0 0 18 0 | acked 52325 2 0 0 0 0 18 0
HEARTBEAT [0028:C0008E39] cpl=0 pm=1 v86=0 if=0 pic imr=A8 isr=00 irr=00 | 33 C0 E8 2D A3 FF FF 0F 84 91 00 00 00 F6 C1 20 | eax=FFFF01FF ebx=C15200E8 ecx=00000035 edx=C0FD3690 esi=C0FD3710 edi=C0FD377C esp=C0ED4E04
  INT13 9557 INT15/86 14
  IRQS raised 52560 2 0 0 0 0 18 0 | acked 52471 2 0 0 0 0 18 0
HEARTBEAT [0028:C0008F94] cpl=0 pm=1 v86=0 if=0 pic imr=A8 isr=00 irr=00 | 0F 85 43 FF FF FF F6 07 01 74 05 F6 C1 80 74 1C | eax=00000000 ebx=C15200E8 ecx=00000035 edx=C0FD3690 esi=C0FD3710 edi=C0FD377C esp=C0ED4E04
  INT13 9557 INT15/86 14
  IRQS raised 52705 2 0 0 0 0 18 0 | acked 52616 2 0 0 0 0 18 0
HEARTBEAT [0028:C0008F9A] cpl=0 pm=1 v86=0 if=0 pic imr=A8 isr=00 irr=00 | F6 07 01 74 05 F6 C1 80 74 1C A1 E4 06 01 C0 66 | eax=00000000 ebx=C15200E8 ecx=00000035 edx=C0FD3690 esi=C0FD3710 edi=C0FD377C esp=C0ED4E04
  INT13 9557 INT15/86 14
  IRQS raised 52851 2 0 0 0 0 18 0 | acked 52762 2 0 0 0 0 18 0
HEARTBEAT [0028:C0003805] cpl=0 pm=1 v86=0 if=0 pic imr=A8 isr=00 irr=00 | 77 3E 50 55 8B 6E 10 8B 45 24 89 46 20 66 8B 45 | eax=C0FCEAF4 ebx=C15200E8 ecx=003B0204 edx=00001862 esi=C0FD377C edi=C0FD377C esp=C0ED4DD0
  INT13 9557 INT15/86 14
  IRQS raised 52997 2 0 0 0 0 18 0 | acked 52908 2 0 0 0 0 18 0
HEARTBEAT [0028:C000316D] cpl=0 pm=1 v86=0 if=0 pic imr=A8 isr=00 irr=00 | 56 8B F0 33 C0 3B 05 F0 E9 00 C0 75 0A 5E C3 48 | eax=00000000 ebx=C15200E8 ecx=00000035 edx=C0FD3690 esi=C0FD3710 edi=C0FD377C esp=C0ED4E00
  INT13 9557 INT15/86 14
  IRQS raised 53142 2 0 0 0 0 18 0 | acked 53053 2 0 0 0 0 18 0
HEARTBEAT [0028:C0008E2D] cpl=0 pm=1 v86=0 if=0 pic imr=A8 isr=00 irr=00 | 80 E1 7F F6 07 01 0F 84 83 00 00 00 33 C0 E8 2D | eax=FFFF01FF ebx=C15200E8 ecx=00000035 edx=C0FD3690 esi=C0FD3710 edi=C0FD377C esp=C0ED4E04
  INT13 9557 INT15/86 14
  IRQS raised 53288 2 0 0 0 0 18 0 | acked 53199 2 0 0 0 0 18 0
HEARTBEAT [0028:C0008F9D] cpl=0 pm=1 v86=0 if=0 pic imr=A8 isr=00 irr=00 | 74 05 F6 C1 80 74 1C A1 E4 06 01 C0 66 83 3D F0 | eax=00000000 ebx=C15200E8 ecx=00000035 edx=C0FD3690 esi=C0FD3710 edi=C0FD377C esp=C0ED4E04
  INT13 9557 INT15/86 14
  IRQS raised 53433 2 0 0 0 0 18 0 | acked 53344 2 0 0 0 0 18 0
HEARTBEAT [0028:C0008FC3] cpl=0 pm=1 v86=0 if=1 pic imr=A8 isr=00 irr=00 | FA E9 2D FF FF FF 51 33 C9 41 85 C0 74 0D 3B C7 | eax=00000000 ebx=C15200E8 ecx=00000035 edx=C0FD3690 esi=C0FD3710 edi=C0FD377C esp=C0ED4E04
  INT13 9557 INT15/86 14
  IRQS raised 53579 2 0 0 0 0 18 0 | acked 53490 2 0 0 0 0 18 0
HEARTBEAT [0028:C0003172] cpl=0 pm=1 v86=0 if=0 pic imr=A8 isr=00 irr=00 | 3B 05 F0 E9 00 C0 75 0A 5E C3 48 5E C3 33 C0 56 | eax=00000000 ebx=C15200E8 ecx=00000035 edx=C0FD3690 esi=00000000 edi=C0FD377C esp=C0ED4DFC
  INT13 9557 INT15/86 14
  IRQS raised 53725 2 0 0 0 0 18 0 | acked 53636 2 0 0 0 0 18 0
HEARTBEAT [0028:C0008E39] cpl=0 pm=1 v86=0 if=0 pic imr=A8 isr=00 irr=00 | 33 C0 E8 2D A3 FF FF 0F 84 91 00 00 00 F6 C1 20 | eax=FFFF01FF ebx=C15200E8 ecx=00000035 edx=C0FD3690 esi=C0FD3710 edi=C0FD377C esp=C0ED4E04
  INT13 9557 INT15/86 14
  IRQS raised 53870 2 0 0 0 0 18 0 | acked 53781 2 0 0 0 0 18 0
HEARTBEAT [0028:C0008EFB] cpl=0 pm=1 v86=0 if=0 pic imr=A8 isr=00 irr=00 | FF 54 24 08 0F 85 22 FF FF FF F6 47 01 10 74 1C | eax=00000000 ebx=C15200E8 ecx=00000035 edx=C0FD3690 esi=C0FD3710 edi=C0FD377C esp=C0ED4E04
  INT13 9557 INT15/86 14
  IRQS raised 54016 2 0 0 0 0 18 0 | acked 53927 2 0 0 0 0 18 0
HEARTBEAT [0028:C0008EF6] cpl=0 pm=1 v86=0 if=0 pic imr=A8 isr=00 irr=00 | FA 8B 54 24 0C FF 54 24 08 0F 85 22 FF FF FF F6 | eax=00000000 ebx=C15200E8 ecx=00000035 edx=C0FD3690 esi=C0FD3710 edi=C0FD377C esp=C0ED4E04
  INT13 9557 INT15/86 14
  IRQS raised 54162 2 0 0 0 0 18 0 | acked 54073 2 0 0 0 0 18 0
HEARTBEAT [0028:C0008EFB] cpl=0 pm=1 v86=0 if=0 pic imr=A8 isr=00 irr=00 | FF 54 24 08 0F 85 22 FF FF FF F6 47 01 10 74 1C | eax=00000000 ebx=C15200E8 ecx=00000035 edx=C0FD3690 esi=C0FD3710 edi=C0FD377C esp=C0ED4E04
  INT13 9557 INT15/86 14
  IRQS raised 54307 2 0 0 0 0 18 0 | acked 54218 2 0 0 0 0 18 0
HEARTBEAT [0028:C0003178] cpl=0 pm=1 v86=0 if=0 pic imr=A8 isr=00 irr=00 | 75 0A 5E C3 48 5E C3 33 C0 56 33 F6 8B 6B 08 39 | eax=00000000 ebx=C15200E8 ecx=00000035 edx=C0FD3690 esi=00000000 edi=C0FD377C esp=C0ED4DFC
  INT13 9557 INT15/86 14
  IRQS raised 54453 2 0 0 0 0 18 0 | acked 54364 2 0 0 0 0 18 0
HEARTBEAT [0028:C000316D] cpl=0 pm=1 v86=0 if=0 pic imr=A8 isr=00 irr=00 | 56 8B F0 33 C0 3B 05 F0 E9 00 C0 75 0A 5E C3 48 | eax=00000000 ebx=C15200E8 ecx=00000035 edx=C0FD3690 esi=C0FD3710 edi=C0FD377C esp=C0ED4E00
  INT13 9557 INT15/86 14
  IRQS raised 54599 2 0 0 0 0 18 0 | acked 54510 2 0 0 0 0 18 0
HEARTBEAT [0028:C0008ED7] cpl=0 pm=1 v86=0 if=0 pic imr=A8 isr=00 irr=00 | 80 7F CC 00 74 63 51 E8 DB 02 00 00 E8 89 0B 00 | eax=00000000 ebx=C15200E8 ecx=00000035 edx=C0FD3690 esi=C0FD3710 edi=C0FD377C esp=C0ED4E04
  INT13 9557 INT15/86 14
  IRQS raised 54744 2 0 0 0 0 18 0 | acked 54655 2 0 0 0 0 18 0
HEARTBEAT [0028:C0008E2D] cpl=0 pm=1 v86=0 if=0 pic imr=A8 isr=00 irr=00 | 80 E1 7F F6 07 01 0F 84 83 00 00 00 33 C0 E8 2D | eax=FFFF01FF ebx=C15200E8 ecx=00000035 edx=C0FD3690 esi=C0FD3710 edi=C0FD377C esp=C0ED4E04
  INT13 9557 INT15/86 14
  IRQS raised 54890 2 0 0 0 0 18 0 | acked 54801 2 0 0 0 0 18 0
HEARTBEAT [0028:C0008F4A] cpl=0 pm=1 v86=0 if=0 pic imr=A8 isr=00 irr=00 | 74 3E FF 35 F0 E9 00 C0 FB 90 8B 54 24 10 FA FF | eax=00000000 ebx=C15200E8 ecx=00000035 edx=C0FD3690 esi=C0FD3710 edi=C0FD377C esp=C0ED4E04
  INT13 9557 INT15/86 14
  IRQS raised 55036 2 0 0 0 0 18 0 | acked 54947 2 0 0 0 0 18 0
HEARTBEAT [0028:C000317A] cpl=0 pm=1 v86=0 if=0 pic imr=A8 isr=00 irr=00 | 5E C3 48 5E C3 33 C0 56 33 F6 8B 6B 08 39 05 F4 | eax=00000000 ebx=C15200E8 ecx=00000035 edx=C0FD3690 esi=00000000 edi=C0FD377C esp=C0ED4DFC
  INT13 9557 INT15/86 14
  IRQS raised 55181 2 0 0 0 0 18 0 | acked 55092 2 0 0 0 0 18 0
HEARTBEAT [0028:C0008F94] cpl=0 pm=1 v86=0 if=0 pic imr=A8 isr=00 irr=00 | 0F 85 43 FF FF FF F6 07 01 74 05 F6 C1 80 74 1C | eax=00000000 ebx=C15200E8 ecx=00000035 edx=C0FD3690 esi=C0FD3710 edi=C0FD377C esp=C0ED4E04
  INT13 9557 INT15/86 14
  IRQS raised 55327 2 0 0 0 0 18 0 | acked 55238 2 0 0 0 0 18 0
HEARTBEAT [0028:C0008ED7] cpl=0 pm=1 v86=0 if=0 pic imr=A8 isr=00 irr=00 | 80 7F CC 00 74 63 51 E8 DB 02 00 00 E8 89 0B 00 | eax=00000000 ebx=C15200E8 ecx=00000035 edx=C0FD3690 esi=C0FD3710 edi=C0FD377C esp=C0ED4E04
  INT13 9557 INT15/86 14
  IRQS raised 55473 2 0 0 0 0 18 0 | acked 55384 2 0 0 0 0 18 0
HEARTBEAT [0028:C0008E39] cpl=0 pm=1 v86=0 if=0 pic imr=A8 isr=00 irr=00 | 33 C0 E8 2D A3 FF FF 0F 84 91 00 00 00 F6 C1 20 | eax=FFFF01FF ebx=C15200E8 ecx=00000035 edx=C0FD3690 esi=C0FD3710 edi=C0FD377C esp=C0ED4E04
  INT13 9557 INT15/86 14
  IRQS raised 55618 2 0 0 0 0 18 0 | acked 55529 2 0 0 0 0 18 0
HEARTBEAT [0028:C0008EF6] cpl=0 pm=1 v86=0 if=0 pic imr=A8 isr=00 irr=00 | FA 8B 54 24 0C FF 54 24 08 0F 85 22 FF FF FF F6 | eax=00000000 ebx=C15200E8 ecx=00000035 edx=C0FD3690 esi=C0FD3710 edi=C0FD377C esp=C0ED4E04
  INT13 9557 INT15/86 14
  IRQS raised 55764 2 0 0 0 0 18 0 | acked 55675 2 0 0 0 0 18 0
HEARTBEAT [0028:C0008E3B] cpl=0 pm=1 v86=0 if=0 pic imr=A8 isr=00 irr=00 | E8 2D A3 FF FF 0F 84 91 00 00 00 F6 C1 20 75 48 | eax=00000000 ebx=C15200E8 ecx=00000035 edx=C0FD3690 esi=C0FD3710 edi=C0FD377C esp=C0ED4E04
  INT13 9557 INT15/86 14
  IRQS raised 55910 2 0 0 0 0 18 0 | acked 55821 2 0 0 0 0 18 0
HEARTBEAT [0028:C000317A] cpl=0 pm=1 v86=0 if=0 pic imr=A8 isr=00 irr=00 | 5E C3 48 5E C3 33 C0 56 33 F6 8B 6B 08 39 05 F4 | eax=00000000 ebx=C15200E8 ecx=00000035 edx=C0FD3690 esi=00000000 edi=C0FD377C esp=C0ED4DFC
  INT13 9557 INT15/86 14
  IRQS raised 56055 2 0 0 0 0 18 0 | acked 55966 2 0 0 0 0 18 0
HEARTBEAT [0028:C0008C1B] cpl=0 pm=1 v86=0 if=0 pic imr=A8 isr=00 irr=00 | 48 C0 EC 07 C3 53 F6 07 04 75 34 81 7F 3C 00 00 | eax=00000000 ebx=C15200E8 ecx=00000035 edx=C0FD3690 esi=C0FD3710 edi=C0FD377C esp=C0ED4E00
  INT13 9557 INT15/86 14
  IRQS raised 56201 2 0 0 0 0 18 0 | acked 56112 2 0 0 0 0 18 0
HEARTBEAT [0028:C00031B7] cpl=0 pm=1 v86=0 if=0 pic imr=A8 isr=00 irr=00 | 3B 1D 20 07 01 C0 75 04 85 D2 75 0E 81 7F 3C 00 | eax=C00106D4 ebx=C15200E8 ecx=800000E2 edx=00000000 esi=00000000 edi=C0FD377C esp=C0ED4DF8
  INT13 9557 INT15/86 14
  IRQS raised 56347 2 0 0 0 0 18 0 | acked 56258 2 0 0 0 0 18 0
HEARTBEAT [0028:C000317A] cpl=0 pm=1 v86=0 if=0 pic imr=A8 isr=00 irr=00 | 5E C3 48 5E C3 33 C0 56 33 F6 8B 6B 08 39 05 F4 | eax=00000000 ebx=C15200E8 ecx=00000035 edx=C0FD3690 esi=00000000 edi=C0FD377C esp=C0ED4DFC
  INT13 9557 INT15/86 14
  IRQS raised 56492 2 0 0 0 0 18 0 | acked 56403 2 0 0 0 0 18 0
HEARTBEAT [0028:C0008E2D] cpl=0 pm=1 v86=0 if=0 pic imr=A8 isr=00 irr=00 | 80 E1 7F F6 07 01 0F 84 83 00 00 00 33 C0 E8 2D | eax=FFFF01FF ebx=C15200E8 ecx=00000035 edx=C0FD3690 esi=C0FD3710 edi=C0FD377C esp=C0ED4E04
  INT13 9557 INT15/86 14
  IRQS raised 56638 2 0 0 0 0 18 0 | acked 56549 2 0 0 0 0 18 0
HEARTBEAT [0028:C000317A] cpl=0 pm=1 v86=0 if=0 pic imr=A8 isr=00 irr=00 | 5E C3 48 5E C3 33 C0 56 33 F6 8B 6B 08 39 05 F4 | eax=00000000 ebx=C15200E8 ecx=00000035 edx=C0FD3690 esi=00000000 edi=C0FD377C esp=C0ED4DFC
  INT13 9557 INT15/86 14
  IRQS raised 56783 2 0 0 0 0 18 0 | acked 56694 2 0 0 0 0 18 0
HEARTBEAT [0028:C0008F4A] cpl=0 pm=1 v86=0 if=0 pic imr=A8 isr=00 irr=00 | 74 3E FF 35 F0 E9 00 C0 FB 90 8B 54 24 10 FA FF | eax=00000000 ebx=C15200E8 ecx=00000035 edx=C0FD3690 esi=C0FD3710 edi=C0FD377C esp=C0ED4E04
  INT13 9557 INT15/86 14
  IRQS raised 56929 2 0 0 0 0 18 0 | acked 56840 2 0 0 0 0 18 0
HEARTBEAT [0028:C0008C1C] cpl=0 pm=1 v86=0 if=0 pic imr=A8 isr=00 irr=00 | C0 EC 07 C3 53 F6 07 04 75 34 81 7F 3C 00 00 10 | eax=FFFFFFFF ebx=C15200E8 ecx=00000035 edx=C0FD3690 esi=C0FD3710 edi=C0FD377C esp=C0ED4E00
  INT13 9557 INT15/86 14
  IRQS raised 57075 2 0 0 0 0 18 0 | acked 56986 2 0 0 0 0 18 0
HEARTBEAT [0028:C0008E40] cpl=0 pm=1 v86=0 if=0 pic imr=A8 isr=00 irr=00 | 0F 84 91 00 00 00 F6 C1 20 75 48 F6 40 08 02 74 | eax=00000000 ebx=C15200E8 ecx=00000035 edx=C0FD3690 esi=C0FD3710 edi=C0FD377C esp=C0ED4E04
  INT13 9557 INT15/86 14
  IRQS raised 57220 2 0 0 0 0 18 0 | acked 57131 2 0 0 0 0 18 0
HEARTBEAT [0028:C0008E27] cpl=0 pm=1 v86=0 if=0 pic imr=A8 isr=00 irr=00 | 8B 1D 1C 07 01 C0 80 E1 7F F6 07 01 0F 84 83 00 | eax=FFFF01FF ebx=C15200E8 ecx=00000035 edx=C0FD3690 esi=C0FD3710 edi=C0FD377C esp=C0ED4E04
  INT13 9557 INT15/86 14
  IRQS raised 57366 2 0 0 0 0 18 0 | acked 57277 2 0 0 0 0 18 0
HEARTBEAT [0028:C0008F94] cpl=0 pm=1 v86=0 if=0 pic imr=A8 isr=00 irr=00 | 0F 85 43 FF FF FF F6 07 01 74 05 F6 C1 80 74 1C | eax=00000000 ebx=C15200E8 ecx=00000035 edx=C0FD3690 esi=C0FD3710 edi=C0FD377C esp=C0ED4E04
  INT13 9557 INT15/86 14
  IRQS raised 57512 2 0 0 0 0 18 0 | acked 57423 2 0 0 0 0 18 0
HEARTBEAT [0028:C0008EFB] cpl=0 pm=1 v86=0 if=0 pic imr=A8 isr=00 irr=00 | FF 54 24 08 0F 85 22 FF FF FF F6 47 01 10 74 1C | eax=00000000 ebx=C15200E8 ecx=00000035 edx=C0FD3690 esi=C0FD3710 edi=C0FD377C esp=C0ED4E04
  INT13 9557 INT15/86 14
  IRQS raised 57657 2 0 0 0 0 18 0 | acked 57568 2 0 0 0 0 18 0
HEARTBEAT [0028:C0008EDB] cpl=0 pm=1 v86=0 if=0 pic imr=A8 isr=00 irr=00 | 74 63 51 E8 DB 02 00 00 E8 89 0B 00 00 59 FB EB | eax=00000000 ebx=C15200E8 ecx=00000035 edx=C0FD3690 esi=C0FD3710 edi=C0FD377C esp=C0ED4E04
  INT13 9557 INT15/86 14
  IRQS raised 57803 2 0 0 0 0 18 0 | acked 57714 2 0 0 0 0 18 0
HEARTBEAT [0028:C0008F9A] cpl=0 pm=1 v86=0 if=0 pic imr=A8 isr=00 irr=00 | F6 07 01 74 05 F6 C1 80 74 1C A1 E4 06 01 C0 66 | eax=00000000 ebx=C15200E8 ecx=00000035 edx=C0FD3690 esi=C0FD3710 edi=C0FD377C esp=C0ED4E04
  INT13 9557 INT15/86 14
  IRQS raised 57949 2 0 0 0 0 18 0 | acked 57860 2 0 0 0 0 18 0
HEARTBEAT [0028:C0008EF6] cpl=0 pm=1 v86=0 if=0 pic imr=A8 isr=00 irr=00 | FA 8B 54 24 0C FF 54 24 08 0F 85 22 FF FF FF F6 | eax=00000000 ebx=C15200E8 ecx=00000035 edx=C0FD3690 esi=C0FD3710 edi=C0FD377C esp=C0ED4E04
  INT13 9557 INT15/86 14
  IRQS raised 58094 2 0 0 0 0 18 0 | acked 58005 2 0 0 0 0 18 0
HEARTBEAT [0028:C0008F9A] cpl=0 pm=1 v86=0 if=0 pic imr=A8 isr=00 irr=00 | F6 07 01 74 05 F6 C1 80 74 1C A1 E4 06 01 C0 66 | eax=00000000 ebx=C15200E8 ecx=00000035 edx=C0FD3690 esi=C0FD3710 edi=C0FD377C esp=C0ED4E04
  INT13 9557 INT15/86 14
  IRQS raised 58240 2 0 0 0 0 18 0 | acked 58151 2 0 0 0 0 18 0
HEARTBEAT [0028:C0008FC0] cpl=0 pm=1 v86=0 if=0 pic imr=A8 isr=00 irr=00 | FB 90 90 FA E9 2D FF FF FF 51 33 C9 41 85 C0 74 | eax=00000000 ebx=C15200E8 ecx=00000035 edx=C0FD3690 esi=C0FD3710 edi=C0FD377C esp=C0ED4E04
  INT13 9557 INT15/86 14
  IRQS raised 58386 2 0 0 0 0 18 0 | acked 58297 2 0 0 0 0 18 0
HEARTBEAT [0028:C0008F4A] cpl=0 pm=1 v86=0 if=0 pic imr=A8 isr=00 irr=00 | 74 3E FF 35 F0 E9 00 C0 FB 90 8B 54 24 10 FA FF | eax=00000000 ebx=C15200E8 ecx=00000035 edx=C0FD3690 esi=C0FD3710 edi=C0FD377C esp=C0ED4E04
  INT13 9557 INT15/86 14
  IRQS raised 58531 2 0 0 0 0 18 0 | acked 58442 2 0 0 0 0 18 0
HEARTBEAT [0028:C0008F40] cpl=0 pm=1 v86=0 if=0 pic imr=A8 isr=00 irr=00 | 81 3D 9C 0C 01 C0 98 0C 01 C0 74 3E FF 35 F0 E9 | eax=00000000 ebx=C15200E8 ecx=00000035 edx=C0FD3690 esi=C0FD3710 edi=C0FD377C esp=C0ED4E04
  INT13 9557 INT15/86 14
  IRQS raised 58677 2 0 0 0 0 18 0 | acked 58588 2 0 0 0 0 18 0
HEARTBEAT [0028:C0008E2D] cpl=0 pm=1 v86=0 if=0 pic imr=A8 isr=00 irr=00 | 80 E1 7F F6 07 01 0F 84 83 00 00 00 33 C0 E8 2D | eax=FFFF01FF ebx=C15200E8 ecx=00000035 edx=C0FD3690 esi=C0FD3710 edi=C0FD377C esp=C0ED4E04
  INT13 9557 INT15/86 14
  IRQS raised 58823 2 0 0 0 0 18 0 | acked 58734 2 0 0 0 0 18 0
HEARTBEAT [0028:C0008E27] cpl=0 pm=1 v86=0 if=0 pic imr=A8 isr=00 irr=00 | 8B 1D 1C 07 01 C0 80 E1 7F F6 07 01 0F 84 83 00 | eax=FFFF01FF ebx=C15200E8 ecx=00000035 edx=C0FD3690 esi=C0FD3710 edi=C0FD377C esp=C0ED4E04
  INT13 9557 INT15/86 14
  IRQS raised 58968 2 0 0 0 0 18 0 | acked 58879 2 0 0 0 0 18 0
HEARTBEAT [0028:C0008C18] cpl=0 pm=1 v86=0 if=0 pic imr=A8 isr=00 irr=00 | 66 8B 06 48 C0 EC 07 C3 53 F6 07 04 75 34 81 7F | eax=00000000 ebx=C15200E8 ecx=00000035 edx=C0FD3690 esi=C0FD3710 edi=C0FD377C esp=C0ED4E00
  INT13 9557 INT15/86 14
  IRQS raised 59114 2 0 0 0 0 18 0 | acked 59025 2 0 0 0 0 18 0
HEARTBEAT [0028:C0008EFB] cpl=0 pm=1 v86=0 if=0 pic imr=A8 isr=00 irr=00 | FF 54 24 08 0F 85 22 FF FF FF F6 47 01 10 74 1C | eax=00000000 ebx=C15200E8 ecx=00000035 edx=C0FD3690 esi=C0FD3710 edi=C0FD377C esp=C0ED4E04
  INT13 9557 INT15/86 14
  IRQS raised 59260 2 0 0 0 0 18 0 | acked 59171 2 0 0 0 0 18 0
HEARTBEAT [0028:C0003178] cpl=0 pm=1 v86=0 if=0 pic imr=A8 isr=00 irr=00 | 75 0A 5E C3 48 5E C3 33 C0 56 33 F6 8B 6B 08 39 | eax=00000000 ebx=C15200E8 ecx=00000035 edx=C0FD3690 esi=00000000 edi=C0FD377C esp=C0ED4DFC
  INT13 9557 INT15/86 14
  IRQS raised 59405 2 0 0 0 0 18 0 | acked 59316 2 0 0 0 0 18 0
HEARTBEAT [0028:C0008C1F] cpl=0 pm=1 v86=0 if=0 pic imr=A8 isr=00 irr=00 | C3 53 F6 07 04 75 34 81 7F 3C 00 00 10 00 73 1D | eax=FFFF01FF ebx=C15200E8 ecx=00000035 edx=C0FD3690 esi=C0FD3710 edi=C0FD377C esp=C0ED4E00
  INT13 9557 INT15/86 14
  IRQS raised 59551 2 0 0 0 0 18 0 | acked 59462 2 0 0 0 0 18 0
HEARTBEAT [0028:C00039E9] cpl=0 pm=1 v86=0 if=0 pic imr=A8 isr=00 irr=00 | 39 4A 0C 75 05 E8 91 00 00 00 FB BA 20 EA 00 C0 | eax=0000000D ebx=000004A9 ecx=0000000D edx=C000EA10 esi=C0FCE154 edi=00004000 esp=C0ED4D9C
  INT13 9557 INT15/86 14
  IRQS raised 59697 2 0 0 0 0 18 0 | acked 59608 2 0 0 0 0 18 0
HEARTBEAT [0028:C0008ED7] cpl=0 pm=1 v86=0 if=0 pic imr=A8 isr=00 irr=00 | 80 7F CC 00 74 63 51 E8 DB 02 00 00 E8 89 0B 00 | eax=00000000 ebx=C15200E8 ecx=00000035 edx=C0FD3690 esi=C0FD3710 edi=C0FD377C esp=C0ED4E04
  INT13 9557 INT15/86 14
  IRQS raised 59842 2 0 0 0 0 18 0 | acked 59753 2 0 0 0 0 18 0
HEARTBEAT [0028:C0008F4A] cpl=0 pm=1 v86=0 if=0 pic imr=A8 isr=00 irr=00 | 74 3E FF 35 F0 E9 00 C0 FB 90 8B 54 24 10 FA FF | eax=00000000 ebx=C15200E8 ecx=00000035 edx=C0FD3690 esi=C0FD3710 edi=C0FD377C esp=C0ED4E04
  INT13 9557 INT15/86 14
  IRQS raised 59988 2 0 0 0 0 18 0 | acked 59899 2 0 0 0 0 18 0
HEARTBEAT [0028:C0008E27] cpl=0 pm=1 v86=0 if=0 pic imr=A8 isr=00 irr=00 | 8B 1D 1C 07 01 C0 80 E1 7F F6 07 01 0F 84 83 00 | eax=FFFF01FF ebx=C15200E8 ecx=00000035 edx=C0FD3690 esi=C0FD3710 edi=C0FD377C esp=C0ED4E04
  INT13 9557 INT15/86 14
  IRQS raised 60133 2 0 0 0 0 18 0 | acked 60044 2 0 0 0 0 18 0
HEARTBEAT [0028:C0008E40] cpl=0 pm=1 v86=0 if=0 pic imr=A8 isr=00 irr=00 | 0F 84 91 00 00 00 F6 C1 20 75 48 F6 40 08 02 74 | eax=00000000 ebx=C15200E8 ecx=00000035 edx=C0FD3690 esi=C0FD3710 edi=C0FD377C esp=C0ED4E04
  INT13 9557 INT15/86 14
  IRQS raised 60279 2 0 0 0 0 18 0 | acked 60190 2 0 0 0 0 18 0
HEARTBEAT [0028:C0008F9F] cpl=0 pm=1 v86=0 if=0 pic imr=A8 isr=00 irr=00 | F6 C1 80 74 1C A1 E4 06 01 C0 66 83 3D F0 E9 00 | eax=00000000 ebx=C15200E8 ecx=00000035 edx=C0FD3690 esi=C0FD3710 edi=C0FD377C esp=C0ED4E04
  INT13 9557 INT15/86 14
  IRQS raised 60425 2 0 0 0 0 18 0 | acked 60336 2 0 0 0 0 18 0
HEARTBEAT [0028:C0008EF6] cpl=0 pm=1 v86=0 if=0 pic imr=A8 isr=00 irr=00 | FA 8B 54 24 0C FF 54 24 08 0F 85 22 FF FF FF F6 | eax=00000000 ebx=C15200E8 ecx=00000035 edx=C0FD3690 esi=C0FD3710 edi=C0FD377C esp=C0ED4E04
  INT13 9557 INT15/86 14
  IRQS raised 60570 2 0 0 0 0 18 0 | acked 60481 2 0 0 0 0 18 0
HEARTBEAT [0028:C0008E39] cpl=0 pm=1 v86=0 if=0 pic imr=A8 isr=00 irr=00 | 33 C0 E8 2D A3 FF FF 0F 84 91 00 00 00 F6 C1 20 | eax=FFFF01FF ebx=C15200E8 ecx=00000035 edx=C0FD3690 esi=C0FD3710 edi=C0FD377C esp=C0ED4E04
  INT13 9557 INT15/86 14
  IRQS raised 60716 2 0 0 0 0 18 0 | acked 60627 2 0 0 0 0 18 0
HEARTBEAT [0028:C0008E2D] cpl=0 pm=1 v86=0 if=0 pic imr=A8 isr=00 irr=00 | 80 E1 7F F6 07 01 0F 84 83 00 00 00 33 C0 E8 2D | eax=FFFF01FF ebx=C15200E8 ecx=00000035 edx=C0FD3690 esi=C0FD3710 edi=C0FD377C esp=C0ED4E04
  INT13 9557 INT15/86 14
  IRQS raised 60862 2 0 0 0 0 18 0 | acked 60773 2 0 0 0 0 18 0
HEARTBEAT [0028:C0008E2D] cpl=0 pm=1 v86=0 if=0 pic imr=A8 isr=00 irr=00 | 80 E1 7F F6 07 01 0F 84 83 00 00 00 33 C0 E8 2D | eax=FFFF01FF ebx=C15200E8 ecx=00000035 edx=C0FD3690 esi=C0FD3710 edi=C0FD377C esp=C0ED4E04
  INT13 9557 INT15/86 14
  IRQS raised 61007 2 0 0 0 0 18 0 | acked 60918 2 0 0 0 0 18 0
HEARTBEAT [0028:C0008F4A] cpl=0 pm=1 v86=0 if=0 pic imr=A8 isr=00 irr=00 | 74 3E FF 35 F0 E9 00 C0 FB 90 8B 54 24 10 FA FF | eax=00000000 ebx=C15200E8 ecx=00000035 edx=C0FD3690 esi=C0FD3710 edi=C0FD377C esp=C0ED4E04
  INT13 9557 INT15/86 14
  IRQS raised 61153 2 0 0 0 0 18 0 | acked 61064 2 0 0 0 0 18 0
HEARTBEAT [0028:C000317A] cpl=0 pm=1 v86=0 if=0 pic imr=A8 isr=00 irr=00 | 5E C3 48 5E C3 33 C0 56 33 F6 8B 6B 08 39 05 F4 | eax=00000000 ebx=C15200E8 ecx=00000035 edx=C0FD3690 esi=00000000 edi=C0FD377C esp=C0ED4DFC
  INT13 9557 INT15/86 14
  IRQS raised 61299 2 0 0 0 0 18 0 | acked 61210 2 0 0 0 0 18 0
HEARTBEAT [0028:C0008E39] cpl=0 pm=1 v86=0 if=0 pic imr=A8 isr=00 irr=00 | 33 C0 E8 2D A3 FF FF 0F 84 91 00 00 00 F6 C1 20 | eax=FFFF01FF ebx=C15200E8 ecx=00000035 edx=C0FD3690 esi=C0FD3710 edi=C0FD377C esp=C0ED4E04
  INT13 9557 INT15/86 14
  IRQS raised 61444 2 0 0 0 0 18 0 | acked 61355 2 0 0 0 0 18 0
HEARTBEAT [0028:C0008FC1] cpl=0 pm=1 v86=0 if=1 pic imr=A8 isr=00 irr=00 | 90 90 FA E9 2D FF FF FF 51 33 C9 41 85 C0 74 0D | eax=00000000 ebx=C15200E8 ecx=00000035 edx=C0FD3690 esi=C0FD3710 edi=C0FD377C esp=C0ED4E04
  INT13 9557 INT15/86 14
  IRQS raised 61590 2 0 0 0 0 18 0 | acked 61501 2 0 0 0 0 18 0
HEARTBEAT [0028:C0008C1F] cpl=0 pm=1 v86=0 if=0 pic imr=A8 isr=00 irr=00 | C3 53 F6 07 04 75 34 81 7F 3C 00 00 10 00 73 1D | eax=FFFF01FF ebx=C15200E8 ecx=00000035 edx=C0FD3690 esi=C0FD3710 edi=C0FD377C esp=C0ED4E00
  INT13 9557 INT15/86 14
  IRQS raised 61736 2 0 0 0 0 18 0 | acked 61647 2 0 0 0 0 18 0
HEARTBEAT [0028:C0008F94] cpl=0 pm=1 v86=0 if=0 pic imr=A8 isr=00 irr=00 | 0F 85 43 FF FF FF F6 07 01 74 05 F6 C1 80 74 1C | eax=00000000 ebx=C15200E8 ecx=00000035 edx=C0FD3690 esi=C0FD3710 edi=C0FD377C esp=C0ED4E04
  INT13 9557 INT15/86 14
  IRQS raised 61881 2 0 0 0 0 18 0 | acked 61792 2 0 0 0 0 18 0
HEARTBEAT [0028:C0008E27] cpl=0 pm=1 v86=0 if=0 pic imr=A8 isr=00 irr=00 | 8B 1D 1C 07 01 C0 80 E1 7F F6 07 01 0F 84 83 00 | eax=FFFF01FF ebx=C15200E8 ecx=00000035 edx=C0FD3690 esi=C0FD3710 edi=C0FD377C esp=C0ED4E04
  INT13 9557 INT15/86 14
  IRQS raised 62027 2 0 0 0 0 18 0 | acked 61938 2 0 0 0 0 18 0
HEARTBEAT [0028:C0008ED7] cpl=0 pm=1 v86=0 if=0 pic imr=A8 isr=00 irr=00 | 80 7F CC 00 74 63 51 E8 DB 02 00 00 E8 89 0B 00 | eax=00000000 ebx=C15200E8 ecx=00000035 edx=C0FD3690 esi=C0FD3710 edi=C0FD377C esp=C0ED4E04
  INT13 9557 INT15/86 14
  IRQS raised 62173 2 0 0 0 0 18 0 | acked 62084 2 0 0 0 0 18 0
HEARTBEAT [0028:C0008FC0] cpl=0 pm=1 v86=0 if=0 pic imr=A8 isr=00 irr=00 | FB 90 90 FA E9 2D FF FF FF 51 33 C9 41 85 C0 74 | eax=00000000 ebx=C15200E8 ecx=00000035 edx=C0FD3690 esi=C0FD3710 edi=C0FD377C esp=C0ED4E04
  INT13 9557 INT15/86 14
  IRQS raised 62318 2 0 0 0 0 18 0 | acked 62229 2 0 0 0 0 18 0
HEARTBEAT [0028:C0008E2D] cpl=0 pm=1 v86=0 if=0 pic imr=A8 isr=00 irr=00 | 80 E1 7F F6 07 01 0F 84 83 00 00 00 33 C0 E8 2D | eax=FFFF01FF ebx=C15200E8 ecx=00000035 edx=C0FD3690 esi=C0FD3710 edi=C0FD377C esp=C0ED4E04
  INT13 9557 INT15/86 14
  IRQS raised 62464 2 0 0 0 0 18 0 | acked 62375 2 0 0 0 0 18 0
HEARTBEAT [0028:C0003172] cpl=0 pm=1 v86=0 if=0 pic imr=A8 isr=00 irr=00 | 3B 05 F0 E9 00 C0 75 0A 5E C3 48 5E C3 33 C0 56 | eax=00000000 ebx=C15200E8 ecx=00000035 edx=C0FD3690 esi=00000000 edi=C0FD377C esp=C0ED4DFC
  INT13 9557 INT15/86 14
  IRQS raised 62610 2 0 0 0 0 18 0 | acked 62521 2 0 0 0 0 18 0
HEARTBEAT [0028:C0008EDB] cpl=0 pm=1 v86=0 if=0 pic imr=A8 isr=00 irr=00 | 74 63 51 E8 DB 02 00 00 E8 89 0B 00 00 59 FB EB | eax=00000000 ebx=C15200E8 ecx=00000035 edx=C0FD3690 esi=C0FD3710 edi=C0FD377C esp=C0ED4E04
  INT13 9557 INT15/86 14
  IRQS raised 62755 2 0 0 0 0 18 0 | acked 62666 2 0 0 0 0 18 0
HEARTBEAT [0028:C0008ED7] cpl=0 pm=1 v86=0 if=0 pic imr=A8 isr=00 irr=00 | 80 7F CC 00 74 63 51 E8 DB 02 00 00 E8 89 0B 00 | eax=00000000 ebx=C15200E8 ecx=00000035 edx=C0FD3690 esi=C0FD3710 edi=C0FD377C esp=C0ED4E04
  INT13 9557 INT15/86 14
  IRQS raised 62901 2 0 0 0 0 18 0 | acked 62812 2 0 0 0 0 18 0
HEARTBEAT [0028:C0008FC0] cpl=0 pm=1 v86=0 if=0 pic imr=A8 isr=00 irr=01 | FB 90 90 FA E9 2D FF FF FF 51 33 C9 41 85 C0 74 | eax=00000000 ebx=C15200E8 ecx=00000035 edx=C0FD3690 esi=C0FD3710 edi=C0FD377C esp=C0ED4E04
  INT13 9557 INT15/86 14
  IRQS raised 63047 2 0 0 0 0 18 0 | acked 62957 2 0 0 0 0 18 0
HEARTBEAT [0028:C0008E27] cpl=0 pm=1 v86=0 if=0 pic imr=A8 isr=00 irr=00 | 8B 1D 1C 07 01 C0 80 E1 7F F6 07 01 0F 84 83 00 | eax=FFFF01FF ebx=C15200E8 ecx=00000035 edx=C0FD3690 esi=C0FD3710 edi=C0FD377C esp=C0ED4E04
  INT13 9557 INT15/86 14
  IRQS raised 63192 2 0 0 0 0 18 0 | acked 63103 2 0 0 0 0 18 0
HEARTBEAT [0028:C0008E27] cpl=0 pm=1 v86=0 if=0 pic imr=A8 isr=00 irr=00 | 8B 1D 1C 07 01 C0 80 E1 7F F6 07 01 0F 84 83 00 | eax=FFFF01FF ebx=C15200E8 ecx=00000035 edx=C0FD3690 esi=C0FD3710 edi=C0FD377C esp=C0ED4E04
  INT13 9557 INT15/86 14
  IRQS raised 63338 2 0 0 0 0 18 0 | acked 63249 2 0 0 0 0 18 0
HEARTBEAT [0028:C0008FC1] cpl=0 pm=1 v86=0 if=1 pic imr=A8 isr=00 irr=00 | 90 90 FA E9 2D FF FF FF 51 33 C9 41 85 C0 74 0D | eax=00000000 ebx=C15200E8 ecx=00000035 edx=C0FD3690 esi=C0FD3710 edi=C0FD377C esp=C0ED4E04
  INT13 9557 INT15/86 14
  IRQS raised 63483 2 0 0 0 0 18 0 | acked 63394 2 0 0 0 0 18 0
HEARTBEAT [0028:C0008E39] cpl=0 pm=1 v86=0 if=0 pic imr=A8 isr=00 irr=00 | 33 C0 E8 2D A3 FF FF 0F 84 91 00 00 00 F6 C1 20 | eax=FFFF01FF ebx=C15200E8 ecx=00000035 edx=C0FD3690 esi=C0FD3710 edi=C0FD377C esp=C0ED4E04
  INT13 9557 INT15/86 14
  IRQS raised 63629 2 0 0 0 0 18 0 | acked 63540 2 0 0 0 0 18 0
HEARTBEAT [0028:C0008EDB] cpl=0 pm=1 v86=0 if=0 pic imr=A8 isr=00 irr=00 | 74 63 51 E8 DB 02 00 00 E8 89 0B 00 00 59 FB EB | eax=00000000 ebx=C15200E8 ecx=00000035 edx=C0FD3690 esi=C0FD3710 edi=C0FD377C esp=C0ED4E04
  INT13 9557 INT15/86 14
  IRQS raised 63775 2 0 0 0 0 18 0 | acked 63686 2 0 0 0 0 18 0
HEARTBEAT [0028:C0008E3B] cpl=0 pm=1 v86=0 if=0 pic imr=A8 isr=00 irr=00 | E8 2D A3 FF FF 0F 84 91 00 00 00 F6 C1 20 75 48 | eax=00000000 ebx=C15200E8 ecx=00000035 edx=C0FD3690 esi=C0FD3710 edi=C0FD377C esp=C0ED4E04
  INT13 9557 INT15/86 14
  IRQS raised 63920 2 0 0 0 0 18 0 | acked 63831 2 0 0 0 0 18 0
HEARTBEAT [0028:C0008ED7] cpl=0 pm=1 v86=0 if=0 pic imr=A8 isr=00 irr=00 | 80 7F CC 00 74 63 51 E8 DB 02 00 00 E8 89 0B 00 | eax=00000000 ebx=C15200E8 ecx=00000035 edx=C0FD3690 esi=C0FD3710 edi=C0FD377C esp=C0ED4E04
  INT13 9557 INT15/86 14
  IRQS raised 64066 2 0 0 0 0 18 0 | acked 63977 2 0 0 0 0 18 0
HEARTBEAT [0028:C0008E2D] cpl=0 pm=1 v86=0 if=0 pic imr=A8 isr=00 irr=00 | 80 E1 7F F6 07 01 0F 84 83 00 00 00 33 C0 E8 2D | eax=FFFF01FF ebx=C15200E8 ecx=00000035 edx=C0FD3690 esi=C0FD3710 edi=C0FD377C esp=C0ED4E04
  INT13 9557 INT15/86 14
  IRQS raised 64212 2 0 0 0 0 18 0 | acked 64123 2 0 0 0 0 18 0
HEARTBEAT [0028:C0008FC1] cpl=0 pm=1 v86=0 if=1 pic imr=A8 isr=00 irr=00 | 90 90 FA E9 2D FF FF FF 51 33 C9 41 85 C0 74 0D | eax=00000000 ebx=C15200E8 ecx=00000035 edx=C0FD3690 esi=C0FD3710 edi=C0FD377C esp=C0ED4E04
  INT13 9557 INT15/86 14
  IRQS raised 64357 2 0 0 0 0 18 0 | acked 64268 2 0 0 0 0 18 0
HEARTBEAT [0028:C000316E] cpl=0 pm=1 v86=0 if=0 pic imr=A8 isr=00 irr=00 | 8B F0 33 C0 3B 05 F0 E9 00 C0 75 0A 5E C3 48 5E | eax=00000000 ebx=C15200E8 ecx=00000035 edx=C0FD3690 esi=C0FD3710 edi=C0FD377C esp=C0ED4DFC
  INT13 9557 INT15/86 14
  IRQS raised 64503 2 0 0 0 0 18 0 | acked 64414 2 0 0 0 0 18 0
HEARTBEAT [0028:C0008C1B] cpl=0 pm=1 v86=0 if=0 pic imr=A8 isr=00 irr=00 | 48 C0 EC 07 C3 53 F6 07 04 75 34 81 7F 3C 00 00 | eax=00000000 ebx=C15200E8 ecx=00000035 edx=C0FD3690 esi=C0FD3710 edi=C0FD377C esp=C0ED4E00
  INT13 9557 INT15/86 14
  IRQS raised 64649 2 0 0 0 0 18 0 | acked 64560 2 0 0 0 0 18 0
HEARTBEAT [0028:C0008E40] cpl=0 pm=1 v86=0 if=0 pic imr=A8 isr=00 irr=00 | 0F 84 91 00 00 00 F6 C1 20 75 48 F6 40 08 02 74 | eax=00000000 ebx=C15200E8 ecx=00000035 edx=C0FD3690 esi=C0FD3710 edi=C0FD377C esp=C0ED4E04
  INT13 9557 INT15/86 14
  IRQS raised 64794 2 0 0 0 0 18 0 | acked 64705 2 0 0 0 0 18 0
HEARTBEAT [0028:C0008F4A] cpl=0 pm=1 v86=0 if=0 pic imr=A8 isr=00 irr=00 | 74 3E FF 35 F0 E9 00 C0 FB 90 8B 54 24 10 FA FF | eax=00000000 ebx=C15200E8 ecx=00000035 edx=C0FD3690 esi=C0FD3710 edi=C0FD377C esp=C0ED4E04
  INT13 9557 INT15/86 14
  IRQS raised 64940 2 0 0 0 0 18 0 | acked 64851 2 0 0 0 0 18 0
HEARTBEAT [0028:C0008C1B] cpl=0 pm=1 v86=0 if=0 pic imr=A8 isr=00 irr=00 | 48 C0 EC 07 C3 53 F6 07 04 75 34 81 7F 3C 00 00 | eax=00000000 ebx=C15200E8 ecx=00000035 edx=C0FD3690 esi=C0FD3710 edi=C0FD377C esp=C0ED4E00
  INT13 9557 INT15/86 14
  IRQS raised 65086 2 0 0 0 0 18 0 | acked 64997 2 0 0 0 0 18 0
HEARTBEAT [0028:C0008ED7] cpl=0 pm=1 v86=0 if=0 pic imr=A8 isr=00 irr=00 | 80 7F CC 00 74 63 51 E8 DB 02 00 00 E8 89 0B 00 | eax=00000000 ebx=C15200E8 ecx=00000035 edx=C0FD3690 esi=C0FD3710 edi=C0FD377C esp=C0ED4E04
  INT13 9557 INT15/86 14
  IRQS raised 65231 2 0 0 0 0 18 0 | acked 65142 2 0 0 0 0 18 0
HEARTBEAT [0028:C000316D] cpl=0 pm=1 v86=0 if=0 pic imr=A8 isr=00 irr=00 | 56 8B F0 33 C0 3B 05 F0 E9 00 C0 75 0A 5E C3 48 | eax=00000000 ebx=C15200E8 ecx=00000035 edx=C0FD3690 esi=C0FD3710 edi=C0FD377C esp=C0ED4E00
  INT13 9557 INT15/86 14
  IRQS raised 65377 2 0 0 0 0 18 0 | acked 65288 2 0 0 0 0 18 0
HEARTBEAT [0028:C0008E2D] cpl=0 pm=1 v86=0 if=0 pic imr=A8 isr=00 irr=00 | 80 E1 7F F6 07 01 0F 84 83 00 00 00 33 C0 E8 2D | eax=FFFF01FF ebx=C15200E8 ecx=00000035 edx=C0FD3690 esi=C0FD3710 edi=C0FD377C esp=C0ED4E04
  INT13 9557 INT15/86 14
  IRQS raised 65523 2 0 0 0 0 18 0 | acked 65434 2 0 0 0 0 18 0
HEARTBEAT [0028:C0008F40] cpl=0 pm=1 v86=0 if=0 pic imr=A8 isr=00 irr=00 | 81 3D 9C 0C 01 C0 98 0C 01 C0 74 3E FF 35 F0 E9 | eax=00000000 ebx=C15200E8 ecx=00000035 edx=C0FD3690 esi=C0FD3710 edi=C0FD377C esp=C0ED4E04
  INT13 9557 INT15/86 14
  IRQS raised 65668 2 0 0 0 0 18 0 | acked 65579 2 0 0 0 0 18 0
HEARTBEAT [0028:C0008F4A] cpl=0 pm=1 v86=0 if=0 pic imr=A8 isr=00 irr=00 | 74 3E FF 35 F0 E9 00 C0 FB 90 8B 54 24 10 FA FF | eax=00000000 ebx=C15200E8 ecx=00000035 edx=C0FD3690 esi=C0FD3710 edi=C0FD377C esp=C0ED4E04
  INT13 9557 INT15/86 14
  IRQS raised 65814 2 0 0 0 0 18 0 | acked 65725 2 0 0 0 0 18 0
HEARTBEAT [0137:BFF71BFF] cpl=3 pm=1 v86=0 if=1 pic imr=A8 isr=00 irr=00 | 03 C2 33 C9 C2 04 00 8B 44 24 04 C2 04 00 33 C9 | eax=81B8A000 ebx=8018FCA4 ecx=80094817 edx=000009C8 esi=0000013F edi=30621587 esp=8018FC70
  INT13 9557 INT15/86 14
  IRQS raised 65960 2 0 0 0 0 18 0 | acked 65871 2 0 0 0 0 18 0
HEARTBEAT [0028:C0008F40] cpl=0 pm=1 v86=0 if=0 pic imr=A8 isr=00 irr=00 | 81 3D 9C 0C 01 C0 98 0C 01 C0 74 3E FF 35 F0 E9 | eax=00000000 ebx=C15200E8 ecx=00000035 edx=C0FD3690 esi=C0FD3710 edi=C0FD377C esp=C0ED4E04
  INT13 9557 INT15/86 14
  IRQS raised 66105 2 0 0 0 0 18 0 | acked 66016 2 0 0 0 0 18 0
HEARTBEAT [0028:C0003178] cpl=0 pm=1 v86=0 if=0 pic imr=A8 isr=00 irr=00 | 75 0A 5E C3 48 5E C3 33 C0 56 33 F6 8B 6B 08 39 | eax=00000000 ebx=C15200E8 ecx=00000035 edx=C0FD3690 esi=00000000 edi=C0FD377C esp=C0ED4DFC
  INT13 9557 INT15/86 14
  IRQS raised 66251 2 0 0 0 0 18 0 | acked 66162 2 0 0 0 0 18 0
HEARTBEAT [0028:C000316E] cpl=0 pm=1 v86=0 if=0 pic imr=A8 isr=00 irr=00 | 8B F0 33 C0 3B 05 F0 E9 00 C0 75 0A 5E C3 48 5E | eax=00000000 ebx=C15200E8 ecx=00000035 edx=C0FD3690 esi=C0FD3710 edi=C0FD377C esp=C0ED4DFC
  INT13 9557 INT15/86 14
  IRQS raised 66396 2 0 0 0 0 18 0 | acked 66307 2 0 0 0 0 18 0
HEARTBEAT [0028:C0008E39] cpl=0 pm=1 v86=0 if=0 pic imr=A8 isr=00 irr=00 | 33 C0 E8 2D A3 FF FF 0F 84 91 00 00 00 F6 C1 20 | eax=FFFF01FF ebx=C15200E8 ecx=00000035 edx=C0FD3690 esi=C0FD3710 edi=C0FD377C esp=C0ED4E04
  INT13 9557 INT15/86 14
  IRQS raised 66542 2 0 0 0 0 18 0 | acked 66453 2 0 0 0 0 18 0
HEARTBEAT [0028:C0008EF6] cpl=0 pm=1 v86=0 if=0 pic imr=A8 isr=00 irr=00 | FA 8B 54 24 0C FF 54 24 08 0F 85 22 FF FF FF F6 | eax=00000000 ebx=C15200E8 ecx=00000035 edx=C0FD3690 esi=C0FD3710 edi=C0FD377C esp=C0ED4E04
  INT13 9557 INT15/86 14
  IRQS raised 66688 2 0 0 0 0 18 0 | acked 66599 2 0 0 0 0 18 0
HEARTBEAT [0028:C0008C1F] cpl=0 pm=1 v86=0 if=0 pic imr=A8 isr=00 irr=00 | C3 53 F6 07 04 75 34 81 7F 3C 00 00 10 00 73 1D | eax=FFFF01FF ebx=C15200E8 ecx=00000035 edx=C0FD3690 esi=C0FD3710 edi=C0FD377C esp=C0ED4E00
  INT13 9557 INT15/86 14
  IRQS raised 66833 2 0 0 0 0 18 0 | acked 66744 2 0 0 0 0 18 0
HEARTBEAT [0028:C0008E30] cpl=0 pm=1 v86=0 if=0 pic imr=A8 isr=00 irr=00 | F6 07 01 0F 84 83 00 00 00 33 C0 E8 2D A3 FF FF | eax=FFFF01FF ebx=C15200E8 ecx=00000035 edx=C0FD3690 esi=C0FD3710 edi=C0FD377C esp=C0ED4E04
  INT13 9557 INT15/86 14
  IRQS raised 66979 2 0 0 0 0 18 0 | acked 66890 2 0 0 0 0 18 0
HEARTBEAT [0028:C0008F4A] cpl=0 pm=1 v86=0 if=0 pic imr=A8 isr=00 irr=00 | 74 3E FF 35 F0 E9 00 C0 FB 90 8B 54 24 10 FA FF | eax=00000000 ebx=C15200E8 ecx=00000035 edx=C0FD3690 esi=C0FD3710 edi=C0FD377C esp=C0ED4E04
  INT13 9557 INT15/86 14
  IRQS raised 67125 2 0 0 0 0 18 0 | acked 67036 2 0 0 0 0 18 0
HEARTBEAT [0028:C0008ED7] cpl=0 pm=1 v86=0 if=0 pic imr=A8 isr=00 irr=00 | 80 7F CC 00 74 63 51 E8 DB 02 00 00 E8 89 0B 00 | eax=00000000 ebx=C15200E8 ecx=00000035 edx=C0FD3690 esi=C0FD3710 edi=C0FD377C esp=C0ED4E04
  INT13 9557 INT15/86 14
  IRQS raised 67270 2 0 0 0 0 18 0 | acked 67181 2 0 0 0 0 18 0
HEARTBEAT [0028:C0008C18] cpl=0 pm=1 v86=0 if=0 pic imr=A8 isr=00 irr=00 | 66 8B 06 48 C0 EC 07 C3 53 F6 07 04 75 34 81 7F | eax=00000000 ebx=C15200E8 ecx=00000035 edx=C0FD3690 esi=C0FD3710 edi=C0FD377C esp=C0ED4E00
  INT13 9557 INT15/86 14
  IRQS raised 67416 2 0 0 0 0 18 0 | acked 67327 2 0 0 0 0 18 0
HEARTBEAT [0028:C0008F4A] cpl=0 pm=1 v86=0 if=0 pic imr=A8 isr=00 irr=00 | 74 3E FF 35 F0 E9 00 C0 FB 90 8B 54 24 10 FA FF | eax=00000000 ebx=C15200E8 ecx=00000035 edx=C0FD3690 esi=C0FD3710 edi=C0FD377C esp=C0ED4E04
  INT13 9557 INT15/86 14
  IRQS raised 67562 2 0 0 0 0 18 0 | acked 67473 2 0 0 0 0 18 0
HEARTBEAT [0028:C0008F94] cpl=0 pm=1 v86=0 if=0 pic imr=A8 isr=00 irr=00 | 0F 85 43 FF FF FF F6 07 01 74 05 F6 C1 80 74 1C | eax=00000000 ebx=C15200E8 ecx=00000035 edx=C0FD3690 esi=C0FD3710 edi=C0FD377C esp=C0ED4E04
  INT13 9557 INT15/86 14
  IRQS raised 67707 2 0 0 0 0 18 0 | acked 67618 2 0 0 0 0 18 0
HEARTBEAT [0028:C000316E] cpl=0 pm=1 v86=0 if=0 pic imr=A8 isr=00 irr=00 | 8B F0 33 C0 3B 05 F0 E9 00 C0 75 0A 5E C3 48 5E | eax=00000000 ebx=C15200E8 ecx=00000035 edx=C0FD3690 esi=C0FD3710 edi=C0FD377C esp=C0ED4DFC
  INT13 9557 INT15/86 14
  IRQS raised 67853 2 0 0 0 0 18 0 | acked 67764 2 0 0 0 0 18 0
HEARTBEAT [0028:C0008EF7] cpl=0 pm=1 v86=0 if=0 pic imr=A8 isr=00 irr=00 | 8B 54 24 0C FF 54 24 08 0F 85 22 FF FF FF F6 47 | eax=00000000 ebx=C15200E8 ecx=00000035 edx=C0FD3690 esi=C0FD3710 edi=C0FD377C esp=C0ED4E04
  INT13 9557 INT15/86 14
  IRQS raised 67999 2 0 0 0 0 18 0 | acked 67910 2 0 0 0 0 18 0
HEARTBEAT [0028:C000317B] cpl=0 pm=1 v86=0 if=0 pic imr=A8 isr=00 irr=00 | C3 48 5E C3 33 C0 56 33 F6 8B 6B 08 39 05 F4 E9 | eax=00000000 ebx=C15200E8 ecx=00000035 edx=C0FD3690 esi=C0FD3710 edi=C0FD377C esp=C0ED4E00
  INT13 9557 INT15/86 14
  IRQS raised 68144 2 0 0 0 0 18 0 | acked 68055 2 0 0 0 0 18 0
HEARTBEAT [0028:C0008EF6] cpl=0 pm=1 v86=0 if=0 pic imr=A8 isr=00 irr=00 | FA 8B 54 24 0C FF 54 24 08 0F 85 22 FF FF FF F6 | eax=00000000 ebx=C15200E8 ecx=00000035 edx=C0FD3690 esi=C0FD3710 edi=C0FD377C esp=C0ED4E04
  INT13 9557 INT15/86 14
  IRQS raised 68290 2 0 0 0 0 18 0 | acked 68201 2 0 0 0 0 18 0
HEARTBEAT [0028:C0008E40] cpl=0 pm=1 v86=0 if=0 pic imr=A8 isr=00 irr=00 | 0F 84 91 00 00 00 F6 C1 20 75 48 F6 40 08 02 74 | eax=00000000 ebx=C15200E8 ecx=00000035 edx=C0FD3690 esi=C0FD3710 edi=C0FD377C esp=C0ED4E04
  INT13 9557 INT15/86 14
  IRQS raised 68436 2 0 0 0 0 18 0 | acked 68347 2 0 0 0 0 18 0
HEARTBEAT [0028:C0003178] cpl=0 pm=1 v86=0 if=0 pic imr=A8 isr=00 irr=00 | 75 0A 5E C3 48 5E C3 33 C0 56 33 F6 8B 6B 08 39 | eax=00000000 ebx=C15200E8 ecx=00000035 edx=C0FD3690 esi=00000000 edi=C0FD377C esp=C0ED4DFC
  INT13 9557 INT15/86 14
  IRQS raised 68581 2 0 0 0 0 18 0 | acked 68492 2 0 0 0 0 18 0
HEARTBEAT [0028:C0008F4A] cpl=0 pm=1 v86=0 if=0 pic imr=A8 isr=00 irr=00 | 74 3E FF 35 F0 E9 00 C0 FB 90 8B 54 24 10 FA FF | eax=00000000 ebx=C15200E8 ecx=00000035 edx=C0FD3690 esi=C0FD3710 edi=C0FD377C esp=C0ED4E04
  INT13 9557 INT15/86 14
  IRQS raised 68727 2 0 0 0 0 18 0 | acked 68638 2 0 0 0 0 18 0
HEARTBEAT [0028:C0008FC1] cpl=0 pm=1 v86=0 if=1 pic imr=A8 isr=00 irr=00 | 90 90 FA E9 2D FF FF FF 51 33 C9 41 85 C0 74 0D | eax=00000000 ebx=C15200E8 ecx=00000035 edx=C0FD3690 esi=C0FD3710 edi=C0FD377C esp=C0ED4E04
  INT13 9557 INT15/86 14
  IRQS raised 68873 2 0 0 0 0 18 0 | acked 68784 2 0 0 0 0 18 0
HEARTBEAT [0028:C000317A] cpl=0 pm=1 v86=0 if=0 pic imr=A8 isr=00 irr=00 | 5E C3 48 5E C3 33 C0 56 33 F6 8B 6B 08 39 05 F4 | eax=00000000 ebx=C15200E8 ecx=00000035 edx=C0FD3690 esi=00000000 edi=C0FD377C esp=C0ED4DFC
  INT13 9557 INT15/86 14
  IRQS raised 69018 2 0 0 0 0 18 0 | acked 68929 2 0 0 0 0 18 0
HEARTBEAT [0028:C0008F4A] cpl=0 pm=1 v86=0 if=0 pic imr=A8 isr=00 irr=00 | 74 3E FF 35 F0 E9 00 C0 FB 90 8B 54 24 10 FA FF | eax=00000000 ebx=C15200E8 ecx=00000035 edx=C0FD3690 esi=C0FD3710 edi=C0FD377C esp=C0ED4E04
  INT13 9557 INT15/86 14
  IRQS raised 69164 2 0 0 0 0 18 0 | acked 69075 2 0 0 0 0 18 0
HEARTBEAT [0028:C0008FC1] cpl=0 pm=1 v86=0 if=1 pic imr=A8 isr=00 irr=00 | 90 90 FA E9 2D FF FF FF 51 33 C9 41 85 C0 74 0D | eax=00000000 ebx=C15200E8 ecx=00000035 edx=C0FD3690 esi=C0FD3710 edi=C0FD377C esp=C0ED4E04
  INT13 9557 INT15/86 14
  IRQS raised 69310 2 0 0 0 0 18 0 | acked 69221 2 0 0 0 0 18 0
HEARTBEAT [0028:C0008C18] cpl=0 pm=1 v86=0 if=0 pic imr=A8 isr=00 irr=00 | 66 8B 06 48 C0 EC 07 C3 53 F6 07 04 75 34 81 7F | eax=00000000 ebx=C15200E8 ecx=00000035 edx=C0FD3690 esi=C0FD3710 edi=C0FD377C esp=C0ED4E00
  INT13 9557 INT15/86 14
  IRQS raised 69455 2 0 0 0 0 18 0 | acked 69366 2 0 0 0 0 18 0
HEARTBEAT [0028:C0008ED7] cpl=0 pm=1 v86=0 if=0 pic imr=A8 isr=00 irr=00 | 80 7F CC 00 74 63 51 E8 DB 02 00 00 E8 89 0B 00 | eax=00000000 ebx=C15200E8 ecx=00000035 edx=C0FD3690 esi=C0FD3710 edi=C0FD377C esp=C0ED4E04
  INT13 9557 INT15/86 14
  IRQS raised 69601 2 0 0 0 0 18 0 | acked 69512 2 0 0 0 0 18 0
HEARTBEAT [0028:C0003172] cpl=0 pm=1 v86=0 if=0 pic imr=A8 isr=00 irr=00 | 3B 05 F0 E9 00 C0 75 0A 5E C3 48 5E C3 33 C0 56 | eax=00000000 ebx=C15200E8 ecx=00000035 edx=C0FD3690 esi=00000000 edi=C0FD377C esp=C0ED4DFC
  INT13 9557 INT15/86 14
  IRQS raised 69746 2 0 0 0 0 18 0 | acked 69657 2 0 0 0 0 18 0
HEARTBEAT [0028:C0008EFB] cpl=0 pm=1 v86=0 if=0 pic imr=A8 isr=00 irr=00 | FF 54 24 08 0F 85 22 FF FF FF F6 47 01 10 74 1C | eax=00000000 ebx=C15200E8 ecx=00000035 edx=C0FD3690 esi=C0FD3710 edi=C0FD377C esp=C0ED4E04
  INT13 9557 INT15/86 14
  IRQS raised 69892 2 0 0 0 0 18 0 | acked 69803 2 0 0 0 0 18 0
HEARTBEAT [0028:C0008E39] cpl=0 pm=1 v86=0 if=0 pic imr=A8 isr=00 irr=00 | 33 C0 E8 2D A3 FF FF 0F 84 91 00 00 00 F6 C1 20 | eax=FFFF01FF ebx=C15200E8 ecx=00000035 edx=C0FD3690 esi=C0FD3710 edi=C0FD377C esp=C0ED4E04
  INT13 9557 INT15/86 14
  IRQS raised 70038 2 0 0 0 0 18 0 | acked 69949 2 0 0 0 0 18 0
HEARTBEAT [0028:C0008E30] cpl=0 pm=1 v86=0 if=0 pic imr=A8 isr=00 irr=00 | F6 07 01 0F 84 83 00 00 00 33 C0 E8 2D A3 FF FF | eax=FFFF01FF ebx=C15200E8 ecx=00000035 edx=C0FD3690 esi=C0FD3710 edi=C0FD377C esp=C0ED4E04
  INT13 9557 INT15/86 14
  IRQS raised 70183 2 0 0 0 0 18 0 | acked 70094 2 0 0 0 0 18 0
HEARTBEAT [0028:C0008EDB] cpl=0 pm=1 v86=0 if=0 pic imr=A8 isr=00 irr=00 | 74 63 51 E8 DB 02 00 00 E8 89 0B 00 00 59 FB EB | eax=00000000 ebx=C15200E8 ecx=00000035 edx=C0FD3690 esi=C0FD3710 edi=C0FD377C esp=C0ED4E04
  INT13 9557 INT15/86 14
  IRQS raised 70329 2 0 0 0 0 18 0 | acked 70240 2 0 0 0 0 18 0
HEARTBEAT [0028:C0008F94] cpl=0 pm=1 v86=0 if=0 pic imr=A8 isr=00 irr=00 | 0F 85 43 FF FF FF F6 07 01 74 05 F6 C1 80 74 1C | eax=00000000 ebx=C15200E8 ecx=00000035 edx=C0FD3690 esi=C0FD3710 edi=C0FD377C esp=C0ED4E04
  INT13 9557 INT15/86 14
  IRQS raised 70475 2 0 0 0 0 18 0 | acked 70386 2 0 0 0 0 18 0
HEARTBEAT [0028:C0008C1F] cpl=0 pm=1 v86=0 if=0 pic imr=A8 isr=00 irr=00 | C3 53 F6 07 04 75 34 81 7F 3C 00 00 10 00 73 1D | eax=FFFF01FF ebx=C15200E8 ecx=00000035 edx=C0FD3690 esi=C0FD3710 edi=C0FD377C esp=C0ED4E00
  INT13 9557 INT15/86 14
  IRQS raised 70620 2 0 0 0 0 18 0 | acked 70531 2 0 0 0 0 18 0
HEARTBEAT [0028:C0003172] cpl=0 pm=1 v86=0 if=0 pic imr=A8 isr=00 irr=00 | 3B 05 F0 E9 00 C0 75 0A 5E C3 48 5E C3 33 C0 56 | eax=00000000 ebx=C15200E8 ecx=00000035 edx=C0FD3690 esi=00000000 edi=C0FD377C esp=C0ED4DFC
  INT13 9557 INT15/86 14
  IRQS raised 70766 2 0 0 0 0 18 0 | acked 70677 2 0 0 0 0 18 0
HEARTBEAT [0028:C0008E39] cpl=0 pm=1 v86=0 if=0 pic imr=A8 isr=00 irr=00 | 33 C0 E8 2D A3 FF FF 0F 84 91 00 00 00 F6 C1 20 | eax=FFFF01FF ebx=C15200E8 ecx=00000035 edx=C0FD3690 esi=C0FD3710 edi=C0FD377C esp=C0ED4E04
  INT13 9557 INT15/86 14
  IRQS raised 70912 2 0 0 0 0 18 0 | acked 70823 2 0 0 0 0 18 0
HEARTBEAT [0028:C0008F4A] cpl=0 pm=1 v86=0 if=0 pic imr=A8 isr=00 irr=00 | 74 3E FF 35 F0 E9 00 C0 FB 90 8B 54 24 10 FA FF | eax=00000000 ebx=C15200E8 ecx=00000035 edx=C0FD3690 esi=C0FD3710 edi=C0FD377C esp=C0ED4E04
  INT13 9557 INT15/86 14
  IRQS raised 71057 2 0 0 0 0 18 0 | acked 70968 2 0 0 0 0 18 0
HEARTBEAT [0028:C0008FC0] cpl=0 pm=1 v86=0 if=0 pic imr=A8 isr=00 irr=00 | FB 90 90 FA E9 2D FF FF FF 51 33 C9 41 85 C0 74 | eax=00000000 ebx=C15200E8 ecx=00000035 edx=C0FD3690 esi=C0FD3710 edi=C0FD377C esp=C0ED4E04
  INT13 9557 INT15/86 14
  IRQS raised 71203 2 0 0 0 0 18 0 | acked 71114 2 0 0 0 0 18 0
HEARTBEAT [0028:C0008E39] cpl=0 pm=1 v86=0 if=0 pic imr=A8 isr=00 irr=00 | 33 C0 E8 2D A3 FF FF 0F 84 91 00 00 00 F6 C1 20 | eax=FFFF01FF ebx=C15200E8 ecx=00000035 edx=C0FD3690 esi=C0FD3710 edi=C0FD377C esp=C0ED4E04
  INT13 9557 INT15/86 14
  IRQS raised 71349 2 0 0 0 0 18 0 | acked 71260 2 0 0 0 0 18 0
HEARTBEAT [0028:C0008E39] cpl=0 pm=1 v86=0 if=0 pic imr=A8 isr=00 irr=00 | 33 C0 E8 2D A3 FF FF 0F 84 91 00 00 00 F6 C1 20 | eax=FFFF01FF ebx=C15200E8 ecx=00000035 edx=C0FD3690 esi=C0FD3710 edi=C0FD377C esp=C0ED4E04
  INT13 9557 INT15/86 14
  IRQS raised 71494 2 0 0 0 0 18 0 | acked 71405 2 0 0 0 0 18 0
HEARTBEAT [0028:C000317A] cpl=0 pm=1 v86=0 if=0 pic imr=A8 isr=00 irr=00 | 5E C3 48 5E C3 33 C0 56 33 F6 8B 6B 08 39 05 F4 | eax=00000000 ebx=C15200E8 ecx=00000035 edx=C0FD3690 esi=00000000 edi=C0FD377C esp=C0ED4DFC
  INT13 9557 INT15/86 14
  IRQS raised 71640 2 0 0 0 0 18 0 | acked 71551 2 0 0 0 0 18 0
HEARTBEAT [0028:C0008ED7] cpl=0 pm=1 v86=0 if=0 pic imr=A8 isr=00 irr=00 | 80 7F CC 00 74 63 51 E8 DB 02 00 00 E8 89 0B 00 | eax=00000000 ebx=C15200E8 ecx=00000035 edx=C0FD3690 esi=C0FD3710 edi=C0FD377C esp=C0ED4E04
  INT13 9557 INT15/86 14
  IRQS raised 71786 2 0 0 0 0 18 0 | acked 71697 2 0 0 0 0 18 0
HEARTBEAT [0028:C0008E2D] cpl=0 pm=1 v86=0 if=0 pic imr=A8 isr=00 irr=00 | 80 E1 7F F6 07 01 0F 84 83 00 00 00 33 C0 E8 2D | eax=FFFF01FF ebx=C15200E8 ecx=00000035 edx=C0FD3690 esi=C0FD3710 edi=C0FD377C esp=C0ED4E04
  INT13 9557 INT15/86 14
  IRQS raised 71931 2 0 0 0 0 18 0 | acked 71842 2 0 0 0 0 18 0
HEARTBEAT [0028:C0008E39] cpl=0 pm=1 v86=0 if=0 pic imr=A8 isr=00 irr=00 | 33 C0 E8 2D A3 FF FF 0F 84 91 00 00 00 F6 C1 20 | eax=FFFF01FF ebx=C15200E8 ecx=00000035 edx=C0FD3690 esi=C0FD3710 edi=C0FD377C esp=C0ED4E04
  INT13 9557 INT15/86 14
  IRQS raised 72077 2 0 0 0 0 18 0 | acked 71988 2 0 0 0 0 18 0
HEARTBEAT [0028:C0008E39] cpl=0 pm=1 v86=0 if=0 pic imr=A8 isr=00 irr=00 | 33 C0 E8 2D A3 FF FF 0F 84 91 00 00 00 F6 C1 20 | eax=FFFF01FF ebx=C15200E8 ecx=00000035 edx=C0FD3690 esi=C0FD3710 edi=C0FD377C esp=C0ED4E04
  INT13 9557 INT15/86 14
  IRQS raised 72223 2 0 0 0 0 18 0 | acked 72134 2 0 0 0 0 18 0
HEARTBEAT [0028:C0008EFF] cpl=0 pm=1 v86=0 if=0 pic imr=A8 isr=00 irr=00 | 0F 85 22 FF FF FF F6 47 01 10 74 1C E8 FC A6 FF | eax=FFFF01FF ebx=C15200E8 ecx=00000035 edx=C0FD3690 esi=C0FD3710 edi=C0FD377C esp=C0ED4E04
  INT13 9557 INT15/86 14
  IRQS raised 72368 2 0 0 0 0 18 0 | acked 72279 2 0 0 0 0 18 0
HEARTBEAT [0028:C0008E27] cpl=0 pm=1 v86=0 if=0 pic imr=A8 isr=00 irr=00 | 8B 1D 1C 07 01 C0 80 E1 7F F6 07 01 0F 84 83 00 | eax=FFFF01FF ebx=C15200E8 ecx=00000035 edx=C0FD3690 esi=C0FD3710 edi=C0FD377C esp=C0ED4E04
  INT13 9557 INT15/86 14
  IRQS raised 72514 2 0 0 0 0 18 0 | acked 72425 2 0 0 0 0 18 0
HEARTBEAT [0028:C0008E40] cpl=0 pm=1 v86=0 if=0 pic imr=A8 isr=00 irr=00 | 0F 84 91 00 00 00 F6 C1 20 75 48 F6 40 08 02 74 | eax=00000000 ebx=C15200E8 ecx=00000035 edx=C0FD3690 esi=C0FD3710 edi=C0FD377C esp=C0ED4E04
  INT13 9557 INT15/86 14
  IRQS raised 72660 2 0 0 0 0 18 0 | acked 72571 2 0 0 0 0 18 0
HEARTBEAT [0028:C000316D] cpl=0 pm=1 v86=0 if=0 pic imr=A8 isr=00 irr=00 | 56 8B F0 33 C0 3B 05 F0 E9 00 C0 75 0A 5E C3 48 | eax=00000000 ebx=C15200E8 ecx=00000035 edx=C0FD3690 esi=C0FD3710 edi=C0FD377C esp=C0ED4E00
  INT13 9557 INT15/86 14
  IRQS raised 72805 2 0 0 0 0 18 0 | acked 72716 2 0 0 0 0 18 0
HEARTBEAT [0028:C0008C1B] cpl=0 pm=1 v86=0 if=0 pic imr=A8 isr=00 irr=00 | 48 C0 EC 07 C3 53 F6 07 04 75 34 81 7F 3C 00 00 | eax=00000000 ebx=C15200E8 ecx=00000035 edx=C0FD3690 esi=C0FD3710 edi=C0FD377C esp=C0ED4E00
  INT13 9557 INT15/86 14
  IRQS raised 72951 2 0 0 0 0 18 0 | acked 72862 2 0 0 0 0 18 0
HEARTBEAT [0028:C0008F4A] cpl=0 pm=1 v86=0 if=0 pic imr=A8 isr=00 irr=00 | 74 3E FF 35 F0 E9 00 C0 FB 90 8B 54 24 10 FA FF | eax=00000000 ebx=C15200E8 ecx=00000035 edx=C0FD3690 esi=C0FD3710 edi=C0FD377C esp=C0ED4E04
  INT13 9557 INT15/86 14
  IRQS raised 73096 2 0 0 0 0 18 0 | acked 73007 2 0 0 0 0 18 0
HEARTBEAT [0028:C0008E30] cpl=0 pm=1 v86=0 if=0 pic imr=A8 isr=00 irr=00 | F6 07 01 0F 84 83 00 00 00 33 C0 E8 2D A3 FF FF | eax=FFFF01FF ebx=C15200E8 ecx=00000035 edx=C0FD3690 esi=C0FD3710 edi=C0FD377C esp=C0ED4E04
  INT13 9557 INT15/86 14
  IRQS raised 73242 2 0 0 0 0 18 0 | acked 73153 2 0 0 0 0 18 0
HEARTBEAT [0028:C0008F4A] cpl=0 pm=1 v86=0 if=0 pic imr=A8 isr=00 irr=00 | 74 3E FF 35 F0 E9 00 C0 FB 90 8B 54 24 10 FA FF | eax=00000000 ebx=C15200E8 ecx=00000035 edx=C0FD3690 esi=C0FD3710 edi=C0FD377C esp=C0ED4E04
  INT13 9557 INT15/86 14
  IRQS raised 73388 2 0 0 0 0 18 0 | acked 73299 2 0 0 0 0 18 0
HEARTBEAT [0028:C0008F94] cpl=0 pm=1 v86=0 if=0 pic imr=A8 isr=00 irr=00 | 0F 85 43 FF FF FF F6 07 01 74 05 F6 C1 80 74 1C | eax=00000000 ebx=C15200E8 ecx=00000035 edx=C0FD3690 esi=C0FD3710 edi=C0FD377C esp=C0ED4E04
  INT13 9557 INT15/86 14
  IRQS raised 73533 2 0 0 0 0 18 0 | acked 73444 2 0 0 0 0 18 0
HEARTBEAT [0028:C0003178] cpl=0 pm=1 v86=0 if=0 pic imr=A8 isr=00 irr=00 | 75 0A 5E C3 48 5E C3 33 C0 56 33 F6 8B 6B 08 39 | eax=00000000 ebx=C15200E8 ecx=00000035 edx=C0FD3690 esi=00000000 edi=C0FD377C esp=C0ED4DFC
  INT13 9557 INT15/86 14
  IRQS raised 73679 2 0 0 0 0 18 0 | acked 73590 2 0 0 0 0 18 0
HEARTBEAT [0028:C000316D] cpl=0 pm=1 v86=0 if=0 pic imr=A8 isr=00 irr=00 | 56 8B F0 33 C0 3B 05 F0 E9 00 C0 75 0A 5E C3 48 | eax=00000000 ebx=C15200E8 ecx=00000035 edx=C0FD3690 esi=C0FD3710 edi=C0FD377C esp=C0ED4E00
  INT13 9557 INT15/86 14
  IRQS raised 73825 6 0 0 0 0 18 0 | acked 73736 6 0 0 0 0 18 0
HEARTBEAT [0028:C0008FC0] cpl=0 pm=1 v86=0 if=0 pic imr=A8 isr=00 irr=00 | FB 90 90 FA E9 2D FF FF FF 51 33 C9 41 85 C0 74 | eax=00000000 ebx=C15200E8 ecx=00000035 edx=C0FD3690 esi=C0FD3710 edi=C0FD377C esp=C0ED4E04
  INT13 9557 INT15/86 14
  IRQS raised 73970 10 0 0 0 0 18 0 | acked 73881 10 0 0 0 0 18 0
HEARTBEAT [D000:00001019] cpl=3 pm=1 v86=1 if=1 pic imr=A8 isr=00 irr=00 | 30 DA AA EC 30 DA AA EC 30 DA AA EC 30 DA AA EC | eax=000000FF ebx=0000FF08 ecx=0000003C edx=C1350300 esi=C0FF0010 edi=0000088E esp=00000296
  INT13 9564 INT15/86 14
  IRQS raised 74116 15 0 0 3 0 18 0 | acked 74027 15 0 0 3 0 18 0
  V86 SS:SP=0F00:0296 DS=0030 ES=CC00 | 0F14 0008 171D 0300 0FD8 0020 0208 0000 0000 CC00 0070 00C8 
HEARTBEAT [D000:00001155] cpl=3 pm=1 v86=1 if=1 pic imr=A8 isr=00 irr=00 | AD 30 DA 86 C4 EE 30 DA 88 E0 EE AD 30 DA 86 C4 | eax=00003030 ebx=FFFFFF08 ecx=FFFF001E edx=00000300 esi=00000E22 edi=00000010 esp=00000294
  INT13 9779 INT15/86 14
  IRQS raised 74262 16 0 0 100 0 18 0 | acked 74173 16 0 0 100 0 18 0
  V86 SS:SP=0F00:0294 DS=CC00 ES=CC00 | 0F63 0030 0008 1731 0300 1142 0020 0208 0000 0000 CC00 0070 
HEARTBEAT [D000:0000114D] cpl=3 pm=1 v86=1 if=1 pic imr=A8 isr=00 irr=00 | 86 C4 EE 30 DA 88 E0 EE AD 30 DA 86 C4 EE 30 DA | eax=0000CA76 ebx=0000FF08 ecx=00000061 edx=00000308 esi=000009F2 edi=00000010 esp=00000294
  INT13 9944 INT15/86 14
  IRQS raised 74407 16 0 0 129 0 18 0 | acked 74318 16 0 0 129 0 18 0
  V86 SS:SP=0F00:0294 DS=CC00 ES=CC00 | 0F63 0030 0008 1731 0300 1142 0020 0208 0000 0000 CC00 0070 
HEARTBEAT [D000:00000CA7] cpl=3 pm=1 v86=1 if=1 pic imr=A8 isr=00 irr=00 | 1E 31 C9 8E D9 8B 0E 6C 04 1F C3 B0 06 B2 06 E8 | eax=1E270880 ebx=0000FF08 ecx=00004AF7 edx=80200307 esi=00020000 edi=12EF0010 esp=00000294
  INT13 10035 INT15/86 14
  IRQS raised 74553 16 0 0 129 0 18 0 | acked 74464 16 0 0 129 0 18 0
  V86 SS:SP=0F00:0294 DS=0030 ES=CC00 | 0C86 1258 0EE7 171D 0300 0FD8 0020 0208 0000 0000 CC00 0070 
HEARTBEAT [D000:00000FE0] cpl=3 pm=1 v86=1 if=1 pic imr=A8 isr=00 irr=00 | EC 30 DA AA EC 30 DA AA EC 30 DA AA EC 30 DA AA | eax=00000038 ebx=06EFFF08 ecx=0000001F edx=00000300 esi=00020010 edi=12EF0C20 esp=00000296
  INT13 10121 INT15/86 14
  IRQS raised 74699 16 0 0 129 0 18 0 | acked 74610 16 0 0 129 0 18 0
  V86 SS:SP=0F00:0296 DS=0030 ES=CC00 | 0F14 0008 171D 0300 0FD8 0020 0208 0000 0000 CC00 0070 00C8 
HEARTBEAT [0137:BFF78B9F] cpl=3 pm=1 v86=0 if=1 pic imr=A8 isr=00 irr=00 | 74 6D 83 F8 05 0F 84 A7 03 00 00 83 F8 06 0F 84 | eax=0000000E ebx=80274534 ecx=00000000 edx=81A1900C esi=00000001 edi=81A194CC esp=8018F090
  INT13 10169 INT15/86 14
  IRQS raised 74844 16 0 0 129 0 18 0 | acked 74755 16 0 0 129 0 18 0
HEARTBEAT [D000:00001009] cpl=3 pm=1 v86=1 if=1 pic imr=A8 isr=00 irr=00 | 30 DA AA EC 30 DA AA EC 30 DA AA EC 30 DA AA EC | eax=0000002E ebx=06EFFF08 ecx=00000018 edx=00000300 esi=00020010 edi=12EF0D0A esp=00000296
  INT13 10245 INT15/86 14
  IRQS raised 74990 16 0 0 129 0 18 0 | acked 74901 16 0 0 129 0 18 0
  V86 SS:SP=0F00:0296 DS=0030 ES=CC00 | 0F14 0008 171D 0300 0FD8 0020 0208 0000 0000 CC00 0070 00C8 
HEARTBEAT [2057:000039FC] cpl=3 pm=1 v86=0 if=1 pic imr=A8 isr=00 irr=00 | 8A 46 FB C4 5E F6 26 88 07 FF 46 F6 81 3E 12 0F | eax=00007D9B ebx=06EF0164 ecx=00000014 edx=00000000 esi=00029B40 edi=12EF7D97 esp=8018251A
  INT13 10267 INT15/86 14
  IRQS raised 75136 16 0 0 129 0 18 0 | acked 75047 16 0 0 129 0 18 0
HEARTBEAT [0137:BFF71C90] cpl=3 pm=1 v86=0 if=1 pic imr=A8 isr=00 irr=00 | 74 09 80 68 14 01 73 03 FE 40 14 8D 52 04 FF 4C | eax=800A8380 ebx=8018F166 ecx=0001FB52 edx=8018F140 esi=0000013F edi=25241587 esp=8018F12C
  INT13 10280 INT15/86 14
  IRQS raised 75281 16 0 0 129 0 18 0 | acked 75192 16 0 0 129 0 18 0
HEARTBEAT [0137:BFF788AE] cpl=3 pm=1 v86=0 if=1 pic imr=A8 isr=00 irr=00 | 83 F8 06 0F 84 A6 02 00 00 E9 D2 02 00 00 83 7D | eax=0000000E ebx=802D7059 ecx=00000000 edx=81A1900C esi=00000001 edi=81A194CC esp=8018F090
  INT13 10284 INT15/86 14
  IRQS raised 75427 16 0 0 129 0 18 0 | acked 75338 16 0 0 129 0 18 0
HEARTBEAT [2057:00003DD7] cpl=3 pm=1 v86=0 if=1 pic imr=A8 isr=00 irr=00 | 75 0F 06 56 FF 76 06 57 9A 11 00 EF 06 0B C0 74 | eax=00000043 ebx=06EF071B ecx=00000014 edx=00010000 esi=00023624 edi=12EF2353 esp=8018256A
  INT13 10304 INT15/86 14
  IRQS raised 75573 16 0 0 129 0 18 0 | acked 75484 16 0 0 129 0 18 0
HEARTBEAT [0137:BFF78666] cpl=3 pm=1 v86=0 if=1 pic imr=A8 isr=00 irr=00 | 0F 87 5A 0B 00 00 8B 5D 10 8B 45 18 89 45 EC 85 | eax=8018F346 ebx=8018F31C ecx=FFFFFFFF edx=00000000 esi=00000001 edi=81A194CC esp=8018F244
  INT13 10311 INT15/86 14
  IRQS raised 75718 16 0 0 129 0 18 0 | acked 75629 16 0 0 129 0 18 0
HEARTBEAT [2057:00003DD0] cpl=3 pm=1 v86=0 if=1 pic imr=A8 isr=00 irr=00 | 8B 46 FE 26 39 44 20 75 0F 06 56 FF 76 06 57 9A | eax=00000053 ebx=06EF071B ecx=00000014 edx=00010000 esi=0002207C edi=12EF10E7 esp=8018270E
  INT13 10337 INT15/86 14
  IRQS raised 75864 16 0 0 129 0 18 0 | acked 75775 16 0 0 129 0 18 0
HEARTBEAT [D000:00001166] cpl=3 pm=1 v86=1 if=1 pic imr=A8 isr=00 irr=00 | 30 DA 88 E0 EE AD 30 DA 86 C4 EE 30 DA 88 E0 EE | eax=00000001 ebx=0000FF08 ecx=00000067 edx=00000308 esi=00000996 edi=00000010 esp=00000294
  INT13 10369 INT15/86 14
  IRQS raised 76010 16 0 0 129 0 18 0 | acked 75921 16 0 0 129 0 18 0
  V86 SS:SP=0F00:0294 DS=CC00 ES=CC00 | 0F63 0030 0008 1731 0300 1142 0020 0208 0000 0000 CC00 0070 
HEARTBEAT [0028:C0029D96] cpl=0 pm=1 v86=0 if=1 pic imr=A8 isr=00 irr=00 | 89 45 3A 8B 56 08 F6 42 25 10 74 06 66 81 4D 38 | eax=0001C44B ebx=C15200E8 ecx=00000001 edx=40000000 esi=C0FFE1AC edi=C0FFE168 esp=C13B9E14
  INT13 10421 INT15/86 14
  IRQS raised 76155 16 0 0 129 0 18 0 | acked 76066 16 0 0 129 0 18 0
HEARTBEAT [0137:BFF71BC6] cpl=3 pm=1 v86=0 if=1 pic imr=A8 isr=00 irr=00 | 0B C9 74 3C F6 C1 04 74 3E 80 C9 07 0F B7 05 04 | eax=800A7E00 ebx=8018F114 ecx=00001587 edx=00002506 esi=0000013F edi=24D21587 esp=8018F0D8
  INT13 10426 INT15/86 14
  IRQS raised 76301 16 0 0 129 0 18 0 | acked 76212 16 0 0 129 0 18 0
HEARTBEAT [2057:000039FC] cpl=3 pm=1 v86=0 if=1 pic imr=A8 isr=00 irr=00 | 8A 46 FB C4 5E F6 26 88 07 FF 46 F6 81 3E 12 0F | eax=00001003 ebx=06EF016F ecx=00000014 edx=00000000 esi=00029B40 edi=12EF1002 esp=8018251A
  INT13 10491 INT15/86 14
  IRQS raised 76446 16 0 0 129 0 18 0 | acked 76357 16 0 0 129 0 18 0
HEARTBEAT [0137:BFF719E3] cpl=3 pm=1 v86=0 if=1 pic imr=A8 isr=00 irr=00 | D1 EB 8B 0D 00 FA FB BF 66 3B 19 73 1B 8B 0D BC | eax=81514470 ebx=00001580 ecx=00000050 edx=BFF656D3 esi=0000013F edi=00000000 esp=80182528
  INT13 10510 INT15/86 14
  IRQS raised 76592 16 0 0 129 0 18 0 | acked 76503 16 0 0 129 0 18 0
HEARTBEAT [0137:BFF71A25] cpl=3 pm=1 v86=0 if=1 pic imr=A8 isr=00 irr=00 | 8B 49 01 0F AC D9 08 64 F6 05 1C 00 00 00 01 0F | eax=81514470 ebx=00000A80 ecx=80095580 edx=BFF656D3 esi=0000013F edi=15872524 esp=80182524
  INT13 10535 INT15/86 14
  IRQS raised 76738 16 0 0 129 0 18 0 | acked 76649 16 0 0 129 0 18 0
HEARTBEAT [0028:C0020046] cpl=0 pm=1 v86=0 if=1 pic imr=A8 isr=00 irr=00 | 03 C8 F6 47 19 90 75 56 8B 47 74 0B C0 74 06 F6 | eax=C0FD377C ebx=C15200E8 ecx=00000094 edx=C15202AC esi=C0FFB9E4 edi=C13B9E64 esp=C13B9E10
  INT13 10596 INT15/86 14
  IRQS raised 76883 16 0 0 129 0 18 0 | acked 76794 16 0 0 129 0 18 0
HEARTBEAT [D000:00001055] cpl=3 pm=1 v86=1 if=1 pic imr=A8 isr=00 irr=00 | 30 DA AA EC 30 DA AA EC 30 DA AA 49 74 03 E9 7A | eax=1BE7002A ebx=06EFFF08 ecx=00000054 edx=00000308 esi=00020010 edi=12EF059D esp=00000296
  INT13 10687 INT15/86 14
  IRQS raised 77029 16 0 0 129 0 18 0 | acked 76940 16 0 0 129 0 18 0
  V86 SS:SP=0F00:0296 DS=0030 ES=CC00 | 0F14 0008 171D 0300 0FD8 0020 0208 0000 0000 CC00 0070 00C8 
HEARTBEAT [D000:000012D3] cpl=3 pm=1 v86=1 if=1 pic imr=A8 isr=00 irr=00 | 3C 08 72 21 89 D3 3C 0A 76 16 D1 E2 3C 14 72 15 | eax=00000806 ebx=06EFFF08 ecx=00004D86 edx=00000007 esi=00020000 edi=12EF0010 esp=00000296
  INT13 10762 INT15/86 14
  IRQS raised 77175 16 0 0 129 0 18 0 | acked 77086 16 0 0 129 0 18 0
  V86 SS:SP=0F00:0296 DS=0030 ES=CC00 | 124D 0EE7 171D 0300 0FD8 0020 0208 0000 0000 CC00 0070 00C8 
HEARTBEAT [2057:00003C1A] cpl=3 pm=1 v86=0 if=1 pic imr=A8 isr=00 irr=00 | 3C 0A 75 B0 E9 1B FE 90 8B 7E E0 8B F7 8B 5E FE | eax=1AF7002A ebx=06EF0041 ecx=00000400 edx=00009B40 esi=00029B40 edi=12EF11AB esp=C0ED251A
  INT13 10848 INT15/86 14
  IRQS raised 77320 16 0 0 129 0 18 0 | acked 77231 16 0 0 129 0 18 0
HEARTBEAT [D000:0000119D] cpl=3 pm=1 v86=1 if=1 pic imr=A8 isr=00 irr=00 | 30 DA 88 E0 EE E2 A6 C3 88 CD B1 03 D3 E9 AD 42 | eax=0000256D ebx=0000FF08 ecx=00000094 edx=00000308 esi=000006D0 edi=00000010 esp=00000294
  INT13 10935 INT15/86 14
  IRQS raised 77466 16 0 0 129 0 18 0 | acked 77377 16 0 0 129 0 18 0
  V86 SS:SP=0F00:0294 DS=CC00 ES=CC00 | 0F63 0030 0008 1731 0300 1142 0020 0208 0000 0000 CC00 0070 
HEARTBEAT [D000:00001048] cpl=3 pm=1 v86=1 if=1 pic imr=A8 isr=00 irr=00 | EC 30 DA AA EC 30 DA AA EC 30 DA AA EC 30 DA AA | eax=19E7002C ebx=0000FF08 ecx=0000000E edx=804E0300 esi=00020010 edi=12EF0E5A esp=00000296
  INT13 11023 INT15/86 14
  IRQS raised 77612 16 0 0 129 0 18 0 | acked 77523 16 0 0 129 0 18 0
  V86 SS:SP=0F00:0296 DS=0030 ES=CC00 | 0F14 0008 171D 0300 0FD8 0020 0208 0000 0000 CC00 0070 00C8 
HEARTBEAT [D000:0000118C] cpl=3 pm=1 v86=1 if=1 pic imr=A8 isr=00 irr=00 | AD 30 DA 86 C4 EE 30 DA 88 E0 EE AD 30 DA 86 C4 | eax=00002525 ebx=0000FF08 ecx=000000F3 edx=00000300 esi=000000DC edi=00000010 esp=00000294
  INT13 11120 INT15/86 14
  IRQS raised 77757 16 0 0 129 0 18 0 | acked 77668 16 0 0 129 0 18 0
  V86 SS:SP=0F00:0294 DS=CC00 ES=CC00 | 0F63 0030 0008 1731 0300 1142 0020 0208 0000 0000 CC00 0070 
HEARTBEAT [0137:BFF71B96] cpl=3 pm=1 v86=0 if=1 pic imr=A8 isr=00 irr=00 | D1 E8 8B 0D 00 FA FB BF 66 3B 01 73 1E 03 05 BC | eax=00001580 ebx=8018F24E ecx=00000000 edx=0000A810 esi=0000013F edi=260C1587 esp=8018F214
  INT13 11210 INT15/86 14
  IRQS raised 77903 16 0 0 129 0 18 0 | acked 77814 16 0 0 129 0 18 0
HEARTBEAT [2057:00003892] cpl=3 pm=1 v86=0 if=1 pic imr=A8 isr=00 irr=00 | 3D 3D 00 0F 84 BF 02 77 1C 3C 20 0F 84 4B 01 0F | eax=00000022 ebx=06EF03CF ecx=00000014 edx=00000000 esi=00029B40 edi=12EF570B esp=8018251A
  INT13 11277 INT15/86 14
  IRQS raised 78049 16 0 0 129 0 18 0 | acked 77960 16 0 0 129 0 18 0
HEARTBEAT [2057:000038BB] cpl=3 pm=1 v86=0 if=1 pic imr=A8 isr=00 irr=00 | 0F 85 C9 03 83 7E F4 00 0F 85 C1 03 83 7E F2 00 | eax=000000F7 ebx=06EF0285 ecx=00000014 edx=00000000 esi=00029B40 edi=12EF3204 esp=8018251A
  INT13 11323 INT15/86 14
  IRQS raised 78194 16 0 0 129 0 18 0 | acked 78105 16 0 0 129 0 18 0
HEARTBEAT [0137:BFF71ACB] cpl=3 pm=1 v86=0 if=1 pic imr=A8 isr=00 irr=00 | 64 89 1D 04 00 00 00 E9 63 FF FF FF 0B C0 75 19 | eax=81514470 ebx=8019CC40 ecx=8018CC40 edx=BFF656D3 esi=0000013F edi=158725A2 esp=801825A2
  INT13 11406 INT15/86 14
  IRQS raised 78340 16 0 0 129 0 18 0 | acked 78251 16 0 0 129 0 18 0
HEARTBEAT [0117:00009E0F] cpl=3 pm=1 v86=0 if=1 pic imr=A8 isr=00 irr=00 | 1F 73 03 B8 FF FF CA 08 00 55 8B EC 1E 66 57 66 | eax=00030020 ebx=06EF0008 ecx=00010020 edx=000328D2 esi=0002000C edi=12EF0008 esp=C0ED27BA
  INT13 11489 INT15/86 14
  IRQS raised 78486 16 0 0 129 0 18 0 | acked 78397 16 0 0 129 0 18 0
HEARTBEAT [0028:C0001B49] cpl=0 pm=1 v86=0 if=1 pic imr=A8 isr=00 irr=00 | 0F 82 17 0B 00 00 8B 14 85 04 B8 39 C1 FF 24 85 | eax=000003AE ebx=C15200E8 ecx=0000003B edx=000003AE esi=0002000D edi=C0FD377C esp=C13B9F6C
  INT13 11624 INT15/86 14
  IRQS raised 78631 16 0 0 129 0 18 0 | acked 78542 16 0 0 129 0 18 0
HEARTBEAT [2057:00003998] cpl=3 pm=1 v86=0 if=1 pic imr=A8 isr=00 irr=00 | 2C 0F 0F 84 20 02 E9 16 FF 90 83 7E F4 00 0F 84 | eax=00000004 ebx=06EF0243 ecx=00000014 edx=00000000 esi=00029B40 edi=12EF187D esp=8018251A
  INT13 11682 INT15/86 14
  IRQS raised 78777 16 0 0 129 0 18 0 | acked 78688 16 0 0 129 0 18 0
HEARTBEAT [D000:000011A2] cpl=3 pm=1 v86=1 if=1 pic imr=A8 isr=00 irr=00 | E2 A6 C3 88 CD B1 03 D3 E9 AD 42 86 C4 EE 4A 88 | eax=00000000 ebx=0000FF08 ecx=0000009B edx=00000300 esi=00000660 edi=00000010 esp=00000294
  INT13 11732 INT15/86 14
  IRQS raised 78923 16 0 0 129 0 18 0 | acked 78834 16 0 0 129 0 18 0
  V86 SS:SP=0F00:0294 DS=CC00 ES=CC00 | 0F63 0030 0008 1731 0300 1142 0020 0208 0000 0000 CC00 0070 
HEARTBEAT [0137:BFF79D98] cpl=3 pm=1 v86=0 if=1 pic imr=A8 isr=00 irr=00 | 83 7D E4 00 66 8B C8 74 6C 83 7D 20 00 74 0A 66 | eax=80180048 ebx=81A194CC ecx=00000000 edx=00000001 esi=8018F14E edi=81A19404 esp=8018F04C
  INT13 11795 INT15/86 14
  IRQS raised 79068 16 0 0 129 0 18 0 | acked 78979 16 0 0 129 0 18 0
HEARTBEAT [06EF:0000070E] cpl=3 pm=1 v86=0 if=1 pic imr=A8 isr=00 irr=00 | 6A FF 66 FF 76 08 6A FF 9A E4 12 B7 07 83 E8 02 | eax=00000809 ebx=06EF0003 ecx=000007C7 edx=00001587 esi=00026E6B edi=12EF6E7C esp=801826FA
  INT13 11833 INT15/86 14
  IRQS raised 79214 16 0 0 129 0 18 0 | acked 79125 16 0 0 129 0 18 0
HEARTBEAT [2057:0000388A] cpl=3 pm=1 v86=0 if=1 pic imr=A8 isr=00 irr=00 | 0F 84 B8 01 8A 46 FB 98 3D 3D 00 0F 84 BF 02 77 | eax=00004CA3 ebx=06EF00A2 ecx=00000014 edx=00000000 esi=00029B40 edi=12EF3FF6 esp=C0ED251A
  INT13 11873 INT15/86 14
  IRQS raised 79360 16 0 0 129 0 18 0 | acked 79271 16 0 0 129 0 18 0
HEARTBEAT [0028:C002B334] cpl=0 pm=1 v86=0 if=1 pic imr=A8 isr=00 irr=00 | 8B 7D 1C 72 1A 85 D2 75 15 8B 4D 20 8A 45 40 40 | eax=00107D51 ebx=C0FFBA78 ecx=00000000 edx=00000000 esi=C15DF7C0 edi=C0FFBA78 esp=C13B9E10
  INT13 11919 INT15/86 14
  IRQS raised 79505 16 0 0 129 0 18 0 | acked 79416 16 0 0 129 0 18 0
HEARTBEAT [0137:BFF71C4E] cpl=3 pm=1 v86=0 if=1 pic imr=A8 isr=00 irr=00 | 66 64 83 3D 1E 00 00 00 FF 74 50 50 52 8B 54 24 | eax=00000003 ebx=8018F31C ecx=8018F2F4 edx=00030000 esi=0000013F edi=26DA1587 esp=8018F2E8
  INT13 11956 INT15/86 14
  IRQS raised 79651 16 0 0 129 0 18 0 | acked 79562 16 0 0 129 0 18 0
HEARTBEAT [2057:00003CBA] cpl=3 pm=1 v86=0 if=1 pic imr=A8 isr=00 irr=00 | 81 3E 12 0F 00 04 75 17 FF 36 0E 0F 1E FF 36 14 | eax=00000000 ebx=06EF0148 ecx=00000014 edx=00000000 esi=00029B40 edi=12EF1025 esp=8018251A
  INT13 12012 INT15/86 14
  IRQS raised 79796 16 0 0 129 0 18 0 | acked 79707 16 0 0 129 0 18 0
HEARTBEAT [2057:000038BB] cpl=3 pm=1 v86=0 if=1 pic imr=A8 isr=00 irr=00 | 0F 85 C9 03 83 7E F4 00 0F 85 C1 03 83 7E F2 00 | eax=00000043 ebx=06EF00C8 ecx=00000014 edx=00000000 esi=00029B40 edi=12EF5FBE esp=8018251A
  INT13 12066 INT15/86 14
  IRQS raised 79942 16 0 0 129 0 18 0 | acked 79853 16 0 0 129 0 18 0
HEARTBEAT [0117:0000A967] cpl=3 pm=1 v86=0 if=1 pic imr=A8 isr=00 irr=00 | F2 AE 8B C1 F7 D0 48 5F CA 04 00 83 C4 04 33 C0 | eax=00000000 ebx=06EF25E0 ecx=0000FFF2 edx=00021587 esi=00020001 edi=12EF26F9 esp=801825DE
  INT13 12112 INT15/86 14
  IRQS raised 80088 16 0 0 129 0 18 0 | acked 79999 16 0 0 129 0 18 0
HEARTBEAT [2057:00003CA8] cpl=3 pm=1 v86=0 if=1 pic imr=A8 isr=00 irr=00 | 80 7E FB 09 74 0C 80 7E FB 0A 74 06 80 7E FB 0D | eax=00000048 ebx=06EF022E ecx=00000014 edx=00000000 esi=00029B40 edi=12EF515D esp=8018251A
  INT13 12177 INT15/86 14
  IRQS raised 80233 16 0 0 129 0 18 0 | acked 80144 16 0 0 129 0 18 0
HEARTBEAT [2057:000038BB] cpl=3 pm=1 v86=0 if=1 pic imr=A8 isr=00 irr=00 | 0F 85 C9 03 83 7E F4 00 0F 85 C1 03 83 7E F2 00 | eax=00000073 ebx=06EF0379 ecx=00000014 edx=00000000 esi=00029B40 edi=12EF4328 esp=8018251A
  INT13 12254 INT15/86 14
  IRQS raised 80379 16 0 0 129 0 18 0 | acked 80290 16 0 0 129 0 18 0
HEARTBEAT [0137:BFF71BA9] cpl=3 pm=1 v86=0 if=1 pic imr=A8 isr=00 irr=00 | 8B 00 0B C0 74 12 A8 0F 75 0E 03 05 D8 F9 FB BF | eax=800B7C00 ebx=8018F24E ecx=0001FB52 edx=0000A578 esi=0000013F edi=260C1587 esp=8018F214
  INT13 12331 INT15/86 14
  IRQS raised 80525 16 0 0 129 0 18 0 | acked 80436 16 0 0 129 0 18 0
HEARTBEAT [2057:0000388E] cpl=3 pm=1 v86=0 if=1 pic imr=A8 isr=00 irr=00 | 8A 46 FB 98 3D 3D 00 0F 84 BF 02 77 1C 3C 20 0F | eax=00001E2B ebx=06EF022A ecx=00000014 edx=00000000 esi=00029B40 edi=12EF18BE esp=8018251A
  INT13 12403 INT15/86 14
  IRQS raised 80670 16 0 0 129 0 18 0 | acked 80581 16 0 0 129 0 18 0
HEARTBEAT [D000:00001192] cpl=3 pm=1 v86=1 if=1 pic imr=A8 isr=00 irr=00 | 30 DA 88 E0 EE AD 30 DA 86 C4 EE 30 DA 88 E0 EE | eax=00007474 ebx=0000FF08 ecx=000000D6 edx=80820308 esi=000202AE edi=00020010 esp=00000294
  INT13 12599 INT15/86 14
  IRQS raised 80816 16 0 0 129 0 18 0 | acked 80727 16 0 0 129 0 18 0
  V86 SS:SP=0F00:0294 DS=CC00 ES=CC00 | 0F63 0030 0008 1731 0300 1142 0020 0208 0000 0000 CC00 0070 
HEARTBEAT [D000:00001176] cpl=3 pm=1 v86=1 if=1 pic imr=A8 isr=00 irr=00 | AD 30 DA 86 C4 EE 30 DA 88 E0 EE AD 30 DA 86 C4 | eax=00005252 ebx=0000FF08 ecx=00000060 edx=00000300 esi=00000A08 edi=00000010 esp=00000294
  INT13 12826 INT15/86 14
  IRQS raised 80962 16 0 0 129 0 18 0 | acked 80873 16 0 0 129 0 18 0
  V86 SS:SP=0F00:0294 DS=CC00 ES=CC00 | 0F63 0030 0008 1731 0300 1142 0020 0208 0000 0000 CC00 0070 
HEARTBEAT [0137:BFF656F6] cpl=3 pm=1 v86=0 if=1 pic imr=A8 isr=00 irr=00 | 50 E8 44 0D 00 00 50 FF 73 22 FF 73 26 E8 AD E7 | eax=2476C4FA ebx=8018F66A ecx=00000000 edx=0000411A esi=0000013F edi=2A281587 esp=8018F638
  INT13 12869 INT15/86 14
  IRQS raised 81107 16 0 0 129 0 18 0 | acked 81018 16 0 0 129 0 18 0
HEARTBEAT [12E7:00000C95] cpl=3 pm=1 v86=0 if=1 pic imr=A8 isr=00 irr=00 | 03 D8 83 C3 FC 89 5E E4 8C 46 E6 66 26 FF 37 8B | eax=244E001C ebx=06EF0068 ecx=0000EC11 edx=0001247E esi=00020068 edi=00020007 esp=80182A90
  INT13 12869 INT15/86 14
  IRQS raised 81253 16 0 0 129 0 18 0 | acked 81164 16 0 0 129 0 18 0
HEARTBEAT [0137:BFF71B78] cpl=3 pm=1 v86=0 if=1 pic imr=A8 isr=00 irr=00 | 66 64 83 3D 1E 00 00 00 FF 0F 84 A2 00 00 00 0F | eax=24566339 ebx=8018F66A ecx=00000000 edx=BFF656D3 esi=0000013F edi=2A281587 esp=8018F638
  INT13 12869 INT15/86 14
  IRQS raised 81399 16 0 0 129 0 18 0 | acked 81310 16 0 0 129 0 18 0
HEARTBEAT [0137:BFF71C90] cpl=3 pm=1 v86=0 if=1 pic imr=A8 isr=00 irr=00 | 74 09 80 68 14 01 73 03 FE 40 14 8D 52 04 FF 4C | eax=800ABB20 ebx=8018F66A ecx=0001FB52 edx=8018F648 esi=0000013F edi=2A281587 esp=8018F630
  INT13 12869 INT15/86 14
  IRQS raised 81544 16 0 0 129 0 18 0 | acked 81455 16 0 0 129 0 18 0
HEARTBEAT [0137:BFF71AB4] cpl=3 pm=1 v86=0 if=1 pic imr=A8 isr=00 irr=00 | 5E 5F 1F 5B 66 03 E1 53 66 CB 64 89 0D 08 00 00 | eax=00000003 ebx=800A7E00 ecx=00000014 edx=00030000 esi=0000013F edi=2A281587 esp=80182A30
  INT13 12869 INT15/86 14
  IRQS raised 81690 16 0 0 129 0 18 0 | acked 81601 16 0 0 129 0 18 0
HEARTBEAT [0137:BFF71C9E] cpl=3 pm=1 v86=0 if=1 pic imr=A8 isr=00 irr=00 | FF 4C 24 0C 75 BB 5A 58 C2 08 00 9C 50 52 FF 35 | eax=800ABA20 ebx=8018F66A ecx=0001FB52 edx=8018F64C esi=0000013F edi=2A281587 esp=8018F630
  INT13 12869 INT15/86 14
  IRQS raised 81836 16 0 0 129 0 18 0 | acked 81747 16 0 0 129 0 18 0
HEARTBEAT [D000:0000104D] cpl=3 pm=1 v86=1 if=1 pic imr=A8 isr=00 irr=00 | 30 DA AA EC 30 DA AA EC 30 DA AA EC 30 DA AA EC | eax=00000092 ebx=0127FF08 ecx=0000002A edx=00000308 esi=00020010 edi=00020ADB esp=00000296
  INT13 12985 INT15/86 14
  IRQS raised 81981 16 0 0 129 0 18 0 | acked 81892 16 0 0 129 0 18 0
  V86 SS:SP=0F00:0296 DS=0030 ES=CC00 | 0F14 0008 171D 0300 0FD8 0020 0208 0000 0000 CC00 0070 00C8 
HEARTBEAT [0028:C0027A3E] cpl=0 pm=1 v86=0 if=1 pic imr=A8 isr=00 irr=00 | 77 08 0F B6 1C 10 66 2B 04 3B 32 C1 0F B6 C0 C1 | eax=00000053 ebx=00000008 ecx=3E611D80 edx=C0323252 esi=C0FFC2CC edi=C0323204 esp=C0EDAC64
  INT13 13166 INT15/86 14
  IRQS raised 82127 16 0 0 129 0 18 0 | acked 82038 16 0 0 129 0 18 0
HEARTBEAT [D000:00001011] cpl=3 pm=1 v86=1 if=1 pic imr=A8 isr=00 irr=00 | 30 DA AA EC 30 DA AA EC 30 DA AA EC 30 DA AA EC | eax=000000E8 ebx=0000FF08 ecx=00000007 edx=C1350300 esi=C0FF0010 edi=00000F2C esp=00000296
  INT13 13341 INT15/86 14
  IRQS raised 82273 16 0 0 129 0 18 0 | acked 82184 16 0 0 129 0 18 0
  V86 SS:SP=0F00:0296 DS=0030 ES=CC00 | 0F14 0008 171D 0300 0FD8 0020 0208 0000 0000 CC00 0070 00C8 
HEARTBEAT [D000:00001009] cpl=3 pm=1 v86=1 if=1 pic imr=A8 isr=00 irr=00 | 30 DA AA EC 30 DA AA EC 30 DA AA EC 30 DA AA EC | eax=00000055 ebx=0000FF08 ecx=00000076 edx=C1350300 esi=C0FF0010 edi=C0FF014A esp=00000296
  INT13 13487 INT15/86 14
  IRQS raised 82418 16 0 0 129 0 18 0 | acked 82329 16 0 0 129 0 18 0
  V86 SS:SP=0F00:0296 DS=0030 ES=CC00 | 0F14 0008 171D 0300 0FD8 0020 0208 0000 0000 CC00 0070 00C8 
HEARTBEAT [011F:00002673] cpl=3 pm=1 v86=0 if=1 pic imr=A8 isr=00 irr=00 | 74 20 26 8E 05 26 81 3E 00 00 4E 45 75 14 26 F7 | eax=00001FD6 ebx=00008854 ecx=00000002 edx=801A1EBE esi=00002077 edi=00000603 esp=00008878
  INT13 13620 INT15/86 14
  IRQS raised 82564 16 0 0 129 0 18 0 | acked 82475 16 0 0 129 0 18 0
HEARTBEAT [0457:000014E0] cpl=3 pm=1 v86=0 if=1 pic imr=A8 isr=00 irr=00 | D0 EA 72 04 E2 FA EB 0E D0 DA AC E2 F3 EB 07 D0 | eax=25660097 ebx=00000000 ecx=00000001 edx=801A0204 esi=00000004 edi=00000051 esp=C0ED87CE
  INT13 13738 INT15/86 14
  IRQS raised 82710 16 0 0 129 0 18 0 | acked 82621 16 0 0 129 0 18 0
HEARTBEAT [0327:000003D3] cpl=3 pm=1 v86=0 if=1 pic imr=A8 isr=00 irr=00 | D0 D6 FE 4E CD 75 C8 8B 5E F6 26 88 29 03 FB 26 | eax=0000FF03 ebx=000087FE ecx=15F6FFFF edx=0000FFFF esi=00000227 edi=00000063 esp=000087EE
  INT13 13864 INT15/86 14
  IRQS raised 82855 16 0 0 129 0 18 0 | acked 82766 16 0 0 129 0 18 0
HEARTBEAT [0028:C002FD90] cpl=0 pm=1 v86=0 if=1 pic imr=A8 isr=00 irr=00 | 0F A3 56 24 72 0B 8A 4F 3A D3 E2 03 56 10 8B DA | eax=C16083E8 ebx=00032F59 ecx=00000080 edx=00000000 esi=C16083C0 edi=C0FFBA78 esp=C0EE8D28
  INT13 13950 INT15/86 14
  IRQS raised 83001 16 0 0 129 0 18 0 | acked 82912 16 0 0 129 0 18 0
HEARTBEAT [0028:C025648A] cpl=0 pm=1 v86=0 if=1 pic imr=A8 isr=00 irr=00 | D1 EA 8D 54 1A 20 66 8B 04 42 66 AB 66 83 F8 5F | eax=00000020 ebx=C113D770 ecx=00000001 edx=00000018 esi=C0FFC2CA edi=C0FFC2B8 esp=C0EEACAC
  INT13 14059 INT15/86 14
  IRQS raised 83146 16 0 0 129 0 18 0 | acked 83057 16 0 0 129 0 18 0
HEARTBEAT [D000:0000116B] cpl=3 pm=1 v86=1 if=1 pic imr=A8 isr=00 irr=00 | AD 30 DA 86 C4 EE 30 DA 88 E0 EE AD 30 DA 86 C4 | eax=801C0000 ebx=0000FF08 ecx=00000024 edx=00000300 esi=80130DC6 edi=00000010 esp=00000294
  INT13 14185 INT15/86 14
  IRQS raised 83292 16 0 0 129 0 18 0 | acked 83203 16 0 0 129 0 18 0
  V86 SS:SP=0F00:0294 DS=CC00 ES=CC00 | 0F63 0030 0008 1731 0300 1142 0020 0208 0000 0000 CC00 0070 
HEARTBEAT [0028:C025649A] cpl=0 pm=1 v86=0 if=1 pic imr=A8 isr=00 irr=00 | 74 05 E2 92 5A 5A C3 83 3C 24 5F 74 F5 83 4C 24 | eax=0000004D ebx=C113D39C ecx=0000000D edx=C113D3C8 esi=0075F951 edi=C0022EC6 esp=C0EEACB8
  INT13 14319 INT15/86 14
  IRQS raised 83438 16 0 0 129 0 18 0 | acked 83349 16 0 0 129 0 18 0
HEARTBEAT [D000:00000C8A] cpl=3 pm=1 v86=1 if=1 pic imr=A8 isr=00 irr=00 | 74 09 88 0E 09 00 80 2E 08 00 01 C3 B8 02 00 FB | eax=06E70880 ebx=0000FF08 ecx=FFFF53C8 edx=00000307 esi=00000000 edi=00000010 esp=00000296
  INT13 14488 INT15/86 14
  IRQS raised 83583 16 0 0 129 0 18 0 | acked 83494 16 0 0 129 0 18 0
  V86 SS:SP=0F00:0296 DS=0030 ES=CC00 | 1258 0EE7 171D 0300 0FD8 0020 0208 0000 0000 CC00 0070 00C8 
HEARTBEAT [D000:00000FF9] cpl=3 pm=1 v86=1 if=1 pic imr=A8 isr=00 irr=00 | 30 DA AA EC 30 DA AA EC 30 DA AA EC 30 DA AA EC | eax=00000004 ebx=0747FF08 ecx=00000079 edx=00000300 esi=00000010 edi=000000E6 esp=00000296
  INT13 14680 INT15/86 14
  IRQS raised 83729 16 0 0 129 0 18 0 | acked 83640 16 0 0 129 0 18 0
  V86 SS:SP=0F00:0296 DS=0030 ES=CC00 | 0F14 0008 171D 0300 0FD8 0020 0208 0000 0000 CC00 0070 00C8 
HEARTBEAT [D000:00000C8A] cpl=3 pm=1 v86=1 if=1 pic imr=A8 isr=00 irr=00 | 74 09 88 0E 09 00 80 2E 08 00 01 C3 B8 02 00 FB | eax=00000880 ebx=0000FF08 ecx=00015411 edx=C1150307 esi=C11C0000 edi=C0FD0010 esp=00000296
  INT13 14816 INT15/86 14
  IRQS raised 83875 16 0 0 129 0 18 0 | acked 83786 16 0 0 129 0 18 0
  V86 SS:SP=0F00:0296 DS=0030 ES=CC00 | 1258 0EE7 171D 0300 0FD8 0020 0208 0000 0000 CC00 0070 00C8 
HEARTBEAT [D000:00000FED] cpl=3 pm=1 v86=1 if=1 pic imr=A8 isr=00 irr=00 | 30 DA AA EC 30 DA AA EC 30 DA AA EC 30 DA AA EC | eax=00000000 ebx=0000FF08 ecx=0000001F edx=C1350308 esi=C0FD0010 edi=C0FD0C23 esp=00000296
  INT13 14914 INT15/86 14
  IRQS raised 84020 16 0 0 129 0 18 0 | acked 83931 16 0 0 129 0 18 0
  V86 SS:SP=0F00:0296 DS=0030 ES=CC00 | 0F14 0008 171D 0300 0FD8 0020 0208 0000 0000 CC00 0070 00C8 
HEARTBEAT [07A7:00002AA0] cpl=3 pm=1 v86=0 if=1 pic imr=A8 isr=00 irr=00 | 75 0A D1 EB 2E 8A 87 78 2A 98 EB 09 43 43 83 FB | eax=0002093C ebx=06CF0016 ecx=00010000 edx=0001C116 esi=0000800C edi=BFF60012 esp=00637FC8
  INT13 15004 INT15/86 14
  IRQS raised 84166 16 0 0 129 0 18 0 | acked 84077 16 0 0 129 0 18 0
HEARTBEAT [0028:C002797B] cpl=0 pm=1 v86=0 if=1 pic imr=A8 isr=00 irr=00 | FF 4C 24 0C 75 C2 8B 14 24 89 4C 3A 04 89 1C 3A | eax=00013C83 ebx=07000025 ecx=BFD733D0 edx=000009E4 esi=C0FFC244 edi=C113E314 esp=C0EE8CA4
  INT13 15075 INT15/86 14
  IRQS raised 84312 16 0 0 129 0 18 0 | acked 84223 16 0 0 129 0 18 0
HEARTBEAT [0137:BFF71AB4] cpl=3 pm=1 v86=0 if=1 pic imr=A8 isr=00 irr=00 | 5E 5F 1F 5B 66 03 E1 53 66 CB 64 89 0D 08 00 00 | eax=00000001 ebx=00000000 ecx=00000014 edx=00000001 esi=0000013F edi=7206256F esp=0063720E
  INT13 15203 INT15/86 14
  IRQS raised 84457 16 0 0 129 0 18 0 | acked 84368 16 0 0 129 0 18 0
HEARTBEAT [D000:00000FF1] cpl=3 pm=1 v86=1 if=1 pic imr=A8 isr=00 irr=00 | 30 DA AA EC 30 DA AA EC 30 DA AA EC 30 DA AA EC | eax=00000000 ebx=8151FF08 ecx=8151006A edx=C1120300 esi=00000010 edi=000002C4 esp=00000296
  INT13 15293 INT15/86 14
  IRQS raised 84603 16 0 0 129 0 18 0 | acked 84514 16 0 0 129 0 18 0
  V86 SS:SP=0F00:0296 DS=0030 ES=CC00 | 0F14 0008 171D 0300 0FD8 0020 0208 0000 0000 CC00 0070 00C8 
HEARTBEAT [0028:C0027A36] cpl=0 pm=1 v86=0 if=1 pic imr=A8 isr=00 irr=00 | 8B C0 66 AD 66 3D 86 05 77 08 0F B6 1C 10 66 2B | eax=00000000 ebx=C15A8BA0 ecx=00000018 edx=C0323252 esi=C0FFC2C2 edi=C0323204 esp=C0EEACB8
  INT13 15371 INT15/86 14
  IRQS raised 84749 16 0 0 129 0 18 0 | acked 84660 16 0 0 129 0 18 0
HEARTBEAT [0028:C002794F] cpl=0 pm=1 v86=0 if=1 pic imr=A8 isr=00 irr=00 | 8D 14 52 8D 14 95 00 00 00 00 8B 44 3A 08 3B 44 | eax=00017D69 ebx=06E20039 ecx=FC2A5406 edx=000002A3 esi=C0FFC244 edi=C113E314 esp=C0EE8CA4
  INT13 15421 INT15/86 14
  IRQS raised 84894 16 0 0 129 0 18 0 | acked 84805 16 0 0 129 0 18 0
HEARTBEAT [0028:C0220CBE] cpl=0 pm=1 v86=0 if=1 pic imr=A8 isr=00 irr=00 | 49 75 F8 8B D0 C1 EA 10 5E C9 C3 00 00 00 00 00 | eax=1E322E68 ebx=00000001 ecx=00001385 edx=C11422D8 esi=C11464C8 edi=00000039 esp=C0EE8DD0
  INT13 15497 INT15/86 14
  IRQS raised 85040 16 0 0 129 0 18 0 | acked 84951 16 0 0 129 0 18 0
HEARTBEAT [06F7:0000590C] cpl=3 pm=1 v86=0 if=1 pic imr=A8 isr=00 irr=00 | 66 5E 5F C9 CA 10 00 90 C8 08 00 00 1E B8 C7 07 | eax=000200D3 ebx=0000F85E ecx=0000592C edx=0000010B esi=00021E9C edi=00020616 esp=00638B84
  INT13 15565 INT15/86 14
  IRQS raised 85186 16 0 0 129 0 18 0 | acked 85097 16 0 0 129 0 18 0
HEARTBEAT [0028:C022C57D] cpl=0 pm=1 v86=0 if=1 pic imr=A8 isr=00 irr=00 | 25 01 00 00 F0 3D 00 00 00 A0 74 0C 56 E8 0D 00 | eax=A0000030 ebx=C15CC700 ecx=C1003870 edx=C10CE000 esi=C0FCE000 edi=C0FFC2C2 esp=C0EEACCC
  INT13 15593 INT15/86 14
  IRQS raised 85331 16 0 0 129 0 18 0 | acked 85242 16 0 0 129 0 18 0
HEARTBEAT [0117:00001CF1] cpl=3 pm=1 v86=0 if=1 pic imr=A8 isr=00 irr=00 | 67 66 81 7E 08 00 00 10 00 73 0A 67 66 8B 34 33 | eax=00002000 ebx=00000000 ecx=000201B9 edx=00000040 esi=00000100 edi=00000000 esp=00638D58
  INT13 15642 INT15/86 14
  IRQS raised 85477 16 0 0 129 0 18 0 | acked 85388 16 0 0 129 0 18 0
HEARTBEAT [0028:C00012DE] cpl=0 pm=1 v86=0 if=0 pic imr=A8 isr=00 irr=00 | 3D 55 66 22 00 8B 1D 1C 07 01 C0 68 00 13 00 C0 | eax=00001607 ebx=C0FD0018 ecx=00000000 edx=13440010 esi=00000018 edi=C159F068 esp=C13A1DA8
  INT13 15760 INT15/86 14
  IRQS raised 85623 16 0 0 129 0 18 0 | acked 85534 16 0 0 129 0 18 0
HEARTBEAT [0028:C0001B49] cpl=0 pm=1 v86=0 if=1 pic imr=A8 isr=00 irr=00 | 0F 82 17 0B 00 00 8B 14 85 04 B8 39 C1 FF 24 85 | eax=00000204 ebx=C15200E8 ecx=00000004 edx=C0FCEDF0 esi=C0FCEED0 edi=C159F068 esp=C13A1E40
  INT13 15761 INT15/86 14
  IRQS raised 85768 16 0 0 129 0 18 0 | acked 85679 16 0 0 129 0 18 0
HEARTBEAT [0028:C002DFDE] cpl=0 pm=1 v86=0 if=1 pic imr=A8 isr=00 irr=00 | C6 46 0B 00 EB 2F 0F B6 46 0B 3A 46 09 73 17 03 | eax=00005300 ebx=C15A87A0 ecx=C0FFC2C2 edx=C15A8800 esi=C0FFC244 edi=C0022AAA esp=C0EE8BE4
  INT13 15776 INT15/86 14
  IRQS raised 85914 16 0 0 129 0 18 0 | acked 85825 16 0 0 129 0 18 0
HEARTBEAT [0028:C0256457] cpl=0 pm=1 v86=0 if=1 pic imr=A8 isr=00 irr=00 | 76 25 0F B7 54 1A 22 0B D2 75 DE 66 B8 FD FF 66 | eax=00000020 ebx=C113D770 ecx=00000003 edx=00000000 esi=C0FFC2CB edi=C0FFC2BA esp=C0EE8C68
  INT13 15792 INT15/86 14
  IRQS raised 86060 16 0 0 129 0 18 0 | acked 85971 16 0 0 129 0 18 0
HEARTBEAT [0028:C0256432] cpl=0 pm=1 v86=0 if=1 pic imr=A8 isr=00 irr=00 | AC 0F A3 03 72 06 8A E0 AC 49 E3 34 2B D2 66 3B | eax=00000000 ebx=C113D770 ecx=00000008 edx=C15ACA00 esi=C0FFC2C2 edi=C0FFC2AA esp=C0EE8C68
  INT13 15800 INT15/86 14
  IRQS raised 86205 16 0 0 129 0 18 0 | acked 86116 16 0 0 129 0 18 0
HEARTBEAT [0DCE:0000014D] cpl=3 pm=1 v86=1 if=1 pic imr=A8 isr=00 irr=00 | 75 06 4A 75 F7 4E 75 F2 E2 E9 1F 5E 5A 59 5B 58 | eax=00630013 ebx=0000567C ecx=C0FF0006 edx=006354DE esi=00630040 edi=00630000 esp=0000025A
  INT13 15811 INT15/86 15
  IRQS raised 86351 16 0 0 129 0 18 0 | acked 86262 16 0 0 129 0 18 0
  V86 SS:SP=0F00:025A DS=0000 ES=0628 | 0040 0001 4240 000F 0001 8620 09A9 F000 3296 0008 EFA0 0729 
HEARTBEAT [0DCE:0000014F] cpl=3 pm=1 v86=1 if=1 pic imr=A8 isr=00 irr=00 | 4A 75 F7 4E 75 F2 E2 E9 1F 5E 5A 59 5B 58 55 89 | eax=00000001 ebx=000056A0 ecx=00000001 edx=0063DB98 esi=0063003F edi=00630000 esp=00000256
  INT13 15851 INT15/86 30
  IRQS raised 86496 16 0 0 129 0 61 0 | acked 86407 16 0 0 129 0 61 0
  V86 SS:SP=0F00:0256 DS=0000 ES=0628 | 0040 0001 3A98 0000 0206 8698 0A3C F000 3246 000F 0AD3 3246 
HEARTBEAT [0028:C000486F] cpl=0 pm=1 v86=0 if=1 pic imr=A8 isr=00 irr=00 | F3 A5 8B 48 04 2B 4A 04 76 07 A1 E0 07 01 C0 F3 | eax=C0FFFB14 ebx=0001FB4C ecx=00000101 edx=C0FD3550 esi=C0FD1DE8 edi=FFBFE3FC esp=C0ED4E14
  INT13 15925 INT15/86 35
  IRQS raised 86642 16 0 0 129 0 78 0 | acked 86553 16 0 0 129 0 78 0
HEARTBEAT [0028:C00047E7] cpl=0 pm=1 v86=0 if=1 pic imr=A8 isr=00 irr=00 | 5E C2 08 00 8B 4C 24 08 8B 44 24 04 49 0F B3 08 | eax=00000017 ebx=C041119A ecx=00000000 edx=FFFFFFFF esi=00400000 edi=C0006670 esp=C0EE8DC0
  INT13 16057 INT15/86 35
  IRQS raised 86788 16 0 0 129 0 78 0 | acked 86699 16 0 0 129 0 78 0
HEARTBEAT [0028:C0245670] cpl=0 pm=1 v86=0 if=1 pic imr=A8 isr=00 irr=00 | 52 0F B6 55 1C 80 FA 24 73 07 8B 04 95 58 E5 01 | eax=C001E8A0 ebx=C15200E8 ecx=00000044 edx=00000000 esi=FFFFFFFF edi=C0FFE330 esp=C0EE8D78
  INT13 16089 INT15/86 35
  IRQS raised 86933 16 0 0 129 0 78 0 | acked 86844 16 0 0 129 0 78 0
HEARTBEAT [0137:BFF7117E] cpl=3 pm=1 v86=0 if=1 pic imr=A8 isr=00 irr=00 | F2 AE 83 C8 FE 2B C1 5F 59 C9 C2 04 00 55 8B EC | eax=00000000 ebx=00456D8C ecx=FFFFFFF2 edx=0067F1C8 esi=00454E88 edi=00456D99 esp=0067EEE4
  INT13 16128 INT15/86 35
  IRQS raised 87079 16 0 0 129 0 78 0 | acked 86990 16 0 0 129 0 78 0
HEARTBEAT [0137:BFF787D8] cpl=3 pm=1 v86=0 if=1 pic imr=A8 isr=00 irr=00 | 8B 04 8A 23 45 C8 89 45 D4 3B 45 D0 0F 84 27 08 | eax=02020E23 ebx=017AA8A4 ecx=0000006D edx=81A1B4C2 esi=00000001 edi=81A194CC esp=0067EE48
  INT13 16186 INT15/86 35
  IRQS raised 87225 16 0 0 129 0 78 0 | acked 87136 16 0 0 129 0 78 0
HEARTBEAT [0137:BFF9DEAF] cpl=3 pm=1 v86=0 if=1 pic imr=A8 isr=00 irr=00 | 64 FF 32 64 89 22 8B 4C 24 14 8A 01 8B 4C 24 1C | eax=00000D60 ebx=000033B0 ecx=00000D60 edx=00000000 esi=0067F170 edi=00000CEC esp=0067EF08
  INT13 16189 INT15/86 35
  IRQS raised 87370 16 0 0 129 0 78 0 | acked 87281 16 0 0 129 0 78 0
HEARTBEAT [0137:BFF7400A] cpl=3 pm=1 v86=0 if=1 pic imr=A8 isr=00 irr=00 | 56 8A D8 2B C0 AC 0A C0 74 06 38 D8 75 F7 8B C6 | eax=8151FC5C ebx=0067E5B4 ecx=BFFBF58D edx=00000001 esi=8151FCE0 edi=8151FCE0 esp=0067E55C
  INT13 16233 INT15/86 35
  IRQS raised 87516 16 0 0 129 0 78 0 | acked 87427 16 0 0 129 0 78 0
HEARTBEAT [0137:BFF77266] cpl=3 pm=1 v86=0 if=1 pic imr=A8 isr=00 irr=00 | 64 89 25 00 00 00 00 8B C4 FF 70 20 E8 F9 9E FF | eax=00550968 ebx=0055097A ecx=000000CC edx=00453AD3 esi=00453FA5 edi=0000000B esp=0067E7E4
  INT13 16289 INT15/86 35
  IRQS raised 87662 16 0 0 129 0 78 0 | acked 87573 16 0 0 129 0 78 0
HEARTBEAT [0137:0040CBE8] cpl=3 pm=1 v86=0 if=1 pic imr=A8 isr=00 irr=00 | 2B 6C 24 14 01 6C 24 14 6A 01 56 53 E8 8C 5A 00 | eax=00456AB7 ebx=00457305 ecx=0067F1C8 edx=00000847 esi=00454150 edi=0000000E esp=0067EF2C
  INT13 16318 INT15/86 35
  IRQS raised 87807 16 0 0 129 0 78 0 | acked 87718 16 0 0 129 0 78 0
HEARTBEAT [0137:00409750] cpl=3 pm=1 v86=0 if=1 pic imr=A8 isr=00 irr=00 | 89 4E 34 8B 4E 04 8B 46 38 8B 56 3C 8B 04 81 89 | eax=021A0000 ebx=00000A70 ecx=017A8BC8 edx=81A1900C esi=0067F170 edi=0000029C esp=0067EEB0
  INT13 16372 INT15/86 35
  IRQS raised 87953 16 0 0 129 0 78 0 | acked 87864 16 0 0 129 0 78 0
HEARTBEAT [0137:BFF7879B] cpl=3 pm=1 v86=0 if=1 pic imr=A8 isr=00 irr=00 | 2D 01 00 00 18 83 7F 20 01 89 45 C8 1B C0 83 C0 | eax=00000000 ebx=017BB7E3 ecx=017BB869 edx=00000000 esi=00000001 edi=81A194CC esp=0067EDF8
  INT13 16372 INT15/86 35
  IRQS raised 88099 16 0 0 129 0 78 0 | acked 88010 16 0 0 129 0 78 0
HEARTBEAT [D000:00000CA7] cpl=3 pm=1 v86=1 if=1 pic imr=A8 isr=00 irr=00 | 1E 31 C9 8E D9 8B 0E 6C 04 1F C3 B0 06 B2 06 E8 | eax=00000880 ebx=0000FF08 ecx=00005855 edx=00000307 esi=00000000 edi=00000010 esp=00000294
  INT13 16475 INT15/86 35
  IRQS raised 88244 16 0 0 129 0 78 0 | acked 88155 16 0 0 129 0 78 0
  V86 SS:SP=0F00:0294 DS=0030 ES=CC00 | 0C86 1258 0EE7 171D 0300 0FD8 0020 0208 0500 0001 CC00 0070 
HEARTBEAT [0137:BFF787ED] cpl=3 pm=1 v86=0 if=1 pic imr=A8 isr=00 irr=00 | 8B 15 44 FB FB BF 88 45 FD 8B 8A 24 01 00 00 85 | eax=02020E0E ebx=801D07B4 ecx=00000077 edx=81A1B4C2 esi=00000001 edi=81A194CC esp=801D0698
  INT13 16543 INT15/86 35
  IRQS raised 88390 16 0 0 129 0 78 0 | acked 88301 16 0 0 129 0 78 0
HEARTBEAT [0137:BFF787F6] cpl=3 pm=1 v86=0 if=1 pic imr=A8 isr=00 irr=00 | 8B 8A 24 01 00 00 85 C9 74 1A 0F B6 C0 66 0F B6 | eax=02020E0E ebx=801D07AA ecx=00000065 edx=81A1900C esi=00000001 edi=81A194CC esp=801D068C
  INT13 16550 INT15/86 35
  IRQS raised 88536 16 0 0 129 0 78 0 | acked 88447 16 0 0 129 0 78 0
HEARTBEAT [0028:C0220CBB] cpl=0 pm=1 v86=0 if=1 pic imr=A8 isr=00 irr=00 | 83 C6 04 49 75 F8 8B D0 C1 EA 10 5E C9 C3 00 00 | eax=754EE73C ebx=00000000 ecx=0000109D edx=C116480C esi=C1161528 edi=00013000 esp=C0EE8DB8
  INT13 16550 INT15/86 35
  IRQS raised 88681 16 0 0 129 0 78 0 | acked 88592 16 0 0 129 0 78 0
HEARTBEAT [D000:0000102D] cpl=3 pm=1 v86=1 if=1 pic imr=A8 isr=00 irr=00 | 30 DA AA EC 30 DA AA EC 30 DA AA EC 30 DA AA EC | eax=00000024 ebx=0000FF08 ecx=00000007 edx=C1350308 esi=C0FF0010 edi=C0FF0F33 esp=00000296
  INT13 16642 INT15/86 35
  IRQS raised 88827 16 0 0 129 0 78 0 | acked 88738 16 0 0 129 0 78 0
  V86 SS:SP=0F00:0296 DS=0030 ES=CC00 | 0F14 0008 171D 0300 0FD8 0020 0208 0500 0001 CC00 0070 00C8 
HEARTBEAT [0457:00001254] cpl=3 pm=1 v86=0 if=1 pic imr=A8 isr=00 irr=00 | C3 67 8A 04 33 67 88 04 3A C3 66 53 66 52 67 66 | eax=FFFF0104 ebx=000000C1 ecx=000000B2 edx=000000C1 esi=000010B0 edi=000054D4 esp=C0EE82E0
  INT13 16785 INT15/86 35
  IRQS raised 88973 16 0 0 129 0 78 0 | acked 88884 16 0 0 129 0 78 0
HEARTBEAT [0028:C003269B] cpl=0 pm=1 v86=0 if=1 pic imr=A8 isr=00 irr=00 | FF 60 14 80 7D 1D 15 74 02 F9 C3 66 83 3D 20 27 | eax=C00327D8 ebx=C15200E8 ecx=00000016 edx=00000006 esi=C0FCE5DC edi=C13A1DD4 esp=C13A1DA4
  INT13 16924 INT15/86 35
  IRQS raised 89118 16 0 0 129 0 78 0 | acked 89029 16 0 0 129 0 78 0
HEARTBEAT [0028:C000A7B1] cpl=0 pm=1 v86=0 if=1 pic imr=A8 isr=00 irr=00 | 61 73 05 8B 49 FC EB F3 5F 5B C3 8B DA FF 15 5C | eax=00000004 ebx=C15200E8 ecx=C0FCE93C edx=C1405774 esi=C0FCE458 edi=C159F068 esp=C13A1E44
  INT13 16931 INT15/86 35
  IRQS raised 89264 16 0 0 138 0 78 0 | acked 89175 16 0 0 138 0 78 0
HEARTBEAT [FF03:0000462D] cpl=3 pm=1 v86=1 if=1 pic imr=A8 isr=00 irr=00 | 74 F1 80 FC 14 74 EC 80 FC 12 75 03 E9 C4 00 80 | eax=00001607 ebx=C0FD0018 ecx=00000000 edx=13440010 esi=00000097 edi=000015A6 esp=0000023A
  INT13 16931 INT15/86 35
  IRQS raised 89410 16 0 0 252 0 78 0 | acked 89321 16 0 0 252 0 78 0
  V86 SS:SP=1151:023A DS=9CC0 ES=FFFF | 2FF7 FCB2 0246 81C0 01FC 0CE4 C0FD 44EC C0FD 0000 0000 0000 
HEARTBEAT [0117:00004846] cpl=3 pm=1 v86=0 if=1 pic imr=A8 isr=00 irr=00 | 51 2A DB E8 66 FF 59 67 66 8B 36 E2 F3 50 66 53 | eax=0000FFFF ebx=00006900 ecx=81510073 edx=000026CF esi=00002A00 edi=00000000 esp=C0ED8B88
  INT13 17020 INT15/86 35
  IRQS raised 89555 16 0 0 276 0 78 0 | acked 89466 16 0 0 276 0 78 0
HEARTBEAT [D000:00000FED] cpl=3 pm=1 v86=1 if=1 pic imr=A8 isr=00 irr=00 | 30 DA AA EC 30 DA AA EC 30 DA AA EC 30 DA AA EC | eax=000000C4 ebx=0000FF08 ecx=0000004E edx=00000308 esi=00020010 edi=00020643 esp=00000296
  INT13 17181 INT15/86 35
  IRQS raised 89701 16 0 0 276 0 78 0 | acked 89612 16 0 0 276 0 78 0
  V86 SS:SP=0F00:0296 DS=0030 ES=CC00 | 0F14 0008 171D 0300 0FD8 0020 0208 0500 0001 CC00 0070 00C8 
HEARTBEAT [D000:00001168] cpl=3 pm=1 v86=1 if=1 pic imr=A8 isr=00 irr=00 | 88 E0 EE AD 30 DA 86 C4 EE 30 DA 88 E0 EE AD 30 | eax=00012083 ebx=0000FF08 ecx=C10000CA edx=BFFB0300 esi=00630366 edi=81510010 esp=00000294
  INT13 17290 INT15/86 35
  IRQS raised 89846 16 0 0 276 0 78 0 | acked 89757 16 0 0 276 0 78 0
  V86 SS:SP=0F00:0294 DS=CC00 ES=CC00 | 0F63 0030 0008 1731 0300 1142 0020 0208 0500 0001 CC00 0070 
HEARTBEAT [0028:C000A7B2] cpl=0 pm=1 v86=0 if=1 pic imr=A8 isr=00 irr=00 | 73 05 8B 49 FC EB F3 5F 5B C3 8B DA FF 15 5C E3 | eax=00000004 ebx=C15200E8 ecx=C0FCEB2C edx=00000000 esi=C0FCE458 edi=C159F068 esp=C13A1E64
  INT13 17448 INT15/86 35
  IRQS raised 89992 16 0 0 276 0 78 0 | acked 89903 16 0 0 276 0 78 0
HEARTBEAT [0028:C00339BE] cpl=0 pm=1 v86=0 if=1 pic imr=A8 isr=00 irr=00 | F8 9C A1 1C 50 03 C0 03 C7 80 38 00 74 0D FE 08 | eax=00000000 ebx=C15200E8 ecx=0000007C edx=C00348D4 esi=00000000 edi=C0FD377C esp=C0ED4E94
  INT13 17457 INT15/86 35
  IRQS raised 90138 16 0 0 333 0 78 0 | acked 90049 16 0 0 333 0 78 0
HEARTBEAT [D000:00000FE5] cpl=3 pm=1 v86=1 if=1 pic imr=A8 isr=00 irr=00 | 30 DA AA EC 30 DA AA EC 30 DA AA EC 30 DA AA EC | eax=000000C9 ebx=0000FF08 ecx=0000006F edx=00000308 esi=00000010 edi=00000221 esp=00000296
  INT13 17600 INT15/86 35
  IRQS raised 90283 16 0 0 345 0 78 0 | acked 90194 16 0 0 345 0 78 0
  V86 SS:SP=0F00:0296 DS=0030 ES=CC00 | 0F14 0008 171D 0300 0FD8 0020 0208 0500 0001 CC00 0070 00C8 
HEARTBEAT [D000:0000118C] cpl=3 pm=1 v86=1 if=1 pic imr=A8 isr=00 irr=00 | AD 30 DA 86 C4 EE 30 DA 88 E0 EE AD 30 DA 86 C4 | eax=00000000 ebx=0000FF08 ecx=00000066 edx=00000300 esi=000009AC edi=00000010 esp=00000294
  INT13 17791 INT15/86 35
  IRQS raised 90429 16 0 0 401 0 78 0 | acked 90340 16 0 0 401 0 78 0
  V86 SS:SP=0F00:0294 DS=CC00 ES=CC00 | 0F63 0030 0008 1731 0300 1142 0020 0208 0500 0001 CC00 0070 
HEARTBEAT [D000:00000FF1] cpl=3 pm=1 v86=1 if=1 pic imr=A8 isr=00 irr=00 | 30 DA AA EC 30 DA AA EC 30 DA AA EC 30 DA AA EC | eax=00000049 ebx=801EFF08 ecx=C0FF0042 edx=81510300 esi=81510010 edi=815107C4 esp=00000296
  INT13 17912 INT15/86 35
  IRQS raised 90575 16 0 0 423 0 78 0 | acked 90486 16 0 0 423 0 78 0
  V86 SS:SP=0F00:0296 DS=0030 ES=CC00 | 0F14 0008 171D 0300 0FD8 0020 0208 0500 0001 CC00 0070 00C8 
HEARTBEAT [D000:00000FF1] cpl=3 pm=1 v86=1 if=1 pic imr=A8 isr=00 irr=00 | 30 DA AA EC 30 DA AA EC 30 DA AA EC 30 DA AA EC | eax=00000034 ebx=0000FF08 ecx=0000006A edx=C1100300 esi=C1150010 edi=C11C02C4 esp=00000296
  INT13 18042 INT15/86 35
  IRQS raised 90720 16 0 0 423 0 78 0 | acked 90631 16 0 0 423 0 78 0
  V86 SS:SP=0F00:0296 DS=0030 ES=CC00 | 0F14 0008 171D 0300 0FD8 0020 0208 0500 0001 CC00 0070 00C8 
HEARTBEAT [0028:C0001311] cpl=0 pm=1 v86=0 if=1 pic imr=A8 isr=00 irr=00 | FA 33 C0 3B 05 F0 E9 00 C0 75 38 8A 43 1F F6 D0 | eax=00000000 ebx=C15200E8 ecx=C0FCE884 edx=C0FCEF04 esi=C0FCED74 edi=C159F068 esp=C13A1DA8
  INT13 18116 INT15/86 35
  IRQS raised 90866 16 0 0 423 0 78 0 | acked 90777 16 0 0 423 0 78 0
HEARTBEAT [0028:C0003834] cpl=0 pm=1 v86=0 if=1 pic imr=A8 isr=00 irr=00 | B8 00 10 00 00 87 45 30 89 46 1C 80 66 73 BF 5D | eax=0000012F ebx=C15200E8 ecx=003B0204 edx=00005862 esi=C159F068 edi=C159F068 esp=C13A1E38
  INT13 18117 INT15/86 35
  IRQS raised 91012 16 0 0 504 0 78 0 | acked 90923 16 0 0 504 0 78 0
HEARTBEAT [D000:00000FF1] cpl=3 pm=1 v86=1 if=1 pic imr=A8 isr=00 irr=00 | 30 DA AA EC 30 DA AA EC 30 DA AA EC 30 DA AA EC | eax=00000056 ebx=0000FF08 ecx=00000022 edx=C1350300 esi=C0FF0010 edi=C0FF0BC4 esp=00000296
  INT13 18218 INT15/86 35
  IRQS raised 91157 16 0 0 558 0 78 0 | acked 91068 16 0 0 558 0 78 0
  V86 SS:SP=0F00:0296 DS=0030 ES=CC00 | 0F14 0008 171D 0300 0FD8 0020 0208 0500 0001 CC00 0070 00C8 
HEARTBEAT [D000:00001061] cpl=3 pm=1 v86=1 if=1 pic imr=A8 isr=00 irr=00 | 74 03 E9 7A FF C3 88 CD B1 04 D3 E9 EC 42 AA EC | eax=00000000 ebx=0000FF08 ecx=0000004B edx=C1350300 esi=C0FD0010 edi=C0FD06A0 esp=00000296
  INT13 18362 INT15/86 35
  IRQS raised 91303 16 0 0 558 0 78 0 | acked 91214 16 0 0 558 0 78 0
  V86 SS:SP=0F00:0296 DS=0030 ES=CC00 | 0F14 0008 171D 0300 0FD8 0020 0208 0500 0001 CC00 0070 00C8 
HEARTBEAT [D000:00000FFD] cpl=3 pm=1 v86=1 if=1 pic imr=A8 isr=00 irr=00 | 30 DA AA EC 30 DA AA EC 30 DA AA EC 30 DA AA EC | eax=00000000 ebx=0000FF08 ecx=C0FD005A edx=81510308 esi=81510010 edi=815104C7 esp=00000296
  INT13 18484 INT15/86 35
  IRQS raised 91449 16 0 0 558 0 78 0 | acked 91360 16 0 0 558 0 78 0
  V86 SS:SP=0F00:0296 DS=0030 ES=CC00 | 0F14 0008 171D 0300 0FD8 0020 0208 0500 0001 CC00 0070 00C8 
HEARTBEAT [0028:C0225EB3] cpl=0 pm=1 v86=0 if=1 pic imr=A8 isr=00 irr=00 | 6B C0 28 05 54 06 32 C0 3B 45 08 0F 85 0B 00 00 | eax=00000000 ebx=C0001300 ecx=C0FFC768 edx=C0FFE230 esi=C0EE4F70 edi=C15200E8 esp=C0EE4E54
  INT13 18583 INT15/86 35
  IRQS raised 91594 16 0 0 558 0 78 0 | acked 91505 16 0 0 558 0 78 0
HEARTBEAT [0028:C02248EB] cpl=0 pm=1 v86=0 if=1 pic imr=A8 isr=00 irr=00 | 50 55 E8 48 DA FF FF 83 C4 0C 83 3E 01 75 09 0F | eax=C111539F ebx=00000000 ecx=00000027 edx=008B0000 esi=C1115393 edi=00000028 esp=C0EE4E30
  INT13 18602 INT15/86 35
  IRQS raised 91740 16 0 0 558 0 78 0 | acked 91651 16 0 0 558 0 78 0
HEARTBEAT [D000:00001051] cpl=3 pm=1 v86=1 if=1 pic imr=A8 isr=00 irr=00 | 30 DA AA EC 30 DA AA EC 30 DA AA EC 30 DA AA 49 | eax=0000008B ebx=0000FF08 ecx=0000001A edx=008A0300 esi=00000010 edi=81510CDC esp=00000296
  INT13 18678 INT15/86 35
  IRQS raised 91886 16 0 0 558 0 78 0 | acked 91797 16 0 0 558 0 78 0
  V86 SS:SP=0F00:0296 DS=0030 ES=CC00 | 0F14 0008 171D 0300 0FD8 0020 0208 0500 0001 CC00 0070 00C8 
HEARTBEAT [D000:00001176] cpl=3 pm=1 v86=1 if=1 pic imr=A8 isr=00 irr=00 | AD 30 DA 86 C4 EE 30 DA 88 E0 EE AD 30 DA 86 C4 | eax=0000FFFF ebx=0000FF08 ecx=0000007A edx=C10D0300 esi=C11C0868 edi=C10D0010 esp=00000294
  INT13 18774 INT15/86 35
  IRQS raised 92031 16 0 0 558 0 78 0 | acked 91942 16 0 0 558 0 78 0
  V86 SS:SP=0F00:0294 DS=CC00 ES=CC00 | 0F63 0030 0008 1731 0300 1142 0020 0208 0500 0001 CC00 0070 
HEARTBEAT [0028:C000A064] cpl=0 pm=1 v86=0 if=0 pic imr=A8 isr=00 irr=00 | E8 83 FA FF FF 9D 8B C1 C3 FF 05 88 07 01 C0 E8 | eax=00000000 ebx=00000004 ecx=00000000 edx=00000000 esi=C0FCE940 edi=C159F068 esp=C13A1E54
  INT13 18835 INT15/86 35
  IRQS raised 92177 16 0 0 558 0 78 0 | acked 92088 16 0 0 558 0 78 0
HEARTBEAT [0028:C0003843] cpl=0 pm=1 v86=0 if=1 pic imr=A8 isr=00 irr=00 | 5D 58 FF 46 24 5E 5B C3 57 50 8B 3D A8 06 01 C0 | eax=000011F6 ebx=C15200E8 ecx=003B0204 edx=00001862 esi=C159F068 edi=C159F068 esp=C13A1E38
  INT13 18836 INT15/86 35
  IRQS raised 92323 16 0 0 558 0 78 0 | acked 92234 16 0 0 558 0 78 0
HEARTBEAT [0028:C0003672] cpl=0 pm=1 v86=0 if=0 pic imr=A8 isr=00 irr=00 | 9D 81 23 FF FE FF FF 66 F7 C6 01 00 74 06 81 0B | eax=C0FCEE2C ebx=C15200E8 ecx=C0FCE0D8 edx=00000000 esi=00000002 edi=C00035F9 esp=C13A1DAC
  INT13 18836 INT15/86 35
  IRQS raised 92468 16 0 0 558 0 78 0 | acked 92379 16 0 0 558 0 78 0
HEARTBEAT [0028:C0FCE818] cpl=0 pm=1 v86=0 if=1 pic imr=A8 isr=00 irr=00 | 0F 82 8A FF FF FF C3 06 E8 4B AC 06 FF B8 09 00 | eax=0000002F ebx=C15200E8 ecx=00000016 edx=00000006 esi=C0FCED74 edi=C13A1DD4 esp=C13A1DA8
  INT13 18836 INT15/86 35
  IRQS raised 92614 16 0 0 558 0 78 0 | acked 92525 16 0 0 558 0 78 0
HEARTBEAT [0C1C:00001185] cpl=3 pm=1 v86=1 if=0 pic imr=A8 isr=00 irr=00 | 2E FF 2E 09 12 55 8B EC 83 66 06 FE E8 03 00 5D | eax=00001607 ebx=C0FD0018 ecx=00000000 edx=13440010 esi=00000097 edi=000015A6 esp=0000023A
  INT13 18836 INT15/86 35
  IRQS raised 92760 16 0 0 558 0 78 0 | acked 92671 16 0 0 558 0 78 0
  V86 SS:SP=1151:023A DS=9CC0 ES=FFFF | 2FF7 FCB2 0246 81C0 01FC 0CE4 C0FD 44EC C0FD 0000 0000 0000 
HEARTBEAT [0028:C0003936] cpl=0 pm=1 v86=0 if=0 pic imr=A8 isr=00 irr=00 | 7C 06 8B 7E 08 01 78 08 8B 7E 04 89 07 89 78 04 | eax=C0FCED74 ebx=C15200E8 ecx=00000004 edx=00000000 esi=C0FCE940 edi=C159F068 esp=C13A1E5C
  INT13 18836 INT15/86 35
  IRQS raised 92905 16 0 0 558 0 78 0 | acked 92816 16 0 0 558 0 78 0
HEARTBEAT [0028:C00034F3] cpl=0 pm=1 v86=0 if=1 pic imr=A8 isr=00 irr=00 | C1 EA 05 83 E2 01 0F BA 33 08 D1 D2 88 10 8B 6F | eax=C0FCEF04 ebx=C15200E8 ecx=FCB22FF7 edx=00001862 esi=C10CD708 edi=C159F068 esp=C13A1DB0
  INT13 18836 INT15/86 35
  IRQS raised 93051 16 0 0 558 0 78 0 | acked 92962 16 0 0 558 0 78 0
HEARTBEAT [0028:C0003657] cpl=0 pm=1 v86=0 if=0 pic imr=A8 isr=00 irr=00 | 75 04 80 4D 73 40 8B 6D 10 8B 70 04 89 75 24 66 | eax=C0FCEF04 ebx=C15200E8 ecx=C0FCE0D8 edx=00000000 esi=C10CD708 edi=C00035F9 esp=C13A1E48
  INT13 18836 INT15/86 35
  IRQS raised 93196 16 0 0 558 0 78 0 | acked 93107 16 0 0 558 0 78 0
HEARTBEAT [0028:C0003640] cpl=0 pm=1 v86=0 if=0 pic imr=A8 isr=00 irr=00 | 8B 06 8B 4E 04 8B D0 87 11 87 50 FC 89 16 83 3E | eax=0000002F ebx=C15200E8 ecx=C0FCEF04 edx=00000000 esi=C10CD708 edi=C00035F9 esp=C13A1DAC
  INT13 18836 INT15/86 35
  IRQS raised 93342 16 0 0 558 0 78 0 | acked 93253 16 0 0 558 0 78 0
HEARTBEAT [0028:C000A7A1] cpl=0 pm=1 v86=0 if=1 pic imr=A8 isr=00 irr=00 | 8B 6F 10 8B 0D 6C 07 01 C0 8B 09 E3 0B 60 FF 11 | eax=00000004 ebx=C15200E8 ecx=00000000 edx=00000000 esi=C0FCE2B8 edi=C159F068 esp=C13A1E64
  INT13 18836 INT15/86 35
  IRQS raised 93488 16 0 0 588 0 78 0 | acked 93399 16 0 0 588 0 78 0
HEARTBEAT [0028:C000366E] cpl=0 pm=1 v86=0 if=0 pic imr=A8 isr=00 irr=00 | 66 0F B6 30 9D 81 23 FF FE FF FF 66 F7 C6 01 00 | eax=C0FCEF04 ebx=C15200E8 ecx=C0FCE0D8 edx=00000000 esi=00000117 edi=C00035F9 esp=C13A1E48
  INT13 18843 INT15/86 35
  IRQS raised 93633 16 0 0 670 0 78 0 | acked 93544 16 0 0 670 0 78 0
HEARTBEAT [0028:C0003920] cpl=0 pm=1 v86=0 if=0 pic imr=A8 isr=00 irr=00 | 89 0E 9D 58 5A 5F 59 C3 58 33 F6 EB F6 2E 8B C0 | eax=00000151 ebx=C15200E8 ecx=C0FCEED0 edx=C0FCE258 esi=C0FCE990 edi=00002FED esp=C13A1E58
  INT13 18843 INT15/86 35
  IRQS raised 93779 16 0 0 678 0 78 0 | acked 93690 16 0 0 678 0 78 0
HEARTBEAT [0028:C000253C] cpl=0 pm=1 v86=0 if=1 pic imr=A8 isr=00 irr=00 | 8B F3 8B 1D 1C 07 01 C0 E8 B3 58 00 00 8B 04 81 | eax=0000002F ebx=C15200E8 ecx=00000016 edx=00000006 esi=C0FCE258 edi=C13A1DD4 esp=C13A1DA8
  INT13 18843 INT15/86 35
  IRQS raised 93925 16 0 0 678 0 78 0 | acked 93836 16 0 0 678 0 78 0
HEARTBEAT [0028:C0003905] cpl=0 pm=1 v86=0 if=0 pic imr=A8 isr=00 irr=00 | 2B 41 08 7F F5 8B F8 F7 DF 87 79 08 03 C7 89 46 | eax=000006CF ebx=C15200E8 ecx=C0FCE2CC edx=00000000 esi=C0FCE258 edi=C000EA20 esp=C13A1E58
  INT13 18843 INT15/86 35
  IRQS raised 94070 16 0 0 678 0 78 0 | acked 93981 16 0 0 678 0 78 0
