label,ms,VFAT\DirtyData,VFAT\BReadsSec,VFAT\BWritesSec,VFAT\ReadsSec,VFAT\WritesSec,VMM\cpgCommit,VMM\cpgDiskcacheMac,VMM\cpgDiskcacheMin,VMM\cpgDiskcache,VMM\cpgSwapfileDefective,VMM\cpgSwapfileInUse,VMM\cpgSwapfile,VMM\cDiscards,VMM\cPageOuts,VMM\cPageIns,VMM\cInstanceFaults,VMM\cPageFaults,VMM\cpgOther,VMM\cpgSwap,VMM\cpgLocked,VMM\cpgFree,SHADRAM\VMsMapped,SHADRAM\BiosPage,SHADRAM\Status,SHADRAM\PagesFailed,SHADRAM\PagesAdded,SHADRAM\PagesTested,SWAPCOMP\Contention,SWAPCOMP\Fallback,SWAPCOMP\Errors,SWAPCOMP\SectorsSaved,SWAPCOMP\RawReads,SWAPCOMP\CompressedReads,SWAPCOMP\RawWrites,SWAPCOMP\CompressedWrites,KERNEL\CPUUsage,KERNEL\VMs,KERNEL\Threads
c,0,4096,8870910,5676641,1864,1346,9863168,1048576,524288,827392,0,2473984,33554432,320,638,1474,8964,10876,4734976,5128192,2023424,0,2,1520,7,0,0,16,0,0,0,1955,114,118,232,406,100,2,14
c,2006,0,8870910,5676641,1864,1346,9863168,1048576,524288,827392,0,2473984,33554432,320,638,1474,8964,10876,4734976,5128192,2023424,0,2,1520,7,0,0,16,0,0,0,1955,114,118,232,406,0,2,14
c,4011,0,8870910,5676641,1864,1346,9863168,1048576,524288,827392,0,2473984,33554432,320,638,1474,8964,10876,4734976,5128192,2023424,0,2,1520,7,0,0,16,0,0,0,1955,114,118,232,406,0,2,14
c,6004,0,8870910,5676641,1864,1346,9863168,1048576,524288,827392,0,2473984,33554432,320,638,1474,8964,10876,4734976,5128192,2023424,0,2,1520,7,0,0,16,0,0,0,1955,114,118,232,406,2,2,14
c,8008,0,8870910,5676641,1864,1346,9863168,1048576,524288,827392,0,2473984,33554432,320,638,1474,8964,10876,4734976,5128192,2023424,0,2,1520,7,0,0,16,0,0,0,1955,114,118,232,406,0,2,14
c,10014,0,8870910,5676641,1864,1346,9863168,1048576,524288,827392,0,2473984,33554432,320,638,1474,8964,10876,4734976,5128192,2023424,0,2,1520,7,0,0,16,0,0,0,1955,114,118,232,406,3,2,14
c,12004,0,8870910,5676641,1864,1346,9863168,1048576,524288,827392,0,2473984,33554432,320,638,1474,8964,10876,4734976,5128192,2023424,0,2,1520,7,0,0,16,0,0,0,1955,114,118,232,406,2,2,14
c,14009,0,8870910,5676641,1864,1346,9863168,1048576,524288,827392,0,2473984,33554432,320,638,1474,8970,10882,4734976,5128192,2023424,0,2,1520,7,0,0,16,0,0,0,1955,114,118,232,406,2,2,14
c,16002,0,8870910,5676641,1864,1346,9863168,1048576,524288,827392,0,2473984,33554432,320,638,1474,8970,10882,4734976,5128192,2023424,0,2,1520,7,0,0,16,0,0,0,1955,114,118,232,406,2,2,14
c,18006,0,8870910,5676641,1864,1346,9863168,1048576,524288,827392,0,2473984,33554432,320,638,1474,8970,10882,4734976,5128192,2023424,0,2,1520,7,0,0,16,0,0,0,1955,114,118,232,406,3,2,14
c,20012,0,8870910,5676641,1864,1346,9863168,1048576,524288,827392,0,2473984,33554432,320,638,1474,8970,10882,4734976,5128192,2023424,0,2,1520,7,0,0,16,0,0,0,1955,114,118,232,406,5,2,14
c,22002,0,8870910,5676641,1864,1346,9863168,1048576,524288,827392,0,2473984,33554432,320,638,1474,8970,10882,4734976,5128192,2023424,0,2,1520,7,0,0,16,0,0,0,1955,114,118,232,406,3,2,14
c,24007,0,8870910,5676641,1864,1346,9863168,1048576,524288,827392,0,2473984,33554432,320,638,1474,8970,10882,4734976,5128192,2023424,0,2,1520,7,0,0,16,0,0,0,1955,114,118,232,406,2,2,14
c,26001,0,8870910,5676641,1864,1346,9863168,1048576,524288,827392,0,2473984,33554432,320,638,1474,8970,10882,4734976,5128192,2023424,0,2,1520,7,0,0,16,0,0,0,1955,114,118,232,406,2,2,14
c,28004,0,8870910,5676641,1864,1346,9863168,1048576,524288,827392,0,2473984,33554432,320,638,1474,8970,10882,4734976,5128192,2023424,0,2,1520,7,0,0,16,0,0,0,1955,114,118,232,406,2,2,14
c,30012,0,8870910,5676641,1864,1346,9863168,1048576,524288,827392,0,2473984,33554432,320,638,1474,8970,10882,4734976,5128192,2023424,0,2,1520,7,0,0,16,0,0,0,1955,114,118,232,406,1,2,14
label,ms,VFAT\DirtyData,VFAT\BReadsSec,VFAT\BWritesSec,VFAT\ReadsSec,VFAT\WritesSec,VMM\cpgCommit,VMM\cpgDiskcacheMac,VMM\cpgDiskcacheMin,VMM\cpgDiskcache,VMM\cpgSwapfileDefective,VMM\cpgSwapfileInUse,VMM\cpgSwapfile,VMM\cDiscards,VMM\cPageOuts,VMM\cPageIns,VMM\cInstanceFaults,VMM\cPageFaults,VMM\cpgOther,VMM\cpgSwap,VMM\cpgLocked,VMM\cpgFree,SHADRAM\VMsMapped,SHADRAM\BiosPage,SHADRAM\Status,SHADRAM\PagesFailed,SHADRAM\PagesAdded,SHADRAM\PagesTested,SWAPCOMP\Contention,SWAPCOMP\Fallback,SWAPCOMP\Errors,SWAPCOMP\SectorsSaved,SWAPCOMP\RawReads,SWAPCOMP\CompressedReads,SWAPCOMP\RawWrites,SWAPCOMP\CompressedWrites,KERNEL\CPUUsage,KERNEL\VMs,KERNEL\Threads
ml,0,0,9760913,5836947,2218,1430,10391552,1048576,524288,540672,0,2756608,33554432,391,721,1723,9628,11992,4497408,5894144,1777664,24576,3,1520,7,0,0,16,0,0,0,2325,149,207,246,480,27,3,17
ml,2012,0,9760913,5851283,2218,1435,10498048,1048576,524288,647168,0,2777088,33554432,406,726,1723,9646,12010,4603904,5894144,1884160,0,3,1520,7,0,0,16,0,0,0,2325,149,207,246,480,6,3,17
ml,4004,0,9760913,5851283,2218,1435,10498048,1048576,524288,647168,0,2777088,33554432,406,726,1723,9658,12022,4603904,5894144,1884160,0,3,1520,7,0,0,16,0,0,0,2325,149,207,246,480,3,3,17
ml,6009,0,9765009,5851283,2221,1435,10498048,1048576,524288,647168,0,2777088,33554432,409,726,1726,9673,12041,4603904,5894144,1884160,0,3,1520,7,0,0,16,0,0,0,2325,149,210,246,480,4,3,17
ml,8000,0,9765009,5851283,2221,1435,10498048,1048576,524288,647168,0,2777088,33554432,409,726,1726,9685,12053,4603904,5894144,1884160,0,3,1520,7,0,0,16,0,0,0,2325,149,210,246,480,1,3,17
ml,10009,0,9779801,5851283,2230,1435,10444800,1048576,524288,647168,0,2777088,33554432,409,726,1726,9727,12095,4587520,5857280,1880064,36864,3,1520,7,0,0,16,0,0,0,2325,149,210,246,480,13,3,16
ml,12011,0,9780217,5851283,2234,1435,10473472,1048576,524288,647168,0,2777088,33554432,409,726,1730,9772,12143,4587520,5885952,1884160,20480,3,1520,7,0,0,16,0,0,0,2325,149,210,246,480,100,3,17
ml,14022,4096,10127174,5883027,2290,1463,10964992,1048576,524288,647168,0,2875392,33554432,483,754,1762,9956,12393,4603904,6361088,1908736,0,3,1520,7,0,0,16,0,0,0,2487,150,215,249,505,100,3,17
ml,16397,0,10559496,6050451,2334,1534,11247616,1048576,524288,647168,0,3084288,33554432,527,825,1796,10114,12695,4603904,6643712,1912832,0,3,1520,7,0,0,16,0,0,0,2728,158,233,260,565,100,3,18
ml,18013,4096,10718623,6189715,2400,1583,11362304,1048576,524288,647168,0,3215360,33554432,527,874,1817,10237,12876,4603904,6758400,1912832,0,3,1520,7,0,0,16,0,0,0,2848,171,241,269,605,100,3,18
ml,20004,4096,10868834,6236307,2525,1605,11304960,1048576,524288,540672,0,3284992,33554432,541,896,1858,10263,13010,4501504,6803456,1806336,40960,3,1520,7,0,0,16,0,0,0,2933,182,271,272,624,100,3,18
ml,22036,0,10927906,6368403,2543,1659,11591680,1048576,524288,540672,0,3473408,33554432,595,950,1868,10287,13181,4505600,7086080,1810432,155648,3,1520,7,0,0,16,0,0,0,3107,183,279,289,661,100,3,18
ml,24015,12288,11130310,6460582,2636,1696,12967936,1048576,524288,540672,0,3608576,33554432,595,986,1957,10331,13328,5697536,7270400,1826816,0,3,1520,7,0,0,16,0,0,0,3215,185,291,291,695,100,3,19
ml,26017,0,11465830,6514854,2747,1761,14594048,1048576,524288,540672,0,3866624,33554432,635,1051,2078,10355,13498,7127040,7467008,1830912,0,3,1520,7,0,0,16,0,0,0,3629,189,302,292,759,100,3,19
ml,28029,0,11712102,6668454,2816,1838,14831616,1048576,524288,647168,0,4132864,33554432,690,1128,2176,10379,13627,7233536,7598080,1937408,0,3,1520,7,0,0,16,0,0,0,3945,194,314,305,823,100,3,19
ml,30019,0,11966458,6814886,2893,1908,14991360,1048576,524288,753664,0,4399104,33554432,732,1198,2259,10402,13786,7368704,7622656,2048000,0,3,1520,7,0,0,16,0,0,0,4219,203,328,314,884,100,3,19
ml,32020,0,12255622,6887078,2988,1961,15278080,1048576,524288,753664,0,4583424,33554432,790,1251,2355,10423,13948,7561216,7716864,2048000,0,3,1520,7,0,0,16,0,0,0,4502,214,363,319,932,100,3,19
ml,34032,0,12577410,6979750,3076,2014,15417344,1048576,524288,753664,0,4780032,33554432,839,1304,2451,10447,14106,7647232,7770112,2052096,0,3,1520,7,0,0,16,0,0,0,4750,234,374,329,976,100,3,19
ml,36045,0,12855938,7038118,3159,2045,15360000,1048576,524288,647168,0,4878336,33554432,877,1335,2540,10471,14247,7540736,7819264,1949696,0,3,1520,7,0,0,16,0,0,0,4879,242,401,333,1002,100,3,20
ml,38018,8192,13222343,7120573,3285,2082,15331328,1048576,524288,540672,0,4939776,33554432,948,1371,2678,10511,14468,7483392,7847936,1851392,0,3,1520,7,0,0,16,0,0,0,5006,266,450,337,1034,100,3,21
ml,40013,12288,13516424,7147731,3384,2101,15376384,1048576,524288,540672,0,4976640,33554432,1032,1389,2774,10543,14660,7487488,7888896,1851392,4096,3,1520,7,0,0,16,0,0,0,5097,270,486,338,1051,100,3,21
ml,42127,0,13922533,7195859,3513,2133,16760832,1048576,524288,647168,0,5079040,33554432,1163,1421,2925,10563,14850,8511488,8249344,1970176,0,3,1520,7,0,0,16,0,0,0,5259,279,511,340,1081,100,3,22
ml,44015,0,14289637,7239379,3615,2152,16756736,1048576,524288,540672,0,5103616,33554432,1252,1440,3053,10587,15025,8404992,8351744,1863680,0,3,1520,7,0,0,16,0,0,0,5326,286,523,347,1093,100,3,22
ml,46010,0,14631665,7338707,3721,2208,17084416,1048576,524288,540672,0,5279744,33554432,1310,1496,3161,10611,15193,8404992,8364032,1863680,16384,3,1520,7,0,0,16,0,0,0,5580,295,563,354,1142,100,3,22
ml,48015,4096,14910705,7388371,3813,2251,16760832,1048576,524288,540672,0,5169152,33554432,1403,1539,3292,10629,15391,8413184,8347648,1867776,0,3,1520,7,0,0,16,0,0,0,5827,314,600,356,1183,100,3,22
ml,50013,0,15100657,7444179,3876,2294,16875520,1048576,524288,647168,0,5337088,33554432,1453,1582,3359,10653,15493,8519680,8355840,1974272,0,3,1520,7,0,0,16,0,0,0,6062,328,626,360,1222,100,3,22
ml,52016,4096,15421247,7487741,3999,2317,16879616,1048576,524288,647168,0,5386240,33554432,1553,1603,3480,10683,15682,8519680,8359936,1974272,4096,3,1520,7,0,0,16,0,0,0,6145,353,700,363,1240,100,3,22
ml,54010,4096,15664959,7527186,4078,2338,16769024,1048576,524288,540672,0,5394432,33554432,1584,1623,3559,10715,15852,8413184,8355840,1867776,0,3,1520,7,0,0,16,0,0,0,6228,367,739,367,1256,100,3,22
ml,56061,4096,15767871,7553882,4135,2369,16769024,1048576,524288,540672,0,5459968,33554432,1615,1651,3622,10763,16021,8413184,8355840,1867776,0,3,1520,7,0,0,16,0,0,0,6400,370,785,368,1283,100,3,22
ml,58059,4096,15808369,7557045,4153,2375,16777216,1048576,524288,540672,0,5423104,33554432,1632,1653,3667,10807,16187,8413184,8364032,1867776,4096,3,1520,7,0,0,16,0,0,0,6410,370,798,368,1285,100,3,22
ml,60015,20480,16047297,7588835,4230,2396,18472960,1048576,524288,540672,0,5459968,33554432,1693,1672,3761,10842,16325,9846784,8626176,1880064,0,3,1520,7,0,0,16,0,0,0,6500,379,812,370,1302,100,3,23
ml,62003,12288,16393134,7674378,4343,2436,18558976,1048576,524288,540672,0,5578752,33554432,1773,1711,3886,10866,16491,9838592,8720384,1880064,0,3,1520,7,0,0,16,0,0,0,6658,393,849,378,1333,100,3,23
ml,64011,0,16722350,7782410,4433,2480,18718720,1048576,524288,647168,0,5734400,33554432,1864,1755,4006,10890,16637,9945088,8773632,1986560,0,3,1520,7,0,0,16,0,0,0,6799,393,864,392,1363,100,3,23
ml,66015,4096,17053803,7835658,4558,2505,18792448,1048576,524288,647168,0,5758976,33554432,1939,1780,4113,10913,16797,9981952,8810496,1986560,0,3,1520,7,0,0,16,0,0,0,6895,406,886,397,1383,100,3,23
ml,68005,4096,17520835,7884810,4764,2531,19750912,1048576,524288,647168,0,5861376,33554432,2070,1806,4309,10938,17028,10244096,9506816,1990656,0,3,1520,7,0,0,16,0,0,0,7007,412,890,398,1408,100,3,23
ml,70009,0,17956063,7908362,4886,2566,19652608,1048576,524288,540672,0,5976064,33554432,2132,1841,4431,10962,17188,10137600,9515008,1884160,0,3,1520,7,0,0,16,0,0,0,7241,441,919,398,1443,100,3,23
ml,72005,4096,18180607,7953418,4956,2596,19709952,1048576,524288,540672,0,6074368,33554432,2177,1871,4507,10986,17334,10162176,9547776,1884160,0,3,1520,7,0,0,16,0,0,0,7393,450,933,399,1472,100,3,23
ml,74007,8192,18487295,8012812,5047,2634,19959808,1048576,524288,753664,0,6168576,33554432,2298,1908,4605,11010,17495,10375168,9584640,2097152,24576,3,1520,7,0,0,16,0,0,0,7573,460,965,401,1507,100,3,23
ml,76023,0,18768383,8026636,5148,2643,19861504,1048576,524288,655360,0,6189056,33554432,2360,1917,4706,11034,17740,10276864,9584640,1998848,0,3,1520,7,0,0,16,0,0,0,7618,482,1018,402,1515,100,3,23
ml,78013,0,19018751,8098316,5251,2668,19951616,1048576,524288,761856,0,6266880,33554432,2461,1942,4809,11061,17887,10383360,9568256,2101248,0,3,1520,7,0,0,16,0,0,0,7678,492,1081,413,1529,92,3,22
ml,80005,0,19018751,8098316,5251,2668,19951616,1048576,524288,761856,0,6266880,33554432,2461,1942,4809,11077,17903,10383360,9568256,2101248,0,3,1520,7,0,0,16,0,0,0,7678,492,1081,413,1529,12,3,22
ml,82010,0,19018751,8098316,5251,2668,19951616,1048576,524288,761856,0,6266880,33554432,2461,1942,4809,11093,17919,10383360,9568256,2101248,0,3,1520,7,0,0,16,0,0,0,7678,492,1081,413,1529,10,3,22
ml,84006,0,19023359,8098316,5253,2668,19943424,1048576,524288,753664,0,6266880,33554432,2461,1942,4811,11111,17939,10375168,9568256,2093056,0,3,1520,7,0,0,16,0,0,0,7678,493,1082,413,1529,17,3,22
ml,86008,0,19156479,8100876,5294,2671,19816448,1048576,524288,655360,0,6279168,33554432,2468,1945,4852,11131,18018,10276864,9539584,1994752,0,3,1520,7,0,0,16,0,0,0,7697,503,1097,413,1532,48,3,22
ml,88011,0,19535871,8142348,5405,2692,19820544,1048576,524288,655360,0,6258688,33554432,2560,1966,4964,11155,18199,10276864,9543680,1994752,0,3,1520,7,0,0,16,0,0,0,7784,509,1133,417,1549,100,3,22
ml,90030,0,19815423,8170508,5483,2704,19718144,1048576,524288,540672,0,6279168,33554432,2600,1978,5042,11176,18313,10162176,9555968,1880064,0,3,1520,7,0,0,16,0,0,0,7825,526,1156,418,1560,100,3,22
ml,92012,0,19979775,8186380,5534,2716,19722240,1048576,524288,540672,0,6320128,33554432,2640,1990,5093,11194,18414,10162176,9560064,1880064,0,3,1520,7,0,0,16,0,0,0,7890,533,1169,418,1572,100,3,22
ml,94013,0,20118015,8186380,5571,2716,19730432,1048576,524288,540672,0,6283264,33554432,2679,1990,5131,11211,18478,10162176,9568256,1880064,0,3,1520,7,0,0,16,0,0,0,7890,536,1174,418,1572,100,3,22
ml,96034,4096,20408831,8235020,5661,2743,19795968,1048576,524288,540672,0,6336512,33554432,2758,2017,5237,11235,18638,10162176,9633792,1880064,0,3,1520,7,0,0,16,0,0,0,8011,547,1203,419,1598,100,3,22
ml,98040,0,20411903,8235020,5667,2743,19795968,1048576,524288,540672,0,6328320,33554432,2764,2017,5243,11259,18668,10162176,9633792,1880064,0,3,1520,7,0,0,16,0,0,0,8011,547,1209,419,1598,100,3,22
ml,100032,16384,20527615,8257082,5690,2755,19959808,1048576,524288,540672,0,6303744,33554432,2815,2028,5305,11281,18761,10162176,9797632,1880064,0,3,1520,7,0,0,16,0,0,0,8056,552,1211,419,1609,100,3,22
ml,102020,20480,20736357,8305380,5754,2780,19980288,1048576,524288,540672,0,6348800,33554432,2888,2044,5393,11296,18891,10162176,9818112,1884160,0,3,1520,7,0,0,16,0,0,0,8121,567,1233,419,1625,100,3,23
ml,104041,65536,20831918,8366612,5774,2810,19980288,1048576,524288,540672,0,6352896,33554432,2889,2045,5395,11314,18910,10162176,9818112,1884160,0,3,1520,7,0,0,16,0,0,0,8121,567,1233,420,1625,100,3,23
ml,106244,8192,21194604,8481816,5908,2837,19980288,1048576,524288,540672,0,6369280,33554432,3011,2065,5537,11345,19085,10162176,9818112,1884160,0,3,1520,7,0,0,16,0,0,0,8210,571,1357,424,1641,100,3,23
ml,108010,65536,21226768,8528893,5913,2844,19980288,1048576,524288,540672,0,6373376,33554432,3012,2066,5539,11348,19098,10162176,9818112,1884160,0,3,1520,7,0,0,16,0,0,0,8217,573,1357,424,1642,100,3,23
ml,110026,61440,21316908,8575017,5931,2872,19980288,1048576,524288,540672,0,6373376,33554432,3015,2066,5543,11370,19124,10162176,9818112,1884160,4096,3,1520,7,0,0,16,0,0,0,8217,573,1359,424,1642,100,3,23
ml,112031,61440,21440051,8628035,5948,2895,19980288,1048576,524288,540672,0,6373376,33554432,3015,2066,5543,11391,19145,10162176,9818112,1884160,4096,3,1520,7,0,0,16,0,0,0,8217,573,1359,424,1642,100,3,23
ml,114033,57344,21540515,8677023,5963,2917,19980288,1048576,524288,540672,0,6373376,33554432,3015,2066,5543,11413,19167,10162176,9818112,1884160,4096,3,1520,7,0,0,16,0,0,0,8217,573,1359,424,1642,100,3,23
ml,116041,77824,21636018,8743838,5976,2932,19980288,1048576,524288,540672,0,6373376,33554432,3015,2066,5544,11433,19188,10162176,9818112,1884160,0,3,1520,7,0,0,16,0,0,0,8217,573,1360,424,1642,100,3,23
ml,118032,49152,21741052,8787614,5991,2953,19980288,1048576,524288,540672,0,6373376,33554432,3016,2066,5545,11454,19210,10162176,9818112,1884160,0,3,1520,7,0,0,16,0,0,0,8217,573,1361,424,1642,100,3,23
ml,120011,65536,21850217,8840456,6008,2979,19980288,1048576,524288,540672,0,6373376,33554432,3017,2066,5547,11472,19230,10162176,9818112,1884160,0,3,1520,7,0,0,16,0,0,0,8217,573,1362,424,1642,100,3,23
ml,122111,0,21981289,8853598,6013,2982,19980288,1048576,524288,540672,0,6373376,33554432,3017,2066,5547,11494,19252,10162176,9818112,1884160,0,3,1520,7,0,0,16,0,0,0,8217,573,1362,424,1642,100,3,23
ml,124021,151552,22038158,8984123,6022,3001,19980288,1048576,524288,540672,0,6369280,33554432,3030,2069,5564,11518,19294,10162176,9818112,1884160,4096,3,1520,7,0,0,16,0,0,0,8229,573,1363,424,1645,100,3,23
ml,126026,40960,22146005,9012516,6038,3025,19980288,1048576,524288,540672,0,6369280,33554432,3030,2069,5566,11534,19312,10162176,9818112,1884160,0,3,1520,7,0,0,16,0,0,0,8229,573,1364,424,1645,100,3,23
ml,128044,45056,22200547,9046418,6078,3086,19980288,1048576,524288,540672,0,6369280,33554432,3031,2069,5568,11558,19338,10162176,9818112,1884160,0,3,1520,7,0,0,16,0,0,0,8229,573,1365,424,1645,100,3,23
ml,130022,12288,22220368,9058407,6130,3160,19980288,1048576,524288,540672,0,6373376,33554432,3032,2070,5570,11576,19358,10162176,9818112,1884160,0,3,1520,7,0,0,16,0,0,0,8236,573,1367,424,1646,100,3,23
ml,132017,45056,22282118,9097337,6166,3211,19980288,1048576,524288,540672,0,6377472,33554432,3034,2071,5573,11600,19385,10162176,9818112,1884160,0,3,1520,7,0,0,16,0,0,0,8240,573,1370,424,1647,100,3,23
ml,134032,20480,22298518,9109027,6216,3286,19980288,1048576,524288,540672,0,6377472,33554432,3034,2071,5573,11630,19415,10162176,9818112,1884160,0,3,1520,7,0,0,16,0,0,0,8240,573,1370,424,1647,100,3,23
ml,136039,61440,22437948,9174303,6233,3321,20013056,1048576,524288,540672,0,6406144,33554432,3036,2078,5583,11656,19451,10162176,9850880,1884160,4096,3,1520,7,0,0,16,0,0,0,8275,573,1370,424,1654,100,3,23
ml,138025,45056,22565813,9210952,6246,3340,20013056,1048576,524288,540672,0,6410240,33554432,3036,2079,5585,11676,19473,10162176,9850880,1884160,4096,3,1520,7,0,0,16,0,0,0,8281,574,1370,424,1655,100,3,23
ml,140034,53248,22696077,9254507,6253,3346,20013056,1048576,524288,540672,0,6410240,33554432,3036,2079,5585,11698,19495,10162176,9850880,1884160,4096,3,1520,7,0,0,16,0,0,0,8281,574,1370,424,1655,100,3,23
ml,142025,0,22794381,9254507,6256,3346,20013056,1048576,524288,540672,0,6410240,33554432,3036,2079,5585,11714,19511,10162176,9850880,1884160,4096,3,1520,7,0,0,16,0,0,0,8281,574,1370,424,1655,100,3,23
ml,144021,139264,22892685,9386603,6259,3348,20013056,1048576,524288,540672,0,6414336,33554432,3040,2080,5591,11730,19533,10162176,9850880,1884160,0,3,1520,7,0,0,16,0,0,0,8287,574,1370,424,1656,100,3,23
ml,146035,0,22990989,9386603,6262,3348,20013056,1048576,524288,540672,0,6414336,33554432,3040,2080,5591,11750,19553,10162176,9850880,1884160,0,3,1520,7,0,0,16,0,0,0,8287,574,1370,424,1656,100,3,23
ml,148013,139264,23089293,9517675,6265,3349,20013056,1048576,524288,540672,0,6414336,33554432,3041,2080,5592,11769,19573,10162176,9850880,1884160,0,3,1520,7,0,0,16,0,0,0,8287,574,1370,424,1656,100,3,23
ml,150031,73728,23188057,9580011,6272,3358,20013056,1048576,524288,540672,0,6414336,33554432,3041,2080,5592,11787,19591,10162176,9850880,1884160,0,3,1520,7,0,0,16,0,0,0,8287,574,1370,424,1656,100,3,23
ml,152023,40960,23288185,9614103,6281,3370,20013056,1048576,524288,540672,0,6410240,33554432,3054,2081,5606,11799,19617,10162176,9850880,1884160,57344,3,1520,7,0,0,16,0,0,0,8291,574,1370,424,1657,100,3,23
ml,154015,61440,23449060,9668493,6289,3378,20013056,1048576,524288,540672,0,6410240,33554432,3054,2081,5607,11823,19642,10162176,9850880,1884160,57344,3,1520,7,0,0,16,0,0,0,8291,574,1370,424,1657,100,3,23
ml,156019,73728,23530949,9728578,6294,3381,20013056,1048576,524288,540672,0,6410240,33554432,3054,2081,5607,11845,19664,10162176,9850880,1884160,57344,3,1520,7,0,0,16,0,0,0,8291,574,1370,424,1657,100,3,23
ml,158038,53248,23654203,9772477,6302,3390,20013056,1048576,524288,540672,0,6410240,33554432,3054,2081,5607,11867,19686,10162176,9850880,1884160,57344,3,1520,7,0,0,16,0,0,0,8291,574,1370,424,1657,100,3,23
ml,160017,98304,23756239,9858012,6309,3396,20013056,1048576,524288,540672,0,6410240,33554432,3054,2081,5607,11891,19710,10162176,9850880,1884160,57344,3,1520,7,0,0,16,0,0,0,8291,574,1370,424,1657,100,3,23
ml,162021,69632,23869661,9915339,6317,3410,20013056,1048576,524288,540672,0,6410240,33554432,3054,2081,5608,11907,19727,10162176,9850880,1884160,57344,3,1520,7,0,0,16,0,0,0,8291,574,1370,424,1657,100,3,23
ml,164026,69632,24007957,9976338,6325,3419,20013056,1048576,524288,540672,0,6410240,33554432,3054,2081,5609,11929,19750,10162176,9850880,1884160,53248,3,1520,7,0,0,16,0,0,0,8291,574,1370,424,1657,100,3,23
ml,166031,0,24171797,9979922,6330,3421,20119552,1048576,524288,647168,0,6418432,33554432,3065,2083,5609,11949,19770,10268672,9850880,1990656,0,3,1520,7,0,0,16,0,0,0,8300,574,1370,424,1659,100,3,23
ml,168036,0,24335637,10016786,6335,3434,20332544,1048576,524288,860160,0,6422528,33554432,3104,2096,5609,11973,19795,10481664,9850880,2203648,0,3,1520,7,0,0,16,0,0,0,8332,574,1370,428,1668,100,3,23
ml,170192,155648,24477739,10159155,6342,3441,20332544,1048576,524288,860160,0,6422528,33554432,3104,2096,5609,11997,19826,10481664,9850880,2203648,0,3,1520,7,0,0,16,0,0,0,8332,574,1370,428,1668,100,3,23
ml,172019,53248,24541817,10202602,6345,3444,20332544,1048576,524288,860160,0,6422528,33554432,3104,2096,5609,12015,19844,10481664,9850880,2203648,0,3,1520,7,0,0,16,0,0,0,8332,574,1370,428,1668,100,3,23
ml,174038,69632,24666937,10262598,6351,3450,20332544,1048576,524288,860160,0,6422528,33554432,3104,2096,5609,12041,19870,10481664,9850880,2203648,0,3,1520,7,0,0,16,0,0,0,8332,574,1370,428,1668,100,3,23
ml,176015,0,24764217,10262598,6354,3450,20332544,1048576,524288,860160,0,6422528,33554432,3104,2096,5609,12059,19888,10481664,9850880,2203648,0,3,1520,7,0,0,16,0,0,0,8332,574,1370,428,1668,100,3,23
ml,178034,180224,24902940,10427091,6368,3467,20324352,1048576,524288,851968,0,6418432,33554432,3104,2096,5611,12083,19914,10473472,9850880,2195456,4096,3,1520,7,0,0,16,0,0,0,8332,574,1371,428,1668,100,3,23
ml,180009,65536,25082676,10471913,6411,3705,20127744,1048576,524288,851968,0,6361088,33554432,3104,2096,5648,12101,19995,10473472,9654272,2195456,49152,3,1520,7,0,0,16,0,0,0,8332,588,1379,428,1668,100,3,23
ml,182096,0,25441588,10494953,6530,3714,19910656,1048576,524288,655360,0,6393856,33554432,3150,2105,5767,12125,20158,10276864,9633792,1994752,0,3,1520,7,0,0,16,0,0,0,8359,601,1436,430,1675,100,3,22
ml,184038,0,25785652,10515433,6654,3726,19804160,1048576,524288,548864,0,6389760,33554432,3237,2117,5892,12149,20324,10170368,9633792,1888256,0,3,1520,7,0,0,16,0,0,0,8415,615,1496,430,1687,100,3,22
ml,186192,8192,26140468,10570883,6774,3757,19767296,1048576,524288,548864,0,6422528,33554432,3324,2147,6011,12173,20484,10170368,9596928,1888256,0,3,1520,7,0,0,16,0,0,0,8559,636,1557,431,1716,100,3,22
ml,188251,0,26321204,10739331,6837,3819,19759104,1048576,524288,548864,0,6635520,33554432,3324,2209,6074,12197,20572,10170368,9588736,1888256,0,3,1520,7,0,0,16,0,0,0,8726,643,1589,460,1749,100,3,22
ml,190017,4096,26676048,10784899,6955,3843,18743296,1048576,524288,540672,0,6221824,33554432,3367,2233,6191,12215,20720,9867264,8876032,1880064,0,3,1520,7,0,0,16,0,0,0,8829,648,1635,466,1767,100,3,22
ml,192005,4096,27075041,10812584,7094,3862,18444288,1048576,524288,540672,0,5984256,33554432,3448,2250,6329,12262,20918,9801728,8642560,1875968,176128,3,1520,7,0,0,16,0,0,0,8911,675,1703,466,1784,100,3,22
ml,194005,0,27481582,10852520,7219,3880,18685952,1048576,524288,647168,0,5963776,33554432,3545,2268,6473,12287,21107,9949184,8736768,1986560,0,3,1520,7,0,0,16,0,0,0,8977,682,1715,467,1801,100,3,22
ml,196011,4096,27801608,10949288,7323,3928,19431424,1048576,524288,753664,0,6078464,33554432,3625,2316,6575,12308,21234,10637312,8794112,2093056,0,3,1520,7,0,0,16,0,0,0,9172,685,1725,477,1839,100,3,22
ml,198001,8192,28319712,10962088,7523,3936,19656704,1048576,524288,540672,0,6074368,33554432,3752,2324,6765,12338,21477,10137600,9519104,1880064,24576,3,1520,7,0,0,16,0,0,0,9211,694,1739,477,1847,100,3,22
ml,200000,4096,28741492,10989224,7664,3969,19775488,1048576,524288,647168,0,6189056,33554432,3855,2357,6879,12363,21630,10244096,9531392,1986560,0,3,1520,7,0,0,16,0,0,0,9422,720,1759,477,1880,100,3,22
ml,202017,12288,29012628,11009194,7743,3991,19722240,1048576,524288,540672,0,6234112,33554432,3891,2378,6963,12387,21775,10162176,9560064,1880064,0,3,1520,7,0,0,16,0,0,0,9551,729,1770,478,1900,100,3,22
ml,204005,8192,29272212,11065002,7826,4026,19894272,1048576,524288,540672,0,6324224,33554432,4015,2413,7052,12411,21977,10162176,9732096,1880064,139264,3,1520,7,0,0,16,0,0,0,9722,739,1811,478,1935,100,3,22
ml,206027,0,29633684,11092138,7953,4041,19755008,1048576,524288,540672,0,6385664,33554432,4059,2428,7179,12432,22138,10162176,9592832,1880064,0,3,1520,7,0,0,16,0,0,0,9789,767,1881,479,1949,100,3,22
ml,208000,0,29736596,11094698,7983,4042,19755008,1048576,524288,540672,0,6389760,33554432,4088,2429,7209,12449,22187,10162176,9592832,1880064,0,3,1520,7,0,0,16,0,0,0,9792,767,1891,479,1950,45,3,22
ml,210006,0,29828756,11100330,8012,4050,19755008,1048576,524288,540672,0,6410240,33554432,4109,2437,7238,12469,22237,10162176,9592832,1880064,0,3,1520,7,0,0,16,0,0,0,9845,770,1899,479,1958,43,3,22
ml,212022,0,30050964,11114154,8098,4058,19726336,1048576,524288,540672,0,6414336,33554432,4180,2445,7324,12491,22386,10162176,9564160,1880064,0,3,1520,7,0,0,16,0,0,0,9882,782,1944,480,1965,79,3,22
ml,214016,0,30357140,11155114,8186,4073,19746816,1048576,524288,540672,0,6361088,33554432,4258,2460,7413,12515,22528,10162176,9584640,1880064,0,3,1520,7,0,0,16,0,0,0,9922,792,1970,485,1975,100,3,22
ml,216035,0,30571668,11192490,8245,4095,19759104,1048576,524288,540672,0,6434816,33554432,4298,2482,7472,12541,22627,10162176,9596928,1880064,0,3,1520,7,0,0,16,0,0,0,10025,803,1986,485,1997,100,3,22
ml,218013,0,30768276,11215018,8305,4107,19755008,1048576,524288,540672,0,6459392,33554432,4345,2494,7532,12562,22731,10162176,9592832,1880064,0,3,1520,7,0,0,16,0,0,0,10077,809,2002,485,2009,100,3,22
ml,220041,0,30940308,11216554,8360,4110,19841024,1048576,524288,540672,0,6397952,33554432,4402,2497,7592,12581,22829,10162176,9678848,1880064,0,3,1520,7,0,0,16,0,0,0,10098,811,2020,485,2012,100,3,22
ml,222034,4096,31208828,11268266,8438,4133,19951616,1048576,524288,647168,0,6451200,33554432,4481,2520,7669,12605,22942,10268672,9682944,1986560,0,3,1520,7,0,0,16,0,0,0,10181,817,2051,487,2033,100,3,22
ml,224014,4096,31264648,11268266,8462,4133,19955712,1048576,524288,647168,0,6451200,33554432,4504,2520,7692,12629,22995,10268672,9687040,1986560,0,3,1520,7,0,0,16,0,0,0,10181,817,2065,487,2033,100,3,22
ml,226143,0,31271304,11268778,8468,4134,19955712,1048576,524288,647168,0,6451200,33554432,4509,2522,7699,12653,23030,10268672,9687040,1986560,0,3,1520,7,0,0,16,0,0,0,10195,818,2071,487,2035,100,3,22
ml,228065,16384,31550283,11279530,8555,4141,19824640,1048576,524288,540672,0,6402048,33554432,4567,2528,7802,12671,23177,10162176,9662464,1880064,0,3,1520,7,0,0,16,0,0,0,10223,822,2090,487,2041,100,3,22
ml,230052,16384,31876153,11330486,8655,4174,19841024,1048576,524288,540672,0,6483968,33554432,4634,2560,7902,12695,23354,10170368,9670656,1880064,0,3,1520,7,0,0,16,0,0,0,10380,841,2120,490,2070,100,3,22
ml,232038,8192,32103701,11379126,8717,4199,19988480,1048576,524288,540672,0,6479872,33554432,4696,2585,7993,12719,23535,10170368,9818112,1880064,0,3,1520,7,0,0,16,0,0,0,10485,844,2144,492,2093,100,3,22
ml,234068,81920,32423701,11472668,8810,4222,20008960,1048576,524288,540672,0,6488064,33554432,4775,2603,8104,12745,23717,10170368,9838592,1884160,4096,3,1520,7,0,0,16,0,0,0,10560,875,2175,493,2110,100,3,23
ml,236069,184320,32537365,11621079,8822,4236,20115456,1048576,524288,647168,0,6479872,33554432,4804,2605,8150,12765,23787,10276864,9838592,1990656,0,3,1520,7,0,0,16,0,0,0,10573,877,2179,493,2112,100,3,23
ml,238008,188416,32586517,11740899,8825,4247,20119552,1048576,524288,647168,0,6479872,33554432,4805,2605,8201,12789,23864,10276864,9842688,1990656,0,3,1520,7,0,0,16,0,0,0,10573,877,2179,493,2112,100,3,23
ml,240027,86016,32636181,11895062,8829,4256,20111360,1048576,524288,643072,0,6479872,33554432,4805,2605,8237,12813,23924,10272768,9838592,1986560,4096,3,1520,7,0,0,16,0,0,0,10573,877,2180,493,2112,100,3,23
ml,242028,176128,32734485,12032639,8835,4268,20111360,1048576,524288,643072,0,6479872,33554432,4805,2605,8286,12831,23991,10272768,9838592,1986560,4096,3,1520,7,0,0,16,0,0,0,10573,877,2180,493,2112,100,3,23
ml,244011,118784,32800021,12132989,8845,4276,20090880,1048576,524288,602112,0,6475776,33554432,4805,2605,8322,12855,24065,10231808,9859072,1949696,0,3,1520,7,0,0,16,0,0,0,10573,877,2183,493,2112,100,3,24
ml,246024,98304,32910613,12268863,8866,4285,20029440,1048576,524288,540672,0,6475776,33554432,4807,2605,8339,12875,24103,10170368,9859072,1888256,0,3,1520,7,0,0,16,0,0,0,10573,879,2191,493,2112,100,3,24
ml,248102,184320,33052949,12471450,8880,4294,20008960,1048576,524288,540672,0,6475776,33554432,4810,2605,8369,12899,24158,10170368,9838592,1884160,4096,3,1520,7,0,0,16,0,0,0,10573,879,2196,493,2112,100,3,23
ml,250025,131072,33085717,12575530,8882,4303,20008960,1048576,524288,540672,0,6475776,33554432,4810,2605,8417,12923,24230,10170368,9838592,1884160,4096,3,1520,7,0,0,16,0,0,0,10573,879,2196,493,2112,100,3,23
ml,252017,73728,33118485,12649581,8884,4315,20008960,1048576,524288,540672,0,6475776,33554432,4810,2605,8485,12941,24316,10170368,9838592,1884160,4096,3,1520,7,0,0,16,0,0,0,10573,879,2196,493,2112,100,3,23
ml,254023,81920,33118485,12662667,8884,4332,20008960,1048576,524288,540672,0,6475776,33554432,4810,2605,8569,12959,24418,10170368,9838592,1884160,4096,3,1520,7,0,0,16,0,0,0,10573,879,2196,493,2112,100,3,23
ml,256026,69632,33134869,12671279,8885,4346,20008960,1048576,524288,540672,0,6475776,33554432,4810,2605,8641,12977,24508,10170368,9838592,1884160,4096,3,1520,7,0,0,16,0,0,0,10573,879,2196,493,2112,100,3,23
ml,258033,110592,33176341,12728619,8890,4361,20008960,1048576,524288,540672,0,6479872,33554432,4812,2606,8707,13001,24598,10170368,9838592,1884160,4096,3,1520,7,0,0,16,0,0,0,10580,881,2197,493,2113,100,3,23
ml,260010,69632,33176341,12737029,8890,4375,20008960,1048576,524288,540672,0,6479872,33554432,4812,2606,8777,13022,24689,10170368,9838592,1884160,4096,3,1520,7,0,0,16,0,0,0,10580,881,2197,493,2113,100,3,23
ml,262002,73728,33192725,12747100,8891,4389,20008960,1048576,524288,540672,0,6479872,33554432,4812,2606,8849,13046,24785,10170368,9838592,1884160,4096,3,1520,7,0,0,16,0,0,0,10580,881,2197,493,2113,100,3,23
ml,264269,102400,33241877,12900881,8894,4402,20008960,1048576,524288,540672,0,6479872,33554432,4812,2606,8917,13070,24877,10170368,9838592,1884160,4096,3,1520,7,0,0,16,0,0,0,10580,881,2197,493,2113,100,3,23
ml,266175,180224,33357077,13141704,8902,4412,20008960,1048576,524288,540672,0,6479872,33554432,4812,2606,8947,13094,24931,10170368,9838592,1884160,0,3,1520,7,0,0,16,0,0,0,10580,881,2198,493,2113,100,3,23
ml,268018,167936,33520917,13371080,8912,4419,20008960,1048576,524288,540672,0,6479872,33554432,4812,2606,8947,13109,24946,10170368,9838592,1884160,0,3,1520,7,0,0,16,0,0,0,10580,881,2198,493,2113,100,3,23
ml,270060,114688,33635605,13600916,8919,4427,20008960,1048576,524288,540672,0,6479872,33554432,4813,2606,8958,13130,24978,10170368,9838592,1884160,4096,3,1520,7,0,0,16,0,0,0,10580,881,2198,493,2113,100,3,23
ml,272025,180224,33733909,13829151,8925,4437,20008960,1048576,524288,540672,0,6479872,33554432,4813,2606,8996,13154,25040,10170368,9838592,1884160,4096,3,1520,7,0,0,16,0,0,0,10580,881,2198,493,2113,100,3,23
ml,274041,192512,33864981,14067062,8933,4447,20008960,1048576,524288,540672,0,6479872,33554432,4813,2606,9016,13178,25084,10170368,9838592,1884160,4096,3,1520,7,0,0,16,0,0,0,10580,881,2198,493,2113,100,3,23
ml,276074,114688,33979669,14251210,8940,4455,20008960,1048576,524288,540672,0,6479872,33554432,4813,2606,9041,13202,25133,10170368,9838592,1884160,4096,3,1520,7,0,0,16,0,0,0,10580,881,2198,493,2113,100,3,23
ml,278027,188416,34094357,14519120,8947,4464,20008960,1048576,524288,540672,0,6479872,33554432,4813,2606,9065,13226,25181,10170368,9838592,1884160,4096,3,1520,7,0,0,16,0,0,0,10580,881,2198,493,2113,100,3,23
ml,280056,4096,34166549,14751684,8968,4477,20008960,1048576,524288,540672,0,6496256,33554432,4826,2611,9084,13247,25221,10170368,9838592,1884160,0,3,1520,7,0,0,16,0,0,0,10598,883,2215,493,2118,100,3,23
ml,282030,163840,34314005,15027496,8977,4487,20008960,1048576,524288,540672,0,6500352,33554432,4826,2612,9104,13266,25260,10170368,9838592,1884160,4096,3,1520,7,0,0,16,0,0,0,10598,883,2215,494,2118,100,3,23
ml,284267,147456,34445077,15286292,8985,4496,20008960,1048576,524288,540672,0,6500352,33554432,4826,2612,9119,13290,25299,10170368,9838592,1884160,4096,3,1520,7,0,0,16,0,0,0,10598,883,2215,494,2118,100,3,23
ml,286029,155648,34515221,15443427,8991,4505,20008960,1048576,524288,540672,0,6500352,33554432,4827,2612,9160,13314,25364,10170368,9691136,1884160,65536,3,1520,7,0,0,16,0,0,0,10603,885,2217,494,2119,100,3,23
ml,288136,0,34870037,15457763,9114,4511,19841024,1048576,524288,540672,0,6455296,33554432,4921,2618,9283,13338,25543,10170368,9670656,1880064,0,3,1520,7,0,0,16,0,0,0,10618,903,2281,496,2122,100,3,22
ml,290095,0,35056405,15477731,9193,4524,19824640,1048576,524288,540672,0,6447104,33554432,4983,2631,9362,13356,25645,10170368,9654272,1880064,0,3,1520,7,0,0,16,0,0,0,10683,914,2328,496,2135,100,3,22
ml,292014,0,35444501,15508963,9336,4548,18763776,1048576,524288,540672,0,6246400,33554432,5031,2655,9505,13380,25833,9875456,8888320,1880064,0,3,1520,7,0,0,16,0,0,0,10814,921,2399,498,2157,100,3,22
ml,294058,0,35814165,15557091,9461,4574,16916480,1048576,524288,647168,0,6025216,33554432,5130,2681,9630,13405,25993,8531968,8384512,1982464,212992,3,1520,7,0,0,16,0,0,0,10928,942,2453,499,2182,100,3,21
ml,296009,4096,36084579,15567372,9568,4585,16916480,1048576,524288,647168,0,6033408,33554432,5174,2690,9735,13448,26168,8531968,8384512,1982464,0,3,1520,7,0,0,16,0,0,0,10980,973,2519,499,2191,100,3,21
ml,298030,4096,36357987,15591506,9662,4600,16871424,1048576,524288,602112,0,5976064,33554432,5245,2702,9829,13499,26340,8486912,8384512,1937408,0,3,1520,7,0,0,16,0,0,0,11029,989,2563,499,2203,100,3,21
ml,300029,0,36560227,15612032,9730,4621,16809984,1048576,524288,540672,0,5943296,33554432,5279,2721,9897,13523,26486,8425472,8384512,1875968,0,3,1520,7,0,0,16,0,0,0,11141,998,2596,499,2222,100,3,21
label,ms,VFAT\DirtyData,VFAT\BReadsSec,VFAT\BWritesSec,VFAT\ReadsSec,VFAT\WritesSec,VMM\cpgCommit,VMM\cpgDiskcacheMac,VMM\cpgDiskcacheMin,VMM\cpgDiskcache,VMM\cpgSwapfileDefective,VMM\cpgSwapfileInUse,VMM\cpgSwapfile,VMM\cDiscards,VMM\cPageOuts,VMM\cPageIns,VMM\cInstanceFaults,VMM\cPageFaults,VMM\cpgOther,VMM\cpgSwap,VMM\cpgLocked,VMM\cpgFree,SHADRAM\DiagLast62,SHADRAM\DiagPortsEntry,SHADRAM\DiagParityRom,SHADRAM\DiagParityPages,SHADRAM\DiagSteps,SHADRAM\VMsMapped,SHADRAM\BiosPage,SHADRAM\Status,SHADRAM\PagesFailed,SHADRAM\PagesAdded,SHADRAM\PagesTested,SWAPCOMP\Contention,SWAPCOMP\Fallback,SWAPCOMP\Errors,SWAPCOMP\SectorsSaved,SWAPCOMP\RawReads,SWAPCOMP\CompressedReads,SWAPCOMP\RawWrites,SWAPCOMP\CompressedWrites,KERNEL\CPUUsage,KERNEL\VMs,KERNEL\Threads
x,0,0,5560358,2366010,1592,1145,9859072,1048576,524288,716800,0,2396160,33554432,328,624,1500,1654,3567,4726784,5132288,2015232,0,116,18484,0,0,16,2,1520,7,0,0,16,0,0,0,1950,125,134,223,401,100,2,14
x,2005,0,5560358,2366010,1592,1145,9859072,1048576,524288,716800,0,2396160,33554432,328,624,1500,1658,3571,4726784,5132288,2015232,0,116,18484,0,0,16,2,1520,7,0,0,16,0,0,0,1950,125,134,223,401,0,2,14
x,4011,0,5560358,2366010,1592,1145,9859072,1048576,524288,716800,0,2396160,33554432,328,624,1500,1658,3571,4726784,5132288,2015232,0,116,18484,0,0,16,2,1520,7,0,0,16,0,0,0,1950,125,134,223,401,0,2,14
x,6004,0,5560358,2366010,1592,1145,9859072,1048576,524288,716800,0,2396160,33554432,328,624,1500,1658,3571,4726784,5132288,2015232,0,116,18484,0,0,16,2,1520,7,0,0,16,0,0,0,1950,125,134,223,401,2,2,14
x,8007,0,5560358,2366010,1592,1145,9859072,1048576,524288,716800,0,2396160,33554432,328,624,1500,1658,3571,4726784,5132288,2015232,0,116,18484,0,0,16,2,1520,7,0,0,16,0,0,0,1950,125,134,223,401,0,2,14
x,10014,0,5560358,2366010,1592,1145,9859072,1048576,524288,716800,0,2396160,33554432,328,624,1500,1658,3571,4726784,5132288,2015232,0,116,18484,0,0,16,2,1520,7,0,0,16,0,0,0,1950,125,134,223,401,0,2,14
x,12003,0,5560358,2366010,1592,1145,9859072,1048576,524288,716800,0,2396160,33554432,328,624,1500,1658,3571,4726784,5132288,2015232,0,116,18484,0,0,16,2,1520,7,0,0,16,0,0,0,1950,125,134,223,401,1,2,14
x,14008,0,5560358,2366010,1592,1145,9859072,1048576,524288,716800,0,2396160,33554432,328,624,1500,1658,3571,4726784,5132288,2015232,0,116,18484,0,0,16,2,1520,7,0,0,16,0,0,0,1950,125,134,223,401,1,2,14
x,16001,0,5560358,2366010,1592,1145,9859072,1048576,524288,716800,0,2396160,33554432,328,624,1500,1658,3571,4726784,5132288,2015232,0,116,18484,0,0,16,2,1520,7,0,0,16,0,0,0,1950,125,134,223,401,2,2,14
x,18005,0,5560358,2366010,1592,1145,9859072,1048576,524288,716800,0,2396160,33554432,328,624,1500,1658,3571,4726784,5132288,2015232,0,116,18484,0,0,16,2,1520,7,0,0,16,0,0,0,1950,125,134,223,401,3,2,14
x,20011,0,5560358,2366010,1592,1145,9859072,1048576,524288,716800,0,2396160,33554432,328,624,1500,1658,3571,4726784,5132288,2015232,0,116,18484,0,0,16,2,1520,7,0,0,16,0,0,0,1950,125,134,223,401,2,2,14
x,22001,0,5560358,2366010,1592,1145,9859072,1048576,524288,716800,0,2396160,33554432,328,624,1500,1658,3571,4726784,5132288,2015232,0,116,18484,0,0,16,2,1520,7,0,0,16,0,0,0,1950,125,134,223,401,2,2,14
x,24006,0,5560358,2366010,1592,1145,9859072,1048576,524288,716800,0,2396160,33554432,328,624,1500,1658,3571,4726784,5132288,2015232,0,116,18484,0,0,16,2,1520,7,0,0,16,0,0,0,1950,125,134,223,401,2,2,14
x,26000,0,5560358,2366010,1592,1145,9859072,1048576,524288,716800,0,2396160,33554432,328,624,1500,1658,3571,4726784,5132288,2015232,0,116,18484,0,0,16,2,1520,7,0,0,16,0,0,0,1950,125,134,223,401,3,2,14
x,28002,0,5560358,2366010,1592,1145,9859072,1048576,524288,716800,0,2396160,33554432,328,624,1500,1658,3571,4726784,5132288,2015232,0,116,18484,0,0,16,2,1520,7,0,0,16,0,0,0,1950,125,134,223,401,0,2,14
x,30010,0,5560358,2366010,1592,1145,9859072,1048576,524288,716800,0,2396160,33554432,328,624,1500,1658,3571,4726784,5132288,2015232,0,116,18484,0,0,16,2,1520,7,0,0,16,0,0,0,1950,125,134,223,401,1,2,14
label,ms,VFAT\DirtyData,VFAT\BReadsSec,VFAT\BWritesSec,VFAT\ReadsSec,VFAT\WritesSec,VMM\cpgCommit,VMM\cpgDiskcacheMac,VMM\cpgDiskcacheMin,VMM\cpgDiskcache,VMM\cpgSwapfileDefective,VMM\cpgSwapfileInUse,VMM\cpgSwapfile,VMM\cDiscards,VMM\cPageOuts,VMM\cPageIns,VMM\cInstanceFaults,VMM\cPageFaults,VMM\cpgOther,VMM\cpgSwap,VMM\cpgLocked,VMM\cpgFree,SHADRAM\DiagLast62,SHADRAM\DiagPortsEntry,SHADRAM\DiagParityRom,SHADRAM\DiagParityPages,SHADRAM\DiagSteps,SHADRAM\VMsMapped,SHADRAM\BiosPage,SHADRAM\Status,SHADRAM\PagesFailed,SHADRAM\PagesAdded,SHADRAM\PagesTested,SWAPCOMP\Contention,SWAPCOMP\Fallback,SWAPCOMP\Errors,SWAPCOMP\SectorsSaved,SWAPCOMP\RawReads,SWAPCOMP\CompressedReads,SWAPCOMP\RawWrites,SWAPCOMP\CompressedWrites,KERNEL\CPUUsage,KERNEL\VMs,KERNEL\Threads
x,0,8192,5478438,2273730,1567,1111,9736192,1048576,524288,602112,0,2289664,33554432,291,591,1481,878,2747,4608000,5128192,1896448,0,116,18484,0,0,16,2,1520,0,0,16,16,0,0,0,1826,112,122,223,368,100,2,14
x,2006,0,5478438,2273730,1567,1111,9736192,1048576,524288,602112,0,2289664,33554432,291,591,1481,882,2751,4608000,5128192,1896448,0,116,18484,0,0,16,2,1520,0,0,16,16,0,0,0,1826,112,122,223,368,0,2,14
x,4011,0,5478438,2273730,1567,1111,9736192,1048576,524288,602112,0,2289664,33554432,291,591,1481,882,2751,4608000,5128192,1896448,0,116,18484,0,0,16,2,1520,0,0,16,16,0,0,0,1826,112,122,223,368,0,2,14
x,6004,0,5478438,2273730,1567,1111,9736192,1048576,524288,602112,0,2289664,33554432,291,591,1481,882,2751,4608000,5128192,1896448,0,116,18484,0,0,16,2,1520,0,0,16,16,0,0,0,1826,112,122,223,368,2,2,14
x,8008,0,5478438,2273730,1567,1111,9736192,1048576,524288,602112,0,2289664,33554432,291,591,1481,882,2751,4608000,5128192,1896448,0,116,18484,0,0,16,2,1520,0,0,16,16,0,0,0,1826,112,122,223,368,0,2,14
x,10014,0,5478438,2273730,1567,1111,9736192,1048576,524288,602112,0,2289664,33554432,291,591,1481,882,2751,4608000,5128192,1896448,0,116,18484,0,0,16,2,1520,0,0,16,16,0,0,0,1826,112,122,223,368,1,2,14
x,12003,0,5478438,2273730,1567,1111,9736192,1048576,524288,602112,0,2289664,33554432,291,591,1481,882,2751,4608000,5128192,1896448,0,116,18484,0,0,16,2,1520,0,0,16,16,0,0,0,1826,112,122,223,368,1,2,14
x,14009,0,5478438,2273730,1567,1111,9736192,1048576,524288,602112,0,2289664,33554432,291,591,1481,882,2751,4608000,5128192,1896448,0,116,18484,0,0,16,2,1520,0,0,16,16,0,0,0,1826,112,122,223,368,1,2,14
x,16002,0,5478438,2273730,1567,1111,9736192,1048576,524288,602112,0,2289664,33554432,291,591,1481,882,2751,4608000,5128192,1896448,0,116,18484,0,0,16,2,1520,0,0,16,16,0,0,0,1826,112,122,223,368,1,2,14
x,18005,0,5478438,2273730,1567,1111,9736192,1048576,524288,602112,0,2289664,33554432,291,591,1481,882,2751,4608000,5128192,1896448,0,116,18484,0,0,16,2,1520,0,0,16,16,0,0,0,1826,112,122,223,368,0,2,14
x,20012,0,5478438,2273730,1567,1111,9736192,1048576,524288,602112,0,2289664,33554432,291,591,1481,882,2751,4608000,5128192,1896448,0,116,18484,0,0,16,2,1520,0,0,16,16,0,0,0,1826,112,122,223,368,4,2,14
x,22001,0,5478438,2273730,1567,1111,9736192,1048576,524288,602112,0,2289664,33554432,291,591,1481,882,2751,4608000,5128192,1896448,0,116,18484,0,0,16,2,1520,0,0,16,16,0,0,0,1826,112,122,223,368,3,2,14
x,24007,0,5478438,2273730,1567,1111,9736192,1048576,524288,602112,0,2289664,33554432,291,591,1481,882,2751,4608000,5128192,1896448,0,116,18484,0,0,16,2,1520,0,0,16,16,0,0,0,1826,112,122,223,368,1,2,14
x,26001,0,5478438,2273730,1567,1111,9736192,1048576,524288,602112,0,2289664,33554432,291,591,1481,888,2757,4608000,5128192,1896448,0,116,18484,0,0,16,2,1520,0,0,16,16,0,0,0,1826,112,122,223,368,3,2,14
x,28003,0,5478438,2273730,1567,1111,9736192,1048576,524288,602112,0,2289664,33554432,291,591,1481,888,2757,4608000,5128192,1896448,0,116,18484,0,0,16,2,1520,0,0,16,16,0,0,0,1826,112,122,223,368,3,2,14
x,30009,0,5478438,2273730,1567,1111,9736192,1048576,524288,602112,0,2289664,33554432,291,591,1481,888,2757,4608000,5128192,1896448,0,116,18484,0,0,16,2,1520,0,0,16,16,0,0,0,1826,112,122,223,368,3,2,14
label,ms,VFAT\DirtyData,VFAT\BReadsSec,VFAT\BWritesSec,VFAT\ReadsSec,VFAT\WritesSec,VMM\cpgCommit,VMM\cpgDiskcacheMac,VMM\cpgDiskcacheMin,VMM\cpgDiskcache,VMM\cpgSwapfileDefective,VMM\cpgSwapfileInUse,VMM\cpgSwapfile,VMM\cDiscards,VMM\cPageOuts,VMM\cPageIns,VMM\cInstanceFaults,VMM\cPageFaults,VMM\cpgOther,VMM\cpgSwap,VMM\cpgLocked,VMM\cpgFree,SHADRAM\DiagLast62,SHADRAM\DiagPortsEntry,SHADRAM\DiagParityRom,SHADRAM\DiagParityPages,SHADRAM\DiagSteps,SHADRAM\VMsMapped,SHADRAM\BiosPage,SHADRAM\Status,SHADRAM\PagesFailed,SHADRAM\PagesAdded,SHADRAM\PagesTested,SWAPCOMP\Contention,SWAPCOMP\Fallback,SWAPCOMP\Errors,SWAPCOMP\SectorsSaved,SWAPCOMP\RawReads,SWAPCOMP\CompressedReads,SWAPCOMP\RawWrites,SWAPCOMP\CompressedWrites,KERNEL\CPUUsage,KERNEL\VMs,KERNEL\Threads
R-S16-003506,0,4096,5970169,2401259,1787,1165,10551296,1048576,524288,622592,0,2469888,33554432,345,648,1585,1072,3216,4595712,5955584,1863680,0,116,18484,0,0,16,3,1520,0,0,16,16,0,0,0,2073,116,158,234,414,100,3,17
R-S16-003506,2010,4096,6030433,2437099,1818,1180,10514432,1048576,524288,679936,0,2519040,33554432,345,663,1606,1173,3351,4624384,5890048,1921024,0,116,18484,0,0,16,3,1520,0,0,16,16,0,0,0,2123,120,169,240,423,0,3,17
R-S16-003506,4002,0,6037297,2439147,1825,1181,10514432,1048576,524288,655360,0,2523136,33554432,345,664,1616,1253,3445,4616192,5898240,1896448,0,116,18484,0,0,16,3,1520,0,0,16,16,0,0,0,2127,120,169,240,424,29,3,17
R-S16-003506,6005,0,6037297,2439147,1825,1181,10514432,1048576,524288,655360,0,2523136,33554432,345,664,1616,1265,3457,4616192,5898240,1896448,0,116,18484,0,0,16,3,1520,0,0,16,16,0,0,0,2127,120,169,240,424,0,3,17
R-S16-003506,8012,0,6037297,2439147,1825,1181,10514432,1048576,524288,655360,0,2523136,33554432,345,664,1616,1277,3469,4616192,5898240,1896448,0,116,18484,0,0,16,3,1520,0,0,16,16,0,0,0,2127,120,169,240,424,0,3,17
R-S16-003506,10002,0,6037297,2439147,1825,1181,10514432,1048576,524288,655360,0,2523136,33554432,345,664,1616,1289,3481,4616192,5898240,1896448,0,116,18484,0,0,16,3,1520,0,0,16,16,0,0,0,2127,120,169,240,424,3,3,17
R-S16-003506,12007,0,6037297,2439147,1825,1181,10514432,1048576,524288,655360,0,2523136,33554432,345,664,1616,1301,3493,4616192,5898240,1896448,0,116,18484,0,0,16,3,1520,0,0,16,16,0,0,0,2127,120,169,240,424,2,3,17
R-S16-003506,14001,0,6052505,2439147,1838,1181,10489856,1048576,524288,655360,0,2523136,33554432,345,664,1619,1374,3568,4599808,5890048,1896448,24576,116,18484,0,0,16,3,1520,0,0,16,16,0,0,0,2127,120,169,240,424,29,3,17
R-S16-003506,16033,4096,6099338,2440171,1851,1183,10616832,1048576,524288,655360,0,2531328,33554432,355,666,1633,1467,3681,4616192,6000640,1896448,0,116,18484,0,0,16,3,1520,0,0,16,16,0,0,0,2141,120,169,240,426,100,3,17
R-S16-003506,18012,0,6453713,2477035,1901,1209,10964992,1048576,524288,655360,0,2617344,33554432,446,692,1660,1659,4040,4616192,6348800,1925120,40960,116,18484,0,0,16,3,1520,0,0,16,16,0,0,0,2277,122,174,241,451,100,3,18
R-S16-003506,20189,4096,6845607,2661355,1921,1283,11345920,1048576,524288,655360,0,2854912,33554432,459,766,1664,1746,4140,4616192,6729728,1925120,0,116,18484,0,0,16,3,1520,0,0,16,16,0,0,0,2509,123,177,251,515,100,3,18
R-S16-003506,22018,4096,7017506,2704363,2089,1310,11423744,1048576,524288,655360,0,2953216,33554432,497,793,1711,1834,4318,4620288,6803456,1925120,0,116,18484,0,0,16,3,1520,0,0,16,16,0,0,0,2641,137,209,253,540,100,3,18
R-S16-003506,24023,0,7102852,2791403,2120,1340,11767808,1048576,524288,548864,0,3072000,33554432,520,823,1736,1858,4472,4517888,7249920,1822720,0,116,18484,0,0,16,3,1520,0,0,16,16,0,0,0,2711,145,220,266,557,100,3,18
R-S16-003506,26015,12288,7267470,2902023,2179,1393,12525568,1048576,524288,548864,0,3260416,33554432,538,875,1792,1897,4639,5292032,7233536,1839104,0,116,18484,0,0,16,3,1520,0,0,16,16,0,0,0,2911,147,235,270,605,100,3,19
R-S16-003506,28011,0,7509646,3013639,2276,1437,14544896,1048576,524288,548864,0,3428352,33554432,565,919,1889,1922,4773,7139328,7405568,1843200,0,116,18484,0,0,16,3,1520,0,0,16,16,0,0,0,3045,147,235,274,645,100,3,19
R-S16-003506,30208,0,7811846,3119623,2363,1526,14741504,1048576,524288,655360,0,3735552,33554432,600,1008,1986,1949,4913,7245824,7495680,1949696,0,116,18484,0,0,16,3,1520,0,0,16,16,0,0,0,3549,149,243,286,722,100,3,19
R-S16-003506,32187,0,8065286,3307015,2432,1600,14962688,1048576,524288,761856,0,4026368,33554432,654,1082,2082,1970,5039,7356416,7606272,2060288,0,116,18484,0,0,16,3,1520,0,0,16,16,0,0,0,3776,157,248,305,777,100,3,19
R-S16-003506,34023,0,8362138,3389447,2520,1650,15020032,1048576,524288,708608,0,4206592,33554432,713,1132,2172,1996,5199,7327744,7692288,2007040,57344,116,18484,0,0,16,3,1520,0,0,16,16,0,0,0,4015,189,272,317,815,100,3,19
R-S16-003506,36034,0,8636454,3521543,2604,1722,15306752,1048576,524288,761856,0,4468736,33554432,730,1204,2260,2020,5339,7573504,7733248,2060288,0,116,18484,0,0,16,3,1520,0,0,16,16,0,0,0,4333,202,294,326,883,100,3,19
R-S16-003506,38039,4096,8920354,3642887,2682,1774,15429632,1048576,524288,753664,0,4661248,33554432,763,1256,2343,2044,5472,7651328,7778304,2056192,0,116,18484,0,0,16,3,1520,0,0,16,16,0,0,0,4512,219,303,333,923,100,3,19
R-S16-003506,40182,0,9229602,3684359,2777,1807,15261696,1048576,524288,536576,0,4792320,33554432,782,1289,2442,2068,5620,7434240,7827456,1843200,0,116,18484,0,0,16,3,1520,0,0,16,16,0,0,0,4695,229,337,335,954,100,3,20
R-S16-003506,42000,8192,9569416,3748904,2893,1842,15355904,1048576,524288,536576,0,4784128,33554432,874,1323,2568,2112,5855,7483392,7872512,1851392,0,116,18484,0,0,16,3,1520,0,0,16,16,0,0,0,4841,253,379,338,985,100,3,21
R-S16-003506,44221,8192,9962636,3787848,3021,1864,16588800,1048576,524288,536576,0,4849664,33554432,984,1344,2708,2140,6062,8400896,8187904,1859584,0,116,18484,0,0,16,3,1520,0,0,16,16,0,0,0,4933,259,407,342,1002,100,3,22
R-S16-003506,46015,0,10241401,3850312,3105,1898,16769024,1048576,524288,643072,0,4976640,33554432,1072,1378,2806,2167,6214,8511488,8257536,1970176,0,116,18484,0,0,16,3,1520,0,0,16,16,0,0,0,5083,267,424,346,1032,100,3,22
R-S16-003506,48006,0,10692985,3890760,3236,1921,16764928,1048576,524288,536576,0,5029888,33554432,1181,1401,2958,2191,6418,8404992,8359936,1863680,0,116,18484,0,0,16,3,1520,0,0,16,16,0,0,0,5188,278,451,351,1050,100,3,22
R-S16-003506,50007,4096,10969477,3988040,3323,1974,16740352,1048576,524288,536576,0,4952064,33554432,1261,1454,3085,2215,6613,8404992,8335360,1863680,0,116,18484,0,0,16,3,1520,0,0,16,16,0,0,0,5422,289,486,360,1094,100,3,22
R-S16-003506,52013,0,11172741,4019784,3390,2000,16764928,1048576,524288,536576,0,5042176,33554432,1307,1480,3154,2239,6725,8413184,8351744,1867776,0,116,18484,0,0,16,3,1520,0,0,16,16,0,0,0,5568,310,516,362,1118,100,3,22
R-S16-003506,54031,4096,11475333,4077189,3508,2051,16773120,1048576,524288,536576,0,5214208,33554432,1378,1529,3274,2276,6904,8413184,8359936,1867776,0,116,18484,0,0,16,3,1520,0,0,16,16,0,0,0,5848,327,588,364,1165,100,3,22
R-S16-003506,56014,4096,11685843,4103844,3585,2066,16773120,1048576,524288,536576,0,5234688,33554432,1441,1543,3357,2312,7064,8413184,8359936,1867776,0,116,18484,0,0,16,3,1520,0,0,16,16,0,0,0,5912,339,636,365,1179,100,3,22
R-S16-003506,58014,4096,11818963,4172009,3650,2113,16773120,1048576,524288,536576,0,5406720,33554432,1461,1588,3432,2340,7203,8413184,8359936,1867776,0,116,18484,0,0,16,3,1520,0,0,16,16,0,0,0,6135,349,684,370,1218,100,3,22
R-S16-003506,60033,4096,11842515,4172105,3660,2116,16781312,1048576,524288,536576,0,5378048,33554432,1472,1588,3472,2379,7334,8413184,8368128,1867776,0,116,18484,0,0,16,3,1520,0,0,16,16,0,0,0,6135,349,691,370,1218,100,3,22
R-S16-003506,62024,16384,11870241,4180832,3668,2122,16773120,1048576,524288,536576,0,5369856,33554432,1478,1589,3504,2418,7425,8413184,8359936,1867776,8192,116,18484,0,0,16,3,1520,0,0,16,16,0,0,0,6141,350,693,370,1219,100,3,22
R-S16-003506,64015,0,11887649,4182979,3677,2128,16773120,1048576,524288,536576,0,5378048,33554432,1482,1592,3513,2456,7483,8413184,8359936,1867776,0,116,18484,0,0,16,3,1520,0,0,16,16,0,0,0,6161,350,702,370,1222,100,3,22
R-S16-003506,66072,4096,12165250,4236805,3765,2169,16928768,1048576,524288,536576,0,5390336,33554432,1555,1631,3618,2480,7645,8413184,8515584,1867776,0,116,18484,0,0,16,3,1520,0,0,16,16,0,0,0,6368,371,748,372,1259,100,3,22
R-S16-003506,68004,16384,12480642,4305925,3877,2192,15998976,1048576,524288,536576,0,4575232,33554432,1606,1654,3730,2511,7816,8409088,7589888,1839104,0,116,18484,0,0,16,3,1520,0,0,16,16,0,0,0,6417,395,801,380,1274,100,3,21
R-S16-003506,70041,4096,12761218,4359173,3966,2218,16048128,1048576,524288,643072,0,4616192,33554432,1688,1680,3821,2644,8079,8499200,7548928,1941504,0,116,18484,0,0,16,3,1520,0,0,16,16,0,0,0,6521,419,835,383,1297,100,3,20
R-S16-003506,72004,4096,13073898,4409861,4079,2250,15835136,1048576,524288,536576,0,4661248,33554432,1716,1712,3924,2872,8457,8343552,7491584,1835008,0,116,18484,0,0,16,3,1520,0,0,16,16,0,0,0,6678,443,881,389,1323,100,3,20
R-S16-003506,74005,4096,13428202,4441093,4197,2269,15593472,1048576,524288,536576,0,4567040,33554432,1798,1731,4045,2985,8762,8151040,7442432,1830912,0,116,18484,0,0,16,3,1520,0,0,16,16,0,0,0,6769,449,934,392,1340,100,3,19
R-S16-003506,76008,0,13726946,4502533,4318,2297,15228928,1048576,524288,536576,0,4272128,33554432,1871,1759,4170,3222,9186,8167424,7061504,1830912,0,116,18484,0,0,16,3,1520,0,0,16,16,0,0,0,6873,456,985,396,1363,100,3,19
R-S16-003506,78121,12288,14111458,4559365,4462,2326,10870784,1048576,524288,749568,0,3682304,33554432,1989,1788,4313,3451,9628,4825088,6045696,2027520,909312,116,18484,0,0,16,3,1520,0,0,16,16,0,0,0,6994,487,1068,398,1390,100,3,17
R-S16-003506,80007,0,14111458,4559365,4462,2326,10870784,1048576,524288,749568,0,3682304,33554432,1989,1788,4313,3466,9643,4825088,6045696,2027520,909312,116,18484,0,0,16,3,1520,0,0,16,16,0,0,0,6994,487,1068,398,1390,4,3,17
R-S16-003506,82008,0,14111458,4559365,4462,2326,10870784,1048576,524288,749568,0,3682304,33554432,1989,1788,4313,3478,9655,4825088,6045696,2027520,909312,116,18484,0,0,16,3,1520,0,0,16,16,0,0,0,6994,487,1068,398,1390,5,3,17
R-S16-003506,84011,0,14111458,4559365,4462,2326,10870784,1048576,524288,749568,0,3682304,33554432,1989,1788,4313,3490,9667,4825088,6045696,2027520,909312,116,18484,0,0,16,3,1520,0,0,16,16,0,0,0,6994,487,1068,398,1390,3,3,17
R-S16-003506,86003,0,14111458,4559365,4462,2326,10870784,1048576,524288,749568,0,3682304,33554432,1989,1788,4313,3502,9679,4825088,6045696,2027520,909312,116,18484,0,0,16,3,1520,0,0,16,16,0,0,0,6994,487,1068,398,1390,4,3,17
R-S16-003506,88008,0,14111458,4559365,4462,2326,10870784,1048576,524288,749568,0,3682304,33554432,1989,1788,4313,3514,9691,4825088,6045696,2027520,909312,116,18484,0,0,16,3,1520,0,0,16,16,0,0,0,6994,487,1068,398,1390,2,3,17
R-S16-003506,90013,0,14111458,4559365,4462,2326,10870784,1048576,524288,749568,0,3682304,33554432,1989,1788,4313,3526,9703,4825088,6045696,2027520,909312,116,18484,0,0,16,3,1520,0,0,16,16,0,0,0,6994,487,1068,398,1390,3,3,17
R-S16-003506,92006,0,14111458,4559365,4462,2326,10870784,1048576,524288,749568,0,3682304,33554432,1989,1788,4313,3538,9715,4825088,6045696,2027520,909312,116,18484,0,0,16,3,1520,0,0,16,16,0,0,0,6994,487,1068,398,1390,3,3,17
R-S16-003506,94009,0,14111458,4559365,4462,2326,10870784,1048576,524288,749568,0,3682304,33554432,1989,1788,4313,3550,9727,4825088,6045696,2027520,909312,116,18484,0,0,16,3,1520,0,0,16,16,0,0,0,6994,487,1068,398,1390,3,3,17
R-S16-003506,96001,0,14111458,4559365,4462,2326,10870784,1048576,524288,749568,0,3682304,33554432,1989,1788,4313,3562,9739,4825088,6045696,2027520,909312,116,18484,0,0,16,3,1520,0,0,16,16,0,0,0,6994,487,1068,398,1390,3,3,17
R-S16-003506,98006,0,14113506,4559365,4463,2326,10870784,1048576,524288,749568,0,3682304,33554432,1989,1788,4314,3577,9755,4825088,6045696,2027520,905216,116,18484,0,0,16,3,1520,0,0,16,16,0,0,0,6994,487,1069,398,1390,3,3,17
R-S16-003506,100011,0,14113506,4559365,4463,2326,10870784,1048576,524288,749568,0,3682304,33554432,1989,1788,4314,3592,9770,4825088,6045696,2027520,905216,116,18484,0,0,16,3,1520,0,0,16,16,0,0,0,6994,487,1069,398,1390,3,3,17
R-S16-003506,102007,0,14113506,4559365,4463,2326,10870784,1048576,524288,749568,0,3682304,33554432,1989,1788,4314,3604,9782,4825088,6045696,2027520,905216,116,18484,0,0,16,3,1520,0,0,16,16,0,0,0,6994,487,1069,398,1390,5,3,17
R-S16-003506,104007,0,14113506,4559365,4463,2326,10870784,1048576,524288,749568,0,3682304,33554432,1989,1788,4314,3616,9794,4825088,6045696,2027520,905216,116,18484,0,0,16,3,1520,0,0,16,16,0,0,0,6994,487,1069,398,1390,5,3,17
R-S16-003506,106013,0,14113506,4559365,4463,2326,10870784,1048576,524288,749568,0,3682304,33554432,1989,1788,4314,3628,9806,4825088,6045696,2027520,905216,116,18484,0,0,16,3,1520,0,0,16,16,0,0,0,6994,487,1069,398,1390,6,3,17
R-S16-003506,108003,0,14113506,4559365,4463,2326,10870784,1048576,524288,749568,0,3682304,33554432,1989,1788,4314,3640,9818,4825088,6045696,2027520,905216,116,18484,0,0,16,3,1520,0,0,16,16,0,0,0,6994,487,1069,398,1390,4,3,17
R-S16-003506,110009,4096,14322402,4625141,4565,2329,10870784,1048576,524288,749568,0,3682304,33554432,1989,1788,4416,3724,10030,4825088,6045696,2027520,487424,116,18484,0,0,16,3,1520,0,0,16,16,0,0,0,6994,490,1168,398,1390,68,3,17
R-S16-003506,112002,0,14322402,4625141,4565,2329,10870784,1048576,524288,749568,0,3682304,33554432,1989,1788,4416,3736,10042,4825088,6045696,2027520,487424,116,18484,0,0,16,3,1520,0,0,16,16,0,0,0,6994,490,1168,398,1390,7,3,17
R-S16-003506,114005,0,14322402,4625141,4565,2329,10870784,1048576,524288,749568,0,3682304,33554432,1989,1788,4416,3754,10060,4825088,6045696,2027520,487424,116,18484,0,0,16,3,1520,0,0,16,16,0,0,0,6994,490,1168,398,1390,3,3,17
R-S16-003506,116012,0,14322402,4625141,4565,2329,10870784,1048576,524288,749568,0,3682304,33554432,1989,1788,4416,3766,10072,4825088,6045696,2027520,487424,116,18484,0,0,16,3,1520,0,0,16,16,0,0,0,6994,490,1168,398,1390,3,3,17
R-S16-003506,118001,0,14322402,4625141,4565,2329,10870784,1048576,524288,749568,0,3682304,33554432,1989,1788,4416,3778,10084,4825088,6045696,2027520,487424,116,18484,0,0,16,3,1520,0,0,16,16,0,0,0,6994,490,1168,398,1390,2,3,17
R-S16-003506,120007,0,14322402,4625141,4565,2329,10870784,1048576,524288,749568,0,3682304,33554432,1989,1788,4416,3790,10096,4825088,6045696,2027520,487424,116,18484,0,0,16,3,1520,0,0,16,16,0,0,0,6994,490,1168,398,1390,3,3,17
R-S16-003506,122000,0,14322402,4625141,4565,2329,10870784,1048576,524288,749568,0,3682304,33554432,1989,1788,4416,3802,10108,4825088,6045696,2027520,487424,116,18484,0,0,16,3,1520,0,0,16,16,0,0,0,6994,490,1168,398,1390,3,3,17
R-S16-003506,124009,0,14326498,4632136,4566,2330,10870784,1048576,524288,749568,0,3682304,33554432,1989,1788,4417,3820,10127,4825088,6045696,2027520,483328,116,18484,0,0,16,3,1520,0,0,16,16,0,0,0,6994,490,1168,398,1390,9,3,17
R-S16-003506,126001,0,14326498,4632136,4566,2330,10870784,1048576,524288,749568,0,3682304,33554432,1989,1788,4417,3832,10139,4825088,6045696,2027520,483328,116,18484,0,0,16,3,1520,0,0,16,16,0,0,0,6994,490,1168,398,1390,4,3,17
R-S16-003506,128013,0,14326498,4632136,4566,2330,10870784,1048576,524288,749568,0,3682304,33554432,1989,1788,4417,3844,10151,4825088,6045696,2027520,483328,116,18484,0,0,16,3,1520,0,0,16,16,0,0,0,6994,490,1168,398,1390,2,3,17
R-S16-003506,130004,0,14326498,4632136,4566,2330,10870784,1048576,524288,749568,0,3682304,33554432,1989,1788,4417,3856,10163,4825088,6045696,2027520,483328,116,18484,0,0,16,3,1520,0,0,16,16,0,0,0,6994,490,1168,398,1390,2,3,17
R-S16-003506,132009,0,14326498,4632136,4566,2330,10870784,1048576,524288,749568,0,3682304,33554432,1989,1788,4417,3868,10175,4825088,6045696,2027520,483328,116,18484,0,0,16,3,1520,0,0,16,16,0,0,0,6994,490,1168,398,1390,3,3,17
R-S16-003506,134001,0,14326498,4632136,4566,2330,10870784,1048576,524288,749568,0,3682304,33554432,1989,1788,4417,3880,10187,4825088,6045696,2027520,483328,116,18484,0,0,16,3,1520,0,0,16,16,0,0,0,6994,490,1168,398,1390,3,3,17
R-S16-003506,136008,0,14326498,4632136,4566,2330,10870784,1048576,524288,749568,0,3682304,33554432,1989,1788,4417,3892,10199,4825088,6045696,2027520,483328,116,18484,0,0,16,3,1520,0,0,16,16,0,0,0,6994,490,1168,398,1390,3,3,17
R-S16-003506,138011,0,14326498,4632136,4566,2330,10870784,1048576,524288,749568,0,3682304,33554432,1989,1788,4417,3904,10211,4825088,6045696,2027520,483328,116,18484,0,0,16,3,1520,0,0,16,16,0,0,0,6994,490,1168,398,1390,2,3,17
R-S16-003506,140002,0,14326498,4632136,4566,2330,10870784,1048576,524288,749568,0,3682304,33554432,1989,1788,4417,3916,10223,4825088,6045696,2027520,483328,116,18484,0,0,16,3,1520,0,0,16,16,0,0,0,6994,490,1168,398,1390,2,3,17
R-S16-003506,142007,0,14326498,4632136,4566,2330,10870784,1048576,524288,749568,0,3682304,33554432,1989,1788,4417,3928,10235,4825088,6045696,2027520,483328,116,18484,0,0,16,3,1520,0,0,16,16,0,0,0,6994,490,1168,398,1390,6,3,17
R-S16-003506,144013,0,14326498,4632136,4566,2330,10870784,1048576,524288,749568,0,3682304,33554432,1989,1788,4417,3940,10247,4825088,6045696,2027520,483328,116,18484,0,0,16,3,1520,0,0,16,16,0,0,0,6994,490,1168,398,1390,2,3,17
R-S16-003506,146002,0,14326498,4632136,4566,2330,10870784,1048576,524288,749568,0,3682304,33554432,1989,1788,4417,3952,10259,4825088,6045696,2027520,483328,116,18484,0,0,16,3,1520,0,0,16,16,0,0,0,6994,490,1168,398,1390,4,3,17
R-S16-003506,148010,0,14326498,4632136,4566,2330,10870784,1048576,524288,749568,0,3682304,33554432,1989,1788,4417,3964,10271,4825088,6045696,2027520,483328,116,18484,0,0,16,3,1520,0,0,16,16,0,0,0,6994,490,1168,398,1390,4,3,17
R-S16-003506,150000,0,14326498,4632136,4566,2330,10870784,1048576,524288,749568,0,3682304,33554432,1989,1788,4417,3976,10283,4825088,6045696,2027520,483328,116,18484,0,0,16,3,1520,0,0,16,16,0,0,0,6994,490,1168,398,1390,5,3,17
R-S16-003506,152005,0,14326498,4632136,4566,2330,10870784,1048576,524288,749568,0,3682304,33554432,1989,1788,4417,3988,10295,4825088,6045696,2027520,483328,116,18484,0,0,16,3,1520,0,0,16,16,0,0,0,6994,490,1168,398,1390,5,3,17
R-S16-003506,154011,0,14326498,4632136,4566,2330,10870784,1048576,524288,749568,0,3682304,33554432,1989,1788,4417,4000,10307,4825088,6045696,2027520,483328,116,18484,0,0,16,3,1520,0,0,16,16,0,0,0,6994,490,1168,398,1390,4,3,17
R-S16-003506,156004,0,14326498,4632136,4566,2330,10870784,1048576,524288,749568,0,3682304,33554432,1989,1788,4417,4012,10319,4825088,6045696,2027520,483328,116,18484,0,0,16,3,1520,0,0,16,16,0,0,0,6994,490,1168,398,1390,5,3,17
R-S16-003506,158007,0,14326498,4632136,4566,2330,10870784,1048576,524288,749568,0,3682304,33554432,1989,1788,4417,4024,10331,4825088,6045696,2027520,483328,116,18484,0,0,16,3,1520,0,0,16,16,0,0,0,6994,490,1168,398,1390,3,3,17
R-S16-003506,160014,0,14326498,4632136,4566,2330,10870784,1048576,524288,749568,0,3682304,33554432,1989,1788,4417,4036,10343,4825088,6045696,2027520,483328,116,18484,0,0,16,3,1520,0,0,16,16,0,0,0,6994,490,1168,398,1390,3,3,17
R-S16-003506,162003,0,14326498,4632136,4566,2330,10870784,1048576,524288,749568,0,3682304,33554432,1989,1788,4417,4048,10355,4825088,6045696,2027520,483328,116,18484,0,0,16,3,1520,0,0,16,16,0,0,0,6994,490,1168,398,1390,3,3,17
R-S16-003506,164008,0,14326498,4632136,4566,2330,10870784,1048576,524288,749568,0,3682304,33554432,1989,1788,4417,4060,10367,4825088,6045696,2027520,483328,116,18484,0,0,16,3,1520,0,0,16,16,0,0,0,6994,490,1168,398,1390,3,3,17
R-S16-003506,166002,0,14326498,4632136,4566,2330,10870784,1048576,524288,749568,0,3682304,33554432,1989,1788,4417,4072,10379,4825088,6045696,2027520,483328,116,18484,0,0,16,3,1520,0,0,16,16,0,0,0,6994,490,1168,398,1390,4,3,17
R-S16-003506,168005,0,14326498,4632136,4566,2330,10870784,1048576,524288,749568,0,3682304,33554432,1989,1788,4417,4084,10391,4825088,6045696,2027520,483328,116,18484,0,0,16,3,1520,0,0,16,16,0,0,0,6994,490,1168,398,1390,4,3,17
R-S16-003506,170012,0,14326498,4632136,4566,2330,10870784,1048576,524288,749568,0,3682304,33554432,1989,1788,4417,4098,10405,4825088,6045696,2027520,483328,116,18484,0,0,16,3,1520,0,0,16,16,0,0,0,6994,490,1168,398,1390,4,3,17
R-S16-003506,172001,0,14326498,4632136,4566,2330,10870784,1048576,524288,749568,0,3682304,33554432,1989,1788,4417,4110,10417,4825088,6045696,2027520,483328,116,18484,0,0,16,3,1520,0,0,16,16,0,0,0,6994,490,1168,398,1390,5,3,17
R-S16-003506,174007,0,14326498,4632136,4566,2330,10870784,1048576,524288,749568,0,3682304,33554432,1989,1788,4417,4128,10435,4825088,6045696,2027520,483328,116,18484,0,0,16,3,1520,0,0,16,16,0,0,0,6994,490,1168,398,1390,3,3,17
R-S16-003506,176001,0,14326498,4632136,4566,2330,10870784,1048576,524288,749568,0,3682304,33554432,1989,1788,4417,4140,10447,4825088,6045696,2027520,483328,116,18484,0,0,16,3,1520,0,0,16,16,0,0,0,6994,490,1168,398,1390,4,3,17
R-S16-003506,178003,0,14326498,4632136,4566,2330,10870784,1048576,524288,749568,0,3682304,33554432,1989,1788,4417,4152,10459,4825088,6045696,2027520,483328,116,18484,0,0,16,3,1520,0,0,16,16,0,0,0,6994,490,1168,398,1390,2,3,17
R-S16-003506,180010,0,14326498,4632136,4566,2330,10870784,1048576,524288,749568,0,3682304,33554432,1989,1788,4417,4164,10471,4825088,6045696,2027520,483328,116,18484,0,0,16,3,1520,0,0,16,16,0,0,0,6994,490,1168,398,1390,3,3,17
R-S16-003506,182002,0,14326498,4632136,4566,2330,10870784,1048576,524288,749568,0,3682304,33554432,1989,1788,4417,4176,10483,4825088,6045696,2027520,483328,116,18484,0,0,16,3,1520,0,0,16,16,0,0,0,6994,490,1168,398,1390,4,3,17
R-S16-003506,184004,0,14326498,4632136,4566,2330,10870784,1048576,524288,749568,0,3682304,33554432,1989,1788,4417,4188,10495,4825088,6045696,2027520,483328,116,18484,0,0,16,3,1520,0,0,16,16,0,0,0,6994,490,1168,398,1390,2,3,17
R-S16-003506,186019,0,14326498,4639173,4566,2331,10870784,1048576,524288,749568,0,3682304,33554432,1989,1788,4417,4206,10513,4825088,6045696,2027520,483328,116,18484,0,0,16,3,1520,0,0,16,16,0,0,0,6994,490,1168,398,1390,4,3,17
R-S16-003506,188001,0,14326498,4639173,4566,2331,10870784,1048576,524288,749568,0,3682304,33554432,1989,1788,4417,4218,10525,4825088,6045696,2027520,483328,116,18484,0,0,16,3,1520,0,0,16,16,0,0,0,6994,490,1168,398,1390,4,3,17
R-S16-003506,190008,0,14326498,4639173,4566,2331,10870784,1048576,524288,749568,0,3682304,33554432,1989,1788,4417,4230,10537,4825088,6045696,2027520,483328,116,18484,0,0,16,3,1520,0,0,16,16,0,0,0,6994,490,1168,398,1390,2,3,17
R-S16-003506,192012,0,14326498,4639173,4566,2331,10870784,1048576,524288,749568,0,3682304,33554432,1989,1788,4417,4242,10549,4825088,6045696,2027520,483328,116,18484,0,0,16,3,1520,0,0,16,16,0,0,0,6994,490,1168,398,1390,4,3,17
R-S16-003506,194002,0,14326498,4639173,4566,2331,10870784,1048576,524288,749568,0,3682304,33554432,1989,1788,4417,4254,10561,4825088,6045696,2027520,483328,116,18484,0,0,16,3,1520,0,0,16,16,0,0,0,6994,490,1168,398,1390,4,3,17
R-S16-003506,196003,0,14326498,4639173,4566,2331,10870784,1048576,524288,749568,0,3682304,33554432,1989,1788,4417,4266,10573,4825088,6045696,2027520,483328,116,18484,0,0,16,3,1520,0,0,16,16,0,0,0,6994,490,1168,398,1390,5,3,17
R-S16-003506,198012,0,14326498,4639173,4566,2331,10870784,1048576,524288,749568,0,3682304,33554432,1989,1788,4417,4278,10585,4825088,6045696,2027520,483328,116,18484,0,0,16,3,1520,0,0,16,16,0,0,0,6994,490,1168,398,1390,4,3,17
R-S16-003506,200005,0,14326498,4639173,4566,2331,10870784,1048576,524288,749568,0,3682304,33554432,1989,1788,4417,4290,10597,4825088,6045696,2027520,483328,116,18484,0,0,16,3,1520,0,0,16,16,0,0,0,6994,490,1168,398,1390,5,3,17
R-S16-003506,202010,0,14326498,4639173,4566,2331,10870784,1048576,524288,749568,0,3682304,33554432,1989,1788,4417,4302,10609,4825088,6045696,2027520,483328,116,18484,0,0,16,3,1520,0,0,16,16,0,0,0,6994,490,1168,398,1390,6,3,17
R-S16-003506,204000,0,14326498,4639173,4566,2331,10870784,1048576,524288,749568,0,3682304,33554432,1989,1788,4417,4314,10621,4825088,6045696,2027520,483328,116,18484,0,0,16,3,1520,0,0,16,16,0,0,0,6994,490,1168,398,1390,3,3,17
R-S16-003506,206004,0,14326498,4639173,4566,2331,10870784,1048576,524288,749568,0,3682304,33554432,1989,1788,4417,4326,10633,4825088,6045696,2027520,483328,116,18484,0,0,16,3,1520,0,0,16,16,0,0,0,6994,490,1168,398,1390,3,3,17
R-S16-003506,208010,0,14326498,4639173,4566,2331,10870784,1048576,524288,749568,0,3682304,33554432,1989,1788,4417,4338,10645,4825088,6045696,2027520,483328,116,18484,0,0,16,3,1520,0,0,16,16,0,0,0,6994,490,1168,398,1390,2,3,17
R-S16-003506,210003,0,14326498,4639173,4566,2331,10870784,1048576,524288,749568,0,3682304,33554432,1989,1788,4417,4350,10657,4825088,6045696,2027520,483328,116,18484,0,0,16,3,1520,0,0,16,16,0,0,0,6994,490,1168,398,1390,4,3,17
R-S16-003506,212007,0,14326498,4639173,4566,2331,10870784,1048576,524288,749568,0,3682304,33554432,1989,1788,4417,4362,10669,4825088,6045696,2027520,483328,116,18484,0,0,16,3,1520,0,0,16,16,0,0,0,6994,490,1168,398,1390,3,3,17
R-S16-003506,214014,0,14326498,4639173,4566,2331,10870784,1048576,524288,749568,0,3682304,33554432,1989,1788,4417,4374,10681,4825088,6045696,2027520,483328,116,18484,0,0,16,3,1520,0,0,16,16,0,0,0,6994,490,1168,398,1390,2,3,17
R-S16-003506,216003,0,14326498,4639173,4566,2331,10870784,1048576,524288,749568,0,3682304,33554432,1989,1788,4417,4386,10693,4825088,6045696,2027520,483328,116,18484,0,0,16,3,1520,0,0,16,16,0,0,0,6994,490,1168,398,1390,4,3,17
R-S16-003506,218008,0,14326498,4639173,4566,2331,10870784,1048576,524288,749568,0,3682304,33554432,1989,1788,4417,4398,10705,4825088,6045696,2027520,483328,116,18484,0,0,16,3,1520,0,0,16,16,0,0,0,6994,490,1168,398,1390,2,3,17
R-S16-003506,220002,0,14326498,4639173,4566,2331,10870784,1048576,524288,749568,0,3682304,33554432,1989,1788,4417,4410,10717,4825088,6045696,2027520,483328,116,18484,0,0,16,3,1520,0,0,16,16,0,0,0,6994,490,1168,398,1390,3,3,17
R-S16-003506,222005,0,14326498,4639173,4566,2331,10870784,1048576,524288,749568,0,3682304,33554432,1989,1788,4417,4422,10729,4825088,6045696,2027520,483328,116,18484,0,0,16,3,1520,0,0,16,16,0,0,0,6994,490,1168,398,1390,4,3,17
R-S16-003506,224012,0,14326498,4639173,4566,2331,10870784,1048576,524288,749568,0,3682304,33554432,1989,1788,4417,4434,10741,4825088,6045696,2027520,483328,116,18484,0,0,16,3,1520,0,0,16,16,0,0,0,6994,490,1168,398,1390,3,3,17
R-S16-003506,226001,0,14326498,4639173,4566,2331,10870784,1048576,524288,749568,0,3682304,33554432,1989,1788,4417,4446,10753,4825088,6045696,2027520,483328,116,18484,0,0,16,3,1520,0,0,16,16,0,0,0,6994,490,1168,398,1390,4,3,17
R-S16-003506,228006,0,14326498,4639173,4566,2331,10870784,1048576,524288,749568,0,3682304,33554432,1989,1788,4417,4460,10767,4825088,6045696,2027520,483328,116,18484,0,0,16,3,1520,0,0,16,16,0,0,0,6994,490,1168,398,1390,3,3,17
R-S16-003506,230000,0,14326498,4639173,4566,2331,10870784,1048576,524288,749568,0,3682304,33554432,1989,1788,4417,4472,10779,4825088,6045696,2027520,483328,116,18484,0,0,16,3,1520,0,0,16,16,0,0,0,6994,490,1168,398,1390,3,3,17
R-S16-003506,232003,0,14326498,4639173,4566,2331,10870784,1048576,524288,749568,0,3682304,33554432,1989,1788,4417,4484,10791,4825088,6045696,2027520,483328,116,18484,0,0,16,3,1520,0,0,16,16,0,0,0,6994,490,1168,398,1390,5,3,17
R-S16-003506,234010,0,14326498,4639173,4566,2331,10870784,1048576,524288,749568,0,3682304,33554432,1989,1788,4417,4502,10809,4825088,6045696,2027520,483328,116,18484,0,0,16,3,1520,0,0,16,16,0,0,0,6994,490,1168,398,1390,4,3,17
R-S16-003506,236008,0,14326498,4639173,4566,2331,10870784,1048576,524288,749568,0,3682304,33554432,1989,1788,4417,4514,10821,4825088,6045696,2027520,483328,116,18484,0,0,16,3,1520,0,0,16,16,0,0,0,6994,490,1168,398,1390,4,3,17
R-S16-003506,238004,0,14326498,4639173,4566,2331,10870784,1048576,524288,749568,0,3682304,33554432,1989,1788,4417,4526,10833,4825088,6045696,2027520,483328,116,18484,0,0,16,3,1520,0,0,16,16,0,0,0,6994,490,1168,398,1390,3,3,17
R-S16-003506,240010,0,14326498,4639173,4566,2331,10870784,1048576,524288,749568,0,3682304,33554432,1989,1788,4417,4538,10845,4825088,6045696,2027520,483328,116,18484,0,0,16,3,1520,0,0,16,16,0,0,0,6994,490,1168,398,1390,5,3,17
R-S16-003506,242001,0,14326498,4639173,4566,2331,10870784,1048576,524288,749568,0,3682304,33554432,1989,1788,4417,4550,10857,4825088,6045696,2027520,483328,116,18484,0,0,16,3,1520,0,0,16,16,0,0,0,6994,490,1168,398,1390,5,3,17
R-S16-003506,244011,0,14326498,4639173,4566,2331,10870784,1048576,524288,749568,0,3682304,33554432,1989,1788,4417,4562,10869,4825088,6045696,2027520,483328,116,18484,0,0,16,3,1520,0,0,16,16,0,0,0,6994,490,1168,398,1390,4,3,17
R-S16-003506,246011,0,14326498,4639173,4566,2331,10870784,1048576,524288,749568,0,3682304,33554432,1989,1788,4417,4574,10881,4825088,6045696,2027520,483328,116,18484,0,0,16,3,1520,0,0,16,16,0,0,0,6994,490,1168,398,1390,4,3,17
R-S16-003506,248002,16384,14326498,4646210,4566,2332,10870784,1048576,524288,749568,0,3682304,33554432,1989,1788,4417,4592,10899,4825088,6045696,2027520,483328,116,18484,0,0,16,3,1520,0,0,16,16,0,0,0,6994,490,1168,398,1390,4,3,17
R-S16-003506,250007,0,14326498,4646210,4566,2332,10870784,1048576,524288,749568,0,3682304,33554432,1989,1788,4417,4604,10911,4825088,6045696,2027520,483328,116,18484,0,0,16,3,1520,0,0,16,16,0,0,0,6994,490,1168,398,1390,5,3,17
R-S16-003506,252012,0,14326498,4646210,4566,2332,10870784,1048576,524288,749568,0,3682304,33554432,1989,1788,4417,4616,10923,4825088,6045696,2027520,483328,116,18484,0,0,16,3,1520,0,0,16,16,0,0,0,6994,490,1168,398,1390,3,3,17
R-S16-003506,254006,0,14326498,4646210,4566,2332,10870784,1048576,524288,749568,0,3682304,33554432,1989,1788,4417,4628,10935,4825088,6045696,2027520,483328,116,18484,0,0,16,3,1520,0,0,16,16,0,0,0,6994,490,1168,398,1390,2,3,17
R-S16-003506,256010,0,14326498,4646210,4566,2332,10870784,1048576,524288,749568,0,3682304,33554432,1989,1788,4417,4640,10947,4825088,6045696,2027520,483328,116,18484,0,0,16,3,1520,0,0,16,16,0,0,0,6994,490,1168,398,1390,3,3,17
R-S16-003506,258000,0,14326498,4646210,4566,2332,10870784,1048576,524288,749568,0,3682304,33554432,1989,1788,4417,4652,10959,4825088,6045696,2027520,483328,116,18484,0,0,16,3,1520,0,0,16,16,0,0,0,6994,490,1168,398,1390,3,3,17
R-S16-003506,260005,0,14326498,4646210,4566,2332,10870784,1048576,524288,749568,0,3682304,33554432,1989,1788,4417,4664,10971,4825088,6045696,2027520,483328,116,18484,0,0,16,3,1520,0,0,16,16,0,0,0,6994,490,1168,398,1390,3,3,17
R-S16-003506,262010,0,14326498,4646210,4566,2332,10870784,1048576,524288,749568,0,3682304,33554432,1989,1788,4417,4676,10983,4825088,6045696,2027520,483328,116,18484,0,0,16,3,1520,0,0,16,16,0,0,0,6994,490,1168,398,1390,5,3,17
R-S16-003506,264005,0,14326498,4646210,4566,2332,10870784,1048576,524288,749568,0,3682304,33554432,1989,1788,4417,4688,10995,4825088,6045696,2027520,483328,116,18484,0,0,16,3,1520,0,0,16,16,0,0,0,6994,490,1168,398,1390,2,3,17
R-S16-003506,266009,0,14326498,4646210,4566,2332,10870784,1048576,524288,749568,0,3682304,33554432,1989,1788,4417,4700,11007,4825088,6045696,2027520,483328,116,18484,0,0,16,3,1520,0,0,16,16,0,0,0,6994,490,1168,398,1390,4,3,17
R-S16-003506,268015,0,14326498,4646210,4566,2332,10870784,1048576,524288,749568,0,3682304,33554432,1989,1788,4417,4712,11019,4825088,6045696,2027520,483328,116,18484,0,0,16,3,1520,0,0,16,16,0,0,0,6994,490,1168,398,1390,2,3,17
R-S16-003506,270003,0,14326498,4646210,4566,2332,10870784,1048576,524288,749568,0,3682304,33554432,1989,1788,4417,4724,11031,4825088,6045696,2027520,483328,116,18484,0,0,16,3,1520,0,0,16,16,0,0,0,6994,490,1168,398,1390,2,3,17
R-S16-003506,272011,0,14326498,4646210,4566,2332,10870784,1048576,524288,749568,0,3682304,33554432,1989,1788,4417,4733,11040,4825088,6045696,2027520,483328,116,18484,0,0,16,3,1520,0,0,16,16,0,0,0,6994,490,1168,398,1390,3,3,17
R-S16-003506,274003,0,14326498,4646210,4566,2332,10870784,1048576,524288,749568,0,3682304,33554432,1989,1788,4417,4748,11055,4825088,6045696,2027520,483328,116,18484,0,0,16,3,1520,0,0,16,16,0,0,0,6994,490,1168,398,1390,3,3,17
R-S16-003506,276008,0,14326498,4646210,4566,2332,10870784,1048576,524288,749568,0,3682304,33554432,1989,1788,4417,4757,11064,4825088,6045696,2027520,483328,116,18484,0,0,16,3,1520,0,0,16,16,0,0,0,6994,490,1168,398,1390,3,3,17
R-S16-003506,278012,0,14326498,4646210,4566,2332,10870784,1048576,524288,749568,0,3682304,33554432,1989,1788,4417,4766,11073,4825088,6045696,2027520,483328,116,18484,0,0,16,3,1520,0,0,16,16,0,0,0,6994,490,1168,398,1390,2,3,17
R-S16-003506,280001,0,14326498,4646210,4566,2332,10870784,1048576,524288,749568,0,3682304,33554432,1989,1788,4417,4778,11085,4825088,6045696,2027520,483328,116,18484,0,0,16,3,1520,0,0,16,16,0,0,0,6994,490,1168,398,1390,3,3,17
R-S16-003506,282006,0,14326498,4646210,4566,2332,10870784,1048576,524288,749568,0,3682304,33554432,1989,1788,4417,4790,11097,4825088,6045696,2027520,483328,116,18484,0,0,16,3,1520,0,0,16,16,0,0,0,6994,490,1168,398,1390,4,3,17
R-S16-003506,284001,0,14326498,4646210,4566,2332,10870784,1048576,524288,749568,0,3682304,33554432,1989,1788,4417,4802,11109,4825088,6045696,2027520,483328,116,18484,0,0,16,3,1520,0,0,16,16,0,0,0,6994,490,1168,398,1390,4,3,17
R-S16-003506,286003,0,14326498,4646210,4566,2332,10870784,1048576,524288,749568,0,3682304,33554432,1989,1788,4417,4814,11121,4825088,6045696,2027520,483328,116,18484,0,0,16,3,1520,0,0,16,16,0,0,0,6994,490,1168,398,1390,6,3,17
R-S16-003506,288012,0,14326498,4646210,4566,2332,10870784,1048576,524288,749568,0,3682304,33554432,1989,1788,4417,4826,11133,4825088,6045696,2027520,483328,116,18484,0,0,16,3,1520,0,0,16,16,0,0,0,6994,490,1168,398,1390,4,3,17
R-S16-003506,290013,0,14326498,4646210,4566,2332,10870784,1048576,524288,749568,0,3682304,33554432,1989,1788,4417,4838,11145,4825088,6045696,2027520,483328,116,18484,0,0,16,3,1520,0,0,16,16,0,0,0,6994,490,1168,398,1390,5,3,17
R-S16-003506,292004,0,14326498,4646210,4566,2332,10870784,1048576,524288,749568,0,3682304,33554432,1989,1788,4417,4850,11157,4825088,6045696,2027520,483328,116,18484,0,0,16,3,1520,0,0,16,16,0,0,0,6994,490,1168,398,1390,6,3,17
R-S16-003506,294009,0,14326498,4646210,4566,2332,10870784,1048576,524288,749568,0,3682304,33554432,1989,1788,4417,4868,11175,4825088,6045696,2027520,483328,116,18484,0,0,16,3,1520,0,0,16,16,0,0,0,6994,490,1168,398,1390,4,3,17
R-S16-003506,296001,0,14326498,4646210,4566,2332,10870784,1048576,524288,749568,0,3682304,33554432,1989,1788,4417,4880,11187,4825088,6045696,2027520,483328,116,18484,0,0,16,3,1520,0,0,16,16,0,0,0,6994,490,1168,398,1390,4,3,17
R-S16-003506,298008,0,14326498,4646210,4566,2332,10870784,1048576,524288,749568,0,3682304,33554432,1989,1788,4417,4892,11199,4825088,6045696,2027520,483328,116,18484,0,0,16,3,1520,0,0,16,16,0,0,0,6994,490,1168,398,1390,2,3,17
R-S16-003506,300011,0,14326498,4646210,4566,2332,10870784,1048576,524288,749568,0,3682304,33554432,1989,1788,4417,4904,11211,4825088,6045696,2027520,483328,116,18484,0,0,16,3,1520,0,0,16,16,0,0,0,6994,490,1168,398,1390,2,3,17
label,ms,VFAT\DirtyData,VFAT\BReadsSec,VFAT\BWritesSec,VFAT\ReadsSec,VFAT\WritesSec,VMM\cpgCommit,VMM\cpgDiskcacheMac,VMM\cpgDiskcacheMin,VMM\cpgDiskcache,VMM\cpgSwapfileDefective,VMM\cpgSwapfileInUse,VMM\cpgSwapfile,VMM\cDiscards,VMM\cPageOuts,VMM\cPageIns,VMM\cInstanceFaults,VMM\cPageFaults,VMM\cpgOther,VMM\cpgSwap,VMM\cpgLocked,VMM\cpgFree,SWAPCOMP\Contention,SWAPCOMP\Fallback,SWAPCOMP\Errors,SWAPCOMP\SectorsSaved,SWAPCOMP\RawReads,SWAPCOMP\CompressedReads,SWAPCOMP\RawWrites,SWAPCOMP\CompressedWrites,KERNEL\CPUUsage,KERNEL\VMs,KERNEL\Threads
R-N-004358,0,0,6139888,2430370,1832,1153,10493952,1048576,524288,643072,0,2482176,33554432,388,640,1627,878,3094,4595712,5898240,1875968,0,0,0,0,1992,126,155,235,405,100,3,17
R-N-004358,2008,0,6139888,2430370,1832,1153,10493952,1048576,524288,643072,0,2482176,33554432,388,640,1627,893,3109,4595712,5898240,1875968,0,0,0,0,1992,126,155,235,405,0,3,17
R-N-004358,4011,0,6139888,2430370,1832,1153,10493952,1048576,524288,643072,0,2482176,33554432,388,640,1627,911,3127,4595712,5898240,1875968,0,0,0,0,1992,126,155,235,405,0,3,17
R-N-004358,6005,0,6139888,2430370,1832,1153,10493952,1048576,524288,643072,0,2482176,33554432,388,640,1627,923,3139,4595712,5898240,1875968,0,0,0,0,1992,126,155,235,405,0,3,17
R-N-004358,8008,0,6139888,2430370,1832,1153,10493952,1048576,524288,643072,0,2482176,33554432,388,640,1627,935,3151,4595712,5898240,1875968,0,0,0,0,1992,126,155,235,405,1,3,17
R-N-004358,10015,0,6155096,2430370,1845,1153,10469376,1048576,524288,643072,0,2482176,33554432,388,640,1631,999,3218,4579328,5890048,1875968,20480,0,0,0,1992,126,155,235,405,16,3,17
R-N-004358,12011,0,6155096,2430370,1845,1153,10469376,1048576,524288,643072,0,2482176,33554432,388,640,1632,1083,3305,4579328,5890048,1875968,20480,0,0,0,1992,126,155,235,405,100,3,17
R-N-004358,14001,0,6502053,2502562,1900,1191,11005952,1048576,524288,643072,0,2617344,33554432,452,678,1662,1272,3557,4599808,6406144,1904640,0,0,0,0,2155,127,159,244,434,100,3,17
R-N-004358,16088,0,6880103,2657186,1924,1258,11350016,1048576,524288,749568,0,2871296,33554432,505,745,1676,1363,3784,4706304,6643712,2015232,0,0,0,0,2389,129,163,249,496,100,3,18
R-N-004358,18189,0,7164769,2731938,2107,1281,11288576,1048576,524288,536576,0,2928640,33554432,528,768,1737,1461,3997,4493312,6795264,1802240,0,0,0,0,2427,149,199,261,507,100,3,18
R-N-004358,20025,0,7287363,2805154,2152,1313,11751424,1048576,524288,536576,0,3055616,33554432,547,800,1773,1482,4122,4501504,7249920,1806336,0,0,0,0,2540,164,214,265,535,100,3,18
R-N-004358,22031,0,7324705,3022754,2161,1399,11591680,1048576,524288,536576,0,3383296,33554432,558,886,1775,1507,4271,4501504,7090176,1806336,151552,0,0,0,2803,164,216,272,614,100,3,18
R-N-004358,24023,4096,7577213,3069373,2275,1428,13758464,1048576,524288,536576,0,3477504,33554432,585,914,1886,1546,4444,6418432,7340032,1826816,0,0,0,0,2936,166,229,275,639,100,3,19
R-N-004358,26012,0,7873989,3183037,2372,1514,14594048,1048576,524288,536576,0,3760128,33554432,594,1000,1993,1570,4589,7122944,7471104,1826816,0,0,0,0,3402,169,250,280,720,100,3,19
R-N-004358,28009,0,8193477,3273149,2460,1569,14835712,1048576,524288,643072,0,3969024,33554432,694,1055,2114,1594,4748,7229440,7606272,1933312,0,0,0,0,3666,173,260,287,768,100,3,19
R-N-004358,30036,0,8416601,3426237,2534,1641,15020032,1048576,524288,655360,0,4227072,33554432,719,1127,2190,1620,4892,7270400,7749632,1949696,0,0,0,0,3943,181,283,299,828,100,3,19
R-N-004358,32028,0,8772837,3463101,2640,1675,15114240,1048576,524288,548864,0,4337664,33554432,778,1161,2304,1644,5094,7356416,7757824,1847296,0,0,0,0,4143,192,306,302,859,100,3,19
R-N-004358,34026,0,9081825,3571133,2723,1739,15237120,1048576,524288,548864,0,4583424,33554432,805,1225,2389,1665,5224,7442432,7794688,1847296,0,0,0,0,4444,210,314,311,915,100,3,19
R-N-004358,36341,4096,9420857,3632604,2838,1772,15319040,1048576,524288,536576,0,4612096,33554432,891,1257,2513,1697,5395,7479296,7839744,1847296,0,0,0,0,4580,228,355,315,942,100,3,21
R-N-004358,38015,0,9720483,3700188,2938,1807,15360000,1048576,524288,536576,0,4747264,33554432,965,1292,2619,1723,5571,7483392,7876608,1847296,0,0,0,0,4728,238,398,319,973,100,3,21
R-N-004358,40012,4096,10094923,3758074,3056,1831,16576512,1048576,524288,536576,0,4816896,33554432,1065,1315,2753,1765,5781,8396800,8179712,1855488,0,0,0,0,4799,249,427,326,989,100,3,22
R-N-004358,42011,0,10492472,3814906,3174,1857,16752640,1048576,524288,536576,0,4874240,33554432,1190,1341,2898,1783,5973,8400896,8351744,1859584,0,0,0,0,4896,260,449,334,1007,100,3,22
R-N-004358,44070,0,10835512,3933690,3278,1908,16871424,1048576,524288,643072,0,5038080,33554432,1276,1392,3006,1804,6145,8507392,8364032,1966080,0,0,0,0,5072,267,475,351,1041,100,3,22
R-N-004358,46008,4096,11248196,3975162,3395,1947,16740352,1048576,524288,536576,0,4935680,33554432,1373,1431,3162,1825,6351,8400896,8339456,1859584,0,0,0,0,5303,299,504,352,1079,100,3,22
R-N-004358,48030,0,11415108,4031994,3454,1984,16752640,1048576,524288,536576,0,5083136,33554432,1397,1468,3223,1849,6462,8409088,8343552,1863680,0,0,0,0,5488,316,533,355,1113,100,3,22
R-N-004358,50005,4096,11719748,4090419,3566,2029,16867328,1048576,524288,643072,0,5197824,33554432,1494,1511,3337,1892,6634,8515584,8351744,1970176,0,0,0,0,5718,330,598,359,1152,100,3,22
R-N-004358,52024,4096,11935890,4175440,3643,2066,16973824,1048576,524288,749568,0,5283840,33554432,1559,1547,3414,1922,6786,8622080,8351744,2076672,0,0,0,0,5840,353,642,367,1180,100,3,22
R-N-004358,54165,4096,12150930,4215953,3739,2102,16760832,1048576,524288,536576,0,5414912,33554432,1570,1581,3513,1952,6964,8409088,8351744,1863680,0,0,0,0,6033,365,700,368,1213,100,3,22
R-N-004358,56019,4096,12201106,4227819,3760,2112,16760832,1048576,524288,536576,0,5419008,33554432,1586,1588,3540,1990,7079,8409088,8351744,1863680,4096,0,0,0,6066,366,718,369,1219,100,3,22
R-N-004358,58040,4096,12227296,4228969,3770,2118,16760832,1048576,524288,536576,0,5414912,33554432,1595,1590,3571,2031,7198,8409088,8351744,1863680,16384,0,0,0,6080,367,724,369,1221,100,3,22
R-N-004358,60007,4096,12229344,4229061,3771,2121,16773120,1048576,524288,536576,0,5406720,33554432,1595,1590,3585,2056,7274,8409088,8364032,1863680,8192,0,0,0,6080,367,725,369,1221,100,3,22
R-N-004358,62126,4096,12512577,4294246,3861,2159,16900096,1048576,524288,536576,0,5451776,33554432,1668,1625,3718,2086,7482,8404992,8495104,1863680,0,0,0,0,6245,388,772,371,1254,100,3,22
R-N-004358,64032,4096,12844353,4323430,3981,2173,15937536,1048576,524288,536576,0,4554752,33554432,1733,1639,3839,2182,7757,8388608,7548928,1830912,0,0,0,0,6300,425,829,374,1265,100,3,20
R-N-004358,66127,0,13175677,4410470,4095,2217,15937536,1048576,524288,536576,0,4698112,33554432,1795,1683,3945,2439,8158,8384512,7553024,1830912,0,0,0,0,6482,450,879,381,1302,100,3,20
R-N-004358,68024,0,13477033,4445798,4195,2246,15835136,1048576,524288,536576,0,4640768,33554432,1851,1712,4043,2551,8425,8339456,7495680,1830912,0,0,0,0,6645,460,915,385,1327,100,3,20
R-N-004358,70049,0,13810081,4515430,4307,2278,15683584,1048576,524288,536576,0,4513792,33554432,1930,1744,4160,2747,8816,8355840,7327744,1830912,0,0,0,0,6782,474,957,389,1358,100,3,20
R-N-004358,72022,0,14160289,4543078,4450,2294,15306752,1048576,524288,643072,0,4235264,33554432,2045,1760,4305,2977,9265,8269824,7036928,1933312,0,0,0,0,6839,482,1027,393,1367,100,3,19
R-N-004358,74010,0,14450593,4568678,4562,2306,10661888,1048576,524288,536576,0,3657728,33554432,2065,1772,4417,3161,9600,4603904,6057984,1806336,966656,0,0,0,6885,505,1093,394,1378,76,3,17
R-N-004358,76004,0,14450593,4568678,4562,2306,10661888,1048576,524288,536576,0,3657728,33554432,2065,1772,4417,3173,9613,4603904,6057984,1806336,966656,0,0,0,6885,505,1093,394,1378,2,3,17
R-N-004358,78007,0,14451105,4568678,4563,2306,10661888,1048576,524288,536576,0,3657728,33554432,2065,1772,4418,3188,9629,4603904,6057984,1806336,962560,0,0,0,6885,505,1094,394,1378,2,3,17
R-N-004358,80014,0,14451105,4568678,4563,2306,10661888,1048576,524288,536576,0,3657728,33554432,2065,1772,4418,3200,9641,4603904,6057984,1806336,962560,0,0,0,6885,505,1094,394,1378,1,3,17
R-N-004358,82003,0,14451105,4568678,4563,2306,10661888,1048576,524288,536576,0,3657728,33554432,2065,1772,4418,3212,9653,4603904,6057984,1806336,962560,0,0,0,6885,505,1094,394,1378,1,3,17
R-N-004358,84008,0,14451105,4568678,4563,2306,10661888,1048576,524288,536576,0,3657728,33554432,2065,1772,4418,3224,9665,4603904,6057984,1806336,962560,0,0,0,6885,505,1094,394,1378,2,3,17
R-N-004358,86001,0,14451105,4568678,4563,2306,10661888,1048576,524288,536576,0,3657728,33554432,2065,1772,4418,3236,9677,4603904,6057984,1806336,962560,0,0,0,6885,505,1094,394,1378,1,3,17
R-N-004358,88005,0,14451105,4568678,4563,2306,10661888,1048576,524288,536576,0,3657728,33554432,2065,1772,4418,3248,9689,4603904,6057984,1806336,962560,0,0,0,6885,505,1094,394,1378,2,3,17
R-N-004358,90012,0,14451105,4568678,4563,2306,10661888,1048576,524288,536576,0,3657728,33554432,2065,1772,4418,3260,9701,4603904,6057984,1806336,962560,0,0,0,6885,505,1094,394,1378,2,3,17
R-N-004358,92001,0,14451105,4568678,4563,2306,10661888,1048576,524288,536576,0,3657728,33554432,2065,1772,4418,3272,9713,4603904,6057984,1806336,962560,0,0,0,6885,505,1094,394,1378,4,3,17
R-N-004358,94006,0,14451105,4568678,4563,2306,10661888,1048576,524288,536576,0,3657728,33554432,2065,1772,4418,3284,9725,4603904,6057984,1806336,962560,0,0,0,6885,505,1094,394,1378,2,3,17
R-N-004358,96011,0,14451105,4568678,4563,2306,10661888,1048576,524288,536576,0,3657728,33554432,2065,1772,4418,3296,9737,4603904,6057984,1806336,962560,0,0,0,6885,505,1094,394,1378,1,3,17
R-N-004358,98003,0,14451105,4568678,4563,2306,10661888,1048576,524288,536576,0,3657728,33554432,2065,1772,4418,3308,9749,4603904,6057984,1806336,962560,0,0,0,6885,505,1094,394,1378,3,3,17
R-N-004358,100009,0,14451105,4568678,4563,2306,10661888,1048576,524288,536576,0,3657728,33554432,2065,1772,4418,3320,9761,4603904,6057984,1806336,962560,0,0,0,6885,505,1094,394,1378,2,3,17
R-N-004358,102013,0,14451105,4568678,4563,2306,10661888,1048576,524288,536576,0,3657728,33554432,2065,1772,4418,3332,9773,4603904,6057984,1806336,962560,0,0,0,6885,505,1094,394,1378,1,3,17
R-N-004358,104004,0,14451105,4568678,4563,2306,10661888,1048576,524288,536576,0,3657728,33554432,2065,1772,4418,3347,9789,4603904,6057984,1806336,958464,0,0,0,6885,505,1095,394,1378,4,3,17
R-N-004358,106009,4096,14623649,4634454,4650,2309,10661888,1048576,524288,536576,0,3657728,33554432,2065,1772,4505,3432,9975,4603904,6057984,1806336,606208,0,0,0,6885,506,1180,394,1378,62,3,17
R-N-004358,108001,0,14623649,4634454,4650,2309,10661888,1048576,524288,536576,0,3657728,33554432,2065,1772,4505,3444,9987,4603904,6057984,1806336,606208,0,0,0,6885,506,1180,394,1378,3,3,17
R-N-004358,110007,0,14623649,4634454,4650,2309,10661888,1048576,524288,536576,0,3657728,33554432,2065,1772,4505,3456,9999,4603904,6057984,1806336,606208,0,0,0,6885,506,1180,394,1378,3,3,17
R-N-004358,112011,0,14623649,4634454,4650,2309,10661888,1048576,524288,536576,0,3657728,33554432,2065,1772,4505,3468,10011,4603904,6057984,1806336,606208,0,0,0,6885,506,1180,394,1378,3,3,17
R-N-004358,114002,0,14623649,4634454,4650,2309,10661888,1048576,524288,536576,0,3657728,33554432,2065,1772,4505,3480,10023,4603904,6057984,1806336,606208,0,0,0,6885,506,1180,394,1378,3,3,17
R-N-004358,116007,0,14623649,4634454,4650,2309,10661888,1048576,524288,536576,0,3657728,33554432,2065,1772,4505,3492,10035,4603904,6057984,1806336,606208,0,0,0,6885,506,1180,394,1378,3,3,17
R-N-004358,118012,0,14623649,4634454,4650,2309,10661888,1048576,524288,536576,0,3657728,33554432,2065,1772,4505,3504,10047,4603904,6057984,1806336,606208,0,0,0,6885,506,1180,394,1378,4,3,17
R-N-004358,120006,0,14623649,4634454,4650,2309,10661888,1048576,524288,536576,0,3657728,33554432,2065,1772,4505,3516,10059,4603904,6057984,1806336,606208,0,0,0,6885,506,1180,394,1378,4,3,17
R-N-004358,122000,0,14623649,4634454,4650,2309,10661888,1048576,524288,536576,0,3657728,33554432,2065,1772,4505,3528,10071,4603904,6057984,1806336,606208,0,0,0,6885,506,1180,394,1378,3,3,17
R-N-004358,124000,0,14627745,4640319,4651,2310,10661888,1048576,524288,536576,0,3657728,33554432,2065,1772,4506,3549,10099,4603904,6057984,1806336,602112,0,0,0,6885,506,1180,394,1378,8,3,17
R-N-004358,126006,0,14627745,4640319,4651,2310,10661888,1048576,524288,536576,0,3657728,33554432,2065,1772,4506,3561,10111,4603904,6057984,1806336,602112,0,0,0,6885,506,1180,394,1378,3,3,17
R-N-004358,128011,0,14627745,4640319,4651,2310,10661888,1048576,524288,536576,0,3657728,33554432,2065,1772,4506,3573,10123,4603904,6057984,1806336,602112,0,0,0,6885,506,1180,394,1378,2,3,17
R-N-004358,130004,0,14627745,4640319,4651,2310,10661888,1048576,524288,536576,0,3657728,33554432,2065,1772,4506,3585,10135,4603904,6057984,1806336,602112,0,0,0,6885,506,1180,394,1378,2,3,17
R-N-004358,132007,0,14627745,4640319,4651,2310,10661888,1048576,524288,536576,0,3657728,33554432,2065,1772,4506,3597,10147,4603904,6057984,1806336,602112,0,0,0,6885,506,1180,394,1378,1,3,17
R-N-004358,134014,0,14627745,4640319,4651,2310,10661888,1048576,524288,536576,0,3657728,33554432,2065,1772,4506,3609,10159,4603904,6057984,1806336,602112,0,0,0,6885,506,1180,394,1378,2,3,17
R-N-004358,136003,0,14627745,4640319,4651,2310,10661888,1048576,524288,536576,0,3657728,33554432,2065,1772,4506,3621,10171,4603904,6057984,1806336,602112,0,0,0,6885,506,1180,394,1378,1,3,17
R-N-004358,138008,0,14627745,4640319,4651,2310,10661888,1048576,524288,536576,0,3657728,33554432,2065,1772,4506,3633,10183,4603904,6057984,1806336,602112,0,0,0,6885,506,1180,394,1378,2,3,17
R-N-004358,140001,0,14627745,4640319,4651,2310,10661888,1048576,524288,536576,0,3657728,33554432,2065,1772,4506,3645,10195,4603904,6057984,1806336,602112,0,0,0,6885,506,1180,394,1378,2,3,17
R-N-004358,142005,0,14627745,4640319,4651,2310,10661888,1048576,524288,536576,0,3657728,33554432,2065,1772,4506,3657,10207,4603904,6057984,1806336,602112,0,0,0,6885,506,1180,394,1378,1,3,17
R-N-004358,144001,0,14627745,4640319,4651,2310,10661888,1048576,524288,536576,0,3657728,33554432,2065,1772,4506,3669,10219,4603904,6057984,1806336,602112,0,0,0,6885,506,1180,394,1378,3,3,17
R-N-004358,146001,0,14627745,4640319,4651,2310,10661888,1048576,524288,536576,0,3657728,33554432,2065,1772,4506,3681,10231,4603904,6057984,1806336,602112,0,0,0,6885,506,1180,394,1378,1,3,17
R-N-004358,148006,0,14627745,4640319,4651,2310,10661888,1048576,524288,536576,0,3657728,33554432,2065,1772,4506,3693,10243,4603904,6057984,1806336,602112,0,0,0,6885,506,1180,394,1378,2,3,17
R-N-004358,150011,0,14627745,4640319,4651,2310,10661888,1048576,524288,536576,0,3657728,33554432,2065,1772,4506,3705,10255,4603904,6057984,1806336,602112,0,0,0,6885,506,1180,394,1378,3,3,17
R-N-004358,152003,0,14627745,4640319,4651,2310,10661888,1048576,524288,536576,0,3657728,33554432,2065,1772,4506,3717,10267,4603904,6057984,1806336,602112,0,0,0,6885,506,1180,394,1378,3,3,17
R-N-004358,154012,0,14627745,4640319,4651,2310,10661888,1048576,524288,536576,0,3657728,33554432,2065,1772,4506,3729,10279,4603904,6057984,1806336,602112,0,0,0,6885,506,1180,394,1378,3,3,17
R-N-004358,156013,0,14627745,4640319,4651,2310,10661888,1048576,524288,536576,0,3657728,33554432,2065,1772,4506,3741,10291,4603904,6057984,1806336,602112,0,0,0,6885,506,1180,394,1378,4,3,17
R-N-004358,158004,0,14627745,4640319,4651,2310,10661888,1048576,524288,536576,0,3657728,33554432,2065,1772,4506,3753,10303,4603904,6057984,1806336,602112,0,0,0,6885,506,1180,394,1378,4,3,17
R-N-004358,160009,0,14627745,4640319,4651,2310,10661888,1048576,524288,536576,0,3657728,33554432,2065,1772,4506,3765,10315,4603904,6057984,1806336,602112,0,0,0,6885,506,1180,394,1378,3,3,17
R-N-004358,162001,0,14627745,4640319,4651,2310,10661888,1048576,524288,536576,0,3657728,33554432,2065,1772,4506,3777,10327,4603904,6057984,1806336,602112,0,0,0,6885,506,1180,394,1378,2,3,17
R-N-004358,164009,0,14627745,4640319,4651,2310,10661888,1048576,524288,536576,0,3657728,33554432,2065,1772,4506,3789,10339,4603904,6057984,1806336,602112,0,0,0,6885,506,1180,394,1378,5,3,17
R-N-004358,166011,0,14627745,4640319,4651,2310,10661888,1048576,524288,536576,0,3657728,33554432,2065,1772,4506,3803,10353,4603904,6057984,1806336,602112,0,0,0,6885,506,1180,394,1378,3,3,17
R-N-004358,168002,0,14627745,4640319,4651,2310,10661888,1048576,524288,536576,0,3657728,33554432,2065,1772,4506,3815,10365,4603904,6057984,1806336,602112,0,0,0,6885,506,1180,394,1378,3,3,17
R-N-004358,170007,0,14627745,4640319,4651,2310,10661888,1048576,524288,536576,0,3657728,33554432,2065,1772,4506,3827,10377,4603904,6057984,1806336,602112,0,0,0,6885,506,1180,394,1378,2,3,17
R-N-004358,172013,0,14627745,4640319,4651,2310,10661888,1048576,524288,536576,0,3657728,33554432,2065,1772,4506,3839,10389,4603904,6057984,1806336,602112,0,0,0,6885,506,1180,394,1378,1,3,17
R-N-004358,174005,0,14627745,4640319,4651,2310,10661888,1048576,524288,536576,0,3657728,33554432,2065,1772,4506,3851,10401,4603904,6057984,1806336,602112,0,0,0,6885,506,1180,394,1378,2,3,17
R-N-004358,176009,0,14627745,4640319,4651,2310,10661888,1048576,524288,536576,0,3657728,33554432,2065,1772,4506,3863,10413,4603904,6057984,1806336,602112,0,0,0,6885,506,1180,394,1378,1,3,17
R-N-004358,178000,0,14627745,4640319,4651,2310,10661888,1048576,524288,536576,0,3657728,33554432,2065,1772,4506,3875,10425,4603904,6057984,1806336,602112,0,0,0,6885,506,1180,394,1378,2,3,17
R-N-004358,180005,0,14627745,4640319,4651,2310,10661888,1048576,524288,536576,0,3657728,33554432,2065,1772,4506,3887,10437,4603904,6057984,1806336,602112,0,0,0,6885,506,1180,394,1378,3,3,17
R-N-004358,182010,0,14627745,4640319,4651,2310,10661888,1048576,524288,536576,0,3657728,33554432,2065,1772,4506,3899,10449,4603904,6057984,1806336,602112,0,0,0,6885,506,1180,394,1378,3,3,17
R-N-004358,184003,0,14627745,4640319,4651,2310,10661888,1048576,524288,536576,0,3657728,33554432,2065,1772,4506,3917,10467,4603904,6057984,1806336,602112,0,0,0,6885,506,1180,394,1378,2,3,17
R-N-004358,186007,0,14627745,4646240,4651,2311,10661888,1048576,524288,536576,0,3657728,33554432,2065,1772,4506,3935,10485,4603904,6057984,1806336,602112,0,0,0,6885,506,1180,394,1378,4,3,17
R-N-004358,188014,0,14627745,4646240,4651,2311,10661888,1048576,524288,536576,0,3657728,33554432,2065,1772,4506,3947,10497,4603904,6057984,1806336,602112,0,0,0,6885,506,1180,394,1378,3,3,17
R-N-004358,190003,0,14627745,4646240,4651,2311,10661888,1048576,524288,536576,0,3657728,33554432,2065,1772,4506,3959,10509,4603904,6057984,1806336,602112,0,0,0,6885,506,1180,394,1378,2,3,17
R-N-004358,192008,0,14627745,4646240,4651,2311,10661888,1048576,524288,536576,0,3657728,33554432,2065,1772,4506,3971,10521,4603904,6057984,1806336,602112,0,0,0,6885,506,1180,394,1378,1,3,17
R-N-004358,194002,0,14627745,4646240,4651,2311,10661888,1048576,524288,536576,0,3657728,33554432,2065,1772,4506,3983,10533,4603904,6057984,1806336,602112,0,0,0,6885,506,1180,394,1378,3,3,17
R-N-004358,196005,0,14627745,4646240,4651,2311,10661888,1048576,524288,536576,0,3657728,33554432,2065,1772,4506,3995,10545,4603904,6057984,1806336,602112,0,0,0,6885,506,1180,394,1378,1,3,17
R-N-004358,198013,0,14627745,4646240,4651,2311,10661888,1048576,524288,536576,0,3657728,33554432,2065,1772,4506,4007,10557,4603904,6057984,1806336,602112,0,0,0,6885,506,1180,394,1378,2,3,17
R-N-004358,200001,0,14627745,4646240,4651,2311,10661888,1048576,524288,536576,0,3657728,33554432,2065,1772,4506,4019,10569,4603904,6057984,1806336,602112,0,0,0,6885,506,1180,394,1378,3,3,17
R-N-004358,202006,0,14627745,4646240,4651,2311,10661888,1048576,524288,536576,0,3657728,33554432,2065,1772,4506,4031,10581,4603904,6057984,1806336,602112,0,0,0,6885,506,1180,394,1378,3,3,17
R-N-004358,204002,0,14627745,4646240,4651,2311,10661888,1048576,524288,536576,0,3657728,33554432,2065,1772,4506,4043,10593,4603904,6057984,1806336,602112,0,0,0,6885,506,1180,394,1378,3,3,17
R-N-004358,206003,0,14627745,4646240,4651,2311,10661888,1048576,524288,536576,0,3657728,33554432,2065,1772,4506,4055,10605,4603904,6057984,1806336,602112,0,0,0,6885,506,1180,394,1378,3,3,17
R-N-004358,208009,0,14627745,4646240,4651,2311,10661888,1048576,524288,536576,0,3657728,33554432,2065,1772,4506,4067,10617,4603904,6057984,1806336,602112,0,0,0,6885,506,1180,394,1378,4,3,17
R-N-004358,210013,0,14627745,4646240,4651,2311,10661888,1048576,524288,536576,0,3657728,33554432,2065,1772,4506,4079,10629,4603904,6057984,1806336,602112,0,0,0,6885,506,1180,394,1378,4,3,17
R-N-004358,212004,0,14627745,4646240,4651,2311,10661888,1048576,524288,536576,0,3657728,33554432,2065,1772,4506,4091,10641,4603904,6057984,1806336,602112,0,0,0,6885,506,1180,394,1378,3,3,17
R-N-004358,214009,0,14627745,4646240,4651,2311,10661888,1048576,524288,536576,0,3657728,33554432,2065,1772,4506,4103,10653,4603904,6057984,1806336,602112,0,0,0,6885,506,1180,394,1378,2,3,17
R-N-004358,216001,0,14627745,4646240,4651,2311,10661888,1048576,524288,536576,0,3657728,33554432,2065,1772,4506,4115,10665,4603904,6057984,1806336,602112,0,0,0,6885,506,1180,394,1378,2,3,17
R-N-004358,218007,0,14627745,4646240,4651,2311,10661888,1048576,524288,536576,0,3657728,33554432,2065,1772,4506,4127,10677,4603904,6057984,1806336,602112,0,0,0,6885,506,1180,394,1378,2,3,17
R-N-004358,220011,0,14627745,4646240,4651,2311,10661888,1048576,524288,536576,0,3657728,33554432,2065,1772,4506,4139,10689,4603904,6057984,1806336,602112,0,0,0,6885,506,1180,394,1378,2,3,17
R-N-004358,222002,0,14627745,4646240,4651,2311,10661888,1048576,524288,536576,0,3657728,33554432,2065,1772,4506,4151,10701,4603904,6057984,1806336,602112,0,0,0,6885,506,1180,394,1378,1,3,17
R-N-004358,224007,0,14627745,4646240,4651,2311,10661888,1048576,524288,536576,0,3657728,33554432,2065,1772,4506,4163,10713,4603904,6057984,1806336,602112,0,0,0,6885,506,1180,394,1378,2,3,17
R-N-004358,226013,0,14627745,4646240,4651,2311,10661888,1048576,524288,536576,0,3657728,33554432,2065,1772,4506,4175,10725,4603904,6057984,1806336,602112,0,0,0,6885,506,1180,394,1378,3,3,17
R-N-004358,228005,0,14627745,4646240,4651,2311,10661888,1048576,524288,536576,0,3657728,33554432,2065,1772,4506,4187,10737,4603904,6057984,1806336,602112,0,0,0,6885,506,1180,394,1378,3,3,17
R-N-004358,230009,0,14627745,4646240,4651,2311,10661888,1048576,524288,536576,0,3657728,33554432,2065,1772,4506,4201,10751,4603904,6057984,1806336,602112,0,0,0,6885,506,1180,394,1378,2,3,17
R-N-004358,232016,0,14627745,4646240,4651,2311,10661888,1048576,524288,536576,0,3657728,33554432,2065,1772,4506,4213,10763,4603904,6057984,1806336,602112,0,0,0,6885,506,1180,394,1378,1,3,17
R-N-004358,234005,0,14627745,4646240,4651,2311,10661888,1048576,524288,536576,0,3657728,33554432,2065,1772,4506,4225,10775,4603904,6057984,1806336,602112,0,0,0,6885,506,1180,394,1378,2,3,17
R-N-004358,236010,0,14627745,4646240,4651,2311,10661888,1048576,524288,536576,0,3657728,33554432,2065,1772,4506,4237,10787,4603904,6057984,1806336,602112,0,0,0,6885,506,1180,394,1378,2,3,17
R-N-004358,238003,0,14627745,4646240,4651,2311,10661888,1048576,524288,536576,0,3657728,33554432,2065,1772,4506,4249,10799,4603904,6057984,1806336,602112,0,0,0,6885,506,1180,394,1378,2,3,17
R-N-004358,240007,0,14627745,4646240,4651,2311,10661888,1048576,524288,536576,0,3657728,33554432,2065,1772,4506,4261,10811,4603904,6057984,1806336,602112,0,0,0,6885,506,1180,394,1378,3,3,17
R-N-004358,242013,0,14627745,4646240,4651,2311,10661888,1048576,524288,536576,0,3657728,33554432,2065,1772,4506,4273,10823,4603904,6057984,1806336,602112,0,0,0,6885,506,1180,394,1378,4,3,17
R-N-004358,244003,0,14627745,4646240,4651,2311,10661888,1048576,524288,536576,0,3657728,33554432,2065,1772,4506,4291,10841,4603904,6057984,1806336,602112,0,0,0,6885,506,1180,394,1378,3,3,17
R-N-004358,246008,0,14627745,4646240,4651,2311,10661888,1048576,524288,536576,0,3657728,33554432,2065,1772,4506,4303,10853,4603904,6057984,1806336,602112,0,0,0,6885,506,1180,394,1378,3,3,17
R-N-004358,248004,0,14627745,4652161,4651,2312,10661888,1048576,524288,536576,0,3657728,33554432,2065,1772,4506,4321,10871,4603904,6057984,1806336,602112,0,0,0,6885,506,1180,394,1378,6,3,17
R-N-004358,250005,0,14627745,4652161,4651,2312,10661888,1048576,524288,536576,0,3657728,33554432,2065,1772,4506,4333,10883,4603904,6057984,1806336,602112,0,0,0,6885,506,1180,394,1378,4,3,17
R-N-004358,252011,0,14627745,4652161,4651,2312,10661888,1048576,524288,536576,0,3657728,33554432,2065,1772,4506,4345,10895,4603904,6057984,1806336,602112,0,0,0,6885,506,1180,394,1378,3,3,17
R-N-004358,254001,0,14627745,4652161,4651,2312,10661888,1048576,524288,536576,0,3657728,33554432,2065,1772,4506,4357,10907,4603904,6057984,1806336,602112,0,0,0,6885,506,1180,394,1378,4,3,17
R-N-004358,256006,0,14627745,4652161,4651,2312,10661888,1048576,524288,536576,0,3657728,33554432,2065,1772,4506,4369,10919,4603904,6057984,1806336,602112,0,0,0,6885,506,1180,394,1378,2,3,17
R-N-004358,258011,0,14627745,4652161,4651,2312,10661888,1048576,524288,536576,0,3657728,33554432,2065,1772,4506,4381,10931,4603904,6057984,1806336,602112,0,0,0,6885,506,1180,394,1378,3,3,17
R-N-004358,260003,0,14627745,4652161,4651,2312,10661888,1048576,524288,536576,0,3657728,33554432,2065,1772,4506,4393,10943,4603904,6057984,1806336,602112,0,0,0,6885,506,1180,394,1378,1,3,17
R-N-004358,262009,0,14627745,4652161,4651,2312,10661888,1048576,524288,536576,0,3657728,33554432,2065,1772,4506,4405,10955,4603904,6057984,1806336,602112,0,0,0,6885,506,1180,394,1378,1,3,17
R-N-004358,264001,0,14627745,4652161,4651,2312,10661888,1048576,524288,536576,0,3657728,33554432,2065,1772,4506,4417,10967,4603904,6057984,1806336,602112,0,0,0,6885,506,1180,394,1378,2,3,17
R-N-004358,266004,0,14627745,4652161,4651,2312,10661888,1048576,524288,536576,0,3657728,33554432,2065,1772,4506,4429,10979,4603904,6057984,1806336,602112,0,0,0,6885,506,1180,394,1378,2,3,17
R-N-004358,268000,0,14627745,4652161,4651,2312,10661888,1048576,524288,536576,0,3657728,33554432,2065,1772,4506,4441,10991,4603904,6057984,1806336,602112,0,0,0,6885,506,1180,394,1378,2,3,17
R-N-004358,270004,0,14627745,4652161,4651,2312,10661888,1048576,524288,536576,0,3657728,33554432,2065,1772,4506,4453,11003,4603904,6057984,1806336,602112,0,0,0,6885,506,1180,394,1378,2,3,17
R-N-004358,272007,0,14627745,4652161,4651,2312,10661888,1048576,524288,536576,0,3657728,33554432,2065,1772,4506,4465,11015,4603904,6057984,1806336,602112,0,0,0,6885,506,1180,394,1378,3,3,17
R-N-004358,274011,0,14627745,4652161,4651,2312,10661888,1048576,524288,536576,0,3657728,33554432,2065,1772,4506,4477,11027,4603904,6057984,1806336,602112,0,0,0,6885,506,1180,394,1378,3,3,17
R-N-004358,276002,0,14627745,4652161,4651,2312,10661888,1048576,524288,536576,0,3657728,33554432,2065,1772,4506,4489,11039,4603904,6057984,1806336,602112,0,0,0,6885,506,1180,394,1378,2,3,17
R-N-004358,278007,0,14627745,4652161,4651,2312,10661888,1048576,524288,536576,0,3657728,33554432,2065,1772,4506,4501,11051,4603904,6057984,1806336,602112,0,0,0,6885,506,1180,394,1378,2,3,17
R-N-004358,280017,0,14627745,4652161,4651,2312,10661888,1048576,524288,536576,0,3657728,33554432,2065,1772,4506,4513,11063,4603904,6057984,1806336,602112,0,0,0,6885,506,1180,394,1378,1,3,17
R-N-004358,282005,0,14627745,4652161,4651,2312,10661888,1048576,524288,536576,0,3657728,33554432,2065,1772,4506,4525,11075,4603904,6057984,1806336,602112,0,0,0,6885,506,1180,394,1378,1,3,17
R-N-004358,284009,0,14627745,4652161,4651,2312,10661888,1048576,524288,536576,0,3657728,33554432,2065,1772,4506,4537,11087,4603904,6057984,1806336,602112,0,0,0,6885,506,1180,394,1378,3,3,17
R-N-004358,286015,0,14627745,4652161,4651,2312,10661888,1048576,524288,536576,0,3657728,33554432,2065,1772,4506,4549,11099,4603904,6057984,1806336,602112,0,0,0,6885,506,1180,394,1378,2,3,17
R-N-004358,288005,0,14627745,4652161,4651,2312,10661888,1048576,524288,536576,0,3657728,33554432,2065,1772,4506,4561,11111,4603904,6057984,1806336,602112,0,0,0,6885,506,1180,394,1378,3,3,17
R-N-004358,290010,0,14627745,4652161,4651,2312,10661888,1048576,524288,536576,0,3657728,33554432,2065,1772,4506,4573,11123,4603904,6057984,1806336,602112,0,0,0,6885,506,1180,394,1378,3,3,17
R-N-004358,292002,0,14627745,4652161,4651,2312,10661888,1048576,524288,536576,0,3657728,33554432,2065,1772,4506,4585,11135,4603904,6057984,1806336,602112,0,0,0,6885,506,1180,394,1378,2,3,17
R-N-004358,294007,0,14627745,4652161,4651,2312,10661888,1048576,524288,536576,0,3657728,33554432,2065,1772,4506,4597,11147,4603904,6057984,1806336,602112,0,0,0,6885,506,1180,394,1378,4,3,17
R-N-004358,296016,0,14627745,4652161,4651,2312,10661888,1048576,524288,536576,0,3657728,33554432,2065,1772,4506,4609,11159,4603904,6057984,1806336,602112,0,0,0,6885,506,1180,394,1378,3,3,17
R-N-004358,298003,0,14627745,4652161,4651,2312,10661888,1048576,524288,536576,0,3657728,33554432,2065,1772,4506,4621,11171,4603904,6057984,1806336,602112,0,0,0,6885,506,1180,394,1378,3,3,17
R-N-004358,300008,0,14627745,4652161,4651,2312,10661888,1048576,524288,536576,0,3657728,33554432,2065,1772,4506,4633,11183,4603904,6057984,1806336,602112,0,0,0,6885,506,1180,394,1378,4,3,17
