#
# 86Box v7.0 logfile, created 2026/10/10 14:28:50
#
# Emulator path: C:/Users/lycet/RiderProjects/86Box-Inboard/86box_xtcf/build/src//
# Global configuration file: C:/Users/lycet/AppData/Local/86Box/86box_global.cfg
# VM: vm_xtide_mpd
#
# Configuration file: C:/Users/lycet/RiderProjects/86Box-Inboard/vm_xtide_mpd/86box.cfg
#

# Userfiles path: C:/Users/lycet/RiderProjects/86Box-Inboard/vm_xtide_mpd/
# ROM path: C:/Users/lycet/RiderProjects/86Box-Inboard/vm_xtide_mpd/roms/
# ROM path: C:/Users/lycet/RiderProjects/86Box-Inboard/86box_xtcf/build/src//roms/
# ROM path: C:/Users/lycet/AppData/Local/86Box/roms/
# Asset path: C:/Users/lycet/RiderProjects/86Box-Inboard/vm_xtide_mpd/assets/
# Asset path: C:/Users/lycet/RiderProjects/86Box-Inboard/86box_xtcf/build/src//assets/
# Asset path: C:/Users/lycet/AppData/Local/86Box/assets/
MEMWATCH armed C0010808-C001081F
XTIDE: access trace off (XTIDE_TRACE=unset)
XTIDE: base 0300  stride 2  bios xtcf_lotech
PITCH0 reload 22 (0.018 ms) mode 0
PITCH0 reload 255 (0.214 ms) mode 0
PITCH0 reload 65536 (54.925 ms) mode 3
HEARTBEAT [F000:0000ED2A] cpl=0 pm=0 | B8 01 02 AB E2 F5 FC 47 47 8B F7 8B CB 8B D0 AD | eax=00000000 ebx=00002000 ecx=00000E8D esi=00001D16 edi=00001D18 esp=000000F6
HEARTBEAT [F000:0000ECAC] cpl=0 pm=0 | E4 00 24 FE 3A E0 8A E0 E4 00 74 F4 9D E2 EF 58 | eax=0000C0E9 ebx=00000206 ecx=0000001A esi=00000010 edi=00000000 esp=000000DE
HEARTBEAT [D000:000011B1] cpl=0 pm=0 | 76 18 88 D3 D1 E2 3C 16 72 18 B7 3E 74 04 88 D3 | eax=0000400E ebx=00000907 ecx=00000007 esi=00000001 edi=00000026 esp=00007ECE
HEARTBEAT [D000:00000ACE] cpl=0 pm=0 | 2B 06 08 7F 83 F8 48 72 F4 FA A1 04 7F A3 20 00 | eax=0000002B ebx=0000B004 ecx=0000FF01 esi=000005FB edi=00000026 esp=00007EFE
HEARTBEAT [D000:00001069] cpl=0 pm=0 | F3 6C C3 86 CD F3 6D C3 C1 E1 05 B3 08 AC 30 DA | eax=00000058 ebx=0000FF01 ecx=00001BC3 esi=00000010 edi=0000163D esp=0000FFC8
HEARTBEAT [F000:0000FE6E] cpl=0 pm=0 | E9 24 EB CC CC CC CC CC CC CC CC CC CC CC CC CC | eax=00000000 ebx=0000035A ecx=00000006 esi=000007D3 edi=000003B6 esp=000008EC
HEARTBEAT [8785:00009253] cpl=0 pm=0 | AA B4 00 2E 01 06 FC 8E E2 F4 5F B8 02 04 EF 8D | eax=847E847E ebx=00003778 ecx=00000004 esi=000038AD edi=0000B15C esp=0000118E
HEARTBEAT [9D3B:00001D15] cpl=0 pm=0 | E2 F8 1F C3 33 D2 BE 9B 87 B9 3C 00 E8 E3 FF BE | eax=0004A326 ebx=00000014 ecx=00003E18 esi=00000B6C edi=0000FFFF esp=0000087C
HEARTBEAT [D000:00000BF8] cpl=0 pm=0 | 88 46 07 EB 49 89 76 00 88 46 06 89 56 02 89 4E | eax=00000102 ebx=0000FF08 ecx=00000002 esi=00001D2C edi=00000010 esp=00000882
HEARTBEAT [D000:00000C6A] cpl=0 pm=0 | E8 21 00 3A 0E 09 00 74 09 88 0E 09 00 80 2E 08 | eax=00000880 ebx=0000FF07 ecx=00000104 esi=0000000C edi=00000010 esp=0000088E
HEARTBEAT [0C76:000045DC] cpl=0 pm=0 | F3 26 A4 8B F2 E9 AF FC A8 20 74 21 0F A4 C1 0A | eax=0000D710 ebx=00000043 ecx=00050003 esi=000506A3 edi=000006E6 esp=000066AE
HEARTBEAT [D000:00001125] cpl=0 pm=0 | 84 C0 78 04 84 E0 75 1A E8 3A FB 73 F0 E8 12 00 | eax=00000880 ebx=C003FF07 ecx=0000014D esi=0005000C edi=00000010 esp=00000894
PITCH0 reload 16384 (13.731 ms) mode 2
HEARTBEAT [0028:C0255CBB] cpl=0 pm=1 | 83 C6 04 49 75 F8 8B D0 C1 EA 10 5E C9 C3 00 00 | eax=583EDD3C ebx=C11CDB3C ecx=00002A76 esi=C10D5BA4 edi=C10CE57C esp=C13A1DAC
HEARTBEAT [D000:000011A4] cpl=3 pm=1 | B2 07 30 F6 8A 45 14 3C 0A 72 24 3C 0C 76 18 88 | eax=00000880 ebx=C152FF07 ecx=C0010191 esi=C032000C edi=C0320010 esp=00000890
HEARTBEAT [FF03:0000B660] cpl=3 pm=1 | F3 A6 74 07 26 80 7D FF 3F 74 F5 C3 36 83 3E 77 | eax=00000022 ebx=00001D18 ecx=00000008 esi=C0221E0F edi=202001A6 esp=0000090A
HEARTBEAT [0028:C0FDBE9C] cpl=0 pm=1 | E2 FE EB EA 55 8B EC 56 57 53 8B 75 08 81 FE 06 | eax=00103D98 ebx=C0FD64D4 ecx=000B6CFE esi=C0FDB323 edi=00000340 esp=C13B95F0
HEARTBEAT [0028:C0FDBE9C] cpl=0 pm=1 | E2 FE EB EA 55 8B EC 56 57 53 8B 75 08 81 FE 06 | eax=002899FF ebx=C0FD64D4 ecx=001371E0 esi=C0FDB323 edi=00000340 esp=C13B9610
HEARTBEAT [0028:C0255CBB] cpl=0 pm=1 | 83 C6 04 49 75 F8 8B D0 C1 EA 10 5E C9 C3 00 00 | eax=4F5DFF99 ebx=00000000 ecx=00004161 esi=C10CFFF8 edi=00012000 esp=C13A1D88
HEARTBEAT [0028:C0275AC5] cpl=0 pm=1 | 66 2B 44 1A 24 8B 54 1A 28 D1 EA 8D 54 1A 20 66 | eax=00000036 ebx=C1136CE8 ecx=00000005 esi=C0FD9B46 edi=C0FD9B30 esp=C13A1B98
[0117:0000B929] Illegal instruction 00008B55 (FF)
HEARTBEAT [0028:C0001736] cpl=0 pm=1 | 66 39 41 06 74 04 8B 09 EB F4 C3 00 00 00 68 01 | eax=0000000D ebx=0000800F ecx=C002D90C esi=C028B156 edi=C1590030 esp=C13A1E20
MEMWATCH [0028:C000921F] w4 C0010810 = C0FD8528 | eax=C001080C ebx=81515C70 ecx=00000000 edx=C0FD1320 esi=C001080C edi=C0FD8528 ebp=C13A1E64
MEMWATCH  node C0FD8528 | 01 08 51 00 0C 08 01 C0 A0 13 FD C0 54 48 43 42 70 0F ED C0 E8 00 52 C1 02 00 00 00 00 00 00 00 
MEMWATCH  stack esp=C13A1E1C | C0FD13A0 C00092D5 C13A1E98 C0FD13A0 C13A1E64 C13A1E44 81515C70 C0FD1320 
HEARTBEAT [0117:0000167F] cpl=3 pm=1 | 8A 44 02 38 46 FA 75 3E 8B 5C 03 8A 44 01 26 80 | eax=00000004 ebx=00000013 ecx=00000001 esi=00001005 edi=00001827 esp=C13A1E10
HEARTBEAT [0028:C025AEA3] cpl=0 pm=1 | FF 45 FC 83 7D FC 07 0F 83 24 00 00 00 8B 45 FC | eax=C032071C ebx=C141FDC8 ecx=C0FDB658 esi=C141FCAC edi=00000014 esp=C13A1E14
MEMWATCH [0028:C000921F] w4 C0010810 = C0FD54A8 | eax=C001080C ebx=81516D5C ecx=00000000 edx=C10CD6F8 esi=C001080C edi=C0FD54A8 ebp=C13A1E64
MEMWATCH  node C0FD54A8 | 01 08 51 00 0C 08 01 C0 78 D7 0C C1 54 48 43 42 70 2F ED C0 E8 00 52 C1 03 00 00 00 00 00 00 00 
MEMWATCH  stack esp=C13A1E1C | C10CD778 C00092D5 C13A1E98 C10CD778 C13A1E64 C13A1E44 81516D5C C10CD6F8 
MEMWATCH [0028:C000921F] w4 C0010810 = C0FD626C | eax=C001080C ebx=815177F0 ecx=00000000 edx=C0FD6190 esi=C001080C edi=C0FD626C ebp=C13A1E70
MEMWATCH  node C0FD626C | 01 08 51 00 0C 08 01 C0 3C 0C FD C0 54 48 43 42 70 6F ED C0 E8 00 52 C1 05 00 00 00 00 00 00 00 
MEMWATCH  stack esp=C13A1E28 | C0FD0C3C C00092D5 C159F068 C0FD0C3C C13A1E70 C13A1E50 815177F0 C0FD6190 
MEMWATCH [0028:C000921F] w4 C0010810 = C0FD4280 | eax=C001080C ebx=C15200E8 ecx=00000000 edx=C0FD4194 esi=C001080C edi=C0FD4280 ebp=C0ED4E88
MEMWATCH  node C0FD4280 | 01 08 51 00 0C 08 01 C0 14 42 FD C0 54 48 43 42 70 8F ED C0 E8 00 52 C1 06 00 00 00 00 00 00 00 
MEMWATCH  stack esp=C0ED4E40 | C0FD4214 C00092D5 C0001300 C0FD4214 C0ED4E88 C0ED4E68 C15200E8 C0FD4194 
MEMWATCH [0028:C000921F] w4 C0010810 = C0FD6094 | eax=C001080C ebx=00000000 ecx=00000002 edx=C0FD5FA8 esi=C001080C edi=C0FD6094 ebp=C0ED8E6C
MEMWATCH  node C0FD6094 | 01 08 51 00 0C 08 01 C0 28 60 FD C0 54 48 43 42 70 4F ED C0 E8 00 52 C1 04 00 3F 01 78 9F 17 80 
MEMWATCH  stack esp=C0ED8E24 | C0FD6028 C00092D5 81517494 C0FD6028 C0ED8E6C C0ED8E4C 00000000 C0FD5FA8 
MEMWATCH [0028:C000921F] w4 C0010810 = C0FD6094 | eax=C001080C ebx=C15200E8 ecx=00000000 edx=C025C988 esi=C001080C edi=C0FD6094 ebp=C0ED8F70
MEMWATCH  node C0FD6094 | 01 08 51 00 0C 08 01 C0 24 68 FD C0 54 48 43 42 70 4F ED C0 E8 00 52 C1 04 00 3F 01 78 9F 17 80 
MEMWATCH  stack esp=C0ED8E54 | C0FD6824 C00092D5 C0001300 C0FD6824 C0ED8F70 C0ED8E7C C15200E8 C025C988 
MEMWATCH [0028:C000921F] w4 C0010810 = C0FD6094 | eax=C001080C ebx=00000000 ecx=00000001 edx=C0FD5FA8 esi=C001080C edi=C0FD6094 ebp=C0ED8E6C
MEMWATCH  node C0FD6094 | 01 08 51 00 0C 08 01 C0 28 60 FD C0 54 48 43 42 70 4F ED C0 E8 00 52 C1 04 00 3F 01 78 9F 17 80 
MEMWATCH  stack esp=C0ED8E24 | C0FD6028 C00092D5 81517494 C0FD6028 C0ED8E6C C0ED8E4C 00000000 C0FD5FA8 
MEMWATCH [0028:C000921F] w4 C0010810 = C0FD6094 | eax=C001080C ebx=C15200E8 ecx=00000000 edx=C025C988 esi=C001080C edi=C0FD6094 ebp=C0ED8F70
MEMWATCH  node C0FD6094 | 01 08 51 00 0C 08 01 C0 24 68 FD C0 54 48 43 42 70 4F ED C0 E8 00 52 C1 04 00 3F 01 78 9F 17 80 
MEMWATCH  stack esp=C0ED8E54 | C0FD6824 C00092D5 C0001300 C0FD6824 C0ED8F70 C0ED8E7C C15200E8 C025C988 
HEARTBEAT [0028:C000282C] cpl=0 pm=1 | 66 8C E1 0F 03 C9 81 F9 FF FF 00 00 77 03 0F B7 | eax=00000000 ebx=C15200E8 ecx=C1520201 esi=00000FF4 edi=C0FD4314 esp=C0ED8CF0
MEMWATCH [0028:C000921F] w4 C0010810 = C0FD4280 | eax=C001080C ebx=815186A4 ecx=00000000 edx=C0FD4194 esi=C001080C edi=C0FD4280 ebp=C0ED4DD4
MEMWATCH  node C0FD4280 | 01 08 51 00 0C 08 01 C0 14 42 FD C0 54 48 43 42 70 8F ED C0 E8 00 52 C1 06 00 3F 01 A0 FD 72 00 
MEMWATCH  stack esp=C0ED4D8C | C0FD4214 C00092D5 C0FD6094 C0FD4214 C0ED4DD4 C0ED4DB4 815186A4 C0FD4194 
MEMWATCH [0028:C000921F] w4 C0010810 = C0FDFD28 | eax=C001080C ebx=C15200E8 ecx=00000000 edx=C0FDFC4C esi=C001080C edi=C0FDFD28 ebp=C0ED4DE4
MEMWATCH  node C0FDFD28 | 01 08 51 00 0C 08 01 C0 58 5F FD C0 54 48 43 42 70 AF ED C0 E8 00 52 C1 07 00 00 00 00 00 00 00 
MEMWATCH  stack esp=C0ED4D9C | C0FD5F58 C00092D5 C0FDFD28 C0FD5F58 C0ED4DE4 C0ED4DC4 C15200E8 C0FDFC4C 
HEARTBEAT [0028:C13C8510] cpl=0 pm=1 | 75 FD 59 49 75 E6 0F B6 C0 A3 44 94 3C C1 F9 C3 | eax=00000080 ebx=C13A2DC4 ecx=000000F0 esi=C15BA200 edi=C0FD6530 esp=C13B99D4
MEMWATCH [0028:C000921F] w4 C0010810 = C0FDFD28 | eax=C001080C ebx=C15200E8 ecx=00000000 edx=C0FDFC4C esi=C001080C edi=C0FDFD28 ebp=C0ED4E80
MEMWATCH  node C0FDFD28 | 01 08 51 00 0C 08 01 C0 58 5F FD C0 54 48 43 42 70 AF ED C0 E8 00 52 C1 07 00 27 1F 66 1F ED C0 
MEMWATCH  stack esp=C0ED4E38 | C0FD5F58 C00092D5 C0FDFD28 C0FD5F58 C0ED4E80 C0ED4E60 C15200E8 C0FDFC4C 
MEMWATCH [0028:C000921F] w4 C0010810 = C0FD6094 | eax=C001080C ebx=81517494 ecx=00000000 edx=C0FD5FA8 esi=C001080C edi=C0FD6094 ebp=C0EDCE64
MEMWATCH  node C0FD6094 | 01 08 51 00 0C 08 01 C0 28 60 FD C0 54 48 43 42 70 4F ED C0 E8 00 52 C1 04 00 3F 01 E0 9D 17 80 
MEMWATCH  stack esp=C0EDCE1C | C0FD6028 C00092D5 C0EDCE98 C0FD6028 C0EDCE64 C0EDCE44 81517494 C0FD5FA8 
MEMWATCH [0028:C000921F] w4 C0010810 = C0FD6094 | eax=C001080C ebx=81517494 ecx=00000000 edx=C0FD5FA8 esi=C001080C edi=C0FD6094 ebp=C0EDCE64
MEMWATCH  node C0FD6094 | 01 08 51 00 0C 08 01 C0 28 60 FD C0 54 48 43 42 70 4F ED C0 E8 00 52 C1 04 00 3F 01 E0 9D 17 80 
MEMWATCH  stack esp=C0EDCE1C | C0FD6028 C00092D5 C0EDCE98 C0FD6028 C0EDCE64 C0EDCE44 81517494 C0FD5FA8 
MEMWATCH [0028:C000921F] w4 C0010810 = C0FD6094 | eax=C001080C ebx=C15200E8 ecx=0000000A edx=C0FD5FA8 esi=C001080C edi=C0FD6094 ebp=C0EDCCF4
MEMWATCH  node C0FD6094 | 01 08 51 00 0C 08 01 C0 28 60 FD C0 54 48 43 42 70 4F ED C0 E8 00 52 C1 04 00 3F 01 E0 9D 17 80 
MEMWATCH  stack esp=C0EDCCAC | C0FD6028 C00092D5 C0FE02A0 C0FD6028 C0EDCCF4 C0EDCCD4 C15200E8 C0FD5FA8 
MEMWATCH [0028:C000921F] w4 C0010810 = C0FD6094 | eax=C001080C ebx=81517494 ecx=00000000 edx=C0FD5FA8 esi=C001080C edi=C0FD6094 ebp=C0EDCE64
MEMWATCH  node C0FD6094 | 01 08 51 00 0C 08 01 C0 28 60 FD C0 54 48 43 42 70 4F ED C0 E8 00 52 C1 04 00 3F 01 E0 9D 17 80 
MEMWATCH  stack esp=C0EDCE1C | C0FD6028 C00092D5 C0EDCE98 C0FD6028 C0EDCE64 C0EDCE44 81517494 C0FD5FA8 
MEMWATCH [0028:C000921F] w4 C0010810 = C0FD6094 | eax=C001080C ebx=81517494 ecx=00000000 edx=C0FD5FA8 esi=C001080C edi=C0FD6094 ebp=C0EDCE64
MEMWATCH  node C0FD6094 | 01 08 51 00 0C 08 01 C0 28 60 FD C0 54 48 43 42 70 4F ED C0 E8 00 52 C1 04 00 3F 01 3C 9F 17 80 
MEMWATCH  stack esp=C0EDCE1C | C0FD6028 C00092D5 C0EDCE98 C0FD6028 C0EDCE64 C0EDCE44 81517494 C0FD5FA8 
MEMWATCH [0028:C000921F] w4 C0010810 = C159F068 | eax=C001080C ebx=C15200E8 ecx=00000000 edx=C0FD6B58 esi=C001080C edi=C159F068 ebp=C0ED4E80
MEMWATCH  node C159F068 | 01 08 41 00 0C 08 01 C0 A4 30 FD C0 54 48 43 42 70 1F 3A C1 E8 00 52 C1 01 00 8F 00 8C 1F 3A C1 
MEMWATCH  stack esp=C0ED4E38 | C0FD30A4 C00092D5 C159F068 C0FD30A4 C0ED4E80 C0ED4E60 C15200E8 C0FD6B58 
HEARTBEAT [0137:BFF78304] cpl=3 pm=1 | 74 5F 83 7C 24 14 00 74 42 C1 E5 0C 8B FE 2B EE | eax=00440074 ebx=00000034 ecx=00440074 esi=0054046C edi=00000B5C esp=0066F1BC
MEMWATCH [0028:C000921F] w4 C0010810 = C159F068 | eax=C001080C ebx=8161430C ecx=00000000 edx=C0FD6B58 esi=C001080C edi=C159F068 ebp=C0EDCE64
MEMWATCH  node C159F068 | 01 08 41 00 0C 08 01 C0 A4 30 FD C0 54 48 43 42 70 1F 3A C1 E8 00 52 C1 01 00 2F 01 F6 11 00 00 
MEMWATCH  stack esp=C0EDCE1C | C0FD30A4 C00092D5 C0EDCE98 C0FD30A4 C0EDCE64 C0EDCE44 8161430C C0FD6B58 
MEMWATCH [0028:C000921F] w4 C0010810 = C0FD6094 | eax=C001080C ebx=81517494 ecx=00000000 edx=C0FD5FA8 esi=C001080C edi=C0FD6094 ebp=C0EDCE64
MEMWATCH  node C0FD6094 | 01 08 51 00 0C 08 01 C0 28 60 FD C0 54 48 43 42 70 4F ED C0 E8 00 52 C1 04 00 DF 14 88 32 00 00 
MEMWATCH  stack esp=C0EDCE1C | C0FD6028 C00092D5 C0EDCE98 C0FD6028 C0EDCE64 C0EDCE44 81517494 C0FD5FA8 
MEMWATCH [0028:C000921F] w4 C0010810 = C159F068 | eax=C001080C ebx=C15200E8 ecx=00000000 edx=C0FD6B58 esi=C001080C edi=C159F068 ebp=C0ED4E80
MEMWATCH  node C159F068 | 01 08 41 00 0C 08 01 C0 A4 30 FD C0 54 48 43 42 70 1F 3A C1 E8 00 52 C1 01 00 2F 01 F6 11 00 00 
MEMWATCH  stack esp=C0ED4E38 | C0FD30A4 C00092D5 C159F068 C0FD30A4 C0ED4E80 C0ED4E60 C15200E8 C0FD6B58 
MEMWATCH [0028:C000921F] w4 C0010810 = C159F068 | eax=C001080C ebx=8161430C ecx=00000000 edx=C0FD6B58 esi=C001080C edi=C159F068 ebp=C0EDCE64
MEMWATCH  node C159F068 | 01 08 41 00 0C 08 01 C0 A4 30 FD C0 54 48 43 42 70 1F 3A C1 E8 00 52 C1 01 00 2F 01 F6 11 00 00 
MEMWATCH  stack esp=C0EDCE1C | C0FD30A4 C00092D5 C0EDCE98 C0FD30A4 C0EDCE64 C0EDCE44 8161430C C0FD6B58 
MEMWATCH [0028:C000921F] w4 C0010810 = C159F068 | eax=C001080C ebx=C15200E8 ecx=00000000 edx=C0FD6B58 esi=C001080C edi=C159F068 ebp=C0ED4E80
MEMWATCH  node C159F068 | 01 08 41 00 0C 08 01 C0 A4 30 FD C0 54 48 43 42 70 1F 3A C1 E8 00 52 C1 01 00 2F 01 F6 11 00 00 
MEMWATCH  stack esp=C0ED4E38 | C0FD30A4 C00092D5 C159F068 C0FD30A4 C0ED4E80 C0ED4E60 C15200E8 C0FD6B58 
MEMWATCH [0028:C000921F] w4 C0010810 = C159F068 | eax=C001080C ebx=8161430C ecx=8151A2EC edx=C0FD6B58 esi=C001080C edi=C159F068 ebp=C0EDCE64
MEMWATCH  node C159F068 | 01 08 41 00 0C 08 01 C0 A4 30 FD C0 54 48 43 42 70 1F 3A C1 E8 00 52 C1 01 00 2F 01 F6 11 00 00 
MEMWATCH  stack esp=C0EDCE1C | C0FD30A4 C00092D5 C0EDCE98 C0FD30A4 C0EDCE64 C0EDCE44 8161430C C0FD6B58 
MEMWATCH [0028:C000921F] w4 C0010810 = C159F068 | eax=C001080C ebx=C15200E8 ecx=00000000 edx=C0FD6B58 esi=C001080C edi=C159F068 ebp=C0ED4E80
MEMWATCH  node C159F068 | 01 08 41 00 0C 08 01 C0 A4 30 FD C0 54 48 43 42 70 1F 3A C1 E8 00 52 C1 01 00 2F 01 F6 11 00 00 
MEMWATCH  stack esp=C0ED4E38 | C0FD30A4 C00092D5 C159F068 C0FD30A4 C0ED4E80 C0ED4E60 C15200E8 C0FD6B58 
MEMWATCH [0028:C000921F] w4 C0010810 = C0FE0790 | eax=C001080C ebx=8151A2EC ecx=8161430C edx=C0FE0670 esi=C001080C edi=C0FE0790 ebp=C0EDCE64
MEMWATCH  node C0FE0790 | 01 08 51 00 0C 08 01 C0 64 FF FD C0 54 48 43 42 70 0F EF C0 E8 00 52 C1 0B 00 3F 01 10 FD 78 00 
MEMWATCH  stack esp=C0EDCE1C | C0FDFF64 C00092D5 C0EDCE98 C0FDFF64 C0EDCE64 C0EDCE44 8151A2EC C0FE0670 
MEMWATCH [0028:C000921F] w4 C0010810 = C159F068 | eax=C001080C ebx=8161430C ecx=00000000 edx=C0FD6B58 esi=C001080C edi=C159F068 ebp=C0EF0E64
MEMWATCH  node C159F068 | 01 08 41 00 0C 08 01 C0 A4 30 FD C0 54 48 43 42 70 1F 3A C1 E8 00 52 C1 01 00 2F 01 F6 11 00 00 
MEMWATCH  stack esp=C0EF0E1C | C0FD30A4 C00092D5 C0EF0E98 C0FD30A4 C0EF0E64 C0EF0E44 8161430C C0FD6B58 
MEMWATCH [0028:C000921F] w4 C0010810 = C159F068 | eax=C001080C ebx=C15200E8 ecx=00000000 edx=C0FD6B58 esi=C001080C edi=C159F068 ebp=C0ED4E80
MEMWATCH  node C159F068 | 01 08 41 00 0C 08 01 C0 A4 30 FD C0 54 48 43 42 70 1F 3A C1 E8 00 52 C1 01 00 2F 01 F6 11 00 00 
MEMWATCH  stack esp=C0ED4E38 | C0FD30A4 C00092D5 C159F068 C0FD30A4 C0ED4E80 C0ED4E60 C15200E8 C0FD6B58 
MEMWATCH [0028:C000921F] w4 C0010810 = C159F068 | eax=C001080C ebx=8161430C ecx=00000000 edx=C0FD6B58 esi=C001080C edi=C159F068 ebp=C0EDCE64
MEMWATCH  node C159F068 | 01 08 41 00 0C 08 01 C0 A4 30 FD C0 54 48 43 42 70 1F 3A C1 E8 00 52 C1 01 00 2F 01 F6 11 00 00 
MEMWATCH  stack esp=C0EDCE1C | C0FD30A4 C00092D5 C0EDCE98 C0FD30A4 C0EDCE64 C0EDCE44 8161430C C0FD6B58 
MEMWATCH [0028:C000921F] w4 C0010810 = C159F068 | eax=C001080C ebx=C15200E8 ecx=00000000 edx=C0FD6B58 esi=C001080C edi=C159F068 ebp=C0ED4E80
MEMWATCH  node C159F068 | 01 08 41 00 0C 08 01 C0 A4 30 FD C0 54 48 43 42 70 1F 3A C1 E8 00 52 C1 01 00 2F 01 F6 11 00 00 
MEMWATCH  stack esp=C0ED4E38 | C0FD30A4 C00092D5 C159F068 C0FD30A4 C0ED4E80 C0ED4E60 C15200E8 C0FD6B58 
MEMWATCH [0028:C000921F] w4 C0010810 = C159F068 | eax=C001080C ebx=8161430C ecx=00000000 edx=C0FD6B58 esi=C001080C edi=C159F068 ebp=C0EDCE64
MEMWATCH  node C159F068 | 01 08 41 00 0C 08 01 C0 A4 30 FD C0 54 48 43 42 70 1F 3A C1 E8 00 52 C1 01 00 2F 01 F6 11 00 00 
MEMWATCH  stack esp=C0EDCE1C | C0FD30A4 C00092D5 C0EDCE98 C0FD30A4 C0EDCE64 C0EDCE44 8161430C C0FD6B58 
MEMWATCH [0028:C000921F] w4 C0010810 = C159F068 | eax=C001080C ebx=C15200E8 ecx=00000000 edx=C0FD6B58 esi=C001080C edi=C159F068 ebp=C0ED4E80
MEMWATCH  node C159F068 | 01 08 41 00 0C 08 01 C0 A4 30 FD C0 54 48 43 42 70 1F 3A C1 E8 00 52 C1 01 00 2F 01 F6 11 00 00 
MEMWATCH  stack esp=C0ED4E38 | C0FD30A4 C00092D5 C159F068 C0FD30A4 C0ED4E80 C0ED4E60 C15200E8 C0FD6B58 
MEMWATCH [0028:C000921F] w4 C0010810 = C159F068 | eax=C001080C ebx=8161430C ecx=00000000 edx=C0FD6B58 esi=C001080C edi=C159F068 ebp=C0EDCE64
MEMWATCH  node C159F068 | 01 08 41 00 0C 08 01 C0 A4 30 FD C0 54 48 43 42 70 1F 3A C1 E8 00 52 C1 01 00 2F 01 F6 11 00 00 
MEMWATCH  stack esp=C0EDCE1C | C0FD30A4 C00092D5 C0EDCE98 C0FD30A4 C0EDCE64 C0EDCE44 8161430C C0FD6B58 
MEMWATCH [0028:C000921F] w4 C0010810 = C159F068 | eax=C001080C ebx=C15200E8 ecx=00000000 edx=C0FD6B58 esi=C001080C edi=C159F068 ebp=C0ED4E80
MEMWATCH  node C159F068 | 01 08 41 00 0C 08 01 C0 A4 30 FD C0 54 48 43 42 70 1F 3A C1 E8 00 52 C1 01 00 2F 01 F6 11 00 00 
MEMWATCH  stack esp=C0ED4E38 | C0FD30A4 C00092D5 C159F068 C0FD30A4 C0ED4E80 C0ED4E60 C15200E8 C0FD6B58 
MEMWATCH [0028:C000921F] w4 C0010810 = C159F068 | eax=C001080C ebx=8161430C ecx=00000000 edx=C0FD6B58 esi=C001080C edi=C159F068 ebp=C0EDCE64
MEMWATCH  node C159F068 | 01 08 41 00 0C 08 01 C0 A4 30 FD C0 54 48 43 42 70 1F 3A C1 E8 00 52 C1 01 00 2F 01 F6 11 00 00 
MEMWATCH  stack esp=C0EDCE1C | C0FD30A4 C00092D5 C0EDCE98 C0FD30A4 C0EDCE64 C0EDCE44 8161430C C0FD6B58 
MEMWATCH [0028:C000921F] w4 C0010810 = C0FD6094 | eax=C001080C ebx=C15200E8 ecx=00000000 edx=C0FD5FA8 esi=C001080C edi=C0FD6094 ebp=C0EDAE80
MEMWATCH  node C0FD6094 | 01 08 51 00 0C 08 01 C0 28 60 FD C0 54 48 43 42 70 4F ED C0 E8 00 52 C1 04 00 DF 14 88 32 00 00 
MEMWATCH  stack esp=C0EDAE38 | C0FD6028 C00092D5 C0FD6094 C0FD6028 C0EDAE80 C0EDAE60 C15200E8 C0FD5FA8 
MEMWATCH [0028:C000921F] w4 C0010810 = C159F068 | eax=C001080C ebx=C15200E8 ecx=00000000 edx=C0FD6B58 esi=C001080C edi=C159F068 ebp=C0EDAE80
MEMWATCH  node C159F068 | 01 08 41 00 0C 08 01 C0 A4 30 FD C0 54 48 43 42 70 1F 3A C1 E8 00 52 C1 01 00 2F 01 F6 11 00 00 
MEMWATCH  stack esp=C0EDAE38 | C0FD30A4 C00092D5 C159F068 C0FD30A4 C0EDAE80 C0EDAE60 C15200E8 C0FD6B58 
MEMWATCH [0028:C000921F] w4 C0010810 = C159F068 | eax=C001080C ebx=8161430C ecx=00000000 edx=C0FD6B58 esi=C001080C edi=C159F068 ebp=C0EDCE64
MEMWATCH  node C159F068 | 01 08 41 00 0C 08 01 C0 A4 30 FD C0 54 48 43 42 70 1F 3A C1 E8 00 52 C1 01 00 2F 01 F6 11 00 00 
MEMWATCH  stack esp=C0EDCE1C | C0FD30A4 C00092D5 C0EDCE98 C0FD30A4 C0EDCE64 C0EDCE44 8161430C C0FD6B58 
MEMWATCH [0028:C000921F] w4 C0010810 = C0FE02A0 | eax=C001080C ebx=00000000 ecx=00000001 edx=C0FE01C4 esi=C001080C edi=C0FE02A0 ebp=C0ED4E6C
MEMWATCH  node C0FE02A0 | 01 08 51 00 0C 08 01 C0 B4 FF FD C0 54 48 43 42 70 CF ED C0 E8 00 52 C1 0A 00 3F 01 2C F8 66 00 
MEMWATCH  stack esp=C0ED4E24 | C0FDFFB4 C00092D5 8151AD84 C0FDFFB4 C0ED4E6C C0ED4E4C 00000000 C0FE01C4 
MEMWATCH [0028:C000921F] w4 C0010810 = C0FE02A0 | eax=C001080C ebx=C15200E8 ecx=00000000 edx=C025C988 esi=C001080C edi=C0FE02A0 ebp=C0ED4F70
MEMWATCH  node C0FE02A0 | 01 08 51 00 0C 08 01 C0 24 68 FD C0 54 48 43 42 70 CF ED C0 E8 00 52 C1 0A 00 3F 01 2C F8 66 00 
MEMWATCH  stack esp=C0ED4E54 | C0FD6824 C00092D5 C0001300 C0FD6824 C0ED4F70 C0ED4E7C C15200E8 C025C988 
MEMWATCH [0028:C000921F] w4 C0010810 = C0FD6094 | eax=C001080C ebx=81517494 ecx=00000000 edx=C0FD5FA8 esi=C001080C edi=C0FD6094 ebp=C0EDCE64
MEMWATCH  node C0FD6094 | 01 18 51 00 0C 08 01 C0 28 60 FD C0 54 48 43 42 70 4F ED C0 E8 00 52 C1 04 00 DF 14 7E 32 00 00 
MEMWATCH  stack esp=C0EDCE1C | C0FD6028 C00092D5 C0EDCE98 C0FD6028 C0EDCE64 C0EDCE44 81517494 C0FD5FA8 
MEMWATCH [0028:C000921F] w4 C0010810 = C159F068 | eax=C001080C ebx=C15200E8 ecx=00000000 edx=C0FD6B58 esi=C001080C edi=C159F068 ebp=C0ED4E80
MEMWATCH  node C159F068 | 01 08 41 00 0C 08 01 C0 A4 30 FD C0 54 48 43 42 70 1F 3A C1 E8 00 52 C1 01 00 2F 01 F6 11 00 00 
MEMWATCH  stack esp=C0ED4E38 | C0FD30A4 C00092D5 C159F068 C0FD30A4 C0ED4E80 C0ED4E60 C15200E8 C0FD6B58 
MEMWATCH [0028:C000921F] w4 C0010810 = C159F068 | eax=C001080C ebx=8161430C ecx=00000000 edx=C0FD6B58 esi=C001080C edi=C159F068 ebp=C0EDCE64
MEMWATCH  node C159F068 | 01 08 41 00 0C 08 01 C0 A4 30 FD C0 54 48 43 42 70 1F 3A C1 E8 00 52 C1 01 00 2F 01 F6 11 00 00 
MEMWATCH  stack esp=C0EDCE1C | C0FD30A4 C00092D5 C0EDCE98 C0FD30A4 C0EDCE64 C0EDCE44 8161430C C0FD6B58 
MEMWATCH [0028:C000921F] w4 C0010810 = C0FD6094 | eax=C001080C ebx=81517494 ecx=00000000 edx=C0FD5FA8 esi=C001080C edi=C0FD6094 ebp=C0EDCE64
MEMWATCH  node C0FD6094 | 01 08 51 00 0C 08 01 C0 28 60 FD C0 54 48 43 42 70 4F ED C0 E8 00 52 C1 04 00 DF 14 88 32 00 00 
MEMWATCH  stack esp=C0EDCE1C | C0FD6028 C00092D5 C0EDCE98 C0FD6028 C0EDCE64 C0EDCE44 81517494 C0FD5FA8 
MEMWATCH [0028:C000921F] w4 C0010810 = C159F068 | eax=C001080C ebx=C15200E8 ecx=00000000 edx=C0FD6B58 esi=C001080C edi=C159F068 ebp=C0ED4E80
MEMWATCH  node C159F068 | 01 08 41 00 0C 08 01 C0 A4 30 FD C0 54 48 43 42 70 1F 3A C1 E8 00 52 C1 01 00 2F 01 F6 11 00 00 
MEMWATCH  stack esp=C0ED4E38 | C0FD30A4 C00092D5 C159F068 C0FD30A4 C0ED4E80 C0ED4E60 C15200E8 C0FD6B58 
MEMWATCH [0028:C000921F] w4 C0010810 = C0FE0790 | eax=C001080C ebx=00000000 ecx=00000002 edx=C0FE0670 esi=C001080C edi=C0FE0790 ebp=C0EDCE6C
MEMWATCH  node C0FE0790 | 01 08 51 00 0C 08 01 C0 64 FF FD C0 54 48 43 42 70 0F EF C0 E8 00 52 C1 0B 00 3F 01 10 FD 78 00 
MEMWATCH  stack esp=C0EDCE24 | C0FDFF64 C00092D5 8151A2EC C0FDFF64 C0EDCE6C C0EDCE4C 00000000 C0FE0670 
MEMWATCH [0028:C000921F] w4 C0010810 = C0FE0790 | eax=C001080C ebx=C15200E8 ecx=00000000 edx=C025C988 esi=C001080C edi=C0FE0790 ebp=C0EDCF70
MEMWATCH  node C0FE0790 | 01 18 51 00 0C 08 01 C0 24 68 FD C0 54 48 43 42 70 0F EF C0 E8 00 52 C1 0B 00 3F 01 F0 FB 78 00 
MEMWATCH  stack esp=C0EDCE54 | C0FD6824 C00092D5 C0001300 C0FD6824 C0EDCF70 C0EDCE7C C15200E8 C025C988 
MEMWATCH [0028:C000921F] w4 C0010810 = C0FE0790 | eax=C001080C ebx=00000000 ecx=00000003 edx=C0FE0670 esi=C001080C edi=C0FE0790 ebp=C0EDCE6C
MEMWATCH  node C0FE0790 | 01 08 51 00 0C 08 01 C0 64 FF FD C0 54 48 43 42 70 0F EF C0 E8 00 52 C1 0B 00 3F 01 10 FD 78 00 
MEMWATCH  stack esp=C0EDCE24 | C0FDFF64 C00092D5 8151A2EC C0FDFF64 C0EDCE6C C0EDCE4C 00000000 C0FE0670 
MEMWATCH [0028:C000921F] w4 C0010810 = C159F068 | eax=C001080C ebx=8161430C ecx=8151A2EC edx=C0FD6B58 esi=C001080C edi=C159F068 ebp=C0EDCE64
MEMWATCH  node C159F068 | 01 08 41 00 0C 08 01 C0 A4 30 FD C0 54 48 43 42 70 1F 3A C1 E8 00 52 C1 01 00 2F 01 F6 11 00 00 
MEMWATCH  stack esp=C0EDCE1C | C0FD30A4 C00092D5 C0EDCE98 C0FD30A4 C0EDCE64 C0EDCE44 8161430C C0FD6B58 
MEMWATCH [0028:C000921F] w4 C0010810 = C159F068 | eax=C001080C ebx=C15200E8 ecx=00000000 edx=C0FD6B58 esi=C001080C edi=C159F068 ebp=C0ED4E80
MEMWATCH  node C159F068 | 01 08 41 00 0C 08 01 C0 A4 30 FD C0 54 48 43 42 70 1F 3A C1 E8 00 52 C1 01 00 2F 01 F6 11 00 00 
MEMWATCH  stack esp=C0ED4E38 | C0FD30A4 C00092D5 C159F068 C0FD30A4 C0ED4E80 C0ED4E60 C15200E8 C0FD6B58 
MEMWATCH [0028:C000921F] w4 C0010810 = C159F068 | eax=C001080C ebx=8161430C ecx=00000000 edx=C0FD6B58 esi=C001080C edi=C159F068 ebp=C0EDCE64
MEMWATCH  node C159F068 | 01 08 41 00 0C 08 01 C0 A4 30 FD C0 54 48 43 42 70 1F 3A C1 E8 00 52 C1 01 00 2F 01 F6 11 00 00 
MEMWATCH  stack esp=C0EDCE1C | C0FD30A4 C00092D5 C0EDCE98 C0FD30A4 C0EDCE64 C0EDCE44 8161430C C0FD6B58 
MEMWATCH [0028:C000921F] w4 C0010810 = C159F068 | eax=C001080C ebx=C15200E8 ecx=00000000 edx=C0FD6B58 esi=C001080C edi=C159F068 ebp=C0ED4E80
MEMWATCH  node C159F068 | 01 08 41 00 0C 08 01 C0 A4 30 FD C0 54 48 43 42 70 1F 3A C1 E8 00 52 C1 01 00 2F 01 F6 11 00 00 
MEMWATCH  stack esp=C0ED4E38 | C0FD30A4 C00092D5 C159F068 C0FD30A4 C0ED4E80 C0ED4E60 C15200E8 C0FD6B58 
MEMWATCH [0028:C000921F] w4 C0010810 = C159F068 | eax=C001080C ebx=8161430C ecx=00000000 edx=C0FD6B58 esi=C001080C edi=C159F068 ebp=C0EDCE64
MEMWATCH  node C159F068 | 01 08 41 00 0C 08 01 C0 A4 30 FD C0 54 48 43 42 70 1F 3A C1 E8 00 52 C1 01 00 2F 01 F6 11 00 00 
MEMWATCH  stack esp=C0EDCE1C | C0FD30A4 C00092D5 C0EDCE98 C0FD30A4 C0EDCE64 C0EDCE44 8161430C C0FD6B58 
MEMWATCH [0028:C000921F] w4 C0010810 = C159F068 | eax=C001080C ebx=C15200E8 ecx=00000000 edx=C0FD6B58 esi=C001080C edi=C159F068 ebp=C0ED4E80
MEMWATCH  node C159F068 | 01 08 41 00 0C 08 01 C0 A4 30 FD C0 54 48 43 42 70 1F 3A C1 E8 00 52 C1 01 00 2F 01 F6 11 00 00 
MEMWATCH  stack esp=C0ED4E38 | C0FD30A4 C00092D5 C159F068 C0FD30A4 C0ED4E80 C0ED4E60 C15200E8 C0FD6B58 
MEMWATCH [0028:C000921F] w4 C0010810 = C0FE02A0 | eax=C001080C ebx=00000000 ecx=00000002 edx=C0FE01C4 esi=C001080C edi=C0FE02A0 ebp=C0EF4E6C
MEMWATCH  node C0FE02A0 | 01 08 51 00 0C 08 01 C0 B4 FF FD C0 54 48 43 42 70 CF ED C0 E8 00 52 C1 0A 00 67 1E 20 87 00 00 
MEMWATCH  stack esp=C0EF4E24 | C0FDFFB4 C00092D5 8151AD84 C0FDFFB4 C0EF4E6C C0EF4E4C 00000000 C0FE01C4 
MEMWATCH [0028:C000921F] w4 C0010810 = C0FE02A0 | eax=C001080C ebx=8151AD84 ecx=00000000 edx=C0FE01C4 esi=C001080C edi=C0FE02A0 ebp=C0EF4E64
MEMWATCH  node C0FE02A0 | 01 08 51 00 0C 08 01 C0 B4 FF FD C0 54 48 43 42 70 CF ED C0 E8 00 52 C1 0A 00 67 1E 20 87 00 00 
MEMWATCH  stack esp=C0EF4E1C | C0FDFFB4 C00092D5 C0EF4E98 C0FDFFB4 C0EF4E64 C0EF4E44 8151AD84 C0FE01C4 
HEARTBEAT [0028:C0026113] cpl=0 pm=1 | C6 46 04 00 C6 46 07 00 C6 46 05 00 C7 46 0C FF | eax=00000000 ebx=C15B3D60 ecx=0000000A esi=C0FD9AC4 edi=C0FD9B42 esp=C0EF4B88
MEMWATCH [0028:C000921F] w4 C0010810 = C0FE02A0 | eax=C001080C ebx=C15200E8 ecx=00000009 edx=C0FD6824 esi=C001080C edi=C0FE02A0 ebp=C0EF6F70
MEMWATCH  node C0FE02A0 | 01 18 51 00 0C 08 01 C0 24 68 FD C0 54 48 43 42 70 CF ED C0 E8 00 52 C1 0A 00 3F 01 A4 F7 66 00 
MEMWATCH  stack esp=C0EF6E54 | C0FD6824 C00092D5 C0001300 C0FD6824 C0EF6F70 C0EF6E7C C15200E8 C025C988 
MEMWATCH [0028:C000921F] w4 C0010810 = C0FE0CD4 | eax=C001080C ebx=8151E6A4 ecx=8151AD84 edx=C0FE0BE8 esi=C001080C edi=C0FE0CD4 ebp=C0EF6E64
MEMWATCH  node C0FE0CD4 | 01 08 51 00 0C 08 01 C0 68 0C FE C0 54 48 43 42 70 4F EF C0 E8 00 52 C1 0D 00 3F 01 F4 FB 63 00 
MEMWATCH  stack esp=C0EF6E1C | C0FE0C68 C00092D5 C0EF6E98 C0FE0C68 C0EF6E64 C0EF6E44 8151E6A4 C0FE0BE8 
MEMWATCH [0028:C000921F] w4 C0010810 = C0FE02A0 | eax=C001080C ebx=8151AD84 ecx=8151F7CC edx=C0FE01C4 esi=C001080C edi=C0FE02A0 ebp=C0EF4E64
MEMWATCH  node C0FE02A0 | 01 08 51 00 0C 08 01 C0 B4 FF FD C0 54 48 43 42 70 CF ED C0 E8 00 52 C1 0A 00 3F 01 9C FC 66 00 
MEMWATCH  stack esp=C0EF4E1C | C0FDFFB4 C00092D5 C0EF4E98 C0FDFFB4 C0EF4E64 C0EF4E44 8151AD84 C0FE01C4 
MEMWATCH [0028:C000921F] w4 C0010810 = C0FE02A0 | eax=C001080C ebx=8151AD84 ecx=8151F7CC edx=C0FE01C4 esi=C001080C edi=C0FE02A0 ebp=C0EF4E64
MEMWATCH  node C0FE02A0 | 01 18 51 00 0C 08 01 C0 B4 FF FD C0 54 48 43 42 70 CF ED C0 E8 00 52 C1 0A 00 3F 01 D0 FB 66 00 
MEMWATCH  stack esp=C0EF4E1C | C0FDFFB4 C00092D5 C0EF4E98 C0FDFFB4 C0EF4E64 C0EF4E44 8151AD84 C0FE01C4 
MEMWATCH [0028:C000921F] w4 C0010810 = C159F068 | eax=C001080C ebx=8161430C ecx=8151AD84 edx=C0FD6B58 esi=C001080C edi=C159F068 ebp=C0EF4E64
MEMWATCH  node C159F068 | 01 08 41 00 0C 08 01 C0 A4 30 FD C0 54 48 43 42 70 1F 3A C1 E8 00 52 C1 01 00 2F 01 F6 11 00 00 
MEMWATCH  stack esp=C0EF4E1C | C0FD30A4 C00092D5 C0EF4E98 C0FD30A4 C0EF4E64 C0EF4E44 8161430C C0FD6B58 
MEMWATCH [0028:C000921F] w4 C0010810 = C0FE02A0 | eax=C001080C ebx=8151AD84 ecx=81520F74 edx=C0FE01C4 esi=C001080C edi=C0FE02A0 ebp=C0EF6E64
MEMWATCH  node C0FE02A0 | 01 08 51 00 0C 08 01 C0 B4 FF FD C0 54 48 43 42 70 CF ED C0 E8 00 52 C1 0A 00 3F 01 54 FA 66 00 
MEMWATCH  stack esp=C0EF6E1C | C0FDFFB4 C00092D5 C0EF6E98 C0FDFFB4 C0EF6E64 C0EF6E44 8151AD84 C0FE01C4 
MEMWATCH [0028:C000921F] w4 C0010810 = C0FE332C | eax=C001080C ebx=81520F74 ecx=8151E6A4 edx=C0FE3240 esi=C001080C edi=C0FE332C ebp=C0EF6E64
MEMWATCH  node C0FE332C | 01 08 51 00 0C 08 01 C0 C0 32 FE C0 54 48 43 42 70 8F EF C0 E8 00 52 C1 0F 00 3F 01 6A 3A 1D 80 
MEMWATCH  stack esp=C0EF6E1C | C0FE32C0 C00092D5 C0EF6E98 C0FE32C0 C0EF6E64 C0EF6E44 81520F74 C0FE3240 
HEARTBEAT [0028:C0025F39] cpl=0 pm=1 | 50 57 FF 15 B0 A9 01 C0 83 C4 10 8D 86 86 00 00 | eax=C0FD9B42 ebx=C164B000 ecx=00000000 esi=C0FD9AC4 edi=C0FD9B2A esp=C0EF8CBC
HEARTBEAT [0028:C13C87B7] cpl=0 pm=1 | A1 68 96 3C C1 EE 8B 15 20 94 3C C1 A1 8C 96 3C | eax=00000050 ebx=C13A366C ecx=00000020 esi=C13A369C edi=C0FD6530 esp=C0EF8C6C
MEMWATCH [0028:C000921F] w4 C0010810 = C0FE02A0 | eax=C001080C ebx=00000000 ecx=00000001 edx=C0FE01C4 esi=C001080C edi=C0FE02A0 ebp=C0EF8E6C
MEMWATCH  node C0FE02A0 | 01 08 51 00 0C 08 01 C0 B4 FF FD C0 54 48 43 42 70 CF ED C0 E8 00 52 C1 0A 00 3F 01 A8 F9 66 00 
MEMWATCH  stack esp=C0EF8E24 | C0FDFFB4 C00092D5 8151AD84 C0FDFFB4 C0EF8E6C C0EF8E4C 00000000 C0FE01C4 
MEMWATCH [0028:C000921F] w4 C0010810 = C0FE02A0 | eax=C001080C ebx=C15200E8 ecx=00000000 edx=C025C988 esi=C001080C edi=C0FE02A0 ebp=C0EF8F70
MEMWATCH  node C0FE02A0 | 01 18 51 00 0C 08 01 C0 24 68 FD C0 54 48 43 42 70 CF ED C0 E8 00 52 C1 0A 00 3F 01 A8 FC 66 00 
MEMWATCH  stack esp=C0EF8E54 | C0FD6824 C00092D5 C0001300 C0FD6824 C0EF8F70 C0EF8E7C C15200E8 C025C988 
MEMWATCH [0028:C000921F] w4 C0010810 = C0FE0790 | eax=C001080C ebx=8151A2EC ecx=8151AD84 edx=C0FE0670 esi=C001080C edi=C0FE0790 ebp=C0EF6E64
MEMWATCH  node C0FE0790 | 01 08 51 00 0C 08 01 C0 64 FF FD C0 54 48 43 42 70 0F EF C0 E8 00 52 C1 0B 00 3F 01 F0 FB 78 00 
MEMWATCH  stack esp=C0EF6E1C | C0FDFF64 C00092D5 C0EF6E98 C0FDFF64 C0EF6E64 C0EF6E44 8151A2EC C0FE0670 
MEMWATCH [0028:C000921F] w4 C0010810 = C0FE332C | eax=C001080C ebx=81520F74 ecx=8151E6A4 edx=C0FE3240 esi=C001080C edi=C0FE332C ebp=C0EDCE64
MEMWATCH  node C0FE332C | 01 18 51 00 0C 08 01 C0 C0 32 FE C0 54 48 43 42 70 8F EF C0 E8 00 52 C1 0F 00 3F 01 38 38 1D 80 
MEMWATCH  stack esp=C0EDCE1C | C0FE32C0 C00092D5 C0EDCE98 C0FE32C0 C0EDCE64 C0EDCE44 81520F74 C0FE3240 
MEMWATCH [0028:C000921F] w4 C0010810 = C0FE332C | eax=C001080C ebx=C15200E8 ecx=00000000 edx=C0FE3240 esi=C001080C edi=C0FE332C ebp=C0ED4E80
MEMWATCH  node C0FE332C | 01 08 51 00 0C 08 01 C0 C0 32 FE C0 54 48 43 42 70 8F EF C0 E8 00 52 C1 0F 00 3F 01 38 2F 1D 80 
MEMWATCH  stack esp=C0ED4E38 | C0FE32C0 C00092D5 C0FE332C C0FE32C0 C0ED4E80 C0ED4E60 C15200E8 C0FE3240 
MEMWATCH [0028:C000921F] w4 C0010810 = C159F068 | eax=C001080C ebx=C15200E8 ecx=00000000 edx=C0FD6B58 esi=C001080C edi=C159F068 ebp=C0EF8E80
MEMWATCH  node C159F068 | 01 08 41 00 0C 08 01 C0 A4 30 FD C0 54 48 43 42 70 1F 3A C1 E8 00 52 C1 01 00 2F 01 F6 11 00 00 
MEMWATCH  stack esp=C0EF8E38 | C0FD30A4 C00092D5 C159F068 C0FD30A4 C0EF8E80 C0EF8E60 C15200E8 C0FD6B58 
MEMWATCH [0028:C000921F] w4 C0010810 = C159F068 | eax=C001080C ebx=8161430C ecx=00000000 edx=C0FD6B58 esi=C001080C edi=C159F068 ebp=C0EF6E64
MEMWATCH  node C159F068 | 01 08 41 00 0C 08 01 C0 A4 30 FD C0 54 48 43 42 70 1F 3A C1 E8 00 52 C1 01 00 2F 01 F6 11 00 00 
MEMWATCH  stack esp=C0EF6E1C | C0FD30A4 C00092D5 C0EF6E98 C0FD30A4 C0EF6E64 C0EF6E44 8161430C C0FD6B58 
HEARTBEAT [04A7:00000CB5] cpl=3 pm=1 | 72 E8 66 51 68 FF 05 68 9D 01 90 0E E8 E5 F3 83 | eax=00800002 ebx=0002001E ecx=00808080 esi=0002F646 edi=0000F698 esp=801D43D2
MEMWATCH [0028:C000921F] w4 C0010810 = C0FE332C | eax=C001080C ebx=81520F74 ecx=00000000 edx=C0FE3240 esi=C001080C edi=C0FE332C ebp=C0EDCE64
MEMWATCH  node C0FE332C | 01 08 51 00 0C 08 01 C0 C0 32 FE C0 54 48 43 42 70 8F EF C0 E8 00 52 C1 0F 00 17 1B 82 46 00 00 
MEMWATCH  stack esp=C0EDCE1C | C0FE32C0 C00092D5 C0EDCE98 C0FE32C0 C0EDCE64 C0EDCE44 81520F74 C0FE3240 
MEMWATCH [0028:C000921F] w4 C0010810 = C159F068 | eax=C001080C ebx=C15200E8 ecx=00000000 edx=C0FD6B58 esi=C001080C edi=C159F068 ebp=C0EF8E80
MEMWATCH  node C159F068 | 01 08 41 00 0C 08 01 C0 A4 30 FD C0 54 48 43 42 70 1F 3A C1 E8 00 52 C1 01 00 2F 01 F6 11 00 00 
MEMWATCH  stack esp=C0EF8E38 | C0FD30A4 C00092D5 C159F068 C0FD30A4 C0EF8E80 C0EF8E60 C15200E8 C0FD6B58 
MEMWATCH [0028:C000921F] w4 C0010810 = C159F068 | eax=C001080C ebx=8161430C ecx=00000000 edx=C0FD6B58 esi=C001080C edi=C159F068 ebp=C0EDCE64
MEMWATCH  node C159F068 | 01 08 41 00 0C 08 01 C0 A4 30 FD C0 54 48 43 42 70 1F 3A C1 E8 00 52 C1 01 00 2F 01 F6 11 00 00 
MEMWATCH  stack esp=C0EDCE1C | C0FD30A4 C00092D5 C0EDCE98 C0FD30A4 C0EDCE64 C0EDCE44 8161430C C0FD6B58 
MEMWATCH [0028:C000921F] w4 C0010810 = C159F068 | eax=C001080C ebx=C15200E8 ecx=00000000 edx=C0FD6B58 esi=C001080C edi=C159F068 ebp=C0EF8E80
MEMWATCH  node C159F068 | 01 08 41 00 0C 08 01 C0 A4 30 FD C0 54 48 43 42 70 1F 3A C1 E8 00 52 C1 01 00 2F 01 F6 11 00 00 
MEMWATCH  stack esp=C0EF8E38 | C0FD30A4 C00092D5 C159F068 C0FD30A4 C0EF8E80 C0EF8E60 C15200E8 C0FD6B58 
MEMWATCH [0028:C000921F] w4 C0010810 = C159F068 | eax=C001080C ebx=8161430C ecx=00000000 edx=C0FD6B58 esi=C001080C edi=C159F068 ebp=C0EDCE64
MEMWATCH  node C159F068 | 01 08 41 00 0C 08 01 C0 A4 30 FD C0 54 48 43 42 70 1F 3A C1 E8 00 52 C1 01 00 2F 01 F6 11 00 00 
MEMWATCH  stack esp=C0EDCE1C | C0FD30A4 C00092D5 C0EDCE98 C0FD30A4 C0EDCE64 C0EDCE44 8161430C C0FD6B58 
MEMWATCH [0028:C000921F] w4 C0010810 = C0FE332C | eax=C001080C ebx=81520F74 ecx=00000000 edx=C0FE3240 esi=C001080C edi=C0FE332C ebp=C0EDCE64
MEMWATCH  node C0FE332C | 01 08 51 00 0C 08 01 C0 C0 32 FE C0 54 48 43 42 70 8F EF C0 E8 00 52 C1 0F 00 17 1B 82 46 00 00 
MEMWATCH  stack esp=C0EDCE1C | C0FE32C0 C00092D5 C0EDCE98 C0FE32C0 C0EDCE64 C0EDCE44 81520F74 C0FE3240 
MEMWATCH [0028:C000921F] w4 C0010810 = C159F068 | eax=C001080C ebx=C15200E8 ecx=00000000 edx=C0FD6B58 esi=C001080C edi=C159F068 ebp=C0EF8E80
MEMWATCH  node C159F068 | 01 08 41 00 0C 08 01 C0 A4 30 FD C0 54 48 43 42 70 1F 3A C1 E8 00 52 C1 01 00 2F 01 F6 11 00 00 
MEMWATCH  stack esp=C0EF8E38 | C0FD30A4 C00092D5 C159F068 C0FD30A4 C0EF8E80 C0EF8E60 C15200E8 C0FD6B58 
MEMWATCH [0028:C000921F] w4 C0010810 = C159F068 | eax=C001080C ebx=8161430C ecx=00000000 edx=C0FD6B58 esi=C001080C edi=C159F068 ebp=C0EDCE64
MEMWATCH  node C159F068 | 01 08 41 00 0C 08 01 C0 A4 30 FD C0 54 48 43 42 70 1F 3A C1 E8 00 52 C1 01 00 2F 01 F6 11 00 00 
MEMWATCH  stack esp=C0EDCE1C | C0FD30A4 C00092D5 C0EDCE98 C0FD30A4 C0EDCE64 C0EDCE44 8161430C C0FD6B58 
MEMWATCH [0028:C000921F] w4 C0010810 = C159F068 | eax=C001080C ebx=C15200E8 ecx=00000000 edx=C0FD6B58 esi=C001080C edi=C159F068 ebp=C0EF8E80
MEMWATCH  node C159F068 | 01 08 41 00 0C 08 01 C0 A4 30 FD C0 54 48 43 42 70 1F 3A C1 E8 00 52 C1 01 00 2F 01 F6 11 00 00 
MEMWATCH  stack esp=C0EF8E38 | C0FD30A4 C00092D5 C159F068 C0FD30A4 C0EF8E80 C0EF8E60 C15200E8 C0FD6B58 
MEMWATCH [0028:C000921F] w4 C0010810 = C159F068 | eax=C001080C ebx=8161430C ecx=00000000 edx=C0FD6B58 esi=C001080C edi=C159F068 ebp=C0EDCE64
MEMWATCH  node C159F068 | 01 08 41 00 0C 08 01 C0 A4 30 FD C0 54 48 43 42 70 1F 3A C1 E8 00 52 C1 01 00 2F 01 F6 11 00 00 
MEMWATCH  stack esp=C0EDCE1C | C0FD30A4 C00092D5 C0EDCE98 C0FD30A4 C0EDCE64 C0EDCE44 8161430C C0FD6B58 
MEMWATCH [0028:C000921F] w4 C0010810 = C0FE332C | eax=C001080C ebx=81520F74 ecx=8151F7CC edx=C0FE3240 esi=C001080C edi=C0FE332C ebp=C0EDCE64
MEMWATCH  node C0FE332C | 01 08 51 00 0C 08 01 C0 C0 32 FE C0 54 48 43 42 70 8F EF C0 E8 00 52 C1 0F 00 17 1B 82 46 00 00 
MEMWATCH  stack esp=C0EDCE1C | C0FE32C0 C00092D5 C0EDCE98 C0FE32C0 C0EDCE64 C0EDCE44 81520F74 C0FE3240 
MEMWATCH [0028:C000921F] w4 C0010810 = C159F068 | eax=C001080C ebx=C15200E8 ecx=00000000 edx=C0FD6B58 esi=C001080C edi=C159F068 ebp=C0EF8E80
MEMWATCH  node C159F068 | 01 08 41 00 0C 08 01 C0 A4 30 FD C0 54 48 43 42 70 1F 3A C1 E8 00 52 C1 01 00 2F 01 F6 11 00 00 
MEMWATCH  stack esp=C0EF8E38 | C0FD30A4 C00092D5 C159F068 C0FD30A4 C0EF8E80 C0EF8E60 C15200E8 C0FD6B58 
MEMWATCH [0028:C000921F] w4 C0010810 = C0FE2290 | eax=C001080C ebx=00000000 ecx=00000001 edx=C0FE21A4 esi=C001080C edi=C0FE2290 ebp=C0EDCE6C
MEMWATCH  node C0FE2290 | 01 08 51 00 0C 08 01 C0 24 22 FE C0 54 48 43 42 70 6F EF C0 E8 00 52 C1 0E 00 F7 1B C0 8B 63 00 
MEMWATCH  stack esp=C0EDCE24 | C0FE2224 C00092D5 8151F7CC C0FE2224 C0EDCE6C C0EDCE4C 00000000 C0FE21A4 
MEMWATCH [0028:C000921F] w4 C0010810 = C0FE2290 | eax=C001080C ebx=C15200E8 ecx=00000000 edx=C025C988 esi=C001080C edi=C0FE2290 ebp=C0EDCF70
MEMWATCH  node C0FE2290 | 01 08 51 00 0C 08 01 C0 24 68 FD C0 54 48 43 42 70 6F EF C0 E8 00 52 C1 0E 00 F7 1B C0 8B 63 00 
MEMWATCH  stack esp=C0EDCE54 | C0FD6824 C00092D5 C0001300 C0FD6824 C0EDCF70 C0EDCE7C C15200E8 C025C988 
MEMWATCH [0028:C000921F] w4 C0010810 = C159F068 | eax=C001080C ebx=C15200E8 ecx=00000000 edx=C0FD6B58 esi=C001080C edi=C159F068 ebp=C0EF8E80
MEMWATCH  node C159F068 | 01 08 41 00 0C 08 01 C0 A4 30 FD C0 54 48 43 42 70 1F 3A C1 E8 00 52 C1 01 00 2F 01 F6 11 00 00 
MEMWATCH  stack esp=C0EF8E38 | C0FD30A4 C00092D5 C159F068 C0FD30A4 C0EF8E80 C0EF8E60 C15200E8 C0FD6B58 
MEMWATCH [0028:C000921F] w4 C0010810 = C159F068 | eax=C001080C ebx=C15200E8 ecx=00000000 edx=C0FD6B58 esi=C001080C edi=C159F068 ebp=C0EF8E80
MEMWATCH  node C159F068 | 01 08 41 00 0C 08 01 C0 A4 30 FD C0 54 48 43 42 70 1F 3A C1 E8 00 52 C1 01 00 2F 01 F6 11 00 00 
MEMWATCH  stack esp=C0EF8E38 | C0FD30A4 C00092D5 C159F068 C0FD30A4 C0EF8E80 C0EF8E60 C15200E8 C0FD6B58 
MEMWATCH [0028:C000921F] w4 C0010810 = C0FE0790 | eax=C001080C ebx=00000000 ecx=00000004 edx=C0FE0670 esi=C001080C edi=C0FE0790 ebp=C0EF2E6C
MEMWATCH  node C0FE0790 | 01 08 51 00 0C 08 01 C0 64 FF FD C0 54 48 43 42 70 0F EF C0 E8 00 52 C1 0B 00 3F 01 F0 FB 78 00 
MEMWATCH  stack esp=C0EF2E24 | C0FDFF64 C00092D5 8151A2EC C0FDFF64 C0EF2E6C C0EF2E4C 00000000 C0FE0670 
MEMWATCH [0028:C000921F] w4 C0010810 = C0FE0790 | eax=C001080C ebx=C15200E8 ecx=00000000 edx=C025C988 esi=C001080C edi=C0FE0790 ebp=C0EF2F70
MEMWATCH  node C0FE0790 | 01 08 51 00 0C 08 01 C0 24 68 FD C0 54 48 43 42 70 0F EF C0 E8 00 52 C1 0B 00 3F 01 F0 FB 78 00 
MEMWATCH  stack esp=C0EF2E54 | C0FD6824 C00092D5 C0001300 C0FD6824 C0EF2F70 C0EF2E7C C15200E8 C025C988 
MEMWATCH [0028:C000921F] w4 C0010810 = C0FE0790 | eax=C001080C ebx=8151A2EC ecx=00000000 edx=C0FE0670 esi=C001080C edi=C0FE0790 ebp=C0EF2E64
MEMWATCH  node C0FE0790 | 01 08 51 00 0C 08 01 C0 64 FF FD C0 54 48 43 42 70 0F EF C0 E8 00 52 C1 0B 00 3F 01 F0 FB 78 00 
MEMWATCH  stack esp=C0EF2E1C | C0FDFF64 C00092D5 C0EF2E98 C0FDFF64 C0EF2E64 C0EF2E44 8151A2EC C0FE0670 
MEMWATCH [0028:C000921F] w4 C0010810 = C0FE0790 | eax=C001080C ebx=00000000 ecx=00000005 edx=C0FE0670 esi=C001080C edi=C0FE0790 ebp=C0EF2E6C
MEMWATCH  node C0FE0790 | 01 08 51 00 0C 08 01 C0 64 FF FD C0 54 48 43 42 70 0F EF C0 E8 00 52 C1 0B 00 3F 01 10 FD 78 00 
MEMWATCH  stack esp=C0EF2E24 | C0FDFF64 C00092D5 8151A2EC C0FDFF64 C0EF2E6C C0EF2E4C 00000000 C0FE0670 
MEMWATCH [0028:C000921F] w4 C0010810 = C0FE0790 | eax=C001080C ebx=C15200E8 ecx=00000000 edx=C025C988 esi=C001080C edi=C0FE0790 ebp=C0EF2F70
MEMWATCH  node C0FE0790 | 01 08 51 00 0C 08 01 C0 24 68 FD C0 54 48 43 42 70 0F EF C0 E8 00 52 C1 0B 00 3F 01 10 FD 78 00 
MEMWATCH  stack esp=C0EF2E54 | C0FD6824 C00092D5 C0001300 C0FD6824 C0EF2F70 C0EF2E7C C15200E8 C025C988 
MEMWATCH [0028:C000921F] w4 C0010810 = C0FE0790 | eax=C001080C ebx=8151A2EC ecx=00000000 edx=C0FE0670 esi=C001080C edi=C0FE0790 ebp=C0EF2E64
MEMWATCH  node C0FE0790 | 01 08 51 00 0C 08 01 C0 64 FF FD C0 54 48 43 42 70 0F EF C0 E8 00 52 C1 0B 00 3F 01 10 FD 78 00 
MEMWATCH  stack esp=C0EF2E1C | C0FDFF64 C00092D5 C0EF2E98 C0FDFF64 C0EF2E64 C0EF2E44 8151A2EC C0FE0670 
MEMWATCH [0028:C000921F] w4 C0010810 = C0FE332C | eax=C001080C ebx=C0FE39B4 ecx=C0EFAF70 edx=C0FE39B4 esi=C001080C edi=C0FE332C ebp=C0EFAE7C
MEMWATCH  node C0FE332C | 01 08 11 00 0C 08 01 C0 CC 5D FE C0 54 48 43 42 70 8F EF C0 E8 00 52 C1 0F 00 3F 01 E8 31 1D 80 
MEMWATCH  stack esp=C0EFAE0C | C0FE5DCC C00092D5 C19200E8 C0FE5DCC C0EFAE7C C0EFAE34 C0FE39B4 C0FE39B4 
HEARTBEAT [0028:C00013CB] cpl=0 pm=1 | 75 05 61 83 C4 04 CF 0F 02 44 24 34 A9 00 00 40 | eax=00000008 ebx=C15200E8 ecx=C0FDB658 esi=C0EF2F70 edi=C0FE09F4 esp=C0EF2F70
MEMWATCH [0028:C000921F] w4 C0010810 = C199F068 | eax=C001080C ebx=C19200E8 ecx=00000000 edx=C0EFAE3C esi=C001080C edi=C199F068 ebp=C0EF8E24
MEMWATCH  node C199F068 | 01 08 01 00 0C 08 01 C0 98 0C 01 C0 54 48 43 42 70 AF EF C0 E8 00 92 C1 10 00 00 00 00 00 00 00 
MEMWATCH  stack esp=C0EF8DE8 | C0FCF5C4 C0008CF7 C0009110 00000246 C0001300 C000AA50 C19200E8 00000001 
MEMWATCH [0028:C000921F] w4 C0010810 = C199F068 | eax=C001080C ebx=C19200E8 ecx=00000000 edx=C0EFAE3C esi=C001080C edi=C199F068 ebp=C0EF8E34
MEMWATCH  node C199F068 | 01 08 01 00 0C 08 01 C0 28 85 FD C0 54 48 43 42 70 AF EF C0 E8 00 92 C1 10 00 00 00 00 00 00 00 
MEMWATCH  stack esp=C0EF8DF8 | C0FCF5C4 C0008CF7 C0009110 00000246 C0001300 C000AA50 C19200E8 00000001 
MEMWATCH [0028:C000921F] w4 C0010810 = C0FE332C | eax=C001080C ebx=00000000 ecx=00000002 edx=C0FE3240 esi=C001080C edi=C0FE332C ebp=C0EFDE6C
MEMWATCH  node C0FE332C | 01 08 51 00 0C 08 01 C0 C0 32 FE C0 54 48 43 42 70 8F EF C0 E8 00 52 C1 0F 00 3F 01 84 31 1D 80 
MEMWATCH  stack esp=C0EFDE24 | C0FE32C0 C00092D5 81520F74 C0FE32C0 C0EFDE6C C0EFDE4C 00000000 C0FE3240 
MEMWATCH [0028:C000921F] w4 C0010810 = C0FE332C | eax=C001080C ebx=C15200E8 ecx=00000000 edx=C025C988 esi=C001080C edi=C0FE332C ebp=C0EFDF70
MEMWATCH  node C0FE332C | 01 18 51 00 0C 08 01 C0 24 68 FD C0 54 48 43 42 70 8F EF C0 E8 00 52 C1 0F 00 3F 01 A8 31 1D 80 
MEMWATCH  stack esp=C0EFDE54 | C0FD6824 C00092D5 C0001300 C0FD6824 C0EFDF70 C0EFDE7C C15200E8 C025C988 
MEMWATCH [0028:C000921F] w4 C0010810 = C199F068 | eax=C001080C ebx=C19200E8 ecx=00000000 edx=C0EFAE3C esi=C001080C edi=C199F068 ebp=C0EF8E30
MEMWATCH  node C199F068 | 01 08 01 00 0C 08 01 C0 A8 54 FD C0 54 48 43 42 70 AF EF C0 E8 00 92 C1 10 00 00 00 00 00 00 00 
MEMWATCH  stack esp=C0EF8DF4 | C0FCF5C4 C0008CF7 C0009110 00000246 C0001300 C000AA50 C19200E8 00000001 
MEMWATCH [0028:C000921F] w4 C0010810 = C0FE332C | eax=C001080C ebx=C15200E8 ecx=00000000 edx=C0FE3240 esi=C001080C edi=C0FE332C ebp=C13A1E80
MEMWATCH  node C0FE332C | 01 08 51 00 0C 08 01 C0 C0 32 FE C0 54 48 43 42 70 8F EF C0 E8 00 52 C1 0F 00 3F 01 48 34 1D 80 
MEMWATCH  stack esp=C13A1E38 | C0FE32C0 C00092D5 C0FE332C C0FE32C0 C13A1E80 C13A1E60 C15200E8 C0FE3240 
MEMWATCH [0028:C000921F] w4 C0010810 = C0FE332C | eax=C001080C ebx=C15200E8 ecx=00000000 edx=C0FE3240 esi=C001080C edi=C0FE332C ebp=C13A1E80
MEMWATCH  node C0FE332C | 01 08 51 00 0C 08 01 C0 C0 32 FE C0 54 48 43 42 70 8F EF C0 E8 00 52 C1 0F 00 3F 01 48 34 1D 80 
MEMWATCH  stack esp=C13A1E38 | C0FE32C0 C00092D5 C0FE332C C0FE32C0 C13A1E80 C13A1E60 C15200E8 C0FE3240 
MEMWATCH [0028:C000921F] w4 C0010810 = C199F068 | eax=C001080C ebx=C19200E8 ecx=00000000 edx=C0EFAE3C esi=C001080C edi=C199F068 ebp=C0EFDE24
MEMWATCH  node C199F068 | 01 08 01 00 0C 08 01 C0 E0 5C FE C0 54 48 43 42 70 AF EF C0 E8 00 92 C1 10 00 00 00 00 00 00 00 
MEMWATCH  stack esp=C0EFDDE8 | C0FCF5C4 C0008CF7 C0009110 00000246 C0001300 C000AA50 C19200E8 00000001 
HEARTBEAT [0028:C00012D3] cpl=0 pm=1 | 8E C7 8B 3D A8 06 01 C0 87 67 4C 3D 1D FD 21 00 | eax=0000000F ebx=0000000E ecx=00002000 esi=00000018 edi=00400030 esp=C0EFDF70
HEARTBEAT [0028:C13C84D2] cpl=0 pm=1 | 75 FD 59 49 75 EE F9 C3 F8 C3 8B 15 34 94 3C C1 | eax=00000080 ebx=C13A3384 ecx=00000095 esi=C15AB000 edi=C0FD6530 esp=C0EFDDDC
HEARTBEAT [0028:C0025F90] cpl=0 pm=1 | 74 1A 80 7E 05 00 75 14 56 8D 33 2A C0 E8 EA F6 | eax=00000031 ebx=C166F620 ecx=00000000 esi=C0FD9AC4 edi=C0FD9B42 esp=C0EFDCC8
HEARTBEAT [0028:C0275A74] cpl=0 pm=1 | 2B C0 AC 0F A3 03 72 06 8A E0 AC 49 E3 34 2B D2 | eax=0000004D ebx=C1136CE8 ecx=00000004 esi=C0FD9B46 edi=C0FD9B32 esp=C0EFDC94
HEARTBEAT [0028:C02758AB] cpl=0 pm=1 | 5F 5E 5B C9 C3 55 8B EC 56 57 2B D2 8B 75 08 8B | eax=00000000 ebx=C166F820 ecx=C0FD9B42 esi=C0FD9B44 edi=C001AE30 esp=C0EFDCA4
HEARTBEAT [0028:C13C8549] cpl=0 pm=1 | F3 66 6D 07 C3 F3 6C 07 C3 B9 00 01 00 00 8B 15 | eax=00000030 ebx=C13A2ADC ecx=00000042 esi=C13A2B0C edi=C1628D7C esp=C0EFDBF8
HEARTBEAT [0028:C02757B0] cpl=0 pm=1 | 66 AF 0F 85 ED 00 00 00 85 C0 75 DF E9 E4 00 00 | eax=00000045 ebx=C166F140 ecx=C0FD9B42 esi=C0FD9B44 edi=C001AE2E esp=C0EFDCA4
HEARTBEAT [0028:C001930E] cpl=0 pm=1 | 8B 86 90 00 00 00 8B 50 0C A1 28 B9 01 C0 0F B7 | eax=C15202AC ebx=C15200E8 ecx=C0FE5D74 esi=C0EFDD28 edi=C0FE6378 esp=C0EFDCFC
MEMWATCH [0028:C000921F] w4 C0010810 = C199F068 | eax=C001080C ebx=C19200E8 ecx=00000004 edx=C0EFAE3C esi=C001080C edi=C199F068 ebp=C0EFDF70
MEMWATCH  node C199F068 | 01 08 01 00 0C 08 01 C0 68 F0 59 C1 54 48 43 42 70 AF EF C0 E8 00 92 C1 10 00 00 00 00 00 00 00 
MEMWATCH  stack esp=C0EFDE4C | 00000000 C0008CF7 C0009110 00000246 C0FE5CE0 C000AA50 C19200E8 00000000 
MEMWATCH [0028:C000921F] w4 C0010810 = C0FE629C | eax=C001080C ebx=815218E8 ecx=815218E8 edx=C0FE09DC esi=C001080C edi=C0FE629C ebp=C0EFDE6C
MEMWATCH  node C0FE629C | 01 08 51 00 0C 08 01 C0 CC 5D FE C0 54 48 43 42 70 2F EF C0 E8 00 52 C1 12 00 00 00 00 00 00 00 
MEMWATCH  stack esp=C0EFDE24 | C0FE5DCC C00092D5 C0FE629C C0FE5DCC C0EFDE6C C0EFDE4C 815218E8 C0FE09DC 
MEMWATCH [0028:C000921F] w4 C0010810 = C199F068 | eax=C001080C ebx=C19200E8 ecx=00000000 edx=C0EFAE3C esi=C001080C edi=C199F068 ebp=C0ED0E30
MEMWATCH  node C199F068 | 01 08 01 00 0C 08 01 C0 68 F0 59 C1 54 48 43 42 70 AF EF C0 E8 00 92 C1 10 00 00 00 00 00 00 00 
MEMWATCH  stack esp=C0ED0DF4 | C0FCE43C C0008CF7 C0009110 00000246 C0001300 C000AA50 C19200E8 00000001 
MEMWATCH [0028:C000921F] w4 C0010810 = C159F068 | eax=C001080C ebx=C15200E8 ecx=00000000 edx=C0FD6B58 esi=C001080C edi=C159F068 ebp=C0EF8E80
MEMWATCH  node C159F068 | 01 08 41 00 0C 08 01 C0 A4 30 FD C0 54 48 43 42 70 1F 3A C1 E8 00 52 C1 01 00 2F 01 F6 11 00 00 
MEMWATCH  stack esp=C0EF8E38 | C0FD30A4 C00092D5 C159F068 C0FD30A4 C0EF8E80 C0EF8E60 C15200E8 C0FD6B58 
MEMWATCH [0028:C000921F] w4 C0010810 = C159F068 | eax=C001080C ebx=C15200E8 ecx=00000000 edx=C0FD6B58 esi=C001080C edi=C159F068 ebp=C0EF8E80
MEMWATCH  node C159F068 | 01 08 41 00 0C 08 01 C0 A4 30 FD C0 54 48 43 42 70 1F 3A C1 E8 00 52 C1 01 00 2F 01 F6 11 00 00 
MEMWATCH  stack esp=C0EF8E38 | C0FD30A4 C00092D5 C159F068 C0FD30A4 C0EF8E80 C0EF8E60 C15200E8 C0FD6B58 
MEMWATCH [0028:C000921F] w4 C0010810 = C159F068 | eax=C001080C ebx=C15200E8 ecx=00000000 edx=C0FD6B58 esi=C001080C edi=C159F068 ebp=C0EF8E80
MEMWATCH  node C159F068 | 01 08 41 00 0C 08 01 C0 A4 30 FD C0 54 48 43 42 70 1F 3A C1 E8 00 52 C1 01 00 2F 01 F6 11 00 00 
MEMWATCH  stack esp=C0EF8E38 | C0FD30A4 C00092D5 C159F068 C0FD30A4 C0EF8E80 C0EF8E60 C15200E8 C0FD6B58 
HEARTBEAT [0028:C0001027] cpl=0 pm=1 | 8B 1D 1C 07 01 C0 68 00 13 00 C0 FF 24 85 2C DF | eax=0000002A ebx=00190030 ecx=00000006 esi=0000004C edi=C199F068 esp=C0EFAE98
HEARTBEAT [0028:C0008A14] cpl=0 pm=1 | 8B 4C 24 04 66 81 79 02 4D 58 75 27 8B 15 A8 06 | eax=00008002 ebx=C19200E8 ecx=00000005 esi=0007F854 edi=C1801F49 esp=C0EFAE74
HEARTBEAT [0028:C0016C67] cpl=0 pm=1 | 74 0D 2B C0 BE 78 6C 01 C0 CD 20 0D 00 01 00 F9 | eax=00000018 ebx=C19200E8 ecx=0000000B esi=FFFFFFFF edi=C1806104 esp=C0EFAE8C
HEARTBEAT [0028:C000253C] cpl=0 pm=1 | 8B F3 8B 1D 1C 07 01 C0 E8 B3 58 00 00 8B 04 81 | eax=00000016 ebx=C19200E8 ecx=00000001 esi=00000772 edi=C199F1FC esp=C0EFAE94
MEMWATCH [0028:C000921F] w4 C0010810 = C159F068 | eax=C001080C ebx=C15200E8 ecx=00000000 edx=C0FD6B58 esi=C001080C edi=C159F068 ebp=C0ED4E80
MEMWATCH  node C159F068 | 01 08 41 00 0C 08 01 C0 A4 30 FD C0 54 48 43 42 70 1F 3A C1 E8 00 52 C1 01 00 2F 01 F6 11 00 00 
MEMWATCH  stack esp=C0ED4E38 | C0FD30A4 C00092D5 C159F068 C0FD30A4 C0ED4E80 C0ED4E60 C15200E8 C0FD6B58 
HEARTBEAT [0028:C0001311] cpl=0 pm=1 | FA 33 C0 3B 05 F0 E9 00 C0 75 38 8A 43 1F F6 D0 | eax=0000001A ebx=C19200E8 ecx=00000006 esi=000007D3 edi=C199F068 esp=C0EFAE98
HEARTBEAT [0028:C0284FCC] cpl=0 pm=1 | 8B 45 1C 0F B6 CC 81 E9 80 00 00 00 72 26 83 F9 | eax=0000002A ebx=C19200E8 ecx=00000001 esi=00000000 edi=C199F068 esp=C0EFAE90
HEARTBEAT [0028:C0008ADE] cpl=0 pm=1 | 75 3D 83 79 0C 00 74 37 FF 49 0C 75 32 33 D2 33 | eax=C19200E8 ebx=C199F93C ecx=C00106D4 esi=0007F854 edi=C1801F49 esp=C0EFAE74
HEARTBEAT [FFFF:0000009C] cpl=3 pm=1 | 73 37 98 03 C0 03 F0 97 26 C4 7F 0E FC 1E 2E FF | eax=00000305 ebx=0019037C ecx=00000001 esi=00000768 edi=00190000 esp=00000A58
HEARTBEAT [0028:C000133F] cpl=0 pm=1 | 0C 30 A8 02 75 03 22 43 99 88 44 24 2D 61 83 C4 | eax=00000032 ebx=C19200E8 ecx=00000005 esi=0007F854 edi=C199F068 esp=C0EFAF70
HEARTBEAT [FF03:00008493] cpl=3 pm=1 | FF D0 F6 44 05 80 75 4D 26 80 7F 02 04 74 0E 26 | eax=0000529F ebx=0019035A ecx=00000006 esi=0000004C edi=00190105 esp=00000914
HEARTBEAT [0028:C0285024] cpl=0 pm=1 | 03 DE FF 43 04 0F B6 C0 FE 44 18 08 F8 C3 0F B6 | eax=00008002 ebx=C19200E8 ecx=00000005 esi=0007F854 edi=C1801F49 esp=C0EFAE8C
HEARTBEAT [FFFF:00000061] cpl=3 pm=1 | C4 1E 12 00 26 8A 47 01 26 8A 67 0D 26 8B 4F 12 | eax=0000000A ebx=00190288 ecx=00000001 esi=00000768 edi=00190392 esp=000008E2
MEMWATCH [0028:C000921F] w4 C0010810 = C159F068 | eax=C001080C ebx=C15200E8 ecx=00000000 edx=C0FD6B58 esi=C001080C edi=C159F068 ebp=C0EF8E80
MEMWATCH  node C159F068 | 01 08 41 00 0C 08 01 C0 A4 30 FD C0 54 48 43 42 70 1F 3A C1 E8 00 52 C1 01 00 2F 01 F6 11 00 00 
MEMWATCH  stack esp=C0EF8E38 | C0FD30A4 C00092D5 C159F068 C0FD30A4 C0EF8E80 C0EF8E60 C15200E8 C0FD6B58 
MEMWATCH [0028:C000921F] w4 C0010810 = C159F068 | eax=C001080C ebx=C15200E8 ecx=00000000 edx=C0FD6B58 esi=C001080C edi=C159F068 ebp=C0EF8E80
MEMWATCH  node C159F068 | 01 08 41 00 0C 08 01 C0 A4 30 FD C0 54 48 43 42 70 1F 3A C1 E8 00 52 C1 01 00 2F 01 F6 11 00 00 
MEMWATCH  stack esp=C0EF8E38 | C0FD30A4 C00092D5 C159F068 C0FD30A4 C0EF8E80 C0EF8E60 C15200E8 C0FD6B58 
MEMWATCH [0028:C000921F] w4 C0010810 = C0FD8528 | eax=C001080C ebx=815212D0 ecx=00000000 edx=C0FD1320 esi=C001080C edi=C0FD8528 ebp=C0EFAE30
MEMWATCH  node C0FD8528 | 01 08 51 00 0C 08 01 C0 A0 13 FD C0 54 48 43 42 70 0F ED C0 E8 00 52 C1 02 00 B7 06 7E 8B ED C0 
MEMWATCH  stack esp=C0EFADE8 | C0FD13A0 C00092D5 C199F068 C0FD13A0 C0EFAE30 C0EFAE10 815212D0 C0FD1320 
MEMWATCH [0028:C000921F] w4 C0010810 = C0FE332C | eax=C001080C ebx=C0FE39B4 ecx=C0EFAF70 edx=C0FE39B4 esi=C001080C edi=C0FE332C ebp=C0EFAE7C
MEMWATCH  node C0FE332C | 01 08 11 00 0C 08 01 C0 A8 0A FE C0 54 48 43 42 70 8F EF C0 E8 00 52 C1 0F 00 17 1B 76 3D 00 00 
MEMWATCH  stack esp=C0EFAE0C | C0FE0AA8 C00092D5 C19200E8 C0FE0AA8 C0EFAE7C C0EFAE34 C0FE39B4 C0FE39B4 
HEARTBEAT [0028:C0008EFF] cpl=0 pm=1 | 0F 85 22 FF FF FF F6 47 01 10 74 1C E8 FC A6 FF | eax=00000000 ebx=C19200E8 ecx=00000015 esi=00000000 edi=C199F068 esp=C0EFAE04
MEMWATCH [0028:C000921F] w4 C0010810 = C0FE332C | eax=C001080C ebx=C0FE39B4 ecx=C0EFAF70 edx=C0FE39B4 esi=C001080C edi=C0FE332C ebp=C0EFAE7C
MEMWATCH  node C0FE332C | 01 08 11 00 0C 08 01 C0 A8 0A FE C0 54 48 43 42 70 8F EF C0 E8 00 52 C1 0F 00 17 1B 76 3D 00 00 
MEMWATCH  stack esp=C0EFAE0C | C0FE0AA8 C00092D5 C19200E8 C0FE0AA8 C0EFAE7C C0EFAE34 C0FE39B4 C0FE39B4 
MEMWATCH [0028:C000921F] w4 C0010810 = C199F068 | eax=C001080C ebx=C19200E8 ecx=00000000 edx=C0EFAE3C esi=C001080C edi=C199F068 ebp=C0EF8E34
MEMWATCH  node C199F068 | 01 08 01 00 0C 08 01 C0 98 0C 01 C0 54 48 43 42 70 AF EF C0 E8 00 92 C1 10 00 00 00 00 00 00 00 
MEMWATCH  stack esp=C0EF8DF8 | C0FCF1E0 C0008CF7 C0009110 00000246 C0001300 C000AA50 C19200E8 00000001 
MEMWATCH [0028:C000921F] w4 C0010810 = C199F068 | eax=C001080C ebx=C19200E8 ecx=00000000 edx=C0EFAE3C esi=C001080C edi=C199F068 ebp=C0EF8E30
MEMWATCH  node C199F068 | 01 08 01 00 0C 08 01 C0 98 0C 01 C0 54 48 43 42 70 AF EF C0 E8 00 92 C1 10 00 00 00 00 00 00 00 
MEMWATCH  stack esp=C0EF8DF4 | C0FCF1E0 C0008CF7 C0009110 00000246 C0001300 C000AA50 C19200E8 00000001 
MEMWATCH [0028:C000921F] w4 C0010810 = C159F068 | eax=C001080C ebx=C15200E8 ecx=00000000 edx=C0FD6B58 esi=C001080C edi=C159F068 ebp=C0EF8E80
MEMWATCH  node C159F068 | 01 18 41 00 0C 08 01 C0 A4 30 FD C0 54 48 43 42 70 1F 3A C1 E8 00 52 C1 01 00 2F 01 16 12 00 00 
MEMWATCH  stack esp=C0EF8E38 | C0FD30A4 C00092D5 C159F068 C0FD30A4 C0EF8E80 C0EF8E60 C15200E8 C0FD6B58 
MEMWATCH [0028:C000921F] w4 C0010810 = C159F068 | eax=C001080C ebx=C15200E8 ecx=00000000 edx=C0FD6B58 esi=C001080C edi=C159F068 ebp=C0EF8E80
MEMWATCH  node C159F068 | 01 08 41 00 0C 08 01 C0 A4 30 FD C0 54 48 43 42 70 1F 3A C1 E8 00 52 C1 01 00 2F 01 F6 11 00 00 
MEMWATCH  stack esp=C0EF8E38 | C0FD30A4 C00092D5 C159F068 C0FD30A4 C0EF8E80 C0EF8E60 C15200E8 C0FD6B58 
MEMWATCH [0028:C000921F] w4 C0010810 = C159F068 | eax=C001080C ebx=C15200E8 ecx=00000000 edx=C0FD6B58 esi=C001080C edi=C159F068 ebp=C0EF8E80
MEMWATCH  node C159F068 | 01 08 41 00 0C 08 01 C0 A4 30 FD C0 54 48 43 42 70 1F 3A C1 E8 00 52 C1 01 00 2F 01 F6 11 00 00 
MEMWATCH  stack esp=C0EF8E38 | C0FD30A4 C00092D5 C159F068 C0FD30A4 C0EF8E80 C0EF8E60 C15200E8 C0FD6B58 
MEMWATCH [0028:C000921F] w4 C0010810 = C0FE5CE0 | eax=C001080C ebx=C15200E8 ecx=00000000 edx=C0FE5BF4 esi=C001080C edi=C0FE5CE0 ebp=C0EDEE88
MEMWATCH  node C0FE5CE0 | 01 08 51 00 0C 08 01 C0 74 5C FE C0 54 48 43 42 70 DF EF C0 E8 00 52 C1 15 00 00 00 00 00 00 00 
MEMWATCH  stack esp=C0EDEE40 | C0FE5C74 C00092D5 C0001300 C0FE5C74 C0EDEE88 C0EDEE68 C15200E8 C0FE5BF4 
MEMWATCH [0028:C000921F] w4 C0010810 = C0FE09E4 | eax=C001080C ebx=00000000 ecx=00000002 edx=C0FE0908 esi=C001080C edi=C0FE09E4 ebp=C0EFDE6C
MEMWATCH  node C0FE09E4 | 01 08 51 00 0C 08 01 C0 98 3F FE C0 54 48 43 42 70 EF ED C0 E8 00 52 C1 13 00 3F 01 40 F8 63 00 
MEMWATCH  stack esp=C0EFDE24 | C0FE3F98 C00092D5 81521770 C0FE3F98 C0EFDE6C C0EFDE4C 00000000 C0FE0908 
MEMWATCH [0028:C000921F] w4 C0010810 = C0FE09E4 | eax=C001080C ebx=C15200E8 ecx=00000000 edx=C025C988 esi=C001080C edi=C0FE09E4 ebp=C0EFDF70
MEMWATCH  node C0FE09E4 | 01 18 51 00 0C 08 01 C0 24 68 FD C0 54 48 43 42 70 EF ED C0 E8 00 52 C1 13 00 3F 01 60 FA 63 00 
MEMWATCH  stack esp=C0EFDE54 | C0FD6824 C00092D5 C0001300 C0FD6824 C0EFDF70 C0EFDE7C C15200E8 C025C988 
HEARTBEAT [07DF:00000173] cpl=3 pm=1 | 8B 46 0E 8B 4E 10 E8 1D 02 8B 46 0C 83 F8 00 7C | eax=00000000 ebx=00637000 ecx=81522B58 esi=000018FF edi=0000013F esp=00008B46
MEMWATCH [0028:C000921F] w4 C0010810 = C0FE5CE0 | eax=C001080C ebx=81522B58 ecx=00000000 edx=C0FE5BF4 esi=C001080C edi=C0FE5CE0 ebp=C0EF2E64
MEMWATCH  node C0FE5CE0 | 01 08 51 00 0C 08 01 C0 74 5C FE C0 54 48 43 42 70 DF EF C0 E8 00 52 C1 15 00 3F 01 84 9E FF 81 
MEMWATCH  stack esp=C0EF2E1C | C0FE5C74 C00092D5 C0EF2E98 C0FE5C74 C0EF2E64 C0EF2E44 81522B58 C0FE5BF4 
MEMWATCH [0028:C000921F] w4 C0010810 = C0FE010C | eax=C001080C ebx=8151A5F4 ecx=00000000 edx=C0FE0030 esi=C001080C edi=C0FE010C ebp=C0EFDE64
MEMWATCH  node C0FE010C | 01 08 51 00 0C 08 01 C0 64 39 FE C0 54 48 43 42 70 2F EF C0 E8 00 52 C1 14 00 3F 01 28 FC 86 00 
MEMWATCH  stack esp=C0EFDE1C | C0FE3964 C00092D5 C0EFDE98 C0FE3964 C0EFDE64 C0EFDE44 8151A5F4 C0FE0030 
MEMWATCH [0028:C000921F] w4 C0010810 = C159F068 | eax=C001080C ebx=8161430C ecx=00000000 edx=C0FD6B58 esi=C001080C edi=C159F068 ebp=C0EFDE64
MEMWATCH  node C159F068 | 01 08 41 00 0C 08 01 C0 A4 30 FD C0 54 48 43 42 70 1F 3A C1 E8 00 52 C1 01 00 2F 01 F6 11 00 00 
MEMWATCH  stack esp=C0EFDE1C | C0FD30A4 C00092D5 C0EFDE98 C0FD30A4 C0EFDE64 C0EFDE44 8161430C C0FD6B58 
MEMWATCH [0028:C000921F] w4 C0010810 = C159F068 | eax=C001080C ebx=C15200E8 ecx=00000000 edx=C0FD6B58 esi=C001080C edi=C159F068 ebp=C0ED4E80
MEMWATCH  node C159F068 | 01 08 41 00 0C 08 01 C0 A4 30 FD C0 54 48 43 42 70 1F 3A C1 E8 00 52 C1 01 00 2F 01 F6 11 00 00 
MEMWATCH  stack esp=C0ED4E38 | C0FD30A4 C00092D5 C159F068 C0FD30A4 C0ED4E80 C0ED4E60 C15200E8 C0FD6B58 
MEMWATCH [0028:C000921F] w4 C0010810 = C0FD4280 | eax=C001080C ebx=00000000 ecx=00000002 edx=C0FD4194 esi=C001080C edi=C0FD4280 ebp=C0EFDE6C
MEMWATCH  node C0FD4280 | 01 08 51 00 0C 08 01 C0 14 42 FD C0 54 48 43 42 70 8F ED C0 E8 00 52 C1 06 00 3F 01 74 FD 72 00 
MEMWATCH  stack esp=C0EFDE24 | C0FD4214 C00092D5 815186A4 C0FD4214 C0EFDE6C C0EFDE4C 00000000 C0FD4194 
MEMWATCH [0028:C000921F] w4 C0010810 = C0FE5CE0 | eax=C001080C ebx=C15200E8 ecx=00000000 edx=C0FE5BF4 esi=C001080C edi=C0FE5CE0 ebp=C0EDCE70
MEMWATCH  node C0FE5CE0 | 01 08 51 00 0C 08 01 C0 74 5C FE C0 54 48 43 42 70 DF EF C0 E8 00 52 C1 15 00 3F 01 10 FB 63 00 
MEMWATCH  stack esp=C0EDCE28 | C0FE5C74 C00092D5 C0FE02A0 C0FE5C74 C0EDCE70 C0EDCE50 C15200E8 C0FE5BF4 
MEMWATCH [0028:C000921F] w4 C0010810 = C159F068 | eax=C001080C ebx=C15200E8 ecx=00000000 edx=C0FD6B58 esi=C001080C edi=C159F068 ebp=C0ED4E80
MEMWATCH  node C159F068 | 01 08 41 00 0C 08 01 C0 A4 30 FD C0 54 48 43 42 70 1F 3A C1 E8 00 52 C1 01 00 2F 01 F6 11 00 00 
MEMWATCH  stack esp=C0ED4E38 | C0FD30A4 C00092D5 C159F068 C0FD30A4 C0ED4E80 C0ED4E60 C15200E8 C0FD6B58 
MEMWATCH [0028:C000921F] w4 C0010810 = C0FE5CE0 | eax=C001080C ebx=C15200E8 ecx=00000000 edx=C0FE5BF4 esi=C001080C edi=C0FE5CE0 ebp=C13A1E1C
MEMWATCH  node C0FE5CE0 | 01 08 51 00 0C 08 01 C0 74 5C FE C0 54 48 43 42 70 DF EF C0 E8 00 52 C1 15 00 3F 01 10 FB 63 00 
MEMWATCH  stack esp=C13A1DD4 | C0FE5C74 C00092D5 C159F068 C0FE5C74 C13A1E1C C13A1DFC C15200E8 C0FE5BF4 
MEMWATCH [0028:C000921F] w4 C0010810 = C159F068 | eax=C001080C ebx=8161430C ecx=00000000 edx=C0FD6B58 esi=C001080C edi=C159F068 ebp=C0EFDE64
MEMWATCH  node C159F068 | 01 08 41 00 0C 08 01 C0 A4 30 FD C0 54 48 43 42 70 1F 3A C1 E8 00 52 C1 01 00 2F 01 F6 11 00 00 
MEMWATCH  stack esp=C0EFDE1C | C0FD30A4 C00092D5 C0EFDE98 C0FD30A4 C0EFDE64 C0EFDE44 8161430C C0FD6B58 
MEMWATCH [0028:C000921F] w4 C0010810 = C159F068 | eax=C001080C ebx=C15200E8 ecx=00000000 edx=C0FD6B58 esi=C001080C edi=C159F068 ebp=C0ED4E80
MEMWATCH  node C159F068 | 01 08 41 00 0C 08 01 C0 A4 30 FD C0 54 48 43 42 70 1F 3A C1 E8 00 52 C1 01 00 2F 01 F6 11 00 00 
MEMWATCH  stack esp=C0ED4E38 | C0FD30A4 C00092D5 C159F068 C0FD30A4 C0ED4E80 C0ED4E60 C15200E8 C0FD6B58 
MEMWATCH [0028:C000921F] w4 C0010810 = C159F068 | eax=C001080C ebx=8161430C ecx=00000000 edx=C0FD6B58 esi=C001080C edi=C159F068 ebp=C0EF6E64
MEMWATCH  node C159F068 | 01 08 41 00 0C 08 01 C0 A4 30 FD C0 54 48 43 42 70 1F 3A C1 E8 00 52 C1 01 00 2F 01 F6 11 00 00 
MEMWATCH  stack esp=C0EF6E1C | C0FD30A4 C00092D5 C0EF6E98 C0FD30A4 C0EF6E64 C0EF6E44 8161430C C0FD6B58 
MEMWATCH [0028:C000921F] w4 C0010810 = C159F068 | eax=C001080C ebx=C15200E8 ecx=00000000 edx=C0FD6B58 esi=C001080C edi=C159F068 ebp=C0EF8E80
MEMWATCH  node C159F068 | 01 08 41 00 0C 08 01 C0 A4 30 FD C0 54 48 43 42 70 1F 3A C1 E8 00 52 C1 01 00 2F 01 F6 11 00 00 
MEMWATCH  stack esp=C0EF8E38 | C0FD30A4 C00092D5 C159F068 C0FD30A4 C0EF8E80 C0EF8E60 C15200E8 C0FD6B58 
MEMWATCH [0028:C000921F] w4 C0010810 = C0FE02A0 | eax=C001080C ebx=00000000 ecx=00000001 edx=C0FE01C4 esi=C001080C edi=C0FE02A0 ebp=C0EF6E6C
MEMWATCH  node C0FE02A0 | 01 08 51 00 0C 08 01 C0 B4 FF FD C0 54 48 43 42 70 CF ED C0 E8 00 52 C1 0A 00 67 1E A0 85 00 00 
MEMWATCH  stack esp=C0EF6E24 | C0FDFFB4 C00092D5 8151AD84 C0FDFFB4 C0EF6E6C C0EF6E4C 00000000 C0FE01C4 
MEMWATCH [0028:C000921F] w4 C0010810 = C159F068 | eax=C001080C ebx=8161430C ecx=00000000 edx=C0FD6B58 esi=C001080C edi=C159F068 ebp=C0EF6E64
MEMWATCH  node C159F068 | 01 08 41 00 0C 08 01 C0 A4 30 FD C0 54 48 43 42 70 1F 3A C1 E8 00 52 C1 01 00 2F 01 F6 11 00 00 
MEMWATCH  stack esp=C0EF6E1C | C0FD30A4 C00092D5 C0EF6E98 C0FD30A4 C0EF6E64 C0EF6E44 8161430C C0FD6B58 
MEMWATCH [0028:C000921F] w4 C0010810 = C0FE332C | eax=C001080C ebx=81520F74 ecx=00000000 edx=C0FE3240 esi=C001080C edi=C0FE332C ebp=C0EF6E64
MEMWATCH  node C0FE332C | 01 08 51 00 0C 08 01 C0 C0 32 FE C0 54 48 43 42 70 8F EF C0 E8 00 52 C1 0F 00 17 1B 82 46 00 00 
MEMWATCH  stack esp=C0EF6E1C | C0FE32C0 C00092D5 C0EF6E98 C0FE32C0 C0EF6E64 C0EF6E44 81520F74 C0FE3240 
MEMWATCH [0028:C000921F] w4 C0010810 = C159F068 | eax=C001080C ebx=C15200E8 ecx=00000000 edx=C0FD6B58 esi=C001080C edi=C159F068 ebp=C0EF8E80
MEMWATCH  node C159F068 | 01 08 41 00 0C 08 01 C0 A4 30 FD C0 54 48 43 42 70 1F 3A C1 E8 00 52 C1 01 00 2F 01 F6 11 00 00 
MEMWATCH  stack esp=C0EF8E38 | C0FD30A4 C00092D5 C159F068 C0FD30A4 C0EF8E80 C0EF8E60 C15200E8 C0FD6B58 
MEMWATCH [0028:C000921F] w4 C0010810 = C159F068 | eax=C001080C ebx=8161430C ecx=00000000 edx=C0FD6B58 esi=C001080C edi=C159F068 ebp=C0EFDE64
MEMWATCH  node C159F068 | 01 08 41 00 0C 08 01 C0 A4 30 FD C0 54 48 43 42 70 1F 3A C1 E8 00 52 C1 01 00 2F 01 F6 11 00 00 
MEMWATCH  stack esp=C0EFDE1C | C0FD30A4 C00092D5 C0EFDE98 C0FD30A4 C0EFDE64 C0EFDE44 8161430C C0FD6B58 
MEMWATCH [0028:C000921F] w4 C0010810 = C159F068 | eax=C001080C ebx=C15200E8 ecx=00000000 edx=C0FD6B58 esi=C001080C edi=C159F068 ebp=C0EF8E80
MEMWATCH  node C159F068 | 01 08 41 00 0C 08 01 C0 A4 30 FD C0 54 48 43 42 70 1F 3A C1 E8 00 52 C1 01 00 2F 01 F6 11 00 00 
MEMWATCH  stack esp=C0EF8E38 | C0FD30A4 C00092D5 C159F068 C0FD30A4 C0EF8E80 C0EF8E60 C15200E8 C0FD6B58 
MEMWATCH [0028:C000921F] w4 C0010810 = C159F068 | eax=C001080C ebx=8161430C ecx=00000000 edx=C0FD6B58 esi=C001080C edi=C159F068 ebp=C0EFDE64
MEMWATCH  node C159F068 | 01 08 41 00 0C 08 01 C0 A4 30 FD C0 54 48 43 42 70 1F 3A C1 E8 00 52 C1 01 00 2F 01 F6 11 00 00 
MEMWATCH  stack esp=C0EFDE1C | C0FD30A4 C00092D5 C0EFDE98 C0FD30A4 C0EFDE64 C0EFDE44 8161430C C0FD6B58 
MEMWATCH [0028:C000921F] w4 C0010810 = C0FE0CD4 | eax=C001080C ebx=00000000 ecx=00000001 edx=C0FE0BE8 esi=C001080C edi=C0FE0CD4 ebp=C0EDAE6C
MEMWATCH  node C0FE0CD4 | 01 08 51 00 0C 08 01 C0 68 0C FE C0 54 48 43 42 70 4F EF C0 E8 00 52 C1 0D 00 3F 01 4C FA 63 00 
MEMWATCH  stack esp=C0EDAE24 | C0FE0C68 C00092D5 8151E6A4 C0FE0C68 C0EDAE6C C0EDAE4C 00000000 C0FE0BE8 
MEMWATCH [0028:C000921F] w4 C0010810 = C0FE0CD4 | eax=C001080C ebx=C15200E8 ecx=00000000 edx=C025C988 esi=C001080C edi=C0FE0CD4 ebp=C0EDAF70
MEMWATCH  node C0FE0CD4 | 01 08 51 00 0C 08 01 C0 24 68 FD C0 54 48 43 42 70 4F EF C0 E8 00 52 C1 0D 00 3F 01 4C FA 63 00 
MEMWATCH  stack esp=C0EDAE54 | C0FD6824 C00092D5 C0001300 C0FD6824 C0EDAF70 C0EDAE7C C15200E8 C025C988 
MEMWATCH [0028:C000921F] w4 C0010810 = C199F068 | eax=C001080C ebx=C19200E8 ecx=00000002 edx=C0EFAE3C esi=C001080C edi=C199F068 ebp=C0EF8F70
MEMWATCH  node C199F068 | 01 08 01 00 0C 08 01 C0 98 0C 01 C0 54 48 43 42 70 AF EF C0 E8 00 92 C1 10 00 00 00 00 00 00 00 
MEMWATCH  stack esp=C0EF8E4C | 00000000 C0008CF7 C0009110 00000246 C0FE332C C000AA50 C19200E8 00000000 
MEMWATCH [0028:C000921F] w4 C0010810 = C0FE5CE0 | eax=C001080C ebx=81522B58 ecx=00000000 edx=C0FE5BF4 esi=C001080C edi=C0FE5CE0 ebp=C0EF8E70
MEMWATCH  node C0FE5CE0 | 01 08 51 00 0C 08 01 C0 74 5C FE C0 54 48 43 42 70 DF EF C0 E8 00 52 C1 15 00 3F 01 9C FB 63 00 
MEMWATCH  stack esp=C0EF8E28 | C0FE5C74 C00092D5 C0FE332C C0FE5C74 C0EF8E70 C0EF8E50 81522B58 C0FE5BF4 
MEMWATCH [0028:C000921F] w4 C0010810 = C0FE5CE0 | eax=C001080C ebx=C15200E8 ecx=00000005 edx=C0FE5BF4 esi=C001080C edi=C0FE5CE0 ebp=C0EF8E70
MEMWATCH  node C0FE5CE0 | 01 08 51 00 0C 08 01 C0 74 5C FE C0 54 48 43 42 70 DF EF C0 E8 00 52 C1 15 00 3F 01 9C FB 63 00 
MEMWATCH  stack esp=C0EF8E28 | C0FE5C74 C00092D5 C0FE332C C0FE5C74 C0EF8E70 C0EF8E50 C15200E8 C0FE5BF4 
MEMWATCH [0028:C000921F] w4 C0010810 = C0FE5CE0 | eax=C001080C ebx=81522B58 ecx=00000000 edx=C0FE5BF4 esi=C001080C edi=C0FE5CE0 ebp=C0EF8E70
MEMWATCH  node C0FE5CE0 | 01 08 51 00 0C 08 01 C0 74 5C FE C0 54 48 43 42 70 DF EF C0 E8 00 52 C1 15 00 3F 01 9C FB 63 00 
MEMWATCH  stack esp=C0EF8E28 | C0FE5C74 C00092D5 C0FE332C C0FE5C74 C0EF8E70 C0EF8E50 81522B58 C0FE5BF4 
MEMWATCH [0028:C000921F] w4 C0010810 = C0FE5CE0 | eax=C001080C ebx=81522B58 ecx=00000000 edx=C0FE5BF4 esi=C001080C edi=C0FE5CE0 ebp=C0EF8E70
MEMWATCH  node C0FE5CE0 | 01 08 51 00 0C 08 01 C0 74 5C FE C0 54 48 43 42 70 DF EF C0 E8 00 52 C1 15 00 3F 01 9C FB 63 00 
MEMWATCH  stack esp=C0EF8E28 | C0FE5C74 C00092D5 C0FE332C C0FE5C74 C0EF8E70 C0EF8E50 81522B58 C0FE5BF4 
HEARTBEAT [0767:00000B52] cpl=3 pm=1 | C4 36 B0 0C 66 26 8B 0C 66 89 4F 40 5F 5E 1F C9 | eax=C0FE0000 ebx=00013ADC ecx=00011B17 esi=0002203F edi=00000000 esp=C0EF4372
MEMWATCH [0028:C000921F] w4 C0010810 = C0FE5CE0 | eax=C001080C ebx=C15200E8 ecx=00000006 edx=C0FE5BF4 esi=C001080C edi=C0FE5CE0 ebp=C0EF2E70
MEMWATCH  node C0FE5CE0 | 01 08 51 00 0C 08 01 C0 74 5C FE C0 54 48 43 42 70 DF EF C0 E8 00 52 C1 15 00 3F 01 9C FB 63 00 
MEMWATCH  stack esp=C0EF2E28 | C0FE5C74 C00092D5 C0FE010C C0FE5C74 C0EF2E70 C0EF2E50 C15200E8 C0FE5BF4 
MEMWATCH [0028:C000921F] w4 C0010810 = C0FE5CE0 | eax=C001080C ebx=81522B58 ecx=81515C70 edx=C0FE5BF4 esi=C001080C edi=C0FE5CE0 ebp=C0EF8E70
MEMWATCH  node C0FE5CE0 | 01 08 51 00 0C 08 01 C0 74 5C FE C0 54 48 43 42 70 DF EF C0 E8 00 52 C1 15 00 3F 01 9C FB 63 00 
MEMWATCH  stack esp=C0EF8E28 | C0FE5C74 C00092D5 C0FE332C C0FE5C74 C0EF8E70 C0EF8E50 81522B58 C0FE5BF4 
MEMWATCH [0028:C000921F] w4 C0010810 = C0FD8528 | eax=C001080C ebx=81515C70 ecx=00000000 edx=C0FD1320 esi=C001080C edi=C0FD8528 ebp=C0EFDE70
MEMWATCH  node C0FD8528 | 01 08 51 00 0C 08 01 C0 A0 13 FD C0 54 48 43 42 70 0F ED C0 E8 00 52 C1 02 00 3F 01 20 FA 50 00 
MEMWATCH  stack esp=C0EFDE28 | C0FD13A0 C00092D5 C0FE5CE0 C0FD13A0 C0EFDE70 C0EFDE50 81515C70 C0FD1320 
MEMWATCH [0028:C000921F] w4 C0010810 = C199F068 | eax=C001080C ebx=C19200E8 ecx=00000000 edx=C0EFAE3C esi=C001080C edi=C199F068 ebp=C0ED0E30
MEMWATCH  node C199F068 | 01 08 01 00 0C 08 01 C0 98 0C 01 C0 54 48 43 42 70 AF EF C0 E8 00 92 C1 10 00 00 00 00 00 00 00 
MEMWATCH  stack esp=C0ED0DF4 | C0FCF5C4 C0008CF7 C0009110 00000246 C0001300 C000AA50 C19200E8 00000001 
MEMWATCH [0028:C000921F] w4 C0010810 = C0FE5CE0 | eax=C001080C ebx=81522B58 ecx=8151AD84 edx=C0FE5BF4 esi=C001080C edi=C0FE5CE0 ebp=C0EF8E70
MEMWATCH  node C0FE5CE0 | 01 08 51 00 0C 08 01 C0 74 5C FE C0 54 48 43 42 70 DF EF C0 E8 00 52 C1 15 00 3F 01 9C FB 63 00 
MEMWATCH  stack esp=C0EF8E28 | C0FE5C74 C00092D5 C0FE332C C0FE5C74 C0EF8E70 C0EF8E50 81522B58 C0FE5BF4 
MEMWATCH [0028:C000921F] w4 C0010810 = C0FE5CE0 | eax=C001080C ebx=C15200E8 ecx=00000006 edx=C0FE5BF4 esi=C001080C edi=C0FE5CE0 ebp=C0EF8E70
MEMWATCH  node C0FE5CE0 | 01 08 51 00 0C 08 01 C0 74 5C FE C0 54 48 43 42 70 DF EF C0 E8 00 52 C1 15 00 3F 01 9C FB 63 00 
MEMWATCH  stack esp=C0EF8E28 | C0FE5C74 C00092D5 C0FE332C C0FE5C74 C0EF8E70 C0EF8E50 C15200E8 C0FE5BF4 
MEMWATCH [0028:C000921F] w4 C0010810 = C0FE5CE0 | eax=C001080C ebx=81522B58 ecx=00000000 edx=C0FE5BF4 esi=C001080C edi=C0FE5CE0 ebp=C0EF8E70
MEMWATCH  node C0FE5CE0 | 01 08 51 00 0C 08 01 C0 74 5C FE C0 54 48 43 42 70 DF EF C0 E8 00 52 C1 15 00 3F 01 9C FB 63 00 
MEMWATCH  stack esp=C0EF8E28 | C0FE5C74 C00092D5 C0FE332C C0FE5C74 C0EF8E70 C0EF8E50 81522B58 C0FE5BF4 
MEMWATCH [0028:C000921F] w4 C0010810 = C0FE5CE0 | eax=C001080C ebx=C15200E8 ecx=00000004 edx=C0FE5BF4 esi=C001080C edi=C0FE5CE0 ebp=C0EF8E70
MEMWATCH  node C0FE5CE0 | 01 08 51 00 0C 08 01 C0 74 5C FE C0 54 48 43 42 70 DF EF C0 E8 00 52 C1 15 00 3F 01 9C FB 63 00 
MEMWATCH  stack esp=C0EF8E28 | C0FE5C74 C00092D5 C0FE332C C0FE5C74 C0EF8E70 C0EF8E50 C15200E8 C0FE5BF4 
MEMWATCH [0028:C000921F] w4 C0010810 = C0FE5CE0 | eax=C001080C ebx=81522B58 ecx=00000000 edx=C0FE5BF4 esi=C001080C edi=C0FE5CE0 ebp=C0EF8E70
MEMWATCH  node C0FE5CE0 | 01 08 51 00 0C 08 01 C0 74 5C FE C0 54 48 43 42 70 DF EF C0 E8 00 52 C1 15 00 3F 01 9C FB 63 00 
MEMWATCH  stack esp=C0EF8E28 | C0FE5C74 C00092D5 C0FE332C C0FE5C74 C0EF8E70 C0EF8E50 81522B58 C0FE5BF4 
MEMWATCH [0028:C000921F] w4 C0010810 = C0FE5CE0 | eax=C001080C ebx=C15200E8 ecx=00000005 edx=C0FE5BF4 esi=C001080C edi=C0FE5CE0 ebp=C0EF8E70
MEMWATCH  node C0FE5CE0 | 01 08 51 00 0C 08 01 C0 74 5C FE C0 54 48 43 42 70 DF EF C0 E8 00 52 C1 15 00 3F 01 9C FB 63 00 
MEMWATCH  stack esp=C0EF8E28 | C0FE5C74 C00092D5 C0FE332C C0FE5C74 C0EF8E70 C0EF8E50 C15200E8 C0FE5BF4 
MEMWATCH [0028:C000921F] w4 C0010810 = C0FE5CE0 | eax=C001080C ebx=81522B58 ecx=00000000 edx=C0FE5BF4 esi=C001080C edi=C0FE5CE0 ebp=C0EF8E70
MEMWATCH  node C0FE5CE0 | 01 08 51 00 0C 08 01 C0 74 5C FE C0 54 48 43 42 70 DF EF C0 E8 00 52 C1 15 00 3F 01 9C FB 63 00 
MEMWATCH  stack esp=C0EF8E28 | C0FE5C74 C00092D5 C0FE332C C0FE5C74 C0EF8E70 C0EF8E50 81522B58 C0FE5BF4 
MEMWATCH [0028:C000921F] w4 C0010810 = C0FE5CE0 | eax=C001080C ebx=81522B58 ecx=00000000 edx=C0FE5BF4 esi=C001080C edi=C0FE5CE0 ebp=C0EF8E70
MEMWATCH  node C0FE5CE0 | 01 08 51 00 0C 08 01 C0 74 5C FE C0 54 48 43 42 70 DF EF C0 E8 00 52 C1 15 00 3F 01 9C FB 63 00 
MEMWATCH  stack esp=C0EF8E28 | C0FE5C74 C00092D5 C0FE332C C0FE5C74 C0EF8E70 C0EF8E50 81522B58 C0FE5BF4 
MEMWATCH [0028:C000921F] w4 C0010810 = C0FE5CE0 | eax=C001080C ebx=C15200E8 ecx=00000005 edx=C0FE5BF4 esi=C001080C edi=C0FE5CE0 ebp=C0EF8E70
MEMWATCH  node C0FE5CE0 | 01 08 51 00 0C 08 01 C0 74 5C FE C0 54 48 43 42 70 DF EF C0 E8 00 52 C1 15 00 3F 01 9C FB 63 00 
MEMWATCH  stack esp=C0EF8E28 | C0FE5C74 C00092D5 C0FE332C C0FE5C74 C0EF8E70 C0EF8E50 C15200E8 C0FE5BF4 
MEMWATCH [0028:C000921F] w4 C0010810 = C0FE5CE0 | eax=C001080C ebx=81522B58 ecx=00000000 edx=C0FE5BF4 esi=C001080C edi=C0FE5CE0 ebp=C0EF8E70
MEMWATCH  node C0FE5CE0 | 01 08 51 00 0C 08 01 C0 74 5C FE C0 54 48 43 42 70 DF EF C0 E8 00 52 C1 15 00 3F 01 9C FB 63 00 
MEMWATCH  stack esp=C0EF8E28 | C0FE5C74 C00092D5 C0FE332C C0FE5C74 C0EF8E70 C0EF8E50 81522B58 C0FE5BF4 
MEMWATCH [0028:C000921F] w4 C0010810 = C0FE5CE0 | eax=C001080C ebx=C15200E8 ecx=00000004 edx=C0FE5BF4 esi=C001080C edi=C0FE5CE0 ebp=C0EF8E70
MEMWATCH  node C0FE5CE0 | 01 08 51 00 0C 08 01 C0 74 5C FE C0 54 48 43 42 70 DF EF C0 E8 00 52 C1 15 00 3F 01 9C FB 63 00 
MEMWATCH  stack esp=C0EF8E28 | C0FE5C74 C00092D5 C0FE332C C0FE5C74 C0EF8E70 C0EF8E50 C15200E8 C0FE5BF4 
MEMWATCH [0028:C000921F] w4 C0010810 = C0FE5CE0 | eax=C001080C ebx=81522B58 ecx=00000000 edx=C0FE5BF4 esi=C001080C edi=C0FE5CE0 ebp=C0EF8E70
MEMWATCH  node C0FE5CE0 | 01 08 51 00 0C 08 01 C0 74 5C FE C0 54 48 43 42 70 DF EF C0 E8 00 52 C1 15 00 3F 01 9C FB 63 00 
MEMWATCH  stack esp=C0EF8E28 | C0FE5C74 C00092D5 C0FE332C C0FE5C74 C0EF8E70 C0EF8E50 81522B58 C0FE5BF4 
MEMWATCH [0028:C000921F] w4 C0010810 = C0FE5CE0 | eax=C001080C ebx=81522B58 ecx=00000000 edx=C0FE5BF4 esi=C001080C edi=C0FE5CE0 ebp=C0EF8E70
MEMWATCH  node C0FE5CE0 | 01 08 51 00 0C 08 01 C0 74 5C FE C0 54 48 43 42 70 DF EF C0 E8 00 52 C1 15 00 3F 01 9C FB 63 00 
MEMWATCH  stack esp=C0EF8E28 | C0FE5C74 C00092D5 C0FE332C C0FE5C74 C0EF8E70 C0EF8E50 81522B58 C0FE5BF4 
HEARTBEAT [0117:00006194] cpl=3 pm=1 | 8E C0 26 3A 1E 08 00 7F EE 8E 46 04 8C 06 00 00 | eax=C0FE1F4E ebx=00011201 ecx=00011B4E esi=0002203F edi=00000000 esp=C0EF434A
MEMWATCH [0028:C000921F] w4 C0010810 = C0FE5CE0 | eax=C001080C ebx=81522B58 ecx=00000000 edx=C0FE5BF4 esi=C001080C edi=C0FE5CE0 ebp=C0EF8E70
MEMWATCH  node C0FE5CE0 | 01 08 51 00 0C 08 01 C0 74 5C FE C0 54 48 43 42 70 DF EF C0 E8 00 52 C1 15 00 3F 01 9C FB 63 00 
MEMWATCH  stack esp=C0EF8E28 | C0FE5C74 C00092D5 C0FE332C C0FE5C74 C0EF8E70 C0EF8E50 81522B58 C0FE5BF4 
MEMWATCH [0028:C000921F] w4 C0010810 = C0FE5CE0 | eax=C001080C ebx=C15200E8 ecx=00000005 edx=C0FE5BF4 esi=C001080C edi=C0FE5CE0 ebp=C0EF8E70
MEMWATCH  node C0FE5CE0 | 01 08 51 00 0C 08 01 C0 74 5C FE C0 54 48 43 42 70 DF EF C0 E8 00 52 C1 15 00 3F 01 9C FB 63 00 
MEMWATCH  stack esp=C0EF8E28 | C0FE5C74 C00092D5 C0FE332C C0FE5C74 C0EF8E70 C0EF8E50 C15200E8 C0FE5BF4 
MEMWATCH [0028:C000921F] w4 C0010810 = C0FE5CE0 | eax=C001080C ebx=81522B58 ecx=00000000 edx=C0FE5BF4 esi=C001080C edi=C0FE5CE0 ebp=C0EF8E70
MEMWATCH  node C0FE5CE0 | 01 08 51 00 0C 08 01 C0 74 5C FE C0 54 48 43 42 70 DF EF C0 E8 00 52 C1 15 00 3F 01 9C FB 63 00 
MEMWATCH  stack esp=C0EF8E28 | C0FE5C74 C00092D5 C0FE332C C0FE5C74 C0EF8E70 C0EF8E50 81522B58 C0FE5BF4 
MEMWATCH [0028:C000921F] w4 C0010810 = C0FE5CE0 | eax=C001080C ebx=C15200E8 ecx=00000004 edx=C0FE5BF4 esi=C001080C edi=C0FE5CE0 ebp=C0EF8E70
MEMWATCH  node C0FE5CE0 | 01 08 51 00 0C 08 01 C0 74 5C FE C0 54 48 43 42 70 DF EF C0 E8 00 52 C1 15 00 3F 01 9C FB 63 00 
MEMWATCH  stack esp=C0EF8E28 | C0FE5C74 C00092D5 C0FE332C C0FE5C74 C0EF8E70 C0EF8E50 C15200E8 C0FE5BF4 
MEMWATCH [0028:C000921F] w4 C0010810 = C0FE5CE0 | eax=C001080C ebx=81522B58 ecx=00000000 edx=C0FE5BF4 esi=C001080C edi=C0FE5CE0 ebp=C0EF8E70
MEMWATCH  node C0FE5CE0 | 01 08 51 00 0C 08 01 C0 74 5C FE C0 54 48 43 42 70 DF EF C0 E8 00 52 C1 15 00 3F 01 9C FB 63 00 
MEMWATCH  stack esp=C0EF8E28 | C0FE5C74 C00092D5 C0FE332C C0FE5C74 C0EF8E70 C0EF8E50 81522B58 C0FE5BF4 
MEMWATCH [0028:C000921F] w4 C0010810 = C0FE5CE0 | eax=C001080C ebx=C15200E8 ecx=00000005 edx=C0FE5BF4 esi=C001080C edi=C0FE5CE0 ebp=C0EF8E70
MEMWATCH  node C0FE5CE0 | 01 08 51 00 0C 08 01 C0 74 5C FE C0 54 48 43 42 70 DF EF C0 E8 00 52 C1 15 00 3F 01 9C FB 63 00 
MEMWATCH  stack esp=C0EF8E28 | C0FE5C74 C00092D5 C0FE332C C0FE5C74 C0EF8E70 C0EF8E50 C15200E8 C0FE5BF4 
MEMWATCH [0028:C000921F] w4 C0010810 = C0FE332C | eax=C001080C ebx=81520F74 ecx=00000000 edx=C0FE3240 esi=C001080C edi=C0FE332C ebp=C0EFDE70
MEMWATCH  node C0FE332C | 01 08 51 00 0C 08 01 C0 C0 32 FE C0 54 48 43 42 70 8F EF C0 E8 00 52 C1 0F 00 17 1B 50 43 EF C0 
MEMWATCH  stack esp=C0EFDE28 | C0FE32C0 C00092D5 C0FE5CE0 C0FE32C0 C0EFDE70 C0EFDE50 81520F74 C0FE3240 
MEMWATCH [0028:C000921F] w4 C0010810 = C0FE5CE0 | eax=C001080C ebx=81522B58 ecx=00000000 edx=C0FE5BF4 esi=C001080C edi=C0FE5CE0 ebp=C0EF8E70
MEMWATCH  node C0FE5CE0 | 01 08 51 00 0C 08 01 C0 74 5C FE C0 54 48 43 42 70 DF EF C0 E8 00 52 C1 15 00 F7 19 E2 8B 00 00 
MEMWATCH  stack esp=C0EF8E28 | C0FE5C74 C00092D5 C0FE332C C0FE5C74 C0EF8E70 C0EF8E50 81522B58 C0FE5BF4 
MEMWATCH [0028:C000921F] w4 C0010810 = C0FE5CE0 | eax=C001080C ebx=C15200E8 ecx=00000005 edx=C0FE5BF4 esi=C001080C edi=C0FE5CE0 ebp=C0EF8E70
MEMWATCH  node C0FE5CE0 | 01 08 51 00 0C 08 01 C0 74 5C FE C0 54 48 43 42 70 DF EF C0 E8 00 52 C1 15 00 F7 19 E2 8B 00 00 
MEMWATCH  stack esp=C0EF8E28 | C0FE5C74 C00092D5 C0FE332C C0FE5C74 C0EF8E70 C0EF8E50 C15200E8 C0FE5BF4 
MEMWATCH [0028:C000921F] w4 C0010810 = C0FE5CE0 | eax=C001080C ebx=81522B58 ecx=00000000 edx=C0FE5BF4 esi=C001080C edi=C0FE5CE0 ebp=C0EF8E70
MEMWATCH  node C0FE5CE0 | 01 08 51 00 0C 08 01 C0 74 5C FE C0 54 48 43 42 70 DF EF C0 E8 00 52 C1 15 00 F7 19 E2 8B 00 00 
MEMWATCH  stack esp=C0EF8E28 | C0FE5C74 C00092D5 C0FE332C C0FE5C74 C0EF8E70 C0EF8E50 81522B58 C0FE5BF4 
MEMWATCH [0028:C000921F] w4 C0010810 = C0FE5CE0 | eax=C001080C ebx=81522B58 ecx=00000000 edx=C0FE5BF4 esi=C001080C edi=C0FE5CE0 ebp=C0EF8E70
MEMWATCH  node C0FE5CE0 | 01 08 51 00 0C 08 01 C0 74 5C FE C0 54 48 43 42 70 DF EF C0 E8 00 52 C1 15 00 F7 19 E2 8B 00 00 
MEMWATCH  stack esp=C0EF8E28 | C0FE5C74 C00092D5 C0FE332C C0FE5C74 C0EF8E70 C0EF8E50 81522B58 C0FE5BF4 
MEMWATCH [0028:C000921F] w4 C0010810 = C0FE5CE0 | eax=C001080C ebx=81522B58 ecx=00000000 edx=C0FE5BF4 esi=C001080C edi=C0FE5CE0 ebp=C0EF8E70
MEMWATCH  node C0FE5CE0 | 01 08 51 00 0C 08 01 C0 74 5C FE C0 54 48 43 42 70 DF EF C0 E8 00 52 C1 15 00 F7 19 E2 8B 00 00 
MEMWATCH  stack esp=C0EF8E28 | C0FE5C74 C00092D5 C0FE332C C0FE5C74 C0EF8E70 C0EF8E50 81522B58 C0FE5BF4 
MEMWATCH [0028:C000921F] w4 C0010810 = C0FE5CE0 | eax=C001080C ebx=81522B58 ecx=00000000 edx=C0FE5BF4 esi=C001080C edi=C0FE5CE0 ebp=C0EF8E70
MEMWATCH  node C0FE5CE0 | 01 08 51 00 0C 08 01 C0 74 5C FE C0 54 48 43 42 70 DF EF C0 E8 00 52 C1 15 00 F7 19 E2 8B 00 00 
MEMWATCH  stack esp=C0EF8E28 | C0FE5C74 C00092D5 C0FE332C C0FE5C74 C0EF8E70 C0EF8E50 81522B58 C0FE5BF4 
MEMWATCH [0028:C000921F] w4 C0010810 = C0FE5CE0 | eax=C001080C ebx=81522B58 ecx=00000000 edx=C0FE5BF4 esi=C001080C edi=C0FE5CE0 ebp=C0EF8E70
MEMWATCH  node C0FE5CE0 | 01 08 51 00 0C 08 01 C0 74 5C FE C0 54 48 43 42 70 DF EF C0 E8 00 52 C1 15 00 F7 19 E2 8B 00 00 
MEMWATCH  stack esp=C0EF8E28 | C0FE5C74 C00092D5 C0FE332C C0FE5C74 C0EF8E70 C0EF8E50 81522B58 C0FE5BF4 
HEARTBEAT [0117:00005B2A] cpl=3 pm=1 | 67 66 26 A1 08 10 F7 BF 67 66 26 8B 00 67 66 26 | eax=078F0001 ebx=00010000 ecx=00011B17 esi=00021C1C edi=00000001 esp=C0EF436E
MEMWATCH [0028:C000921F] w4 C0010810 = C0FE5CE0 | eax=C001080C ebx=81522B58 ecx=00000000 edx=C0FE5BF4 esi=C001080C edi=C0FE5CE0 ebp=C0EF8E70
MEMWATCH  node C0FE5CE0 | 01 08 51 00 0C 08 01 C0 74 5C FE C0 54 48 43 42 70 DF EF C0 E8 00 52 C1 15 00 F7 19 E2 8B 00 00 
MEMWATCH  stack esp=C0EF8E28 | C0FE5C74 C00092D5 C0FE332C C0FE5C74 C0EF8E70 C0EF8E50 81522B58 C0FE5BF4 
MEMWATCH [0028:C000921F] w4 C0010810 = C0FE5CE0 | eax=C001080C ebx=81522B58 ecx=00000000 edx=C0FE5BF4 esi=C001080C edi=C0FE5CE0 ebp=C0EF8E70
MEMWATCH  node C0FE5CE0 | 01 08 51 00 0C 08 01 C0 74 5C FE C0 54 48 43 42 70 DF EF C0 E8 00 52 C1 15 00 F7 19 E2 8B 00 00 
MEMWATCH  stack esp=C0EF8E28 | C0FE5C74 C00092D5 C0FE332C C0FE5C74 C0EF8E70 C0EF8E50 81522B58 C0FE5BF4 
MEMWATCH [0028:C000921F] w4 C0010810 = C0FE5CE0 | eax=C001080C ebx=81522B58 ecx=00000000 edx=C0FE5BF4 esi=C001080C edi=C0FE5CE0 ebp=C0EF8E70
MEMWATCH  node C0FE5CE0 | 01 08 51 00 0C 08 01 C0 74 5C FE C0 54 48 43 42 70 DF EF C0 E8 00 52 C1 15 00 F7 19 E2 8B 00 00 
MEMWATCH  stack esp=C0EF8E28 | C0FE5C74 C00092D5 C0FE332C C0FE5C74 C0EF8E70 C0EF8E50 81522B58 C0FE5BF4 
MEMWATCH [0028:C000921F] w4 C0010810 = C0FE5CE0 | eax=C001080C ebx=81522B58 ecx=00000000 edx=C0FE5BF4 esi=C001080C edi=C0FE5CE0 ebp=C0EF8E70
MEMWATCH  node C0FE5CE0 | 01 08 51 00 0C 08 01 C0 74 5C FE C0 54 48 43 42 70 DF EF C0 E8 00 52 C1 15 00 F7 19 E2 8B 00 00 
MEMWATCH  stack esp=C0EF8E28 | C0FE5C74 C00092D5 C0FE332C C0FE5C74 C0EF8E70 C0EF8E50 81522B58 C0FE5BF4 
MEMWATCH [0028:C000921F] w4 C0010810 = C0FE5CE0 | eax=C001080C ebx=81522B58 ecx=00000000 edx=C0FE5BF4 esi=C001080C edi=C0FE5CE0 ebp=C0EF8E70
MEMWATCH  node C0FE5CE0 | 01 08 51 00 0C 08 01 C0 74 5C FE C0 54 48 43 42 70 DF EF C0 E8 00 52 C1 15 00 F7 19 E2 8B 00 00 
MEMWATCH  stack esp=C0EF8E28 | C0FE5C74 C00092D5 C0FE332C C0FE5C74 C0EF8E70 C0EF8E50 81522B58 C0FE5BF4 
MEMWATCH [0028:C000921F] w4 C0010810 = C0FE5CE0 | eax=C001080C ebx=81522B58 ecx=00000000 edx=C0FE5BF4 esi=C001080C edi=C0FE5CE0 ebp=C0EF8E70
MEMWATCH  node C0FE5CE0 | 01 08 51 00 0C 08 01 C0 74 5C FE C0 54 48 43 42 70 DF EF C0 E8 00 52 C1 15 00 F7 19 E2 8B 00 00 
MEMWATCH  stack esp=C0EF8E28 | C0FE5C74 C00092D5 C0FE332C C0FE5C74 C0EF8E70 C0EF8E50 81522B58 C0FE5BF4 
MEMWATCH [0028:C000921F] w4 C0010810 = C0FE5CE0 | eax=C001080C ebx=81522B58 ecx=00000000 edx=C0FE5BF4 esi=C001080C edi=C0FE5CE0 ebp=C0EF8E70
MEMWATCH  node C0FE5CE0 | 01 08 51 00 0C 08 01 C0 74 5C FE C0 54 48 43 42 70 DF EF C0 E8 00 52 C1 15 00 F7 19 E2 8B 00 00 
MEMWATCH  stack esp=C0EF8E28 | C0FE5C74 C00092D5 C0FE332C C0FE5C74 C0EF8E70 C0EF8E50 81522B58 C0FE5BF4 
MEMWATCH [0028:C000921F] w4 C0010810 = C0FE5CE0 | eax=C001080C ebx=81522B58 ecx=00000000 edx=C0FE5BF4 esi=C001080C edi=C0FE5CE0 ebp=C0EF8E70
MEMWATCH  node C0FE5CE0 | 01 08 51 00 0C 08 01 C0 74 5C FE C0 54 48 43 42 70 DF EF C0 E8 00 52 C1 15 00 F7 19 E2 8B 00 00 
MEMWATCH  stack esp=C0EF8E28 | C0FE5C74 C00092D5 C0FE332C C0FE5C74 C0EF8E70 C0EF8E50 81522B58 C0FE5BF4 
MEMWATCH [0028:C000921F] w4 C0010810 = C0FE5CE0 | eax=C001080C ebx=81522B58 ecx=00000000 edx=C0FE5BF4 esi=C001080C edi=C0FE5CE0 ebp=C0EF8E70
MEMWATCH  node C0FE5CE0 | 01 08 51 00 0C 08 01 C0 74 5C FE C0 54 48 43 42 70 DF EF C0 E8 00 52 C1 15 00 F7 19 E2 8B 00 00 
MEMWATCH  stack esp=C0EF8E28 | C0FE5C74 C00092D5 C0FE332C C0FE5C74 C0EF8E70 C0EF8E50 81522B58 C0FE5BF4 
HEARTBEAT [0757:00000A42] cpl=3 pm=1 | 75 1B 3D 80 00 72 16 67 66 26 3B 41 70 77 0E 67 | eax=00000104 ebx=00013ADC ecx=00010000 esi=00021C1C edi=00000001 esp=C0EF438C
MEMWATCH [0028:C000921F] w4 C0010810 = C0FE5CE0 | eax=C001080C ebx=81522B58 ecx=00000000 edx=C0FE5BF4 esi=C001080C edi=C0FE5CE0 ebp=C0EF8E70
MEMWATCH  node C0FE5CE0 | 01 08 51 00 0C 08 01 C0 74 5C FE C0 54 48 43 42 70 DF EF C0 E8 00 52 C1 15 00 F7 19 E2 8B 00 00 
MEMWATCH  stack esp=C0EF8E28 | C0FE5C74 C00092D5 C0FE332C C0FE5C74 C0EF8E70 C0EF8E50 81522B58 C0FE5BF4 
MEMWATCH [0028:C000921F] w4 C0010810 = C0FE5CE0 | eax=C001080C ebx=81522B58 ecx=00000000 edx=C0FE5BF4 esi=C001080C edi=C0FE5CE0 ebp=C0EF8E70
MEMWATCH  node C0FE5CE0 | 01 08 51 00 0C 08 01 C0 74 5C FE C0 54 48 43 42 70 DF EF C0 E8 00 52 C1 15 00 F7 19 E2 8B 00 00 
MEMWATCH  stack esp=C0EF8E28 | C0FE5C74 C00092D5 C0FE332C C0FE5C74 C0EF8E70 C0EF8E50 81522B58 C0FE5BF4 
MEMWATCH [0028:C000921F] w4 C0010810 = C0FE5CE0 | eax=C001080C ebx=81522B58 ecx=00000000 edx=C0FE5BF4 esi=C001080C edi=C0FE5CE0 ebp=C0EF8E70
MEMWATCH  node C0FE5CE0 | 01 08 51 00 0C 08 01 C0 74 5C FE C0 54 48 43 42 70 DF EF C0 E8 00 52 C1 15 00 F7 19 E2 8B 00 00 
MEMWATCH  stack esp=C0EF8E28 | C0FE5C74 C00092D5 C0FE332C C0FE5C74 C0EF8E70 C0EF8E50 81522B58 C0FE5BF4 
MEMWATCH [0028:C000921F] w4 C0010810 = C0FE5CE0 | eax=C001080C ebx=81522B58 ecx=00000000 edx=C0FE5BF4 esi=C001080C edi=C0FE5CE0 ebp=C0EF8E70
MEMWATCH  node C0FE5CE0 | 01 08 51 00 0C 08 01 C0 74 5C FE C0 54 48 43 42 70 DF EF C0 E8 00 52 C1 15 00 F7 19 E2 8B 00 00 
MEMWATCH  stack esp=C0EF8E28 | C0FE5C74 C00092D5 C0FE332C C0FE5C74 C0EF8E70 C0EF8E50 81522B58 C0FE5BF4 
MEMWATCH [0028:C000921F] w4 C0010810 = C0FE5CE0 | eax=C001080C ebx=81522B58 ecx=00000000 edx=C0FE5BF4 esi=C001080C edi=C0FE5CE0 ebp=C0EF8E70
MEMWATCH  node C0FE5CE0 | 01 08 51 00 0C 08 01 C0 74 5C FE C0 54 48 43 42 70 DF EF C0 E8 00 52 C1 15 00 F7 19 E2 8B 00 00 
MEMWATCH  stack esp=C0EF8E28 | C0FE5C74 C00092D5 C0FE332C C0FE5C74 C0EF8E70 C0EF8E50 81522B58 C0FE5BF4 
MEMWATCH [0028:C000921F] w4 C0010810 = C0FE5CE0 | eax=C001080C ebx=81522B58 ecx=00000000 edx=C0FE5BF4 esi=C001080C edi=C0FE5CE0 ebp=C0EF8E70
MEMWATCH  node C0FE5CE0 | 01 08 51 00 0C 08 01 C0 74 5C FE C0 54 48 43 42 70 DF EF C0 E8 00 52 C1 15 00 F7 19 E2 8B 00 00 
MEMWATCH  stack esp=C0EF8E28 | C0FE5C74 C00092D5 C0FE332C C0FE5C74 C0EF8E70 C0EF8E50 81522B58 C0FE5BF4 
MEMWATCH [0028:C000921F] w4 C0010810 = C0FE5CE0 | eax=C001080C ebx=81522B58 ecx=00000000 edx=C0FE5BF4 esi=C001080C edi=C0FE5CE0 ebp=C0EF8E70
MEMWATCH  node C0FE5CE0 | 01 08 51 00 0C 08 01 C0 74 5C FE C0 54 48 43 42 70 DF EF C0 E8 00 52 C1 15 00 F7 19 E2 8B 00 00 
MEMWATCH  stack esp=C0EF8E28 | C0FE5C74 C00092D5 C0FE332C C0FE5C74 C0EF8E70 C0EF8E50 81522B58 C0FE5BF4 
MEMWATCH [0028:C000921F] w4 C0010810 = C0FE5CE0 | eax=C001080C ebx=81522B58 ecx=00000000 edx=C0FE5BF4 esi=C001080C edi=C0FE5CE0 ebp=C0EF8E70
MEMWATCH  node C0FE5CE0 | 01 08 51 00 0C 08 01 C0 74 5C FE C0 54 48 43 42 70 DF EF C0 E8 00 52 C1 15 00 F7 19 E2 8B 00 00 
MEMWATCH  stack esp=C0EF8E28 | C0FE5C74 C00092D5 C0FE332C C0FE5C74 C0EF8E70 C0EF8E50 81522B58 C0FE5BF4 
MEMWATCH [0028:C000921F] w4 C0010810 = C0FE5CE0 | eax=C001080C ebx=81522B58 ecx=00000000 edx=C0FE5BF4 esi=C001080C edi=C0FE5CE0 ebp=C0EF8E70
MEMWATCH  node C0FE5CE0 | 01 08 51 00 0C 08 01 C0 74 5C FE C0 54 48 43 42 70 DF EF C0 E8 00 52 C1 15 00 F7 19 E2 8B 00 00 
MEMWATCH  stack esp=C0EF8E28 | C0FE5C74 C00092D5 C0FE332C C0FE5C74 C0EF8E70 C0EF8E50 81522B58 C0FE5BF4 
HEARTBEAT [078F:000036FB] cpl=3 pm=1 | 66 8B C6 66 3B 06 5C 00 74 08 9A A4 0C 67 07 E9 | eax=00020B79 ebx=00013ADC ecx=00010000 esi=00021C1C edi=00000001 esp=C0EF4394
MEMWATCH [0028:C000921F] w4 C0010810 = C0FE5CE0 | eax=C001080C ebx=81522B58 ecx=00000000 edx=C0FE5BF4 esi=C001080C edi=C0FE5CE0 ebp=C0EF8E70
MEMWATCH  node C0FE5CE0 | 01 08 51 00 0C 08 01 C0 74 5C FE C0 54 48 43 42 70 DF EF C0 E8 00 52 C1 15 00 F7 19 E2 8B 00 00 
MEMWATCH  stack esp=C0EF8E28 | C0FE5C74 C00092D5 C0FE332C C0FE5C74 C0EF8E70 C0EF8E50 81522B58 C0FE5BF4 
HEARTBEAT [0117:00005EB9] cpl=3 pm=1 | 74 D2 8B C8 66 A1 54 00 26 8E 2E A6 13 67 66 65 | eax=00001C86 ebx=00012570 ecx=00010000 esi=0002203F edi=00000000 esp=C0EF4352
HEARTBEAT [0117:00005FE5] cpl=3 pm=1 | 75 1F B4 19 CD 21 8A D0 FE C2 0C 80 A2 66 00 BE | eax=C0010000 ebx=00012570 ecx=00011B4E esi=0002203F edi=00000000 esp=C0EF4346
HEARTBEAT [0757:00000A57] cpl=3 pm=1 | 66 3D 00 00 01 00 73 02 33 C0 66 5A 66 85 C0 74 | eax=00020B78 ebx=00013ADC ecx=00010000 esi=00021C1C edi=00000001 esp=C0EF438C
HEARTBEAT [0028:C002C7E2] cpl=0 pm=1 | 5A 89 72 04 9D 5E 5A C3 8B C0 50 53 33 C9 81 78 | eax=C002D05C ebx=C15200E8 ecx=C002D7F8 esi=C0FCF598 edi=C159F11C esp=C0EF8E6C
HEARTBEAT [0117:0000618B] cpl=3 pm=1 | 8E D8 A1 00 00 85 C0 74 09 8E C0 26 3A 1E 08 00 | eax=C0FE1E7E ebx=00011201 ecx=00011B4E esi=0002203F edi=00000000 esp=C0EF434A
MEMWATCH [0028:C000921F] w4 C0010810 = C0FE5CE0 | eax=C001080C ebx=C15200E8 ecx=00000005 edx=C0FE5BF4 esi=C001080C edi=C0FE5CE0 ebp=C0EF8E70
MEMWATCH  node C0FE5CE0 | 01 08 51 00 0C 08 01 C0 74 5C FE C0 54 48 43 42 70 DF EF C0 E8 00 52 C1 15 00 3F 01 9C FB 63 00 
MEMWATCH  stack esp=C0EF8E28 | C0FE5C74 C00092D5 C0FE332C C0FE5C74 C0EF8E70 C0EF8E50 C15200E8 C0FE5BF4 
MEMWATCH [0028:C000921F] w4 C0010810 = C0FE5CE0 | eax=C001080C ebx=81522B58 ecx=00000000 edx=C0FE5BF4 esi=C001080C edi=C0FE5CE0 ebp=C0EF8E70
MEMWATCH  node C0FE5CE0 | 01 08 51 00 0C 08 01 C0 74 5C FE C0 54 48 43 42 70 DF EF C0 E8 00 52 C1 15 00 3F 01 9C FB 63 00 
MEMWATCH  stack esp=C0EF8E28 | C0FE5C74 C00092D5 C0FE332C C0FE5C74 C0EF8E70 C0EF8E50 81522B58 C0FE5BF4 
MEMWATCH [0028:C000921F] w4 C0010810 = C0FE5CE0 | eax=C001080C ebx=C15200E8 ecx=00000005 edx=C0FE5BF4 esi=C001080C edi=C0FE5CE0 ebp=C0EF8E70
MEMWATCH  node C0FE5CE0 | 01 08 51 00 0C 08 01 C0 74 5C FE C0 54 48 43 42 70 DF EF C0 E8 00 52 C1 15 00 3F 01 9C FB 63 00 
MEMWATCH  stack esp=C0EF8E28 | C0FE5C74 C00092D5 C0FE332C C0FE5C74 C0EF8E70 C0EF8E50 C15200E8 C0FE5BF4 
MEMWATCH [0028:C000921F] w4 C0010810 = C0FE5CE0 | eax=C001080C ebx=81522B58 ecx=00000000 edx=C0FE5BF4 esi=C001080C edi=C0FE5CE0 ebp=C0EF8E70
MEMWATCH  node C0FE5CE0 | 01 08 51 00 0C 08 01 C0 74 5C FE C0 54 48 43 42 70 DF EF C0 E8 00 52 C1 15 00 3F 01 9C FB 63 00 
MEMWATCH  stack esp=C0EF8E28 | C0FE5C74 C00092D5 C0FE332C C0FE5C74 C0EF8E70 C0EF8E50 81522B58 C0FE5BF4 
MEMWATCH [0028:C000921F] w4 C0010810 = C0FE5CE0 | eax=C001080C ebx=81522B58 ecx=00000000 edx=C0FE5BF4 esi=C001080C edi=C0FE5CE0 ebp=C0EF8E70
MEMWATCH  node C0FE5CE0 | 01 08 51 00 0C 08 01 C0 74 5C FE C0 54 48 43 42 70 DF EF C0 E8 00 52 C1 15 00 3F 01 9C FB 63 00 
MEMWATCH  stack esp=C0EF8E28 | C0FE5C74 C00092D5 C0FE332C C0FE5C74 C0EF8E70 C0EF8E50 81522B58 C0FE5BF4 
MEMWATCH [0028:C000921F] w4 C0010810 = C0FE5CE0 | eax=C001080C ebx=81522B58 ecx=00000000 edx=C0FE5BF4 esi=C001080C edi=C0FE5CE0 ebp=C0EF8E70
MEMWATCH  node C0FE5CE0 | 01 08 51 00 0C 08 01 C0 74 5C FE C0 54 48 43 42 70 DF EF C0 E8 00 52 C1 15 00 3F 01 9C FB 63 00 
MEMWATCH  stack esp=C0EF8E28 | C0FE5C74 C00092D5 C0FE332C C0FE5C74 C0EF8E70 C0EF8E50 81522B58 C0FE5BF4 
MEMWATCH [0028:C000921F] w4 C0010810 = C0FE5CE0 | eax=C001080C ebx=81522B58 ecx=00000000 edx=C0FE5BF4 esi=C001080C edi=C0FE5CE0 ebp=C0EF8E70
MEMWATCH  node C0FE5CE0 | 01 08 51 00 0C 08 01 C0 74 5C FE C0 54 48 43 42 70 DF EF C0 E8 00 52 C1 15 00 3F 01 9C FB 63 00 
MEMWATCH  stack esp=C0EF8E28 | C0FE5C74 C00092D5 C0FE332C C0FE5C74 C0EF8E70 C0EF8E50 81522B58 C0FE5BF4 
MEMWATCH [0028:C000921F] w4 C0010810 = C0FE5CE0 | eax=C001080C ebx=81522B58 ecx=00000000 edx=C0FE5BF4 esi=C001080C edi=C0FE5CE0 ebp=C0EF8E70
MEMWATCH  node C0FE5CE0 | 01 08 51 00 0C 08 01 C0 74 5C FE C0 54 48 43 42 70 DF EF C0 E8 00 52 C1 15 00 3F 01 9C FB 63 00 
MEMWATCH  stack esp=C0EF8E28 | C0FE5C74 C00092D5 C0FE332C C0FE5C74 C0EF8E70 C0EF8E50 81522B58 C0FE5BF4 
MEMWATCH [0028:C000921F] w4 C0010810 = C0FE5CE0 | eax=C001080C ebx=81522B58 ecx=00000000 edx=C0FE5BF4 esi=C001080C edi=C0FE5CE0 ebp=C0EF8E70
MEMWATCH  node C0FE5CE0 | 01 08 51 00 0C 08 01 C0 74 5C FE C0 54 48 43 42 70 DF EF C0 E8 00 52 C1 15 00 3F 01 9C FB 63 00 
MEMWATCH  stack esp=C0EF8E28 | C0FE5C74 C00092D5 C0FE332C C0FE5C74 C0EF8E70 C0EF8E50 81522B58 C0FE5BF4 
MEMWATCH [0028:C000921F] w4 C0010810 = C0FE5CE0 | eax=C001080C ebx=81522B58 ecx=00000000 edx=C0FE5BF4 esi=C001080C edi=C0FE5CE0 ebp=C0EF8E70
MEMWATCH  node C0FE5CE0 | 01 08 51 00 0C 08 01 C0 74 5C FE C0 54 48 43 42 70 DF EF C0 E8 00 52 C1 15 00 3F 01 9C FB 63 00 
MEMWATCH  stack esp=C0EF8E28 | C0FE5C74 C00092D5 C0FE332C C0FE5C74 C0EF8E70 C0EF8E50 81522B58 C0FE5BF4 
MEMWATCH [0028:C000921F] w4 C0010810 = C0FE5CE0 | eax=C001080C ebx=81522B58 ecx=00000000 edx=C0FE5BF4 esi=C001080C edi=C0FE5CE0 ebp=C0EF8E70
MEMWATCH  node C0FE5CE0 | 01 08 51 00 0C 08 01 C0 74 5C FE C0 54 48 43 42 70 DF EF C0 E8 00 52 C1 15 00 3F 01 9C FB 63 00 
MEMWATCH  stack esp=C0EF8E28 | C0FE5C74 C00092D5 C0FE332C C0FE5C74 C0EF8E70 C0EF8E50 81522B58 C0FE5BF4 
HEARTBEAT [0117:00005EB9] cpl=3 pm=1 | 74 D2 8B C8 66 A1 54 00 26 8E 2E A6 13 67 66 65 | eax=00001E7E ebx=00012570 ecx=00010000 esi=0002203F edi=00000000 esp=C0EF4352
MEMWATCH [0028:C000921F] w4 C0010810 = C0FE02A0 | eax=C001080C ebx=8151AD84 ecx=00000000 edx=C0FE01C4 esi=C001080C edi=C0FE02A0 ebp=C0EF8E70
MEMWATCH  node C0FE02A0 | 01 08 51 00 0C 08 01 C0 B4 FF FD C0 54 48 43 42 70 CF ED C0 E8 00 52 C1 0A 00 3F 01 A8 FC 66 00 
MEMWATCH  stack esp=C0EF8E28 | C0FDFFB4 C00092D5 C0FE332C C0FDFFB4 C0EF8E70 C0EF8E50 8151AD84 C0FE01C4 
MEMWATCH [0028:C000921F] w4 C0010810 = C0FE5CE0 | eax=C001080C ebx=C15200E8 ecx=00000005 edx=C0FE5BF4 esi=C001080C edi=C0FE5CE0 ebp=C0EF8E70
MEMWATCH  node C0FE5CE0 | 01 08 51 00 0C 08 01 C0 74 5C FE C0 54 48 43 42 70 DF EF C0 E8 00 52 C1 15 00 3F 01 9C FB 63 00 
MEMWATCH  stack esp=C0EF8E28 | C0FE5C74 C00092D5 C0FE332C C0FE5C74 C0EF8E70 C0EF8E50 C15200E8 C0FE5BF4 
MEMWATCH [0028:C000921F] w4 C0010810 = C0FE5CE0 | eax=C001080C ebx=81522B58 ecx=00000000 edx=C0FE5BF4 esi=C001080C edi=C0FE5CE0 ebp=C0EF8E70
MEMWATCH  node C0FE5CE0 | 01 08 51 00 0C 08 01 C0 74 5C FE C0 54 48 43 42 70 DF EF C0 E8 00 52 C1 15 00 3F 01 9C FB 63 00 
MEMWATCH  stack esp=C0EF8E28 | C0FE5C74 C00092D5 C0FE332C C0FE5C74 C0EF8E70 C0EF8E50 81522B58 C0FE5BF4 
MEMWATCH [0028:C000921F] w4 C0010810 = C0FE5CE0 | eax=C001080C ebx=81522B58 ecx=00000000 edx=C0FE5BF4 esi=C001080C edi=C0FE5CE0 ebp=C0EF8E70
MEMWATCH  node C0FE5CE0 | 01 08 51 00 0C 08 01 C0 74 5C FE C0 54 48 43 42 70 DF EF C0 E8 00 52 C1 15 00 3F 01 9C FB 63 00 
MEMWATCH  stack esp=C0EF8E28 | C0FE5C74 C00092D5 C0FE332C C0FE5C74 C0EF8E70 C0EF8E50 81522B58 C0FE5BF4 
MEMWATCH [0028:C000921F] w4 C0010810 = C0FE5CE0 | eax=C001080C ebx=81522B58 ecx=00000000 edx=C0FE5BF4 esi=C001080C edi=C0FE5CE0 ebp=C0EF8E70
MEMWATCH  node C0FE5CE0 | 01 08 51 00 0C 08 01 C0 74 5C FE C0 54 48 43 42 70 DF EF C0 E8 00 52 C1 15 00 3F 01 9C FB 63 00 
MEMWATCH  stack esp=C0EF8E28 | C0FE5C74 C00092D5 C0FE332C C0FE5C74 C0EF8E70 C0EF8E50 81522B58 C0FE5BF4 
MEMWATCH [0028:C000921F] w4 C0010810 = C0FE5CE0 | eax=C001080C ebx=81522B58 ecx=00000000 edx=C0FE5BF4 esi=C001080C edi=C0FE5CE0 ebp=C0EF8E70
MEMWATCH  node C0FE5CE0 | 01 08 51 00 0C 08 01 C0 74 5C FE C0 54 48 43 42 70 DF EF C0 E8 00 52 C1 15 00 3F 01 9C FB 63 00 
MEMWATCH  stack esp=C0EF8E28 | C0FE5C74 C00092D5 C0FE332C C0FE5C74 C0EF8E70 C0EF8E50 81522B58 C0FE5BF4 
MEMWATCH [0028:C000921F] w4 C0010810 = C0FE5CE0 | eax=C001080C ebx=81522B58 ecx=00000000 edx=C0FE5BF4 esi=C001080C edi=C0FE5CE0 ebp=C0EF8E70
MEMWATCH  node C0FE5CE0 | 01 08 51 00 0C 08 01 C0 74 5C FE C0 54 48 43 42 70 DF EF C0 E8 00 52 C1 15 00 3F 01 9C FB 63 00 
MEMWATCH  stack esp=C0EF8E28 | C0FE5C74 C00092D5 C0FE332C C0FE5C74 C0EF8E70 C0EF8E50 81522B58 C0FE5BF4 
MEMWATCH [0028:C000921F] w4 C0010810 = C0FE5CE0 | eax=C001080C ebx=81522B58 ecx=00000000 edx=C0FE5BF4 esi=C001080C edi=C0FE5CE0 ebp=C0EF8E70
MEMWATCH  node C0FE5CE0 | 01 08 51 00 0C 08 01 C0 74 5C FE C0 54 48 43 42 70 DF EF C0 E8 00 52 C1 15 00 3F 01 9C FB 63 00 
MEMWATCH  stack esp=C0EF8E28 | C0FE5C74 C00092D5 C0FE332C C0FE5C74 C0EF8E70 C0EF8E50 81522B58 C0FE5BF4 
MEMWATCH [0028:C000921F] w4 C0010810 = C0FE5CE0 | eax=C001080C ebx=81522B58 ecx=00000000 edx=C0FE5BF4 esi=C001080C edi=C0FE5CE0 ebp=C0EF8E70
MEMWATCH  node C0FE5CE0 | 01 08 51 00 0C 08 01 C0 74 5C FE C0 54 48 43 42 70 DF EF C0 E8 00 52 C1 15 00 3F 01 9C FB 63 00 
MEMWATCH  stack esp=C0EF8E28 | C0FE5C74 C00092D5 C0FE332C C0FE5C74 C0EF8E70 C0EF8E50 81522B58 C0FE5BF4 
MEMWATCH [0028:C000921F] w4 C0010810 = C0FE5CE0 | eax=C001080C ebx=81522B58 ecx=00000000 edx=C0FE5BF4 esi=C001080C edi=C0FE5CE0 ebp=C0EF8E70
MEMWATCH  node C0FE5CE0 | 01 08 51 00 0C 08 01 C0 74 5C FE C0 54 48 43 42 70 DF EF C0 E8 00 52 C1 15 00 3F 01 9C FB 63 00 
MEMWATCH  stack esp=C0EF8E28 | C0FE5C74 C00092D5 C0FE332C C0FE5C74 C0EF8E70 C0EF8E50 81522B58 C0FE5BF4 
MEMWATCH [0028:C000921F] w4 C0010810 = C0FE5CE0 | eax=C001080C ebx=81522B58 ecx=00000000 edx=C0FE5BF4 esi=C001080C edi=C0FE5CE0 ebp=C0EF8E70
MEMWATCH  node C0FE5CE0 | 01 08 51 00 0C 08 01 C0 74 5C FE C0 54 48 43 42 70 DF EF C0 E8 00 52 C1 15 00 3F 01 9C FB 63 00 
MEMWATCH  stack esp=C0EF8E28 | C0FE5C74 C00092D5 C0FE332C C0FE5C74 C0EF8E70 C0EF8E50 81522B58 C0FE5BF4 
HEARTBEAT [0117:00005E3B] cpl=3 pm=1 | 26 F6 06 43 14 10 74 03 E8 D0 3B 33 C9 87 0E AA | eax=C0011B4E ebx=00012570 ecx=00011B4E esi=0002203F edi=00000000 esp=C0EF4352
MEMWATCH [0028:C000921F] w4 C0010810 = C0FE5CE0 | eax=C001080C ebx=C15200E8 ecx=00000005 edx=C0FE5BF4 esi=C001080C edi=C0FE5CE0 ebp=C0EF8E70
MEMWATCH  node C0FE5CE0 | 01 08 51 00 0C 08 01 C0 74 5C FE C0 54 48 43 42 70 DF EF C0 E8 00 52 C1 15 00 3F 01 9C FB 63 00 
MEMWATCH  stack esp=C0EF8E28 | C0FE5C74 C00092D5 C0FE332C C0FE5C74 C0EF8E70 C0EF8E50 C15200E8 C0FE5BF4 
MEMWATCH [0028:C000921F] w4 C0010810 = C0FE5CE0 | eax=C001080C ebx=81522B58 ecx=00000000 edx=C0FE5BF4 esi=C001080C edi=C0FE5CE0 ebp=C0EF8E70
MEMWATCH  node C0FE5CE0 | 01 08 51 00 0C 08 01 C0 74 5C FE C0 54 48 43 42 70 DF EF C0 E8 00 52 C1 15 00 3F 01 9C FB 63 00 
MEMWATCH  stack esp=C0EF8E28 | C0FE5C74 C00092D5 C0FE332C C0FE5C74 C0EF8E70 C0EF8E50 81522B58 C0FE5BF4 
MEMWATCH [0028:C000921F] w4 C0010810 = C0FE5CE0 | eax=C001080C ebx=81522B58 ecx=00000000 edx=C0FE5BF4 esi=C001080C edi=C0FE5CE0 ebp=C0EF8E70
MEMWATCH  node C0FE5CE0 | 01 08 51 00 0C 08 01 C0 74 5C FE C0 54 48 43 42 70 DF EF C0 E8 00 52 C1 15 00 3F 01 9C FB 63 00 
MEMWATCH  stack esp=C0EF8E28 | C0FE5C74 C00092D5 C0FE332C C0FE5C74 C0EF8E70 C0EF8E50 81522B58 C0FE5BF4 
MEMWATCH [0028:C000921F] w4 C0010810 = C0FE5CE0 | eax=C001080C ebx=81522B58 ecx=00000000 edx=C0FE5BF4 esi=C001080C edi=C0FE5CE0 ebp=C0EF8E70
MEMWATCH  node C0FE5CE0 | 01 08 51 00 0C 08 01 C0 74 5C FE C0 54 48 43 42 70 DF EF C0 E8 00 52 C1 15 00 3F 01 9C FB 63 00 
MEMWATCH  stack esp=C0EF8E28 | C0FE5C74 C00092D5 C0FE332C C0FE5C74 C0EF8E70 C0EF8E50 81522B58 C0FE5BF4 
MEMWATCH [0028:C000921F] w4 C0010810 = C0FE5CE0 | eax=C001080C ebx=81522B58 ecx=00000000 edx=C0FE5BF4 esi=C001080C edi=C0FE5CE0 ebp=C0EF8E70
MEMWATCH  node C0FE5CE0 | 01 08 51 00 0C 08 01 C0 74 5C FE C0 54 48 43 42 70 DF EF C0 E8 00 52 C1 15 00 3F 01 9C FB 63 00 
MEMWATCH  stack esp=C0EF8E28 | C0FE5C74 C00092D5 C0FE332C C0FE5C74 C0EF8E70 C0EF8E50 81522B58 C0FE5BF4 
MEMWATCH [0028:C000921F] w4 C0010810 = C0FE5CE0 | eax=C001080C ebx=81522B58 ecx=00000000 edx=C0FE5BF4 esi=C001080C edi=C0FE5CE0 ebp=C0EF8E70
MEMWATCH  node C0FE5CE0 | 01 08 51 00 0C 08 01 C0 74 5C FE C0 54 48 43 42 70 DF EF C0 E8 00 52 C1 15 00 3F 01 9C FB 63 00 
MEMWATCH  stack esp=C0EF8E28 | C0FE5C74 C00092D5 C0FE332C C0FE5C74 C0EF8E70 C0EF8E50 81522B58 C0FE5BF4 
MEMWATCH [0028:C000921F] w4 C0010810 = C0FE5CE0 | eax=C001080C ebx=81522B58 ecx=00000000 edx=C0FE5BF4 esi=C001080C edi=C0FE5CE0 ebp=C0EF8E70
MEMWATCH  node C0FE5CE0 | 01 08 51 00 0C 08 01 C0 74 5C FE C0 54 48 43 42 70 DF EF C0 E8 00 52 C1 15 00 3F 01 9C FB 63 00 
MEMWATCH  stack esp=C0EF8E28 | C0FE5C74 C00092D5 C0FE332C C0FE5C74 C0EF8E70 C0EF8E50 81522B58 C0FE5BF4 
MEMWATCH [0028:C000921F] w4 C0010810 = C0FE5CE0 | eax=C001080C ebx=81522B58 ecx=00000000 edx=C0FE5BF4 esi=C001080C edi=C0FE5CE0 ebp=C0EF8E70
MEMWATCH  node C0FE5CE0 | 01 08 51 00 0C 08 01 C0 74 5C FE C0 54 48 43 42 70 DF EF C0 E8 00 52 C1 15 00 3F 01 9C FB 63 00 
MEMWATCH  stack esp=C0EF8E28 | C0FE5C74 C00092D5 C0FE332C C0FE5C74 C0EF8E70 C0EF8E50 81522B58 C0FE5BF4 
MEMWATCH [0028:C000921F] w4 C0010810 = C0FE5CE0 | eax=C001080C ebx=81522B58 ecx=00000000 edx=C0FE5BF4 esi=C001080C edi=C0FE5CE0 ebp=C0EF8E70
MEMWATCH  node C0FE5CE0 | 01 08 51 00 0C 08 01 C0 74 5C FE C0 54 48 43 42 70 DF EF C0 E8 00 52 C1 15 00 3F 01 9C FB 63 00 
MEMWATCH  stack esp=C0EF8E28 | C0FE5C74 C00092D5 C0FE332C C0FE5C74 C0EF8E70 C0EF8E50 81522B58 C0FE5BF4 
MEMWATCH [0028:C000921F] w4 C0010810 = C0FE5CE0 | eax=C001080C ebx=81522B58 ecx=00000000 edx=C0FE5BF4 esi=C001080C edi=C0FE5CE0 ebp=C0EF8E70
MEMWATCH  node C0FE5CE0 | 01 08 51 00 0C 08 01 C0 74 5C FE C0 54 48 43 42 70 DF EF C0 E8 00 52 C1 15 00 3F 01 9C FB 63 00 
MEMWATCH  stack esp=C0EF8E28 | C0FE5C74 C00092D5 C0FE332C C0FE5C74 C0EF8E70 C0EF8E50 81522B58 C0FE5BF4 
HEARTBEAT [0757:00000A25] cpl=3 pm=1 | 66 52 66 85 C0 74 49 BA 27 18 8E C2 66 50 67 66 | eax=00021C1C ebx=00013ADC ecx=00010000 esi=00021C1C edi=00000001 esp=C0EF4394
MEMWATCH [0028:C000921F] w4 C0010810 = C0FE5CE0 | eax=C001080C ebx=81522B58 ecx=00000000 edx=C0FE5BF4 esi=C001080C edi=C0FE5CE0 ebp=C0EF8E70
MEMWATCH  node C0FE5CE0 | 01 08 51 00 0C 08 01 C0 74 5C FE C0 54 48 43 42 70 DF EF C0 E8 00 52 C1 15 00 3F 01 9C FB 63 00 
MEMWATCH  stack esp=C0EF8E28 | C0FE5C74 C00092D5 C0FE332C C0FE5C74 C0EF8E70 C0EF8E50 81522B58 C0FE5BF4 
MEMWATCH [0028:C000921F] w4 C0010810 = C0FE5CE0 | eax=C001080C ebx=81522B58 ecx=00000000 edx=C0FE5BF4 esi=C001080C edi=C0FE5CE0 ebp=C0EF8E70
MEMWATCH  node C0FE5CE0 | 01 08 51 00 0C 08 01 C0 74 5C FE C0 54 48 43 42 70 DF EF C0 E8 00 52 C1 15 00 3F 01 9C FB 63 00 
MEMWATCH  stack esp=C0EF8E28 | C0FE5C74 C00092D5 C0FE332C C0FE5C74 C0EF8E70 C0EF8E50 81522B58 C0FE5BF4 
MEMWATCH [0028:C000921F] w4 C0010810 = C0FE5CE0 | eax=C001080C ebx=81522B58 ecx=00000000 edx=C0FE5BF4 esi=C001080C edi=C0FE5CE0 ebp=C0EF8E70
MEMWATCH  node C0FE5CE0 | 01 08 51 00 0C 08 01 C0 74 5C FE C0 54 48 43 42 70 DF EF C0 E8 00 52 C1 15 00 3F 01 9C FB 63 00 
MEMWATCH  stack esp=C0EF8E28 | C0FE5C74 C00092D5 C0FE332C C0FE5C74 C0EF8E70 C0EF8E50 81522B58 C0FE5BF4 
MEMWATCH [0028:C000921F] w4 C0010810 = C0FE5CE0 | eax=C001080C ebx=81522B58 ecx=00000000 edx=C0FE5BF4 esi=C001080C edi=C0FE5CE0 ebp=C0EF8E70
MEMWATCH  node C0FE5CE0 | 01 08 51 00 0C 08 01 C0 74 5C FE C0 54 48 43 42 70 DF EF C0 E8 00 52 C1 15 00 3F 01 9C FB 63 00 
MEMWATCH  stack esp=C0EF8E28 | C0FE5C74 C00092D5 C0FE332C C0FE5C74 C0EF8E70 C0EF8E50 81522B58 C0FE5BF4 
MEMWATCH [0028:C000921F] w4 C0010810 = C0FE5CE0 | eax=C001080C ebx=81522B58 ecx=00000000 edx=C0FE5BF4 esi=C001080C edi=C0FE5CE0 ebp=C0EF8E70
MEMWATCH  node C0FE5CE0 | 01 08 51 00 0C 08 01 C0 74 5C FE C0 54 48 43 42 70 DF EF C0 E8 00 52 C1 15 00 3F 01 9C FB 63 00 
MEMWATCH  stack esp=C0EF8E28 | C0FE5C74 C00092D5 C0FE332C C0FE5C74 C0EF8E70 C0EF8E50 81522B58 C0FE5BF4 
MEMWATCH [0028:C000921F] w4 C0010810 = C0FE5CE0 | eax=C001080C ebx=81522B58 ecx=00000000 edx=C0FE5BF4 esi=C001080C edi=C0FE5CE0 ebp=C0EF8E70
MEMWATCH  node C0FE5CE0 | 01 08 51 00 0C 08 01 C0 74 5C FE C0 54 48 43 42 70 DF EF C0 E8 00 52 C1 15 00 3F 01 9C FB 63 00 
MEMWATCH  stack esp=C0EF8E28 | C0FE5C74 C00092D5 C0FE332C C0FE5C74 C0EF8E70 C0EF8E50 81522B58 C0FE5BF4 
MEMWATCH [0028:C000921F] w4 C0010810 = C0FE5CE0 | eax=C001080C ebx=81522B58 ecx=00000000 edx=C0FE5BF4 esi=C001080C edi=C0FE5CE0 ebp=C0EF8E70
MEMWATCH  node C0FE5CE0 | 01 08 51 00 0C 08 01 C0 74 5C FE C0 54 48 43 42 70 DF EF C0 E8 00 52 C1 15 00 3F 01 9C FB 63 00 
MEMWATCH  stack esp=C0EF8E28 | C0FE5C74 C00092D5 C0FE332C C0FE5C74 C0EF8E70 C0EF8E50 81522B58 C0FE5BF4 
MEMWATCH [0028:C000921F] w4 C0010810 = C0FE5CE0 | eax=C001080C ebx=81522B58 ecx=00000000 edx=C0FE5BF4 esi=C001080C edi=C0FE5CE0 ebp=C0EF8E70
MEMWATCH  node C0FE5CE0 | 01 08 51 00 0C 08 01 C0 74 5C FE C0 54 48 43 42 70 DF EF C0 E8 00 52 C1 15 00 3F 01 9C FB 63 00 
MEMWATCH  stack esp=C0EF8E28 | C0FE5C74 C00092D5 C0FE332C C0FE5C74 C0EF8E70 C0EF8E50 81522B58 C0FE5BF4 
MEMWATCH [0028:C000921F] w4 C0010810 = C0FE5CE0 | eax=C001080C ebx=81522B58 ecx=00000000 edx=C0FE5BF4 esi=C001080C edi=C0FE5CE0 ebp=C0EF8E70
MEMWATCH  node C0FE5CE0 | 01 08 51 00 0C 08 01 C0 74 5C FE C0 54 48 43 42 70 DF EF C0 E8 00 52 C1 15 00 3F 01 9C FB 63 00 
MEMWATCH  stack esp=C0EF8E28 | C0FE5C74 C00092D5 C0FE332C C0FE5C74 C0EF8E70 C0EF8E50 81522B58 C0FE5BF4 
HEARTBEAT [0117:00005FDB] cpl=3 pm=1 | 1E FC 8E 5E 04 F6 06 66 00 80 75 1F B4 19 CD 21 | eax=C0010000 ebx=00012570 ecx=00011B4E esi=0002203F edi=00000000 esp=C0EF4348
MEMWATCH [0028:C000921F] w4 C0010810 = C0FE5CE0 | eax=C001080C ebx=81522B58 ecx=00000000 edx=C0FE5BF4 esi=C001080C edi=C0FE5CE0 ebp=C0EF8E70
MEMWATCH  node C0FE5CE0 | 01 08 51 00 0C 08 01 C0 74 5C FE C0 54 48 43 42 70 DF EF C0 E8 00 52 C1 15 00 3F 01 9C FB 63 00 
MEMWATCH  stack esp=C0EF8E28 | C0FE5C74 C00092D5 C0FE332C C0FE5C74 C0EF8E70 C0EF8E50 81522B58 C0FE5BF4 
MEMWATCH [0028:C000921F] w4 C0010810 = C0FE5CE0 | eax=C001080C ebx=81522B58 ecx=00000000 edx=C0FE5BF4 esi=C001080C edi=C0FE5CE0 ebp=C0EF8E70
MEMWATCH  node C0FE5CE0 | 01 08 51 00 0C 08 01 C0 74 5C FE C0 54 48 43 42 70 DF EF C0 E8 00 52 C1 15 00 3F 01 9C FB 63 00 
MEMWATCH  stack esp=C0EF8E28 | C0FE5C74 C00092D5 C0FE332C C0FE5C74 C0EF8E70 C0EF8E50 81522B58 C0FE5BF4 
MEMWATCH [0028:C000921F] w4 C0010810 = C0FE5CE0 | eax=C001080C ebx=81522B58 ecx=00000000 edx=C0FE5BF4 esi=C001080C edi=C0FE5CE0 ebp=C0EF8E70
MEMWATCH  node C0FE5CE0 | 01 08 51 00 0C 08 01 C0 74 5C FE C0 54 48 43 42 70 DF EF C0 E8 00 52 C1 15 00 3F 01 9C FB 63 00 
MEMWATCH  stack esp=C0EF8E28 | C0FE5C74 C00092D5 C0FE332C C0FE5C74 C0EF8E70 C0EF8E50 81522B58 C0FE5BF4 
MEMWATCH [0028:C000921F] w4 C0010810 = C0FE5CE0 | eax=C001080C ebx=81522B58 ecx=00000000 edx=C0FE5BF4 esi=C001080C edi=C0FE5CE0 ebp=C0EF8E70
MEMWATCH  node C0FE5CE0 | 01 08 51 00 0C 08 01 C0 74 5C FE C0 54 48 43 42 70 DF EF C0 E8 00 52 C1 15 00 3F 01 9C FB 63 00 
MEMWATCH  stack esp=C0EF8E28 | C0FE5C74 C00092D5 C0FE332C C0FE5C74 C0EF8E70 C0EF8E50 81522B58 C0FE5BF4 
MEMWATCH [0028:C000921F] w4 C0010810 = C0FE5CE0 | eax=C001080C ebx=81522B58 ecx=00000000 edx=C0FE5BF4 esi=C001080C edi=C0FE5CE0 ebp=C0EF8E70
MEMWATCH  node C0FE5CE0 | 01 08 51 00 0C 08 01 C0 74 5C FE C0 54 48 43 42 70 DF EF C0 E8 00 52 C1 15 00 3F 01 9C FB 63 00 
MEMWATCH  stack esp=C0EF8E28 | C0FE5C74 C00092D5 C0FE332C C0FE5C74 C0EF8E70 C0EF8E50 81522B58 C0FE5BF4 
MEMWATCH [0028:C000921F] w4 C0010810 = C0FE5CE0 | eax=C001080C ebx=81522B58 ecx=00000000 edx=C0FE5BF4 esi=C001080C edi=C0FE5CE0 ebp=C0EF8E70
MEMWATCH  node C0FE5CE0 | 01 08 51 00 0C 08 01 C0 74 5C FE C0 54 48 43 42 70 DF EF C0 E8 00 52 C1 15 00 3F 01 9C FB 63 00 
MEMWATCH  stack esp=C0EF8E28 | C0FE5C74 C00092D5 C0FE332C C0FE5C74 C0EF8E70 C0EF8E50 81522B58 C0FE5BF4 
MEMWATCH [0028:C000921F] w4 C0010810 = C0FE5CE0 | eax=C001080C ebx=81522B58 ecx=00000000 edx=C0FE5BF4 esi=C001080C edi=C0FE5CE0 ebp=C0EF8E70
MEMWATCH  node C0FE5CE0 | 01 08 51 00 0C 08 01 C0 74 5C FE C0 54 48 43 42 70 DF EF C0 E8 00 52 C1 15 00 3F 01 9C FB 63 00 
MEMWATCH  stack esp=C0EF8E28 | C0FE5C74 C00092D5 C0FE332C C0FE5C74 C0EF8E70 C0EF8E50 81522B58 C0FE5BF4 
MEMWATCH [0028:C000921F] w4 C0010810 = C0FE5CE0 | eax=C001080C ebx=81522B58 ecx=00000000 edx=C0FE5BF4 esi=C001080C edi=C0FE5CE0 ebp=C0EF8E70
MEMWATCH  node C0FE5CE0 | 01 08 51 00 0C 08 01 C0 74 5C FE C0 54 48 43 42 70 DF EF C0 E8 00 52 C1 15 00 3F 01 9C FB 63 00 
MEMWATCH  stack esp=C0EF8E28 | C0FE5C74 C00092D5 C0FE332C C0FE5C74 C0EF8E70 C0EF8E50 81522B58 C0FE5BF4 
MEMWATCH [0028:C000921F] w4 C0010810 = C0FE5CE0 | eax=C001080C ebx=81522B58 ecx=00000000 edx=C0FE5BF4 esi=C001080C edi=C0FE5CE0 ebp=C0EF8E70
MEMWATCH  node C0FE5CE0 | 01 08 51 00 0C 08 01 C0 74 5C FE C0 54 48 43 42 70 DF EF C0 E8 00 52 C1 15 00 3F 01 9C FB 63 00 
MEMWATCH  stack esp=C0EF8E28 | C0FE5C74 C00092D5 C0FE332C C0FE5C74 C0EF8E70 C0EF8E50 81522B58 C0FE5BF4 
HEARTBEAT [0757:00000A3A] cpl=3 pm=1 | 66 B9 00 00 01 00 A8 03 75 1B 3D 80 00 72 16 67 | eax=00000120 ebx=00013ADC ecx=00010000 esi=00021C1C edi=00000001 esp=C0EF438C
MEMWATCH [0028:C000921F] w4 C0010810 = C0FE5CE0 | eax=C001080C ebx=81522B58 ecx=00000000 edx=C0FE5BF4 esi=C001080C edi=C0FE5CE0 ebp=C0EF8E70
MEMWATCH  node C0FE5CE0 | 01 08 51 00 0C 08 01 C0 74 5C FE C0 54 48 43 42 70 DF EF C0 E8 00 52 C1 15 00 3F 01 9C FB 63 00 
MEMWATCH  stack esp=C0EF8E28 | C0FE5C74 C00092D5 C0FE332C C0FE5C74 C0EF8E70 C0EF8E50 81522B58 C0FE5BF4 
MEMWATCH [0028:C000921F] w4 C0010810 = C0FE332C | eax=C001080C ebx=81520F74 ecx=00000000 edx=C0FE3240 esi=C001080C edi=C0FE332C ebp=C0EFDE70
MEMWATCH  node C0FE332C | 01 08 51 00 0C 08 01 C0 C0 32 FE C0 54 48 43 42 70 8F EF C0 E8 00 52 C1 0F 00 17 1B 4A 43 EF C0 
MEMWATCH  stack esp=C0EFDE28 | C0FE32C0 C00092D5 C0FE5CE0 C0FE32C0 C0EFDE70 C0EFDE50 81520F74 C0FE3240 
MEMWATCH [0028:C000921F] w4 C0010810 = C0FE5CE0 | eax=C001080C ebx=81522B58 ecx=8152337C edx=C0FE5BF4 esi=C001080C edi=C0FE5CE0 ebp=C0EF8E70
MEMWATCH  node C0FE5CE0 | 01 08 51 00 0C 08 01 C0 74 5C FE C0 54 48 43 42 70 DF EF C0 E8 00 52 C1 15 00 3F 01 9C FB 63 00 
MEMWATCH  stack esp=C0EF8E28 | C0FE5C74 C00092D5 C0FE332C C0FE5C74 C0EF8E70 C0EF8E50 81522B58 C0FE5BF4 
MEMWATCH [0028:C000921F] w4 C0010810 = C0FE09E4 | eax=C001080C ebx=8152337C ecx=00000000 edx=C0FE0908 esi=C001080C edi=C0FE09E4 ebp=C0EFDE64
MEMWATCH  node C0FE09E4 | 01 08 51 00 0C 08 01 C0 A4 5B FE C0 54 48 43 42 70 EF ED C0 E8 00 52 C1 16 00 3F 01 58 FF 84 00 
MEMWATCH  stack esp=C0EFDE1C | C0FE5BA4 C00092D5 C0EFDE98 C0FE5BA4 C0EFDE64 C0EFDE44 8152337C C0FE0908 
MEMWATCH [0028:C000921F] w4 C0010810 = C0FE5CE0 | eax=C001080C ebx=81522B58 ecx=00000000 edx=C0FE5BF4 esi=C001080C edi=C0FE5CE0 ebp=C0EF8E70
MEMWATCH  node C0FE5CE0 | 01 08 51 00 0C 08 01 C0 74 5C FE C0 54 48 43 42 70 DF EF C0 E8 00 52 C1 15 00 3F 01 9C FB 63 00 
MEMWATCH  stack esp=C0EF8E28 | C0FE5C74 C00092D5 C0FE332C C0FE5C74 C0EF8E70 C0EF8E50 81522B58 C0FE5BF4 
MEMWATCH [0028:C000921F] w4 C0010810 = C0FE5CE0 | eax=C001080C ebx=C15200E8 ecx=00000006 edx=C0FE5BF4 esi=C001080C edi=C0FE5CE0 ebp=C0EF8E70
MEMWATCH  node C0FE5CE0 | 01 08 51 00 0C 08 01 C0 74 5C FE C0 54 48 43 42 70 DF EF C0 E8 00 52 C1 15 00 3F 01 9C FB 63 00 
MEMWATCH  stack esp=C0EF8E28 | C0FE5C74 C00092D5 C0FE332C C0FE5C74 C0EF8E70 C0EF8E50 C15200E8 C0FE5BF4 
MEMWATCH [0028:C000921F] w4 C0010810 = C0FE5CE0 | eax=C001080C ebx=81522B58 ecx=00000000 edx=C0FE5BF4 esi=C001080C edi=C0FE5CE0 ebp=C0EF8E70
MEMWATCH  node C0FE5CE0 | 01 08 51 00 0C 08 01 C0 74 5C FE C0 54 48 43 42 70 DF EF C0 E8 00 52 C1 15 00 3F 01 9C FB 63 00 
MEMWATCH  stack esp=C0EF8E28 | C0FE5C74 C00092D5 C0FE332C C0FE5C74 C0EF8E70 C0EF8E50 81522B58 C0FE5BF4 
MEMWATCH [0028:C000921F] w4 C0010810 = C0FE5CE0 | eax=C001080C ebx=C15200E8 ecx=00000005 edx=C0FE5BF4 esi=C001080C edi=C0FE5CE0 ebp=C0EF8E70
MEMWATCH  node C0FE5CE0 | 01 08 51 00 0C 08 01 C0 74 5C FE C0 54 48 43 42 70 DF EF C0 E8 00 52 C1 15 00 3F 01 9C FB 63 00 
MEMWATCH  stack esp=C0EF8E28 | C0FE5C74 C00092D5 C0FE332C C0FE5C74 C0EF8E70 C0EF8E50 C15200E8 C0FE5BF4 
MEMWATCH [0028:C000921F] w4 C0010810 = C0FE5CE0 | eax=C001080C ebx=81522B58 ecx=00000000 edx=C0FE5BF4 esi=C001080C edi=C0FE5CE0 ebp=C0EF8E70
MEMWATCH  node C0FE5CE0 | 01 08 51 00 0C 08 01 C0 74 5C FE C0 54 48 43 42 70 DF EF C0 E8 00 52 C1 15 00 3F 01 9C FB 63 00 
MEMWATCH  stack esp=C0EF8E28 | C0FE5C74 C00092D5 C0FE332C C0FE5C74 C0EF8E70 C0EF8E50 81522B58 C0FE5BF4 
MEMWATCH [0028:C000921F] w4 C0010810 = C0FE5CE0 | eax=C001080C ebx=C15200E8 ecx=00000006 edx=C0FE5BF4 esi=C001080C edi=C0FE5CE0 ebp=C0EF8E70
MEMWATCH  node C0FE5CE0 | 01 08 51 00 0C 08 01 C0 74 5C FE C0 54 48 43 42 70 DF EF C0 E8 00 52 C1 15 00 3F 01 9C FB 63 00 
MEMWATCH  stack esp=C0EF8E28 | C0FE5C74 C00092D5 C0FE332C C0FE5C74 C0EF8E70 C0EF8E50 C15200E8 C0FE5BF4 
MEMWATCH [0028:C000921F] w4 C0010810 = C0FE5CE0 | eax=C001080C ebx=81522B58 ecx=00000000 edx=C0FE5BF4 esi=C001080C edi=C0FE5CE0 ebp=C0EF8E70
MEMWATCH  node C0FE5CE0 | 01 08 51 00 0C 08 01 C0 74 5C FE C0 54 48 43 42 70 DF EF C0 E8 00 52 C1 15 00 3F 01 9C FB 63 00 
MEMWATCH  stack esp=C0EF8E28 | C0FE5C74 C00092D5 C0FE332C C0FE5C74 C0EF8E70 C0EF8E50 81522B58 C0FE5BF4 
MEMWATCH [0028:C000921F] w4 C0010810 = C0FE5CE0 | eax=C001080C ebx=81522B58 ecx=00000000 edx=C0FE5BF4 esi=C001080C edi=C0FE5CE0 ebp=C0EF8E70
MEMWATCH  node C0FE5CE0 | 01 08 51 00 0C 08 01 C0 74 5C FE C0 54 48 43 42 70 DF EF C0 E8 00 52 C1 15 00 3F 01 9C FB 63 00 
MEMWATCH  stack esp=C0EF8E28 | C0FE5C74 C00092D5 C0FE332C C0FE5C74 C0EF8E70 C0EF8E50 81522B58 C0FE5BF4 
MEMWATCH [0028:C000921F] w4 C0010810 = C0FE5CE0 | eax=C001080C ebx=C15200E8 ecx=00000006 edx=C0FE5BF4 esi=C001080C edi=C0FE5CE0 ebp=C0EF8E70
MEMWATCH  node C0FE5CE0 | 01 08 51 00 0C 08 01 C0 74 5C FE C0 54 48 43 42 70 DF EF C0 E8 00 52 C1 15 00 3F 01 9C FB 63 00 
MEMWATCH  stack esp=C0EF8E28 | C0FE5C74 C00092D5 C0FE332C C0FE5C74 C0EF8E70 C0EF8E50 C15200E8 C0FE5BF4 
MEMWATCH [0028:C000921F] w4 C0010810 = C0FE5CE0 | eax=C001080C ebx=81522B58 ecx=00000000 edx=C0FE5BF4 esi=C001080C edi=C0FE5CE0 ebp=C0EF8E70
MEMWATCH  node C0FE5CE0 | 01 08 51 00 0C 08 01 C0 74 5C FE C0 54 48 43 42 70 DF EF C0 E8 00 52 C1 15 00 3F 01 9C FB 63 00 
MEMWATCH  stack esp=C0EF8E28 | C0FE5C74 C00092D5 C0FE332C C0FE5C74 C0EF8E70 C0EF8E50 81522B58 C0FE5BF4 
MEMWATCH [0028:C000921F] w4 C0010810 = C0FE5CE0 | eax=C001080C ebx=C15200E8 ecx=00000005 edx=C0FE5BF4 esi=C001080C edi=C0FE5CE0 ebp=C0EF8E70
MEMWATCH  node C0FE5CE0 | 01 08 51 00 0C 08 01 C0 74 5C FE C0 54 48 43 42 70 DF EF C0 E8 00 52 C1 15 00 3F 01 9C FB 63 00 
MEMWATCH  stack esp=C0EF8E28 | C0FE5C74 C00092D5 C0FE332C C0FE5C74 C0EF8E70 C0EF8E50 C15200E8 C0FE5BF4 
MEMWATCH [0028:C000921F] w4 C0010810 = C0FE5CE0 | eax=C001080C ebx=81522B58 ecx=00000000 edx=C0FE5BF4 esi=C001080C edi=C0FE5CE0 ebp=C0EF8E70
MEMWATCH  node C0FE5CE0 | 01 08 51 00 0C 08 01 C0 74 5C FE C0 54 48 43 42 70 DF EF C0 E8 00 52 C1 15 00 3F 01 9C FB 63 00 
MEMWATCH  stack esp=C0EF8E28 | C0FE5C74 C00092D5 C0FE332C C0FE5C74 C0EF8E70 C0EF8E50 81522B58 C0FE5BF4 
MEMWATCH [0028:C000921F] w4 C0010810 = C0FE5CE0 | eax=C001080C ebx=C15200E8 ecx=00000006 edx=C0FE5BF4 esi=C001080C edi=C0FE5CE0 ebp=C0EF8E70
MEMWATCH  node C0FE5CE0 | 01 08 51 00 0C 08 01 C0 74 5C FE C0 54 48 43 42 70 DF EF C0 E8 00 52 C1 15 00 3F 01 9C FB 63 00 
MEMWATCH  stack esp=C0EF8E28 | C0FE5C74 C00092D5 C0FE332C C0FE5C74 C0EF8E70 C0EF8E50 C15200E8 C0FE5BF4 
MEMWATCH [0028:C000921F] w4 C0010810 = C0FE5CE0 | eax=C001080C ebx=81522B58 ecx=00000000 edx=C0FE5BF4 esi=C001080C edi=C0FE5CE0 ebp=C0EF8E70
MEMWATCH  node C0FE5CE0 | 01 08 51 00 0C 08 01 C0 74 5C FE C0 54 48 43 42 70 DF EF C0 E8 00 52 C1 15 00 3F 01 9C FB 63 00 
MEMWATCH  stack esp=C0EF8E28 | C0FE5C74 C00092D5 C0FE332C C0FE5C74 C0EF8E70 C0EF8E50 81522B58 C0FE5BF4 
HEARTBEAT [0767:00001157] cpl=3 pm=1 | 75 3D 8B 1E C7 0E 3B 1E C9 0E 74 33 53 FF B7 CB | eax=078F1827 ebx=000104D0 ecx=00011B17 esi=00021C1C edi=00000001 esp=C0EF436C
MEMWATCH [0028:C000921F] w4 C0010810 = C0FE5CE0 | eax=C001080C ebx=81522B58 ecx=00000000 edx=C0FE5BF4 esi=C001080C edi=C0FE5CE0 ebp=C0EF8E70
MEMWATCH  node C0FE5CE0 | 01 08 51 00 0C 08 01 C0 74 5C FE C0 54 48 43 42 70 DF EF C0 E8 00 52 C1 15 00 3F 01 9C FB 63 00 
MEMWATCH  stack esp=C0EF8E28 | C0FE5C74 C00092D5 C0FE332C C0FE5C74 C0EF8E70 C0EF8E50 81522B58 C0FE5BF4 
MEMWATCH [0028:C000921F] w4 C0010810 = C0FE5CE0 | eax=C001080C ebx=C15200E8 ecx=00000006 edx=C0FE5BF4 esi=C001080C edi=C0FE5CE0 ebp=C0EF8E70
MEMWATCH  node C0FE5CE0 | 01 08 51 00 0C 08 01 C0 74 5C FE C0 54 48 43 42 70 DF EF C0 E8 00 52 C1 15 00 3F 01 9C FB 63 00 
MEMWATCH  stack esp=C0EF8E28 | C0FE5C74 C00092D5 C0FE332C C0FE5C74 C0EF8E70 C0EF8E50 C15200E8 C0FE5BF4 
MEMWATCH [0028:C000921F] w4 C0010810 = C0FE5CE0 | eax=C001080C ebx=81522B58 ecx=00000000 edx=C0FE5BF4 esi=C001080C edi=C0FE5CE0 ebp=C0EF8E70
MEMWATCH  node C0FE5CE0 | 01 08 51 00 0C 08 01 C0 74 5C FE C0 54 48 43 42 70 DF EF C0 E8 00 52 C1 15 00 3F 01 9C FB 63 00 
MEMWATCH  stack esp=C0EF8E28 | C0FE5C74 C00092D5 C0FE332C C0FE5C74 C0EF8E70 C0EF8E50 81522B58 C0FE5BF4 
MEMWATCH [0028:C000921F] w4 C0010810 = C159F068 | eax=C001080C ebx=C15200E8 ecx=00000000 edx=C0FD6B58 esi=C001080C edi=C159F068 ebp=C0EF8E80
MEMWATCH  node C159F068 | 01 08 41 00 0C 08 01 C0 A4 30 FD C0 54 48 43 42 70 1F 3A C1 E8 00 52 C1 01 00 2F 01 F6 11 00 00 
MEMWATCH  stack esp=C0EF8E38 | C0FD30A4 C00092D5 C159F068 C0FD30A4 C0EF8E80 C0EF8E60 C15200E8 C0FD6B58 
HEARTBEAT [0767:00000C8D] cpl=3 pm=1 | 26 A1 4A 00 8B F8 F7 C7 40 00 74 08 06 9A C4 1F | eax=C001DFC0 ebx=00023BC8 ecx=000119F7 esi=0002203F edi=00000001 esp=C0EF8A60
HEARTBEAT [0117:00007FD3] cpl=3 pm=1 | E8 C1 FF 33 C0 8E C0 CB 1E 68 2F 01 68 44 13 0E | eax=C0010000 ebx=00023BC8 ecx=000119F7 esi=0002203F edi=00008000 esp=C0EF8A5A
HEARTBEAT [0757:00000A57] cpl=3 pm=1 | 66 3D 00 00 01 00 73 02 33 C0 66 5A 66 85 C0 74 | eax=00022788 ebx=00023D04 ecx=00010000 esi=00022788 edi=00000001 esp=C0EF8A7C
HEARTBEAT [078F:00003703] cpl=3 pm=1 | 74 08 9A A4 0C 67 07 E9 AF FE 9A 0A 7C 17 01 E9 | eax=00022788 ebx=00023D04 ecx=0001D30B esi=00022788 edi=00000001 esp=C0EF8A84
HEARTBEAT [0767:000008DC] cpl=3 pm=1 | 33 C9 EB 08 66 58 5B B9 01 00 51 53 51 66 50 B8 | eax=078F35EB ebx=00023D04 ecx=00010000 esi=00022788 edi=00000001 esp=C0EF8A74
HEARTBEAT [0117:00007C0A] cpl=3 pm=1 | CB 00 8C D8 2E 8E 1E 02 00 83 3E 14 08 00 75 16 | eax=00022788 ebx=00023D04 ecx=0001E2A7 esi=00022788 edi=00000001 esp=C0EF8A80
HEARTBEAT [0767:00000AEF] cpl=3 pm=1 | 39 46 06 74 71 56 FF 76 FE 56 66 68 FF FF FF FF | eax=C0010000 ebx=00023BC8 ecx=000119F7 esi=0002203F edi=00008000 esp=C0EF8A62
HEARTBEAT [078F:000035E6] cpl=3 pm=1 | 9A DA 08 67 07 0B C0 74 4D C7 46 FC 00 00 83 7E | eax=00028A8A ebx=00023D04 ecx=00010000 esi=00022788 edi=00000001 esp=C0EF8A74
HEARTBEAT [0767:00000915] cpl=3 pm=1 | 85 C0 75 0B 83 3E 5E 00 00 75 04 83 66 0A FD 8B | eax=078F1827 ebx=00020000 ecx=000119F7 esi=00022788 edi=00000001 esp=C0EF8A62
HEARTBEAT [0757:00000A25] cpl=3 pm=1 | 66 52 66 85 C0 74 49 BA 27 18 8E C2 66 50 67 66 | eax=00022788 ebx=00023D04 ecx=000201EE esi=00022788 edi=00000001 esp=C0EF8A84
HEARTBEAT [0767:00000BE8] cpl=3 pm=1 | 74 07 9A CE 7F 17 01 EB 05 9A 68 5A 17 01 07 26 | eax=C0010000 ebx=00023BC8 ecx=000119F7 esi=0002203F edi=00008000 esp=C0EF8A5E
HEARTBEAT [0767:00000932] cpl=3 pm=1 | 8E C0 83 3E 50 00 00 74 0D 26 F7 06 14 00 04 00 | eax=C0011EEF ebx=00020000 ecx=000119F7 esi=00022788 edi=00000001 esp=C0EF8A62
HEARTBEAT [078F:000035C6] cpl=3 pm=1 | 0B C0 74 08 67 8B 46 74 A8 01 74 03 E9 C7 00 8D | eax=00022789 ebx=00023D04 ecx=00010000 esi=00022788 edi=00000001 esp=C0EF8A84
HEARTBEAT [0767:00000948] cpl=3 pm=1 | 33 C0 26 8B 1E 10 00 39 47 0E 74 27 8C C1 26 39 | eax=C0011EEF ebx=00020000 ecx=000119F7 esi=00022788 edi=00000001 esp=C0EF8A62
HEARTBEAT [0757:00000A40] cpl=3 pm=1 | A8 03 75 1B 3D 80 00 72 16 67 66 26 3B 41 70 77 | eax=00000134 ebx=00023D04 ecx=00010000 esi=00022788 edi=00000001 esp=C0EF8A7C
HEARTBEAT [0117:00005B32] cpl=3 pm=1 | 67 66 26 8B 00 67 66 26 8B 10 67 26 8B 42 38 0B | eax=BFFBC278 ebx=00020000 ecx=000119F7 esi=00022788 edi=00000001 esp=C0EF8A5E
HEARTBEAT [0767:00000B6A] cpl=3 pm=1 | 75 DE 83 3E DE 01 00 74 06 FF 76 FE E8 8F 09 8E | eax=C0010000 ebx=00023BC8 ecx=000119F7 esi=0002203F edi=00008000 esp=C0EF8A62
HEARTBEAT [078F:000035E0] cpl=3 pm=1 | 6A 00 6A 01 6A 01 9A DA 08 67 07 0B C0 74 4D C7 | eax=00028A8A ebx=00023D04 ecx=00010000 esi=00022788 edi=00000001 esp=C0EF8A7A
HEARTBEAT [0767:00000AED] cpl=3 pm=1 | 33 C0 39 46 06 74 71 56 FF 76 FE 56 66 68 FF FF | eax=C0018000 ebx=00023BC8 ecx=000119F7 esi=0002203F edi=00008000 esp=C0EF8A62
HEARTBEAT [0767:0000114C] cpl=3 pm=1 | 74 05 9A B4 83 67 07 FF 06 CB 0E 75 3D 8B 1E C7 | eax=078F1827 ebx=000204D0 ecx=000119F7 esi=00022788 edi=00000001 esp=C0EF8A5C
HEARTBEAT [078F:000035BC] cpl=3 pm=1 | 8B 7E FE 66 56 9A 21 0A 57 07 0B C0 74 08 67 8B | eax=00022788 ebx=00023D04 ecx=000257DF esi=00022788 edi=00000001 esp=C0EF8A84
HEARTBEAT [0767:000008EE] cpl=3 pm=1 | C8 04 00 00 1E 8E D8 56 57 9C 59 F6 C5 02 0F 84 | eax=078F1827 ebx=00023D04 ecx=00010000 esi=00022788 edi=00000001 esp=C0EF8A6E
HEARTBEAT [0767:00001148] cpl=3 pm=1 | 3B 1E 90 07 74 05 9A B4 83 67 07 FF 06 CB 0E 75 | eax=078F1827 ebx=000204D0 ecx=000119F7 esi=00022788 edi=00000001 esp=C0EF8A5C
HEARTBEAT [078F:000035DA] cpl=3 pm=1 | 6A 00 6A 00 6A 00 6A 00 6A 01 6A 01 9A DA 08 67 | eax=00028A8A ebx=00023D04 ecx=00010000 esi=00022788 edi=00000001 esp=C0EF8A80
HEARTBEAT [0767:00000952] cpl=3 pm=1 | 74 27 8C C1 26 39 06 50 00 75 1B 39 4F 0E 75 0A | eax=C0010000 ebx=00023D04 ecx=000119F7 esi=00022788 edi=00000001 esp=C0EF8A62
HEARTBEAT [078F:000035CE] cpl=3 pm=1 | A8 01 74 03 E9 C7 00 8D 46 E2 16 50 6A 00 6A 00 | eax=00020002 ebx=00023D04 ecx=00010000 esi=00022788 edi=00000001 esp=C0EF8A84
HEARTBEAT [078F:00003712] cpl=3 pm=1 | E9 A7 FE 66 67 8B 46 6C 66 89 46 F6 66 56 9A 0A | eax=00022788 ebx=00023D04 ecx=000286C2 esi=00022788 edi=00000001 esp=C0EF8A84
HEARTBEAT [0757:00000A3A] cpl=3 pm=1 | 66 B9 00 00 01 00 A8 03 75 1B 3D 80 00 72 16 67 | eax=00000134 ebx=00023D04 ecx=00028E89 esi=00022788 edi=00000001 esp=C0EF8A7C
HEARTBEAT [078F:000036B4] cpl=3 pm=1 | 74 13 66 FF 76 08 9A 21 0A 57 07 0B C0 75 06 89 | eax=00000000 ebx=00023D04 ecx=0002965E esi=00022788 edi=00000001 esp=C0EF8A84
HEARTBEAT [0117:00007C0A] cpl=3 pm=1 | CB 00 8C D8 2E 8E 1E 02 00 83 3E 14 08 00 75 16 | eax=00022788 ebx=00023D04 ecx=00029E33 esi=00022788 edi=00000001 esp=C0EF8A80
HEARTBEAT [078F:000036CE] cpl=3 pm=1 | 74 2B 83 7E FA 00 74 25 83 7E FC 00 75 1F C7 46 | eax=00000000 ebx=00023D04 ecx=0002A5FB esi=00022788 edi=00000001 esp=C0EF8A84
HEARTBEAT [0767:00000BFE] cpl=3 pm=1 | 74 06 06 9A C4 1F 6F 07 C3 8B 4E 0E 8B 56 0C BE | eax=00000000 ebx=00023BC8 ecx=000119F7 esi=0002203F edi=00008000 esp=C0EF8A60
HEARTBEAT [0767:00000B5E] cpl=3 pm=1 | 5F 5E 1F C9 CA 12 00 F7 46 0A 02 00 75 DE 83 3E | eax=00000000 ebx=00023D04 ecx=0002B5A5 esi=00020000 edi=00008000 esp=C0EF8A62
HEARTBEAT [0757:00000A57] cpl=3 pm=1 | 66 3D 00 00 01 00 73 02 33 C0 66 5A 66 85 C0 74 | eax=00022788 ebx=00023D04 ecx=00010000 esi=00022788 edi=00000001 esp=C0EF8A7C
HEARTBEAT [0117:00007F9D] cpl=3 pm=1 | 74 2E 66 26 83 3E 50 13 00 74 0C 06 0E E8 BB FF | eax=C0010000 ebx=00023BC8 ecx=000119F7 esi=0002203F edi=00008000 esp=C0EF8A58
HEARTBEAT [0767:00000B6A] cpl=3 pm=1 | 75 DE 83 3E DE 01 00 74 06 FF 76 FE E8 8F 09 8E | eax=C0010000 ebx=00023BC8 ecx=000119F7 esi=0002203F edi=00008000 esp=C0EF8A62
HEARTBEAT [0117:00007F9D] cpl=3 pm=1 | 74 2E 66 26 83 3E 50 13 00 74 0C 06 0E E8 BB FF | eax=C0010000 ebx=00023BC8 ecx=000119F7 esi=0002203F edi=00008000 esp=C0EF8A58
HEARTBEAT [0767:0000092D] cpl=3 pm=1 | 9A 25 5B 17 01 8E C0 83 3E 50 00 00 74 0D 26 F7 | eax=078F0001 ebx=00020000 ecx=000119F7 esi=00022788 edi=00000001 esp=C0EF8A62
HEARTBEAT [0028:C0001305] cpl=0 pm=1 | 8B 1D 1C 07 01 C0 8B 3D A8 06 01 C0 FA 33 C0 3B | eax=00000000 ebx=00000004 ecx=80000000 esi=C0FCF5C4 edi=C0FE5CE0 esp=C0EFDE98
HEARTBEAT [0767:00001144] cpl=3 pm=1 | 8B 1E 8E 07 3B 1E 90 07 74 05 9A B4 83 67 07 FF | eax=078F1827 ebx=0002182F ecx=000119F7 esi=00022788 edi=00000001 esp=C0EF8A5C
HEARTBEAT [0767:000008E8] cpl=3 pm=1 | 51 66 50 B8 27 18 C8 04 00 00 1E 8E D8 56 57 9C | eax=078F35EB ebx=00023D04 ecx=00010000 esi=00022788 edi=00000001 esp=C0EF8A74
HEARTBEAT [0117:00007FDA] cpl=3 pm=1 | CB 1E 68 2F 01 68 44 13 0E E8 BD FD 66 0B C0 75 | eax=00000000 ebx=00023BC8 ecx=000119F7 esi=0002203F edi=00008000 esp=C0EF8A5A
HEARTBEAT [078F:000035CE] cpl=3 pm=1 | A8 01 74 03 E9 C7 00 8D 46 E2 16 50 6A 00 6A 00 | eax=00020002 ebx=00023D04 ecx=00010000 esi=00022788 edi=00000001 esp=C0EF8A84
HEARTBEAT [0767:00000AEF] cpl=3 pm=1 | 39 46 06 74 71 56 FF 76 FE 56 66 68 FF FF FF FF | eax=C0010000 ebx=00023BC8 ecx=000119F7 esi=0002203F edi=00008000 esp=C0EF8A62
HEARTBEAT [0767:000008F6] cpl=3 pm=1 | 57 9C 59 F6 C5 02 0F 84 9B 02 8C D1 39 4E 16 0F | eax=078F1827 ebx=00023D04 ecx=00010000 esi=00022788 edi=00000001 esp=C0EF8A64
HEARTBEAT [0117:00007FBD] cpl=3 pm=1 | 66 0B C0 74 0B 06 56 57 26 FF 1E A4 12 5F 5E 07 | eax=00000000 ebx=00023BC8 ecx=000119F7 esi=0002203F edi=00008000 esp=C0EF8A58
HEARTBEAT [0767:00000934] cpl=3 pm=1 | 83 3E 50 00 00 74 0D 26 F7 06 14 00 04 00 75 04 | eax=C0011EEF ebx=00020000 ecx=000119F7 esi=00022788 edi=00000001 esp=C0EF8A62
HEARTBEAT [0767:00000BD9] cpl=3 pm=1 | 74 06 06 9A C4 1F 6F 07 26 F7 06 14 00 04 00 74 | eax=C0010000 ebx=00023BC8 ecx=000119F7 esi=0002203F edi=00008000 esp=C0EF8A5E
HEARTBEAT [0767:0000090F] cpl=3 pm=1 | 75 13 0E E8 16 08 85 C0 75 0B 83 3E 5E 00 00 75 | eax=078F1827 ebx=00023D04 ecx=000119F7 esi=00022788 edi=00000001 esp=C0EF8A62
HEARTBEAT [0757:00000A2F] cpl=3 pm=1 | 8E C2 66 50 67 66 26 0F B7 40 46 66 B9 00 00 01 | eax=00022788 ebx=00023D04 ecx=00033A79 esi=00022788 edi=00000001 esp=C0EF8A80
HEARTBEAT [078F:000036AF] cpl=3 pm=1 | 66 83 7E 08 00 74 13 66 FF 76 08 9A 21 0A 57 07 | eax=00000000 ebx=00023D04 ecx=00034240 esi=00022788 edi=00000001 esp=C0EF8A84
HEARTBEAT [0767:00000915] cpl=3 pm=1 | 85 C0 75 0B 83 3E 5E 00 00 75 04 83 66 0A FD 8B | eax=078F1827 ebx=00020000 ecx=000119F7 esi=00022788 edi=00000001 esp=C0EF8A62
HEARTBEAT [0767:000008F6] cpl=3 pm=1 | 57 9C 59 F6 C5 02 0F 84 9B 02 8C D1 39 4E 16 0F | eax=078F1827 ebx=00023D04 ecx=00010000 esi=00022788 edi=00000001 esp=C0EF8A64
HEARTBEAT [0767:00000BEF] cpl=3 pm=1 | EB 05 9A 68 5A 17 01 07 26 F7 06 4A 00 40 00 74 | eax=00000000 ebx=00023BC8 ecx=000119F7 esi=0002203F edi=00008000 esp=C0EF8A5E
HEARTBEAT [078F:000035C6] cpl=3 pm=1 | 0B C0 74 08 67 8B 46 74 A8 01 74 03 E9 C7 00 8D | eax=00022789 ebx=00023D04 ecx=00010000 esi=00022788 edi=00000001 esp=C0EF8A84
HEARTBEAT [0767:00000BB1] cpl=3 pm=1 | 06 26 83 3E 50 00 00 74 18 53 26 8B 1E 50 00 F7 | eax=C0010000 ebx=00023BC8 ecx=000119F7 esi=0002203F edi=00008000 esp=C0EF8A60
HEARTBEAT [0767:00001144] cpl=3 pm=1 | 8B 1E 8E 07 3B 1E 90 07 74 05 9A B4 83 67 07 FF | eax=078F1827 ebx=0002182F ecx=000119F7 esi=00022788 edi=00000001 esp=C0EF8A5C
HEARTBEAT [0757:00000A42] cpl=3 pm=1 | 75 1B 3D 80 00 72 16 67 66 26 3B 41 70 77 0E 67 | eax=00000134 ebx=00023D04 ecx=00010000 esi=00022788 edi=00000001 esp=C0EF8A7C
HEARTBEAT [078F:00003712] cpl=3 pm=1 | E9 A7 FE 66 67 8B 46 6C 66 89 46 F6 66 56 9A 0A | eax=00022788 ebx=00023D04 ecx=000380CE esi=00022788 edi=00000001 esp=C0EF8A84
HEARTBEAT [0117:00007FD3] cpl=3 pm=1 | E8 C1 FF 33 C0 8E C0 CB 1E 68 2F 01 68 44 13 0E | eax=C0010000 ebx=00023BC8 ecx=000119F7 esi=0002203F edi=00008000 esp=C0EF8A5A
HEARTBEAT [0757:00000A2A] cpl=3 pm=1 | 74 49 BA 27 18 8E C2 66 50 67 66 26 0F B7 40 46 | eax=00022788 ebx=00023D04 ecx=0003906A esi=00022788 edi=00000001 esp=C0EF8A80
HEARTBEAT [0767:0000114C] cpl=3 pm=1 | 74 05 9A B4 83 67 07 FF 06 CB 0E 75 3D 8B 1E C7 | eax=078F1827 ebx=000204D0 ecx=000119F7 esi=00022788 edi=00000001 esp=C0EF8A5C
HEARTBEAT [0757:00000A42] cpl=3 pm=1 | 75 1B 3D 80 00 72 16 67 66 26 3B 41 70 77 0E 67 | eax=00000134 ebx=00023D04 ecx=00010000 esi=00022788 edi=00000001 esp=C0EF8A7C
HEARTBEAT [078F:000035C6] cpl=3 pm=1 | 0B C0 74 08 67 8B 46 74 A8 01 74 03 E9 C7 00 8D | eax=00022789 ebx=00023D04 ecx=00010000 esi=00022788 edi=00000001 esp=C0EF8A84
HEARTBEAT [0117:00007C0A] cpl=3 pm=1 | CB 00 8C D8 2E 8E 1E 02 00 83 3E 14 08 00 75 16 | eax=00022788 ebx=00023D04 ecx=0003AFA3 esi=00022788 edi=00000001 esp=C0EF8A80
HEARTBEAT [0757:00000A2F] cpl=3 pm=1 | 8E C2 66 50 67 66 26 0F B7 40 46 66 B9 00 00 01 | eax=00022788 ebx=00023D04 ecx=0003B778 esi=00022788 edi=00000001 esp=C0EF8A80
HEARTBEAT [0767:00001153] cpl=3 pm=1 | FF 06 CB 0E 75 3D 8B 1E C7 0E 3B 1E C9 0E 74 33 | eax=078F1827 ebx=000204D0 ecx=000119F7 esi=00022788 edi=00000001 esp=C0EF8A5C
HEARTBEAT [0117:00005B2A] cpl=3 pm=1 | 67 66 26 A1 08 10 F7 BF 67 66 26 8B 00 67 66 26 | eax=078F0001 ebx=00020000 ecx=000119F7 esi=00022788 edi=00000001 esp=C0EF8A5E
HEARTBEAT [0757:00000A6B] cpl=3 pm=1 | 83 C8 01 66 85 D2 74 02 33 C0 CB 83 C4 04 66 33 | eax=00022788 ebx=00023D04 ecx=00010000 esi=00022788 edi=00000001 esp=C0EF8A80
HEARTBEAT [0767:00000B52] cpl=3 pm=1 | C4 36 B0 0C 66 26 8B 0C 66 89 4F 40 5F 5E 1F C9 | eax=00000000 ebx=00023D04 ecx=000119F7 esi=0002203F edi=00008000 esp=C0EF8A62
HEARTBEAT [0767:0000094F] cpl=3 pm=1 | 39 47 0E 74 27 8C C1 26 39 06 50 00 75 1B 39 4F | eax=C0010000 ebx=00023D04 ecx=000119F7 esi=00022788 edi=00000001 esp=C0EF8A62
HEARTBEAT [0767:000009A5] cpl=3 pm=1 | 74 0A 06 06 6A 00 9A 38 28 CF 07 07 26 C7 06 86 | eax=C0010000 ebx=00023BC8 ecx=000119F7 esi=00022788 edi=00000001 esp=C0EF8A62
HEARTBEAT [0767:000008F6] cpl=3 pm=1 | 57 9C 59 F6 C5 02 0F 84 9B 02 8C D1 39 4E 16 0F | eax=078F1827 ebx=00023D04 ecx=00010000 esi=00022788 edi=00000001 esp=C0EF8A64
