#
# 86Box v7.0 logfile, created 2026/10/10 14:41:47
#
# Emulator path: C:/Users/lycet/RiderProjects/86Box-Inboard/86box_xtcf/build/src//
# Global configuration file: C:/Users/lycet/AppData/Local/86Box/86box_global.cfg
# VM: vm_xtide_mpd
#
# Configuration file: C:/Users/lycet/RiderProjects/86Box-Inboard/vm_xtide_mpd/86box.cfg
#

# Userfiles path: C:/Users/lycet/RiderProjects/86Box-Inboard/vm_xtide_mpd/
# ROM path: C:/Users/lycet/RiderProjects/86Box-Inboard/vm_xtide_mpd/roms/
# ROM path: C:/Users/lycet/RiderProjects/86Box-Inboard/86box_xtcf/build/src//roms/
# ROM path: C:/Users/lycet/AppData/Local/86Box/roms/
# Asset path: C:/Users/lycet/RiderProjects/86Box-Inboard/vm_xtide_mpd/assets/
# Asset path: C:/Users/lycet/RiderProjects/86Box-Inboard/86box_xtcf/build/src//assets/
# Asset path: C:/Users/lycet/AppData/Local/86Box/assets/
MEMWATCH armed C0010808-C001081F
XTIDE: access trace off (XTIDE_TRACE=unset)
XTIDE: base 0300  stride 2  bios xtcf_lotech
PITCH0 reload 22 (0.018 ms) mode 0
PITCH0 reload 255 (0.214 ms) mode 0
PITCH0 reload 65536 (54.925 ms) mode 3
HEARTBEAT [F000:0000ED2A] cpl=0 pm=0 | B8 01 02 AB E2 F5 FC 47 47 8B F7 8B CB 8B D0 AD | eax=00000000 ebx=00002000 ecx=00000E8D esi=00001D16 edi=00001D18 esp=000000F6
HEARTBEAT [F000:0000ECAC] cpl=0 pm=0 | E4 00 24 FE 3A E0 8A E0 E4 00 74 F4 9D E2 EF 58 | eax=0000C0E9 ebx=00000206 ecx=0000001A esi=00000010 edi=00000000 esp=000000DE
HEARTBEAT [D000:000011B1] cpl=0 pm=0 | 76 18 88 D3 D1 E2 3C 16 72 18 B7 3E 74 04 88 D3 | eax=0000400E ebx=00000907 ecx=00000007 esi=00000001 edi=00000026 esp=00007ECE
HEARTBEAT [D000:00000ACE] cpl=0 pm=0 | 2B 06 08 7F 83 F8 48 72 F4 FA A1 04 7F A3 20 00 | eax=0000002B ebx=0000B004 ecx=0000FF01 esi=000005FB edi=00000026 esp=00007EFE
HEARTBEAT [D000:00001069] cpl=0 pm=0 | F3 6C C3 86 CD F3 6D C3 C1 E1 05 B3 08 AC 30 DA | eax=00000058 ebx=0000FF01 ecx=00001BC3 esi=00000010 edi=0000163D esp=0000FFC8
HEARTBEAT [F000:0000FE6E] cpl=0 pm=0 | E9 24 EB CC CC CC CC CC CC CC CC CC CC CC CC CC | eax=00000000 ebx=0000035A ecx=00000006 esi=000007D3 edi=000003B6 esp=000008EC
HEARTBEAT [8785:00009253] cpl=0 pm=0 | AA B4 00 2E 01 06 FC 8E E2 F4 5F B8 02 04 EF 8D | eax=847E847E ebx=00003778 ecx=00000004 esi=000038AD edi=0000B15C esp=0000118E
HEARTBEAT [0070:00000322] cpl=0 pm=0 | EC A8 08 75 0B E2 F9 4B 75 F6 2E C6 06 25 03 EB | eax=00040000 ebx=00000040 ecx=0000F888 esi=0000766A edi=0000FFFF esp=00000864
HEARTBEAT [1009:0000007E] cpl=0 pm=0 | 74 FB 26 8A 1D B8 E4 FF 99 E8 3C 02 F7 D0 F7 D2 | eax=40000001 ebx=000000E1 ecx=00000000 esi=00000276 edi=0000006C esp=00003FF8
HEARTBEAT [D000:000011D7] cpl=0 pm=0 | C3 30 F6 8A 5D 14 80 FB 0A 72 20 80 FB 0C 76 0F | eax=00000880 ebx=0000FF07 ecx=00000105 esi=00000008 edi=00000010 esp=0000088E
HEARTBEAT [0C76:000049DA] cpl=0 pm=0 | F3 26 A5 13 C9 F3 26 A4 8B F2 5A 02 D0 80 FA 18 | eax=0000000C ebx=000000E0 ecx=00050064 esi=00050458 edi=00000538 esp=000066AC
HEARTBEAT [0C76:0000B978] cpl=0 pm=0 | EB D3 8B 46 FC 8B 56 FE 1F 8B E5 5D C3 90 55 8B | eax=00006974 ebx=C003098C ecx=00030000 esi=00050001 edi=00000000 esp=00006620
HEARTBEAT [0028:C0255CBE] cpl=0 pm=1 | 49 75 F8 8B D0 C1 EA 10 5E C9 C3 00 00 00 00 00 | eax=07A78F17 ebx=00009E5D ecx=00001BF8 esi=C110A334 edi=00010047 esp=C13A1D8C
HEARTBEAT [0028:C0374870] cpl=0 pm=1 | 74 FB 2B C0 8B 4F 10 83 C1 02 83 C0 01 E8 E3 96 | eax=C03E0D01 ebx=C15200E8 ecx=00000000 esi=C0FCE428 edi=C13A2000 esp=C13A1E70
HEARTBEAT [FF03:00004208] cpl=3 pm=1 | 74 F4 06 1E 55 57 56 52 51 53 50 8C D8 2E 8E 1E | eax=0000400B ebx=00000005 ecx=0000000B esi=C10CD0BC edi=20202044 esp=00000FFA
HEARTBEAT [0028:C0FDBEC0] cpl=0 pm=1 | E2 FE EB EA 55 8B EC 56 57 53 8B 75 08 81 FE 06 | eax=00104688 ebx=C0FD6480 ecx=000A79D1 esi=C0FDB347 edi=00000340 esp=C13B95F0
HEARTBEAT [0028:C0FDBEC0] cpl=0 pm=1 | E2 FE EB EA 55 8B EC 56 57 53 8B 75 08 81 FE 06 | eax=0028B059 ebx=C0FD6480 ecx=00128676 esi=C0FDB347 edi=00000340 esp=C13B9610
HEARTBEAT [0028:C0255CB9] cpl=0 pm=1 | 03 06 83 C6 04 49 75 F8 8B D0 C1 EA 10 5E C9 C3 | eax=4F255378 ebx=00000000 ecx=000025C0 esi=C10E0E80 edi=00000063 esp=C13A1D40
HEARTBEAT [0028:C027578C] cpl=0 pm=1 | 0F 84 BE 00 00 00 F7 45 10 01 00 00 00 75 26 66 | eax=00000000 ebx=C15AD7A0 ecx=C0FD9B0A esi=C0FD9B0A edi=C0FD9AC8 esp=C13A1BAC
[0117:0000B929] Illegal instruction 00008B55 (FF)
HEARTBEAT [011F:0000576C] cpl=3 pm=1 | 0A C0 74 15 3C 2F 74 04 3C 5C 75 03 FE 46 FC FF | eax=0000FF49 ebx=00000165 ecx=00000304 esi=1A0007D8 edi=00000000 esp=C13A1CF2
HEARTBEAT [0028:C13C8549] cpl=0 pm=1 | F3 66 6D 07 C3 F3 6C 07 C3 B9 00 01 00 00 8B 15 | eax=00000030 ebx=C13A366C ecx=0000009A esi=C13A369C edi=C16012CC esp=C13A1C64
HEARTBEAT [0137:BFF42593] cpl=3 pm=1 | 6A 00 8B 45 EC 66 8B 80 CA 00 00 00 8B D6 50 8B | eax=0001F5EC ebx=81B6C250 ecx=00000005 esi=81B6C2B8 edi=00000005 esp=0001F5D0
MEMWATCH [0028:C000921F] w4 C0010810 = C0FD88AC | eax=C001080C ebx=81516D5C ecx=00000000 edx=C0FD87D0 esi=C001080C edi=C0FD88AC ebp=C13A1E64
MEMWATCH  node C0FD88AC | 01 08 51 00 0C 08 01 C0 8C D7 0C C1 54 48 43 42 70 2F ED C0 E8 00 52 C1 03 00 00 00 00 00 00 00 
MEMWATCH  stack esp=C13A1E1C | C10CD78C C00092D5 C13A1E98 C10CD78C C13A1E64 C13A1E44 81516D5C C0FD87D0 
MEMWATCH [0028:C000921F] w4 C0010810 = C0FD57D4 | eax=C001080C ebx=815177F0 ecx=00000000 edx=C0FD56F8 esi=C001080C edi=C0FD57D4 ebp=C13A1E70
MEMWATCH  node C0FD57D4 | 01 08 51 00 0C 08 01 C0 9C 09 FD C0 54 48 43 42 70 6F ED C0 E8 00 52 C1 05 00 00 00 00 00 00 00 
MEMWATCH  stack esp=C13A1E28 | C0FD099C C00092D5 C159F068 C0FD099C C13A1E70 C13A1E50 815177F0 C0FD56F8 
MEMWATCH [0028:C000921F] w4 C0010810 = C0FD55FC | eax=C001080C ebx=00000000 ecx=00000001 edx=C0FD5510 esi=C001080C edi=C0FD55FC ebp=C0ED8E6C
MEMWATCH  node C0FD55FC | 01 08 51 00 0C 08 01 C0 90 55 FD C0 54 48 43 42 70 4F ED C0 E8 00 52 C1 04 00 3F 01 98 A1 17 80 
MEMWATCH  stack esp=C0ED8E24 | C0FD5590 C00092D5 81517494 C0FD5590 C0ED8E6C C0ED8E4C 00000000 C0FD5510 
HEARTBEAT [0117:000016C5] cpl=3 pm=1 | 83 C6 05 E2 B5 5E 0B F6 75 9F 8E 46 FC 5E 26 80 | eax=00000003 ebx=0000022E ecx=00000008 esi=000001A9 edi=80172037 esp=C0ED28A6
MEMWATCH [0028:C000921F] w4 C0010810 = C0FD6128 | eax=C001080C ebx=815186A4 ecx=00000000 edx=C0FD603C esi=C001080C edi=C0FD6128 ebp=C0ED4DD4
MEMWATCH  node C0FD6128 | 01 08 51 00 0C 08 01 C0 BC 60 FD C0 54 48 43 42 70 8F ED C0 E8 00 52 C1 06 00 3F 01 A0 FD 72 00 
MEMWATCH  stack esp=C0ED4D8C | C0FD60BC C00092D5 C0FD55FC C0FD60BC C0ED4DD4 C0ED4DB4 815186A4 C0FD603C 
MEMWATCH [0028:C000921F] w4 C0010810 = C0FDDD28 | eax=C001080C ebx=C15200E8 ecx=00000000 edx=C0FDDC3C esi=C001080C edi=C0FDDD28 ebp=C0ED4DE4
MEMWATCH  node C0FDDD28 | 01 08 51 00 0C 08 01 C0 BC DC FD C0 54 48 43 42 70 AF ED C0 E8 00 52 C1 07 00 3F 01 FE F2 18 80 
MEMWATCH  stack esp=C0ED4D9C | C0FDDCBC C00092D5 C0FDDD28 C0FDDCBC C0ED4DE4 C0ED4DC4 C15200E8 C0FDDC3C 
MEMWATCH [0028:C000921F] w4 C0010810 = C0FDE0D8 | eax=C001080C ebx=8151A5F4 ecx=00000000 edx=C0FDDFEC esi=C001080C edi=C0FDE0D8 ebp=C0ED4E64
MEMWATCH  node C0FDE0D8 | 01 08 51 00 0C 08 01 C0 6C E0 FD C0 54 48 43 42 70 EF ED C0 E8 00 52 C1 09 00 00 00 00 00 00 00 
MEMWATCH  stack esp=C0ED4E1C | C0FDE06C C00092D5 C0ED4E98 C0FDE06C C0ED4E64 C0ED4E44 8151A5F4 C0FDDFEC 
MEMWATCH [0028:C000921F] w4 C0010810 = C0FDE0D8 | eax=C001080C ebx=8151A5F4 ecx=00000000 edx=C0FDDFEC esi=C001080C edi=C0FDE0D8 ebp=C13B9EFC
MEMWATCH  node C0FDE0D8 | 01 08 51 00 0C 08 01 C0 6C E0 FD C0 54 48 43 42 70 EF ED C0 E8 00 52 C1 09 00 3F 01 6C FF 96 00 
MEMWATCH  stack esp=C13B9EB4 | C0FDE06C C00092D5 C13B9F30 C0FDE06C C13B9EFC C13B9EDC 8151A5F4 C0FDDFEC 
MEMWATCH [0028:C000921F] w4 C0010810 = C0FDDD28 | eax=C001080C ebx=C15200E8 ecx=00000000 edx=C0FDDC3C esi=C001080C edi=C0FDDD28 ebp=C13B9F18
MEMWATCH  node C0FDDD28 | 01 08 51 00 0C 08 01 C0 BC DC FD C0 54 48 43 42 70 AF ED C0 E8 00 52 C1 07 00 27 1F FC 1F 00 00 
MEMWATCH  stack esp=C13B9ED0 | C0FDDCBC C00092D5 C0FDDD28 C0FDDCBC C13B9F18 C13B9EF8 C15200E8 C0FDDC3C 
MEMWATCH [0028:C000921F] w4 C0010810 = C0FDDD28 | eax=C001080C ebx=C15200E8 ecx=00000000 edx=C0FDDC3C esi=C001080C edi=C0FDDD28 ebp=C0ED4E80
MEMWATCH  node C0FDDD28 | 01 08 51 00 0C 08 01 C0 BC DC FD C0 54 48 43 42 70 AF ED C0 E8 00 52 C1 07 00 27 1F FC 1F 00 00 
MEMWATCH  stack esp=C0ED4E38 | C0FDDCBC C00092D5 C0FDDD28 C0FDDCBC C0ED4E80 C0ED4E60 C15200E8 C0FDDC3C 
MEMWATCH [0028:C000921F] w4 C0010810 = C0FDDD28 | eax=C001080C ebx=C15200E8 ecx=00000000 edx=C0FDDC3C esi=C001080C edi=C0FDDD28 ebp=C0ED4E80
MEMWATCH  node C0FDDD28 | 01 08 51 00 0C 08 01 C0 BC DC FD C0 54 48 43 42 70 AF ED C0 E8 00 52 C1 07 00 27 1F 2C 1F 00 00 
MEMWATCH  stack esp=C0ED4E38 | C0FDDCBC C00092D5 C0FDDD28 C0FDDCBC C0ED4E80 C0ED4E60 C15200E8 C0FDDC3C 
HEARTBEAT [0028:C000609C] cpl=0 pm=1 | 0F 87 32 FF FF FF E9 61 FE FF FF FF 35 4C 09 01 | eax=00000306 ebx=FFA006C8 ecx=C00108DC esi=FFBFEC60 edi=C04118F2 esp=C0EDAC78
MEMWATCH [0028:C000921F] w4 C0010810 = C0FD55FC | eax=C001080C ebx=C15200E8 ecx=00000000 edx=C0FD5510 esi=C001080C edi=C0FD55FC ebp=C0EDAE80
MEMWATCH  node C0FD55FC | 01 18 51 00 0C 08 01 C0 90 55 FD C0 54 48 43 42 70 4F ED C0 E8 00 52 C1 04 00 DF 14 66 30 00 00 
MEMWATCH  stack esp=C0EDAE38 | C0FD5590 C00092D5 C0FD55FC C0FD5590 C0EDAE80 C0EDAE60 C15200E8 C0FD5510 
MEMWATCH [0028:C000921F] w4 C0010810 = C0FD55FC | eax=C001080C ebx=C15200E8 ecx=00000031 edx=C0FD5510 esi=C001080C edi=C0FD55FC ebp=C0EDCE70
MEMWATCH  node C0FD55FC | 01 08 51 00 0C 08 01 C0 90 55 FD C0 54 48 43 42 70 4F ED C0 E8 00 52 C1 04 00 3F 01 9C 9D 17 80 
MEMWATCH  stack esp=C0EDCE28 | C0FD5590 C00092D5 C0FDE2A0 C0FD5590 C0EDCE70 C0EDCE50 C15200E8 C0FD5510 
MEMWATCH [0028:C000921F] w4 C0010810 = C0FD55FC | eax=C001080C ebx=C15200E8 ecx=00000000 edx=C0FD5510 esi=C001080C edi=C0FD55FC ebp=C0EDCE70
MEMWATCH  node C0FD55FC | 01 08 51 00 0C 08 01 C0 90 55 FD C0 54 48 43 42 70 4F ED C0 E8 00 52 C1 04 00 3F 01 E0 9D 17 80 
MEMWATCH  stack esp=C0EDCE28 | C0FD5590 C00092D5 C0FDE2A0 C0FD5590 C0EDCE70 C0EDCE50 C15200E8 C0FD5510 
MEMWATCH [0028:C000921F] w4 C0010810 = C0FD55FC | eax=C001080C ebx=81517494 ecx=00000000 edx=C0FD5510 esi=C001080C edi=C0FD55FC ebp=C0EDCE64
MEMWATCH  node C0FD55FC | 01 08 51 00 0C 08 01 C0 90 55 FD C0 54 48 43 42 70 4F ED C0 E8 00 52 C1 04 00 3F 01 E0 9D 17 80 
MEMWATCH  stack esp=C0EDCE1C | C0FD5590 C00092D5 C0EDCE98 C0FD5590 C0EDCE64 C0EDCE44 81517494 C0FD5510 
MEMWATCH [0028:C000921F] w4 C0010810 = C0FD55FC | eax=C001080C ebx=81517494 ecx=00000000 edx=C0FD5510 esi=C001080C edi=C0FD55FC ebp=C0EDCE64
MEMWATCH  node C0FD55FC | 01 08 51 00 0C 08 01 C0 90 55 FD C0 54 48 43 42 70 4F ED C0 E8 00 52 C1 04 00 3F 01 E0 9D 17 80 
MEMWATCH  stack esp=C0EDCE1C | C0FD5590 C00092D5 C0EDCE98 C0FD5590 C0EDCE64 C0EDCE44 81517494 C0FD5510 
MEMWATCH [0028:C000921F] w4 C0010810 = C0FD55FC | eax=C001080C ebx=C15200E8 ecx=00000005 edx=C0FD5510 esi=C001080C edi=C0FD55FC ebp=C0EDCE70
MEMWATCH  node C0FD55FC | 01 08 51 00 0C 08 01 C0 90 55 FD C0 54 48 43 42 70 4F ED C0 E8 00 52 C1 04 00 3F 01 E0 9D 17 80 
MEMWATCH  stack esp=C0EDCE28 | C0FD5590 C00092D5 C0FDE2A0 C0FD5590 C0EDCE70 C0EDCE50 C15200E8 C0FD5510 
MEMWATCH [0028:C000921F] w4 C0010810 = C0FD55FC | eax=C001080C ebx=81517494 ecx=00000000 edx=C0FD5510 esi=C001080C edi=C0FD55FC ebp=C0EDCE64
MEMWATCH  node C0FD55FC | 01 08 51 00 0C 08 01 C0 90 55 FD C0 54 48 43 42 70 4F ED C0 E8 00 52 C1 04 00 3F 01 E0 9D 17 80 
MEMWATCH  stack esp=C0EDCE1C | C0FD5590 C00092D5 C0EDCE98 C0FD5590 C0EDCE64 C0EDCE44 81517494 C0FD5510 
MEMWATCH [0028:C000921F] w4 C0010810 = C0FD55FC | eax=C001080C ebx=00000000 ecx=00000001 edx=C0FD5510 esi=C001080C edi=C0FD55FC ebp=C0EDCE6C
MEMWATCH  node C0FD55FC | 01 08 51 00 0C 08 01 C0 90 55 FD C0 54 48 43 42 70 4F ED C0 E8 00 52 C1 04 00 3F 01 E0 9D 17 80 
MEMWATCH  stack esp=C0EDCE24 | C0FD5590 C00092D5 81517494 C0FD5590 C0EDCE6C C0EDCE4C 00000000 C0FD5510 
MEMWATCH [0028:C000921F] w4 C0010810 = C0FD55FC | eax=C001080C ebx=C15200E8 ecx=00000000 edx=C025C988 esi=C001080C edi=C0FD55FC ebp=C0EDCF70
MEMWATCH  node C0FD55FC | 01 08 51 00 0C 08 01 C0 7C 49 FD C0 54 48 43 42 70 4F ED C0 E8 00 52 C1 04 00 3F 01 E0 9D 17 80 
MEMWATCH  stack esp=C0EDCE54 | C0FD497C C00092D5 C0001300 C0FD497C C0EDCF70 C0EDCE7C C15200E8 C025C988 
MEMWATCH [0028:C000921F] w4 C0010810 = C0FD55FC | eax=C001080C ebx=81517494 ecx=00000000 edx=C0FD5510 esi=C001080C edi=C0FD55FC ebp=C0EDCE70
MEMWATCH  node C0FD55FC | 01 08 51 00 0C 08 01 C0 90 55 FD C0 54 48 43 42 70 4F ED C0 E8 00 52 C1 04 00 3F 01 E0 9D 17 80 
MEMWATCH  stack esp=C0EDCE28 | C0FD5590 C00092D5 C0FDE2A0 C0FD5590 C0EDCE70 C0EDCE50 81517494 C0FD5510 
MEMWATCH [0028:C000921F] w4 C0010810 = C159F068 | eax=C001080C ebx=C15200E8 ecx=00000000 edx=C0FD6B6C esi=C001080C edi=C159F068 ebp=C0ED4E80
MEMWATCH  node C159F068 | 01 08 41 00 0C 08 01 C0 4C 16 FD C0 54 48 43 42 70 1F 3A C1 E8 00 52 C1 01 00 3F 01 74 00 02 00 
MEMWATCH  stack esp=C0ED4E38 | C0FD164C C00092D5 C159F068 C0FD164C C0ED4E80 C0ED4E60 C15200E8 C0FD6B6C 
HEARTBEAT [0028:C00013D1] cpl=0 pm=1 | CF 0F 02 44 24 34 A9 00 00 40 00 75 EF 66 B9 92 | eax=0066FB30 ebx=00000000 ecx=0066FB30 esi=00540454 edi=00000000 esp=C0EDCF94
MEMWATCH [0028:C000921F] w4 C0010810 = C0FE0894 | eax=C001080C ebx=8151A3E0 ecx=00000000 edx=C0FDE720 esi=C001080C edi=C0FE0894 ebp=C0EDCE64
MEMWATCH  node C0FE0894 | 01 08 51 00 0C 08 01 C0 64 DF FD C0 54 48 43 42 70 0F EF C0 E8 00 52 C1 0B 00 3F 01 B8 FF 78 00 
MEMWATCH  stack esp=C0EDCE1C | C0FDDF64 C00092D5 C0EDCE98 C0FDDF64 C0EDCE64 C0EDCE44 8151A3E0 C0FDE720 
MEMWATCH [0028:C000921F] w4 C0010810 = C159F068 | eax=C001080C ebx=8161430C ecx=00000000 edx=C0FD6B6C esi=C001080C edi=C159F068 ebp=C0EDCE64
MEMWATCH  node C159F068 | 01 08 41 00 0C 08 01 C0 4C 16 FD C0 54 48 43 42 70 1F 3A C1 E8 00 52 C1 01 00 2F 01 F6 11 00 00 
MEMWATCH  stack esp=C0EDCE1C | C0FD164C C00092D5 C0EDCE98 C0FD164C C0EDCE64 C0EDCE44 8161430C C0FD6B6C 
MEMWATCH [0028:C000921F] w4 C0010810 = C159F068 | eax=C001080C ebx=C15200E8 ecx=00000000 edx=C0FD6B6C esi=C001080C edi=C159F068 ebp=C0ED4E80
MEMWATCH  node C159F068 | 01 08 41 00 0C 08 01 C0 4C 16 FD C0 54 48 43 42 70 1F 3A C1 E8 00 52 C1 01 00 2F 01 F6 11 00 00 
MEMWATCH  stack esp=C0ED4E38 | C0FD164C C00092D5 C159F068 C0FD164C C0ED4E80 C0ED4E60 C15200E8 C0FD6B6C 
MEMWATCH [0028:C000921F] w4 C0010810 = C159F068 | eax=C001080C ebx=8161430C ecx=00000000 edx=C0FD6B6C esi=C001080C edi=C159F068 ebp=C0EDCE64
MEMWATCH  node C159F068 | 01 08 41 00 0C 08 01 C0 4C 16 FD C0 54 48 43 42 70 1F 3A C1 E8 00 52 C1 01 00 2F 01 F6 11 00 00 
MEMWATCH  stack esp=C0EDCE1C | C0FD164C C00092D5 C0EDCE98 C0FD164C C0EDCE64 C0EDCE44 8161430C C0FD6B6C 
MEMWATCH [0028:C000921F] w4 C0010810 = C159F068 | eax=C001080C ebx=C15200E8 ecx=00000000 edx=C0FD6B6C esi=C001080C edi=C159F068 ebp=C0ED4E80
MEMWATCH  node C159F068 | 01 08 41 00 0C 08 01 C0 4C 16 FD C0 54 48 43 42 70 1F 3A C1 E8 00 52 C1 01 00 2F 01 F6 11 00 00 
MEMWATCH  stack esp=C0ED4E38 | C0FD164C C00092D5 C159F068 C0FD164C C0ED4E80 C0ED4E60 C15200E8 C0FD6B6C 
MEMWATCH [0028:C000921F] w4 C0010810 = C159F068 | eax=C001080C ebx=8161430C ecx=8151A3E0 edx=C0FD6B6C esi=C001080C edi=C159F068 ebp=C0EDCE64
MEMWATCH  node C159F068 | 01 08 41 00 0C 08 01 C0 4C 16 FD C0 54 48 43 42 70 1F 3A C1 E8 00 52 C1 01 00 2F 01 F6 11 00 00 
MEMWATCH  stack esp=C0EDCE1C | C0FD164C C00092D5 C0EDCE98 C0FD164C C0EDCE64 C0EDCE44 8161430C C0FD6B6C 
MEMWATCH [0028:C000921F] w4 C0010810 = C159F068 | eax=C001080C ebx=C15200E8 ecx=00000000 edx=C0FD6B6C esi=C001080C edi=C159F068 ebp=C0ED4E80
MEMWATCH  node C159F068 | 01 08 41 00 0C 08 01 C0 4C 16 FD C0 54 48 43 42 70 1F 3A C1 E8 00 52 C1 01 00 2F 01 F6 11 00 00 
MEMWATCH  stack esp=C0ED4E38 | C0FD164C C00092D5 C159F068 C0FD164C C0ED4E80 C0ED4E60 C15200E8 C0FD6B6C 
MEMWATCH [0028:C000921F] w4 C0010810 = C159F068 | eax=C001080C ebx=8161430C ecx=8151AD78 edx=C0FD6B6C esi=C001080C edi=C159F068 ebp=C0EF0E64
MEMWATCH  node C159F068 | 01 08 41 00 0C 08 01 C0 4C 16 FD C0 54 48 43 42 70 1F 3A C1 E8 00 52 C1 01 00 2F 01 F6 11 00 00 
MEMWATCH  stack esp=C0EF0E1C | C0FD164C C00092D5 C0EF0E98 C0FD164C C0EF0E64 C0EF0E44 8161430C C0FD6B6C 
MEMWATCH [0028:C000921F] w4 C0010810 = C159F068 | eax=C001080C ebx=C15200E8 ecx=00000000 edx=C0FD6B6C esi=C001080C edi=C159F068 ebp=C0ED4E80
MEMWATCH  node C159F068 | 01 08 41 00 0C 08 01 C0 4C 16 FD C0 54 48 43 42 70 1F 3A C1 E8 00 52 C1 01 00 2F 01 F6 11 00 00 
MEMWATCH  stack esp=C0ED4E38 | C0FD164C C00092D5 C159F068 C0FD164C C0ED4E80 C0ED4E60 C15200E8 C0FD6B6C 
MEMWATCH [0028:C000921F] w4 C0010810 = C159F068 | eax=C001080C ebx=8161430C ecx=00000000 edx=C0FD6B6C esi=C001080C edi=C159F068 ebp=C0EDCE64
MEMWATCH  node C159F068 | 01 08 41 00 0C 08 01 C0 4C 16 FD C0 54 48 43 42 70 1F 3A C1 E8 00 52 C1 01 00 2F 01 F6 11 00 00 
MEMWATCH  stack esp=C0EDCE1C | C0FD164C C00092D5 C0EDCE98 C0FD164C C0EDCE64 C0EDCE44 8161430C C0FD6B6C 
MEMWATCH [0028:C000921F] w4 C0010810 = C159F068 | eax=C001080C ebx=C15200E8 ecx=00000000 edx=C0FD6B6C esi=C001080C edi=C159F068 ebp=C0ED4E80
MEMWATCH  node C159F068 | 01 08 41 00 0C 08 01 C0 4C 16 FD C0 54 48 43 42 70 1F 3A C1 E8 00 52 C1 01 00 2F 01 F6 11 00 00 
MEMWATCH  stack esp=C0ED4E38 | C0FD164C C00092D5 C159F068 C0FD164C C0ED4E80 C0ED4E60 C15200E8 C0FD6B6C 
MEMWATCH [0028:C000921F] w4 C0010810 = C159F068 | eax=C001080C ebx=8161430C ecx=00000000 edx=C0FD6B6C esi=C001080C edi=C159F068 ebp=C0EDCE64
MEMWATCH  node C159F068 | 01 08 41 00 0C 08 01 C0 4C 16 FD C0 54 48 43 42 70 1F 3A C1 E8 00 52 C1 01 00 2F 01 F6 11 00 00 
MEMWATCH  stack esp=C0EDCE1C | C0FD164C C00092D5 C0EDCE98 C0FD164C C0EDCE64 C0EDCE44 8161430C C0FD6B6C 
MEMWATCH [0028:C000921F] w4 C0010810 = C159F068 | eax=C001080C ebx=C15200E8 ecx=00000000 edx=C0FD6B6C esi=C001080C edi=C159F068 ebp=C0ED4E80
MEMWATCH  node C159F068 | 01 08 41 00 0C 08 01 C0 4C 16 FD C0 54 48 43 42 70 1F 3A C1 E8 00 52 C1 01 00 2F 01 F6 11 00 00 
MEMWATCH  stack esp=C0ED4E38 | C0FD164C C00092D5 C159F068 C0FD164C C0ED4E80 C0ED4E60 C15200E8 C0FD6B6C 
MEMWATCH [0028:C000921F] w4 C0010810 = C159F068 | eax=C001080C ebx=8161430C ecx=00000000 edx=C0FD6B6C esi=C001080C edi=C159F068 ebp=C0EDCE64
MEMWATCH  node C159F068 | 01 08 41 00 0C 08 01 C0 4C 16 FD C0 54 48 43 42 70 1F 3A C1 E8 00 52 C1 01 00 2F 01 F6 11 00 00 
MEMWATCH  stack esp=C0EDCE1C | C0FD164C C00092D5 C0EDCE98 C0FD164C C0EDCE64 C0EDCE44 8161430C C0FD6B6C 
MEMWATCH [0028:C000921F] w4 C0010810 = C159F068 | eax=C001080C ebx=C15200E8 ecx=00000000 edx=C0FD6B6C esi=C001080C edi=C159F068 ebp=C0ED4E80
MEMWATCH  node C159F068 | 01 08 41 00 0C 08 01 C0 4C 16 FD C0 54 48 43 42 70 1F 3A C1 E8 00 52 C1 01 00 2F 01 F6 11 00 00 
MEMWATCH  stack esp=C0ED4E38 | C0FD164C C00092D5 C159F068 C0FD164C C0ED4E80 C0ED4E60 C15200E8 C0FD6B6C 
MEMWATCH [0028:C000921F] w4 C0010810 = C159F068 | eax=C001080C ebx=8161430C ecx=00000000 edx=C0FD6B6C esi=C001080C edi=C159F068 ebp=C0EDCE64
MEMWATCH  node C159F068 | 01 08 41 00 0C 08 01 C0 4C 16 FD C0 54 48 43 42 70 1F 3A C1 E8 00 52 C1 01 00 2F 01 F6 11 00 00 
MEMWATCH  stack esp=C0EDCE1C | C0FD164C C00092D5 C0EDCE98 C0FD164C C0EDCE64 C0EDCE44 8161430C C0FD6B6C 
MEMWATCH [0028:C000921F] w4 C0010810 = C159F068 | eax=C001080C ebx=C15200E8 ecx=00000000 edx=C0FD6B6C esi=C001080C edi=C159F068 ebp=C0ED4E80
MEMWATCH  node C159F068 | 01 08 41 00 0C 08 01 C0 4C 16 FD C0 54 48 43 42 70 1F 3A C1 E8 00 52 C1 01 00 2F 01 F6 11 00 00 
MEMWATCH  stack esp=C0ED4E38 | C0FD164C C00092D5 C159F068 C0FD164C C0ED4E80 C0ED4E60 C15200E8 C0FD6B6C 
MEMWATCH [0028:C000921F] w4 C0010810 = C159F068 | eax=C001080C ebx=8161430C ecx=00000000 edx=C0FD6B6C esi=C001080C edi=C159F068 ebp=C0EDCE64
MEMWATCH  node C159F068 | 01 08 41 00 0C 08 01 C0 4C 16 FD C0 54 48 43 42 70 1F 3A C1 E8 00 52 C1 01 00 2F 01 F6 11 00 00 
MEMWATCH  stack esp=C0EDCE1C | C0FD164C C00092D5 C0EDCE98 C0FD164C C0EDCE64 C0EDCE44 8161430C C0FD6B6C 
MEMWATCH [0028:C000921F] w4 C0010810 = C159F068 | eax=C001080C ebx=C15200E8 ecx=00000000 edx=C0FD6B6C esi=C001080C edi=C159F068 ebp=C0ED4E80
MEMWATCH  node C159F068 | 01 08 41 00 0C 08 01 C0 4C 16 FD C0 54 48 43 42 70 1F 3A C1 E8 00 52 C1 01 00 2F 01 F6 11 00 00 
MEMWATCH  stack esp=C0ED4E38 | C0FD164C C00092D5 C159F068 C0FD164C C0ED4E80 C0ED4E60 C15200E8 C0FD6B6C 
MEMWATCH [0028:C000921F] w4 C0010810 = C159F068 | eax=C001080C ebx=8161430C ecx=00000000 edx=C0FD6B6C esi=C001080C edi=C159F068 ebp=C0EDCE64
MEMWATCH  node C159F068 | 01 08 41 00 0C 08 01 C0 4C 16 FD C0 54 48 43 42 70 1F 3A C1 E8 00 52 C1 01 00 2F 01 F6 11 00 00 
MEMWATCH  stack esp=C0EDCE1C | C0FD164C C00092D5 C0EDCE98 C0FD164C C0EDCE64 C0EDCE44 8161430C C0FD6B6C 
MEMWATCH [0028:C000921F] w4 C0010810 = C159F068 | eax=C001080C ebx=C15200E8 ecx=00000000 edx=C0FD6B6C esi=C001080C edi=C159F068 ebp=C0ED4E80
MEMWATCH  node C159F068 | 01 08 41 00 0C 08 01 C0 4C 16 FD C0 54 48 43 42 70 1F 3A C1 E8 00 52 C1 01 00 2F 01 F6 11 00 00 
MEMWATCH  stack esp=C0ED4E38 | C0FD164C C00092D5 C159F068 C0FD164C C0ED4E80 C0ED4E60 C15200E8 C0FD6B6C 
MEMWATCH [0028:C000921F] w4 C0010810 = C159F068 | eax=C001080C ebx=8161430C ecx=00000000 edx=C0FD6B6C esi=C001080C edi=C159F068 ebp=C0EDCE64
MEMWATCH  node C159F068 | 01 08 41 00 0C 08 01 C0 4C 16 FD C0 54 48 43 42 70 1F 3A C1 E8 00 52 C1 01 00 2F 01 F6 11 00 00 
MEMWATCH  stack esp=C0EDCE1C | C0FD164C C00092D5 C0EDCE98 C0FD164C C0EDCE64 C0EDCE44 8161430C C0FD6B6C 
MEMWATCH [0028:C000921F] w4 C0010810 = C0FDE2A0 | eax=C001080C ebx=00000000 ecx=00000001 edx=C0FDE1C4 esi=C001080C edi=C0FDE2A0 ebp=C0EDAE6C
MEMWATCH  node C0FDE2A0 | 01 08 51 00 0C 08 01 C0 B4 DF FD C0 54 48 43 42 70 CF ED C0 E8 00 52 C1 0A 00 3F 01 80 F4 66 00 
MEMWATCH  stack esp=C0EDAE24 | C0FDDFB4 C00092D5 8151AD78 C0FDDFB4 C0EDAE6C C0EDAE4C 00000000 C0FDE1C4 
MEMWATCH [0028:C000921F] w4 C0010810 = C0FD55FC | eax=C001080C ebx=C15200E8 ecx=00000000 edx=C0FD5510 esi=C001080C edi=C0FD55FC ebp=C0EDAE80
MEMWATCH  node C0FD55FC | 01 18 51 00 0C 08 01 C0 90 55 FD C0 54 48 43 42 70 4F ED C0 E8 00 52 C1 04 00 DF 14 88 32 00 00 
MEMWATCH  stack esp=C0EDAE38 | C0FD5590 C00092D5 C0FD55FC C0FD5590 C0EDAE80 C0EDAE60 C15200E8 C0FD5510 
MEMWATCH [0028:C000921F] w4 C0010810 = C0FD55FC | eax=C001080C ebx=C15200E8 ecx=00000000 edx=C0FD5510 esi=C001080C edi=C0FD55FC ebp=C0EDAE80
MEMWATCH  node C0FD55FC | 01 08 51 00 0C 08 01 C0 90 55 FD C0 54 48 43 42 70 4F ED C0 E8 00 52 C1 04 00 DF 14 88 32 00 00 
MEMWATCH  stack esp=C0EDAE38 | C0FD5590 C00092D5 C0FD55FC C0FD5590 C0EDAE80 C0EDAE60 C15200E8 C0FD5510 
MEMWATCH [0028:C000921F] w4 C0010810 = C0FDE2A0 | eax=C001080C ebx=00000000 ecx=00000001 edx=C0FDE1C4 esi=C001080C edi=C0FDE2A0 ebp=C0ED4E6C
MEMWATCH  node C0FDE2A0 | 01 08 51 00 0C 08 01 C0 B4 DF FD C0 54 48 43 42 70 CF ED C0 E8 00 52 C1 0A 00 3F 01 80 F4 66 00 
MEMWATCH  stack esp=C0ED4E24 | C0FDDFB4 C00092D5 8151AD78 C0FDDFB4 C0ED4E6C C0ED4E4C 00000000 C0FDE1C4 
MEMWATCH [0028:C000921F] w4 C0010810 = C0FDE2A0 | eax=C001080C ebx=C15200E8 ecx=00000000 edx=C025C988 esi=C001080C edi=C0FDE2A0 ebp=C0ED4F70
MEMWATCH  node C0FDE2A0 | 01 08 51 00 0C 08 01 C0 7C 49 FD C0 54 48 43 42 70 CF ED C0 E8 00 52 C1 0A 00 3F 01 80 F4 66 00 
MEMWATCH  stack esp=C0ED4E54 | C0FD497C C00092D5 C0001300 C0FD497C C0ED4F70 C0ED4E7C C15200E8 C025C988 
MEMWATCH [0028:C000921F] w4 C0010810 = C0FD55FC | eax=C001080C ebx=81517494 ecx=00000000 edx=C0FD5510 esi=C001080C edi=C0FD55FC ebp=C0EDCE64
MEMWATCH  node C0FD55FC | 01 18 51 00 0C 08 01 C0 90 55 FD C0 54 48 43 42 70 4F ED C0 E8 00 52 C1 04 00 DF 14 7E 32 00 00 
MEMWATCH  stack esp=C0EDCE1C | C0FD5590 C00092D5 C0EDCE98 C0FD5590 C0EDCE64 C0EDCE44 81517494 C0FD5510 
MEMWATCH [0028:C000921F] w4 C0010810 = C159F068 | eax=C001080C ebx=C15200E8 ecx=00000000 edx=C0FD6B6C esi=C001080C edi=C159F068 ebp=C0ED4E80
MEMWATCH  node C159F068 | 01 08 41 00 0C 08 01 C0 4C 16 FD C0 54 48 43 42 70 1F 3A C1 E8 00 52 C1 01 00 2F 01 F6 11 00 00 
MEMWATCH  stack esp=C0ED4E38 | C0FD164C C00092D5 C159F068 C0FD164C C0ED4E80 C0ED4E60 C15200E8 C0FD6B6C 
MEMWATCH [0028:C000921F] w4 C0010810 = C0FE0894 | eax=C001080C ebx=00000000 ecx=00000002 edx=C0FDE720 esi=C001080C edi=C0FE0894 ebp=C0EDCE6C
MEMWATCH  node C0FE0894 | 01 08 51 00 0C 08 01 C0 64 DF FD C0 54 48 43 42 70 0F EF C0 E8 00 52 C1 0B 00 3F 01 10 FD 78 00 
MEMWATCH  stack esp=C0EDCE24 | C0FDDF64 C00092D5 8151A3E0 C0FDDF64 C0EDCE6C C0EDCE4C 00000000 C0FDE720 
MEMWATCH [0028:C000921F] w4 C0010810 = C0FE0894 | eax=C001080C ebx=00000000 ecx=00000003 edx=C0FDE720 esi=C001080C edi=C0FE0894 ebp=C0EDCE6C
MEMWATCH  node C0FE0894 | 01 08 51 00 0C 08 01 C0 64 DF FD C0 54 48 43 42 70 0F EF C0 E8 00 52 C1 0B 00 3F 01 10 FD 78 00 
MEMWATCH  stack esp=C0EDCE24 | C0FDDF64 C00092D5 8151A3E0 C0FDDF64 C0EDCE6C C0EDCE4C 00000000 C0FDE720 
MEMWATCH [0028:C000921F] w4 C0010810 = C159F068 | eax=C001080C ebx=8161430C ecx=8151A3E0 edx=C0FD6B6C esi=C001080C edi=C159F068 ebp=C0EDCE64
MEMWATCH  node C159F068 | 01 08 41 00 0C 08 01 C0 4C 16 FD C0 54 48 43 42 70 1F 3A C1 E8 00 52 C1 01 00 2F 01 F6 11 00 00 
MEMWATCH  stack esp=C0EDCE1C | C0FD164C C00092D5 C0EDCE98 C0FD164C C0EDCE64 C0EDCE44 8161430C C0FD6B6C 
MEMWATCH [0028:C000921F] w4 C0010810 = C159F068 | eax=C001080C ebx=C15200E8 ecx=00000000 edx=C0FD6B6C esi=C001080C edi=C159F068 ebp=C0ED4E80
MEMWATCH  node C159F068 | 01 08 41 00 0C 08 01 C0 4C 16 FD C0 54 48 43 42 70 1F 3A C1 E8 00 52 C1 01 00 2F 01 F6 11 00 00 
MEMWATCH  stack esp=C0ED4E38 | C0FD164C C00092D5 C159F068 C0FD164C C0ED4E80 C0ED4E60 C15200E8 C0FD6B6C 
MEMWATCH [0028:C000921F] w4 C0010810 = C159F068 | eax=C001080C ebx=8161430C ecx=8151DDB0 edx=C0FD6B6C esi=C001080C edi=C159F068 ebp=C0EDCE64
MEMWATCH  node C159F068 | 01 08 41 00 0C 08 01 C0 4C 16 FD C0 54 48 43 42 70 1F 3A C1 E8 00 52 C1 01 00 2F 01 F6 11 00 00 
MEMWATCH  stack esp=C0EDCE1C | C0FD164C C00092D5 C0EDCE98 C0FD164C C0EDCE64 C0EDCE44 8161430C C0FD6B6C 
MEMWATCH [0028:C000921F] w4 C0010810 = C159F068 | eax=C001080C ebx=C15200E8 ecx=00000000 edx=C0FD6B6C esi=C001080C edi=C159F068 ebp=C0ED4E80
MEMWATCH  node C159F068 | 01 08 41 00 0C 08 01 C0 4C 16 FD C0 54 48 43 42 70 1F 3A C1 E8 00 52 C1 01 00 2F 01 F6 11 00 00 
MEMWATCH  stack esp=C0ED4E38 | C0FD164C C00092D5 C159F068 C0FD164C C0ED4E80 C0ED4E60 C15200E8 C0FD6B6C 
MEMWATCH [0028:C000921F] w4 C0010810 = C0FDE2A0 | eax=C001080C ebx=00000000 ecx=00000002 edx=C0FDE1C4 esi=C001080C edi=C0FDE2A0 ebp=C0EF4E6C
MEMWATCH  node C0FDE2A0 | 01 08 51 00 0C 08 01 C0 B4 DF FD C0 54 48 43 42 70 CF ED C0 E8 00 52 C1 0A 00 3F 01 84 F5 66 00 
MEMWATCH  stack esp=C0EF4E24 | C0FDDFB4 C00092D5 8151AD78 C0FDDFB4 C0EF4E6C C0EF4E4C 00000000 C0FDE1C4 
HEARTBEAT [0028:C027567A] cpl=0 pm=1 | 8B C7 2B 45 08 5F 5E 5B C9 C3 55 8B EC 56 57 8B | eax=00000049 ebx=C1136CE8 ecx=00000000 esi=C0FD9B2D edi=C0FD9B20 esp=C0EF4B60
MEMWATCH [0028:C000921F] w4 C0010810 = C0FE27D0 | eax=C001080C ebx=8151F8E4 ecx=00000000 edx=C0FE26F4 esi=C001080C edi=C0FE27D0 ebp=C0EF4E64
MEMWATCH  node C0FE27D0 | 01 08 51 00 0C 08 01 C0 18 10 FE C0 54 48 43 42 70 6F EF C0 E8 00 52 C1 0E 00 3F 01 C8 BF 0F 82 
MEMWATCH  stack esp=C0EF4E1C | C0FE1018 C00092D5 C0EF4E98 C0FE1018 C0EF4E64 C0EF4E44 8151F8E4 C0FE26F4 
MEMWATCH [0028:C000921F] w4 C0010810 = C0FDE2A0 | eax=C001080C ebx=00000000 ecx=00000002 edx=C0FDE1C4 esi=C001080C edi=C0FDE2A0 ebp=C0EF6E6C
MEMWATCH  node C0FDE2A0 | 01 08 51 00 0C 08 01 C0 B4 DF FD C0 54 48 43 42 70 CF ED C0 E8 00 52 C1 0A 00 67 1E 20 87 00 00 
MEMWATCH  stack esp=C0EF6E24 | C0FDDFB4 C00092D5 8151AD78 C0FDDFB4 C0EF6E6C C0EF6E4C 00000000 C0FDE1C4 
MEMWATCH [0028:C000921F] w4 C0010810 = C0FDE2A0 | eax=C001080C ebx=8151AD78 ecx=8151E694 edx=C0FDE1C4 esi=C001080C edi=C0FDE2A0 ebp=C0EF6E64
MEMWATCH  node C0FDE2A0 | 01 08 51 00 0C 08 01 C0 B4 DF FD C0 54 48 43 42 70 CF ED C0 E8 00 52 C1 0A 00 3F 01 A4 F7 66 00 
MEMWATCH  stack esp=C0EF6E1C | C0FDDFB4 C00092D5 C0EF6E98 C0FDDFB4 C0EF6E64 C0EF6E44 8151AD78 C0FDE1C4 
MEMWATCH [0028:C000921F] w4 C0010810 = C0FDE2A0 | eax=C001080C ebx=00000000 ecx=00000001 edx=C0FDE1C4 esi=C001080C edi=C0FDE2A0 ebp=C0EF6E6C
MEMWATCH  node C0FDE2A0 | 01 08 51 00 0C 08 01 C0 B4 DF FD C0 54 48 43 42 70 CF ED C0 E8 00 52 C1 0A 00 67 1E 3C 89 00 00 
MEMWATCH  stack esp=C0EF6E24 | C0FDDFB4 C00092D5 8151AD78 C0FDDFB4 C0EF6E6C C0EF6E4C 00000000 C0FDE1C4 
MEMWATCH [0028:C000921F] w4 C0010810 = C0FE27D0 | eax=C001080C ebx=00000000 ecx=00000001 edx=C0FE26F4 esi=C001080C edi=C0FE27D0 ebp=C0EDCE6C
MEMWATCH  node C0FE27D0 | 01 08 51 00 0C 08 01 C0 18 10 FE C0 54 48 43 42 70 6F EF C0 E8 00 52 C1 0E 00 3F 01 04 FB 63 00 
MEMWATCH  stack esp=C0EDCE24 | C0FE1018 C00092D5 8151F8E4 C0FE1018 C0EDCE6C C0EDCE4C 00000000 C0FE26F4 
HEARTBEAT [0137:BFF786CC] cpl=3 pm=1 | 8B 45 EC 8A 0B 38 08 75 6A 84 C9 74 66 43 FF 45 | eax=00440BBD ebx=008AFD86 ecx=00440B5C esi=00000001 edi=81A1C4CC esp=008AFB10
MEMWATCH [0028:C000921F] w4 C0010810 = C159F068 | eax=C001080C ebx=C15200E8 ecx=00000000 edx=C0FD6B6C esi=C001080C edi=C159F068 ebp=C0EDAE80
MEMWATCH  node C159F068 | 01 08 41 00 0C 08 01 C0 4C 16 FD C0 54 48 43 42 70 1F 3A C1 E8 00 52 C1 01 00 2F 01 F6 11 00 00 
MEMWATCH  stack esp=C0EDAE38 | C0FD164C C00092D5 C159F068 C0FD164C C0EDAE80 C0EDAE60 C15200E8 C0FD6B6C 
MEMWATCH [0028:C000921F] w4 C0010810 = C0FE0894 | eax=C001080C ebx=00000000 ecx=00000004 edx=C0FDE720 esi=C001080C edi=C0FE0894 ebp=C0EF2E6C
MEMWATCH  node C0FE0894 | 01 08 51 00 0C 08 01 C0 64 DF FD C0 54 48 43 42 70 0F EF C0 E8 00 52 C1 0B 00 3F 01 10 FD 78 00 
MEMWATCH  stack esp=C0EF2E24 | C0FDDF64 C00092D5 8151A3E0 C0FDDF64 C0EF2E6C C0EF2E4C 00000000 C0FDE720 
MEMWATCH [0028:C000921F] w4 C0010810 = C0FE0894 | eax=C001080C ebx=C15200E8 ecx=00000000 edx=C025C988 esi=C001080C edi=C0FE0894 ebp=C0EF2F70
MEMWATCH  node C0FE0894 | 01 08 51 00 0C 08 01 C0 7C 49 FD C0 54 48 43 42 70 0F EF C0 E8 00 52 C1 0B 00 3F 01 10 FD 78 00 
MEMWATCH  stack esp=C0EF2E54 | C0FD497C C00092D5 C0001300 C0FD497C C0EF2F70 C0EF2E7C C15200E8 C025C988 
MEMWATCH [0028:C000921F] w4 C0010810 = C0FE0894 | eax=C001080C ebx=8151A3E0 ecx=00000000 edx=C0FDE720 esi=C001080C edi=C0FE0894 ebp=C0EF2E64
MEMWATCH  node C0FE0894 | 01 08 51 00 0C 08 01 C0 64 DF FD C0 54 48 43 42 70 0F EF C0 E8 00 52 C1 0B 00 3F 01 10 FD 78 00 
MEMWATCH  stack esp=C0EF2E1C | C0FDDF64 C00092D5 C0EF2E98 C0FDDF64 C0EF2E64 C0EF2E44 8151A3E0 C0FDE720 
MEMWATCH [0028:C000921F] w4 C0010810 = C0FDE2A0 | eax=C001080C ebx=00000000 ecx=00000001 edx=C0FDE1C4 esi=C001080C edi=C0FDE2A0 ebp=C0EF2E6C
MEMWATCH  node C0FDE2A0 | 01 08 51 00 0C 08 01 C0 B4 DF FD C0 54 48 43 42 70 CF ED C0 E8 00 52 C1 0A 00 3F 01 D4 F8 66 00 
MEMWATCH  stack esp=C0EF2E24 | C0FDDFB4 C00092D5 8151AD78 C0FDDFB4 C0EF2E6C C0EF2E4C 00000000 C0FDE1C4 
MEMWATCH [0028:C000921F] w4 C0010810 = C0FDE2A0 | eax=C001080C ebx=C15200E8 ecx=00000000 edx=C025C988 esi=C001080C edi=C0FDE2A0 ebp=C0EF2F70
MEMWATCH  node C0FDE2A0 | 01 08 51 00 0C 08 01 C0 7C 49 FD C0 54 48 43 42 70 CF ED C0 E8 00 52 C1 0A 00 3F 01 D4 F8 66 00 
MEMWATCH  stack esp=C0EF2E54 | C0FD497C C00092D5 C0001300 C0FD497C C0EF2F70 C0EF2E7C C15200E8 C025C988 
MEMWATCH [0028:C000921F] w4 C0010810 = C0FE27D0 | eax=C001080C ebx=00000000 ecx=00000001 edx=C0FE26F4 esi=C001080C edi=C0FE27D0 ebp=C0EF2E6C
MEMWATCH  node C0FE27D0 | 01 08 51 00 0C 08 01 C0 18 10 FE C0 54 48 43 42 70 6F EF C0 E8 00 52 C1 0E 00 3F 01 3C F9 63 00 
MEMWATCH  stack esp=C0EF2E24 | C0FE1018 C00092D5 8151F8E4 C0FE1018 C0EF2E6C C0EF2E4C 00000000 C0FE26F4 
MEMWATCH [0028:C000921F] w4 C0010810 = C0FE27D0 | eax=C001080C ebx=C15200E8 ecx=00000000 edx=C025C988 esi=C001080C edi=C0FE27D0 ebp=C0EF2F70
MEMWATCH  node C0FE27D0 | 01 08 51 00 0C 08 01 C0 7C 49 FD C0 54 48 43 42 70 6F EF C0 E8 00 52 C1 0E 00 3F 01 3C F9 63 00 
MEMWATCH  stack esp=C0EF2E54 | C0FD497C C00092D5 C0001300 C0FD497C C0EF2F70 C0EF2E7C C15200E8 C025C988 
MEMWATCH [0028:C000921F] w4 C0010810 = C0FE0E40 | eax=C001080C ebx=00000000 ecx=00000001 edx=C0FE0D54 esi=C001080C edi=C0FE0E40 ebp=C0EF2E6C
MEMWATCH  node C0FE0E40 | 01 08 51 00 0C 08 01 C0 D4 0D FE C0 54 48 43 42 70 4F EF C0 E8 00 52 C1 0D 00 3F 01 4C FA 63 00 
MEMWATCH  stack esp=C0EF2E24 | C0FE0DD4 C00092D5 8151E694 C0FE0DD4 C0EF2E6C C0EF2E4C 00000000 C0FE0D54 
MEMWATCH [0028:C000921F] w4 C0010810 = C0FE0E40 | eax=C001080C ebx=C15200E8 ecx=00000000 edx=C025C988 esi=C001080C edi=C0FE0E40 ebp=C0EF2F70
MEMWATCH  node C0FE0E40 | 01 08 51 00 0C 08 01 C0 7C 49 FD C0 54 48 43 42 70 4F EF C0 E8 00 52 C1 0D 00 3F 01 4C FA 63 00 
MEMWATCH  stack esp=C0EF2E54 | C0FD497C C00092D5 C0001300 C0FD497C C0EF2F70 C0EF2E7C C15200E8 C025C988 
MEMWATCH [0028:C000921F] w4 C0010810 = C0FDE2A0 | eax=C001080C ebx=8151AD78 ecx=8151F8E4 edx=C0FDE1C4 esi=C001080C edi=C0FDE2A0 ebp=C0EF2E64
MEMWATCH  node C0FDE2A0 | 01 08 51 00 0C 08 01 C0 B4 DF FD C0 54 48 43 42 70 CF ED C0 E8 00 52 C1 0A 00 3F 01 D4 F8 66 00 
MEMWATCH  stack esp=C0EF2E1C | C0FDDFB4 C00092D5 C0EF2E98 C0FDDFB4 C0EF2E64 C0EF2E44 8151AD78 C0FDE1C4 
MEMWATCH [0028:C000921F] w4 C0010810 = C159F068 | eax=C001080C ebx=8161430C ecx=00000000 edx=C0FD6B6C esi=C001080C edi=C159F068 ebp=C0EF4E64
MEMWATCH  node C159F068 | 01 08 41 00 0C 08 01 C0 4C 16 FD C0 54 48 43 42 70 1F 3A C1 E8 00 52 C1 01 00 2F 01 F6 11 00 00 
MEMWATCH  stack esp=C0EF4E1C | C0FD164C C00092D5 C0EF4E98 C0FD164C C0EF4E64 C0EF4E44 8161430C C0FD6B6C 
MEMWATCH [0028:C000921F] w4 C0010810 = C159F068 | eax=C001080C ebx=C15200E8 ecx=00000000 edx=C0FD6B6C esi=C001080C edi=C159F068 ebp=C0EDAE80
MEMWATCH  node C159F068 | 01 08 41 00 0C 08 01 C0 4C 16 FD C0 54 48 43 42 70 1F 3A C1 E8 00 52 C1 01 00 2F 01 F6 11 00 00 
MEMWATCH  stack esp=C0EDAE38 | C0FD164C C00092D5 C159F068 C0FD164C C0EDAE80 C0EDAE60 C15200E8 C0FD6B6C 
MEMWATCH [0028:C000921F] w4 C0010810 = C0FE0894 | eax=C001080C ebx=00000000 ecx=00000005 edx=C0FDE720 esi=C001080C edi=C0FE0894 ebp=C0EF2E6C
MEMWATCH  node C0FE0894 | 01 08 51 00 0C 08 01 C0 64 DF FD C0 54 48 43 42 70 0F EF C0 E8 00 52 C1 0B 00 3F 01 10 FD 78 00 
MEMWATCH  stack esp=C0EF2E24 | C0FDDF64 C00092D5 8151A3E0 C0FDDF64 C0EF2E6C C0EF2E4C 00000000 C0FDE720 
MEMWATCH [0028:C000921F] w4 C0010810 = C0FE0894 | eax=C001080C ebx=C15200E8 ecx=00000000 edx=C025C988 esi=C001080C edi=C0FE0894 ebp=C0EF2F70
MEMWATCH  node C0FE0894 | 01 18 51 00 0C 08 01 C0 7C 49 FD C0 54 48 43 42 70 0F EF C0 E8 00 52 C1 0B 00 3F 01 F0 FB 78 00 
MEMWATCH  stack esp=C0EF2E54 | C0FD497C C00092D5 C0001300 C0FD497C C0EF2F70 C0EF2E7C C15200E8 C025C988 
MEMWATCH [0028:C000921F] w4 C0010810 = C0FE0894 | eax=C001080C ebx=8151A3E0 ecx=00000000 edx=C0FDE720 esi=C001080C edi=C0FE0894 ebp=C0EF2E64
MEMWATCH  node C0FE0894 | 01 08 51 00 0C 08 01 C0 64 DF FD C0 54 48 43 42 70 0F EF C0 E8 00 52 C1 0B 00 3F 01 F0 FB 78 00 
MEMWATCH  stack esp=C0EF2E1C | C0FDDF64 C00092D5 C0EF2E98 C0FDDF64 C0EF2E64 C0EF2E44 8151A3E0 C0FDE720 
HEARTBEAT [0137:BFF710DD] cpl=3 pm=1 | 51 C1 E9 02 F3 A5 59 83 E1 03 F3 A4 5F 5E 59 C9 | eax=008AF41C ebx=00441ED4 ecx=00000004 esi=81EDC64C edi=008AF47C esp=008AF3FC
MEMWATCH [0028:C000921F] w4 C0010810 = C159F068 | eax=C001080C ebx=C15200E8 ecx=00000000 edx=C0FD6B6C esi=C001080C edi=C159F068 ebp=C0ED4E80
MEMWATCH  node C159F068 | 01 08 41 00 0C 08 01 C0 4C 16 FD C0 54 48 43 42 70 1F 3A C1 E8 00 52 C1 01 00 2F 01 F6 11 00 00 
MEMWATCH  stack esp=C0ED4E38 | C0FD164C C00092D5 C159F068 C0FD164C C0ED4E80 C0ED4E60 C15200E8 C0FD6B6C 
HEARTBEAT [0028:C000A968] cpl=0 pm=1 | BE CC A2 00 C0 FF 15 38 E4 00 C0 89 35 78 07 01 | eax=000007D0 ebx=C15200E8 ecx=C15200E8 esi=C0FCF200 edi=C159F068 esp=C13A1E70
HEARTBEAT [FF03:0000464C] cpl=3 pm=1 | 3C 06 75 02 EB 31 3C 07 75 02 EB 3F 3C 05 74 03 | eax=00001607 ebx=C0FD0018 ecx=00000000 esi=00000097 edi=000014FE esp=00000238
HEARTBEAT [0028:C0003905] cpl=0 pm=1 | 2B 41 08 7F F5 8B F8 F7 DF 87 79 08 03 C7 89 46 | eax=0000079A ebx=C15200E8 ecx=C0FCE2B8 esi=C0FCF200 edi=C000EA20 esp=C13A1E58
HEARTBEAT [0028:C00168A3] cpl=0 pm=1 | 74 02 F9 C3 BE FF FF FF FF FF 24 95 74 68 01 C0 | eax=0000002F ebx=C15200E8 ecx=00000016 esi=C0FCF200 edi=C13A1DD4 esp=C13A1DA4
HEARTBEAT [0028:C00038E9] cpl=0 pm=1 | 73 06 FF 15 E4 D8 02 C0 9C FA 03 41 0C 79 05 B8 | eax=000007D0 ebx=C15200E8 ecx=C000EA20 esi=C0FCF200 edi=C000A2CC esp=C13A1E5C
MEMWATCH [0028:C000921F] w4 C0010810 = C159F068 | eax=C001080C ebx=C15200E8 ecx=00000000 edx=C0FD6B6C esi=C001080C edi=C159F068 ebp=C0ED4E80
MEMWATCH  node C159F068 | 01 08 41 00 0C 08 01 C0 4C 16 FD C0 54 48 43 42 70 1F 3A C1 E8 00 52 C1 01 00 2F 01 F6 11 00 00 
MEMWATCH  stack esp=C0ED4E38 | C0FD164C C00092D5 C159F068 C0FD164C C0ED4E80 C0ED4E60 C15200E8 C0FD6B6C 
HEARTBEAT [0028:C000A0A2] cpl=0 pm=1 | 75 03 89 4F F4 FF 05 88 07 01 C0 E8 3F FF FF FF | eax=00000004 ebx=C15200E8 ecx=00000000 esi=C0FCE318 edi=C159F068 esp=C13A1E68
HEARTBEAT [FF03:00004697] cpl=3 pm=1 | 83 FB 15 75 60 0B C9 75 08 41 BB 4D 0F 1E 07 EB | eax=00001607 ebx=C0FD0018 ecx=00000000 esi=00000097 edi=000014FE esp=00000238
HEARTBEAT [0028:C0003964] cpl=0 pm=1 | 89 06 89 35 34 EA 00 C0 5F 58 9D C3 FF 15 E4 D8 | eax=C0FCEF68 ebx=C15200E8 ecx=00000004 esi=C0FCE318 edi=C0FCE244 esp=C13A1E60
HEARTBEAT [0028:C0003528] cpl=0 pm=1 | FF 15 60 E4 00 C0 8B C0 60 8B 3D A8 06 01 C0 0F | eax=0000002F ebx=C15200E8 ecx=C0FCE7F4 esi=C0FCE318 edi=C13A1DD4 esp=C13A1DD0
HEARTBEAT [0028:C000A7B1] cpl=0 pm=1 | 61 73 05 8B 49 FC EB F3 5F 5B C3 8B DA CD 20 05 | eax=00000004 ebx=C15200E8 ecx=C0FCEF48 esi=C0FCE318 edi=C159F068 esp=C13A1E44
HEARTBEAT [0028:C000372F] cpl=0 pm=1 | 8B 6B 08 8B 45 2C 0F 01 5B CE FD 8D 75 68 8D 7E | eax=C0FCE2D0 ebx=C15200E8 ecx=C0FCE0C4 esi=00000002 edi=C159F068 esp=C13A1D8C
HEARTBEAT [0028:C00036E5] cpl=0 pm=1 | 8D 75 68 8D 7E 24 B9 12 00 00 00 F3 A5 8D B5 8C | eax=00000246 ebx=C15200E8 ecx=FCB22FF7 esi=C0FCE318 edi=C159F068 esp=C13A1D8C
HEARTBEAT [0028:C0003725] cpl=0 pm=1 | 8B 3D A8 06 01 C0 80 4F 73 80 8B 6B 08 8B 45 2C | eax=C0FCE2D0 ebx=C15200E8 ecx=C0FCE0C4 esi=00000002 edi=C00035F9 esp=C13A1D8C
HEARTBEAT [0028:C0003908] cpl=0 pm=1 | 7F F5 8B F8 F7 DF 87 79 08 03 C7 89 46 08 8B D6 | eax=0000079A ebx=C15200E8 ecx=C0FCF200 esi=C0FCE318 edi=C000EA20 esp=C13A1E58
HEARTBEAT [0028:C000131F] cpl=0 pm=1 | F6 D0 D0 E0 22 47 73 24 40 C0 E8 03 08 47 03 F6 | eax=00000000 ebx=C15200E8 ecx=C0FCE7F4 esi=C0FCE140 edi=C159F068 esp=C13A1DA8
HEARTBEAT [FF03:00004697] cpl=3 pm=1 | 83 FB 15 75 60 0B C9 75 08 41 BB 4D 0F 1E 07 EB | eax=00001607 ebx=C0FD0018 ecx=00000000 esi=00000097 edi=000014FE esp=00000238
HEARTBEAT [0028:C00035C3] cpl=0 pm=1 | 8B 12 8B 62 08 33 C0 89 42 08 9C 8A 42 01 88 47 | eax=00000204 ebx=C15200E8 ecx=00000004 esi=C0FCE140 edi=C159F068 esp=C13A1E40
HEARTBEAT [0028:C0003679] cpl=0 pm=1 | 66 F7 C6 01 00 74 06 81 0B 00 01 00 00 66 F7 C6 | eax=C0FCE2D0 ebx=C15200E8 ecx=C0FCE0C4 esi=00000002 edi=C00035F9 esp=C13A1DB0
HEARTBEAT [0028:C000255D] cpl=0 pm=1 | 66 89 4D 30 72 20 03 F1 66 87 45 24 C1 C8 10 66 | eax=0B9203CC ebx=C15200E8 ecx=0000023A esi=0000E2C0 edi=C13A1DD4 esp=C13A1DA8
HEARTBEAT [0028:C000A90B] cpl=0 pm=1 | FB 8B 47 E0 3B 47 3C 74 08 33 C0 40 E8 BC FE FF | eax=00000004 ebx=C15200E8 ecx=00000004 esi=C0FCE140 edi=C159F068 esp=C13A1E70
HEARTBEAT [0028:C00038E0] cpl=0 pm=1 | 89 7E 0C 89 56 10 83 F8 32 73 06 FF 15 E4 D8 02 | eax=000007D0 ebx=C15200E8 ecx=C000EA20 esi=C0FCE140 edi=C000A2CC esp=C13A1E5C
HEARTBEAT [0028:C0009AEC] cpl=0 pm=1 | 81 3D 9C 0C 01 C0 98 0C 01 C0 74 37 60 BE 98 0C | eax=00000000 ebx=00000004 ecx=00000000 esi=C0FCE140 edi=C159F068 esp=C13A1E50
HEARTBEAT [0028:C000352E] cpl=0 pm=1 | 8B C0 60 8B 3D A8 06 01 C0 0F A0 8B 57 48 0F A8 | eax=00000004 ebx=C15200E8 ecx=00000004 esi=C0FCE140 edi=C159F068 esp=C13A1E6C
HEARTBEAT [0028:C000366A] cpl=0 pm=1 | 66 89 75 28 66 0F B6 30 9D 81 23 FF FE FF FF 66 | eax=C0FCE2D0 ebx=C15200E8 ecx=C0FCE0C4 esi=0000FCB8 edi=C00035F9 esp=C13A1DAC
HEARTBEAT [0028:C00035C0] cpl=0 pm=1 | 8B 57 48 8B 12 8B 62 08 33 C0 89 42 08 9C 8A 42 | eax=00000204 ebx=C15200E8 ecx=00000004 esi=C0FCE140 edi=C159F068 esp=C13A1E40
HEARTBEAT [0028:C00035DA] cpl=0 pm=1 | C3 8B 3D A8 06 01 C0 80 0F 40 8B 77 48 8B 16 F6 | eax=0000002F ebx=C15200E8 ecx=C0FCE7F4 esi=C0FCE140 edi=C13A1DD4 esp=C13A1DD0
HEARTBEAT [0028:C00037C4] cpl=0 pm=1 | 8B FD B9 1B 00 00 00 FC F3 A5 81 65 2C FF 8D FC | eax=00000000 ebx=C15200E8 ecx=00001607 esi=C13A1DD4 edi=C13A1DD4 esp=C13A1DB0
HEARTBEAT [0028:C00038FF] cpl=0 pm=1 | 8B 09 3B CF 74 0E 2B 41 08 7F F5 8B F8 F7 DF 87 | eax=0000079A ebx=C15200E8 ecx=C0FCF200 esi=C0FCE140 edi=C000EA20 esp=C13A1E58
HEARTBEAT [0028:C000A499] cpl=0 pm=1 | EB D2 50 51 52 01 47 F8 E8 4B FB FF FF 5A 59 58 | eax=FFFFFFFC ebx=00000004 ecx=FFFFFFFC esi=C0FCE140 edi=C159F068 esp=C13A1E5C
HEARTBEAT [0028:C000368B] cpl=0 pm=1 | 74 1F F6 03 20 74 08 FF 15 78 E5 00 C0 EB 23 FF | eax=C0FCE2D0 ebx=C15200E8 ecx=C0FCE0C4 esi=00000002 edi=C00035F9 esp=C13A1DB0
HEARTBEAT [0028:C000886F] cpl=0 pm=1 | 3B 05 20 07 01 C0 75 0F 51 68 F4 06 01 C0 E8 92 | eax=C15200E8 ebx=C15200E8 ecx=00000000 esi=C0FCE2B8 edi=C0003408 esp=C13A1D98
HEARTBEAT [0028:C0031DAC] cpl=0 pm=1 | F9 C3 B8 00 04 00 00 F8 C3 80 CC 10 60 8B EC F6 | eax=00001607 ebx=C15200E8 ecx=00000016 esi=C0FCE2B8 edi=C13A1DD4 esp=C13A1DA4
HEARTBEAT [0028:C0003560] cpl=0 pm=1 | 81 3D 44 F4 00 C0 00 1A 00 C0 74 4D BE A0 35 00 | eax=000FFB17 ebx=C15200E8 ecx=00000001 esi=00000018 edi=C159F068 esp=C13A1DA4
HEARTBEAT [0028:C00036BE] cpl=0 pm=1 | C3 90 60 8B 1D 1C 07 01 C0 0F BA 33 05 73 47 8B | eax=00000004 ebx=C15200E8 ecx=00000004 esi=C0FCE2B8 edi=C159F068 esp=C13A1E6C
HEARTBEAT [0028:C0003660] cpl=0 pm=1 | 8B 70 04 89 75 24 66 8B 70 02 66 89 75 28 66 0F | eax=C0FCE2D0 ebx=C15200E8 ecx=C0FCE0C4 esi=C10CD85C edi=C00035F9 esp=C13A1E48
HEARTBEAT [0028:C00035C0] cpl=0 pm=1 | 8B 57 48 8B 12 8B 62 08 33 C0 89 42 08 9C 8A 42 | eax=000FFB17 ebx=C15200E8 ecx=00000001 esi=00000018 edi=C159F068 esp=C13A1DA4
HEARTBEAT [0028:C000A059] cpl=0 pm=1 | 83 3D 88 07 01 C0 00 75 08 9C FA E8 83 FA FF FF | eax=00000004 ebx=C15200E8 ecx=00000004 esi=C0FCE2B8 edi=C159F068 esp=C13A1E64
HEARTBEAT [0028:C000A478] cpl=0 pm=1 | 58 C3 3B C3 7D F7 8B 5F DC F7 D8 2B C3 99 23 C2 | eax=00000000 ebx=C15200E8 ecx=FFFFFFFC esi=C0FCE2B8 edi=C159F068 esp=C13A1E68
HEARTBEAT [00C9:0000109B] cpl=3 pm=1 | FC F3 A7 74 07 5F 5E 59 07 1F 9D C3 53 50 8C D0 | eax=00001607 ebx=C0FD0018 ecx=00000004 esi=00000080 edi=00000090 esp=0000022C
HEARTBEAT [0028:C0009AEC] cpl=0 pm=1 | 81 3D 9C 0C 01 C0 98 0C 01 C0 74 37 60 BE 98 0C | eax=00100000 ebx=C15200E8 ecx=C00106F4 esi=00000002 edi=C00035F9 esp=C13A1D8C
HEARTBEAT [0028:C0FCE5F8] cpl=0 pm=1 | E8 21 C4 05 FF B8 2F 00 00 00 8B 1D 1C 07 01 C0 | eax=0000002F ebx=C15200E8 ecx=00000016 esi=C0FCE2B8 edi=C13A1DD4 esp=C13A1DA8
HEARTBEAT [0028:C0002796] cpl=0 pm=1 | C3 90 60 8B 1D 1C 07 01 C0 8B 6B 08 F6 03 20 75 | eax=0000002F ebx=C15200E8 ecx=C0FCE7F4 esi=C0FCE2B8 edi=C13A1DD4 esp=C13A1DCC
HEARTBEAT [0028:C000366E] cpl=0 pm=1 | 66 0F B6 30 9D 81 23 FF FE FF FF 66 F7 C6 01 00 | eax=C0FCE2D0 ebx=C15200E8 ecx=C0FCE0C4 esi=0000FCB8 edi=C00035F9 esp=C13A1DAC
HEARTBEAT [0028:C000A7AF] cpl=0 pm=1 | FF 11 61 73 05 8B 49 FC EB F3 5F 5B C3 8B DA CD | eax=00000004 ebx=C15200E8 ecx=C0FCE7F4 esi=C0FCE2B8 edi=C159F068 esp=C13A1E44
HEARTBEAT [0028:C0003844] cpl=0 pm=1 | 58 FF 46 24 5E 5B C3 57 50 8B 3D A8 06 01 C0 FF | eax=000011F6 ebx=C15200E8 ecx=003B0204 esi=C159F068 edi=C159F068 esp=C13A1E3C
HEARTBEAT [0028:C025B7FA] cpl=0 pm=1 | 74 22 8B 05 30 EA 00 C0 2D 10 27 00 00 39 05 8C | eax=00000004 ebx=C15200E8 ecx=C0FCEF48 esi=C0FCEF68 edi=C159F068 esp=C13A1E40
HEARTBEAT [0028:C0001B3D] cpl=0 pm=1 | 87 67 4C FB 68 00 13 00 C0 80 FC 02 0F 82 17 0B | eax=00000204 ebx=C15200E8 ecx=00000004 esi=C0FCEF68 edi=C159F068 esp=C13A1F70
HEARTBEAT [0028:C00036C0] cpl=0 pm=1 | 60 8B 1D 1C 07 01 C0 0F BA 33 05 73 47 8B 3D A8 | eax=00000004 ebx=C15200E8 ecx=FCB22FF7 esi=C0FCE8D8 edi=C0003408 esp=C13A1DAC
HEARTBEAT [0028:C0003672] cpl=0 pm=1 | 9D 81 23 FF FE FF FF 66 F7 C6 01 00 74 06 81 0B | eax=C0FCE2D0 ebx=C15200E8 ecx=C0FCE0C4 esi=00000002 edi=C00035F9 esp=C13A1DAC
HEARTBEAT [0028:C00035D7] cpl=0 pm=1 | 0F A1 61 C3 8B 3D A8 06 01 C0 80 0F 40 8B 77 48 | eax=00000000 ebx=C15200E8 ecx=00000004 esi=C0FCE8D8 edi=C159F068 esp=C13A1E48
HEARTBEAT [0028:C00035CE] cpl=0 pm=1 | 8A 42 01 88 47 CE 9D 0F A9 0F A1 61 C3 8B 3D A8 | eax=00000000 ebx=C15200E8 ecx=00000004 esi=C0FCE8D8 edi=C159F068 esp=C13A1E40
HEARTBEAT [0028:C00363C1] cpl=0 pm=1 | 74 02 F9 C3 0A C0 74 4E 3C 03 0F 84 4A 01 00 00 | eax=00001607 ebx=C15200E8 ecx=00000016 esi=C0FCE8D8 edi=C13A1DD4 esp=C13A1DA4
HEARTBEAT [0028:C00036E4] cpl=0 pm=1 | FD 8D 75 68 8D 7E 24 B9 12 00 00 00 F3 A5 8D B5 | eax=00000246 ebx=C15200E8 ecx=FCB22FF7 esi=C0FCE8D8 edi=C159F068 esp=C13A1D8C
HEARTBEAT [0028:C000365D] cpl=0 pm=1 | 8B 6D 10 8B 70 04 89 75 24 66 8B 70 02 66 89 75 | eax=C0FCE2D0 ebx=C15200E8 ecx=C0FCE0C4 esi=C10CD85C edi=C00035F9 esp=C13A1DAC
HEARTBEAT [0028:C0003858] cpl=0 pm=1 | 8B 47 48 83 38 00 75 04 80 4F 73 40 55 8B 6F 10 | eax=C0FCE2D0 ebx=C15200E8 ecx=C0FCE0C4 esi=00000002 edi=C159F068 esp=C13A1E40
HEARTBEAT [0028:C000384B] cpl=0 pm=1 | 57 50 8B 3D A8 06 01 C0 FF 4F 24 75 2D 8B 47 48 | eax=C0FCE2D0 ebx=C15200E8 ecx=C0FCE0C4 esi=00000002 edi=C00035F9 esp=C13A1E48
HEARTBEAT [0028:C0016894] cpl=0 pm=1 | 0F B6 4D 1D 8B D1 80 E2 07 38 8A 6C 68 01 C0 74 | eax=0000002F ebx=C15200E8 ecx=C0FCE7F4 esi=C0FCE8D8 edi=C13A1DD4 esp=C13A1DA4
HEARTBEAT [0028:C00034EE] cpl=0 pm=1 | 5A 80 67 73 BF C1 EA 05 83 E2 01 0F BA 33 08 D1 | eax=C0FCE2D0 ebx=C15200E8 ecx=FCB22FF7 esi=C10CD85C edi=C159F068 esp=C13A1DAC
HEARTBEAT [0028:C0003620] cpl=0 pm=1 | 8B 75 48 8B 0E F6 01 08 74 16 8B 55 10 8B 49 0C | eax=00000004 ebx=C15200E8 ecx=00000004 esi=C0FCE8D8 edi=C00035F9 esp=C13A1E48
HEARTBEAT [0028:C0001311] cpl=0 pm=1 | FA 33 C0 3B 05 F0 E9 00 C0 75 38 8A 43 1F F6 D0 | eax=00000000 ebx=C15200E8 ecx=00000004 esi=C0FCE318 edi=C159F068 esp=C13A1E44
HEARTBEAT [FF03:0000461A] cpl=3 pm=1 | FB 80 FC 11 75 0A 0A C0 74 03 E8 DC FF CA 02 00 | eax=00001607 ebx=C0FD0018 ecx=00000000 esi=00000097 edi=000014FE esp=0000023A
HEARTBEAT [0028:C0001A16] cpl=0 pm=1 | 81 E9 B1 FC 00 00 8B 14 CD 04 C0 39 C1 FF 24 CD | eax=000FFB17 ebx=C15200E8 ecx=0000FCB2 esi=00000018 edi=C159F068 esp=C13A1DA4
HEARTBEAT [0028:C0003920] cpl=0 pm=1 | 89 0E 9D 58 5A 5F 59 C3 58 33 F6 EB F6 2E 8B C0 | eax=0000063A ebx=C15200E8 ecx=C0FCF5C4 esi=C0FCE318 edi=00000A38 esp=C13A1E58
HEARTBEAT [FFFF:0000217D] cpl=3 pm=1 | 74 1B 3C 07 74 23 3C 90 74 02 EB 56 2E 89 1E D0 | eax=00001607 ebx=C0FD0018 ecx=00000000 esi=00000097 edi=000014FE esp=00000238
HEARTBEAT [0028:C000A7BA] cpl=0 pm=1 | 5B C3 8B DA CD 20 05 00 01 00 72 11 C7 43 D8 00 | eax=00000004 ebx=C15200E8 ecx=00000000 esi=C0FCE318 edi=C159F068 esp=C13A1E68
HEARTBEAT [0028:C000A00D] cpl=0 pm=1 | 03 47 DC 79 02 33 C0 83 E8 1F 99 23 C2 83 C0 1F | eax=00000000 ebx=C15200E8 ecx=00000000 esi=C0FCE318 edi=C159F068 esp=C13A1E64
HEARTBEAT [0028:C00035C3] cpl=0 pm=1 | 8B 12 8B 62 08 33 C0 89 42 08 9C 8A 42 01 88 47 | eax=000FFB17 ebx=C15200E8 ecx=00000001 esi=00000018 edi=C159F068 esp=C13A1DA4
HEARTBEAT [0028:C0003584] cpl=0 pm=1 | 81 3D E8 F5 00 C0 D1 20 00 C0 74 29 BE 97 35 00 | eax=00000204 ebx=C15200E8 ecx=00000004 esi=C0FCE318 edi=C159F068 esp=C13A1E40
HEARTBEAT [0028:C000383C] cpl=0 pm=1 | 89 46 1C 80 66 73 BF 5D 58 FF 46 24 5E 5B C3 57 | eax=000011F6 ebx=C15200E8 ecx=003B0204 esi=C159F068 edi=C159F068 esp=C13A1E38
HEARTBEAT [00C9:0000109E] cpl=3 pm=1 | 74 07 5F 5E 59 07 1F 9D C3 53 50 8C D0 2E A3 9A | eax=00001607 ebx=C0FD0018 ecx=00000003 esi=00000082 edi=00000092 esp=0000022C
HEARTBEAT [0028:C0008B04] cpl=0 pm=1 | 75 23 0B C0 74 14 29 42 3C FA F6 01 01 74 05 E8 | eax=00100000 ebx=C15200E8 ecx=C00106F4 esi=00000002 edi=C00035F9 esp=C13A1D90
HEARTBEAT [0028:C02850AA] cpl=0 pm=1 | 74 40 F9 C3 CD 20 04 00 01 00 74 F6 8B 15 60 56 | eax=00001607 ebx=C15200E8 ecx=00000016 esi=C0FCE318 edi=C13A1DD4 esp=C13A1DA4
HEARTBEAT [0028:C00038A9] cpl=0 pm=1 | 52 50 0B C0 7E 7A 8B FE 9C FA 8B 35 34 EA 00 C0 | eax=000007D0 ebx=C15200E8 ecx=C000EA20 esi=C000A2CC edi=C159F068 esp=C13A1E64
HEARTBEAT [0028:C0003905] cpl=0 pm=1 | 2B 41 08 7F F5 8B F8 F7 DF 87 79 08 03 C7 89 46 | eax=00000537 ebx=C15200E8 ecx=C0FCF5C4 esi=C0FCE318 edi=C000EA20 esp=C13A1E58
HEARTBEAT [0028:C000381E] cpl=0 pm=1 | F6 03 40 74 09 F6 03 80 75 04 66 8B 46 D0 66 87 | eax=00000083 ebx=C15200E8 ecx=003B0204 esi=C159F068 edi=C159F068 esp=C13A1E38
HEARTBEAT [0028:C000A95F] cpl=0 pm=1 | 77 EA E3 43 A1 74 07 01 C0 BE CC A2 00 C0 FF 15 | eax=00000004 ebx=C15200E8 ecx=00000000 esi=C0FCE2B8 edi=C159F068 esp=C13A1E70
HEARTBEAT [0028:C0003461] cpl=0 pm=1 | 3B 1D 20 07 01 C0 75 02 FF D7 68 C4 34 00 C0 FF | eax=00000004 ebx=C15200E8 ecx=FCB22FF7 esi=C0FCE2B8 edi=C0003408 esp=C13A1DB0
HEARTBEAT [0028:C00037BE] cpl=0 pm=1 | 81 E2 00 72 03 00 8B FD B9 1B 00 00 00 FC F3 A5 | eax=00000000 ebx=C15200E8 ecx=00001607 esi=C13A1DD4 edi=C13A1DD4 esp=C13A1DB0
HEARTBEAT [0028:C000A483] cpl=0 pm=1 | 2B C3 99 23 C2 03 C3 F7 D8 89 47 F0 8B 47 F4 2B | eax=00000004 ebx=00000004 ecx=FFFFFFFC esi=C0FCE2B8 edi=C159F068 esp=C13A1E5C
HEARTBEAT [0028:C0001A0D] cpl=0 pm=1 | 03 C2 3D 17 FB 0F 00 75 14 81 E9 B1 FC 00 00 8B | eax=000FCB20 ebx=C15200E8 ecx=0000FCB2 esi=00000018 edi=C159F068 esp=C13A1DA4
HEARTBEAT [0028:C002AA2A] cpl=0 pm=1 | 74 02 F9 C3 66 83 3D A8 AA 02 C0 00 75 F4 E9 A3 | eax=C002AB60 ebx=C15200E8 ecx=00000016 esi=C0FCF5C4 edi=C13A1DD4 esp=C13A1DA4
HEARTBEAT [00C9:00000FDB] cpl=3 pm=1 | 90 E8 A9 00 2E FF 2E 92 0F 90 90 E8 9F 00 2E FF | eax=00001607 ebx=C0FD0018 ecx=00000000 esi=00000097 edi=000014FE esp=0000023A
HEARTBEAT [0028:C000A90C] cpl=0 pm=1 | 8B 47 E0 3B 47 3C 74 08 33 C0 40 E8 BC FE FF FF | eax=00000004 ebx=C15200E8 ecx=00000004 esi=C0FCF5C4 edi=C159F068 esp=C13A1E70
HEARTBEAT [0028:C000A470] cpl=0 pm=1 | E8 7C FB FF FF 5A 59 5B 58 C3 3B C3 7D F7 8B 5F | eax=FFFFFFFC ebx=00000004 ecx=FFFFFFFC esi=C0FCF5C4 edi=C159F068 esp=C13A1E5C
HEARTBEAT [0028:C00035DA] cpl=0 pm=1 | C3 8B 3D A8 06 01 C0 80 0F 40 8B 77 48 8B 16 F6 | eax=00000004 ebx=C15200E8 ecx=00000004 esi=C0FCE140 edi=C159F068 esp=C13A1E6C
HEARTBEAT [0028:C0003830] cpl=0 pm=1 | 66 89 46 1A B8 00 10 00 00 87 45 30 89 46 1C 80 | eax=0000012F ebx=C15200E8 ecx=003B0204 esi=C159F068 edi=C159F068 esp=C13A1E38
HEARTBEAT [0028:C00036C1] cpl=0 pm=1 | 8B 1D 1C 07 01 C0 0F BA 33 05 73 47 8B 3D A8 06 | eax=00000004 ebx=C15200E8 ecx=FCB22FF7 esi=C0FCE140 edi=C0003408 esp=C13A1D8C
HEARTBEAT [0028:C0031D8C] cpl=0 pm=1 | 8B 45 1C 80 FC 17 0F 84 0C 9D 1F 00 66 3D 8E 16 | eax=0000002F ebx=C15200E8 ecx=00000016 esi=C0FCE140 edi=C13A1DD4 esp=C13A1DA4
HEARTBEAT [0028:C000364E] cpl=0 pm=1 | 83 3E 00 75 0A 83 7D 24 00 75 04 80 4D 73 40 8B | eax=C0FCE2D0 ebx=C15200E8 ecx=C0FCE0C4 esi=C10CD85C edi=C00035F9 esp=C13A1E48
HEARTBEAT [0028:C000A96D] cpl=0 pm=1 | FF 15 38 E4 00 C0 89 35 78 07 01 C0 8B 47 DC F7 | eax=000007D0 ebx=C15200E8 ecx=C15200E8 esi=C000A2CC edi=C159F068 esp=C13A1E70
HEARTBEAT [0028:C0008887] cpl=0 pm=1 | 58 C3 2E 8B C0 50 51 52 A1 1C 07 01 C0 3B 05 20 | eax=00100000 ebx=C15200E8 ecx=00000000 esi=C0FCE8D8 edi=C0003408 esp=C13A1D9C
HEARTBEAT [0028:C000A010] cpl=0 pm=1 | 79 02 33 C0 83 E8 1F 99 23 C2 83 C0 1F 8B 4F E4 | eax=00000000 ebx=00000004 ecx=00000000 esi=C0FCE8D8 edi=C159F068 esp=C13A1E58
HEARTBEAT [0028:C000A0B8] cpl=0 pm=1 | 5E C3 2B C1 99 F7 D2 23 C2 03 C1 EB D4 8B C1 EB | eax=00000004 ebx=C15200E8 ecx=00000004 esi=C0FCE8D8 edi=C159F068 esp=C13A1E68
*** 1 repeats ***
HEARTBEAT [0028:C000A90B] cpl=0 pm=1 | FB 8B 47 E0 3B 47 3C 74 08 33 C0 40 E8 BC FE FF | eax=00000004 ebx=C15200E8 ecx=00000004 esi=C0FCF200 edi=C159F068 esp=C13A1E70
HEARTBEAT [0028:C0003623] cpl=0 pm=1 | 8B 0E F6 01 08 74 16 8B 55 10 8B 49 0C 66 89 4A | eax=0000002F ebx=C15200E8 ecx=00001607 esi=C10CD85C edi=C00035F9 esp=C13A1DAC
HEARTBEAT [0028:C0003787] cpl=0 pm=1 | 83 EF 6C 5E 59 C3 2E 8B C0 60 8B 1D 1C 07 01 C0 | eax=00000004 ebx=C15200E8 ecx=00000000 esi=C13A1FDC edi=C13A1E40 esp=C13A1DC8
HEARTBEAT [0028:C000374D] cpl=0 pm=1 | B9 09 00 00 00 F3 A5 FC 25 FF 8F FC FF 89 45 2C | eax=00023246 ebx=C15200E8 ecx=00000000 esi=C13A1FFC edi=C13A1FB4 esp=C13A1D8C
HEARTBEAT [0028:C000360C] cpl=0 pm=1 | 60 BF F9 35 00 C0 9C FA 8B 1D 1C 07 01 C0 8B 2D | eax=00000004 ebx=C15200E8 ecx=00000004 esi=C0FCF200 edi=C159F068 esp=C13A1E6C
HEARTBEAT [0028:C000360D] cpl=0 pm=1 | BF F9 35 00 C0 9C FA 8B 1D 1C 07 01 C0 8B 2D A8 | eax=00000004 ebx=C15200E8 ecx=00000004 esi=C0FCF1E0 edi=C159F068 esp=C13A1E4C
HEARTBEAT [0028:C0009AEC] cpl=0 pm=1 | 81 3D 9C 0C 01 C0 98 0C 01 C0 74 37 60 BE 98 0C | eax=00000000 ebx=C15200E8 ecx=00000000 esi=C0FCF1E0 edi=C159F068 esp=C13A1E6C
HEARTBEAT [0028:C000A93A] cpl=0 pm=1 | 8B 47 3C 2B 47 F8 83 F8 04 76 08 83 7F DC 04 76 | eax=00000000 ebx=C15200E8 ecx=00000000 esi=C0FCF1E0 edi=C159F068 esp=C13A1E70
HEARTBEAT [0028:C0031D98] cpl=0 pm=1 | 66 3D 8E 16 0F 84 FE BE 21 00 66 3D 8F 16 0F 84 | eax=00001607 ebx=C15200E8 ecx=00000016 esi=C0FCF1E0 edi=C13A1DD4 esp=C13A1DA4
HEARTBEAT [0028:C0001B3D] cpl=0 pm=1 | 87 67 4C FB 68 00 13 00 C0 80 FC 02 0F 82 17 0B | eax=00000204 ebx=C15200E8 ecx=00000004 esi=C0FCF1E0 edi=C159F068 esp=C13A1F70
HEARTBEAT [0028:C0003449] cpl=0 pm=1 | BF 08 34 00 C0 8B 1D 1C 07 01 C0 8B 0D FC E9 00 | eax=00000004 ebx=C15200E8 ecx=C0FCE7F4 esi=C0FCE830 edi=C13A1DD4 esp=C13A1DB0
HEARTBEAT [0028:C0003905] cpl=0 pm=1 | 2B 41 08 7F F5 8B F8 F7 DF 87 79 08 03 C7 89 46 | eax=0000079A ebx=C15200E8 ecx=C0FCE140 esi=C0FCE830 edi=C000EA20 esp=C13A1E58
HEARTBEAT [0028:C000360C] cpl=0 pm=1 | 60 BF F9 35 00 C0 9C FA 8B 1D 1C 07 01 C0 8B 2D | eax=00000004 ebx=C15200E8 ecx=00000004 esi=C0FCE830 edi=C159F068 esp=C13A1E6C
HEARTBEAT [0028:C0003620] cpl=0 pm=1 | 8B 75 48 8B 0E F6 01 08 74 16 8B 55 10 8B 49 0C | eax=00000004 ebx=C15200E8 ecx=00000004 esi=C0FCE140 edi=C00035F9 esp=C13A1E48
HEARTBEAT [0028:C000A006] cpl=0 pm=1 | 99 F7 D2 23 C2 03 C1 03 47 DC 79 02 33 C0 83 E8 | eax=00000000 ebx=C15200E8 ecx=00000000 esi=C0FCE140 edi=C159F068 esp=C13A1E64
HEARTBEAT [0028:C00038F1] cpl=0 pm=1 | 9C FA 03 41 0C 79 05 B8 FF FF FF 7F 8B F9 8B 09 | eax=000007D0 ebx=C15200E8 ecx=C000EA20 esi=C0FCE8D8 edi=C000A2CC esp=C13A1E5C
HEARTBEAT [FFFF:00002181] cpl=3 pm=1 | 74 23 3C 90 74 02 EB 56 2E 89 1E D0 1F 2E 8C 06 | eax=00001607 ebx=C0FD0018 ecx=00000000 esi=00000097 edi=000014FE esp=00000238
HEARTBEAT [0028:C0003537] cpl=0 pm=1 | 0F A0 8B 57 48 0F A8 8B 12 80 22 FB 8A 47 CD 8A | eax=0000002F ebx=C15200E8 ecx=C0FCE7F4 esi=C0FCE8D8 edi=C159F068 esp=C13A1DB0
HEARTBEAT [0028:C000381E] cpl=0 pm=1 | F6 03 40 74 09 F6 03 80 75 04 66 8B 46 D0 66 87 | eax=00000083 ebx=C15200E8 ecx=003B0204 esi=C159F068 edi=C159F068 esp=C13A1E38
HEARTBEAT [FFFF:00002152] cpl=3 pm=1 | 3C 13 75 03 E9 91 00 3C 14 75 03 E9 A4 00 2E 8E | eax=00001607 ebx=C0FD0018 ecx=00000000 esi=00000097 edi=000014FE esp=00000238
HEARTBEAT [0028:C000390C] cpl=0 pm=1 | F7 DF 87 79 08 03 C7 89 46 08 8B D6 87 51 04 89 | eax=FFFFF590 ebx=C15200E8 ecx=C0FCE8D8 esi=C0FCEF68 edi=FFFFF590 esp=C13A1E58
HEARTBEAT [0028:C0FCE258] cpl=0 pm=1 | E8 2F 3B 06 FF B8 2F 00 00 00 8B 1D 1C 07 01 C0 | eax=0000002F ebx=C15200E8 ecx=00000016 esi=C0FCEF68 edi=C13A1DD4 esp=C13A1DA8
HEARTBEAT [FF03:00004632] cpl=3 pm=1 | 74 EC 80 FC 12 75 03 E9 C4 00 80 FC 16 74 05 EA | eax=00001607 ebx=C0FD0018 ecx=00000000 esi=00000097 edi=000014FE esp=0000023A
HEARTBEAT [0028:C000351C] cpl=0 pm=1 | C1 E1 10 66 8B 4D 30 89 48 0C 61 C3 FF 15 60 E4 | eax=C0FCE2D0 ebx=C15200E8 ecx=00000087 esi=0000753E edi=C159F068 esp=C13A1E4C
HEARTBEAT [0028:C000277F] cpl=0 pm=1 | 8B 6B 08 68 95 27 00 C0 F6 03 20 0F 84 A3 FD FF | eax=0000002F ebx=C15200E8 ecx=C0FCE7F4 esi=C0FCEF68 edi=C13A1DD4 esp=C13A1DAC
HEARTBEAT [0028:C0FCE262] cpl=0 pm=1 | 8B 1D 1C 07 01 C0 0F 82 A6 FF FF FF C3 A3 E8 47 | eax=0000002F ebx=C15200E8 ecx=00000016 esi=C0FCE8D8 edi=C13A1DD4 esp=C13A1DA8
HEARTBEAT [0028:C000A940] cpl=0 pm=1 | 83 F8 04 76 08 83 7F DC 04 76 C0 61 C3 83 3D 18 | eax=00000004 ebx=C15200E8 ecx=00000000 esi=C0FCE8D8 edi=C159F068 esp=C13A1E70
HEARTBEAT [0028:C00036BE] cpl=0 pm=1 | C3 90 60 8B 1D 1C 07 01 C0 0F BA 33 05 73 47 8B | eax=00000004 ebx=C15200E8 ecx=00000004 esi=C0FCE8D8 edi=C159F068 esp=C13A1E6C
HEARTBEAT [0028:C0003663] cpl=0 pm=1 | 89 75 24 66 8B 70 02 66 89 75 28 66 0F B6 30 9D | eax=C0FCE2D0 ebx=C15200E8 ecx=C0FCE0C4 esi=0000753E edi=C00035F9 esp=C13A1E48
HEARTBEAT [0028:C000A429] cpl=0 pm=1 | 0B C0 78 4D 3B C3 7E 44 8B 5F DC 03 C3 51 8B 0D | eax=FFFFFFFC ebx=00000000 ecx=FFFFFFFC esi=C0FCE8D8 edi=C159F068 esp=C13A1E5C
HEARTBEAT [0028:C000366A] cpl=0 pm=1 | 66 89 75 28 66 0F B6 30 9D 81 23 FF FE FF FF 66 | eax=C0FCE2D0 ebx=C15200E8 ecx=C0FCE0C4 esi=0000FCB8 edi=C00035F9 esp=C13A1DAC
HEARTBEAT [0028:C0FCE0D6] cpl=0 pm=1 | 8B 1D 1C 07 01 C0 0F 82 5A 44 03 FF C3 3E E8 E9 | eax=0000002F ebx=C15200E8 ecx=00000016 esi=C0FCE140 edi=C13A1DD4 esp=C13A1DA8
HEARTBEAT [FF03:0000461A] cpl=3 pm=1 | FB 80 FC 11 75 0A 0A C0 74 03 E8 DC FF CA 02 00 | eax=00001607 ebx=C0FD0018 ecx=00000000 esi=00000097 edi=000014FE esp=0000023A
HEARTBEAT [0028:C0001331] cpl=0 pm=1 | 75 79 3D 0B FD 21 00 87 67 4C 8A 44 24 2D 0C 30 | eax=00000000 ebx=C15200E8 ecx=00000004 esi=C0FCE140 edi=C159F068 esp=C13A1E44
HEARTBEAT [0028:C000A979] cpl=0 pm=1 | 8B 47 DC F7 D8 8B C8 FF 15 D0 E8 00 C0 E8 F4 F6 | eax=000007D0 ebx=C15200E8 ecx=C15200E8 esi=C0FCE140 edi=C159F068 esp=C13A1E70
HEARTBEAT [0028:C00034B3] cpl=0 pm=1 | F6 C2 20 75 06 FF 15 70 E5 00 C0 FF 15 74 E5 00 | eax=00000004 ebx=C15200E8 ecx=003B0204 esi=C0FCF200 edi=C159F068 esp=C13A1E4C
HEARTBEAT [0028:C000A7AC] cpl=0 pm=1 | E3 0B 60 FF 11 61 73 05 8B 49 FC EB F3 5F 5B C3 | eax=00000004 ebx=C15200E8 ecx=C0FCE7F4 esi=C0FCF200 edi=C159F068 esp=C13A1E64
HEARTBEAT [0028:C000A033] cpl=0 pm=1 | E8 70 F3 FF FF 8B 47 E0 8B 57 EC 0B D2 74 17 FF | eax=FFFFFFFC ebx=00000004 ecx=00000000 esi=C0FCF200 edi=C159F068 esp=C13A1E58
HEARTBEAT [0028:C0001250] cpl=0 pm=1 | 83 EC 04 60 BE 18 00 00 00 E9 62 00 00 00 8B C0 | eax=00001607 ebx=C0FD0018 ecx=00000000 esi=00000097 edi=000014FE esp=C13A1F94
HEARTBEAT [FFFF:00002165] cpl=3 pm=1 | 3C 0E 75 03 E9 C7 00 3C 0F 75 03 E9 19 01 3C 12 | eax=00001607 ebx=C0FD0018 ecx=00000000 esi=00000097 edi=000014FE esp=00000238
HEARTBEAT [0028:C0031863] cpl=0 pm=1 | 66 C7 45 10 18 00 66 C7 45 18 00 00 B8 2F 00 00 | eax=00000004 ebx=C15200E8 ecx=C0FCE7F4 esi=C0FCF1E0 edi=C13A1DD4 esp=C13A1DD4
HEARTBEAT [036E:000006C3] cpl=3 pm=1 | 2E FF 2E 83 06 B8 FF FF BB 00 01 F8 C3 2E 83 3E | eax=00001607 ebx=C0FD0018 ecx=00000000 esi=00000097 edi=000014FE esp=0000023A
HEARTBEAT [0028:C000A014] cpl=0 pm=1 | 83 E8 1F 99 23 C2 83 C0 1F 8B 4F E4 2B C1 99 F7 | eax=00000000 ebx=00000004 ecx=00000000 esi=C0FCF1E0 edi=C159F068 esp=C13A1E58
MEMWATCH [0028:C000921F] w4 C0010810 = C159F068 | eax=C001080C ebx=C15200E8 ecx=00000000 edx=C0FD6B6C esi=C001080C edi=C159F068 ebp=C0ED4E80
MEMWATCH  node C159F068 | 01 08 41 00 0C 08 01 C0 4C 16 FD C0 54 48 43 42 70 1F 3A C1 E8 00 52 C1 01 00 2F 01 F6 11 00 00 
MEMWATCH  stack esp=C0ED4E38 | C0FD164C C00092D5 C159F068 C0FD164C C0ED4E80 C0ED4E60 C15200E8 C0FD6B6C 
HEARTBEAT [0028:C0002796] cpl=0 pm=1 | C3 90 60 8B 1D 1C 07 01 C0 8B 6B 08 F6 03 20 75 | eax=0000002F ebx=C15200E8 ecx=C0FCE7F4 esi=C0FCF1E0 edi=C13A1DD4 esp=C13A1DCC
HEARTBEAT [0028:C0003765] cpl=0 pm=1 | C3 8B BB C4 FF FF FF C3 2E 8B C0 51 56 B9 1B 00 | eax=C0FCE500 ebx=C15200E8 ecx=C0FCE0C4 esi=00000002 edi=C00035F9 esp=C13A1DAC
HEARTBEAT [0028:C000132E] cpl=0 pm=1 | F6 03 20 75 79 3D 0B FD 21 00 87 67 4C 8A 44 24 | eax=00000000 ebx=C15200E8 ecx=00000004 esi=C0FCEF68 edi=C159F068 esp=C13A1E44
HEARTBEAT [0028:C0031863] cpl=0 pm=1 | 66 C7 45 10 18 00 66 C7 45 18 00 00 B8 2F 00 00 | eax=00000004 ebx=C15200E8 ecx=C0FCE7F4 esi=C0FCEF68 edi=C13A1DD4 esp=C13A1DD4
HEARTBEAT [0028:C0002563] cpl=0 pm=1 | 03 F1 66 87 45 24 C1 C8 10 66 87 45 28 C1 C8 10 | eax=0B9203CC ebx=C15200E8 ecx=0000023A esi=0000E2C0 edi=C13A1DD4 esp=C13A1DA8
HEARTBEAT [0028:C0003537] cpl=0 pm=1 | 0F A0 8B 57 48 0F A8 8B 12 80 22 FB 8A 47 CD 8A | eax=00000004 ebx=C15200E8 ecx=00000004 esi=C0FCEF68 edi=C159F068 esp=C13A1E4C
HEARTBEAT [0028:C0FCE8A4] cpl=0 pm=1 | E8 EB 7F 04 FF B8 2F 00 00 00 8B 1D 1C 07 01 C0 | eax=0000002F ebx=C15200E8 ecx=C0FCE7F4 esi=C0FCEF68 edi=C13A1DD4 esp=C13A1DA8
HEARTBEAT [0028:C0001311] cpl=0 pm=1 | FA 33 C0 3B 05 F0 E9 00 C0 75 38 8A 43 1F F6 D0 | eax=00000000 ebx=C15200E8 ecx=00000004 esi=C0FCE140 edi=C159F068 esp=C13A1E44
HEARTBEAT [0028:C000A90C] cpl=0 pm=1 | 8B 47 E0 3B 47 3C 74 08 33 C0 40 E8 BC FE FF FF | eax=00000004 ebx=C15200E8 ecx=00000004 esi=C0FCE140 edi=C159F068 esp=C13A1E70
HEARTBEAT [0B92:000003D1] cpl=3 pm=1 | 3D 21 4B 74 0D 2E FF 2E C8 03 33 C0 0E 5A B9 00 | eax=00001607 ebx=C0FD0018 ecx=00000000 esi=00000097 edi=000014FE esp=0000023A
HEARTBEAT [0028:C02850A6] cpl=0 pm=1 | 66 3D 80 10 74 40 F9 C3 CD 20 04 00 01 00 74 F6 | eax=00001607 ebx=C15200E8 ecx=00000016 esi=C0FCE140 edi=C13A1DD4 esp=C13A1DA4
HEARTBEAT [0028:C0003507] cpl=0 pm=1 | 87 75 24 89 70 04 C1 E9 10 66 87 4D 28 66 89 48 | eax=C0FCE500 ebx=C15200E8 ecx=FCB22FF7 esi=00002FF7 edi=C159F068 esp=C13A1DB0
HEARTBEAT [060E:00000731] cpl=3 pm=1 | 75 1E 2E FF 2E 9C 06 33 07 60 07 2E 80 3E 37 00 | eax=00001607 ebx=C0FD0018 ecx=00000000 esi=00000097 edi=000014FE esp=0000023A
HEARTBEAT [0028:C000364E] cpl=0 pm=1 | 83 3E 00 75 0A 83 7D 24 00 75 04 80 4D 73 40 8B | eax=C0FCE500 ebx=C15200E8 ecx=C0FCE0C4 esi=C10CD85C edi=C00035F9 esp=C13A1DAC
HEARTBEAT [0028:C0009FF4] cpl=0 pm=1 | 8B 4F F8 0B C0 79 09 2B C1 99 23 C2 03 C1 EB 09 | eax=00000000 ebx=C15200E8 ecx=00000000 esi=C0FCE8D8 edi=C159F068 esp=C13A1E64
HEARTBEAT [0028:C0003911] cpl=0 pm=1 | 03 C7 89 46 08 8B D6 87 51 04 89 32 89 56 04 89 | eax=FFFFF7B7 ebx=C15200E8 ecx=C0FCEF68 esi=C0FCE8D8 edi=00000B14 esp=C13A1E58
HEARTBEAT [0028:C000A002] cpl=0 pm=1 | EB 09 2B C1 99 F7 D2 23 C2 03 C1 03 47 DC 79 02 | eax=FFFFFFFC ebx=00000004 ecx=00000000 esi=C0FCE8D8 edi=C159F068 esp=C13A1E58
HEARTBEAT [0028:C0003666] cpl=0 pm=1 | 66 8B 70 02 66 89 75 28 66 0F B6 30 9D 81 23 FF | eax=C0FCE500 ebx=C15200E8 ecx=C0FCE0C4 esi=00002F97 edi=C00035F9 esp=C13A1DAC
HEARTBEAT [0028:C000386C] cpl=0 pm=1 | 66 89 45 34 8B 47 1C 89 45 30 8B 47 20 89 45 24 | eax=C10C012F ebx=C15200E8 ecx=C0FCE0C4 esi=00000002 edi=C159F068 esp=C13A1E3C
HEARTBEAT [0028:C0003640] cpl=0 pm=1 | 8B 06 8B 4E 04 8B D0 87 11 87 50 FC 89 16 83 3E | eax=00000004 ebx=C15200E8 ecx=C0FCE500 esi=C10CD85C edi=C00035F9 esp=C13A1E48
HEARTBEAT [FF03:0000461B] cpl=3 pm=1 | 80 FC 11 75 0A 0A C0 74 03 E8 DC FF CA 02 00 80 | eax=00001607 ebx=C0FD0018 ecx=00000000 esi=00000097 edi=000014FE esp=0000023A
HEARTBEAT [0028:C0003920] cpl=0 pm=1 | 89 0E 9D 58 5A 5F 59 C3 58 33 F6 EB F6 2E 8B C0 | eax=00000225 ebx=C15200E8 ecx=C0FCF5C4 esi=C0FCEF68 edi=000002B5 esp=C13A1E58
HEARTBEAT [0028:C000A082] cpl=0 pm=1 | 89 47 F4 56 8B 4F F0 E3 2D 8B 47 F4 0B C9 78 28 | eax=00000000 ebx=C15200E8 ecx=00000004 esi=C0FCEF68 edi=C159F068 esp=C13A1E6C
HEARTBEAT [0B92:000003CC] cpl=3 pm=1 | 3D 20 4B 74 0A 3D 21 4B 74 0D 2E FF 2E C8 03 33 | eax=00001607 ebx=C0FD0018 ecx=00000000 esi=00000097 edi=000014FE esp=0000023A
HEARTBEAT [0028:C0003686] cpl=0 pm=1 | 66 F7 C6 02 00 74 1F F6 03 20 74 08 FF 15 78 E5 | eax=C0FCE500 ebx=C15200E8 ecx=C0FCE0C4 esi=00000002 edi=C00035F9 esp=C13A1DB0
HEARTBEAT [0028:C00036C1] cpl=0 pm=1 | 8B 1D 1C 07 01 C0 0F BA 33 05 73 47 8B 3D A8 06 | eax=00000004 ebx=C15200E8 ecx=FCB22FF7 esi=C0FCF5C4 edi=C0003408 esp=C13A1D8C
HEARTBEAT [0028:C0001A00] cpl=0 pm=1 | FB 0F B7 45 28 8B C8 8B 55 24 C1 E0 04 03 C2 3D | eax=00001607 ebx=C15200E8 ecx=00000000 esi=00000018 edi=C159F068 esp=C13A1DA4
HEARTBEAT [0028:C000387C] cpl=0 pm=1 | 66 8B 47 28 66 89 45 28 5D 58 5F C3 51 8D 4B 38 | eax=0000753E ebx=C15200E8 ecx=C0FCE0C4 esi=00000002 edi=C159F068 esp=C13A1E3C
HEARTBEAT [0028:C0001300] cpl=0 pm=1 | 3D 15 FD 21 00 8B 1D 1C 07 01 C0 8B 3D A8 06 01 | eax=00000000 ebx=C15200E8 ecx=C0FCE7F4 esi=C0FCE8D8 edi=C159F068 esp=C13A1DA8
HEARTBEAT [0028:C00363BB] cpl=0 pm=1 | 8B 45 1C 80 FC 40 74 02 F9 C3 0A C0 74 4E 3C 03 | eax=0000002F ebx=C15200E8 ecx=00000016 esi=C0FCE8D8 edi=C13A1DD4 esp=C13A1DA4
HEARTBEAT [0028:C0003808] cpl=0 pm=1 | 55 8B 6E 10 8B 45 24 89 46 20 66 8B 45 28 66 89 | eax=00000004 ebx=C15200E8 ecx=003B0204 esi=C159F068 edi=C159F068 esp=C13A1E3C
HEARTBEAT [0028:C003186F] cpl=0 pm=1 | B8 2F 00 00 00 FF 15 58 E5 00 C0 8B 4D 1C FF 15 | eax=00000004 ebx=C15200E8 ecx=C0FCE7F4 esi=C0FCE140 edi=C13A1DD4 esp=C13A1DD4
HEARTBEAT [0070:00000005] cpl=3 pm=1 | E9 66 04 45 12 00 00 FB 00 CF 00 25 03 5A 03 C9 | eax=00001607 ebx=C0FD0018 ecx=00000000 esi=00000097 edi=000014FE esp=0000023A
HEARTBEAT [0028:C000A42B] cpl=0 pm=1 | 78 4D 3B C3 7E 44 8B 5F DC 03 C3 51 8B 0D 20 07 | eax=FFFFFFFC ebx=00000000 ecx=FFFFFFFC esi=C0FCE830 edi=C159F068 esp=C13A1E5C
HEARTBEAT [0028:C0001250] cpl=0 pm=1 | 83 EC 04 60 BE 18 00 00 00 E9 62 00 00 00 8B C0 | eax=00001607 ebx=C0FD0018 ecx=00000000 esi=00000097 edi=000014FE esp=C13A1F94
HEARTBEAT [0028:C0003834] cpl=0 pm=1 | B8 00 10 00 00 87 45 30 89 46 1C 80 66 73 BF 5D | eax=0000012F ebx=C15200E8 ecx=003B0204 esi=C159F068 edi=C159F068 esp=C13A1E38
HEARTBEAT [0028:C000A48F] cpl=0 pm=1 | 8B 47 F4 2B C1 99 23 C2 03 C1 EB D2 50 51 52 01 | eax=FFFFFFFC ebx=00000004 ecx=FFFFFFFC esi=C0FCE830 edi=C159F068 esp=C13A1E5C
HEARTBEAT [0028:C00036E4] cpl=0 pm=1 | FD 8D 75 68 8D 7E 24 B9 12 00 00 00 F3 A5 8D B5 | eax=00000246 ebx=C15200E8 ecx=FCB22FF7 esi=C0FCE830 edi=C159F068 esp=C13A1D8C
HEARTBEAT [0028:C000380C] cpl=0 pm=1 | 8B 45 24 89 46 20 66 8B 45 28 66 89 46 28 66 8B | eax=00000004 ebx=C15200E8 ecx=003B0204 esi=C159F068 edi=C159F068 esp=C13A1E38
HEARTBEAT [0028:C0009AEC] cpl=0 pm=1 | 81 3D 9C 0C 01 C0 98 0C 01 C0 74 37 60 BE 98 0C | eax=00000000 ebx=00000004 ecx=00000000 esi=C0FCE43C edi=C159F068 esp=C13A1E50
HEARTBEAT [00C9:00001093] cpl=3 pm=1 | 2E C4 3E 84 10 B9 04 00 FC F3 A7 74 07 5F 5E 59 | eax=00001607 ebx=C0FD0018 ecx=00000000 esi=00000080 edi=000014FE esp=0000022C
HEARTBEAT [0028:C00034EE] cpl=0 pm=1 | 5A 80 67 73 BF C1 EA 05 83 E2 01 0F BA 33 08 D1 | eax=C0FCE500 ebx=C15200E8 ecx=FCB22FF7 esi=C10CD85C edi=C159F068 esp=C13A1DAC
HEARTBEAT [0028:C000A017] cpl=0 pm=1 | 99 23 C2 83 C0 1F 8B 4F E4 2B C1 99 F7 D2 23 C2 | eax=FFFFFFE1 ebx=00000004 ecx=00000000 esi=C0FCE2B8 edi=C159F068 esp=C13A1E58
HEARTBEAT [0028:C0003660] cpl=0 pm=1 | 8B 70 04 89 75 24 66 8B 70 02 66 89 75 28 66 0F | eax=C0FCE500 ebx=C15200E8 ecx=C0FCE0C4 esi=C10CD85C edi=C00035F9 esp=C13A1E48
HEARTBEAT [0028:C0003905] cpl=0 pm=1 | 2B 41 08 7F F5 8B F8 F7 DF 87 79 08 03 C7 89 46 | eax=00000271 ebx=C15200E8 ecx=C0FCE43C esi=C0FCEF68 edi=C000EA20 esp=C13A1E58
HEARTBEAT [0028:C000393B] cpl=0 pm=1 | 01 78 08 8B 7E 04 89 07 89 78 04 33 C0 89 46 04 | eax=C0FCF5C4 ebx=C15200E8 ecx=00000004 esi=C0FCEF68 edi=000006DE esp=C13A1E5C
HEARTBEAT [0028:C000A7B9] cpl=0 pm=1 | 5F 5B C3 8B DA CD 20 05 00 01 00 72 11 C7 43 D8 | eax=00000004 ebx=C15200E8 ecx=00000000 esi=C0FCEF68 edi=C159F068 esp=C13A1E64
HEARTBEAT [0028:C000889A] cpl=0 pm=1 | 75 0D 68 F4 06 01 C0 E8 2E 02 00 00 83 C4 04 5A | eax=C15200E8 ebx=C15200E8 ecx=C0FCE0C4 esi=00000002 edi=C00035F9 esp=C13A1D98
HEARTBEAT [0028:C0003864] cpl=0 pm=1 | 55 8B 6F 10 66 8B 47 1A 66 89 45 34 8B 47 1C 89 | eax=C10CD85C ebx=C15200E8 ecx=C0FCE0C4 esi=00000002 edi=C159F068 esp=C13A1E40
HEARTBEAT [0028:C0001250] cpl=0 pm=1 | 83 EC 04 60 BE 18 00 00 00 E9 62 00 00 00 8B C0 | eax=00001607 ebx=C0FD0018 ecx=00000000 esi=00000097 edi=000014FE esp=C13A1F94
HEARTBEAT [0028:C0001305] cpl=0 pm=1 | 8B 1D 1C 07 01 C0 8B 3D A8 06 01 C0 FA 33 C0 3B | eax=00000000 ebx=C15200E8 ecx=C159F11C esi=00800000 edi=C159F11C esp=C13A1D00
HEARTBEAT [0028:C000360D] cpl=0 pm=1 | BF F9 35 00 C0 9C FA 8B 1D 1C 07 01 C0 8B 2D A8 | eax=00000004 ebx=C15200E8 ecx=00000004 esi=C0FCF5C4 edi=C159F068 esp=C13A1E4C
HEARTBEAT [0028:C002AA2C] cpl=0 pm=1 | F9 C3 66 83 3D A8 AA 02 C0 00 75 F4 E9 A3 89 25 | eax=C002AB60 ebx=C15200E8 ecx=00000016 esi=C0FCF5C4 edi=C13A1DD4 esp=C13A1DA4
HEARTBEAT [0028:C0001A00] cpl=0 pm=1 | FB 0F B7 45 28 8B C8 8B 55 24 C1 E0 04 03 C2 3D | eax=00001607 ebx=C15200E8 ecx=00000000 esi=00000018 edi=C159F068 esp=C13A1DA4
HEARTBEAT [0028:C00034C5] cpl=0 pm=1 | 8B 3D A8 06 01 C0 8B 77 48 9C FA 8B 56 04 8B 02 | eax=00000004 ebx=C15200E8 ecx=003B0204 esi=C0FCF1E0 edi=C159F068 esp=C13A1E48
HEARTBEAT [0028:C00035F9] cpl=0 pm=1 | 9C FF 15 10 E9 00 C0 9D C3 8B C0 60 BF 14 34 00 | eax=C0FCE500 ebx=C15200E8 ecx=C0FCE0C4 esi=00000002 edi=C00035F9 esp=C13A1DAC
HEARTBEAT [0028:C000377D] cpl=0 pm=1 | 8B 76 08 FC F3 A5 80 66 C1 FE 83 EF 6C 5E 59 C3 | eax=00000004 ebx=C15200E8 ecx=0000001B esi=C15200E8 edi=C13A1DD4 esp=C13A1DC8
HEARTBEAT [0028:C000A7AF] cpl=0 pm=1 | FF 11 61 73 05 8B 49 FC EB F3 5F 5B C3 8B DA CD | eax=00000004 ebx=C15200E8 ecx=C0FCE7F4 esi=C0FCF200 edi=C159F068 esp=C13A1E44
HEARTBEAT [0028:C000354C] cpl=0 pm=1 | 88 47 CE 38 E0 76 03 80 0A 04 89 62 08 E9 A2 DD | eax=00000000 ebx=C15200E8 ecx=C0FCE7F4 esi=C0FCE2B8 edi=C159F068 esp=C13A1DA8
HEARTBEAT [0028:C000A060] cpl=0 pm=1 | 75 08 9C FA E8 83 FA FF FF 9D 8B C1 C3 FF 05 88 | eax=00000000 ebx=00000004 ecx=00000000 esi=C0FCE2B8 edi=C159F068 esp=C13A1E58
HEARTBEAT [0028:C000131A] cpl=0 pm=1 | 75 38 8A 43 1F F6 D0 D0 E0 22 47 73 24 40 C0 E8 | eax=00000000 ebx=C15200E8 ecx=00000004 esi=C0FCE2B8 edi=C159F068 esp=C13A1E44
HEARTBEAT [0028:C0003537] cpl=0 pm=1 | 0F A0 8B 57 48 0F A8 8B 12 80 22 FB 8A 47 CD 8A | eax=0000002F ebx=C15200E8 ecx=C0FCE7F4 esi=C0FCE2B8 edi=C159F068 esp=C13A1DB0
HEARTBEAT [0028:C0FCE684] cpl=0 pm=1 | E8 32 7D 06 FF B8 2F 00 00 00 8B 1D 1C 07 01 C0 | eax=0000002F ebx=C15200E8 ecx=00000016 esi=C0FCE2B8 edi=C13A1DD4 esp=C13A1DA8
HEARTBEAT [0028:C0003528] cpl=0 pm=1 | FF 15 60 E4 00 C0 8B C0 60 8B 3D A8 06 01 C0 0F | eax=0000002F ebx=C15200E8 ecx=C0FCE7F4 esi=C0FCE140 edi=C13A1DD4 esp=C13A1DD0
HEARTBEAT [0028:C00168A3] cpl=0 pm=1 | 74 02 F9 C3 BE FF FF FF FF FF 24 95 74 68 01 C0 | eax=0000002F ebx=C15200E8 ecx=00000016 esi=C0FCE140 edi=C13A1DD4 esp=C13A1DA4
HEARTBEAT [0028:C00168C6] cpl=0 pm=1 | 03 53 04 80 7A 13 00 75 02 F9 C3 C6 42 13 00 B9 | eax=00000004 ebx=C15200E8 ecx=C0FCE8C0 esi=C0FCE140 edi=C159F068 esp=C13A1E40
HEARTBEAT [0028:C0003777] cpl=0 pm=1 | 8B 35 1C 07 01 C0 8B 76 08 FC F3 A5 80 66 C1 FE | eax=00000004 ebx=C15200E8 ecx=0000001B esi=C0FCE140 edi=C13A1DD4 esp=C13A1DC8
HEARTBEAT [0028:C000381A] cpl=0 pm=1 | 66 8B 46 D2 F6 03 40 74 09 F6 03 80 75 04 66 8B | eax=00000117 ebx=C15200E8 ecx=003B0204 esi=C159F068 edi=C159F068 esp=C13A1E38
HEARTBEAT [0028:C0009AEC] cpl=0 pm=1 | 81 3D 9C 0C 01 C0 98 0C 01 C0 74 37 60 BE 98 0C | eax=00000000 ebx=00000004 ecx=00000000 esi=C0FCE140 edi=C159F068 esp=C13A1E50
HEARTBEAT [0028:C00036FF] cpl=0 pm=1 | FC 25 FF 8F FE FF 0D 00 00 02 00 89 45 2C 83 05 | eax=00000246 ebx=C15200E8 ecx=00000000 esi=C13A1FD8 edi=C13A1F90 esp=C13A1D8C
HEARTBEAT [0028:C0003537] cpl=0 pm=1 | 0F A0 8B 57 48 0F A8 8B 12 80 22 FB 8A 47 CD 8A | eax=00000004 ebx=C15200E8 ecx=00000004 esi=C0FCE140 edi=C159F068 esp=C13A1E4C
HEARTBEAT [0028:C00036BE] cpl=0 pm=1 | C3 90 60 8B 1D 1C 07 01 C0 0F BA 33 05 73 47 8B | eax=00000004 ebx=C15200E8 ecx=00000004 esi=C0FCE140 edi=C159F068 esp=C13A1E6C
HEARTBEAT [FF03:0000463F] cpl=3 pm=1 | 74 05 EA 05 00 70 00 1E 2E 8E 1E 27 3F 3C 06 75 | eax=00001607 ebx=C0FD0018 ecx=00000000 esi=00000097 edi=000014FE esp=0000023A
HEARTBEAT [0028:C0001311] cpl=0 pm=1 | FA 33 C0 3B 05 F0 E9 00 C0 75 38 8A 43 1F F6 D0 | eax=00000000 ebx=C15200E8 ecx=00000004 esi=C0FCE830 edi=C159F068 esp=C13A1E44
HEARTBEAT [FF03:0000463F] cpl=3 pm=1 | 74 05 EA 05 00 70 00 1E 2E 8E 1E 27 3F 3C 06 75 | eax=00001607 ebx=C0FD0018 ecx=00000000 esi=00000097 edi=000014FE esp=0000023A
HEARTBEAT [0028:C00034B3] cpl=0 pm=1 | F6 C2 20 75 06 FF 15 70 E5 00 C0 FF 15 74 E5 00 | eax=00000004 ebx=C15200E8 ecx=003B0204 esi=C0FCE830 edi=C159F068 esp=C13A1E4C
HEARTBEAT [0028:C0003828] cpl=0 pm=1 | 66 8B 46 D0 66 87 45 34 66 89 46 1A B8 00 10 00 | eax=00000083 ebx=C15200E8 ecx=003B0204 esi=C159F068 edi=C159F068 esp=C13A1E38
HEARTBEAT [FF03:000046FD] cpl=3 pm=1 | E9 41 FF 2E FF 36 CA 40 2E FF 36 CC 40 50 55 8B | eax=00001607 ebx=C0FD0018 ecx=00000000 esi=00000097 edi=000014FE esp=0000023A
HEARTBEAT [0028:C025B7FA] cpl=0 pm=1 | 74 22 8B 05 30 EA 00 C0 2D 10 27 00 00 39 05 8C | eax=00000004 ebx=C15200E8 ecx=C0FCEF48 esi=C0FCE830 edi=C159F068 esp=C13A1E40
HEARTBEAT [0028:C0003801] cpl=0 pm=1 | 83 7E 24 00 77 3E 50 55 8B 6E 10 8B 45 24 89 46 | eax=00000004 ebx=C15200E8 ecx=003B0204 esi=C159F068 edi=C159F068 esp=C13A1E40
HEARTBEAT [FF03:00004647] cpl=3 pm=1 | 2E 8E 1E 27 3F 3C 06 75 02 EB 31 3C 07 75 02 EB | eax=00001607 ebx=C0FD0018 ecx=00000000 esi=00000097 edi=000014FE esp=00000238
HEARTBEAT [0028:C0003864] cpl=0 pm=1 | 55 8B 6F 10 66 8B 47 1A 66 89 45 34 8B 47 1C 89 | eax=C10CD85C ebx=C15200E8 ecx=C0FCE0C4 esi=00000002 edi=C159F068 esp=C13A1E40
HEARTBEAT [0028:C0003467] cpl=0 pm=1 | 75 02 FF D7 68 C4 34 00 C0 FF 25 6C E5 00 C0 8B | eax=00000004 ebx=C15200E8 ecx=FCB22FF7 esi=C0FCE830 edi=C0003408 esp=C13A1DB0
HEARTBEAT [0028:C0007E13] cpl=0 pm=1 | 39 59 10 75 04 8B 4B 04 C3 8B 4B 30 C3 83 3D 14 | eax=0000002F ebx=C15200E8 ecx=C0FD6AA8 esi=C15200E8 edi=C13A1DD4 esp=C13A1DA4
HEARTBEAT [0028:C00035DA] cpl=0 pm=1 | C3 8B 3D A8 06 01 C0 80 0F 40 8B 77 48 8B 16 F6 | eax=00000004 ebx=C15200E8 ecx=00000004 esi=C0FCE830 edi=C159F068 esp=C13A1E6C
HEARTBEAT [0028:C0003413] cpl=0 pm=1 | 59 C3 2E 8B C0 E8 23 00 00 00 50 56 A1 A8 06 01 | eax=00000004 ebx=C15200E8 ecx=00000000 esi=C0FCE830 edi=C0003408 esp=C13A1DA8
HEARTBEAT [0028:C000368B] cpl=0 pm=1 | 74 1F F6 03 20 74 08 FF 15 78 E5 00 C0 EB 23 FF | eax=C0FCE500 ebx=C15200E8 ecx=C0FCE0C4 esi=00000002 edi=C00035F9 esp=C13A1DB0
HEARTBEAT [0028:C0003560] cpl=0 pm=1 | 81 3D 44 F4 00 C0 00 1A 00 C0 74 4D BE A0 35 00 | eax=000FFB17 ebx=C15200E8 ecx=00000001 esi=00000018 edi=C159F068 esp=C13A1DA4
HEARTBEAT [0028:C0008885] cpl=0 pm=1 | 59 5A 58 C3 2E 8B C0 50 51 52 A1 1C 07 01 C0 3B | eax=00100000 ebx=C15200E8 ecx=C00106F4 esi=C0FCF5C4 edi=C0003408 esp=C13A1D94
HEARTBEAT [0028:C000A980] cpl=0 pm=1 | FF 15 D0 E8 00 C0 E8 F4 F6 FF FF 33 F6 87 35 78 | eax=FFFFFFFC ebx=C15200E8 ecx=FFFFFFFC esi=C0FCF5C4 edi=C159F068 esp=C13A1E70
HEARTBEAT [0028:C0008AFD] cpl=0 pm=1 | 83 3D B4 06 01 C0 00 75 23 0B C0 74 14 29 42 3C | eax=00100000 ebx=C15200E8 ecx=C00106F4 esi=00000002 edi=C00035F9 esp=C13A1D90
HEARTBEAT [0028:C0FCE602] cpl=0 pm=1 | 8B 1D 1C 07 01 C0 0F 82 4A FC FF FF C3 0F A4 E2 | eax=0000002F ebx=C15200E8 ecx=00000016 esi=C0FCE140 edi=C13A1DD4 esp=C13A1DA8
HEARTBEAT [0028:C0003714] cpl=0 pm=1 | 61 C3 8B C0 60 8B 1D 1C 07 01 C0 0F BA 2B 05 72 | eax=00020246 ebx=C15200E8 ecx=00000000 esi=C13A1FD8 edi=C13A1F90 esp=C13A1D8C
HEARTBEAT [0028:C0003523] cpl=0 pm=1 | 89 48 0C 61 C3 FF 15 60 E4 00 C0 8B C0 60 8B 3D | eax=C0FCE500 ebx=C15200E8 ecx=00871000 esi=0000753E edi=C159F068 esp=C13A1E4C
HEARTBEAT [0028:C0003679] cpl=0 pm=1 | 66 F7 C6 01 00 74 06 81 0B 00 01 00 00 66 F7 C6 | eax=C0FCE500 ebx=C15200E8 ecx=C0FCE0C4 esi=00000002 edi=C00035F9 esp=C13A1DB0
HEARTBEAT [0028:C00034CB] cpl=0 pm=1 | 8B 77 48 9C FA 8B 56 04 8B 02 85 C0 75 08 FF 15 | eax=00000004 ebx=C15200E8 ecx=FCB22FF7 esi=C0FCE140 edi=C159F068 esp=C13A1DAC
HEARTBEAT [0028:C000382C] cpl=0 pm=1 | 66 87 45 34 66 89 46 1A B8 00 10 00 00 87 45 30 | eax=00000087 ebx=C15200E8 ecx=003B0204 esi=C159F068 edi=C159F068 esp=C13A1E38
HEARTBEAT [0028:C0285094] cpl=0 pm=1 | 8B 45 1C 80 FC 48 74 56 66 3D 22 11 74 0C 84 C0 | eax=0000002F ebx=C15200E8 ecx=00000016 esi=C0FCE140 edi=C13A1DD4 esp=C13A1DA4
HEARTBEAT [0028:C000A481] cpl=0 pm=1 | F7 D8 2B C3 99 23 C2 03 C3 F7 D8 89 47 F0 8B 47 | eax=FFFFFFFC ebx=00000004 ecx=FFFFFFFC esi=C0FCE140 edi=C159F068 esp=C13A1E5C
HEARTBEAT [0028:C0285097] cpl=0 pm=1 | 80 FC 48 74 56 66 3D 22 11 74 0C 84 C0 74 37 66 | eax=00001607 ebx=C15200E8 ecx=00000016 esi=C0FCE140 edi=C13A1DD4 esp=C13A1DA4
HEARTBEAT [0028:C0002778] cpl=0 pm=1 | 60 8B 1D 1C 07 01 C0 8B 6B 08 68 95 27 00 C0 F6 | eax=0000002F ebx=C15200E8 ecx=C0FCE7F4 esi=C0FCE140 edi=C13A1DD4 esp=C13A1DCC
HEARTBEAT [0028:C000A97C] cpl=0 pm=1 | F7 D8 8B C8 FF 15 D0 E8 00 C0 E8 F4 F6 FF FF 33 | eax=00000004 ebx=C15200E8 ecx=C15200E8 esi=C0FCE140 edi=C159F068 esp=C13A1E70
HEARTBEAT [0028:C000A010] cpl=0 pm=1 | 79 02 33 C0 83 E8 1F 99 23 C2 83 C0 1F 8B 4F E4 | eax=00000000 ebx=00000004 ecx=00000000 esi=C0FCE43C edi=C159F068 esp=C13A1E58
HEARTBEAT [0028:C000A943] cpl=0 pm=1 | 76 08 83 7F DC 04 76 C0 61 C3 83 3D 18 07 01 C0 | eax=00000004 ebx=C15200E8 ecx=00000000 esi=C0FCE43C edi=C159F068 esp=C13A1E70
HEARTBEAT [0028:C02850AC] cpl=0 pm=1 | F9 C3 CD 20 04 00 01 00 74 F6 8B 15 60 56 32 C0 | eax=00001607 ebx=C15200E8 ecx=00000016 esi=C0FCE43C edi=C13A1DD4 esp=C13A1DA4
HEARTBEAT [0028:C000A0BC] cpl=0 pm=1 | 99 F7 D2 23 C2 03 C1 EB D4 8B C1 EB D0 56 33 F6 | eax=00000000 ebx=C15200E8 ecx=FFFFFFFC esi=C0FCE43C edi=C159F068 esp=C13A1E68
HEARTBEAT [0028:C000A7A1] cpl=0 pm=1 | 8B 6F 10 8B 0D 6C 07 01 C0 8B 09 E3 0B 60 FF 11 | eax=00000004 ebx=C15200E8 ecx=00000000 esi=C0FCE43C edi=C159F068 esp=C13A1E64
HEARTBEAT [0028:C000379D] cpl=0 pm=1 | 33 46 2C A9 00 00 02 00 74 14 F6 46 2E 02 74 08 | eax=00000246 ebx=C15200E8 ecx=00001607 esi=C13A1DD4 edi=C13A1DD4 esp=C13A1DB0
HEARTBEAT [0028:C0FCE262] cpl=0 pm=1 | 8B 1D 1C 07 01 C0 0F 82 A6 FF FF FF C3 A3 E8 47 | eax=0000002F ebx=C15200E8 ecx=00000016 esi=C0FCE43C edi=C13A1DD4 esp=C13A1DA8
HEARTBEAT [0028:C000133B] cpl=0 pm=1 | 8A 44 24 2D 0C 30 A8 02 75 03 22 43 99 88 44 24 | eax=00000000 ebx=C15200E8 ecx=C0FCE7F4 esi=C0FCE43C edi=C159F068 esp=C13A1F70
HEARTBEAT [0028:C00036F2] cpl=0 pm=1 | 8D B5 8C 00 00 00 B9 09 00 00 00 F3 A5 FC 25 FF | eax=00000246 ebx=C15200E8 ecx=00000000 esi=C13A1F90 edi=C13A1FB4 esp=C13A1D8C
HEARTBEAT [0028:C000A022] cpl=0 pm=1 | 99 F7 D2 23 C2 03 C1 8B C8 2B 47 E0 74 3A 01 47 | eax=00000004 ebx=C15200E8 ecx=00000000 esi=C0FCE43C edi=C159F068 esp=C13A1E64
HEARTBEAT [0028:C000368B] cpl=0 pm=1 | 74 1F F6 03 20 74 08 FF 15 78 E5 00 C0 EB 23 FF | eax=C0FCE500 ebx=C15200E8 ecx=C0FCE0C4 esi=00000002 edi=C00035F9 esp=C13A1E4C
HEARTBEAT [0028:C000A006] cpl=0 pm=1 | 99 F7 D2 23 C2 03 C1 03 47 DC 79 02 33 C0 83 E8 | eax=00000000 ebx=C15200E8 ecx=00000000 esi=C0FCE43C edi=C159F068 esp=C13A1E64
HEARTBEAT [0028:C00037A5] cpl=0 pm=1 | 74 14 F6 46 2E 02 74 08 CD 20 89 00 01 00 EB 06 | eax=00000000 ebx=C15200E8 ecx=00001607 esi=C13A1DD4 edi=C13A1DD4 esp=C13A1DB0
HEARTBEAT [0028:C000A09D] cpl=0 pm=1 | 89 4F F0 0B C9 75 03 89 4F F4 FF 05 88 07 01 C0 | eax=00000004 ebx=C15200E8 ecx=00000000 esi=C0FCE43C edi=C159F068 esp=C13A1E68
HEARTBEAT [0028:C0003715] cpl=0 pm=1 | C3 8B C0 60 8B 1D 1C 07 01 C0 0F BA 2B 05 72 3F | eax=00000004 ebx=C15200E8 ecx=FCB22FF7 esi=C0FCE43C edi=C0003408 esp=C13A1DAC
HEARTBEAT [0028:C000A9A1] cpl=0 pm=1 | E9 65 FF FF FF 8B 0D 54 07 01 C0 E3 B5 3B D9 74 | eax=00000004 ebx=C15200E8 ecx=00000004 esi=C0FCE8D8 edi=C159F068 esp=C13A1E70
HEARTBEAT [0028:C0008A26] cpl=0 pm=1 | 83 79 0C 00 75 1C 89 51 10 FF 41 0C 81 79 0C 00 | eax=C15200E8 ebx=C15200E8 ecx=C00106F4 esi=C0FCE8D8 edi=C0003408 esp=C13A1D8C
HEARTBEAT [0028:C0009FFE] cpl=0 pm=1 | 23 C2 03 C1 EB 09 2B C1 99 F7 D2 23 C2 03 C1 03 | eax=FFFFFFFC ebx=00000004 ecx=00000000 esi=C0FCE8D8 edi=C159F068 esp=C13A1E58
HEARTBEAT [0028:C000A47C] cpl=0 pm=1 | 7D F7 8B 5F DC F7 D8 2B C3 99 23 C2 03 C3 F7 D8 | eax=FFFFFFFC ebx=00000000 ecx=FFFFFFFC esi=C0FCE8D8 edi=C159F068 esp=C13A1E5C
HEARTBEAT [0028:C0003449] cpl=0 pm=1 | BF 08 34 00 C0 8B 1D 1C 07 01 C0 8B 0D FC E9 00 | eax=00000004 ebx=C15200E8 ecx=C0FCE7F4 esi=C0FCE8D8 edi=C13A1DD4 esp=C13A1DB0
HEARTBEAT [0028:C0003941] cpl=0 pm=1 | 89 07 89 78 04 33 C0 89 46 04 C3 85 F6 74 1F 9C | eax=C0FCE43C ebx=C15200E8 ecx=00000004 esi=C0FCE8D8 edi=C0FCF1E0 esp=C13A1E5C
HEARTBEAT [0028:C0003781] cpl=0 pm=1 | F3 A5 80 66 C1 FE 83 EF 6C 5E 59 C3 2E 8B C0 60 | eax=00000004 ebx=C15200E8 ecx=00000001 esi=C13A1FD8 edi=C13A1E3C esp=C13A1DC8
HEARTBEAT [0028:C00044B0] cpl=0 pm=1 | 0F BA F0 07 72 13 83 F8 0A 74 43 3D 02 00 00 00 | eax=00000007 ebx=C15200E8 ecx=00000016 esi=C0FCE8D8 edi=C13A1DD4 esp=C13A1DA4
HEARTBEAT [0028:C00037CC] cpl=0 pm=1 | F3 A5 81 65 2C FF 8D FC FF 09 55 2C F6 C4 02 74 | eax=00000000 ebx=C15200E8 ecx=00000001 esi=C13A1E3C edi=C13A1FD8 esp=C13A1DB0
HEARTBEAT [FF03:000046FD] cpl=3 pm=1 | E9 41 FF 2E FF 36 CA 40 2E FF 36 CC 40 50 55 8B | eax=00001607 ebx=C0FD0018 ecx=00000000 esi=00000097 edi=000014FE esp=0000023A
HEARTBEAT [FF03:0000463F] cpl=3 pm=1 | 74 05 EA 05 00 70 00 1E 2E 8E 1E 27 3F 3C 06 75 | eax=00001607 ebx=C0FD0018 ecx=00000000 esi=00000097 edi=000014FE esp=0000023A
HEARTBEAT [0028:C00037CC] cpl=0 pm=1 | F3 A5 81 65 2C FF 8D FC FF 09 55 2C F6 C4 02 74 | eax=00000000 ebx=C15200E8 ecx=00000001 esi=C13A1E3C edi=C13A1FD8 esp=C13A1DB0
HEARTBEAT [0028:C0003454] cpl=0 pm=1 | 8B 0D FC E9 00 C0 8B 13 F6 C2 20 74 63 3B 1D 20 | eax=00000004 ebx=C15200E8 ecx=C0FCE7F4 esi=C0FCE8D8 edi=C0003408 esp=C13A1DB0
HEARTBEAT [0028:C0003625] cpl=0 pm=1 | F6 01 08 74 16 8B 55 10 8B 49 0C 66 89 4A 30 C1 | eax=00000004 ebx=C15200E8 ecx=C0FCE500 esi=C10CD85C edi=C00035F9 esp=C13A1E48
HEARTBEAT [0028:C0031857] cpl=0 pm=1 | FF 15 50 E5 00 C0 66 C7 45 1C 07 16 66 C7 45 10 | eax=00000004 ebx=C15200E8 ecx=C0FCE7F4 esi=C0FCE8D8 edi=C13A1DD4 esp=C13A1DD4
HEARTBEAT [FFFF:0000214D] cpl=3 pm=1 | 3C 11 74 E7 1E 3C 13 75 03 E9 91 00 3C 14 75 03 | eax=00001607 ebx=C0FD0018 ecx=00000000 esi=00000097 edi=000014FE esp=0000023A
HEARTBEAT [0028:C0001A23] cpl=0 pm=1 | FF 24 CD 00 C0 39 C1 C1 E1 10 0B D1 8B 3D 90 AB | eax=000FFB17 ebx=C15200E8 ecx=00000001 esi=00000018 edi=C159F068 esp=C13A1DA4
HEARTBEAT [0028:C000387C] cpl=0 pm=1 | 66 8B 47 28 66 89 45 28 5D 58 5F C3 51 8D 4B 38 | eax=0000753E ebx=C15200E8 ecx=C0FCE0C4 esi=00000002 edi=C159F068 esp=C13A1E3C
HEARTBEAT [0028:C00036E4] cpl=0 pm=1 | FD 8D 75 68 8D 7E 24 B9 12 00 00 00 F3 A5 8D B5 | eax=00000246 ebx=C15200E8 ecx=FCB22FF7 esi=C0FCE140 edi=C159F068 esp=C13A1D8C
HEARTBEAT [0028:C0003739] cpl=0 pm=1 | FD 8D 75 68 8D 7E 24 B9 12 00 00 00 F3 A5 8D B5 | eax=00023246 ebx=C15200E8 ecx=C0FCE0C4 esi=00000002 edi=C159F068 esp=C13A1D8C
HEARTBEAT [0028:C000A006] cpl=0 pm=1 | 99 F7 D2 23 C2 03 C1 03 47 DC 79 02 33 C0 83 E8 | eax=00000000 ebx=C15200E8 ecx=00000000 esi=C0FCE140 edi=C159F068 esp=C13A1E64
HEARTBEAT [0028:C000A940] cpl=0 pm=1 | 83 F8 04 76 08 83 7F DC 04 76 C0 61 C3 83 3D 18 | eax=00000004 ebx=C15200E8 ecx=00000000 esi=C0FCE140 edi=C159F068 esp=C13A1E70
HEARTBEAT [0028:C0003964] cpl=0 pm=1 | 89 06 89 35 34 EA 00 C0 5F 58 9D C3 FF 15 E4 D8 | eax=C0FCE2B8 ebx=C15200E8 ecx=00000004 esi=C0FCE140 edi=C0FCF200 esp=C13A1E60
HEARTBEAT [0028:C00034D3] cpl=0 pm=1 | 8B 02 85 C0 75 08 FF 15 BC E5 00 C0 EB 05 8B 68 | eax=00000004 ebx=C15200E8 ecx=FCB22FF7 esi=C10CD85C edi=C159F068 esp=C13A1DA8
HEARTBEAT [0028:C0003454] cpl=0 pm=1 | 8B 0D FC E9 00 C0 8B 13 F6 C2 20 74 63 3B 1D 20 | eax=00000004 ebx=C15200E8 ecx=C0FCE7F4 esi=C0FCE140 edi=C0003408 esp=C13A1DB0
HEARTBEAT [0028:C002C4FA] cpl=0 pm=1 | 8B 15 A0 D3 02 C0 80 24 1A DF 8B D3 E9 31 F3 FF | eax=C002CC5C ebx=C15200E8 ecx=3FFDFFFE esi=000FFA62 edi=C159F11C esp=C13A1CFC
HEARTBEAT [0028:C0003908] cpl=0 pm=1 | 7F F5 8B F8 F7 DF 87 79 08 03 C7 89 46 08 8B D6 | eax=00000293 ebx=C15200E8 ecx=C0FCE2B8 esi=C0FCE140 edi=C000EA20 esp=C13A1E58
HEARTBEAT [FFFF:0000217D] cpl=3 pm=1 | 74 1B 3C 07 74 23 3C 90 74 02 EB 56 2E 89 1E D0 | eax=00001607 ebx=C0FD0018 ecx=00000000 esi=00000097 edi=000014FE esp=00000238
HEARTBEAT [0028:C0001305] cpl=0 pm=1 | 8B 1D 1C 07 01 C0 8B 3D A8 06 01 C0 FA 33 C0 3B | eax=00000000 ebx=C15200E8 ecx=00000004 esi=C0FCE140 edi=C159F068 esp=C13A1E44
HEARTBEAT [0028:C000A0C3] cpl=0 pm=1 | EB D4 8B C1 EB D0 56 33 F6 87 35 80 07 01 C0 0B | eax=FFFFFFFC ebx=C15200E8 ecx=FFFFFFFC esi=C0FCE140 edi=C159F068 esp=C13A1E68
HEARTBEAT [0028:C00012CB] cpl=0 pm=1 | 0F 84 9F 00 00 00 8E DF 8E C7 8B 3D A8 06 01 C0 | eax=00001607 ebx=C0FD0018 ecx=00000000 esi=00000018 edi=00000030 esp=C13A1F70
HEARTBEAT [0028:C000888D] cpl=0 pm=1 | 51 52 A1 1C 07 01 C0 3B 05 20 07 01 C0 75 0D 68 | eax=C0FCE500 ebx=C15200E8 ecx=C0FCE0C4 esi=00000002 edi=C00035F9 esp=C13A1DA0
HEARTBEAT [0028:C0002570] cpl=0 pm=1 | C1 C8 10 89 06 8B 45 2C 66 89 46 04 80 E4 FC 88 | eax=2FF7FCB2 ebx=C15200E8 ecx=0000023A esi=0000E4FA edi=C13A1DD4 esp=C13A1DA8
HEARTBEAT [FFFF:0000217D] cpl=3 pm=1 | 74 1B 3C 07 74 23 3C 90 74 02 EB 56 2E 89 1E D0 | eax=00001607 ebx=C0FD0018 ecx=00000000 esi=00000097 edi=000014FE esp=00000238
HEARTBEAT [0028:C0003765] cpl=0 pm=1 | C3 8B BB C4 FF FF FF C3 2E 8B C0 51 56 B9 1B 00 | eax=C0FCE500 ebx=C15200E8 ecx=C0FCE0C4 esi=00000002 edi=C00035F9 esp=C13A1DAC
HEARTBEAT [0028:C000A02E] cpl=0 pm=1 | 74 3A 01 47 E0 E8 70 F3 FF FF 8B 47 E0 8B 57 EC | eax=FFFFFFFC ebx=00000004 ecx=00000000 esi=C0FCE830 edi=C159F068 esp=C13A1E58
HEARTBEAT [0028:C000A069] cpl=0 pm=1 | 9D 8B C1 C3 FF 05 88 07 01 C0 E8 79 FF FF FF FF | eax=00000000 ebx=00000004 ecx=00000000 esi=C0FCE830 edi=C159F068 esp=C13A1E54
HEARTBEAT [0028:C0003556] cpl=0 pm=1 | 89 62 08 E9 A2 DD FF FF 8B C0 81 3D 44 F4 00 C0 | eax=00000000 ebx=C15200E8 ecx=00000004 esi=C0FCE830 edi=C159F068 esp=C13A1E44
HEARTBEAT [0028:C0001250] cpl=0 pm=1 | 83 EC 04 60 BE 18 00 00 00 E9 62 00 00 00 8B C0 | eax=00001607 ebx=C0FD0018 ecx=00000000 esi=00000097 edi=000014FE esp=C13A1F94
HEARTBEAT [0028:C0003672] cpl=0 pm=1 | 9D 81 23 FF FE FF FF 66 F7 C6 01 00 74 06 81 0B | eax=C0FCE500 ebx=C15200E8 ecx=C0FCE0C4 esi=00000002 edi=C00035F9 esp=C13A1E48
HEARTBEAT [0028:C0008B0D] cpl=0 pm=1 | FA F6 01 01 74 05 E8 60 00 00 00 E8 CF 0F 00 00 | eax=00100000 ebx=C15200E8 ecx=C00106F4 esi=00000002 edi=C00035F9 esp=C13A1D90
HEARTBEAT [0028:C0001331] cpl=0 pm=1 | 75 79 3D 0B FD 21 00 87 67 4C 8A 44 24 2D 0C 30 | eax=00000000 ebx=C15200E8 ecx=00000004 esi=C0FCE830 edi=C159F068 esp=C13A1E44
HEARTBEAT [0028:C00037A5] cpl=0 pm=1 | 74 14 F6 46 2E 02 74 08 CD 20 89 00 01 00 EB 06 | eax=00000000 ebx=C15200E8 ecx=00001607 esi=C13A1DD4 edi=C13A1DD4 esp=C13A1DB0
HEARTBEAT [0028:C000A7AF] cpl=0 pm=1 | FF 11 61 73 05 8B 49 FC EB F3 5F 5B C3 8B DA CD | eax=00000004 ebx=C15200E8 ecx=C0FCEF48 esi=C0FCE830 edi=C159F068 esp=C13A1E44
HEARTBEAT [0028:C00034EE] cpl=0 pm=1 | 5A 80 67 73 BF C1 EA 05 83 E2 01 0F BA 33 08 D1 | eax=C0FCE500 ebx=C15200E8 ecx=003B0204 esi=C10CD85C edi=C159F068 esp=C13A1E48
HEARTBEAT [0028:C0FCE219] cpl=0 pm=1 | B8 2F 00 00 00 8B 1D 1C 07 01 C0 0F 82 A2 FE FF | eax=0000002F ebx=C15200E8 ecx=00000016 esi=C0FCF1E0 edi=C13A1DD4 esp=C13A1DA8
HEARTBEAT [0028:C000A934] cpl=0 pm=1 | E8 B3 F1 FF FF FB 8B 47 3C 2B 47 F8 83 F8 04 76 | eax=00000000 ebx=C15200E8 ecx=00000000 esi=C0FCF1E0 edi=C159F068 esp=C13A1E70
HEARTBEAT [0028:C0003715] cpl=0 pm=1 | C3 8B C0 60 8B 1D 1C 07 01 C0 0F BA 2B 05 72 3F | eax=00000004 ebx=C15200E8 ecx=FCB22FF7 esi=C0FCF1E0 edi=C0003408 esp=C13A1DAC
HEARTBEAT [0028:C0003801] cpl=0 pm=1 | 83 7E 24 00 77 3E 50 55 8B 6E 10 8B 45 24 89 46 | eax=00000004 ebx=C15200E8 ecx=003B0204 esi=C159F068 edi=C159F068 esp=C13A1E40
HEARTBEAT [0028:C00037CC] cpl=0 pm=1 | F3 A5 81 65 2C FF 8D FC FF 09 55 2C F6 C4 02 74 | eax=00000000 ebx=C15200E8 ecx=00000001 esi=C13A1E3C edi=C13A1FD8 esp=C13A1DB0
HEARTBEAT [0028:C000364E] cpl=0 pm=1 | 83 3E 00 75 0A 83 7D 24 00 75 04 80 4D 73 40 8B | eax=C0FCE500 ebx=C15200E8 ecx=C0FCE0C4 esi=C10CD85C edi=C00035F9 esp=C13A1DAC
HEARTBEAT [0028:C0003523] cpl=0 pm=1 | 89 48 0C 61 C3 FF 15 60 E4 00 C0 8B C0 60 8B 3D | eax=C0FCE500 ebx=C15200E8 ecx=0E2C0240 esi=00002F97 edi=C159F068 esp=C13A1DB0
HEARTBEAT [0028:C000A93A] cpl=0 pm=1 | 8B 47 3C 2B 47 F8 83 F8 04 76 08 83 7F DC 04 76 | eax=00000000 ebx=C15200E8 ecx=00000000 esi=C0FCF1E0 edi=C159F068 esp=C13A1E70
HEARTBEAT [0028:C000A017] cpl=0 pm=1 | 99 23 C2 83 C0 1F 8B 4F E4 2B C1 99 F7 D2 23 C2 | eax=FFFFFFE1 ebx=00000004 ecx=00000000 esi=C0FCF1E0 edi=C159F068 esp=C13A1E58
HEARTBEAT [0028:C0FCE684] cpl=0 pm=1 | E8 32 7D 06 FF B8 2F 00 00 00 8B 1D 1C 07 01 C0 | eax=0000002F ebx=C15200E8 ecx=00000016 esi=C0FCF1E0 edi=C13A1DD4 esp=C13A1DA8
HEARTBEAT [0028:C0001311] cpl=0 pm=1 | FA 33 C0 3B 05 F0 E9 00 C0 75 38 8A 43 1F F6 D0 | eax=00000000 ebx=C15200E8 ecx=00000004 esi=C0FCF1E0 edi=C159F068 esp=C13A1E44
HEARTBEAT [0028:C00035C5] cpl=0 pm=1 | 8B 62 08 33 C0 89 42 08 9C 8A 42 01 88 47 CE 9D | eax=000FFB17 ebx=C15200E8 ecx=00000001 esi=00000018 edi=C159F068 esp=C13A1DA4
HEARTBEAT [0028:C00037CC] cpl=0 pm=1 | F3 A5 81 65 2C FF 8D FC FF 09 55 2C F6 C4 02 74 | eax=00000000 ebx=C15200E8 ecx=00000001 esi=C13A1E3C edi=C13A1FD8 esp=C13A1DB0
HEARTBEAT [0028:C00044AB] cpl=0 pm=1 | C3 0F B6 45 1C 0F BA F0 07 72 13 83 F8 0A 74 43 | eax=00000007 ebx=C15200E8 ecx=00000016 esi=C0FCF1E0 edi=C13A1DD4 esp=C13A1DA4
HEARTBEAT [0028:C003188E] cpl=0 pm=1 | 66 83 F9 01 F5 C3 50 69 23 C0 57 69 23 C0 EC 17 | eax=0000002F ebx=C15200E8 ecx=00001607 esi=C13A1DD4 edi=C13A1DD4 esp=C13A1E40
HEARTBEAT [0B92:000003CC] cpl=3 pm=1 | 3D 20 4B 74 0A 3D 21 4B 74 0D 2E FF 2E C8 03 33 | eax=00001607 ebx=C0FD0018 ecx=00000000 esi=00000097 edi=000014FE esp=0000023A
HEARTBEAT [0028:C000134C] cpl=0 pm=1 | 61 83 C4 04 CF 2E 8B C0 E8 26 1E 00 00 74 C1 68 | eax=00000030 ebx=C15200E8 ecx=C0FCE7F4 esi=C0FCEF68 edi=C159F068 esp=C13A1F70
HEARTBEAT [0028:C000253C] cpl=0 pm=1 | 8B F3 8B 1D 1C 07 01 C0 E8 B3 58 00 00 8B 04 81 | eax=0000002F ebx=C15200E8 ecx=00000016 esi=C0FCEF68 edi=C13A1DD4 esp=C13A1DA8
HEARTBEAT [0028:C0003765] cpl=0 pm=1 | C3 8B BB C4 FF FF FF C3 2E 8B C0 51 56 B9 1B 00 | eax=C0FCE500 ebx=C15200E8 ecx=C0FCE0C4 esi=00000002 edi=C00035F9 esp=C13A1DAC
HEARTBEAT [0028:C000A968] cpl=0 pm=1 | BE CC A2 00 C0 FF 15 38 E4 00 C0 89 35 78 07 01 | eax=000007D0 ebx=C15200E8 ecx=C15200E8 esi=C0FCEF68 edi=C159F068 esp=C13A1E70
HEARTBEAT [00C9:0000109B] cpl=3 pm=1 | FC F3 A7 74 07 5F 5E 59 07 1F 9D C3 53 50 8C D0 | eax=00001607 ebx=C0FD0018 ecx=00000004 esi=00000080 edi=00000090 esp=0000022C
HEARTBEAT [0028:C00037CC] cpl=0 pm=1 | F3 A5 81 65 2C FF 8D FC FF 09 55 2C F6 C4 02 74 | eax=00000000 ebx=C15200E8 ecx=00000001 esi=C13A1E3C edi=C13A1FD8 esp=C13A1DB0
HEARTBEAT [0028:C000396C] cpl=0 pm=1 | 5F 58 9D C3 FF 15 E4 D8 02 C0 8B 05 30 EA 00 C0 | eax=C0FCF5C4 ebx=C15200E8 ecx=00000004 esi=C0FCEF68 edi=C0FCE830 esp=C13A1E60
HEARTBEAT [0028:C0003537] cpl=0 pm=1 | 0F A0 8B 57 48 0F A8 8B 12 80 22 FB 8A 47 CD 8A | eax=0000002F ebx=C15200E8 ecx=C0FCE7F4 esi=C0FCEF68 edi=C159F068 esp=C13A1DB0
HEARTBEAT [0028:C000375A] cpl=0 pm=1 | 89 45 2C 83 2D C0 AE 00 C0 10 61 C3 8B BB C4 FF | eax=00000246 ebx=C15200E8 ecx=00000000 esi=C13A1FD8 edi=C13A1F90 esp=C13A1D8C
HEARTBEAT [0028:C0003739] cpl=0 pm=1 | FD 8D 75 68 8D 7E 24 B9 12 00 00 00 F3 A5 8D B5 | eax=00023246 ebx=C15200E8 ecx=C0FCE0C4 esi=00000002 edi=C159F068 esp=C13A1D8C
HEARTBEAT [0028:C0001B04] cpl=0 pm=1 | 83 EC 04 FC 60 8B EC 8C 5D 3C 8C 45 38 8C 65 40 | eax=000A0000 ebx=C0FD0018 ecx=00000037 esi=00000000 edi=000014FE esp=C13A1F94
HEARTBEAT [0028:C0009FF4] cpl=0 pm=1 | 8B 4F F8 0B C0 79 09 2B C1 99 23 C2 03 C1 EB 09 | eax=FFFFFFFC ebx=00000004 ecx=FFFFFFFC esi=C0FCEF68 edi=C159F068 esp=C13A1E58
HEARTBEAT [060E:00000698] cpl=3 pm=1 | 74 06 5B EA A0 00 75 05 03 DB 2E FF A7 7A 06 90 | eax=00001607 ebx=C0FD0006 ecx=00000000 esi=00000097 edi=000014FE esp=00000238
HEARTBEAT [0028:C00012C0] cpl=0 pm=1 | FC 8B EC 66 BF 30 00 F6 45 2E 02 0F 84 9F 00 00 | eax=00001607 ebx=C0FD0018 ecx=00000000 esi=00000018 edi=000014FE esp=C13A1F70
HEARTBEAT [0028:C0003556] cpl=0 pm=1 | 89 62 08 E9 A2 DD FF FF 8B C0 81 3D 44 F4 00 C0 | eax=00000000 ebx=C15200E8 ecx=C0FCE7F4 esi=C0FCE830 edi=C159F068 esp=C13A1DA8
HEARTBEAT [0028:C0003448] cpl=0 pm=1 | 60 BF 08 34 00 C0 8B 1D 1C 07 01 C0 8B 0D FC E9 | eax=00000004 ebx=C15200E8 ecx=C0FCE7F4 esi=C0FCE830 edi=C13A1DD4 esp=C13A1DD0
HEARTBEAT [0028:C000131F] cpl=0 pm=1 | F6 D0 D0 E0 22 47 73 24 40 C0 E8 03 08 47 03 F6 | eax=00000000 ebx=C15200E8 ecx=00000004 esi=C0FCE830 edi=C159F068 esp=C13A1E44
HEARTBEAT [0028:C00035D7] cpl=0 pm=1 | 0F A1 61 C3 8B 3D A8 06 01 C0 80 0F 40 8B 77 48 | eax=00000000 ebx=C15200E8 ecx=00000001 esi=00000018 edi=C159F068 esp=C13A1DAC
HEARTBEAT [0028:C00037DB] cpl=0 pm=1 | 74 14 F6 45 2D 02 75 08 CD 20 1A 00 01 00 EB 06 | eax=00000000 ebx=C15200E8 ecx=00000000 esi=C13A1E40 edi=C13A1FDC esp=C13A1DB0
HEARTBEAT [0028:C003184F] cpl=0 pm=1 | 8B FC FF 15 7C E5 00 C0 FF 15 50 E5 00 C0 66 C7 | eax=00000004 ebx=C15200E8 ecx=C0FCE7F4 esi=C0FCE830 edi=C159F068 esp=C13A1DD4
HEARTBEAT [0028:C000131A] cpl=0 pm=1 | 75 38 8A 43 1F F6 D0 D0 E0 22 47 73 24 40 C0 E8 | eax=00000000 ebx=C15200E8 ecx=00000004 esi=C0FCE830 edi=C159F068 esp=C13A1E44
HEARTBEAT [0028:C0008A18] cpl=0 pm=1 | 66 81 79 02 4D 58 75 27 8B 15 A8 06 01 C0 83 79 | eax=C15200E8 ebx=C15200E8 ecx=C00106F4 esi=C0FCE830 edi=C0003408 esp=C13A1D8C
HEARTBEAT [0028:C0001B3D] cpl=0 pm=1 | 87 67 4C FB 68 00 13 00 C0 80 FC 02 0F 82 17 0B | eax=00000204 ebx=C15200E8 ecx=00000004 esi=C0FCE830 edi=C159F068 esp=C13A1F70
HEARTBEAT [0028:C0003448] cpl=0 pm=1 | 60 BF 08 34 00 C0 8B 1D 1C 07 01 C0 8B 0D FC E9 | eax=00000004 ebx=C15200E8 ecx=C0FCE7F4 esi=C0FCE830 edi=C13A1DD4 esp=C13A1DD0
HEARTBEAT [0028:C0003531] cpl=0 pm=1 | 8B 3D A8 06 01 C0 0F A0 8B 57 48 0F A8 8B 12 80 | eax=0000002F ebx=C15200E8 ecx=C0FCE7F4 esi=C0FCE830 edi=C13A1DD4 esp=C13A1DB0
HEARTBEAT [0028:C0003781] cpl=0 pm=1 | F3 A5 80 66 C1 FE 83 EF 6C 5E 59 C3 2E 8B C0 60 | eax=00000004 ebx=C15200E8 ecx=00000001 esi=C13A1FD8 edi=C13A1E3C esp=C13A1DC8
HEARTBEAT [0028:C0003539] cpl=0 pm=1 | 8B 57 48 0F A8 8B 12 80 22 FB 8A 47 CD 8A 67 CE | eax=00000004 ebx=C15200E8 ecx=00000004 esi=C0FCE830 edi=C159F068 esp=C13A1E48
HEARTBEAT [0028:C000253C] cpl=0 pm=1 | 8B F3 8B 1D 1C 07 01 C0 E8 B3 58 00 00 8B 04 81 | eax=0000002F ebx=C15200E8 ecx=00000016 esi=C0FCE830 edi=C13A1DD4 esp=C13A1DA8
HEARTBEAT [0028:C00012D1] cpl=0 pm=1 | 8E DF 8E C7 8B 3D A8 06 01 C0 87 67 4C 3D 1D FD | eax=00001607 ebx=C0FD0018 ecx=00000000 esi=00000018 edi=00000030 esp=C13A1F70
HEARTBEAT [0028:C0008B04] cpl=0 pm=1 | 75 23 0B C0 74 14 29 42 3C FA F6 01 01 74 05 E8 | eax=00100000 ebx=C15200E8 ecx=C00106F4 esi=00000002 edi=C00035F9 esp=C13A1D90
HEARTBEAT [0028:C0001311] cpl=0 pm=1 | FA 33 C0 3B 05 F0 E9 00 C0 75 38 8A 43 1F F6 D0 | eax=00000000 ebx=C15200E8 ecx=00000004 esi=C0FCE2B8 edi=C159F068 esp=C13A1E44
HEARTBEAT [0028:C0008AF8] cpl=0 pm=1 | 39 49 04 75 47 83 3D B4 06 01 C0 00 75 23 0B C0 | eax=00100000 ebx=C15200E8 ecx=C00106F4 esi=00000002 edi=C00035F9 esp=C13A1D90
HEARTBEAT [0028:C00012D1] cpl=0 pm=1 | 8E DF 8E C7 8B 3D A8 06 01 C0 87 67 4C 3D 1D FD | eax=00001607 ebx=C0FD0018 ecx=00000000 esi=00000018 edi=00000030 esp=C13A1F70
HEARTBEAT [0028:C00034D3] cpl=0 pm=1 | 8B 02 85 C0 75 08 FF 15 BC E5 00 C0 EB 05 8B 68 | eax=00000004 ebx=C15200E8 ecx=003B0204 esi=C10CD85C edi=C159F068 esp=C13A1E44
HEARTBEAT [0028:C0003523] cpl=0 pm=1 | 89 48 0C 61 C3 FF 15 60 E4 00 C0 8B C0 60 8B 3D | eax=C0FCE500 ebx=C15200E8 ecx=00871000 esi=0000753E edi=C159F068 esp=C13A1E4C
HEARTBEAT [0028:C0031D98] cpl=0 pm=1 | 66 3D 8E 16 0F 84 FE BE 21 00 66 3D 8F 16 0F 84 | eax=00001607 ebx=C15200E8 ecx=00000016 esi=C0FCF5C4 edi=C13A1DD4 esp=C13A1DA4
HEARTBEAT [0028:C0008875] cpl=0 pm=1 | 75 0F 51 68 F4 06 01 C0 E8 92 01 00 00 83 C4 04 | eax=C15200E8 ebx=C15200E8 ecx=00000000 esi=C0FCF5C4 edi=C0003408 esp=C13A1D98
HEARTBEAT [0028:C0031DA2] cpl=0 pm=1 | 66 3D 8F 16 0F 84 09 C0 21 00 F9 C3 B8 00 04 00 | eax=00001607 ebx=C15200E8 ecx=00000016 esi=C0FCF5C4 edi=C13A1DD4 esp=C13A1DA4
HEARTBEAT [FFFF:00002175] cpl=3 pm=1 | 74 6A 3C 05 74 37 3C 06 74 1B 3C 07 74 23 3C 90 | eax=00001607 ebx=C0FD0018 ecx=00000000 esi=00000097 edi=000014FE esp=00000238
HEARTBEAT [0028:C0003781] cpl=0 pm=1 | F3 A5 80 66 C1 FE 83 EF 6C 5E 59 C3 2E 8B C0 60 | eax=00000004 ebx=C15200E8 ecx=00000001 esi=C13A1FD8 edi=C13A1E3C esp=C13A1DC8
HEARTBEAT [0028:C0002570] cpl=0 pm=1 | C1 C8 10 89 06 8B 45 2C 66 89 46 04 80 E4 FC 88 | eax=2FF7FCB2 ebx=C15200E8 ecx=0000023A esi=0000E4FA edi=C13A1DD4 esp=C13A1DA8
HEARTBEAT [0028:C000353C] cpl=0 pm=1 | 0F A8 8B 12 80 22 FB 8A 47 CD 8A 67 CE 88 62 01 | eax=0000002F ebx=C15200E8 ecx=C0FCE7F4 esi=C0FCF5C4 edi=C159F068 esp=C13A1DAC
HEARTBEAT [0325:000000A3] cpl=3 pm=1 | FA 2E FF 2E 22 00 16 C0 AE 02 DF 02 F7 02 17 03 | eax=00001607 ebx=C0FD0018 ecx=00000000 esi=00000097 edi=000014FE esp=0000023A
HEARTBEAT [0028:C0003941] cpl=0 pm=1 | 89 07 89 78 04 33 C0 89 46 04 C3 85 F6 74 1F 9C | eax=C0FCE2B8 ebx=C15200E8 ecx=00000004 esi=C0FCF5C4 edi=C0FCE8D8 esp=C13A1E5C
HEARTBEAT [0028:C0003628] cpl=0 pm=1 | 74 16 8B 55 10 8B 49 0C 66 89 4A 30 C1 E1 10 66 | eax=0000002F ebx=C15200E8 ecx=C0FCE500 esi=C10CD85C edi=C00035F9 esp=C13A1DAC
HEARTBEAT [0028:C000A089] cpl=0 pm=1 | E3 2D 8B 47 F4 0B C9 78 28 2B C1 99 23 C2 03 C1 | eax=FFFFFFFC ebx=C15200E8 ecx=FFFFFFFC esi=C0FCE43C edi=C159F068 esp=C13A1E68
HEARTBEAT [0325:0000006C] cpl=3 pm=1 | FB 80 FC 43 75 31 0A C0 75 03 B0 80 CF 3C 10 75 | eax=00001607 ebx=C0FD0018 ecx=00000000 esi=00000097 edi=000014FE esp=0000023A
HEARTBEAT [0028:C0003560] cpl=0 pm=1 | 81 3D 44 F4 00 C0 00 1A 00 C0 74 4D BE A0 35 00 | eax=000FFB17 ebx=C15200E8 ecx=00000001 esi=00000018 edi=C159F068 esp=C13A1DA4
HEARTBEAT [0028:C00037DB] cpl=0 pm=1 | 74 14 F6 45 2D 02 75 08 CD 20 1A 00 01 00 EB 06 | eax=00000000 ebx=C15200E8 ecx=00000000 esi=C13A1E40 edi=C13A1FDC esp=C13A1DB0
HEARTBEAT [0028:C000A002] cpl=0 pm=1 | EB 09 2B C1 99 F7 D2 23 C2 03 C1 03 47 DC 79 02 | eax=FFFFFFFC ebx=00000004 ecx=00000000 esi=C0FCE43C edi=C159F068 esp=C13A1E58
HEARTBEAT [0028:C000A059] cpl=0 pm=1 | 83 3D 88 07 01 C0 00 75 08 9C FA E8 83 FA FF FF | eax=00000004 ebx=C15200E8 ecx=00000004 esi=C0FCE43C edi=C159F068 esp=C13A1E64
HEARTBEAT [0028:C0002779] cpl=0 pm=1 | 8B 1D 1C 07 01 C0 8B 6B 08 68 95 27 00 C0 F6 03 | eax=0000002F ebx=C15200E8 ecx=C0FCE7F4 esi=C0FCE43C edi=C13A1DD4 esp=C13A1DAC
HEARTBEAT [0028:C0008A32] cpl=0 pm=1 | 81 79 0C 00 01 00 00 F6 01 01 74 03 FE 42 CD 8B | eax=C15200E8 ebx=C15200E8 ecx=C00106F4 esi=C0FCE43C edi=C0003408 esp=C13A1D8C
HEARTBEAT [0028:C0003930] cpl=0 pm=1 | 8B 06 83 78 08 00 7C 06 8B 7E 08 01 78 08 8B 7E | eax=00000004 ebx=C15200E8 ecx=00000004 esi=C0FCE43C edi=C159F068 esp=C13A1E5C
HEARTBEAT [0028:C00037A5] cpl=0 pm=1 | 74 14 F6 46 2E 02 74 08 CD 20 89 00 01 00 EB 06 | eax=00000000 ebx=C15200E8 ecx=00001607 esi=C13A1DD4 edi=C13A1DD4 esp=C13A1DB0
HEARTBEAT [0028:C0008A26] cpl=0 pm=1 | 83 79 0C 00 75 1C 89 51 10 FF 41 0C 81 79 0C 00 | eax=C15200E8 ebx=C15200E8 ecx=C00106F4 esi=C0FCE43C edi=C0003408 esp=C13A1D8C
HEARTBEAT [0028:C000375D] cpl=0 pm=1 | 83 2D C0 AE 00 C0 10 61 C3 8B BB C4 FF FF FF C3 | eax=00000283 ebx=C15200E8 ecx=00000000 esi=C13A1FD8 edi=C13A1F90 esp=C13A1CE4
HEARTBEAT [0028:C0008A39] cpl=0 pm=1 | F6 01 01 74 03 FE 42 CD 8B 41 14 01 42 3C C3 3B | eax=C15200E8 ebx=C15200E8 ecx=C00106F4 esi=C0FCE43C edi=C0003408 esp=C13A1D8C
HEARTBEAT [FFFF:0000217D] cpl=3 pm=1 | 74 1B 3C 07 74 23 3C 90 74 02 EB 56 2E 89 1E D0 | eax=00001607 ebx=C0FD0018 ecx=00000000 esi=00000097 edi=000014FE esp=00000238
HEARTBEAT [0028:C002AA1E] cpl=0 pm=1 | A1 B0 AA 02 C0 FF 60 14 80 7D 1D 15 74 02 F9 C3 | eax=0000002F ebx=C15200E8 ecx=00000016 esi=C0FCE8D8 edi=C13A1DD4 esp=C13A1DA4
HEARTBEAT [0028:C0009AEC] cpl=0 pm=1 | 81 3D 9C 0C 01 C0 98 0C 01 C0 74 37 60 BE 98 0C | eax=00100000 ebx=C15200E8 ecx=C00106F4 esi=00000002 edi=C00035F9 esp=C13A1D8C
HEARTBEAT [0028:C000A48C] cpl=0 pm=1 | 89 47 F0 8B 47 F4 2B C1 99 23 C2 03 C1 EB D2 50 | eax=FFFFFFFC ebx=00000004 ecx=FFFFFFFC esi=C0FCE8D8 edi=C159F068 esp=C13A1E5C
HEARTBEAT [0028:C000A0B8] cpl=0 pm=1 | 5E C3 2B C1 99 F7 D2 23 C2 03 C1 EB D4 8B C1 EB | eax=00000004 ebx=C15200E8 ecx=00000004 esi=C0FCE8D8 edi=C159F068 esp=C13A1E68
HEARTBEAT [00C9:0000109C] cpl=3 pm=1 | F3 A7 74 07 5F 5E 59 07 1F 9D C3 53 50 8C D0 2E | eax=00001607 ebx=C0FD0018 ecx=00000004 esi=00000080 edi=00000090 esp=0000022C
HEARTBEAT [0028:C0001A1C] cpl=0 pm=1 | 8B 14 CD 04 C0 39 C1 FF 24 CD 00 C0 39 C1 C1 E1 | eax=000FFB17 ebx=C15200E8 ecx=00000001 esi=00000018 edi=C159F068 esp=C13A1DA4
HEARTBEAT [0028:C0002533] cpl=0 pm=1 | FF 24 85 2C DF 00 C0 8B C0 8B F3 8B 1D 1C 07 01 | eax=0000002F ebx=C15200E8 ecx=C0FCE7F4 esi=C0FCE8D8 edi=C13A1DD4 esp=C13A1DA8
HEARTBEAT [0028:C0002544] cpl=0 pm=1 | E8 B3 58 00 00 8B 04 81 8B DE 0F B7 4D 30 0F B7 | eax=0000002F ebx=C15200E8 ecx=00000016 esi=C15200E8 edi=C13A1DD4 esp=C13A1DA8
HEARTBEAT [09E0:00001185] cpl=3 pm=1 | 2E FF 2E 09 12 55 8B EC 83 66 06 FE E8 03 00 5D | eax=00001607 ebx=C0FD0018 ecx=00000000 esi=00000097 edi=000014FE esp=0000023A
HEARTBEAT [0028:C0001305] cpl=0 pm=1 | 8B 1D 1C 07 01 C0 8B 3D A8 06 01 C0 FA 33 C0 3B | eax=00000000 ebx=C15200E8 ecx=C0FCE7F4 esi=C0FCE8D8 edi=C159F068 esp=C13A1DA8
HEARTBEAT [0028:C0003409] cpl=0 pm=1 | 33 C9 9C FF 15 38 E8 00 C0 9D 59 C3 2E 8B C0 E8 | eax=00000004 ebx=C15200E8 ecx=FCB22FF7 esi=C0FCE8D8 edi=C0003408 esp=C13A1DA8
HEARTBEAT [00C9:0000109E] cpl=3 pm=1 | 74 07 5F 5E 59 07 1F 9D C3 53 50 8C D0 2E A3 9A | eax=00001607 ebx=C0FD0018 ecx=00000003 esi=00000082 edi=00000092 esp=0000022C
HEARTBEAT [0028:C00038A1] cpl=0 pm=1 | B9 20 EA 00 C0 8B C0 57 52 50 0B C0 7E 7A 8B FE | eax=000007D0 ebx=C15200E8 ecx=C15200E8 esi=C000A2CC edi=C159F068 esp=C13A1E68
HEARTBEAT [0028:C0003527] cpl=0 pm=1 | C3 FF 15 60 E4 00 C0 8B C0 60 8B 3D A8 06 01 C0 | eax=00000004 ebx=C15200E8 ecx=C0FCE7F4 esi=C0FCE8D8 edi=C13A1DD4 esp=C13A1DD0
HEARTBEAT [0028:C000A01D] cpl=0 pm=1 | 8B 4F E4 2B C1 99 F7 D2 23 C2 03 C1 8B C8 2B 47 | eax=00000000 ebx=00000004 ecx=00000000 esi=C0FCE8D8 edi=C159F068 esp=C13A1E58
HEARTBEAT [0028:C0003870] cpl=0 pm=1 | 8B 47 1C 89 45 30 8B 47 20 89 45 24 66 8B 47 28 | eax=C10C012F ebx=C15200E8 ecx=C0FCE0C4 esi=00000002 edi=C159F068 esp=C13A1E3C
HEARTBEAT [0028:C0FCE778] cpl=0 pm=1 | E8 17 69 2B FF B8 2F 00 00 00 8B 1D 1C 07 01 C0 | eax=0000002F ebx=C15200E8 ecx=00000016 esi=C0FCE830 edi=C13A1DD4 esp=C13A1DA8
HEARTBEAT [0028:C00036A6] cpl=0 pm=1 | 75 15 FF D7 EB 11 F6 03 20 74 0C FF 15 78 E5 00 | eax=C0FCE500 ebx=C15200E8 ecx=C0FCE0C4 esi=00000002 edi=C00035F9 esp=C13A1DB0
HEARTBEAT [0028:C00037F3] cpl=0 pm=1 | 53 56 8B 1D 1C 07 01 C0 8B 35 A8 06 01 C0 83 7E | eax=00000004 ebx=C15200E8 ecx=003B0204 esi=C0FCE830 edi=C159F068 esp=C13A1E48
HEARTBEAT [0028:C0002549] cpl=0 pm=1 | 8B 04 81 8B DE 0F B7 4D 30 0F B7 75 34 66 83 E9 | eax=0000002F ebx=C15200E8 ecx=C1400000 esi=C15200E8 edi=C13A1DD4 esp=C13A1DA8
HEARTBEAT [0028:C0003523] cpl=0 pm=1 | 89 48 0C 61 C3 FF 15 60 E4 00 C0 8B C0 60 8B 3D | eax=C0FCE500 ebx=C15200E8 ecx=00871000 esi=0000753E edi=C159F068 esp=C13A1E4C
HEARTBEAT [0028:C000396E] cpl=0 pm=1 | 9D C3 FF 15 E4 D8 02 C0 8B 05 30 EA 00 C0 C3 B8 | eax=00000004 ebx=C15200E8 ecx=00000004 esi=C0FCE830 edi=C159F068 esp=C13A1E68
HEARTBEAT [0028:C0003876] cpl=0 pm=1 | 8B 47 20 89 45 24 66 8B 47 28 66 89 45 28 5D 58 | eax=000011F6 ebx=C15200E8 ecx=C0FCE0C4 esi=00000002 edi=C159F068 esp=C13A1E3C
HEARTBEAT [0028:C000A423] cpl=0 pm=1 | 53 51 52 8B 5F F0 0B C0 78 4D 3B C3 7E 44 8B 5F | eax=FFFFFFFC ebx=C15200E8 ecx=FFFFFFFC esi=C0FCE830 edi=C159F068 esp=C13A1E68
HEARTBEAT [0028:C0003413] cpl=0 pm=1 | 59 C3 2E 8B C0 E8 23 00 00 00 50 56 A1 A8 06 01 | eax=00000004 ebx=C15200E8 ecx=00000000 esi=C0FCE830 edi=C0003408 esp=C13A1DA8
HEARTBEAT [0028:C000A979] cpl=0 pm=1 | 8B 47 DC F7 D8 8B C8 FF 15 D0 E8 00 C0 E8 F4 F6 | eax=000007D0 ebx=C15200E8 ecx=C15200E8 esi=C0FCE830 edi=C159F068 esp=C13A1E70
HEARTBEAT [0028:C00034EB] cpl=0 pm=1 | 89 06 9D 5A 80 67 73 BF C1 EA 05 83 E2 01 0F BA | eax=C0FCE500 ebx=C15200E8 ecx=003B0204 esi=C10CD85C edi=C159F068 esp=C13A1E44
HEARTBEAT [0028:C002AA23] cpl=0 pm=1 | FF 60 14 80 7D 1D 15 74 02 F9 C3 66 83 3D A8 AA | eax=C002AB60 ebx=C15200E8 ecx=00000016 esi=C0FCE830 edi=C13A1DD4 esp=C13A1DA4
HEARTBEAT [0028:C0008869] cpl=0 pm=1 | 52 A1 1C 07 01 C0 3B 05 20 07 01 C0 75 0F 51 68 | eax=00000004 ebx=C15200E8 ecx=00000000 esi=C0FCE830 edi=C0003408 esp=C13A1D9C
HEARTBEAT [0028:C000396F] cpl=0 pm=1 | C3 FF 15 E4 D8 02 C0 8B 05 30 EA 00 C0 C3 B8 30 | eax=00000004 ebx=C15200E8 ecx=00000004 esi=C0FCE830 edi=C159F068 esp=C13A1E6C
HEARTBEAT [0028:C0003745] cpl=0 pm=1 | F3 A5 8D B5 8C 00 00 00 B9 09 00 00 00 F3 A5 FC | eax=00023246 ebx=C15200E8 ecx=00000012 esi=C13A1FD8 edi=C13A1FFC esp=C13A1D8C
HEARTBEAT [0028:C00034FF] cpl=0 pm=1 | 88 10 8B 6F 10 0F B7 F1 87 75 24 89 70 04 C1 E9 | eax=C0FCE500 ebx=C15200E8 ecx=003B0204 esi=C10CD85C edi=C159F068 esp=C13A1E4C
HEARTBEAT [0028:C0001259] cpl=0 pm=1 | E9 62 00 00 00 8B C0 83 EC 04 60 BE 1C 00 00 00 | eax=00001607 ebx=C0FD0018 ecx=00000000 esi=00000018 edi=000014FE esp=C13A1F70
HEARTBEAT [0028:C000253C] cpl=0 pm=1 | 8B F3 8B 1D 1C 07 01 C0 E8 B3 58 00 00 8B 04 81 | eax=0000002F ebx=C15200E8 ecx=00000016 esi=C0FCF1E0 edi=C13A1DD4 esp=C13A1DA8
HEARTBEAT [0028:C0003745] cpl=0 pm=1 | F3 A5 8D B5 8C 00 00 00 B9 09 00 00 00 F3 A5 FC | eax=00023246 ebx=C15200E8 ecx=00000012 esi=C13A1FD8 edi=C13A1FFC esp=C13A1D8C
HEARTBEAT [0028:C000A009] cpl=0 pm=1 | 23 C2 03 C1 03 47 DC 79 02 33 C0 83 E8 1F 99 23 | eax=00000000 ebx=C15200E8 ecx=00000000 esi=C0FCF1E0 edi=C159F068 esp=C13A1E64
HEARTBEAT [0028:C0001250] cpl=0 pm=1 | 83 EC 04 60 BE 18 00 00 00 E9 62 00 00 00 8B C0 | eax=00001607 ebx=C0FD0018 ecx=00000000 esi=00000097 edi=000014FE esp=C13A1F94
HEARTBEAT [0028:C00035F9] cpl=0 pm=1 | 9C FF 15 10 E9 00 C0 9D C3 8B C0 60 BF 14 34 00 | eax=C0FCE500 ebx=C15200E8 ecx=C0FCE0C4 esi=00000002 edi=C00035F9 esp=C13A1DAC
HEARTBEAT [0028:C0007E0A] cpl=0 pm=1 | C1 E1 03 03 0D F4 00 01 C0 39 59 10 75 04 8B 4B | eax=0000002F ebx=C15200E8 ecx=00000000 esi=C15200E8 edi=C13A1DD4 esp=C13A1DA4
HEARTBEAT [0028:C0003908] cpl=0 pm=1 | 7F F5 8B F8 F7 DF 87 79 08 03 C7 89 46 08 8B D6 | eax=FFFFDA4C ebx=C15200E8 ecx=C0FCE830 esi=C0FCF1E0 edi=C000EA20 esp=C13A1E58
HEARTBEAT [0028:C000A98D] cpl=0 pm=1 | 87 35 78 07 01 C0 0B F6 0F 84 70 FF FF FF FF 15 | eax=00000004 ebx=C15200E8 ecx=00000004 esi=00000000 edi=C159F068 esp=C13A1E70
HEARTBEAT [0028:C000A90B] cpl=0 pm=1 | FB 8B 47 E0 3B 47 3C 74 08 33 C0 40 E8 BC FE FF | eax=00000004 ebx=C15200E8 ecx=00000004 esi=C0FCF1E0 edi=C159F068 esp=C13A1E70
HEARTBEAT [0028:C0003527] cpl=0 pm=1 | C3 FF 15 60 E4 00 C0 8B C0 60 8B 3D A8 06 01 C0 | eax=00000004 ebx=C15200E8 ecx=00000004 esi=C0FCF1E0 edi=C159F068 esp=C13A1E6C
HEARTBEAT [0028:C000291C] cpl=0 pm=1 | 75 20 0F B7 5D 34 C1 E3 04 0F B7 75 30 0F B7 04 | eax=000FFB17 ebx=C15200E8 ecx=00000014 esi=00000018 edi=C159F068 esp=C13A1D84
HEARTBEAT [0028:C0031857] cpl=0 pm=1 | FF 15 50 E5 00 C0 66 C7 45 1C 07 16 66 C7 45 10 | eax=00000004 ebx=C15200E8 ecx=C0FCE7F4 esi=C0FCF1E0 edi=C13A1DD4 esp=C13A1DD4
HEARTBEAT [0028:C0002544] cpl=0 pm=1 | E8 B3 58 00 00 8B 04 81 8B DE 0F B7 4D 30 0F B7 | eax=0000002F ebx=C15200E8 ecx=00000016 esi=C15200E8 edi=C13A1DD4 esp=C13A1DA8
HEARTBEAT [0028:C002AA1E] cpl=0 pm=1 | A1 B0 AA 02 C0 FF 60 14 80 7D 1D 15 74 02 F9 C3 | eax=0000002F ebx=C15200E8 ecx=00000016 esi=C0FCE43C edi=C13A1DD4 esp=C13A1DA4
HEARTBEAT [0028:C000A79B] cpl=0 pm=1 | 8B 3D A8 06 01 C0 8B 6F 10 8B 0D 6C 07 01 C0 8B | eax=00000004 ebx=C15200E8 ecx=00000000 esi=C0FCE43C edi=C159F068 esp=C13A1E64
HEARTBEAT [0028:C0003510] cpl=0 pm=1 | 66 87 4D 28 66 89 48 02 66 8B 4D 34 C1 E1 10 66 | eax=C0FCE500 ebx=C15200E8 ecx=0000FCB2 esi=00002F97 edi=C159F068 esp=C13A1DB0
HEARTBEAT [0028:C0001250] cpl=0 pm=1 | 83 EC 04 60 BE 18 00 00 00 E9 62 00 00 00 8B C0 | eax=00001607 ebx=C0FD0018 ecx=00000000 esi=00000097 edi=000014FE esp=C13A1F94
HEARTBEAT [0028:C000360D] cpl=0 pm=1 | BF F9 35 00 C0 9C FA 8B 1D 1C 07 01 C0 8B 2D A8 | eax=00000004 ebx=C15200E8 ecx=00000004 esi=C0FCE43C edi=C159F068 esp=C13A1E4C
HEARTBEAT [0028:C000A912] cpl=0 pm=1 | 74 08 33 C0 40 E8 BC FE FF FF FF 15 54 E5 00 C0 | eax=00000004 ebx=C15200E8 ecx=00000004 esi=C0FCE43C edi=C159F068 esp=C13A1E70
HEARTBEAT [0028:C00363BE] cpl=0 pm=1 | 80 FC 40 74 02 F9 C3 0A C0 74 4E 3C 03 0F 84 4A | eax=00001607 ebx=C15200E8 ecx=00000016 esi=C0FCE43C edi=C13A1DD4 esp=C13A1DA4
HEARTBEAT [0028:C0009AEC] cpl=0 pm=1 | 81 3D 9C 0C 01 C0 98 0C 01 C0 74 37 60 BE 98 0C | eax=00100000 ebx=C15200E8 ecx=C00106F4 esi=00000002 edi=C00035F9 esp=C13A1D8C
HEARTBEAT [0028:C0002569] cpl=0 pm=1 | C1 C8 10 66 87 45 28 C1 C8 10 89 06 8B 45 2C 66 | eax=0B922FF7 ebx=C15200E8 ecx=0000023A esi=0000E4FA edi=C13A1DD4 esp=C13A1DA8
HEARTBEAT [060E:00000731] cpl=3 pm=1 | 75 1E 2E FF 2E 9C 06 33 07 60 07 2E 80 3E 37 00 | eax=00001607 ebx=C0FD0018 ecx=00000000 esi=00000097 edi=000014FE esp=0000023A
HEARTBEAT [0028:C00035D7] cpl=0 pm=1 | 0F A1 61 C3 8B 3D A8 06 01 C0 80 0F 40 8B 77 48 | eax=00000000 ebx=C15200E8 ecx=00000004 esi=C0FCE43C edi=C159F068 esp=C13A1E48
HEARTBEAT [0028:C000A995] cpl=0 pm=1 | 0F 84 70 FF FF FF FF 15 40 E4 00 C0 E9 65 FF FF | eax=00000004 ebx=C15200E8 ecx=00000004 esi=C0FCE43C edi=C159F068 esp=C13A1E70
HEARTBEAT [0028:C000A7B1] cpl=0 pm=1 | 61 73 05 8B 49 FC EB F3 5F 5B C3 8B DA CD 20 05 | eax=00000004 ebx=C15200E8 ecx=C0FCEF48 esi=C0FCE43C edi=C159F068 esp=C13A1E44
HEARTBEAT [0028:C000A0AD] cpl=0 pm=1 | E8 3F FF FF FF FF 0D 88 07 01 C0 5E C3 2B C1 99 | eax=00000004 ebx=C15200E8 ecx=00000000 esi=C0FCE43C edi=C159F068 esp=C13A1E68
HEARTBEAT [0028:C0002533] cpl=0 pm=1 | FF 24 85 2C DF 00 C0 8B C0 8B F3 8B 1D 1C 07 01 | eax=0000002F ebx=C15200E8 ecx=C0FCE7F4 esi=C0FCE8D8 edi=C13A1DD4 esp=C13A1DA8
HEARTBEAT [0028:C00093B5] cpl=0 pm=1 | C3 85 C0 78 FA 81 7F 64 98 0C 01 C0 75 A5 50 51 | eax=FFFFFFFC ebx=00000004 ecx=00000000 esi=C0FCE8D8 edi=C159F068 esp=C13A1E54
HEARTBEAT [0028:C0001311] cpl=0 pm=1 | FA 33 C0 3B 05 F0 E9 00 C0 75 38 8A 43 1F F6 D0 | eax=00000000 ebx=C15200E8 ecx=C0FCE7F4 esi=C0FCE8D8 edi=C159F068 esp=C13A1DA8
HEARTBEAT [0028:C0003651] cpl=0 pm=1 | 75 0A 83 7D 24 00 75 04 80 4D 73 40 8B 6D 10 8B | eax=C0FCE500 ebx=C15200E8 ecx=C0FCE0C4 esi=C10CD85C edi=C00035F9 esp=C13A1E48
HEARTBEAT [0028:C0008A44] cpl=0 pm=1 | 01 42 3C C3 3B 51 10 75 04 FF 41 0C C3 FA 53 56 | eax=00100000 ebx=C15200E8 ecx=C00106F4 esi=C0FCE8D8 edi=C0003408 esp=C13A1D8C
HEARTBEAT [0028:C00038E3] cpl=0 pm=1 | 89 56 10 83 F8 32 73 06 FF 15 E4 D8 02 C0 9C FA | eax=000007D0 ebx=C15200E8 ecx=C000EA20 esi=C0FCE8D8 edi=C000A2CC esp=C13A1E5C
HEARTBEAT [0028:C00038A9] cpl=0 pm=1 | 52 50 0B C0 7E 7A 8B FE 9C FA 8B 35 34 EA 00 C0 | eax=000007D0 ebx=C15200E8 ecx=C000EA20 esi=C000A2CC edi=C159F068 esp=C13A1E64
HEARTBEAT [0028:C00036C1] cpl=0 pm=1 | 8B 1D 1C 07 01 C0 0F BA 33 05 73 47 8B 3D A8 06 | eax=00000004 ebx=C15200E8 ecx=FCB22FF7 esi=C0FCE8D8 edi=C0003408 esp=C13A1D8C
HEARTBEAT [0028:C0031D92] cpl=0 pm=1 | 0F 84 0C 9D 1F 00 66 3D 8E 16 0F 84 FE BE 21 00 | eax=00001607 ebx=C15200E8 ecx=00000016 esi=C0FCE8D8 edi=C13A1DD4 esp=C13A1DA4
HEARTBEAT [0028:C0002569] cpl=0 pm=1 | C1 C8 10 66 87 45 28 C1 C8 10 89 06 8B 45 2C 66 | eax=0B922FF7 ebx=C15200E8 ecx=0000023A esi=0000E4FA edi=C13A1DD4 esp=C13A1DA8
HEARTBEAT [FF03:00004697] cpl=3 pm=1 | 83 FB 15 75 60 0B C9 75 08 41 BB 4D 0F 1E 07 EB | eax=00001607 ebx=C0FD0018 ecx=00000000 esi=00000097 edi=000014FE esp=00000238
HEARTBEAT [00C9:000010A5] cpl=3 pm=1 | 9D C3 53 50 8C D0 2E A3 9A 0F 2E 89 26 9C 0F 8C | eax=00001607 ebx=C0FD0018 ecx=00000000 esi=00000097 edi=000014FE esp=00000236
HEARTBEAT [0028:C0009AF6] cpl=0 pm=1 | 74 37 60 BE 98 0C 01 C0 8B 7E 04 8B D7 8B 4F 3C | eax=00000000 ebx=C15200E8 ecx=00000000 esi=C0FCE8D8 edi=C159F068 esp=C13A1E6C
HEARTBEAT [0028:C003186F] cpl=0 pm=1 | B8 2F 00 00 00 FF 15 58 E5 00 C0 8B 4D 1C FF 15 | eax=00000004 ebx=C15200E8 ecx=C0FCE7F4 esi=C0FCE8D8 edi=C13A1DD4 esp=C13A1DD4
HEARTBEAT [0028:C0003839] cpl=0 pm=1 | 87 45 30 89 46 1C 80 66 73 BF 5D 58 FF 46 24 5E | eax=00001000 ebx=C15200E8 ecx=003B0204 esi=C159F068 edi=C159F068 esp=C13A1E38
HEARTBEAT [0028:C0003448] cpl=0 pm=1 | 60 BF 08 34 00 C0 8B 1D 1C 07 01 C0 8B 0D FC E9 | eax=00000004 ebx=C15200E8 ecx=C0FCE7F4 esi=C0FCF200 edi=C13A1DD4 esp=C13A1DD0
HEARTBEAT [00C9:0000109E] cpl=3 pm=1 | 74 07 5F 5E 59 07 1F 9D C3 53 50 8C D0 2E A3 9A | eax=00001607 ebx=C0FD0018 ecx=00000003 esi=00000082 edi=00000092 esp=0000022C
HEARTBEAT [0028:C000A954] cpl=0 pm=1 | 75 0D E8 38 FE FF FF 83 7F DC 04 77 EA E3 43 A1 | eax=00000004 ebx=C15200E8 ecx=00000000 esi=C0FCF200 edi=C159F068 esp=C13A1E70
HEARTBEAT [0028:C0003623] cpl=0 pm=1 | 8B 0E F6 01 08 74 16 8B 55 10 8B 49 0C 66 89 4A | eax=0000002F ebx=C15200E8 ecx=00001607 esi=C10CD85C edi=C00035F9 esp=C13A1DAC
HEARTBEAT [0028:C0FCE608] cpl=0 pm=1 | 0F 82 4A FC FF FF C3 0F A4 E2 FC C0 00 00 00 00 | eax=0000002F ebx=C15200E8 ecx=00000016 esi=C0FCF200 edi=C13A1DD4 esp=C13A1DA8
HEARTBEAT [0028:C0003523] cpl=0 pm=1 | 89 48 0C 61 C3 FF 15 60 E4 00 C0 8B C0 60 8B 3D | eax=C0FCE500 ebx=C15200E8 ecx=0E2C0240 esi=00002F97 edi=C159F068 esp=C13A1DB0
HEARTBEAT [0028:C000A422] cpl=0 pm=1 | 50 53 51 52 8B 5F F0 0B C0 78 4D 3B C3 7E 44 8B | eax=FFFFFFFC ebx=C15200E8 ecx=FFFFFFFC esi=C0FCF200 edi=C159F068 esp=C13A1E6C
HEARTBEAT [FFFF:000020B4] cpl=3 pm=1 | 80 FC 08 74 43 80 FC 13 74 11 80 FC 16 75 03 E9 | eax=00001607 ebx=C0FD0018 ecx=00000000 esi=00000097 edi=000014FE esp=0000023A
HEARTBEAT [0028:C000A9A1] cpl=0 pm=1 | E9 65 FF FF FF 8B 0D 54 07 01 C0 E3 B5 3B D9 74 | eax=00000004 ebx=C15200E8 ecx=00000004 esi=C0FCF200 edi=C159F068 esp=C13A1E70
HEARTBEAT [0028:C00036DD] cpl=0 pm=1 | 0F 01 1D B0 AB 00 C0 FD 8D 75 68 8D 7E 24 B9 12 | eax=00000246 ebx=C15200E8 ecx=FCB22FF7 esi=C0FCF200 edi=C159F068 esp=C13A1D8C
HEARTBEAT [0028:C002AA1E] cpl=0 pm=1 | A1 B0 AA 02 C0 FF 60 14 80 7D 1D 15 74 02 F9 C3 | eax=0000002F ebx=C15200E8 ecx=00000016 esi=C0FCF200 edi=C13A1DD4 esp=C13A1DA4
HEARTBEAT [0028:C0016894] cpl=0 pm=1 | 0F B6 4D 1D 8B D1 80 E2 07 38 8A 6C 68 01 C0 74 | eax=0000002F ebx=C15200E8 ecx=C0FCE7F4 esi=C0FCF200 edi=C13A1DD4 esp=C13A1DA4
HEARTBEAT [0325:0000006C] cpl=3 pm=1 | FB 80 FC 43 75 31 0A C0 75 03 B0 80 CF 3C 10 75 | eax=00001607 ebx=C0FD0018 ecx=00000000 esi=00000097 edi=000014FE esp=0000023A
HEARTBEAT [0028:C000A03B] cpl=0 pm=1 | 8B 57 EC 0B D2 74 17 FF 05 88 07 01 C0 CD 20 64 | eax=00000000 ebx=00000004 ecx=00000000 esi=C0FCF200 edi=C159F068 esp=C13A1E58
HEARTBEAT [0028:C0003244] cpl=0 pm=1 | 74 09 85 48 08 74 05 8B D0 EB F0 C3 85 F6 74 05 | eax=00000000 ebx=C15200E8 ecx=800002C3 esi=00000000 edi=C159F068 esp=C13A1D94
HEARTBEAT [0028:C0002533] cpl=0 pm=1 | FF 24 85 2C DF 00 C0 8B C0 8B F3 8B 1D 1C 07 01 | eax=0000002F ebx=C15200E8 ecx=C0FCE7F4 esi=C0FCF5C4 edi=C13A1DD4 esp=C13A1DA8
HEARTBEAT [0028:C0008A1E] cpl=0 pm=1 | 75 27 8B 15 A8 06 01 C0 83 79 0C 00 75 1C 89 51 | eax=C15200E8 ebx=C15200E8 ecx=C00106F4 esi=C0FCF5C4 edi=C0003408 esp=C13A1D8C
HEARTBEAT [0028:C00036BE] cpl=0 pm=1 | C3 90 60 8B 1D 1C 07 01 C0 0F BA 33 05 73 47 8B | eax=00000004 ebx=C15200E8 ecx=00000004 esi=C0FCF5C4 edi=C159F068 esp=C13A1E6C
HEARTBEAT [0028:C0003628] cpl=0 pm=1 | 74 16 8B 55 10 8B 49 0C 66 89 4A 30 C1 E1 10 66 | eax=00000004 ebx=C15200E8 ecx=C0FCE500 esi=C10CD85C edi=C00035F9 esp=C13A1E48
HEARTBEAT [0028:C000254C] cpl=0 pm=1 | 8B DE 0F B7 4D 30 0F B7 75 34 66 83 E9 06 C1 E6 | eax=0B9203CC ebx=C15200E8 ecx=C1400000 esi=C15200E8 edi=C13A1DD4 esp=C13A1DA8
HEARTBEAT [0028:C00034F6] cpl=0 pm=1 | 83 E2 01 0F BA 33 08 D1 D2 88 10 8B 6F 10 0F B7 | eax=C0FCE500 ebx=C15200E8 ecx=003B0204 esi=C10CD85C edi=C159F068 esp=C13A1E4C
HEARTBEAT [0028:C000A7AF] cpl=0 pm=1 | FF 11 61 73 05 8B 49 FC EB F3 5F 5B C3 8B DA CD | eax=00000004 ebx=C15200E8 ecx=C0FCE7F4 esi=C0FCE830 edi=C159F068 esp=C13A1E44
HEARTBEAT [0028:C000A7B2] cpl=0 pm=1 | 73 05 8B 49 FC EB F3 5F 5B C3 8B DA CD 20 05 00 | eax=00000004 ebx=C15200E8 ecx=C0FCE8C0 esi=C0FCE830 edi=C159F068 esp=C13A1E64
HEARTBEAT [0B92:000003D4] cpl=3 pm=1 | 74 0D 2E FF 2E C8 03 33 C0 0E 5A B9 00 04 CF 2E | eax=00001607 ebx=C0FD0018 ecx=00000000 esi=00000097 edi=000014FE esp=0000023A
HEARTBEAT [0028:C0003771] cpl=0 pm=1 | 56 B9 1B 00 00 00 8B 35 1C 07 01 C0 8B 76 08 FC | eax=00000004 ebx=C15200E8 ecx=C0FCE7F4 esi=C0FCE830 edi=C13A1DD4 esp=C13A1DCC
HEARTBEAT [0028:C000A089] cpl=0 pm=1 | E3 2D 8B 47 F4 0B C9 78 28 2B C1 99 23 C2 03 C1 | eax=00000000 ebx=C15200E8 ecx=00000000 esi=C0FCE830 edi=C159F068 esp=C13A1E68
HEARTBEAT [0028:C000351C] cpl=0 pm=1 | C1 E1 10 66 8B 4D 30 89 48 0C 61 C3 FF 15 60 E4 | eax=C0FCE500 ebx=C15200E8 ecx=00000087 esi=0000753E edi=C159F068 esp=C13A1E4C
HEARTBEAT [0028:C0003879] cpl=0 pm=1 | 89 45 24 66 8B 47 28 66 89 45 28 5D 58 5F C3 51 | eax=0000753E ebx=C15200E8 ecx=C0FCE0C4 esi=00000002 edi=C159F068 esp=C13A1E3C
HEARTBEAT [0028:C000364E] cpl=0 pm=1 | 83 3E 00 75 0A 83 7D 24 00 75 04 80 4D 73 40 8B | eax=C0FCE500 ebx=C15200E8 ecx=C0FCE0C4 esi=C10CD85C edi=C00035F9 esp=C13A1DAC
HEARTBEAT [0028:C0FCE694] cpl=0 pm=1 | 0F 82 5E FF FF FF C3 C1 A8 F3 FC C0 00 00 00 00 | eax=0000002F ebx=C15200E8 ecx=00000016 esi=C0FCE830 edi=C13A1DD4 esp=C13A1DA8
HEARTBEAT [0028:C00036F2] cpl=0 pm=1 | 8D B5 8C 00 00 00 B9 09 00 00 00 F3 A5 FC 25 FF | eax=00000246 ebx=C15200E8 ecx=00000000 esi=C13A1F90 edi=C13A1FB4 esp=C13A1D8C
HEARTBEAT [0028:C00035CE] cpl=0 pm=1 | 8A 42 01 88 47 CE 9D 0F A9 0F A1 61 C3 8B 3D A8 | eax=00000000 ebx=C15200E8 ecx=00000001 esi=00000018 edi=C159F068 esp=C13A1DA4
HEARTBEAT [0028:C025B81F] cpl=0 pm=1 | C3 FF 15 54 E5 00 C0 FF 15 5C E5 00 C0 FF 15 60 | eax=00000004 ebx=C15200E8 ecx=C0FCEF48 esi=C0FCE43C edi=C159F068 esp=C13A1E40
HEARTBEAT [0325:0000006C] cpl=3 pm=1 | FB 80 FC 43 75 31 0A C0 75 03 B0 80 CF 3C 10 75 | eax=00001607 ebx=C0FD0018 ecx=00000000 esi=00000097 edi=000014FE esp=0000023A
HEARTBEAT [0028:C0031D8C] cpl=0 pm=1 | 8B 45 1C 80 FC 17 0F 84 0C 9D 1F 00 66 3D 8E 16 | eax=0000002F ebx=C15200E8 ecx=00000016 esi=C0FCE43C edi=C13A1DD4 esp=C13A1DA4
HEARTBEAT [0028:C000888E] cpl=0 pm=1 | 52 A1 1C 07 01 C0 3B 05 20 07 01 C0 75 0D 68 F4 | eax=C0FCE500 ebx=C15200E8 ecx=C0FCE0C4 esi=00000002 edi=C00035F9 esp=C13A1D9C
HEARTBEAT [00C9:00000FDA] cpl=3 pm=1 | 90 90 E8 A9 00 2E FF 2E 92 0F 90 90 E8 9F 00 2E | eax=00001607 ebx=C0FD0018 ecx=00000000 esi=00000097 edi=000014FE esp=0000023A
HEARTBEAT [0028:C0003526] cpl=0 pm=1 | 61 C3 FF 15 60 E4 00 C0 8B C0 60 8B 3D A8 06 01 | eax=C0FCE500 ebx=C15200E8 ecx=0E2C0240 esi=00002F97 edi=C159F068 esp=C13A1DB0
HEARTBEAT [0028:C0003478] cpl=0 pm=1 | 60 8B 1D 1C 07 01 C0 8B 0D FC E9 00 C0 8B 13 F6 | eax=00000004 ebx=C15200E8 ecx=00000004 esi=C0FCE43C edi=C159F068 esp=C13A1E6C
HEARTBEAT [0028:C000A7B2] cpl=0 pm=1 | 73 05 8B 49 FC EB F3 5F 5B C3 8B DA CD 20 05 00 | eax=00000004 ebx=C15200E8 ecx=C0FCEF48 esi=C0FCE43C edi=C159F068 esp=C13A1E64
HEARTBEAT [0028:C0001311] cpl=0 pm=1 | FA 33 C0 3B 05 F0 E9 00 C0 75 38 8A 43 1F F6 D0 | eax=00000000 ebx=C15200E8 ecx=C0FCE7F4 esi=C0FCE43C edi=C159F068 esp=C13A1DA8
HEARTBEAT [0028:C00037CC] cpl=0 pm=1 | F3 A5 81 65 2C FF 8D FC FF 09 55 2C F6 C4 02 74 | eax=00000000 ebx=C15200E8 ecx=00000001 esi=C13A1E3C edi=C13A1FD8 esp=C13A1DB0
HEARTBEAT [FF03:00004646] cpl=3 pm=1 | 1E 2E 8E 1E 27 3F 3C 06 75 02 EB 31 3C 07 75 02 | eax=00001607 ebx=C0FD0018 ecx=00000000 esi=00000097 edi=000014FE esp=0000023A
HEARTBEAT [0028:C000A0BF] cpl=0 pm=1 | 23 C2 03 C1 EB D4 8B C1 EB D0 56 33 F6 87 35 80 | eax=00000000 ebx=C15200E8 ecx=FFFFFFFC esi=C0FCE43C edi=C159F068 esp=C13A1E68
HEARTBEAT [0028:C00038FF] cpl=0 pm=1 | 8B 09 3B CF 74 0E 2B 41 08 7F F5 8B F8 F7 DF 87 | eax=0000079A ebx=C15200E8 ecx=C0FCE140 esi=C0FCE43C edi=C000EA20 esp=C13A1E58
HEARTBEAT [0028:C000365D] cpl=0 pm=1 | 8B 6D 10 8B 70 04 89 75 24 66 8B 70 02 66 89 75 | eax=C0FCE500 ebx=C15200E8 ecx=C0FCE0C4 esi=C10CD85C edi=C00035F9 esp=C13A1DAC
HEARTBEAT [0028:C0003830] cpl=0 pm=1 | 66 89 46 1A B8 00 10 00 00 87 45 30 89 46 1C 80 | eax=0000012F ebx=C15200E8 ecx=003B0204 esi=C159F068 edi=C159F068 esp=C13A1E38
HEARTBEAT [0028:C0015E71] cpl=0 pm=1 | C6 05 0C AB 01 C0 00 FF 25 08 AB 01 C0 80 3D 0C | eax=00000004 ebx=C15200E8 ecx=00000004 esi=C0FCE8D8 edi=C159F068 esp=C13A1E6C
HEARTBEAT [0028:C00012C1] cpl=0 pm=1 | 8B EC 66 BF 30 00 F6 45 2E 02 0F 84 9F 00 00 00 | eax=00001607 ebx=C0FD0018 ecx=00000000 esi=00000018 edi=000014FE esp=C13A1F70
HEARTBEAT [0028:C000358E] cpl=0 pm=1 | 74 29 BE 97 35 00 C0 EB DA F6 03 20 75 09 C3 2E | eax=00000204 ebx=C15200E8 ecx=00000004 esi=C0FCE8D8 edi=C159F068 esp=C13A1E40
HEARTBEAT [0028:C0008A1E] cpl=0 pm=1 | 75 27 8B 15 A8 06 01 C0 83 79 0C 00 75 1C 89 51 | eax=C15200E8 ebx=C15200E8 ecx=C00106F4 esi=C0FCE8D8 edi=C0003408 esp=C13A1D8C
HEARTBEAT [0028:C0002779] cpl=0 pm=1 | 8B 1D 1C 07 01 C0 8B 6B 08 68 95 27 00 C0 F6 03 | eax=0000002F ebx=C15200E8 ecx=C0FCE7F4 esi=C0FCE8D8 edi=C13A1DD4 esp=C13A1DAC
HEARTBEAT [0028:C0008868] cpl=0 pm=1 | 50 52 A1 1C 07 01 C0 3B 05 20 07 01 C0 75 0F 51 | eax=00000004 ebx=C15200E8 ecx=00000000 esi=C0FCE8D8 edi=C0003408 esp=C13A1DA0
HEARTBEAT [0028:C0015E71] cpl=0 pm=1 | C6 05 0C AB 01 C0 00 FF 25 08 AB 01 C0 80 3D 0C | eax=00000004 ebx=C15200E8 ecx=00000004 esi=C0FCE8D8 edi=C159F068 esp=C13A1E6C
HEARTBEAT [0028:C00036E4] cpl=0 pm=1 | FD 8D 75 68 8D 7E 24 B9 12 00 00 00 F3 A5 8D B5 | eax=00000246 ebx=C15200E8 ecx=FCB22FF7 esi=C0FCE8D8 edi=C159F068 esp=C13A1D8C
HEARTBEAT [0028:C00034E8] cpl=0 pm=1 | 89 50 FC 89 06 9D 5A 80 67 73 BF C1 EA 05 83 E2 | eax=C0FCE500 ebx=C15200E8 ecx=003B0204 esi=C10CD85C edi=C159F068 esp=C13A1E44
HEARTBEAT [0028:C0003723] cpl=0 pm=1 | 72 3F 8B 3D A8 06 01 C0 80 4F 73 80 8B 6B 08 8B | eax=C0FCE500 ebx=C15200E8 ecx=C0FCE0C4 esi=00000002 edi=C00035F9 esp=C13A1D8C
HEARTBEAT [0028:C0003732] cpl=0 pm=1 | 8B 45 2C 0F 01 5B CE FD 8D 75 68 8D 7E 24 B9 12 | eax=C0FCE500 ebx=C15200E8 ecx=C0FCE0C4 esi=00000002 edi=C159F068 esp=C13A1D8C
HEARTBEAT [0028:C000132E] cpl=0 pm=1 | F6 03 20 75 79 3D 0B FD 21 00 87 67 4C 8A 44 24 | eax=00000000 ebx=C15200E8 ecx=C0FCE7F4 esi=C0FCE8D8 edi=C159F068 esp=C13A1DA8
HEARTBEAT [0028:C00012C0] cpl=0 pm=1 | FC 8B EC 66 BF 30 00 F6 45 2E 02 0F 84 9F 00 00 | eax=00001607 ebx=C0FD0018 ecx=00000000 esi=00000018 edi=000014FE esp=C13A1F70
HEARTBEAT [0028:C002B9B0] cpl=0 pm=1 | 74 18 83 7C 24 04 00 75 11 51 52 FF 15 58 E4 00 | eax=00000008 ebx=C15200E8 ecx=00001862 esi=00000000 edi=C159F11C esp=C13A1D84
HEARTBEAT [0028:C0001331] cpl=0 pm=1 | 75 79 3D 0B FD 21 00 87 67 4C 8A 44 24 2D 0C 30 | eax=00000000 ebx=C15200E8 ecx=C0FCE7F4 esi=C0FCE140 edi=C159F068 esp=C13A1DA8
HEARTBEAT [0028:C0003790] cpl=0 pm=1 | 60 8B 1D 1C 07 01 C0 8B 6B 08 8B 45 2C 33 46 2C | eax=0000002F ebx=C15200E8 ecx=00001607 esi=C13A1DD4 edi=C13A1DD4 esp=C13A1DD0
HEARTBEAT [0028:C00013B5] cpl=0 pm=1 | 74 4D 8E 5C 24 3C 8E 44 24 38 8E 64 24 40 8E 6C | eax=00000000 ebx=C15200E8 ecx=00000004 esi=C0FCE140 edi=C159F068 esp=C13A1F70
HEARTBEAT [0028:C0003657] cpl=0 pm=1 | 75 04 80 4D 73 40 8B 6D 10 8B 70 04 89 75 24 66 | eax=C0FCE500 ebx=C15200E8 ecx=C0FCE0C4 esi=C10CD85C edi=C00035F9 esp=C13A1DAC
HEARTBEAT [049F:0000A8A6] cpl=3 pm=1 | 2B DA D1 E5 3E 8B 96 B8 04 5D FF E2 26 01 05 70 | eax=001403D4 ebx=006602EA ecx=00660003 esi=0000F646 edi=000088B4 esp=0000889A
HEARTBEAT [FFFF:000021A6] cpl=3 pm=1 | 83 FB 0D 75 34 1E 07 BF 3D 04 EB 2D F7 C2 01 00 | eax=00001607 ebx=C0FD0018 ecx=00000000 esi=00000097 edi=000014FE esp=00000238
HEARTBEAT [0028:C00044A4] cpl=0 pm=1 | 80 7D 1D 16 74 02 F9 C3 0F B6 45 1C 0F BA F0 07 | eax=0000002F ebx=C15200E8 ecx=00000016 esi=C0FCE140 edi=C13A1DD4 esp=C13A1DA4
HEARTBEAT [060E:000006A0] cpl=3 pm=1 | 03 DB 2E FF A7 7A 06 90 3D 06 16 74 05 EA A0 00 | eax=00001607 ebx=C0FD0006 ecx=00000000 esi=00000097 edi=000014FE esp=00000238
HEARTBEAT [0028:C0003526] cpl=0 pm=1 | 61 C3 FF 15 60 E4 00 C0 8B C0 60 8B 3D A8 06 01 | eax=C0FCE500 ebx=C15200E8 ecx=0E2C0240 esi=00002F97 edi=C159F068 esp=C13A1DB0
HEARTBEAT [0325:0000006C] cpl=3 pm=1 | FB 80 FC 43 75 31 0A C0 75 03 B0 80 CF 3C 10 75 | eax=00001607 ebx=C0FD0018 ecx=00000000 esi=00000097 edi=000014FE esp=0000023A
HEARTBEAT [0028:C0FCE778] cpl=0 pm=1 | E8 17 69 2B FF B8 2F 00 00 00 8B 1D 1C 07 01 C0 | eax=0000002F ebx=C15200E8 ecx=00000016 esi=C0FCE140 edi=C13A1DD4 esp=C13A1DA8
HEARTBEAT [0028:C00044B6] cpl=0 pm=1 | 83 F8 0A 74 43 3D 02 00 00 00 77 E8 FF 24 85 EC | eax=00000007 ebx=C15200E8 ecx=00000016 esi=C0FCE140 edi=C13A1DD4 esp=C13A1DA4
HEARTBEAT [0028:C00036F2] cpl=0 pm=1 | 8D B5 8C 00 00 00 B9 09 00 00 00 F3 A5 FC 25 FF | eax=00000246 ebx=C15200E8 ecx=00000000 esi=C13A1F90 edi=C13A1FB4 esp=C13A1D8C
HEARTBEAT [0028:C0FCE8AE] cpl=0 pm=1 | 8B 1D 1C 07 01 C0 0F 82 BE FE FF FF C3 3A F4 E7 | eax=0000002F ebx=C15200E8 ecx=00000016 esi=C0FCE140 edi=C13A1DD4 esp=C13A1DA8
HEARTBEAT [0028:C0015E78] cpl=0 pm=1 | FF 25 08 AB 01 C0 80 3D 0C AB 01 C0 01 73 01 C3 | eax=00000004 ebx=C15200E8 ecx=00000004 esi=C0FCE2B8 edi=C159F068 esp=C13A1E6C
HEARTBEAT [0028:C0001300] cpl=0 pm=1 | 3D 15 FD 21 00 8B 1D 1C 07 01 C0 8B 3D A8 06 01 | eax=00000000 ebx=C15200E8 ecx=C0FCE7F4 esi=C0FCE2B8 edi=C159F068 esp=C13A1DA8
HEARTBEAT [0028:C00036FF] cpl=0 pm=1 | FC 25 FF 8F FE FF 0D 00 00 02 00 89 45 2C 83 05 | eax=00000246 ebx=C15200E8 ecx=00000000 esi=C13A1FD8 edi=C13A1F90 esp=C13A1D8C
HEARTBEAT [0028:C0008A32] cpl=0 pm=1 | 81 79 0C 00 01 00 00 F6 01 01 74 03 FE 42 CD 8B | eax=C15200E8 ebx=C15200E8 ecx=C00106F4 esi=C0FCEF68 edi=C0003408 esp=C13A1D8C
MEMWATCH [0028:C000921F] w4 C0010810 = C0FDE2A0 | eax=C001080C ebx=00000000 ecx=00000001 edx=C0FDE1C4 esi=C001080C edi=C0FDE2A0 ebp=C0EF6E6C
MEMWATCH  node C0FDE2A0 | 01 08 51 00 0C 08 01 C0 B4 DF FD C0 54 48 43 42 70 CF ED C0 E8 00 52 C1 0A 00 27 1E EA 88 66 00 
MEMWATCH  stack esp=C0EF6E24 | C0FDDFB4 C00092D5 8151AD78 C0FDDFB4 C0EF6E6C C0EF6E4C 00000000 C0FDE1C4 
HEARTBEAT [0028:C02756E1] cpl=0 pm=1 | F3 66 A5 8B D7 8D 7B 14 B9 03 00 00 00 FD F3 66 | eax=00000020 ebx=C0FD9B0A ecx=00000007 esi=C0FD9B0A edi=C0FD9B22 esp=C0EDCC40
MEMWATCH [0028:C000921F] w4 C0010810 = C0FD88AC | eax=C001080C ebx=81516D5C ecx=00000000 edx=C0FD87D0 esi=C001080C edi=C0FD88AC ebp=C0EDCE64
MEMWATCH  node C0FD88AC | 01 08 51 00 0C 08 01 C0 8C D7 0C C1 54 48 43 42 70 2F ED C0 E8 00 52 C1 03 00 27 16 8A 8F 00 00 
MEMWATCH  stack esp=C0EDCE1C | C10CD78C C00092D5 C0EDCE98 C10CD78C C0EDCE64 C0EDCE44 81516D5C C0FD87D0 
HEARTBEAT [0028:C0008A41] cpl=0 pm=1 | 8B 41 14 01 42 3C C3 3B 51 10 75 04 FF 41 0C C3 | eax=C15200E8 ebx=C15200E8 ecx=C00106F4 esi=C0FCEF68 edi=C0003408 esp=C13A1D8C
MEMWATCH [0028:C000921F] w4 C0010810 = C159F068 | eax=C001080C ebx=8161430C ecx=00000000 edx=C0FD6B6C esi=C001080C edi=C159F068 ebp=C0EDEE64
MEMWATCH  node C159F068 | 01 08 41 00 0C 08 01 C0 4C 16 FD C0 54 48 43 42 70 1F 3A C1 E8 00 52 C1 01 00 2F 01 F6 11 00 00 
MEMWATCH  stack esp=C0EDEE1C | C0FD164C C00092D5 C0EDEE98 C0FD164C C0EDEE64 C0EDEE44 8161430C C0FD6B6C 
MEMWATCH [0028:C000921F] w4 C0010810 = C159F068 | eax=C001080C ebx=C15200E8 ecx=00000000 edx=C0FD6B6C esi=C001080C edi=C159F068 ebp=C0ED4E80
MEMWATCH  node C159F068 | 01 08 41 00 0C 08 01 C0 4C 16 FD C0 54 48 43 42 70 1F 3A C1 E8 00 52 C1 01 00 2F 01 F6 11 00 00 
MEMWATCH  stack esp=C0ED4E38 | C0FD164C C00092D5 C159F068 C0FD164C C0ED4E80 C0ED4E60 C15200E8 C0FD6B6C 
MEMWATCH [0028:C000921F] w4 C0010810 = C0FE0B00 | eax=C001080C ebx=00000000 ecx=00000002 edx=C0FE0A24 esi=C001080C edi=C0FE0B00 ebp=C0EF2E6C
MEMWATCH  node C0FE0B00 | 01 08 51 00 0C 08 01 C0 04 0D FE C0 54 48 43 42 70 EF ED C0 E8 00 52 C1 0F 00 3F 01 F0 FC 8B 00 
MEMWATCH  stack esp=C0EF2E24 | C0FE0D04 C00092D5 8151A61C C0FE0D04 C0EF2E6C C0EF2E4C 00000000 C0FE0A24 
MEMWATCH [0028:C000921F] w4 C0010810 = C0FE0B00 | eax=C001080C ebx=C15200E8 ecx=00000000 edx=C0FE0A24 esi=C001080C edi=C0FE0B00 ebp=C13A1E1C
MEMWATCH  node C0FE0B00 | 01 08 51 00 0C 08 01 C0 04 0D FE C0 54 48 43 42 70 EF ED C0 E8 00 52 C1 0F 00 3F 01 F0 FC 8B 00 
MEMWATCH  stack esp=C13A1DD4 | C0FE0D04 C00092D5 C159F068 C0FE0D04 C13A1E1C C13A1DFC C15200E8 C0FE0A24 
MEMWATCH [0028:C000921F] w4 C0010810 = C0FE0B00 | eax=C001080C ebx=C15200E8 ecx=00000000 edx=C0FE0A24 esi=C001080C edi=C0FE0B00 ebp=C13A1E1C
MEMWATCH  node C0FE0B00 | 01 08 51 00 0C 08 01 C0 04 0D FE C0 54 48 43 42 70 EF ED C0 E8 00 52 C1 0F 00 3F 01 F0 FC 8B 00 
MEMWATCH  stack esp=C13A1DD4 | C0FE0D04 C00092D5 C159F068 C0FE0D04 C13A1E1C C13A1DFC C15200E8 C0FE0A24 
MEMWATCH [0028:C000921F] w4 C0010810 = C159F068 | eax=C001080C ebx=8161430C ecx=00000000 edx=C0FD6B6C esi=C001080C edi=C159F068 ebp=C0EDEE64
MEMWATCH  node C159F068 | 01 08 41 00 0C 08 01 C0 4C 16 FD C0 54 48 43 42 70 1F 3A C1 E8 00 52 C1 01 00 2F 01 F6 11 00 00 
MEMWATCH  stack esp=C0EDEE1C | C0FD164C C00092D5 C0EDEE98 C0FD164C C0EDEE64 C0EDEE44 8161430C C0FD6B6C 
MEMWATCH [0028:C000921F] w4 C0010810 = C159F068 | eax=C001080C ebx=C15200E8 ecx=00000000 edx=C0FD6B6C esi=C001080C edi=C159F068 ebp=C0ED4E80
MEMWATCH  node C159F068 | 01 08 41 00 0C 08 01 C0 4C 16 FD C0 54 48 43 42 70 1F 3A C1 E8 00 52 C1 01 00 2F 01 F6 11 00 00 
MEMWATCH  stack esp=C0ED4E38 | C0FD164C C00092D5 C159F068 C0FD164C C0ED4E80 C0ED4E60 C15200E8 C0FD6B6C 
MEMWATCH [0028:C000921F] w4 C0010810 = C0FE0B00 | eax=C001080C ebx=C15200E8 ecx=00000000 edx=C0FE0A24 esi=C001080C edi=C0FE0B00 ebp=C13A1E1C
MEMWATCH  node C0FE0B00 | 01 08 51 00 0C 08 01 C0 04 0D FE C0 54 48 43 42 70 EF ED C0 E8 00 52 C1 0F 00 3F 01 7C FD 8B 00 
MEMWATCH  stack esp=C13A1DD4 | C0FE0D04 C00092D5 C159F068 C0FE0D04 C13A1E1C C13A1DFC C15200E8 C0FE0A24 
MEMWATCH [0028:C000921F] w4 C0010810 = C0FE0B00 | eax=C001080C ebx=C15200E8 ecx=00000000 edx=C0FE0A24 esi=C001080C edi=C0FE0B00 ebp=C13A1E1C
MEMWATCH  node C0FE0B00 | 01 18 51 00 0C 08 01 C0 04 0D FE C0 54 48 43 42 70 EF ED C0 E8 00 52 C1 0F 00 3F 01 7C FD 8B 00 
MEMWATCH  stack esp=C13A1DD4 | C0FE0D04 C00092D5 C159F068 C0FE0D04 C13A1E1C C13A1DFC C15200E8 C0FE0A24 
MEMWATCH [0028:C000921F] w4 C0010810 = C0FE0B00 | eax=C001080C ebx=C15200E8 ecx=00000000 edx=C0FE0A24 esi=C001080C edi=C0FE0B00 ebp=C13A1E1C
MEMWATCH  node C0FE0B00 | 01 08 51 00 0C 08 01 C0 04 0D FE C0 54 48 43 42 70 EF ED C0 E8 00 52 C1 0F 00 3F 01 7C FD 8B 00 
MEMWATCH  stack esp=C13A1DD4 | C0FE0D04 C00092D5 C159F068 C0FE0D04 C13A1E1C C13A1DFC C15200E8 C0FE0A24 
HEARTBEAT [0028:C00037CC] cpl=0 pm=1 | F3 A5 81 65 2C FF 8D FC FF 09 55 2C F6 C4 02 74 | eax=00000000 ebx=C15200E8 ecx=00000001 esi=C13A1E3C edi=C13A1FD8 esp=C13A1DB0
MEMWATCH [0028:C000921F] w4 C0010810 = C0FE0B00 | eax=C001080C ebx=C15200E8 ecx=00000000 edx=C0FE0A24 esi=C001080C edi=C0FE0B00 ebp=C13A1E1C
MEMWATCH  node C0FE0B00 | 01 08 51 00 0C 08 01 C0 04 0D FE C0 54 48 43 42 70 EF ED C0 E8 00 52 C1 0F 00 3F 01 7C FD 8B 00 
MEMWATCH  stack esp=C13A1DD4 | C0FE0D04 C00092D5 C159F068 C0FE0D04 C13A1E1C C13A1DFC C15200E8 C0FE0A24 
MEMWATCH [0028:C000921F] w4 C0010810 = C159F068 | eax=C001080C ebx=8161430C ecx=00000000 edx=C0FD6B6C esi=C001080C edi=C159F068 ebp=C0EDEE64
MEMWATCH  node C159F068 | 01 08 41 00 0C 08 01 C0 4C 16 FD C0 54 48 43 42 70 1F 3A C1 E8 00 52 C1 01 00 2F 01 F6 11 00 00 
MEMWATCH  stack esp=C0EDEE1C | C0FD164C C00092D5 C0EDEE98 C0FD164C C0EDEE64 C0EDEE44 8161430C C0FD6B6C 
MEMWATCH [0028:C000921F] w4 C0010810 = C159F068 | eax=C001080C ebx=C15200E8 ecx=00000000 edx=C0FD6B6C esi=C001080C edi=C159F068 ebp=C0EDAE80
MEMWATCH  node C159F068 | 01 08 41 00 0C 08 01 C0 4C 16 FD C0 54 48 43 42 70 1F 3A C1 E8 00 52 C1 01 00 2F 01 F6 11 00 00 
MEMWATCH  stack esp=C0EDAE38 | C0FD164C C00092D5 C159F068 C0FD164C C0EDAE80 C0EDAE60 C15200E8 C0FD6B6C 
MEMWATCH [0028:C000921F] w4 C0010810 = C159F068 | eax=C001080C ebx=8161430C ecx=00000000 edx=C0FD6B6C esi=C001080C edi=C159F068 ebp=C0EDEE64
MEMWATCH  node C159F068 | 01 08 41 00 0C 08 01 C0 4C 16 FD C0 54 48 43 42 70 1F 3A C1 E8 00 52 C1 01 00 2F 01 F6 11 00 00 
MEMWATCH  stack esp=C0EDEE1C | C0FD164C C00092D5 C0EDEE98 C0FD164C C0EDEE64 C0EDEE44 8161430C C0FD6B6C 
MEMWATCH [0028:C000921F] w4 C0010810 = C159F068 | eax=C001080C ebx=C15200E8 ecx=00000000 edx=C0FD6B6C esi=C001080C edi=C159F068 ebp=C0ED4E80
MEMWATCH  node C159F068 | 01 08 41 00 0C 08 01 C0 4C 16 FD C0 54 48 43 42 70 1F 3A C1 E8 00 52 C1 01 00 2F 01 F6 11 00 00 
MEMWATCH  stack esp=C0ED4E38 | C0FD164C C00092D5 C159F068 C0FD164C C0ED4E80 C0ED4E60 C15200E8 C0FD6B6C 
MEMWATCH [0028:C000921F] w4 C0010810 = C159F068 | eax=C001080C ebx=8161430C ecx=00000000 edx=C0FD6B6C esi=C001080C edi=C159F068 ebp=C0EDEE64
MEMWATCH  node C159F068 | 01 08 41 00 0C 08 01 C0 4C 16 FD C0 54 48 43 42 70 1F 3A C1 E8 00 52 C1 01 00 2F 01 F6 11 00 00 
MEMWATCH  stack esp=C0EDEE1C | C0FD164C C00092D5 C0EDEE98 C0FD164C C0EDEE64 C0EDEE44 8161430C C0FD6B6C 
MEMWATCH [0028:C000921F] w4 C0010810 = C159F068 | eax=C001080C ebx=C15200E8 ecx=00000000 edx=C0FD6B6C esi=C001080C edi=C159F068 ebp=C0ED4E80
MEMWATCH  node C159F068 | 01 08 41 00 0C 08 01 C0 4C 16 FD C0 54 48 43 42 70 1F 3A C1 E8 00 52 C1 01 00 2F 01 F6 11 00 00 
MEMWATCH  stack esp=C0ED4E38 | C0FD164C C00092D5 C159F068 C0FD164C C0ED4E80 C0ED4E60 C15200E8 C0FD6B6C 
MEMWATCH [0028:C000921F] w4 C0010810 = C159F068 | eax=C001080C ebx=8161430C ecx=00000000 edx=C0FD6B6C esi=C001080C edi=C159F068 ebp=C0EDEE64
MEMWATCH  node C159F068 | 01 08 41 00 0C 08 01 C0 4C 16 FD C0 54 48 43 42 70 1F 3A C1 E8 00 52 C1 01 00 2F 01 F6 11 00 00 
MEMWATCH  stack esp=C0EDEE1C | C0FD164C C00092D5 C0EDEE98 C0FD164C C0EDEE64 C0EDEE44 8161430C C0FD6B6C 
MEMWATCH [0028:C000921F] w4 C0010810 = C0FDDD28 | eax=C001080C ebx=C15200E8 ecx=00000000 edx=C0FDDC3C esi=C001080C edi=C0FDDD28 ebp=C0ED4E80
MEMWATCH  node C0FDDD28 | 01 08 51 00 0C 08 01 C0 BC DC FD C0 54 48 43 42 70 AF ED C0 E8 00 52 C1 07 00 3F 01 2C F0 18 80 
MEMWATCH  stack esp=C0ED4E38 | C0FDDCBC C00092D5 C0FDDD28 C0FDDCBC C0ED4E80 C0ED4E60 C15200E8 C0FDDC3C 
MEMWATCH [0028:C000921F] w4 C0010810 = C0FE0B00 | eax=C001080C ebx=00000000 ecx=00000001 edx=C0FE0A24 esi=C001080C edi=C0FE0B00 ebp=C0ED4E6C
MEMWATCH  node C0FE0B00 | 01 08 51 00 0C 08 01 C0 04 0D FE C0 54 48 43 42 70 EF ED C0 E8 00 52 C1 0F 00 3F 01 7C FD 8B 00 
MEMWATCH  stack esp=C0ED4E24 | C0FE0D04 C00092D5 8151A61C C0FE0D04 C0ED4E6C C0ED4E4C 00000000 C0FE0A24 
MEMWATCH [0028:C000921F] w4 C0010810 = C159F068 | eax=C001080C ebx=C15200E8 ecx=00000000 edx=C0FD6B6C esi=C001080C edi=C159F068 ebp=C0ED4E80
MEMWATCH  node C159F068 | 01 08 41 00 0C 08 01 C0 4C 16 FD C0 54 48 43 42 70 1F 3A C1 E8 00 52 C1 01 00 2F 01 F6 11 00 00 
MEMWATCH  stack esp=C0ED4E38 | C0FD164C C00092D5 C159F068 C0FD164C C0ED4E80 C0ED4E60 C15200E8 C0FD6B6C 
MEMWATCH [0028:C000921F] w4 C0010810 = C159F068 | eax=C001080C ebx=8161430C ecx=00000000 edx=C0FD6B6C esi=C001080C edi=C159F068 ebp=C0EDEE64
MEMWATCH  node C159F068 | 01 08 41 00 0C 08 01 C0 4C 16 FD C0 54 48 43 42 70 1F 3A C1 E8 00 52 C1 01 00 2F 01 F6 11 00 00 
MEMWATCH  stack esp=C0EDEE1C | C0FD164C C00092D5 C0EDEE98 C0FD164C C0EDEE64 C0EDEE44 8161430C C0FD6B6C 
MEMWATCH [0028:C000921F] w4 C0010810 = C159F068 | eax=C001080C ebx=C15200E8 ecx=00000000 edx=C0FD6B6C esi=C001080C edi=C159F068 ebp=C0ED4E80
MEMWATCH  node C159F068 | 01 08 41 00 0C 08 01 C0 4C 16 FD C0 54 48 43 42 70 1F 3A C1 E8 00 52 C1 01 00 2F 01 F6 11 00 00 
MEMWATCH  stack esp=C0ED4E38 | C0FD164C C00092D5 C159F068 C0FD164C C0ED4E80 C0ED4E60 C15200E8 C0FD6B6C 
MEMWATCH [0028:C000921F] w4 C0010810 = C0FE0B00 | eax=C001080C ebx=C15200E8 ecx=00000000 edx=C0FE0A24 esi=C001080C edi=C0FE0B00 ebp=C13A1E1C
MEMWATCH  node C0FE0B00 | 01 08 51 00 0C 08 01 C0 04 0D FE C0 54 48 43 42 70 EF ED C0 E8 00 52 C1 0F 00 3F 01 7C FD 8B 00 
MEMWATCH  stack esp=C13A1DD4 | C0FE0D04 C00092D5 C159F068 C0FE0D04 C13A1E1C C13A1DFC C15200E8 C0FE0A24 
MEMWATCH [0028:C000921F] w4 C0010810 = C0FE0B00 | eax=C001080C ebx=C15200E8 ecx=00000000 edx=C0FE0A24 esi=C001080C edi=C0FE0B00 ebp=C13A1E1C
MEMWATCH  node C0FE0B00 | 01 08 51 00 0C 08 01 C0 04 0D FE C0 54 48 43 42 70 EF ED C0 E8 00 52 C1 0F 00 3F 01 7C FD 8B 00 
MEMWATCH  stack esp=C13A1DD4 | C0FE0D04 C00092D5 C159F068 C0FE0D04 C13A1E1C C13A1DFC C15200E8 C0FE0A24 
MEMWATCH [0028:C000921F] w4 C0010810 = C0FE0B00 | eax=C001080C ebx=C15200E8 ecx=00000000 edx=C0FE0A24 esi=C001080C edi=C0FE0B00 ebp=C13A1E1C
MEMWATCH  node C0FE0B00 | 01 08 51 00 0C 08 01 C0 04 0D FE C0 54 48 43 42 70 EF ED C0 E8 00 52 C1 0F 00 3F 01 7C FD 8B 00 
MEMWATCH  stack esp=C13A1DD4 | C0FE0D04 C00092D5 C159F068 C0FE0D04 C13A1E1C C13A1DFC C15200E8 C0FE0A24 
MEMWATCH [0028:C000921F] w4 C0010810 = C159F068 | eax=C001080C ebx=8161430C ecx=00000000 edx=C0FD6B6C esi=C001080C edi=C159F068 ebp=C0EDEE64
MEMWATCH  node C159F068 | 01 08 41 00 0C 08 01 C0 4C 16 FD C0 54 48 43 42 70 1F 3A C1 E8 00 52 C1 01 00 2F 01 F6 11 00 00 
MEMWATCH  stack esp=C0EDEE1C | C0FD164C C00092D5 C0EDEE98 C0FD164C C0EDEE64 C0EDEE44 8161430C C0FD6B6C 
MEMWATCH [0028:C000921F] w4 C0010810 = C159F068 | eax=C001080C ebx=C15200E8 ecx=00000000 edx=C0FD6B6C esi=C001080C edi=C159F068 ebp=C0ED4E80
MEMWATCH  node C159F068 | 01 08 41 00 0C 08 01 C0 4C 16 FD C0 54 48 43 42 70 1F 3A C1 E8 00 52 C1 01 00 2F 01 F6 11 00 00 
MEMWATCH  stack esp=C0ED4E38 | C0FD164C C00092D5 C159F068 C0FD164C C0ED4E80 C0ED4E60 C15200E8 C0FD6B6C 
MEMWATCH [0028:C000921F] w4 C0010810 = C0FE0B00 | eax=C001080C ebx=C15200E8 ecx=00000000 edx=C0FE0A24 esi=C001080C edi=C0FE0B00 ebp=C13A1E1C
MEMWATCH  node C0FE0B00 | 01 18 51 00 0C 08 01 C0 04 0D FE C0 54 48 43 42 70 EF ED C0 E8 00 52 C1 0F 00 3F 01 7C FD 8B 00 
MEMWATCH  stack esp=C13A1DD4 | C0FE0D04 C00092D5 C159F068 C0FE0D04 C13A1E1C C13A1DFC C15200E8 C0FE0A24 
MEMWATCH [0028:C000921F] w4 C0010810 = C0FE0B00 | eax=C001080C ebx=C15200E8 ecx=00000000 edx=C0FE0A24 esi=C001080C edi=C0FE0B00 ebp=C13A1E1C
MEMWATCH  node C0FE0B00 | 01 08 51 00 0C 08 01 C0 04 0D FE C0 54 48 43 42 70 EF ED C0 E8 00 52 C1 0F 00 3F 01 7C FD 8B 00 
MEMWATCH  stack esp=C13A1DD4 | C0FE0D04 C00092D5 C159F068 C0FE0D04 C13A1E1C C13A1DFC C15200E8 C0FE0A24 
MEMWATCH [0028:C000921F] w4 C0010810 = C0FE0B00 | eax=C001080C ebx=C15200E8 ecx=00000000 edx=C0FE0A24 esi=C001080C edi=C0FE0B00 ebp=C13A1E1C
MEMWATCH  node C0FE0B00 | 01 08 51 00 0C 08 01 C0 04 0D FE C0 54 48 43 42 70 EF ED C0 E8 00 52 C1 0F 00 3F 01 7C FD 8B 00 
MEMWATCH  stack esp=C13A1DD4 | C0FE0D04 C00092D5 C159F068 C0FE0D04 C13A1E1C C13A1DFC C15200E8 C0FE0A24 
MEMWATCH [0028:C000921F] w4 C0010810 = C0FE0B00 | eax=C001080C ebx=C15200E8 ecx=00000000 edx=C0FE0A24 esi=C001080C edi=C0FE0B00 ebp=C13A1E1C
MEMWATCH  node C0FE0B00 | 01 08 51 00 0C 08 01 C0 04 0D FE C0 54 48 43 42 70 EF ED C0 E8 00 52 C1 0F 00 3F 01 7C FD 8B 00 
MEMWATCH  stack esp=C13A1DD4 | C0FE0D04 C00092D5 C159F068 C0FE0D04 C13A1E1C C13A1DFC C15200E8 C0FE0A24 
MEMWATCH [0028:C000921F] w4 C0010810 = C159F068 | eax=C001080C ebx=8161430C ecx=00000000 edx=C0FD6B6C esi=C001080C edi=C159F068 ebp=C0EDEE64
MEMWATCH  node C159F068 | 01 08 41 00 0C 08 01 C0 4C 16 FD C0 54 48 43 42 70 1F 3A C1 E8 00 52 C1 01 00 2F 01 F6 11 00 00 
MEMWATCH  stack esp=C0EDEE1C | C0FD164C C00092D5 C0EDEE98 C0FD164C C0EDEE64 C0EDEE44 8161430C C0FD6B6C 
MEMWATCH [0028:C000921F] w4 C0010810 = C159F068 | eax=C001080C ebx=C15200E8 ecx=00000000 edx=C0FD6B6C esi=C001080C edi=C159F068 ebp=C0EDAE80
MEMWATCH  node C159F068 | 01 08 41 00 0C 08 01 C0 4C 16 FD C0 54 48 43 42 70 1F 3A C1 E8 00 52 C1 01 00 2F 01 F6 11 00 00 
MEMWATCH  stack esp=C0EDAE38 | C0FD164C C00092D5 C159F068 C0FD164C C0EDAE80 C0EDAE60 C15200E8 C0FD6B6C 
MEMWATCH [0028:C000921F] w4 C0010810 = C159F068 | eax=C001080C ebx=8161430C ecx=81520874 edx=C0FD6B6C esi=C001080C edi=C159F068 ebp=C0EDEE64
MEMWATCH  node C159F068 | 01 08 41 00 0C 08 01 C0 4C 16 FD C0 54 48 43 42 70 1F 3A C1 E8 00 52 C1 01 00 2F 01 F6 11 00 00 
MEMWATCH  stack esp=C0EDEE1C | C0FD164C C00092D5 C0EDEE98 C0FD164C C0EDEE64 C0EDEE44 8161430C C0FD6B6C 
MEMWATCH [0028:C000921F] w4 C0010810 = C159F068 | eax=C001080C ebx=C15200E8 ecx=00000000 edx=C0FD6B6C esi=C001080C edi=C159F068 ebp=C0ED4E80
MEMWATCH  node C159F068 | 01 08 41 00 0C 08 01 C0 4C 16 FD C0 54 48 43 42 70 1F 3A C1 E8 00 52 C1 01 00 2F 01 F6 11 00 00 
MEMWATCH  stack esp=C0ED4E38 | C0FD164C C00092D5 C159F068 C0FD164C C0ED4E80 C0ED4E60 C15200E8 C0FD6B6C 
MEMWATCH [0028:C000921F] w4 C0010810 = C0FD88AC | eax=C001080C ebx=C15200E8 ecx=00000000 edx=C0014CDC esi=C001080C edi=C0FD88AC ebp=C0EDEE88
MEMWATCH  node C0FD88AC | 01 08 51 00 0C 08 01 C0 7C D7 0C C1 54 48 43 42 70 2F ED C0 E8 00 52 C1 03 00 27 16 8A 8F 00 00 
MEMWATCH  stack esp=C0EDEE40 | C10CD77C C00092D5 C0FE0B00 C10CD77C C0EDEE88 C0EDEE68 C15200E8 C0014CDC 
MEMWATCH [0028:C000921F] w4 C0010810 = C0FD88AC | eax=C001080C ebx=81516D5C ecx=8161430C edx=C0FD87D0 esi=C001080C edi=C0FD88AC ebp=C0EDEE64
MEMWATCH  node C0FD88AC | 01 08 51 00 0C 08 01 C0 8C D7 0C C1 54 48 43 42 70 2F ED C0 E8 00 52 C1 03 00 27 16 8A 8F 00 00 
MEMWATCH  stack esp=C0EDEE1C | C10CD78C C00092D5 C0EDEE98 C10CD78C C0EDEE64 C0EDEE44 81516D5C C0FD87D0 
MEMWATCH [0028:C000921F] w4 C0010810 = C0FE0B00 | eax=C001080C ebx=00000000 ecx=00000001 edx=C0FE0A24 esi=C001080C edi=C0FE0B00 ebp=C0ED4E6C
MEMWATCH  node C0FE0B00 | 01 08 51 00 0C 08 01 C0 04 0D FE C0 54 48 43 42 70 EF ED C0 E8 00 52 C1 0F 00 3F 01 7C FD 8B 00 
MEMWATCH  stack esp=C0ED4E24 | C0FE0D04 C00092D5 8151A61C C0FE0D04 C0ED4E6C C0ED4E4C 00000000 C0FE0A24 
HEARTBEAT [0028:C001963C] cpl=0 pm=1 | 75 28 F6 46 19 90 75 06 8B 46 24 89 47 18 8B 06 | eax=00000000 ebx=C15200E8 ecx=00000000 esi=C0EDAC9C edi=C0FDA2C0 esp=C0EDAC80
MEMWATCH [0028:C000921F] w4 C0010810 = C159F068 | eax=C001080C ebx=8151A0D8 ecx=C0FDDC3C edx=C0FD6B6C esi=C001080C edi=C159F068 ebp=C0EDAE84
MEMWATCH  node C159F068 | 01 08 41 00 0C 08 01 C0 4C 16 FD C0 54 48 43 42 70 1F 3A C1 E8 00 52 C1 01 00 2F 01 F6 11 00 00 
MEMWATCH  stack esp=C0EDAE3C | C0FD164C C00092D5 C159F068 C0FD164C C0EDAE84 C0EDAE64 8151A0D8 C0FD6B6C 
MEMWATCH [0028:C000921F] w4 C0010810 = C159F068 | eax=C001080C ebx=C15200E8 ecx=00000000 edx=C0FD6B6C esi=C001080C edi=C159F068 ebp=C0ED4E80
MEMWATCH  node C159F068 | 01 08 41 00 0C 08 01 C0 4C 16 FD C0 54 48 43 42 70 1F 3A C1 E8 00 52 C1 01 00 2F 01 16 12 00 00 
MEMWATCH  stack esp=C0ED4E38 | C0FD164C C00092D5 C159F068 C0FD164C C0ED4E80 C0ED4E60 C15200E8 C0FD6B6C 
MEMWATCH [0028:C000921F] w4 C0010810 = C159F068 | eax=C001080C ebx=8161430C ecx=00000000 edx=C0FD6B6C esi=C001080C edi=C159F068 ebp=C0EDEE64
MEMWATCH  node C159F068 | 01 08 41 00 0C 08 01 C0 4C 16 FD C0 54 48 43 42 70 1F 3A C1 E8 00 52 C1 01 00 2F 01 F6 11 00 00 
MEMWATCH  stack esp=C0EDEE1C | C0FD164C C00092D5 C0EDEE98 C0FD164C C0EDEE64 C0EDEE44 8161430C C0FD6B6C 
MEMWATCH [0028:C000921F] w4 C0010810 = C0FDE0D8 | eax=C001080C ebx=C15200E8 ecx=000001C8 edx=C0FCEF2C esi=C001080C edi=C0FDE0D8 ebp=C13A1E5C
MEMWATCH  node C0FDE0D8 | 01 08 51 00 0C 08 01 C0 6C E0 FD C0 54 48 43 42 70 2F EF C0 E8 00 52 C1 10 00 3F 01 58 FF 84 00 
MEMWATCH  stack esp=C13A1E0C | 00000000 C0008CF7 C00091B3 C0FCEF2C 000001C8 C0FDE034 C0002F65 00000202 
MEMWATCH [0028:C000921F] w4 C0010810 = C0FDB6E0 | eax=C001080C ebx=81515E0C ecx=C025F05E edx=C0FDB604 esi=C001080C edi=C0FDB6E0 ebp=C13A1E6C
MEMWATCH  node C0FDB6E0 | 01 08 51 00 0C 08 01 C0 60 2E FD C0 54 48 43 42 70 0F ED C0 E8 00 52 C1 02 00 3F 01 20 FA 50 00 
MEMWATCH  stack esp=C13A1E24 | C0FD2E60 C00092D5 C0FDB6E0 C0FD2E60 C13A1E6C C13A1E4C 81515E0C C0FDB604 
MEMWATCH [0028:C000921F] w4 C0010810 = C0FD57D4 | eax=C001080C ebx=C15200E8 ecx=000001C8 edx=C0FCF688 esi=C001080C edi=C0FD57D4 ebp=C13A1E64
MEMWATCH  node C0FD57D4 | 01 08 51 00 0C 08 01 C0 FC 55 FD C0 54 48 43 42 70 6F ED C0 E8 00 52 C1 05 00 00 00 00 00 00 00 
MEMWATCH  stack esp=C13A1E14 | 00000000 C0008CF7 C00091B3 C0FCF688 000001C8 C0FD5740 C0002F65 00000202 
HEARTBEAT [0C72:00003CF2] cpl=0 pm=0 | 66 AD AA E2 FB 5F B8 02 02 EF 8D 77 01 8B CD 57 | eax=00000000 ebx=000045F6 ecx=0000004E esi=000045FE edi=0000A082 esp=0000FFEE
HEARTBEAT [0B92:000001E6] cpl=0 pm=0 | EB FD 58 B4 4C CD 21 CB B4 0D CD 21 1E 2B C9 8E | eax=0000160E ebx=00009303 ecx=00000000 esi=00000000 edi=00000480 esp=0000079C
