#
# 86Box v7.0 logfile, created 2026/10/10 20:20:06
#
# Emulator path: C:/Users/lycet/RiderProjects/86Box-Inboard/86box_3c509b/build_log/src//
# Global configuration file: C:/Users/lycet/AppData/Local/86Box/86box_global.cfg
# VM: vm_xtide_mpd
#
# Configuration file: C:/Users/lycet/RiderProjects/86Box-Inboard/vm_xtide_mpd/86box.cfg
#

# Userfiles path: C:/Users/lycet/RiderProjects/86Box-Inboard/vm_xtide_mpd/
# ROM path: C:/Users/lycet/RiderProjects/86Box-Inboard/vm_xtide_mpd/roms/
# ROM path: C:/Users/lycet/RiderProjects/86Box-Inboard/86box_3c509b/build_log/src//roms/
# ROM path: C:/Users/lycet/AppData/Local/86Box/roms/
# Asset path: C:/Users/lycet/RiderProjects/86Box-Inboard/vm_xtide_mpd/assets/
# Asset path: C:/Users/lycet/RiderProjects/86Box-Inboard/86box_3c509b/build_log/src//assets/
# Asset path: C:/Users/lycet/AppData/Local/86Box/assets/
DIAG10: Inboard machine BIOS ibm5160_050986
XTIDE: access trace off (XTIDE_TRACE=unset)
XTIDE: base 0300  stride 2  bios xtcf_lotech
DIAG10 RESET hard  at 0000:00000000
DIAG10 RESETVEC F000:FFF0 reached from 0000:00000000 (pm=0)
DIAG10 RESETVEC F000:E05B reached from F000:0000FFF0 (pm=0)
  MODELBYTE read by [F000:0000F8CF] pm=0 v86=0 cpl=0
PITCH1 reload 65536 mode 2 by 000FE0E7
PITCH1 reload 255 mode 2 by 000FE0FD
PITCH1 reload 18 mode 2 by 000FE152
DIAG7 [C000:0000041C] 4AE8 advfunc=00 on=0 hdisp=0 vdisp=0
DIAG7 [C000:00007A62] 4AE8 advfunc=06 on=0 hdisp=640 vdisp=480
DIAG7 [C000:0000731E] 4AEE clock_sel=1850 on=0 hdisp=1024 vdisp=768
DIAG7 [C000:0000731E] 4AEE clock_sel=181C on=0 hdisp=640 vdisp=480
[M8F] [C000:7963] 32EE 0000 -> 0010 queued=0
[M8W] [C000:7908] OUTW ceee=5555 fifo=0 test=0
[M8W] [C000:7908] OUTW 82ee=5555 fifo=1 test=1
[M8W] [C000:7908] OUTW 86ee=5555 fifo=2 test=2
[M8W] [C000:7908] OUTW 8aee=5555 fifo=3 test=3
[M8W] [C000:7908] OUTW 8eee=5555 fifo=4 test=4
[M8W] [C000:7908] OUTW 92ee=5555 fifo=5 test=5
[M8W] [C000:7908] OUTW a6ee=5555 fifo=6 test=6
[M8W] [C000:7908] OUTW baee=5555 fifo=7 test=7
[M8W] [C000:7908] OUTW eaee=5555 fifo=8 test=8
[M8W] [C000:7908] OUTW d2ee=5555 fifo=9 test=9
[M8W] [C000:7908] OUTW d6ee=5555 fifo=10 test=10
[M8W] [C000:7908] OUTW daee=5555 fifo=11 test=11
[M8W] [C000:7908] OUTW deee=5555 fifo=12 test=12
[M8W] [C000:7908] OUTW e2ee=5555 fifo=13 test=13
[M8W] [C000:7908] OUTW e6ee=5555 fifo=14 test=14
[M8W] [C000:7908] OUTW feee=5555 fifo=15 test=15
[M8W] [C000:790E] INW  9aee=ffff fifo=0 test=16
[M8W] [C000:791A] INW  3aee=4c01 fifo=0 test=15
[M8W] [C000:792D] INW  1aee=5555 fifo=0 test=15
[M8W] [C000:791A] INW  3aee=0001 fifo=0 test=14
[M8W] [C000:792D] INW  1aee=5555 fifo=0 test=14
[M8W] [C000:791A] INW  3aee=0401 fifo=0 test=13
[M8W] [C000:792D] INW  1aee=5555 fifo=0 test=13
[M8W] [C000:791A] INW  3aee=0801 fifo=0 test=12
[M8W] [C000:792D] INW  1aee=5555 fifo=0 test=12
[M8W] [C000:791A] INW  3aee=0c01 fifo=0 test=11
[M8W] [C000:792D] INW  1aee=5555 fifo=0 test=11
[M8W] [C000:791A] INW  3aee=1001 fifo=0 test=10
[M8W] [C000:792D] INW  1aee=5555 fifo=0 test=10
[M8W] [C000:791A] INW  3aee=2401 fifo=0 test=9
[M8W] [C000:792D] INW  1aee=5555 fifo=0 test=9
[M8W] [C000:791A] INW  3aee=3801 fifo=0 test=8
[M8W] [C000:792D] INW  1aee=5555 fifo=0 test=8
[M8W] [C000:791A] INW  3aee=6801 fifo=0 test=7
[M8W] [C000:792D] INW  1aee=5555 fifo=0 test=7
[M8W] [C000:791A] INW  3aee=5001 fifo=0 test=6
[M8W] [C000:792D] INW  1aee=5555 fifo=0 test=6
[M8W] [C000:791A] INW  3aee=5401 fifo=0 test=5
[M8W] [C000:792D] INW  1aee=5555 fifo=0 test=5
[M8W] [C000:791A] INW  3aee=5801 fifo=0 test=4
[M8W] [C000:792D] INW  1aee=5555 fifo=0 test=4
[M8W] [C000:791A] INW  3aee=5c01 fifo=0 test=3
[M8W] [C000:792D] INW  1aee=5555 fifo=0 test=3
[M8W] [C000:791A] INW  3aee=6001 fifo=0 test=2
[M8W] [C000:792D] INW  1aee=5555 fifo=0 test=2
[M8W] [C000:791A] INW  3aee=6401 fifo=0 test=1
[M8W] [C000:792D] INW  1aee=5555 fifo=0 test=1
[M8W] [C000:791A] INW  3aee=7c01 fifo=0 test=0
[M8W] [C000:792D] INW  1aee=5555 fifo=0 test=0
[M8W] [C000:7937] INW  9aee=0000 fifo=0 test=0
[M8W] [C000:7908] OUTW ceee=aaaa fifo=0 test=0
[M8W] [C000:7908] OUTW 82ee=aaaa fifo=1 test=1
[M8W] [C000:7908] OUTW 86ee=aaaa fifo=2 test=2
[M8W] [C000:7908] OUTW 8aee=aaaa fifo=3 test=3
[M8W] [C000:7908] OUTW 8eee=aaaa fifo=4 test=4
[M8W] [C000:7908] OUTW 92ee=aaaa fifo=5 test=5
[M8W] [C000:7908] OUTW a6ee=aaaa fifo=6 test=6
[M8W] [C000:7908] OUTW baee=aaaa fifo=7 test=7
[M8W] [C000:7908] OUTW eaee=aaaa fifo=8 test=8
[M8W] [C000:7908] OUTW d2ee=aaaa fifo=9 test=9
[M8W] [C000:7908] OUTW d6ee=aaaa fifo=10 test=10
[M8W] [C000:7908] OUTW daee=aaaa fifo=11 test=11
[M8W] [C000:7908] OUTW deee=aaaa fifo=12 test=12
[M8W] [C000:7908] OUTW e2ee=aaaa fifo=13 test=13
[M8W] [C000:7908] OUTW e6ee=aaaa fifo=14 test=14
[M8W] [C000:7908] OUTW feee=aaaa fifo=15 test=15
[M8W] [C000:790E] INW  9aee=ffff fifo=0 test=16
[M8W] [C000:791A] INW  3aee=4c01 fifo=0 test=15
[M8W] [C000:792D] INW  1aee=aaaa fifo=0 test=15
[M8W] [C000:791A] INW  3aee=0001 fifo=0 test=14
[M8W] [C000:792D] INW  1aee=aaaa fifo=0 test=14
[M8W] [C000:791A] INW  3aee=0401 fifo=0 test=13
[M8W] [C000:792D] INW  1aee=aaaa fifo=0 test=13
[M8W] [C000:791A] INW  3aee=0801 fifo=0 test=12
[M8W] [C000:792D] INW  1aee=aaaa fifo=0 test=12
[M8W] [C000:791A] INW  3aee=0c01 fifo=0 test=11
[M8W] [C000:792D] INW  1aee=aaaa fifo=0 test=11
[M8W] [C000:791A] INW  3aee=1001 fifo=0 test=10
[M8W] [C000:792D] INW  1aee=aaaa fifo=0 test=10
[M8W] [C000:791A] INW  3aee=2401 fifo=0 test=9
[M8W] [C000:792D] INW  1aee=aaaa fifo=0 test=9
[M8W] [C000:791A] INW  3aee=3801 fifo=0 test=8
[M8W] [C000:792D] INW  1aee=aaaa fifo=0 test=8
[M8W] [C000:791A] INW  3aee=6801 fifo=0 test=7
[M8W] [C000:792D] INW  1aee=aaaa fifo=0 test=7
[M8W] [C000:791A] INW  3aee=5001 fifo=0 test=6
[M8W] [C000:792D] INW  1aee=aaaa fifo=0 test=6
[M8W] [C000:791A] INW  3aee=5401 fifo=0 test=5
[M8W] [C000:792D] INW  1aee=aaaa fifo=0 test=5
[M8W] [C000:791A] INW  3aee=5801 fifo=0 test=4
[M8W] [C000:792D] INW  1aee=aaaa fifo=0 test=4
[M8W] [C000:791A] INW  3aee=5c01 fifo=0 test=3
[M8W] [C000:792D] INW  1aee=aaaa fifo=0 test=3
[M8W] [C000:791A] INW  3aee=6001 fifo=0 test=2
[M8W] [C000:792D] INW  1aee=aaaa fifo=0 test=2
[M8W] [C000:791A] INW  3aee=6401 fifo=0 test=1
[M8W] [C000:792D] INW  1aee=aaaa fifo=0 test=1
[M8W] [C000:791A] INW  3aee=7c01 fifo=0 test=0
[M8W] [C000:792D] INW  1aee=aaaa fifo=0 test=0
[M8W] [C000:7937] INW  9aee=0000 fifo=0 test=0
[M8W] [C000:797A] OUTW 32ee=0000 fifo=0 test=0
[M8F] [C000:797A] 32EE 0010 -> 0000 queued=0
DIAG7 [C000:00007A62] 4AE8 advfunc=02 on=0 hdisp=640 vdisp=480
DIAG7 [C000:000075CD] 4AE8 advfunc=02 on=0 hdisp=640 vdisp=480
DIAG7 [C000:00007A62] 4AE8 advfunc=02 on=0 hdisp=640 vdisp=480
*** 5 repeats ***
DIAG7 [C000:000075CD] 4AE8 advfunc=02 on=0 hdisp=640 vdisp=480
DIAG7 [C000:0000731E] 4AEE clock_sel=1850 on=0 hdisp=640 vdisp=480
DIAG7 [C000:0000731E] 4AEE clock_sel=181C on=0 hdisp=640 vdisp=480
DIAG7 [C000:0000708E] 4AE8 advfunc=02 on=0 hdisp=640 vdisp=480
PITCH0 reload 22 (0.018 ms) mode 0
PITCH0 reload 255 (0.214 ms) mode 0
PITCH0 reload 65536 (54.925 ms) mode 3
PITCH2 reload 65464 mode 3 by 000FEC67
PITCH2 reload 1208 mode 3 by 000FEC6C
  MODELBYTE read by [0020:00000950] pm=1 v86=0 cpl=0
  MODELBYTE read by [0325:000008A1] pm=0 v86=0 cpl=0
PITCH2 reload 1075 mode 3 by 000C18AC
PITCH2 reload 1331 mode 3 by 000C18B0
  MODELBYTE read by [8785:00003A3A] pm=0 v86=0 cpl=0
  MODELBYTE read by [09E0:0000124C] pm=0 v86=0 cpl=0
  MODELBYTE read by [09E0:000012FF] pm=0 v86=0 cpl=0
PITCH1 reload 64 mode 2 by 0000BA28
  MODELBYTE read by [0028:C0360575] pm=1 v86=0 cpl=0
PITCH0 reload 16384 (13.731 ms) mode 2
PITCH0 caller EIP C002D6C9 ESP C13A1E4C
PITCH0 stack+000 C002D4E1 code[-8..+8] 4C304BE88801000061F8C361F9C36083
PITCH0 stack+004 C036842E code[-8..+8] 004F4646003000004D696E54696D6553
PITCH0 stack+00C C13A1F70 code[-8..+8] CCCCCCCCCCCCCCCC0000000000000000
PITCH0 stack+010 C13A1E70 code[-8..+8] FA0132C010000000866B36C07F010000
PITCH0 stack+014 C15200E8 code[-8..+8] 00000000FFFFFFFF00000000000040C1
PITCH0 stack+01C C03201FA code[-8..+8] 1CC11200000000070800FB0002900000
PITCH0 stack+024 C0366B86 code[-8..+8] 01C0FF15ECD802C0A1600701C0BEC1A1
PITCH0 stack+030 C13A1F70 code[-8..+8] CCCCCCCCCCCCCCCC0000000000000000
PITCH0 stack+034 C13A1E94 code[-8..+8] FA0132C0FBFF03004F0B36C0CCCCCCCC
PITCH0 stack+038 C15200E8 code[-8..+8] 00000000FFFFFFFF00000000000040C1
PITCH0 stack+040 C03201FA code[-8..+8] 1CC11200000000070800FB0002900000
PITCH0 stack+048 C0360B4F code[-8..+8] 090000E80460000033C0BF108336C0CD
[0117:0000B929] Illegal instruction 00008B55 (FF)
  MODELBYTE read by [01EF:0000002A] pm=1 v86=0 cpl=3
DIAG7 [03A7:0000731E] 4AEE clock_sel=1850 on=0 hdisp=640 vdisp=480
DIAG7 [03A7:0000731E] 4AEE clock_sel=181C on=0 hdisp=640 vdisp=480
DIAG7 [03A7:0000708E] 4AE8 advfunc=07 on=1 hdisp=640 vdisp=480
[M8P] rect cmd=40b3 pixcntl=000 cur=0,0
[M8B] start cur=16,769 dyend=770 dpc=3251 dpitch=1024 doff=0 clip 0,0-2047,2047 compat=0
[M8E] pixtrans val=ffff dpc=3251 cmdtype=2 cmd_back=0 cur=16,769 dyend=770
*** 11 repeats ***
[M8E] pixtrans val=c0ff dpc=3251 cmdtype=2 cmd_back=0 cur=16,769 dyend=770
[M8E] pixtrans val=ff01 dpc=3251 cmdtype=2 cmd_back=0 cur=16,769 dyend=770
[M8E] pixtrans val=c0ff dpc=3251 cmdtype=2 cmd_back=0 cur=16,769 dyend=770
[M8E] pixtrans val=ff01 dpc=3251 cmdtype=2 cmd_back=0 cur=16,769 dyend=770
[M8E] pixtrans val=c0ff dpc=3251 cmdtype=2 cmd_back=0 cur=16,769 dyend=770
[M8E] pixtrans val=ff01 dpc=3251 cmdtype=2 cmd_back=0 cur=16,769 dyend=770
[M8E] pixtrans val=e0ff dpc=3251 cmdtype=2 cmd_back=0 cur=16,769 dyend=770
[M8E] pixtrans val=ff03 dpc=3251 cmdtype=2 cmd_back=0 cur=16,769 dyend=770
[M8E] pixtrans val=e0ff dpc=3251 cmdtype=2 cmd_back=0 cur=16,769 dyend=770
[M8E] pixtrans val=ff03 dpc=3251 cmdtype=2 cmd_back=0 cur=16,769 dyend=770
[M8E] pixtrans val=e0ff dpc=3251 cmdtype=2 cmd_back=0 cur=16,769 dyend=770
[M8E] pixtrans val=ff03 dpc=3251 cmdtype=2 cmd_back=0 cur=16,769 dyend=770
[M8E] pixtrans val=e0ff dpc=3251 cmdtype=2 cmd_back=0 cur=16,769 dyend=770
[M8E] pixtrans val=ff03 dpc=3251 cmdtype=2 cmd_back=0 cur=16,769 dyend=770
[M8E] pixtrans val=e0ff dpc=3251 cmdtype=2 cmd_back=0 cur=16,769 dyend=770
[M8E] pixtrans val=ff03 dpc=3251 cmdtype=2 cmd_back=0 cur=16,769 dyend=770
[M8E] pixtrans val=f0ff dpc=3251 cmdtype=2 cmd_back=0 cur=16,769 dyend=770
[M8E] pixtrans val=ff07 dpc=3251 cmdtype=2 cmd_back=0 cur=16,769 dyend=770
[M8E] pixtrans val=f8ff dpc=3251 cmdtype=2 cmd_back=0 cur=16,769 dyend=770
[M8E] pixtrans val=ff0f dpc=3251 cmdtype=2 cmd_back=0 cur=16,769 dyend=770
[M8E] pixtrans val=fcff dpc=3251 cmdtype=2 cmd_back=0 cur=16,769 dyend=770
[M8E] pixtrans val=ff1f dpc=3251 cmdtype=2 cmd_back=0 cur=16,769 dyend=770
[M8E] pixtrans val=fcff dpc=3251 cmdtype=2 cmd_back=0 cur=16,769 dyend=770
[M8E] pixtrans val=ff1f dpc=3251 cmdtype=2 cmd_back=0 cur=16,769 dyend=770
[M8E] pixtrans val=f8ff dpc=3251 cmdtype=2 cmd_back=0 cur=16,769 dyend=770
[M8E] pixtrans val=ff0f dpc=3251 cmdtype=2 cmd_back=0 cur=16,769 dyend=770
[M8E] pixtrans val=f0ff dpc=3251 cmdtype=2 cmd_back=0 cur=16,769 dyend=770
[M8E] pixtrans val=ff07 dpc=3251 cmdtype=2 cmd_back=0 cur=16,769 dyend=770
[M8T] OUT2 caee=0010
[M8X] scan cur=0,770 to=16 compat=0 dpc=3251 dp_compat=0 frgd_sel=1 bkgd_sel=0 mono=2 fmix=02 cmd_back=0 pixw=1 pitch=1024 off=0 dstp=1024
[M8T] IN2 9aee=0000
[M8T] OUT2 e2e8=ffff
[M8T] IN2 9aee=0000
[M8T] OUT2 86e8=0010
[M8T] OUT2 82e8=0301
[M8B] start cur=16,769 dyend=770 dpc=3251 dpitch=1024 doff=0 clip 0,0-2047,2047 compat=0
[M8T] IN2 9aee=0000
[M8T] OUT2 e2e8=0000
*** 13 repeats ***
[M8T] OUT2 e2e8=0f00
[M8T] OUT2 e2e8=00f8
[M8T] OUT2 e2e8=0000
*** 1 repeats ***
[M8T] OUT2 e2e8=0f00
[M8T] OUT2 e2e8=00f8
[M8T] OUT2 e2e8=0f00
[M8T] OUT2 e2e8=00f8
[M8T] OUT2 e2e8=0d00
[M8T] OUT2 e2e8=0058
[M8T] OUT2 e2e8=0e00
[M8T] OUT2 e2e8=00b8
[M8T] OUT2 e2e8=0700
[M8T] OUT2 e2e8=0070
[M8T] OUT2 e2e8=0300
[M8T] OUT2 e2e8=00e0
[M8T] OUT2 e2e8=0100
[M8T] OUT2 e2e8=0040
[M8T] OUT2 e2e8=0000
[M8T] OUT2 e2e8=0080
[M8T] OUT2 e2e8=0000
[M8T] OUT2 e2e8=0080
[M8T] OUT2 e2e8=0100
[M8T] OUT2 e2e8=00c0
[M8T] OUT2 e2e8=0300
[M8T] OUT2 e2e8=0060
[M8T] OUT2 e2e8=0700
[M8T] OUT2 e2e8=00f0
[M8T] OUT2 e2e8=0f00
[M8T] OUT2 e2e8=0078
[M8T] OUT2 e2e8=0e00
[M8T] OUT2 e2e8=00b8
[M8T] OUT2 e2e8=0d00
[M8T] OUT2 e2e8=0058
[M8T] OUT2 e2e8=0a00
[M8T] OUT2 e2e8=00a8
[M8T] OUT2 e2e8=0000
*** 1 repeats ***
[M8T] OUT2 e2e8=0f00
[M8T] OUT2 e2e8=00f8
[M8T] OUT2 e2e8=0000
*** 8 repeats ***
[M8T] IN2 9aee=0000
[M8T] OUT2 86e8=0000
[M8T] OUT2 82e8=0302
[M8T] OUT2 caee=0010
[M8X] scan cur=0,770 to=16 compat=0 dpc=3251 dp_compat=0 frgd_sel=1 bkgd_sel=0 mono=2 fmix=02 cmd_back=0 pixw=1 pitch=1024 off=0 dstp=1024
[M8T] IN2 9aee=0000
[M8T] OUT2 e2e8=0000
[M8T] IN2 9aee=0000
[M8T] IN2 9aee=8000
[M8T] IN2 9aee=0000
[M8T] OUT2 8ee8=01f0
[M8T] OUT2 8ae8=0170
[M8T] IN2 9aee=fe00
[M8T] IN2 9aee=0000
[M8T] OUT2 86e8=0010
[M8T] OUT2 82e8=0300
[M8B] start cur=16,768 dyend=769 dpc=6211 dpitch=1024 doff=0 clip 0,0-2047,2047 compat=0
[M8B] end cur=0,769
[M8T] IN2 9aee=0000
[M8T] OUT2 8ae8=018f
[M8T] OUT2 8ee8=0200
[M8T] IN2 9aee=f000
[M8T] IN2 9aee=0000
[M8T] OUT2 86e8=0000
[M8T] OUT2 82e8=0301
[M8T] OUT2 caee=0010
[M8X] scan cur=0,769 to=16 compat=0 dpc=6211 dp_compat=0 frgd_sel=3 bkgd_sel=0 mono=0 fmix=07 cmd_back=1 pixw=1 pitch=1024 off=0 dstp=1024
[M8Y] count=-1 width=16 dx=0 dy=769 dest=0c0400 clip l=0 t=0 r=2047 b=2047 cmp=0 fc=000000ff wm=000000ff
[M8T] IN2 9aee=0000
[M8T] OUT2 daee=0000
[M8T] OUT2 deee=0000
[M8T] OUT2 e2ee=03ff
[M8T] OUT2 e6ee=02ff
[M8T] OUT2 a6e8=ffff
[M8T] IN2 9aee=ff00
[M8T] IN2 9aee=0000
[M8T] OUT2 8ae8=0301
[M8T] OUT2 8ee8=0010
[M8T] OUT2 82e8=0170
[M8T] OUT2 86e8=01f0
[M8B] start cur=496,368 dyend=400 dpc=2071 dpitch=1024 doff=0 clip 0,0-1023,767 compat=0
[M8T] IN2 9aee=0000
[M8T] OUT2 8ae8=0301
[M8T] OUT2 8ee8=0010
[M8T] OUT2 82e8=0170
[M8T] OUT2 86e8=01f0
[M8B] start cur=496,368 dyend=400 dpc=2071 dpitch=1024 doff=0 clip 0,0-1023,767 compat=0
[M8T] OUT2 e2ee=05ff
[M8T] OUT2 e6ee=05ff
[M8T] IN2 9aee=c000
[M8T] IN2 9aee=0000
[M8T] OUT2 daee=0000
[M8T] OUT2 deee=0000
[M8T] OUT2 e2ee=03ff
[M8T] OUT2 e6ee=02ff
[M8T] IN2 9aee=fc00
[M8T] IN2 9aee=0000
[M8T] OUT2 8ee8=0010
[M8T] OUT2 8ae8=0300
[M8T] OUT2 86e8=01f0
[M8T] OUT2 82e8=0170
[M8B] start cur=496,368 dyend=400 dpc=6211 dpitch=1024 doff=0 clip 0,0-1023,767 compat=0
[M8B] end cur=496,400
[M8T] OUT2 e2ee=05ff
[M8T] OUT2 e6ee=05ff
[M8T] IN2 9aee=c000
[M8T] IN2 9aee=0000
[M8T] IN2 9aee=e000
[M8T] IN2 9aee=0000
[M8T] OUT2 86e8=0010
[M8T] OUT2 82e8=0301
[M8B] start cur=16,769 dyend=770 dpc=3251 dpitch=1024 doff=0 clip 0,0-1535,1535 compat=0
[M8T] IN2 9aee=0000
[M8T] OUT2 e2e8=ff7f
[M8T] OUT2 e2e8=ffff
[M8T] OUT2 e2e8=ff3f
[M8T] OUT2 e2e8=ffff
[M8T] OUT2 e2e8=ff1f
[M8T] OUT2 e2e8=ffff
[M8T] OUT2 e2e8=ff0f
[M8T] OUT2 e2e8=ffff
[M8T] OUT2 e2e8=ff07
[M8T] OUT2 e2e8=ffff
[M8T] OUT2 e2e8=ff03
[M8T] OUT2 e2e8=ffff
[M8T] OUT2 e2e8=ff01
[M8T] OUT2 e2e8=ffff
[M8T] OUT2 e2e8=ff00
[M8T] OUT2 e2e8=ffff
[M8T] OUT2 e2e8=7f00
[M8T] OUT2 e2e8=ffff
[M8T] OUT2 e2e8=3f00
[M8T] OUT2 e2e8=ffff
[M8T] OUT2 e2e8=1f00
[M8T] OUT2 e2e8=ffff
[M8T] OUT2 e2e8=ff01
[M8T] OUT2 e2e8=ffff
[M8T] OUT2 e2e8=ff10
[M8T] OUT2 e2e8=ffff
[M8T] OUT2 e2e8=ff30
[M8T] OUT2 e2e8=ffff
[M8T] OUT2 e2e8=7f78
[M8T] OUT2 e2e8=ffff
[M8T] OUT2 e2e8=7ff8
[M8T] OUT2 e2e8=ffff
[M8T] OUT2 e2e8=3ffc
[M8T] OUT2 e2e8=ffff
[M8T] OUT2 e2e8=3ffc
[M8T] OUT2 e2e8=ffff
[M8T] OUT2 e2e8=7ffe
[M8T] OUT2 e2e8=ffff
*** 25 repeats ***
[M8T] IN2 9aee=0000
[M8T] OUT2 86e8=0000
[M8T] OUT2 82e8=0302
[M8T] OUT2 caee=0010
[M8X] scan cur=0,770 to=16 compat=0 dpc=3251 dp_compat=0 frgd_sel=1 bkgd_sel=0 mono=2 fmix=02 cmd_back=0 pixw=1 pitch=1024 off=0 dstp=1024
[M8T] IN2 9aee=0000
[M8T] OUT2 e2e8=ffff
[M8T] IN2 9aee=0000
[M8T] OUT2 86e8=0010
[M8T] OUT2 82e8=0301
[M8B] start cur=16,769 dyend=770 dpc=3251 dpitch=1024 doff=0 clip 0,0-1535,1535 compat=0
[M8T] IN2 9aee=0000
[M8T] OUT2 e2e8=0000
*** 3 repeats ***
[M8T] OUT2 e2e8=0040
[M8T] OUT2 e2e8=0000
[M8T] OUT2 e2e8=0060
[M8T] OUT2 e2e8=0000
[M8T] OUT2 e2e8=0070
[M8T] OUT2 e2e8=0000
[M8T] OUT2 e2e8=0078
[M8T] OUT2 e2e8=0000
[M8T] OUT2 e2e8=007c
[M8T] OUT2 e2e8=0000
[M8T] OUT2 e2e8=007e
[M8T] OUT2 e2e8=0000
[M8T] OUT2 e2e8=007f
[M8T] OUT2 e2e8=0000
[M8T] OUT2 e2e8=807f
[M8T] OUT2 e2e8=0000
[M8T] OUT2 e2e8=007c
[M8T] OUT2 e2e8=0000
[M8T] OUT2 e2e8=006c
[M8T] OUT2 e2e8=0000
[M8T] OUT2 e2e8=0046
[M8T] OUT2 e2e8=0000
[M8T] OUT2 e2e8=0006
[M8T] OUT2 e2e8=0000
[M8T] OUT2 e2e8=0003
[M8T] OUT2 e2e8=0000
[M8T] OUT2 e2e8=0003
[M8T] OUT2 e2e8=0000
[M8T] OUT2 e2e8=8001
[M8T] OUT2 e2e8=0000
[M8T] OUT2 e2e8=8001
[M8T] OUT2 e2e8=0000
*** 27 repeats ***
[M8T] IN2 9aee=0000
[M8T] OUT2 86e8=0000
[M8T] OUT2 82e8=0302
[M8T] OUT2 caee=0010
[M8X] scan cur=0,770 to=16 compat=0 dpc=3251 dp_compat=0 frgd_sel=1 bkgd_sel=0 mono=2 fmix=02 cmd_back=0 pixw=1 pitch=1024 off=0 dstp=1024
[M8T] IN2 9aee=0000
[M8T] OUT2 e2e8=0000
[M8T] IN2 9aee=0000
[M8T] IN2 9aee=8000
[M8T] IN2 9aee=0000
[M8T] OUT2 8ee8=0200
[M8T] OUT2 8ae8=0180
[M8T] IN2 9aee=fe00
[M8T] IN2 9aee=0000
[M8T] OUT2 86e8=0010
[M8T] OUT2 82e8=0300
[M8B] start cur=16,768 dyend=769 dpc=6211 dpitch=1024 doff=0 clip 0,0-1535,1535 compat=0
[M8B] end cur=0,769
[M8T] IN2 9aee=0000
[M8T] OUT2 8ae8=019f
[M8T] OUT2 8ee8=0210
[M8T] IN2 9aee=f000
[M8T] IN2 9aee=0000
[M8T] OUT2 86e8=0000
[M8T] OUT2 82e8=0301
[M8T] OUT2 caee=0010
[M8X] scan cur=0,769 to=16 compat=0 dpc=6211 dp_compat=0 frgd_sel=3 bkgd_sel=0 mono=0 fmix=07 cmd_back=1 pixw=1 pitch=1024 off=0 dstp=1024
[M8Y] count=-1 width=16 dx=0 dy=769 dest=0c0400 clip l=0 t=0 r=1535 b=1535 cmp=0 fc=000000ff wm=000000ff
[M8T] IN2 9aee=0000
[M8T] OUT2 daee=0000
[M8T] OUT2 deee=0000
[M8T] OUT2 e2ee=03ff
[M8T] OUT2 e6ee=02ff
[M8T] OUT2 a6e8=ffff
[M8T] IN2 9aee=ff00
[M8T] IN2 9aee=0000
[M8T] OUT2 8ae8=0301
[M8T] OUT2 8ee8=0010
[M8T] OUT2 82e8=0180
[M8T] OUT2 86e8=0200
[M8B] start cur=512,384 dyend=416 dpc=2071 dpitch=1024 doff=0 clip 0,0-1023,767 compat=0
[M8T] IN2 9aee=0000
[M8T] OUT2 8ae8=0301
[M8T] OUT2 8ee8=0010
[M8T] OUT2 82e8=0180
[M8T] OUT2 86e8=0200
[M8B] start cur=512,384 dyend=416 dpc=2071 dpitch=1024 doff=0 clip 0,0-1023,767 compat=0
[M8T] OUT2 e2ee=05ff
[M8T] OUT2 e6ee=05ff
[M8T] IN2 9aee=c000
[M8T] IN2 9aee=0000
[M8T] OUT2 daee=0000
[M8T] OUT2 deee=0000
[M8T] OUT2 e2ee=03ff
[M8T] OUT2 e6ee=02ff
[M8T] IN2 9aee=fc00
[M8T] IN2 9aee=0000
[M8T] OUT2 8ee8=0010
[M8T] OUT2 8ae8=0300
[M8T] OUT2 86e8=0200
[M8T] OUT2 82e8=0180
[M8B] start cur=512,384 dyend=416 dpc=6211 dpitch=1024 doff=0 clip 0,0-1023,767 compat=0
[M8B] end cur=512,416
[M8T] OUT2 e2ee=05ff
[M8T] OUT2 e6ee=05ff
[M8T] IN2 9aee=c000
[M8T] IN2 9aee=0000
[M8T] OUT2 a6e8=0606
[M8T] OUT2 86e8=0000
[M8T] OUT2 82e8=0000
[M8B] start cur=0,0 dyend=768 dpc=2211 dpitch=1024 doff=0 clip 0,0-1535,1535 compat=0
[M8B] end cur=0,768
[M8T] IN2 9aee=0000
[M8T] OUT2 8ee8=0200
[M8T] OUT2 8ae8=0180
[M8T] IN2 9aee=fe00
[M8T] IN2 9aee=0000
[M8T] OUT2 86e8=0010
[M8T] OUT2 82e8=0300
[M8B] start cur=16,768 dyend=769 dpc=6211 dpitch=1024 doff=0 clip 0,0-1535,1535 compat=0
[M8B] end cur=0,769
[M8T] IN2 9aee=0000
[M8T] OUT2 8ae8=019f
[M8T] OUT2 8ee8=0210
[M8T] IN2 9aee=f000
[M8T] IN2 9aee=0000
[M8T] OUT2 86e8=0000
[M8T] OUT2 82e8=0301
[M8T] OUT2 caee=0010
[M8X] scan cur=0,769 to=16 compat=0 dpc=6211 dp_compat=0 frgd_sel=3 bkgd_sel=0 mono=0 fmix=07 cmd_back=1 pixw=1 pitch=1024 off=0 dstp=1024
[M8Y] count=-1 width=16 dx=0 dy=769 dest=0c0400 clip l=0 t=0 r=1535 b=1535 cmp=0 fc=00000006 wm=000000ff
[M8T] IN2 9aee=0000
[M8T] OUT2 daee=0000
[M8T] OUT2 deee=0000
[M8T] OUT2 e2ee=03ff
[M8T] OUT2 e6ee=02ff
[M8T] OUT2 a6e8=ffff
[M8T] IN2 9aee=ff00
[M8T] IN2 9aee=0000
[M8T] OUT2 8ae8=0301
[M8T] OUT2 8ee8=0010
[M8T] OUT2 82e8=0180
[M8T] OUT2 86e8=0200
[M8B] start cur=512,384 dyend=416 dpc=2071 dpitch=1024 doff=0 clip 0,0-1023,767 compat=0
[M8T] IN2 9aee=0000
[M8T] OUT2 8ae8=0301
[M8T] OUT2 8ee8=0010
[M8T] OUT2 82e8=0180
[M8T] OUT2 86e8=0200
[M8B] start cur=512,384 dyend=416 dpc=2071 dpitch=1024 doff=0 clip 0,0-1023,767 compat=0
[M8T] OUT2 e2ee=05ff
[M8T] OUT2 e6ee=05ff
[M8T] IN2 9aee=c000
[M8T] IN2 9aee=0000
[M8T] OUT2 daee=0000
[M8T] OUT2 deee=0000
[M8T] OUT2 e2ee=03ff
[M8T] OUT2 e6ee=02ff
[M8T] IN2 9aee=fc00
[M8T] IN2 9aee=0000
[M8T] OUT2 8ee8=0010
[M8T] OUT2 8ae8=0300
[M8T] OUT2 86e8=0200
[M8T] OUT2 82e8=0180
[M8B] start cur=512,384 dyend=416 dpc=6211 dpitch=1024 doff=0 clip 0,0-1023,767 compat=0
[M8B] end cur=512,416
[M8T] OUT2 e2ee=05ff
[M8T] OUT2 e6ee=05ff
[M8T] IN2 9aee=c000
[M8T] IN2 9aee=0000
[M8T] IN2 9aee=e000
[M8T] IN2 9aee=0000
[M8T] OUT2 86e8=0010
[M8T] OUT2 82e8=0301
[M8B] start cur=16,769 dyend=770 dpc=3251 dpitch=1024 doff=0 clip 0,0-1535,1535 compat=0
[M8T] IN2 9aee=0000
[M8T] OUT2 e2e8=ff7f
[M8T] OUT2 e2e8=ffff
[M8T] OUT2 e2e8=f03f
[M8T] OUT2 e2e8=ff03
[M8T] OUT2 e2e8=f01f
[M8T] OUT2 e2e8=ff03
[M8T] OUT2 e2e8=f00f
[M8T] OUT2 e2e8=ff03
[M8T] OUT2 e2e8=f807
[M8T] OUT2 e2e8=ff07
[M8T] OUT2 e2e8=f803
[M8T] OUT2 e2e8=ff07
[M8T] OUT2 e2e8=f801
[M8T] OUT2 e2e8=ff07
[M8T] OUT2 e2e8=f800
[M8T] OUT2 e2e8=ff07
[M8T] OUT2 e2e8=7c00
[M8T] OUT2 e2e8=ff0f
[M8T] OUT2 e2e8=3e00
[M8T] OUT2 e2e8=ff1f
[M8T] OUT2 e2e8=1c00
[M8T] OUT2 e2e8=ff0f
[M8T] OUT2 e2e8=f801
[M8T] OUT2 e2e8=ff07
[M8T] OUT2 e2e8=f810
[M8T] OUT2 e2e8=ff07
[M8T] OUT2 e2e8=f830
[M8T] OUT2 e2e8=ff07
[M8T] OUT2 e2e8=7878
[M8T] OUT2 e2e8=ff07
[M8T] OUT2 e2e8=70f8
[M8T] OUT2 e2e8=ff03
[M8T] OUT2 e2e8=30fc
[M8T] OUT2 e2e8=ff03
[M8T] OUT2 e2e8=30fc
[M8T] OUT2 e2e8=ff03
[M8T] OUT2 e2e8=7ffe
[M8T] OUT2 e2e8=ffff
*** 25 repeats ***
[M8T] IN2 9aee=0000
[M8T] OUT2 86e8=0000
[M8T] OUT2 82e8=0302
[M8T] OUT2 caee=0010
[M8X] scan cur=0,770 to=16 compat=0 dpc=3251 dp_compat=0 frgd_sel=1 bkgd_sel=0 mono=2 fmix=02 cmd_back=0 pixw=1 pitch=1024 off=0 dstp=1024
[M8T] IN2 9aee=0000
[M8T] OUT2 e2e8=ffff
[M8T] IN2 9aee=0000
[M8T] OUT2 86e8=0010
[M8T] OUT2 82e8=0301
[M8B] start cur=16,769 dyend=770 dpc=3251 dpitch=1024 doff=0 clip 0,0-1535,1535 compat=0
[M8T] IN2 9aee=0000
[M8T] OUT2 e2e8=0000
*** 3 repeats ***
[M8T] OUT2 e2e8=0340
[M8T] OUT2 e2e8=00f0
[M8T] OUT2 e2e8=0060
[M8T] OUT2 e2e8=0000
[M8T] OUT2 e2e8=0370
[M8T] OUT2 e2e8=00f0
[M8T] OUT2 e2e8=0378
[M8T] OUT2 e2e8=00f0
[M8T] OUT2 e2e8=037c
[M8T] OUT2 e2e8=00b0
[M8T] OUT2 e2e8=017e
[M8T] OUT2 e2e8=0060
[M8T] OUT2 e2e8=007f
[M8T] OUT2 e2e8=00c0
[M8T] OUT2 e2e8=807f
[M8T] OUT2 e2e8=0040
[M8T] OUT2 e2e8=007c
[M8T] OUT2 e2e8=00c0
[M8T] OUT2 e2e8=016c
[M8T] OUT2 e2e8=00e0
[M8T] OUT2 e2e8=0346
[M8T] OUT2 e2e8=0070
[M8T] OUT2 e2e8=0206
[M8T] OUT2 e2e8=00b0
[M8T] OUT2 e2e8=0103
[M8T] OUT2 e2e8=0050
[M8T] OUT2 e2e8=0003
[M8T] OUT2 e2e8=0000
[M8T] OUT2 e2e8=8301
[M8T] OUT2 e2e8=00f0
[M8T] OUT2 e2e8=8001
[M8T] OUT2 e2e8=0000
*** 27 repeats ***
[M8T] IN2 9aee=0000
[M8T] OUT2 86e8=0000
[M8T] OUT2 82e8=0302
[M8T] OUT2 caee=0010
[M8X] scan cur=0,770 to=16 compat=0 dpc=3251 dp_compat=0 frgd_sel=1 bkgd_sel=0 mono=2 fmix=02 cmd_back=0 pixw=1 pitch=1024 off=0 dstp=1024
[M8T] IN2 9aee=0000
[M8T] OUT2 e2e8=0000
[M8T] IN2 9aee=0000
[M8T] IN2 9aee=8000
[M8T] IN2 9aee=0000
[M8T] OUT2 8ee8=0200
[M8T] OUT2 8ae8=0180
[M8T] IN2 9aee=fe00
[M8T] IN2 9aee=0000
[M8T] OUT2 86e8=0010
[M8T] OUT2 82e8=0300
[M8B] start cur=16,768 dyend=769 dpc=6211 dpitch=1024 doff=0 clip 0,0-1535,1535 compat=0
[M8B] end cur=0,769
[M8T] IN2 9aee=0000
[M8T] OUT2 8ae8=019f
[M8T] OUT2 8ee8=0210
[M8T] IN2 9aee=f000
[M8T] IN2 9aee=0000
[M8T] OUT2 86e8=0000
[M8T] OUT2 82e8=0301
[M8T] OUT2 caee=0010
[M8X] scan cur=0,769 to=16 compat=0 dpc=6211 dp_compat=0 frgd_sel=3 bkgd_sel=0 mono=0 fmix=07 cmd_back=1 pixw=1 pitch=1024 off=0 dstp=1024
[M8Y] count=-1 width=16 dx=0 dy=769 dest=0c0400 clip l=0 t=0 r=1535 b=1535 cmp=0 fc=000000ff wm=000000ff
[M8T] IN2 9aee=0000
[M8T] OUT2 daee=0000
[M8T] OUT2 deee=0000
[M8T] OUT2 e2ee=03ff
[M8T] OUT2 e6ee=02ff
[M8T] OUT2 a6e8=ffff
[M8T] IN2 9aee=ff00
[M8T] IN2 9aee=0000
[M8T] OUT2 8ae8=0301
[M8T] OUT2 8ee8=0010
[M8T] OUT2 82e8=0180
[M8T] OUT2 86e8=0200
[M8B] start cur=512,384 dyend=416 dpc=2071 dpitch=1024 doff=0 clip 0,0-1023,767 compat=0
[M8T] IN2 9aee=0000
[M8T] OUT2 8ae8=0301
[M8T] OUT2 8ee8=0010
[M8T] OUT2 82e8=0180
[M8T] OUT2 86e8=0200
[M8B] start cur=512,384 dyend=416 dpc=2071 dpitch=1024 doff=0 clip 0,0-1023,767 compat=0
[M8T] OUT2 e2ee=05ff
[M8T] OUT2 e6ee=05ff
[M8T] IN2 9aee=c000
[M8T] IN2 9aee=0000
[M8T] OUT2 daee=0000
[M8T] OUT2 deee=0000
[M8T] OUT2 e2ee=03ff
[M8T] OUT2 e6ee=02ff
[M8T] IN2 9aee=fc00
[M8T] IN2 9aee=0000
[M8T] OUT2 8ee8=0010
[M8T] OUT2 8ae8=0300
[M8T] OUT2 86e8=0200
[M8T] OUT2 82e8=0180
[M8B] start cur=512,384 dyend=416 dpc=6211 dpitch=1024 doff=0 clip 0,0-1023,767 compat=0
[M8B] end cur=512,416
[M8T] OUT2 e2ee=05ff
[M8T] OUT2 e6ee=05ff
[M8T] IN2 9aee=c000
[M8T] IN2 9aee=0000
[M8T] IN2 9aee=e000
[M8T] IN2 9aee=0000
[M8T] OUT2 86e8=0010
[M8T] OUT2 82e8=0301
[M8B] start cur=16,769 dyend=770 dpc=3251 dpitch=1024 doff=0 clip 0,0-1535,1535 compat=0
[M8T] IN2 9aee=0000
[M8T] OUT2 e2e8=ff7f
[M8T] OUT2 e2e8=ffff
[M8T] OUT2 e2e8=ff3f
[M8T] OUT2 e2e8=ffff
[M8T] OUT2 e2e8=ff1f
[M8T] OUT2 e2e8=ffff
[M8T] OUT2 e2e8=ff0f
[M8T] OUT2 e2e8=ffff
[M8T] OUT2 e2e8=ff07
[M8T] OUT2 e2e8=ffff
[M8T] OUT2 e2e8=ff03
[M8T] OUT2 e2e8=ffff
[M8T] OUT2 e2e8=ff01
[M8T] OUT2 e2e8=ffff
[M8T] OUT2 e2e8=ff00
[M8T] OUT2 e2e8=ffff
[M8T] OUT2 e2e8=7f00
[M8T] OUT2 e2e8=ffff
[M8T] OUT2 e2e8=3f00
[M8T] OUT2 e2e8=ffff
[M8T] OUT2 e2e8=1f00
[M8T] OUT2 e2e8=ffff
[M8T] OUT2 e2e8=ff01
[M8T] OUT2 e2e8=ffff
[M8T] OUT2 e2e8=ff10
[M8T] OUT2 e2e8=ffff
[M8T] OUT2 e2e8=ff30
[M8T] OUT2 e2e8=ffff
[M8T] OUT2 e2e8=7f78
[M8T] OUT2 e2e8=ffff
[M8T] OUT2 e2e8=7ff8
[M8T] OUT2 e2e8=ffff
[M8T] OUT2 e2e8=3ffc
[M8T] OUT2 e2e8=ffff
[M8T] OUT2 e2e8=3ffc
[M8T] OUT2 e2e8=ffff
[M8T] OUT2 e2e8=7ffe
[M8T] OUT2 e2e8=ffff
*** 25 repeats ***
[M8T] IN2 9aee=0000
[M8T] OUT2 86e8=0000
[M8T] OUT2 82e8=0302
[M8T] OUT2 caee=0010
[M8X] scan cur=0,770 to=16 compat=0 dpc=3251 dp_compat=0 frgd_sel=1 bkgd_sel=0 mono=2 fmix=02 cmd_back=0 pixw=1 pitch=1024 off=0 dstp=1024
[M8T] IN2 9aee=0000
[M8T] OUT2 e2e8=ffff
[M8T] IN2 9aee=0000
[M8T] OUT2 86e8=0010
[M8T] OUT2 82e8=0301
[M8B] start cur=16,769 dyend=770 dpc=3251 dpitch=1024 doff=0 clip 0,0-1535,1535 compat=0
[M8T] IN2 9aee=0000
[M8T] OUT2 e2e8=0000
*** 3 repeats ***
[M8T] OUT2 e2e8=0040
[M8T] OUT2 e2e8=0000
[M8T] OUT2 e2e8=0060
[M8T] OUT2 e2e8=0000
[M8T] OUT2 e2e8=0070
[M8T] OUT2 e2e8=0000
[M8T] OUT2 e2e8=0078
[M8T] OUT2 e2e8=0000
[M8T] OUT2 e2e8=007c
[M8T] OUT2 e2e8=0000
[M8T] OUT2 e2e8=007e
[M8T] OUT2 e2e8=0000
[M8T] OUT2 e2e8=007f
[M8T] OUT2 e2e8=0000
[M8T] OUT2 e2e8=807f
[M8T] OUT2 e2e8=0000
[M8T] OUT2 e2e8=007c
[M8T] OUT2 e2e8=0000
[M8T] OUT2 e2e8=006c
[M8T] OUT2 e2e8=0000
[M8T] OUT2 e2e8=0046
[M8T] OUT2 e2e8=0000
[M8T] OUT2 e2e8=0006
[M8T] OUT2 e2e8=0000
[M8T] OUT2 e2e8=0003
[M8T] OUT2 e2e8=0000
[M8T] OUT2 e2e8=0003
[M8T] OUT2 e2e8=0000
[M8T] OUT2 e2e8=8001
[M8T] OUT2 e2e8=0000
[M8T] OUT2 e2e8=8001
[M8T] OUT2 e2e8=0000
*** 27 repeats ***
[M8T] IN2 9aee=0000
[M8T] OUT2 86e8=0000
[M8T] OUT2 82e8=0302
[M8T] OUT2 caee=0010
[M8X] scan cur=0,770 to=16 compat=0 dpc=3251 dp_compat=0 frgd_sel=1 bkgd_sel=0 mono=2 fmix=02 cmd_back=0 pixw=1 pitch=1024 off=0 dstp=1024
[M8T] IN2 9aee=0000
[M8T] OUT2 e2e8=0000
[M8T] IN2 9aee=0000
[M8T] IN2 9aee=8000
[M8T] IN2 9aee=0000
[M8T] OUT2 8ee8=0200
[M8T] OUT2 8ae8=0180
[M8T] IN2 9aee=fe00
[M8T] IN2 9aee=0000
[M8T] OUT2 86e8=0010
[M8T] OUT2 82e8=0300
[M8B] start cur=16,768 dyend=769 dpc=6211 dpitch=1024 doff=0 clip 0,0-1535,1535 compat=0
[M8B] end cur=0,769
[M8T] IN2 9aee=0000
[M8T] OUT2 8ae8=019f
[M8T] OUT2 8ee8=0210
[M8T] IN2 9aee=f000
[M8T] IN2 9aee=0000
[M8T] OUT2 86e8=0000
[M8T] OUT2 82e8=0301
[M8T] OUT2 caee=0010
[M8X] scan cur=0,769 to=16 compat=0 dpc=6211 dp_compat=0 frgd_sel=3 bkgd_sel=0 mono=0 fmix=07 cmd_back=1 pixw=1 pitch=1024 off=0 dstp=1024
[M8Y] count=-1 width=16 dx=0 dy=769 dest=0c0400 clip l=0 t=0 r=1535 b=1535 cmp=0 fc=000000ff wm=000000ff
[M8T] IN2 9aee=0000
[M8T] OUT2 daee=0000
[M8T] OUT2 deee=0000
[M8T] OUT2 e2ee=03ff
[M8T] OUT2 e6ee=02ff
[M8T] OUT2 a6e8=ffff
[M8T] IN2 9aee=ff00
[M8T] IN2 9aee=0000
[M8T] OUT2 8ae8=0301
[M8T] OUT2 8ee8=0010
[M8T] OUT2 82e8=0180
[M8T] OUT2 86e8=0200
[M8B] start cur=512,384 dyend=416 dpc=2071 dpitch=1024 doff=0 clip 0,0-1023,767 compat=0
[M8T] IN2 9aee=0000
[M8T] OUT2 8ae8=0301
[M8T] OUT2 8ee8=0010
[M8T] OUT2 82e8=0180
[M8T] OUT2 86e8=0200
[M8B] start cur=512,384 dyend=416 dpc=2071 dpitch=1024 doff=0 clip 0,0-1023,767 compat=0
[M8T] OUT2 e2ee=05ff
[M8T] OUT2 e6ee=05ff
[M8T] IN2 9aee=c000
[M8T] IN2 9aee=0000
[M8T] OUT2 daee=0000
[M8T] OUT2 deee=0000
[M8T] OUT2 e2ee=03ff
[M8T] OUT2 e6ee=02ff
[M8T] IN2 9aee=fc00
[M8T] IN2 9aee=0000
[M8T] OUT2 8ee8=0010
[M8T] OUT2 8ae8=0300
[M8T] OUT2 86e8=0200
[M8T] OUT2 82e8=0180
[M8B] start cur=512,384 dyend=416 dpc=6211 dpitch=1024 doff=0 clip 0,0-1023,767 compat=0
[M8B] end cur=512,416
[M8T] OUT2 e2ee=05ff
[M8T] OUT2 e6ee=05ff
[M8T] IN2 9aee=c000
[M8T] IN2 9aee=0000
[M8T] IN2 9aee=e000
[M8T] IN2 9aee=0000
[M8T] OUT2 86e8=0010
[M8T] OUT2 82e8=0301
[M8B] start cur=16,769 dyend=770 dpc=3251 dpitch=1024 doff=0 clip 0,0-1535,1535 compat=0
[M8T] IN2 9aee=0000
[M8T] OUT2 e2e8=ffff
*** 11 repeats ***
[M8T] OUT2 e2e8=c0ff
[M8T] OUT2 e2e8=ff01
[M8T] OUT2 e2e8=c0ff
[M8T] OUT2 e2e8=ff01
[M8T] OUT2 e2e8=c0ff
[M8T] OUT2 e2e8=ff01
[M8T] OUT2 e2e8=e0ff
[M8T] OUT2 e2e8=ff03
[M8T] OUT2 e2e8=e0ff
[M8T] OUT2 e2e8=ff03
[M8T] OUT2 e2e8=e0ff
[M8T] OUT2 e2e8=ff03
[M8T] OUT2 e2e8=e0ff
[M8T] OUT2 e2e8=ff03
[M8T] OUT2 e2e8=e0ff
[M8T] OUT2 e2e8=ff03
[M8T] OUT2 e2e8=f0ff
[M8T] OUT2 e2e8=ff07
[M8T] OUT2 e2e8=f8ff
[M8T] OUT2 e2e8=ff0f
[M8T] OUT2 e2e8=fcff
[M8T] OUT2 e2e8=ff1f
[M8T] OUT2 e2e8=fcff
[M8T] OUT2 e2e8=ff1f
[M8T] OUT2 e2e8=f8ff
[M8T] OUT2 e2e8=ff0f
[M8T] OUT2 e2e8=f0ff
[M8T] OUT2 e2e8=ff07
[M8T] OUT2 e2e8=e0ff
[M8T] OUT2 e2e8=ff03
[M8T] OUT2 e2e8=e0ff
[M8T] OUT2 e2e8=ff03
[M8T] OUT2 e2e8=e0ff
[M8T] OUT2 e2e8=ff03
[M8T] OUT2 e2e8=e0ff
[M8T] OUT2 e2e8=ff03
[M8T] OUT2 e2e8=e0ff
[M8T] OUT2 e2e8=ff03
[M8T] OUT2 e2e8=c0ff
[M8T] OUT2 e2e8=ff01
[M8T] OUT2 e2e8=c0ff
[M8T] OUT2 e2e8=ff01
[M8T] OUT2 e2e8=c0ff
[M8T] OUT2 e2e8=ff01
[M8T] OUT2 e2e8=ffff
*** 6 repeats ***
[M8T] IN2 9aee=0000
[M8T] OUT2 86e8=0000
[M8T] OUT2 82e8=0302
[M8T] OUT2 caee=0010
[M8X] scan cur=0,770 to=16 compat=0 dpc=3251 dp_compat=0 frgd_sel=1 bkgd_sel=0 mono=2 fmix=02 cmd_back=0 pixw=1 pitch=1024 off=0 dstp=1024
[M8T] IN2 9aee=0000
[M8T] OUT2 e2e8=ffff
[M8T] IN2 9aee=0000
[M8T] OUT2 86e8=0010
[M8T] OUT2 82e8=0301
[M8B] start cur=16,769 dyend=770 dpc=3251 dpitch=1024 doff=0 clip 0,0-1535,1535 compat=0
[M8T] IN2 9aee=0000
[M8T] OUT2 e2e8=0000
*** 13 repeats ***
[M8T] OUT2 e2e8=0f00
[M8T] OUT2 e2e8=00f8
[M8T] OUT2 e2e8=0000
*** 1 repeats ***
[M8T] OUT2 e2e8=0f00
[M8T] OUT2 e2e8=00f8
[M8T] OUT2 e2e8=0f00
[M8T] OUT2 e2e8=00f8
[M8T] OUT2 e2e8=0d00
[M8T] OUT2 e2e8=0058
[M8T] OUT2 e2e8=0e00
[M8T] OUT2 e2e8=00b8
[M8T] OUT2 e2e8=0700
[M8T] OUT2 e2e8=0070
[M8T] OUT2 e2e8=0300
[M8T] OUT2 e2e8=00e0
[M8T] OUT2 e2e8=0100
[M8T] OUT2 e2e8=0040
[M8T] OUT2 e2e8=0000
[M8T] OUT2 e2e8=0080
[M8T] OUT2 e2e8=0000
[M8T] OUT2 e2e8=0080
[M8T] OUT2 e2e8=0100
[M8T] OUT2 e2e8=00c0
[M8T] OUT2 e2e8=0300
[M8T] OUT2 e2e8=0060
[M8T] OUT2 e2e8=0700
[M8T] OUT2 e2e8=00f0
[M8T] OUT2 e2e8=0f00
[M8T] OUT2 e2e8=0078
[M8T] OUT2 e2e8=0e00
[M8T] OUT2 e2e8=00b8
[M8T] OUT2 e2e8=0d00
[M8T] OUT2 e2e8=0058
[M8T] OUT2 e2e8=0a00
[M8T] OUT2 e2e8=00a8
[M8T] OUT2 e2e8=0000
*** 1 repeats ***
[M8T] OUT2 e2e8=0f00
[M8T] OUT2 e2e8=00f8
[M8T] OUT2 e2e8=0000
*** 8 repeats ***
[M8T] IN2 9aee=0000
[M8T] OUT2 86e8=0000
[M8T] OUT2 82e8=0302
[M8T] OUT2 caee=0010
[M8X] scan cur=0,770 to=16 compat=0 dpc=3251 dp_compat=0 frgd_sel=1 bkgd_sel=0 mono=2 fmix=02 cmd_back=0 pixw=1 pitch=1024 off=0 dstp=1024
[M8T] IN2 9aee=0000
[M8T] OUT2 e2e8=0000
[M8T] IN2 9aee=0000
[M8T] IN2 9aee=8000
[M8T] IN2 9aee=0000
[M8T] OUT2 8ee8=01f0
[M8T] OUT2 8ae8=0170
[M8T] IN2 9aee=fe00
[M8T] IN2 9aee=0000
[M8T] OUT2 86e8=0010
[M8T] OUT2 82e8=0300
[M8B] start cur=16,768 dyend=769 dpc=6211 dpitch=1024 doff=0 clip 0,0-1535,1535 compat=0
[M8B] end cur=0,769
[M8T] IN2 9aee=0000
[M8T] OUT2 8ae8=018f
[M8T] OUT2 8ee8=0200
[M8T] IN2 9aee=f000
[M8T] IN2 9aee=0000
[M8T] OUT2 86e8=0000
[M8T] OUT2 82e8=0301
[M8T] OUT2 caee=0010
[M8X] scan cur=0,769 to=16 compat=0 dpc=6211 dp_compat=0 frgd_sel=3 bkgd_sel=0 mono=0 fmix=07 cmd_back=1 pixw=1 pitch=1024 off=0 dstp=1024
[M8Y] count=-1 width=16 dx=0 dy=769 dest=0c0400 clip l=0 t=0 r=1535 b=1535 cmp=0 fc=000000ff wm=000000ff
[M8T] IN2 9aee=0000
[M8T] OUT2 daee=0000
[M8T] OUT2 deee=0000
[M8T] OUT2 e2ee=03ff
[M8T] OUT2 e6ee=02ff
[M8T] OUT2 a6e8=ffff
[M8T] IN2 9aee=ff00
[M8T] IN2 9aee=0000
[M8T] OUT2 8ae8=0301
[M8T] OUT2 8ee8=0010
[M8T] OUT2 82e8=0170
[M8T] OUT2 86e8=01f0
[M8B] start cur=496,368 dyend=400 dpc=2071 dpitch=1024 doff=0 clip 0,0-1023,767 compat=0
[M8T] IN2 9aee=0000
[M8T] OUT2 8ae8=0301
[M8T] OUT2 8ee8=0010
[M8T] OUT2 82e8=0170
[M8T] OUT2 86e8=01f0
[M8B] start cur=496,368 dyend=400 dpc=2071 dpitch=1024 doff=0 clip 0,0-1023,767 compat=0
[M8T] OUT2 e2ee=05ff
[M8T] OUT2 e6ee=05ff
[M8T] IN2 9aee=c000
[M8T] IN2 9aee=0000
[M8T] OUT2 daee=0000
[M8T] OUT2 deee=0000
[M8T] OUT2 e2ee=03ff
[M8T] OUT2 e6ee=02ff
[M8T] IN2 9aee=fc00
[M8T] IN2 9aee=0000
[M8T] OUT2 8ee8=0010
[M8T] OUT2 8ae8=0300
[M8T] OUT2 86e8=01f0
[M8T] OUT2 82e8=0170
[M8B] start cur=496,368 dyend=400 dpc=6211 dpitch=1024 doff=0 clip 0,0-1023,767 compat=0
[M8B] end cur=496,400
[M8T] OUT2 e2ee=05ff
[M8T] OUT2 e6ee=05ff
[M8T] IN2 9aee=c000
[M8T] IN2 9aee=0000
[M8T] IN2 9aee=e000
[M8T] IN2 9aee=0000
[M8T] OUT2 86e8=0010
[M8T] OUT2 82e8=0301
[M8B] start cur=16,769 dyend=770 dpc=3251 dpitch=1024 doff=0 clip 0,0-1535,1535 compat=0
[M8T] IN2 9aee=0000
[M8T] OUT2 e2e8=ff7f
[M8T] OUT2 e2e8=ffff
[M8T] OUT2 e2e8=ff3f
[M8T] OUT2 e2e8=ffff
[M8T] OUT2 e2e8=ff1f
[M8T] OUT2 e2e8=ffff
[M8T] OUT2 e2e8=ff0f
[M8T] OUT2 e2e8=ffff
[M8T] OUT2 e2e8=ff07
[M8T] OUT2 e2e8=ffff
[M8T] OUT2 e2e8=ff03
[M8T] OUT2 e2e8=ffff
[M8T] OUT2 e2e8=ff01
[M8T] OUT2 e2e8=ffff
[M8T] OUT2 e2e8=ff00
[M8T] OUT2 e2e8=ffff
[M8T] OUT2 e2e8=7f00
[M8T] OUT2 e2e8=ffff
[M8T] OUT2 e2e8=3f00
[M8T] OUT2 e2e8=ffff
[M8T] OUT2 e2e8=1f00
[M8T] OUT2 e2e8=ffff
[M8T] OUT2 e2e8=ff01
[M8T] OUT2 e2e8=ffff
[M8T] OUT2 e2e8=ff10
[M8T] OUT2 e2e8=ffff
[M8T] OUT2 e2e8=ff30
[M8T] OUT2 e2e8=ffff
[M8T] OUT2 e2e8=7f78
[M8T] OUT2 e2e8=ffff
[M8T] OUT2 e2e8=7ff8
[M8T] OUT2 e2e8=ffff
[M8T] OUT2 e2e8=3ffc
[M8T] OUT2 e2e8=ffff
[M8T] OUT2 e2e8=3ffc
[M8T] OUT2 e2e8=ffff
[M8T] OUT2 e2e8=7ffe
[M8T] OUT2 e2e8=ffff
*** 25 repeats ***
[M8T] IN2 9aee=0000
[M8T] OUT2 86e8=0000
[M8T] OUT2 82e8=0302
[M8T] OUT2 caee=0010
[M8X] scan cur=0,770 to=16 compat=0 dpc=3251 dp_compat=0 frgd_sel=1 bkgd_sel=0 mono=2 fmix=02 cmd_back=0 pixw=1 pitch=1024 off=0 dstp=1024
[M8T] IN2 9aee=0000
[M8T] OUT2 e2e8=ffff
[M8T] IN2 9aee=0000
[M8T] OUT2 86e8=0010
[M8T] OUT2 82e8=0301
[M8B] start cur=16,769 dyend=770 dpc=3251 dpitch=1024 doff=0 clip 0,0-1535,1535 compat=0
[M8T] IN2 9aee=0000
[M8T] OUT2 e2e8=0000
*** 3 repeats ***
[M8T] OUT2 e2e8=0040
[M8T] OUT2 e2e8=0000
[M8T] OUT2 e2e8=0060
[M8T] OUT2 e2e8=0000
[M8T] OUT2 e2e8=0070
[M8T] OUT2 e2e8=0000
[M8T] OUT2 e2e8=0078
[M8T] OUT2 e2e8=0000
[M8T] OUT2 e2e8=007c
[M8T] OUT2 e2e8=0000
[M8T] OUT2 e2e8=007e
[M8T] OUT2 e2e8=0000
[M8T] OUT2 e2e8=007f
[M8T] OUT2 e2e8=0000
[M8T] OUT2 e2e8=807f
[M8T] OUT2 e2e8=0000
[M8T] OUT2 e2e8=007c
[M8T] OUT2 e2e8=0000
[M8T] OUT2 e2e8=006c
[M8T] OUT2 e2e8=0000
[M8T] OUT2 e2e8=0046
[M8T] OUT2 e2e8=0000
[M8T] OUT2 e2e8=0006
[M8T] OUT2 e2e8=0000
[M8T] OUT2 e2e8=0003
[M8T] OUT2 e2e8=0000
[M8T] OUT2 e2e8=0003
[M8T] OUT2 e2e8=0000
[M8T] OUT2 e2e8=8001
[M8T] OUT2 e2e8=0000
[M8T] OUT2 e2e8=8001
[M8T] OUT2 e2e8=0000
*** 27 repeats ***
[M8T] IN2 9aee=0000
[M8T] OUT2 86e8=0000
[M8T] OUT2 82e8=0302
[M8T] OUT2 caee=0010
[M8X] scan cur=0,770 to=16 compat=0 dpc=3251 dp_compat=0 frgd_sel=1 bkgd_sel=0 mono=2 fmix=02 cmd_back=0 pixw=1 pitch=1024 off=0 dstp=1024
[M8T] IN2 9aee=0000
[M8T] OUT2 e2e8=0000
[M8T] IN2 9aee=0000
[M8T] IN2 9aee=8000
[M8T] IN2 9aee=0000
[M8T] OUT2 8ee8=0200
[M8T] OUT2 8ae8=0180
[M8T] IN2 9aee=fe00
[M8T] IN2 9aee=0000
[M8T] OUT2 86e8=0010
[M8T] OUT2 82e8=0300
[M8B] start cur=16,768 dyend=769 dpc=6211 dpitch=1024 doff=0 clip 0,0-1535,1535 compat=0
[M8B] end cur=0,769
[M8T] IN2 9aee=0000
[M8T] OUT2 8ae8=019f
[M8T] OUT2 8ee8=0210
[M8T] IN2 9aee=f000
[M8T] IN2 9aee=0000
[M8T] OUT2 86e8=0000
[M8T] OUT2 82e8=0301
[M8T] OUT2 caee=0010
[M8X] scan cur=0,769 to=16 compat=0 dpc=6211 dp_compat=0 frgd_sel=3 bkgd_sel=0 mono=0 fmix=07 cmd_back=1 pixw=1 pitch=1024 off=0 dstp=1024
[M8Y] count=-1 width=16 dx=0 dy=769 dest=0c0400 clip l=0 t=0 r=1535 b=1535 cmp=0 fc=000000ff wm=000000ff
[M8T] IN2 9aee=0000
[M8T] OUT2 daee=0000
[M8T] OUT2 deee=0000
[M8T] OUT2 e2ee=03ff
[M8T] OUT2 e6ee=02ff
[M8T] OUT2 a6e8=ffff
[M8T] IN2 9aee=ff00
[M8T] IN2 9aee=0000
[M8T] OUT2 8ae8=0301
[M8T] OUT2 8ee8=0010
[M8T] OUT2 82e8=0180
[M8T] OUT2 86e8=0200
[M8B] start cur=512,384 dyend=416 dpc=2071 dpitch=1024 doff=0 clip 0,0-1023,767 compat=0
[M8T] IN2 9aee=0000
[M8T] OUT2 8ae8=0301
[M8T] OUT2 8ee8=0010
[M8T] OUT2 82e8=0180
[M8T] OUT2 86e8=0200
[M8B] start cur=512,384 dyend=416 dpc=2071 dpitch=1024 doff=0 clip 0,0-1023,767 compat=0
[M8T] OUT2 e2ee=05ff
[M8T] OUT2 e6ee=05ff
[M8T] IN2 9aee=c000
[M8T] IN2 9aee=0000
[M8T] OUT2 daee=0000
[M8T] OUT2 deee=0000
[M8T] OUT2 e2ee=03ff
[M8T] OUT2 e6ee=02ff
[M8T] IN2 9aee=fc00
[M8T] IN2 9aee=0000
[M8T] OUT2 8ee8=0010
[M8T] OUT2 8ae8=0300
[M8T] OUT2 86e8=0200
[M8T] OUT2 82e8=0180
[M8B] start cur=512,384 dyend=416 dpc=6211 dpitch=1024 doff=0 clip 0,0-1023,767 compat=0
[M8B] end cur=512,416
[M8T] OUT2 e2ee=05ff
[M8T] OUT2 e6ee=05ff
[M8T] IN2 9aee=c000
[M8T] IN2 9aee=0000
[M8T] IN2 9aee=e000
[M8T] IN2 9aee=0000
[M8T] OUT2 86e8=0010
[M8T] OUT2 82e8=0301
[M8B] start cur=16,769 dyend=770 dpc=3251 dpitch=1024 doff=0 clip 0,0-1535,1535 compat=0
[M8T] IN2 9aee=0000
[M8T] OUT2 e2e8=ff7f
[M8T] OUT2 e2e8=ffff
[M8T] OUT2 e2e8=f03f
[M8T] OUT2 e2e8=ff03
[M8T] OUT2 e2e8=f01f
[M8T] OUT2 e2e8=ff03
[M8T] OUT2 e2e8=f00f
[M8T] OUT2 e2e8=ff03
[M8T] OUT2 e2e8=f807
[M8T] OUT2 e2e8=ff07
[M8T] OUT2 e2e8=f803
[M8T] OUT2 e2e8=ff07
[M8T] OUT2 e2e8=f801
[M8T] OUT2 e2e8=ff07
[M8T] OUT2 e2e8=f800
[M8T] OUT2 e2e8=ff07
[M8T] OUT2 e2e8=7c00
[M8T] OUT2 e2e8=ff0f
[M8T] OUT2 e2e8=3e00
[M8T] OUT2 e2e8=ff1f
[M8T] OUT2 e2e8=1c00
[M8T] OUT2 e2e8=ff0f
[M8T] OUT2 e2e8=f801
[M8T] OUT2 e2e8=ff07
[M8T] OUT2 e2e8=f810
[M8T] OUT2 e2e8=ff07
[M8T] OUT2 e2e8=f830
[M8T] OUT2 e2e8=ff07
[M8T] OUT2 e2e8=7878
[M8T] OUT2 e2e8=ff07
[M8T] OUT2 e2e8=70f8
[M8T] OUT2 e2e8=ff03
[M8T] OUT2 e2e8=30fc
[M8T] OUT2 e2e8=ff03
[M8T] OUT2 e2e8=30fc
[M8T] OUT2 e2e8=ff03
[M8T] OUT2 e2e8=7ffe
[M8T] OUT2 e2e8=ffff
*** 25 repeats ***
[M8T] IN2 9aee=0000
[M8T] OUT2 86e8=0000
[M8T] OUT2 82e8=0302
[M8T] OUT2 caee=0010
[M8X] scan cur=0,770 to=16 compat=0 dpc=3251 dp_compat=0 frgd_sel=1 bkgd_sel=0 mono=2 fmix=02 cmd_back=0 pixw=1 pitch=1024 off=0 dstp=1024
[M8T] IN2 9aee=0000
[M8T] OUT2 e2e8=ffff
[M8T] IN2 9aee=0000
[M8T] OUT2 86e8=0010
[M8T] OUT2 82e8=0301
[M8B] start cur=16,769 dyend=770 dpc=3251 dpitch=1024 doff=0 clip 0,0-1535,1535 compat=0
[M8T] IN2 9aee=0000
[M8T] OUT2 e2e8=0000
*** 3 repeats ***
[M8T] OUT2 e2e8=0340
[M8T] OUT2 e2e8=00f0
[M8T] OUT2 e2e8=0060
[M8T] OUT2 e2e8=0000
[M8T] OUT2 e2e8=0370
[M8T] OUT2 e2e8=00f0
[M8T] OUT2 e2e8=0378
[M8T] OUT2 e2e8=00f0
[M8T] OUT2 e2e8=037c
[M8T] OUT2 e2e8=00b0
[M8T] OUT2 e2e8=017e
[M8T] OUT2 e2e8=0060
[M8T] OUT2 e2e8=007f
[M8T] OUT2 e2e8=00c0
[M8T] OUT2 e2e8=807f
[M8T] OUT2 e2e8=0040
[M8T] OUT2 e2e8=007c
[M8T] OUT2 e2e8=00c0
[M8T] OUT2 e2e8=016c
[M8T] OUT2 e2e8=00e0
[M8T] OUT2 e2e8=0346
[M8T] OUT2 e2e8=0070
[M8T] OUT2 e2e8=0206
[M8T] OUT2 e2e8=00b0
[M8T] OUT2 e2e8=0103
[M8T] OUT2 e2e8=0050
[M8T] OUT2 e2e8=0003
[M8T] OUT2 e2e8=0000
[M8T] OUT2 e2e8=8301
[M8T] OUT2 e2e8=00f0
[M8T] OUT2 e2e8=8001
[M8T] OUT2 e2e8=0000
*** 27 repeats ***
[M8T] IN2 9aee=0000
[M8T] OUT2 86e8=0000
[M8T] OUT2 82e8=0302
[M8T] OUT2 caee=0010
[M8X] scan cur=0,770 to=16 compat=0 dpc=3251 dp_compat=0 frgd_sel=1 bkgd_sel=0 mono=2 fmix=02 cmd_back=0 pixw=1 pitch=1024 off=0 dstp=1024
[M8T] IN2 9aee=0000
[M8T] OUT2 e2e8=0000
[M8T] IN2 9aee=0000
[M8T] IN2 9aee=8000
[M8T] IN2 9aee=0000
[M8T] OUT2 8ee8=0200
[M8T] OUT2 8ae8=0180
[M8T] IN2 9aee=fe00
[M8T] IN2 9aee=0000
[M8T] OUT2 86e8=0010
[M8T] OUT2 82e8=0300
[M8B] start cur=16,768 dyend=769 dpc=6211 dpitch=1024 doff=0 clip 0,0-1535,1535 compat=0
[M8B] end cur=0,769
[M8T] IN2 9aee=0000
[M8T] OUT2 8ae8=019f
[M8T] OUT2 8ee8=0210
[M8T] IN2 9aee=f000
[M8T] IN2 9aee=0000
[M8T] OUT2 86e8=0000
[M8T] OUT2 82e8=0301
[M8T] OUT2 caee=0010
[M8X] scan cur=0,769 to=16 compat=0 dpc=6211 dp_compat=0 frgd_sel=3 bkgd_sel=0 mono=0 fmix=07 cmd_back=1 pixw=1 pitch=1024 off=0 dstp=1024
[M8Y] count=-1 width=16 dx=0 dy=769 dest=0c0400 clip l=0 t=0 r=1535 b=1535 cmp=0 fc=000000ff wm=000000ff
[M8T] IN2 9aee=0000
[M8T] OUT2 daee=0000
[M8T] OUT2 deee=0000
[M8T] OUT2 e2ee=03ff
[M8T] OUT2 e6ee=02ff
[M8T] OUT2 a6e8=ffff
[M8T] IN2 9aee=ff00
[M8T] IN2 9aee=0000
[M8T] OUT2 8ae8=0301
[M8T] OUT2 8ee8=0010
[M8T] OUT2 82e8=0180
[M8T] OUT2 86e8=0200
[M8B] start cur=512,384 dyend=416 dpc=2071 dpitch=1024 doff=0 clip 0,0-1023,767 compat=0
[M8T] IN2 9aee=0000
[M8T] OUT2 8ae8=0301
[M8T] OUT2 8ee8=0010
[M8T] OUT2 82e8=0180
[M8T] OUT2 86e8=0200
[M8B] start cur=512,384 dyend=416 dpc=2071 dpitch=1024 doff=0 clip 0,0-1023,767 compat=0
[M8T] OUT2 e2ee=05ff
[M8T] OUT2 e6ee=05ff
[M8T] IN2 9aee=c000
[M8T] IN2 9aee=0000
[M8T] OUT2 daee=0000
[M8T] OUT2 deee=0000
[M8T] OUT2 e2ee=03ff
[M8T] OUT2 e6ee=02ff
[M8T] IN2 9aee=fc00
[M8T] IN2 9aee=0000
[M8T] OUT2 8ee8=0010
[M8T] OUT2 8ae8=0300
[M8T] OUT2 86e8=0200
[M8T] OUT2 82e8=0180
[M8B] start cur=512,384 dyend=416 dpc=6211 dpitch=1024 doff=0 clip 0,0-1023,767 compat=0
[M8B] end cur=512,416
[M8T] OUT2 e2ee=05ff
[M8T] OUT2 e6ee=05ff
[M8T] IN2 9aee=c000
[M8T] IN2 9aee=0000
[M8T] IN2 9aee=e000
[M8T] IN2 9aee=0000
[M8T] OUT2 86e8=0010
[M8T] OUT2 82e8=0301
[M8B] start cur=16,769 dyend=770 dpc=3251 dpitch=1024 doff=0 clip 0,0-1535,1535 compat=0
[M8T] IN2 9aee=0000
[M8T] OUT2 e2e8=ff7f
[M8T] OUT2 e2e8=ffff
[M8T] OUT2 e2e8=ff3f
[M8T] OUT2 e2e8=ffff
[M8T] OUT2 e2e8=ff1f
[M8T] OUT2 e2e8=ffff
[M8T] OUT2 e2e8=ff0f
[M8T] OUT2 e2e8=ffff
[M8T] OUT2 e2e8=ff07
[M8T] OUT2 e2e8=ffff
[M8T] OUT2 e2e8=ff03
[M8T] OUT2 e2e8=ffff
[M8T] OUT2 e2e8=ff01
[M8T] OUT2 e2e8=ffff
[M8T] OUT2 e2e8=ff00
[M8T] OUT2 e2e8=ffff
[M8T] OUT2 e2e8=7f00
[M8T] OUT2 e2e8=ffff
[M8T] OUT2 e2e8=3f00
[M8T] OUT2 e2e8=ffff
[M8T] OUT2 e2e8=1f00
[M8T] OUT2 e2e8=ffff
[M8T] OUT2 e2e8=ff01
[M8T] OUT2 e2e8=ffff
[M8T] OUT2 e2e8=ff10
[M8T] OUT2 e2e8=ffff
[M8T] OUT2 e2e8=ff30
[M8T] OUT2 e2e8=ffff
[M8T] OUT2 e2e8=7f78
[M8T] OUT2 e2e8=ffff
[M8T] OUT2 e2e8=7ff8
[M8T] OUT2 e2e8=ffff
[M8T] OUT2 e2e8=3ffc
[M8T] OUT2 e2e8=ffff
[M8T] OUT2 e2e8=3ffc
[M8T] OUT2 e2e8=ffff
[M8T] OUT2 e2e8=7ffe
[M8T] OUT2 e2e8=ffff
*** 25 repeats ***
[M8T] IN2 9aee=0000
[M8T] OUT2 86e8=0000
[M8T] OUT2 82e8=0302
[M8T] OUT2 caee=0010
[M8X] scan cur=0,770 to=16 compat=0 dpc=3251 dp_compat=0 frgd_sel=1 bkgd_sel=0 mono=2 fmix=02 cmd_back=0 pixw=1 pitch=1024 off=0 dstp=1024
[M8T] IN2 9aee=0000
[M8T] OUT2 e2e8=ffff
[M8T] IN2 9aee=0000
[M8T] OUT2 86e8=0010
[M8T] OUT2 82e8=0301
[M8B] start cur=16,769 dyend=770 dpc=3251 dpitch=1024 doff=0 clip 0,0-1535,1535 compat=0
[M8T] IN2 9aee=0000
[M8T] OUT2 e2e8=0000
*** 3 repeats ***
[M8T] OUT2 e2e8=0040
[M8T] OUT2 e2e8=0000
[M8T] OUT2 e2e8=0060
[M8T] OUT2 e2e8=0000
[M8T] OUT2 e2e8=0070
[M8T] OUT2 e2e8=0000
[M8T] OUT2 e2e8=0078
[M8T] OUT2 e2e8=0000
[M8T] OUT2 e2e8=007c
[M8T] OUT2 e2e8=0000
[M8T] OUT2 e2e8=007e
[M8T] OUT2 e2e8=0000
[M8T] OUT2 e2e8=007f
[M8T] OUT2 e2e8=0000
[M8T] OUT2 e2e8=807f
[M8T] OUT2 e2e8=0000
[M8T] OUT2 e2e8=007c
[M8T] OUT2 e2e8=0000
[M8T] OUT2 e2e8=006c
[M8T] OUT2 e2e8=0000
[M8T] OUT2 e2e8=0046
[M8T] OUT2 e2e8=0000
[M8T] OUT2 e2e8=0006
[M8T] OUT2 e2e8=0000
[M8T] OUT2 e2e8=0003
[M8T] OUT2 e2e8=0000
[M8T] OUT2 e2e8=0003
[M8T] OUT2 e2e8=0000
[M8T] OUT2 e2e8=8001
[M8T] OUT2 e2e8=0000
[M8T] OUT2 e2e8=8001
[M8T] OUT2 e2e8=0000
*** 27 repeats ***
[M8T] IN2 9aee=0000
[M8T] OUT2 86e8=0000
[M8T] OUT2 82e8=0302
[M8T] OUT2 caee=0010
[M8X] scan cur=0,770 to=16 compat=0 dpc=3251 dp_compat=0 frgd_sel=1 bkgd_sel=0 mono=2 fmix=02 cmd_back=0 pixw=1 pitch=1024 off=0 dstp=1024
[M8T] IN2 9aee=0000
[M8T] OUT2 e2e8=0000
[M8T] IN2 9aee=0000
[M8T] IN2 9aee=8000
[M8T] IN2 9aee=0000
[M8T] OUT2 8ee8=0200
[M8T] OUT2 8ae8=0180
[M8T] IN2 9aee=fe00
[M8T] IN2 9aee=0000
[M8T] OUT2 86e8=0010
[M8T] OUT2 82e8=0300
[M8B] start cur=16,768 dyend=769 dpc=6211 dpitch=1024 doff=0 clip 0,0-1535,1535 compat=0
[M8B] end cur=0,769
[M8T] IN2 9aee=0000
[M8T] OUT2 8ae8=019f
[M8T] OUT2 8ee8=0210
[M8T] IN2 9aee=f000
[M8T] IN2 9aee=0000
[M8T] OUT2 86e8=0000
[M8T] OUT2 82e8=0301
[M8T] OUT2 caee=0010
[M8X] scan cur=0,769 to=16 compat=0 dpc=6211 dp_compat=0 frgd_sel=3 bkgd_sel=0 mono=0 fmix=07 cmd_back=1 pixw=1 pitch=1024 off=0 dstp=1024
[M8Y] count=-1 width=16 dx=0 dy=769 dest=0c0400 clip l=0 t=0 r=1535 b=1535 cmp=0 fc=000000ff wm=000000ff
[M8T] IN2 9aee=0000
[M8T] OUT2 daee=0000
[M8T] OUT2 deee=0000
[M8T] OUT2 e2ee=03ff
[M8T] OUT2 e6ee=02ff
[M8T] OUT2 a6e8=ffff
[M8T] IN2 9aee=ff00
[M8T] IN2 9aee=0000
[M8T] OUT2 8ae8=0301
[M8T] OUT2 8ee8=0010
[M8T] OUT2 82e8=0180
[M8T] OUT2 86e8=0200
[M8B] start cur=512,384 dyend=416 dpc=2071 dpitch=1024 doff=0 clip 0,0-1023,767 compat=0
[M8T] IN2 9aee=0000
[M8T] OUT2 8ae8=0301
[M8T] OUT2 8ee8=0010
[M8T] OUT2 82e8=0180
[M8T] OUT2 86e8=0200
[M8B] start cur=512,384 dyend=416 dpc=2071 dpitch=1024 doff=0 clip 0,0-1023,767 compat=0
[M8T] OUT2 e2ee=05ff
[M8T] OUT2 e6ee=05ff
[M8T] IN2 9aee=c000
[M8T] IN2 9aee=0000
[M8T] OUT2 daee=0000
[M8T] OUT2 deee=0000
[M8T] OUT2 e2ee=03ff
[M8T] OUT2 e6ee=02ff
[M8T] IN2 9aee=fc00
[M8T] IN2 9aee=0000
[M8T] OUT2 8ee8=0010
[M8T] OUT2 8ae8=0300
[M8T] OUT2 86e8=0200
[M8T] OUT2 82e8=0180
[M8B] start cur=512,384 dyend=416 dpc=6211 dpitch=1024 doff=0 clip 0,0-1023,767 compat=0
[M8B] end cur=512,416
[M8T] OUT2 e2ee=05ff
[M8T] OUT2 e6ee=05ff
[M8T] IN2 9aee=c000
[M8T] IN2 9aee=0000
[M8T] IN2 9aee=e000
[M8T] IN2 9aee=0000
[M8T] OUT2 86e8=0010
[M8T] OUT2 82e8=0301
[M8B] start cur=16,769 dyend=770 dpc=3251 dpitch=1024 doff=0 clip 0,0-1535,1535 compat=0
[M8T] IN2 9aee=0000
[M8T] OUT2 e2e8=ff7f
[M8T] OUT2 e2e8=ffff
[M8T] OUT2 e2e8=f03f
[M8T] OUT2 e2e8=ff03
[M8T] OUT2 e2e8=f01f
[M8T] OUT2 e2e8=ff03
[M8T] OUT2 e2e8=f00f
[M8T] OUT2 e2e8=ff03
[M8T] OUT2 e2e8=f807
[M8T] OUT2 e2e8=ff07
[M8T] OUT2 e2e8=f803
[M8T] OUT2 e2e8=ff07
[M8T] OUT2 e2e8=f801
[M8T] OUT2 e2e8=ff07
[M8T] OUT2 e2e8=f800
[M8T] OUT2 e2e8=ff07
[M8T] OUT2 e2e8=7c00
[M8T] OUT2 e2e8=ff0f
[M8T] OUT2 e2e8=3e00
[M8T] OUT2 e2e8=ff1f
[M8T] OUT2 e2e8=1c00
[M8T] OUT2 e2e8=ff0f
[M8T] OUT2 e2e8=f801
[M8T] OUT2 e2e8=ff07
[M8T] OUT2 e2e8=f810
[M8T] OUT2 e2e8=ff07
[M8T] OUT2 e2e8=f830
[M8T] OUT2 e2e8=ff07
[M8T] OUT2 e2e8=7878
[M8T] OUT2 e2e8=ff07
[M8T] OUT2 e2e8=70f8
[M8T] OUT2 e2e8=ff03
[M8T] OUT2 e2e8=30fc
[M8T] OUT2 e2e8=ff03
[M8T] OUT2 e2e8=30fc
[M8T] OUT2 e2e8=ff03
[M8T] OUT2 e2e8=7ffe
[M8T] OUT2 e2e8=ffff
*** 25 repeats ***
[M8T] IN2 9aee=0000
[M8T] OUT2 86e8=0000
[M8T] OUT2 82e8=0302
[M8T] OUT2 caee=0010
[M8X] scan cur=0,770 to=16 compat=0 dpc=3251 dp_compat=0 frgd_sel=1 bkgd_sel=0 mono=2 fmix=02 cmd_back=0 pixw=1 pitch=1024 off=0 dstp=1024
[M8T] IN2 9aee=0000
[M8T] OUT2 e2e8=ffff
[M8T] IN2 9aee=0000
[M8T] OUT2 86e8=0010
[M8T] OUT2 82e8=0301
[M8B] start cur=16,769 dyend=770 dpc=3251 dpitch=1024 doff=0 clip 0,0-1535,1535 compat=0
[M8T] IN2 9aee=0000
[M8T] OUT2 e2e8=0000
*** 3 repeats ***
[M8T] OUT2 e2e8=0340
[M8T] OUT2 e2e8=00f0
[M8T] OUT2 e2e8=0060
[M8T] OUT2 e2e8=0000
[M8T] OUT2 e2e8=0370
[M8T] OUT2 e2e8=00f0
[M8T] OUT2 e2e8=0378
[M8T] OUT2 e2e8=00f0
[M8T] OUT2 e2e8=037c
[M8T] OUT2 e2e8=00b0
[M8T] OUT2 e2e8=017e
[M8T] OUT2 e2e8=0060
[M8T] OUT2 e2e8=007f
[M8T] OUT2 e2e8=00c0
[M8T] OUT2 e2e8=807f
[M8T] OUT2 e2e8=0040
[M8T] OUT2 e2e8=007c
[M8T] OUT2 e2e8=00c0
[M8T] OUT2 e2e8=016c
[M8T] OUT2 e2e8=00e0
[M8T] OUT2 e2e8=0346
[M8T] OUT2 e2e8=0070
[M8T] OUT2 e2e8=0206
[M8T] OUT2 e2e8=00b0
[M8T] OUT2 e2e8=0103
[M8T] OUT2 e2e8=0050
[M8T] OUT2 e2e8=0003
[M8T] OUT2 e2e8=0000
[M8T] OUT2 e2e8=8301
[M8T] OUT2 e2e8=00f0
[M8T] OUT2 e2e8=8001
[M8T] OUT2 e2e8=0000
*** 27 repeats ***
[M8T] IN2 9aee=0000
[M8T] OUT2 86e8=0000
[M8T] OUT2 82e8=0302
[M8T] OUT2 caee=0010
[M8X] scan cur=0,770 to=16 compat=0 dpc=3251 dp_compat=0 frgd_sel=1 bkgd_sel=0 mono=2 fmix=02 cmd_back=0 pixw=1 pitch=1024 off=0 dstp=1024
[M8T] IN2 9aee=0000
[M8T] OUT2 e2e8=0000
[M8T] IN2 9aee=0000
[M8T] IN2 9aee=8000
[M8T] IN2 9aee=0000
[M8T] OUT2 8ee8=0200
[M8T] OUT2 8ae8=0180
[M8T] IN2 9aee=fe00
[M8T] IN2 9aee=0000
[M8T] OUT2 86e8=0010
[M8T] OUT2 82e8=0300
[M8B] start cur=16,768 dyend=769 dpc=6211 dpitch=1024 doff=0 clip 0,0-1535,1535 compat=0
[M8B] end cur=0,769
[M8T] IN2 9aee=0000
[M8T] OUT2 8ae8=019f
[M8T] OUT2 8ee8=0210
[M8T] IN2 9aee=f000
[M8T] IN2 9aee=0000
[M8T] OUT2 86e8=0000
[M8T] OUT2 82e8=0301
[M8T] OUT2 caee=0010
[M8X] scan cur=0,769 to=16 compat=0 dpc=6211 dp_compat=0 frgd_sel=3 bkgd_sel=0 mono=0 fmix=07 cmd_back=1 pixw=1 pitch=1024 off=0 dstp=1024
[M8Y] count=-1 width=16 dx=0 dy=769 dest=0c0400 clip l=0 t=0 r=1535 b=1535 cmp=0 fc=000000ff wm=000000ff
[M8T] IN2 9aee=0000
[M8T] OUT2 daee=0000
[M8T] OUT2 deee=0000
[M8T] OUT2 e2ee=03ff
[M8T] OUT2 e6ee=02ff
[M8T] OUT2 a6e8=ffff
[M8T] IN2 9aee=ff00
[M8T] IN2 9aee=0000
[M8T] OUT2 8ae8=0301
[M8T] OUT2 8ee8=0010
[M8T] OUT2 82e8=0180
[M8T] OUT2 86e8=0200
[M8B] start cur=512,384 dyend=416 dpc=2071 dpitch=1024 doff=0 clip 0,0-1023,767 compat=0
[M8T] IN2 9aee=0000
[M8T] OUT2 8ae8=0301
[M8T] OUT2 8ee8=0010
[M8T] OUT2 82e8=0180
[M8T] OUT2 86e8=0200
[M8B] start cur=512,384 dyend=416 dpc=2071 dpitch=1024 doff=0 clip 0,0-1023,767 compat=0
[M8T] OUT2 e2ee=05ff
[M8T] OUT2 e6ee=05ff
[M8T] IN2 9aee=c000
[M8T] IN2 9aee=0000
[M8T] OUT2 daee=0000
[M8T] OUT2 deee=0000
[M8T] OUT2 e2ee=03ff
[M8T] OUT2 e6ee=02ff
[M8T] IN2 9aee=fc00
[M8T] IN2 9aee=0000
[M8T] OUT2 8ee8=0010
[M8T] OUT2 8ae8=0300
[M8T] OUT2 86e8=0200
[M8T] OUT2 82e8=0180
[M8B] start cur=512,384 dyend=416 dpc=6211 dpitch=1024 doff=0 clip 0,0-1023,767 compat=0
[M8B] end cur=512,416
[M8T] OUT2 e2ee=05ff
[M8T] OUT2 e6ee=05ff
[M8T] IN2 9aee=c000
[M8T] IN2 9aee=0000
[M8T] IN2 9aee=e000
[M8T] IN2 9aee=0000
[M8T] OUT2 86e8=0010
[M8T] OUT2 82e8=0301
[M8B] start cur=16,769 dyend=770 dpc=3251 dpitch=1024 doff=0 clip 0,0-1535,1535 compat=0
[M8T] IN2 9aee=0000
[M8T] OUT2 e2e8=ff7f
[M8T] OUT2 e2e8=ffff
[M8T] OUT2 e2e8=ff3f
[M8T] OUT2 e2e8=ffff
[M8T] OUT2 e2e8=ff1f
[M8T] OUT2 e2e8=ffff
[M8T] OUT2 e2e8=ff0f
[M8T] OUT2 e2e8=ffff
[M8T] OUT2 e2e8=ff07
[M8T] OUT2 e2e8=ffff
[M8T] OUT2 e2e8=ff03
[M8T] OUT2 e2e8=ffff
[M8T] OUT2 e2e8=ff01
[M8T] OUT2 e2e8=ffff
[M8T] OUT2 e2e8=ff00
[M8T] OUT2 e2e8=ffff
[M8T] OUT2 e2e8=7f00
[M8T] OUT2 e2e8=ffff
[M8T] OUT2 e2e8=3f00
[M8T] OUT2 e2e8=ffff
[M8T] OUT2 e2e8=1f00
[M8T] OUT2 e2e8=ffff
[M8T] OUT2 e2e8=ff01
[M8T] OUT2 e2e8=ffff
[M8T] OUT2 e2e8=ff10
[M8T] OUT2 e2e8=ffff
[M8T] OUT2 e2e8=ff30
[M8T] OUT2 e2e8=ffff
[M8T] OUT2 e2e8=7f78
[M8T] OUT2 e2e8=ffff
[M8T] OUT2 e2e8=7ff8
[M8T] OUT2 e2e8=ffff
[M8T] OUT2 e2e8=3ffc
[M8T] OUT2 e2e8=ffff
[M8T] OUT2 e2e8=3ffc
[M8T] OUT2 e2e8=ffff
[M8T] OUT2 e2e8=7ffe
[M8T] OUT2 e2e8=ffff
*** 25 repeats ***
[M8T] IN2 9aee=0000
[M8T] OUT2 86e8=0000
[M8T] OUT2 82e8=0302
[M8T] OUT2 caee=0010
[M8X] scan cur=0,770 to=16 compat=0 dpc=3251 dp_compat=0 frgd_sel=1 bkgd_sel=0 mono=2 fmix=02 cmd_back=0 pixw=1 pitch=1024 off=0 dstp=1024
[M8T] IN2 9aee=0000
[M8T] OUT2 e2e8=ffff
[M8T] IN2 9aee=0000
[M8T] OUT2 86e8=0010
[M8T] OUT2 82e8=0301
[M8B] start cur=16,769 dyend=770 dpc=3251 dpitch=1024 doff=0 clip 0,0-1535,1535 compat=0
[M8T] IN2 9aee=0000
[M8T] OUT2 e2e8=0000
*** 3 repeats ***
[M8T] OUT2 e2e8=0040
[M8T] OUT2 e2e8=0000
[M8T] OUT2 e2e8=0060
[M8T] OUT2 e2e8=0000
[M8T] OUT2 e2e8=0070
[M8T] OUT2 e2e8=0000
[M8T] OUT2 e2e8=0078
[M8T] OUT2 e2e8=0000
[M8T] OUT2 e2e8=007c
[M8T] OUT2 e2e8=0000
[M8T] OUT2 e2e8=007e
[M8T] OUT2 e2e8=0000
[M8T] OUT2 e2e8=007f
[M8T] OUT2 e2e8=0000
[M8T] OUT2 e2e8=807f
[M8T] OUT2 e2e8=0000
[M8T] OUT2 e2e8=007c
[M8T] OUT2 e2e8=0000
[M8T] OUT2 e2e8=006c
[M8T] OUT2 e2e8=0000
[M8T] OUT2 e2e8=0046
[M8T] OUT2 e2e8=0000
[M8T] OUT2 e2e8=0006
[M8T] OUT2 e2e8=0000
[M8T] OUT2 e2e8=0003
[M8T] OUT2 e2e8=0000
[M8T] OUT2 e2e8=0003
[M8T] OUT2 e2e8=0000
[M8T] OUT2 e2e8=8001
[M8T] OUT2 e2e8=0000
[M8T] OUT2 e2e8=8001
[M8T] OUT2 e2e8=0000
*** 27 repeats ***
[M8T] IN2 9aee=0000
[M8T] OUT2 86e8=0000
[M8T] OUT2 82e8=0302
[M8T] OUT2 caee=0010
[M8X] scan cur=0,770 to=16 compat=0 dpc=3251 dp_compat=0 frgd_sel=1 bkgd_sel=0 mono=2 fmix=02 cmd_back=0 pixw=1 pitch=1024 off=0 dstp=1024
[M8T] IN2 9aee=0000
[M8T] OUT2 e2e8=0000
[M8T] IN2 9aee=0000
[M8T] IN2 9aee=8000
[M8T] IN2 9aee=0000
[M8T] OUT2 8ee8=0200
[M8T] OUT2 8ae8=0180
[M8T] IN2 9aee=fe00
[M8T] IN2 9aee=0000
[M8T] OUT2 86e8=0010
[M8T] OUT2 82e8=0300
[M8B] start cur=16,768 dyend=769 dpc=6211 dpitch=1024 doff=0 clip 0,0-1535,1535 compat=0
[M8B] end cur=0,769
[M8T] IN2 9aee=0000
[M8T] OUT2 8ae8=019f
[M8T] OUT2 8ee8=0210
[M8T] IN2 9aee=f000
[M8T] IN2 9aee=0000
[M8T] OUT2 86e8=0000
[M8T] OUT2 82e8=0301
[M8T] OUT2 caee=0010
[M8X] scan cur=0,769 to=16 compat=0 dpc=6211 dp_compat=0 frgd_sel=3 bkgd_sel=0 mono=0 fmix=07 cmd_back=1 pixw=1 pitch=1024 off=0 dstp=1024
[M8Y] count=-1 width=16 dx=0 dy=769 dest=0c0400 clip l=0 t=0 r=1535 b=1535 cmp=0 fc=000000ff wm=000000ff
[M8T] IN2 9aee=0000
[M8T] OUT2 daee=0000
[M8T] OUT2 deee=0000
[M8T] OUT2 e2ee=03ff
[M8T] OUT2 e6ee=02ff
[M8T] OUT2 a6e8=ffff
[M8T] IN2 9aee=ff00
[M8T] IN2 9aee=0000
[M8T] OUT2 8ae8=0301
[M8T] OUT2 8ee8=0010
[M8T] OUT2 82e8=0180
[M8T] OUT2 86e8=0200
[M8B] start cur=512,384 dyend=416 dpc=2071 dpitch=1024 doff=0 clip 0,0-1023,767 compat=0
[M8T] IN2 9aee=0000
[M8T] OUT2 8ae8=0301
[M8T] OUT2 8ee8=0010
[M8T] OUT2 82e8=0180
[M8T] OUT2 86e8=0200
[M8B] start cur=512,384 dyend=416 dpc=2071 dpitch=1024 doff=0 clip 0,0-1023,767 compat=0
[M8T] OUT2 e2ee=05ff
[M8T] OUT2 e6ee=05ff
[M8T] IN2 9aee=c000
[M8T] IN2 9aee=0000
[M8T] OUT2 daee=0000
[M8T] OUT2 deee=0000
[M8T] OUT2 e2ee=03ff
[M8T] OUT2 e6ee=02ff
[M8T] IN2 9aee=fc00
[M8T] IN2 9aee=0000
[M8T] OUT2 8ee8=0010
[M8T] OUT2 8ae8=0300
[M8T] OUT2 86e8=0200
[M8T] OUT2 82e8=0180
[M8B] start cur=512,384 dyend=416 dpc=6211 dpitch=1024 doff=0 clip 0,0-1023,767 compat=0
[M8B] end cur=512,416
[M8T] OUT2 e2ee=05ff
[M8T] OUT2 e6ee=05ff
[M8T] IN2 9aee=c000
[M8T] IN2 9aee=0000
[M8T] OUT2 a6e8=0606
[M8T] OUT2 86e8=0000
[M8T] OUT2 82e8=0000
[M8B] start cur=0,0 dyend=768 dpc=2211 dpitch=1024 doff=0 clip 0,0-1535,1535 compat=0
[M8B] end cur=0,768
[M8T] IN2 9aee=0000
[M8T] OUT2 8ee8=0200
[M8T] OUT2 8ae8=0180
[M8T] IN2 9aee=fe00
[M8T] IN2 9aee=0000
[M8T] OUT2 86e8=0010
[M8T] OUT2 82e8=0300
[M8B] start cur=16,768 dyend=769 dpc=6211 dpitch=1024 doff=0 clip 0,0-1535,1535 compat=0
[M8B] end cur=0,769
[M8T] IN2 9aee=0000
[M8T] OUT2 8ae8=019f
[M8T] OUT2 8ee8=0210
[M8T] IN2 9aee=f000
[M8T] IN2 9aee=0000
[M8T] OUT2 86e8=0000
[M8T] OUT2 82e8=0301
[M8T] OUT2 caee=0010
[M8X] scan cur=0,769 to=16 compat=0 dpc=6211 dp_compat=0 frgd_sel=3 bkgd_sel=0 mono=0 fmix=07 cmd_back=1 pixw=1 pitch=1024 off=0 dstp=1024
[M8Y] count=-1 width=16 dx=0 dy=769 dest=0c0400 clip l=0 t=0 r=1535 b=1535 cmp=0 fc=00000006 wm=000000ff
[M8T] IN2 9aee=0000
[M8T] OUT2 daee=0000
[M8T] OUT2 deee=0000
[M8T] OUT2 e2ee=03ff
[M8T] OUT2 e6ee=02ff
[M8T] OUT2 a6e8=ffff
[M8T] IN2 9aee=ff00
[M8T] IN2 9aee=0000
[M8T] OUT2 8ae8=0301
[M8T] OUT2 8ee8=0010
[M8T] OUT2 82e8=0180
[M8T] OUT2 86e8=0200
[M8B] start cur=512,384 dyend=416 dpc=2071 dpitch=1024 doff=0 clip 0,0-1023,767 compat=0
[M8T] IN2 9aee=0000
[M8T] OUT2 8ae8=0301
[M8T] OUT2 8ee8=0010
[M8T] OUT2 82e8=0180
[M8T] OUT2 86e8=0200
[M8B] start cur=512,384 dyend=416 dpc=2071 dpitch=1024 doff=0 clip 0,0-1023,767 compat=0
[M8T] OUT2 e2ee=05ff
[M8T] OUT2 e6ee=05ff
[M8T] IN2 9aee=c000
[M8T] IN2 9aee=0000
[M8T] OUT2 daee=0000
[M8T] OUT2 deee=0000
[M8T] OUT2 e2ee=03ff
[M8T] OUT2 e6ee=02ff
[M8T] IN2 9aee=fc00
[M8T] IN2 9aee=0000
[M8T] OUT2 8ee8=0010
[M8T] OUT2 8ae8=0300
[M8T] OUT2 86e8=0200
[M8T] OUT2 82e8=0180
[M8B] start cur=512,384 dyend=416 dpc=6211 dpitch=1024 doff=0 clip 0,0-1023,767 compat=0
[M8B] end cur=512,416
[M8T] OUT2 e2ee=05ff
[M8T] OUT2 e6ee=05ff
[M8T] IN2 9aee=c000
[M8T] IN2 9aee=0000
[M8T] IN2 9aee=e000
[M8T] IN2 9aee=0000
[M8T] OUT2 86e8=0010
[M8T] OUT2 82e8=0301
[M8B] start cur=16,769 dyend=770 dpc=3251 dpitch=1024 doff=0 clip 0,0-1535,1535 compat=0
[M8T] IN2 9aee=0000
[M8T] OUT2 e2e8=ff7f
[M8T] OUT2 e2e8=ffff
[M8T] OUT2 e2e8=f03f
[M8T] OUT2 e2e8=ff03
[M8T] OUT2 e2e8=f01f
[M8T] OUT2 e2e8=ff03
[M8T] OUT2 e2e8=f00f
[M8T] OUT2 e2e8=ff03
[M8T] OUT2 e2e8=f807
[M8T] OUT2 e2e8=ff07
[M8T] OUT2 e2e8=f803
[M8T] OUT2 e2e8=ff07
[M8T] OUT2 e2e8=f801
[M8T] OUT2 e2e8=ff07
[M8T] OUT2 e2e8=f800
[M8T] OUT2 e2e8=ff07
[M8T] OUT2 e2e8=7c00
[M8T] OUT2 e2e8=ff0f
[M8T] OUT2 e2e8=3e00
[M8T] OUT2 e2e8=ff1f
[M8T] OUT2 e2e8=1c00
[M8T] OUT2 e2e8=ff0f
[M8T] OUT2 e2e8=f801
[M8T] OUT2 e2e8=ff07
[M8T] OUT2 e2e8=f810
[M8T] OUT2 e2e8=ff07
[M8T] OUT2 e2e8=f830
[M8T] OUT2 e2e8=ff07
[M8T] OUT2 e2e8=7878
[M8T] OUT2 e2e8=ff07
[M8T] OUT2 e2e8=70f8
[M8T] OUT2 e2e8=ff03
[M8T] OUT2 e2e8=30fc
[M8T] OUT2 e2e8=ff03
[M8T] OUT2 e2e8=30fc
[M8T] OUT2 e2e8=ff03
[M8T] OUT2 e2e8=7ffe
[M8T] OUT2 e2e8=ffff
*** 25 repeats ***
[M8T] IN2 9aee=0000
[M8T] OUT2 86e8=0000
[M8T] OUT2 82e8=0302
[M8T] OUT2 caee=0010
[M8X] scan cur=0,770 to=16 compat=0 dpc=3251 dp_compat=0 frgd_sel=1 bkgd_sel=0 mono=2 fmix=02 cmd_back=0 pixw=1 pitch=1024 off=0 dstp=1024
[M8T] IN2 9aee=0000
[M8T] OUT2 e2e8=ffff
[M8T] IN2 9aee=0000
[M8T] OUT2 86e8=0010
[M8T] OUT2 82e8=0301
[M8B] start cur=16,769 dyend=770 dpc=3251 dpitch=1024 doff=0 clip 0,0-1535,1535 compat=0
[M8T] IN2 9aee=0000
[M8T] OUT2 e2e8=0000
*** 3 repeats ***
[M8T] OUT2 e2e8=0340
[M8T] OUT2 e2e8=00f0
[M8T] OUT2 e2e8=0060
[M8T] OUT2 e2e8=0000
[M8T] OUT2 e2e8=0370
[M8T] OUT2 e2e8=00f0
[M8T] OUT2 e2e8=0378
[M8T] OUT2 e2e8=00f0
[M8T] OUT2 e2e8=037c
[M8T] OUT2 e2e8=00b0
[M8T] OUT2 e2e8=017e
[M8T] OUT2 e2e8=0060
[M8T] OUT2 e2e8=007f
[M8T] OUT2 e2e8=00c0
[M8T] OUT2 e2e8=807f
[M8T] OUT2 e2e8=0040
[M8T] OUT2 e2e8=007c
[M8T] OUT2 e2e8=00c0
[M8T] OUT2 e2e8=016c
[M8T] OUT2 e2e8=00e0
[M8T] OUT2 e2e8=0346
[M8T] OUT2 e2e8=0070
[M8T] OUT2 e2e8=0206
[M8T] OUT2 e2e8=00b0
[M8T] OUT2 e2e8=0103
[M8T] OUT2 e2e8=0050
[M8T] OUT2 e2e8=0003
[M8T] OUT2 e2e8=0000
[M8T] OUT2 e2e8=8301
[M8T] OUT2 e2e8=00f0
[M8T] OUT2 e2e8=8001
[M8T] OUT2 e2e8=0000
*** 27 repeats ***
[M8T] IN2 9aee=0000
[M8T] OUT2 86e8=0000
[M8T] OUT2 82e8=0302
[M8T] OUT2 caee=0010
[M8X] scan cur=0,770 to=16 compat=0 dpc=3251 dp_compat=0 frgd_sel=1 bkgd_sel=0 mono=2 fmix=02 cmd_back=0 pixw=1 pitch=1024 off=0 dstp=1024
[M8T] IN2 9aee=0000
[M8T] OUT2 e2e8=0000
[M8T] IN2 9aee=0000
[M8T] IN2 9aee=8000
[M8T] IN2 9aee=0000
[M8T] OUT2 8ee8=0200
[M8T] OUT2 8ae8=0180
[M8T] IN2 9aee=fe00
[M8T] IN2 9aee=0000
[M8T] OUT2 86e8=0010
[M8T] OUT2 82e8=0300
[M8B] start cur=16,768 dyend=769 dpc=6211 dpitch=1024 doff=0 clip 0,0-1535,1535 compat=0
[M8B] end cur=0,769
[M8T] IN2 9aee=0000
[M8T] OUT2 8ae8=019f
[M8T] OUT2 8ee8=0210
[M8T] IN2 9aee=f000
[M8T] IN2 9aee=0000
[M8T] OUT2 86e8=0000
[M8T] OUT2 82e8=0301
[M8T] OUT2 caee=0010
[M8X] scan cur=0,769 to=16 compat=0 dpc=6211 dp_compat=0 frgd_sel=3 bkgd_sel=0 mono=0 fmix=07 cmd_back=1 pixw=1 pitch=1024 off=0 dstp=1024
[M8Y] count=-1 width=16 dx=0 dy=769 dest=0c0400 clip l=0 t=0 r=1535 b=1535 cmp=0 fc=000000ff wm=000000ff
[M8T] IN2 9aee=0000
[M8T] OUT2 daee=0000
[M8T] OUT2 deee=0000
[M8T] OUT2 e2ee=03ff
[M8T] OUT2 e6ee=02ff
[M8T] OUT2 a6e8=ffff
[M8T] IN2 9aee=ff00
[M8T] IN2 9aee=0000
[M8T] OUT2 8ae8=0301
[M8T] OUT2 8ee8=0010
[M8T] OUT2 82e8=0180
[M8T] OUT2 86e8=0200
[M8B] start cur=512,384 dyend=416 dpc=2071 dpitch=1024 doff=0 clip 0,0-1023,767 compat=0
[M8T] IN2 9aee=0000
[M8T] OUT2 8ae8=0301
[M8T] OUT2 8ee8=0010
[M8T] OUT2 82e8=0180
[M8T] OUT2 86e8=0200
[M8B] start cur=512,384 dyend=416 dpc=2071 dpitch=1024 doff=0 clip 0,0-1023,767 compat=0
[M8T] OUT2 e2ee=05ff
[M8T] OUT2 e6ee=05ff
[M8T] IN2 9aee=c000
[M8T] IN2 9aee=0000
[M8T] OUT2 daee=0000
[M8T] OUT2 deee=0000
[M8T] OUT2 e2ee=03ff
[M8T] OUT2 e6ee=02ff
[M8T] IN2 9aee=fc00
[M8T] IN2 9aee=0000
[M8T] OUT2 8ee8=0010
[M8T] OUT2 8ae8=0300
[M8T] OUT2 86e8=0200
[M8T] OUT2 82e8=0180
[M8B] start cur=512,384 dyend=416 dpc=6211 dpitch=1024 doff=0 clip 0,0-1023,767 compat=0
[M8B] end cur=512,416
[M8T] OUT2 e2ee=05ff
[M8T] OUT2 e6ee=05ff
[M8T] IN2 9aee=c000
[M8T] IN2 9aee=0000
[M8T] IN2 9aee=e000
[M8T] IN2 9aee=0000
[M8T] OUT2 86e8=0010
[M8T] OUT2 82e8=0301
[M8B] start cur=16,769 dyend=770 dpc=3251 dpitch=1024 doff=0 clip 0,0-1535,1535 compat=0
[M8T] IN2 9aee=0000
[M8T] OUT2 e2e8=ff7f
[M8T] OUT2 e2e8=ffff
[M8T] OUT2 e2e8=ff3f
[M8T] OUT2 e2e8=ffff
[M8T] OUT2 e2e8=ff1f
[M8T] OUT2 e2e8=ffff
[M8T] OUT2 e2e8=ff0f
[M8T] OUT2 e2e8=ffff
[M8T] OUT2 e2e8=ff07
[M8T] OUT2 e2e8=ffff
[M8T] OUT2 e2e8=ff03
[M8T] OUT2 e2e8=ffff
[M8T] OUT2 e2e8=ff01
[M8T] OUT2 e2e8=ffff
[M8T] OUT2 e2e8=ff00
[M8T] OUT2 e2e8=ffff
[M8T] OUT2 e2e8=7f00
[M8T] OUT2 e2e8=ffff
[M8T] OUT2 e2e8=3f00
[M8T] OUT2 e2e8=ffff
[M8T] OUT2 e2e8=1f00
[M8T] OUT2 e2e8=ffff
[M8T] OUT2 e2e8=ff01
[M8T] OUT2 e2e8=ffff
[M8T] OUT2 e2e8=ff10
[M8T] OUT2 e2e8=ffff
[M8T] OUT2 e2e8=ff30
[M8T] OUT2 e2e8=ffff
[M8T] OUT2 e2e8=7f78
[M8T] OUT2 e2e8=ffff
[M8T] OUT2 e2e8=7ff8
[M8T] OUT2 e2e8=ffff
[M8T] OUT2 e2e8=3ffc
[M8T] OUT2 e2e8=ffff
[M8T] OUT2 e2e8=3ffc
[M8T] OUT2 e2e8=ffff
[M8T] OUT2 e2e8=7ffe
[M8T] OUT2 e2e8=ffff
*** 25 repeats ***
[M8T] IN2 9aee=0000
[M8T] OUT2 86e8=0000
[M8T] OUT2 82e8=0302
[M8T] OUT2 caee=0010
[M8X] scan cur=0,770 to=16 compat=0 dpc=3251 dp_compat=0 frgd_sel=1 bkgd_sel=0 mono=2 fmix=02 cmd_back=0 pixw=1 pitch=1024 off=0 dstp=1024
[M8T] IN2 9aee=0000
[M8T] OUT2 e2e8=ffff
[M8T] IN2 9aee=0000
[M8T] OUT2 86e8=0010
[M8T] OUT2 82e8=0301
[M8B] start cur=16,769 dyend=770 dpc=3251 dpitch=1024 doff=0 clip 0,0-1535,1535 compat=0
[M8T] IN2 9aee=0000
[M8T] OUT2 e2e8=0000
*** 3 repeats ***
[M8T] OUT2 e2e8=0040
[M8T] OUT2 e2e8=0000
[M8T] OUT2 e2e8=0060
[M8T] OUT2 e2e8=0000
[M8T] OUT2 e2e8=0070
[M8T] OUT2 e2e8=0000
[M8T] OUT2 e2e8=0078
[M8T] OUT2 e2e8=0000
[M8T] OUT2 e2e8=007c
[M8T] OUT2 e2e8=0000
[M8T] OUT2 e2e8=007e
[M8T] OUT2 e2e8=0000
[M8T] OUT2 e2e8=007f
[M8T] OUT2 e2e8=0000
[M8T] OUT2 e2e8=807f
[M8T] OUT2 e2e8=0000
[M8T] OUT2 e2e8=007c
[M8T] OUT2 e2e8=0000
[M8T] OUT2 e2e8=006c
[M8T] OUT2 e2e8=0000
[M8T] OUT2 e2e8=0046
[M8T] OUT2 e2e8=0000
[M8T] OUT2 e2e8=0006
[M8T] OUT2 e2e8=0000
[M8T] OUT2 e2e8=0003
[M8T] OUT2 e2e8=0000
[M8T] OUT2 e2e8=0003
[M8T] OUT2 e2e8=0000
[M8T] OUT2 e2e8=8001
[M8T] OUT2 e2e8=0000
[M8T] OUT2 e2e8=8001
[M8T] OUT2 e2e8=0000
*** 27 repeats ***
[M8T] IN2 9aee=0000
[M8T] OUT2 86e8=0000
[M8T] OUT2 82e8=0302
[M8T] OUT2 caee=0010
[M8X] scan cur=0,770 to=16 compat=0 dpc=3251 dp_compat=0 frgd_sel=1 bkgd_sel=0 mono=2 fmix=02 cmd_back=0 pixw=1 pitch=1024 off=0 dstp=1024
[M8T] IN2 9aee=0000
[M8T] OUT2 e2e8=0000
[M8T] IN2 9aee=0000
[M8T] IN2 9aee=8000
[M8T] IN2 9aee=0000
[M8T] OUT2 8ee8=0200
[M8T] OUT2 8ae8=0180
[M8T] IN2 9aee=fe00
[M8T] IN2 9aee=0000
[M8T] OUT2 86e8=0010
[M8T] OUT2 82e8=0300
[M8B] start cur=16,768 dyend=769 dpc=6211 dpitch=1024 doff=0 clip 0,0-1535,1535 compat=0
[M8B] end cur=0,769
[M8T] IN2 9aee=0000
[M8T] OUT2 8ae8=019f
[M8T] OUT2 8ee8=0210
[M8T] IN2 9aee=f000
[M8T] IN2 9aee=0000
[M8T] OUT2 86e8=0000
[M8T] OUT2 82e8=0301
[M8T] OUT2 caee=0010
[M8X] scan cur=0,769 to=16 compat=0 dpc=6211 dp_compat=0 frgd_sel=3 bkgd_sel=0 mono=0 fmix=07 cmd_back=1 pixw=1 pitch=1024 off=0 dstp=1024
[M8Y] count=-1 width=16 dx=0 dy=769 dest=0c0400 clip l=0 t=0 r=1535 b=1535 cmp=0 fc=000000ff wm=000000ff
[M8T] IN2 9aee=0000
[M8T] OUT2 daee=0000
[M8T] OUT2 deee=0000
[M8T] OUT2 e2ee=03ff
[M8T] OUT2 e6ee=02ff
[M8T] OUT2 a6e8=ffff
[M8T] IN2 9aee=ff00
[M8T] IN2 9aee=0000
[M8T] OUT2 8ae8=0301
[M8T] OUT2 8ee8=0010
[M8T] OUT2 82e8=0180
[M8T] OUT2 86e8=0200
[M8B] start cur=512,384 dyend=416 dpc=2071 dpitch=1024 doff=0 clip 0,0-1023,767 compat=0
[M8T] IN2 9aee=0000
[M8T] OUT2 8ae8=0301
[M8T] OUT2 8ee8=0010
[M8T] OUT2 82e8=0180
[M8T] OUT2 86e8=0200
[M8B] start cur=512,384 dyend=416 dpc=2071 dpitch=1024 doff=0 clip 0,0-1023,767 compat=0
[M8T] OUT2 e2ee=05ff
[M8T] OUT2 e6ee=05ff
[M8T] IN2 9aee=c000
[M8T] IN2 9aee=0000
[M8T] OUT2 a6e8=0707
[M8T] OUT2 86e8=0000
[M8T] OUT2 82e8=02e4
[M8B] start cur=0,740 dyend=741 dpc=2211 dpitch=1024 doff=0 clip 0,0-1535,1535 compat=0
[M8B] end cur=0,741
[M8T] IN2 9aee=0000
[M8T] OUT2 a6e8=ffff
[M8T] OUT2 86e8=0000
[M8T] OUT2 82e8=02e5
[M8B] start cur=0,741 dyend=742 dpc=2211 dpitch=1024 doff=0 clip 0,0-1535,1535 compat=0
[M8B] end cur=0,742
[M8T] IN2 9aee=0000
[M8T] OUT2 a6e8=0707
[M8T] OUT2 86e8=0000
[M8T] OUT2 82e8=02e6
[M8B] start cur=0,742 dyend=767 dpc=2211 dpitch=1024 doff=0 clip 0,0-1535,1535 compat=0
[M8B] end cur=0,767
[M8T] IN2 9aee=0000
[M8T] OUT2 a6e8=0707
[M8T] OUT2 86e8=0001
[M8T] OUT2 82e8=02e6
[M8B] start cur=1,742 dyend=743 dpc=2211 dpitch=1024 doff=0 clip 0,0-1535,1535 compat=0
[M8B] end cur=1,743
[M8T] IN2 9aee=0000
[M8T] OUT2 a6e8=0707
[M8T] OUT2 86e8=0000
[M8T] OUT2 82e8=02ff
[M8B] start cur=0,767 dyend=768 dpc=2211 dpitch=1024 doff=0 clip 0,0-1535,1535 compat=0
[M8B] end cur=0,768
[M8T] IN2 9aee=0000
[M8T] OUT2 a6e8=0707
[M8T] OUT2 86e8=03ff
[M8T] OUT2 82e8=02e7
[M8B] start cur=1023,743 dyend=768 dpc=2211 dpitch=1024 doff=0 clip 0,0-1535,1535 compat=0
[M8B] end cur=1023,768
[M8T] IN2 9aee=0000
[M8T] OUT2 a6e8=0707
[M8T] OUT2 86e8=0001
[M8T] OUT2 82e8=02e7
[M8B] start cur=1,743 dyend=766 dpc=2211 dpitch=1024 doff=0 clip 0,0-1535,1535 compat=0
[M8B] end cur=1,766
[M8T] IN2 9aee=0000
[M8T] OUT2 a6e8=0707
[M8T] OUT2 86e8=0002
[M8T] OUT2 82e8=02e7
[M8B] start cur=2,743 dyend=744 dpc=2211 dpitch=1024 doff=0 clip 0,0-1535,1535 compat=0
[M8B] end cur=2,744
[M8T] IN2 9aee=0000
[M8T] OUT2 a6e8=0707
[M8T] OUT2 86e8=0001
[M8T] OUT2 82e8=02fe
[M8B] start cur=1,766 dyend=767 dpc=2211 dpitch=1024 doff=0 clip 0,0-1535,1535 compat=0
[M8B] end cur=1,767
[M8T] IN2 9aee=0000
[M8T] OUT2 a6e8=0707
[M8T] OUT2 86e8=03fe
[M8T] OUT2 82e8=02e8
[M8B] start cur=1022,744 dyend=767 dpc=2211 dpitch=1024 doff=0 clip 0,0-1535,1535 compat=0
[M8B] end cur=1022,767
[M8T] IN2 9aee=0000
[M8T] OUT2 a6e8=0707
[M8T] OUT2 86e8=0038
[M8T] OUT2 82e8=02e8
[M8B] start cur=56,744 dyend=766 dpc=2211 dpitch=1024 doff=0 clip 0,0-1535,1535 compat=0
[M8B] end cur=56,766
[M8T] IN2 9aee=0000
[M8T] OUT2 a6e8=0707
[M8T] OUT2 86e8=03ce
[M8T] OUT2 82e8=02e8
[M8B] start cur=974,744 dyend=766 dpc=2211 dpitch=1024 doff=0 clip 0,0-1535,1535 compat=0
[M8B] end cur=974,766
[M8T] IN2 9aee=0000
[M8T] OUT2 a6e8=ffff
[M8T] OUT2 86e8=03fd
[M8T] OUT2 82e8=02e8
[M8B] start cur=1021,744 dyend=766 dpc=2211 dpitch=1024 doff=0 clip 0,0-1535,1535 compat=0
[M8B] end cur=1021,766
[M8T] IN2 9aee=0000
[M8T] OUT2 a6e8=ffff
[M8T] OUT2 86e8=03d2
[M8T] OUT2 82e8=02fd
[M8B] start cur=978,765 dyend=766 dpc=2211 dpitch=1024 doff=0 clip 0,0-1535,1535 compat=0
[M8B] end cur=978,766
[M8T] IN2 9aee=0000
[M8T] OUT2 a6e8=f8f8
[M8T] OUT2 86e8=03d2
[M8T] OUT2 82e8=02e8
[M8B] start cur=978,744 dyend=765 dpc=2211 dpitch=1024 doff=0 clip 0,0-1535,1535 compat=0
[M8B] end cur=978,765
[M8T] IN2 9aee=0000
[M8T] OUT2 a6e8=f8f8
[M8T] OUT2 86e8=03d3
[M8T] OUT2 82e8=02e8
[M8B] start cur=979,744 dyend=745 dpc=2211 dpitch=1024 doff=0 clip 0,0-1535,1535 compat=0
[M8B] end cur=979,745
[M8T] IN2 9aee=0000
[M8T] OUT2 a6e8=0707
[M8T] OUT2 86e8=03d3
[M8T] OUT2 82e8=02e9
[M8B] start cur=979,745 dyend=746 dpc=2211 dpitch=1024 doff=0 clip 0,0-1535,1535 compat=0
[M8B] end cur=979,746
[M8T] IN2 9aee=0000
[M8T] OUT2 a6e8=0707
[M8T] OUT2 86e8=03d3
[M8T] OUT2 82e8=02ea
[M8B] start cur=979,746 dyend=765 dpc=2211 dpitch=1024 doff=0 clip 0,0-1535,1535 compat=0
[M8B] end cur=979,765
[M8T] IN2 9aee=0000
[M8T] OUT2 a6e8=0707
[M8T] OUT2 86e8=03d4
[M8T] OUT2 82e8=02ea
[M8B] start cur=980,746 dyend=765 dpc=2211 dpitch=1024 doff=0 clip 0,0-1535,1535 compat=0
[M8B] end cur=980,765
[M8T] IN2 9aee=0000
[M8T] OUT2 a6e8=0707
[M8T] OUT2 86e8=003c
[M8T] OUT2 82e8=02e8
[M8B] start cur=60,744 dyend=766 dpc=2211 dpitch=1024 doff=0 clip 0,0-1535,1535 compat=0
[M8B] end cur=60,766
[M8T] IN2 9aee=0000
[M8T] OUT2 a6e8=0707
[M8T] OUT2 86e8=0000
[M8T] OUT2 82e8=02e4
[M8B] start cur=0,740 dyend=741 dpc=2211 dpitch=1024 doff=0 clip 0,0-1535,1535 compat=0
[M8B] end cur=0,741
[M8T] IN2 9aee=0000
[M8T] OUT2 a6e8=ffff
[M8T] OUT2 86e8=0000
[M8T] OUT2 82e8=02e5
[M8B] start cur=0,741 dyend=742 dpc=2211 dpitch=1024 doff=0 clip 0,0-1535,1535 compat=0
[M8B] end cur=0,742
[M8T] IN2 9aee=0000
[M8T] OUT2 a6e8=0707
[M8T] OUT2 86e8=0000
[M8T] OUT2 82e8=02e6
[M8B] start cur=0,742 dyend=767 dpc=2211 dpitch=1024 doff=0 clip 0,0-1535,1535 compat=0
[M8B] end cur=0,767
[M8T] IN2 9aee=0000
[M8T] OUT2 a6e8=0707
[M8T] OUT2 86e8=0001
[M8T] OUT2 82e8=02e6
[M8B] start cur=1,742 dyend=743 dpc=2211 dpitch=1024 doff=0 clip 0,0-1535,1535 compat=0
[M8B] end cur=1,743
[M8T] IN2 9aee=0000
[M8T] OUT2 a6e8=0707
[M8T] OUT2 86e8=0000
[M8T] OUT2 82e8=02ff
[M8B] start cur=0,767 dyend=768 dpc=2211 dpitch=1024 doff=0 clip 0,0-1535,1535 compat=0
[M8B] end cur=0,768
[M8T] IN2 9aee=0000
[M8T] OUT2 a6e8=0707
[M8T] OUT2 86e8=03ff
[M8T] OUT2 82e8=02e7
[M8B] start cur=1023,743 dyend=768 dpc=2211 dpitch=1024 doff=0 clip 0,0-1535,1535 compat=0
[M8B] end cur=1023,768
[M8T] IN2 9aee=0000
[M8T] OUT2 a6e8=0707
[M8T] OUT2 86e8=0001
[M8T] OUT2 82e8=02e7
[M8B] start cur=1,743 dyend=766 dpc=2211 dpitch=1024 doff=0 clip 0,0-1535,1535 compat=0
[M8B] end cur=1,766
[M8T] IN2 9aee=0000
[M8T] OUT2 a6e8=0707
[M8T] OUT2 86e8=0002
[M8T] OUT2 82e8=02e7
[M8B] start cur=2,743 dyend=744 dpc=2211 dpitch=1024 doff=0 clip 0,0-1535,1535 compat=0
[M8B] end cur=2,744
[M8T] IN2 9aee=0000
[M8T] OUT2 a6e8=0707
[M8T] OUT2 86e8=0001
[M8T] OUT2 82e8=02fe
[M8B] start cur=1,766 dyend=767 dpc=2211 dpitch=1024 doff=0 clip 0,0-1535,1535 compat=0
[M8B] end cur=1,767
[M8T] IN2 9aee=0000
[M8T] OUT2 a6e8=0707
[M8T] OUT2 86e8=03fe
[M8T] OUT2 82e8=02e8
[M8B] start cur=1022,744 dyend=767 dpc=2211 dpitch=1024 doff=0 clip 0,0-1535,1535 compat=0
[M8B] end cur=1022,767
[M8T] IN2 9aee=0000
[M8T] OUT2 a6e8=0707
[M8T] OUT2 86e8=0038
[M8T] OUT2 82e8=02e8
[M8B] start cur=56,744 dyend=766 dpc=2211 dpitch=1024 doff=0 clip 0,0-1535,1535 compat=0
[M8B] end cur=56,766
[M8T] IN2 9aee=0000
[M8T] OUT2 a6e8=0707
[M8T] OUT2 86e8=03ce
[M8T] OUT2 82e8=02e8
[M8B] start cur=974,744 dyend=766 dpc=2211 dpitch=1024 doff=0 clip 0,0-1535,1535 compat=0
[M8B] end cur=974,766
[M8T] IN2 9aee=0000
[M8T] OUT2 a6e8=ffff
[M8T] OUT2 86e8=03fd
[M8T] OUT2 82e8=02e8
[M8B] start cur=1021,744 dyend=766 dpc=2211 dpitch=1024 doff=0 clip 0,0-1535,1535 compat=0
[M8B] end cur=1021,766
[M8T] IN2 9aee=0000
[M8T] OUT2 a6e8=ffff
[M8T] OUT2 86e8=03d2
[M8T] OUT2 82e8=02fd
[M8B] start cur=978,765 dyend=766 dpc=2211 dpitch=1024 doff=0 clip 0,0-1535,1535 compat=0
[M8B] end cur=978,766
[M8T] IN2 9aee=0000
[M8T] OUT2 a6e8=f8f8
[M8T] OUT2 86e8=03d2
[M8T] OUT2 82e8=02e8
[M8B] start cur=978,744 dyend=765 dpc=2211 dpitch=1024 doff=0 clip 0,0-1535,1535 compat=0
[M8B] end cur=978,765
[M8T] IN2 9aee=0000
[M8T] OUT2 a6e8=f8f8
[M8T] OUT2 86e8=03d3
[M8T] OUT2 82e8=02e8
[M8B] start cur=979,744 dyend=745 dpc=2211 dpitch=1024 doff=0 clip 0,0-1535,1535 compat=0
[M8B] end cur=979,745
[M8T] IN2 9aee=0000
[M8T] OUT2 a6e8=0707
[M8T] OUT2 86e8=03d3
[M8T] OUT2 82e8=02e9
[M8B] start cur=979,745 dyend=746 dpc=2211 dpitch=1024 doff=0 clip 0,0-1535,1535 compat=0
[M8B] end cur=979,746
[M8T] IN2 9aee=0000
[M8T] OUT2 a6e8=0707
[M8T] OUT2 86e8=03d3
[M8T] OUT2 82e8=02ea
[M8B] start cur=979,746 dyend=765 dpc=2211 dpitch=1024 doff=0 clip 0,0-1535,1535 compat=0
[M8B] end cur=979,765
[M8T] IN2 9aee=0000
[M8T] OUT2 a6e8=0707
[M8T] OUT2 86e8=03d4
[M8T] OUT2 82e8=02ea
[M8B] start cur=980,746 dyend=765 dpc=2211 dpitch=1024 doff=0 clip 0,0-1535,1535 compat=0
[M8B] end cur=980,765
[M8T] IN2 9aee=0000
[M8T] OUT2 a6e8=0707
[M8T] OUT2 86e8=003c
[M8T] OUT2 82e8=02e8
[M8B] start cur=60,744 dyend=766 dpc=2211 dpitch=1024 doff=0 clip 0,0-1535,1535 compat=0
[M8B] end cur=60,766
[M8T] IN2 9aee=0000
[M8T] OUT2 a6e8=0000
[M8T] OUT2 86e8=0037
[M8T] OUT2 82e8=02e8
[M8B] start cur=55,744 dyend=766 dpc=2211 dpitch=1024 doff=0 clip 0,0-1535,1535 compat=0
[M8B] end cur=55,766
[M8T] IN2 9aee=0000
[M8T] OUT2 a6e8=0000
[M8T] OUT2 86e8=0002
[M8T] OUT2 82e8=02fd
[M8B] start cur=2,765 dyend=766 dpc=2211 dpitch=1024 doff=0 clip 0,0-1535,1535 compat=0
[M8B] end cur=2,766
[M8T] IN2 9aee=0000
[M8T] OUT2 a6e8=ffff
[M8T] OUT2 86e8=0002
[M8T] OUT2 82e8=02e8
[M8B] start cur=2,744 dyend=765 dpc=2211 dpitch=1024 doff=0 clip 0,0-1535,1535 compat=0
[M8B] end cur=2,765
[M8T] IN2 9aee=0000
[M8T] OUT2 a6e8=ffff
[M8T] OUT2 86e8=0003
[M8T] OUT2 82e8=02e8
[M8B] start cur=3,744 dyend=745 dpc=2211 dpitch=1024 doff=0 clip 0,0-1535,1535 compat=0
[M8B] end cur=3,745
[M8T] IN2 9aee=0000
[M8T] OUT2 a6e8=f8f8
[M8T] OUT2 86e8=0036
[M8T] OUT2 82e8=02e9
[M8B] start cur=54,745 dyend=765 dpc=2211 dpitch=1024 doff=0 clip 0,0-1535,1535 compat=0
[M8B] end cur=54,765
[M8T] IN2 9aee=0000
[M8T] OUT2 a6e8=f8f8
[M8T] OUT2 86e8=0003
[M8T] OUT2 82e8=02fc
[M8B] start cur=3,764 dyend=765 dpc=2211 dpitch=1024 doff=0 clip 0,0-1535,1535 compat=0
[M8B] end cur=3,765
[M8T] IN2 9aee=0000
[M8T] OUT2 a6e8=0707
[M8T] OUT2 86e8=0003
[M8T] OUT2 82e8=02e9
[M8B] start cur=3,745 dyend=764 dpc=2211 dpitch=1024 doff=0 clip 0,0-1535,1535 compat=0
[M8B] end cur=3,764
[M8T] IN2 9aee=0000
[M8T] OUT2 a6e8=0707
[M8T] OUT2 86e8=0004
[M8T] OUT2 82e8=02e9
[M8B] start cur=4,745 dyend=746 dpc=2211 dpitch=1024 doff=0 clip 0,0-1535,1535 compat=0
[M8B] end cur=4,746
[M8T] IN2 9aee=0000
[M8T] OUT2 a6e8=0707
[M8T] OUT2 86e8=0004
[M8T] OUT2 82e8=02ea
[M8B] start cur=4,746 dyend=764 dpc=2211 dpitch=1024 doff=0 clip 0,0-1535,1535 compat=0
[M8B] end cur=4,764
[M8T] IN2 9aee=0000
[M8T] IN2 9ae8=0000
[M8T] OUT2 daee=0006
[M8T] OUT2 e2ee=0035
[M8T] OUT2 86e8=0006
[M8T] OUT2 82e8=02ea
[M8B] start cur=6,746 dyend=764 dpc=5211 dpitch=1024 doff=0 clip 6,0-53,1535 compat=0
[M8T] OUT2 e2e8=0707
*** 51 repeats ***
[M8T] OUT2 e2e8=0007
[M8T] OUT2 e2e8=0000
[M8T] OUT2 e2e8=0700
[M8T] OUT2 e2e8=0707
*** 19 repeats ***
[M8T] OUT2 e2e8=0007
[M8T] OUT2 e2e8=0000
*** 2 repeats ***
[M8T] OUT2 e2e8=0700
[M8T] OUT2 e2e8=0707
*** 15 repeats ***
[M8T] OUT2 e2e8=0700
[M8T] OUT2 e2e8=0707
*** 1 repeats ***
[M8T] OUT2 e2e8=0000
[M8T] OUT2 e2e8=f900
[M8T] OUT2 e2e8=0000
[M8T] OUT2 e2e8=00fa
[M8T] OUT2 e2e8=0000
[M8T] OUT2 e2e8=0707
*** 1 repeats ***
[M8T] OUT2 e2e8=0000
*** 1 repeats ***
[M8T] OUT2 e2e8=0707
*** 11 repeats ***
[M8T] OUT2 e2e8=0700
*** 1 repeats ***
[M8T] OUT2 e2e8=0000
*** 1 repeats ***
[M8T] OUT2 e2e8=f9f9
[M8T] OUT2 e2e8=0000
[M8T] OUT2 e2e8=fafa
[M8T] OUT2 e2e8=0000
[M8T] OUT2 e2e8=0707
[M8T] OUT2 e2e8=0007
[M8T] OUT2 e2e8=0700
[M8T] OUT2 e2e8=0007
[M8T] OUT2 e2e8=0700
[M8T] OUT2 e2e8=0007
[M8T] OUT2 e2e8=0700
[M8T] OUT2 e2e8=0707
*** 5 repeats ***
[M8T] OUT2 e2e8=0000
[M8T] OUT2 e2e8=0707
*** 2 repeats ***
[M8T] OUT2 e2e8=0000
*** 2 repeats ***
[M8T] OUT2 e2e8=f9f9
[M8T] OUT2 e2e8=0000
[M8T] OUT2 e2e8=fafa
[M8T] OUT2 e2e8=0000
[M8T] OUT2 e2e8=0707
[M8T] OUT2 e2e8=0007
[M8T] OUT2 e2e8=0700
[M8T] OUT2 e2e8=0707
*** 1 repeats ***
[M8T] OUT2 e2e8=0007
[M8T] OUT2 e2e8=0700
[M8T] OUT2 e2e8=0707
*** 5 repeats ***
[M8T] OUT2 e2e8=0000
[M8T] OUT2 e2e8=0707
*** 1 repeats ***
[M8T] OUT2 e2e8=07f9
[M8T] OUT2 e2e8=0707
*** 1 repeats ***
[M8T] OUT2 e2e8=0000
[M8T] OUT2 e2e8=00f9
[M8T] OUT2 e2e8=0000
[M8T] OUT2 e2e8=fa00
[M8T] OUT2 e2e8=0000
[M8T] OUT2 e2e8=0707
[M8T] OUT2 e2e8=0007
[M8T] OUT2 e2e8=0700
[M8T] OUT2 e2e8=0707
*** 1 repeats ***
[M8T] OUT2 e2e8=0007
[M8T] OUT2 e2e8=0000
[M8T] OUT2 e2e8=0707
[M8T] OUT2 e2e8=0000
*** 1 repeats ***
[M8T] OUT2 e2e8=0707
[M8T] OUT2 e2e8=0000
[M8T] OUT2 e2e8=0700
[M8T] OUT2 e2e8=0000
[M8T] OUT2 e2e8=0700
[M8T] OUT2 e2e8=0707
[M8T] OUT2 e2e8=07f9
*** 1 repeats ***
[M8T] OUT2 e2e8=f9f9
[M8T] OUT2 e2e8=0000
*** 4 repeats ***
[M8T] OUT2 e2e8=0707
*** 1 repeats ***
[M8T] OUT2 e2e8=0000
*** 1 repeats ***
[M8T] OUT2 e2e8=0707
[M8T] OUT2 e2e8=0007
[M8T] OUT2 e2e8=0700
[M8T] OUT2 e2e8=0707
*** 1 repeats ***
[M8T] OUT2 e2e8=0007
[M8T] OUT2 e2e8=0700
[M8T] OUT2 e2e8=0000
[M8T] OUT2 e2e8=0707
[M8T] OUT2 e2e8=0000
[M8T] OUT2 e2e8=0707
*** 2 repeats ***
[M8T] OUT2 e2e8=f9f9
*** 1 repeats ***
[M8T] OUT2 e2e8=0000
[M8T] OUT2 e2e8=fc00
[M8T] OUT2 e2e8=0000
[M8T] OUT2 e2e8=00fb
[M8T] OUT2 e2e8=0000
[M8T] OUT2 e2e8=0707
*** 2 repeats ***
[M8T] OUT2 e2e8=0007
[M8T] OUT2 e2e8=0700
[M8T] OUT2 e2e8=0007
[M8T] OUT2 e2e8=0700
[M8T] OUT2 e2e8=0707
[M8T] OUT2 e2e8=0000
*** 1 repeats ***
[M8T] OUT2 e2e8=0700
[M8T] OUT2 e2e8=0000
[M8T] OUT2 e2e8=0707
[M8T] OUT2 e2e8=0000
[M8T] OUT2 e2e8=0707
*** 1 repeats ***
[M8T] OUT2 e2e8=07fc
[M8T] OUT2 e2e8=0707
*** 1 repeats ***
[M8T] OUT2 e2e8=0000
[M8T] OUT2 e2e8=fcfc
[M8T] OUT2 e2e8=0000
[M8T] OUT2 e2e8=fbfb
[M8T] OUT2 e2e8=0000
[M8T] OUT2 e2e8=0707
*** 2 repeats ***
[M8T] OUT2 e2e8=0007
[M8T] OUT2 e2e8=0700
[M8T] OUT2 e2e8=0007
[M8T] OUT2 e2e8=0700
[M8T] OUT2 e2e8=0007
[M8T] OUT2 e2e8=0700
[M8T] OUT2 e2e8=0007
[M8T] OUT2 e2e8=0700
[M8T] OUT2 e2e8=0000
[M8T] OUT2 e2e8=0707
[M8T] OUT2 e2e8=0000
[M8T] OUT2 e2e8=0707
*** 1 repeats ***
[M8T] OUT2 e2e8=07fc
*** 1 repeats ***
[M8T] OUT2 e2e8=fcfc
[M8T] OUT2 e2e8=0000
[M8T] OUT2 e2e8=fcfc
[M8T] OUT2 e2e8=0000
[M8T] OUT2 e2e8=fbfb
[M8T] OUT2 e2e8=0000
[M8T] OUT2 e2e8=0707
[M8T] OUT2 e2e8=0007
[M8T] OUT2 e2e8=0700
[M8T] OUT2 e2e8=0007
[M8T] OUT2 e2e8=0700
[M8T] OUT2 e2e8=0007
[M8T] OUT2 e2e8=0700
[M8T] OUT2 e2e8=0007
[M8T] OUT2 e2e8=0700
[M8T] OUT2 e2e8=0007
[M8T] OUT2 e2e8=0700
[M8T] OUT2 e2e8=0000
[M8T] OUT2 e2e8=0707
[M8T] OUT2 e2e8=0000
[M8T] OUT2 e2e8=0707
*** 2 repeats ***
[M8T] OUT2 e2e8=fcfc
*** 1 repeats ***
[M8T] OUT2 e2e8=0000
[M8T] OUT2 e2e8=00fc
[M8T] OUT2 e2e8=0000
[M8T] OUT2 e2e8=fb00
[M8T] OUT2 e2e8=0000
[M8T] OUT2 e2e8=0707
*** 1 repeats ***
[M8T] OUT2 e2e8=0000
*** 1 repeats ***
[M8T] OUT2 e2e8=0707
*** 1 repeats ***
[M8T] OUT2 e2e8=0000
[M8T] OUT2 e2e8=0707
[M8T] OUT2 e2e8=0000
*** 1 repeats ***
[M8T] OUT2 e2e8=0700
[M8T] OUT2 e2e8=0000
[M8T] OUT2 e2e8=0707
[M8T] OUT2 e2e8=0007
[M8T] OUT2 e2e8=0700
[M8T] OUT2 e2e8=0707
[M8T] OUT2 e2e8=0700
[M8T] OUT2 e2e8=0707
*** 1 repeats ***
[M8T] OUT2 e2e8=0000
*** 4 repeats ***
[M8T] OUT2 e2e8=0707
*** 15 repeats ***
[M8T] OUT2 e2e8=0700
*** 1 repeats ***
[M8T] OUT2 e2e8=0000
*** 1 repeats ***
[M8T] OUT2 e2e8=0700
[M8T] OUT2 e2e8=0707
[M8T] OUT2 e2e8=0007
[M8T] OUT2 e2e8=0000
[M8T] OUT2 e2e8=0707
*** 16 repeats ***
[M8T] OUT2 e2e8=0000
*** 1 repeats ***
[M8T] OUT2 e2e8=0700
[M8T] OUT2 e2e8=0707
*** 2 repeats ***
[M8T] OUT2 e2e8=0007
[M8T] OUT2 e2e8=0707
*** 63 repeats ***
[M8B] end cur=6,764
[M8T] IN2 9aee=0000
[M8T] OUT2 daee=0000
[M8T] OUT2 e2ee=05ff
[M8T] IN2 9aee=c000
[M8T] IN2 9aee=0000
[M8T] OUT2 daee=03d4
[M8T] OUT2 deee=02ea
[M8T] OUT2 e2ee=03fc
[M8T] OUT2 e6ee=02fc
[M8T] IN2 9aee=f000
[M8T] IN2 9aee=0000
[M8T] OUT2 a6e8=0007
[M8T] IN2 9aee=e000
[M8T] IN2 9aee=0000
[M8T] OUT2 86e8=03d4
[M8T] OUT2 82e8=02ea
[M8B] start cur=980,746 dyend=766 dpc=2211 dpitch=1024 doff=0 clip 980,746-1020,764 compat=0
[M8B] end cur=980,766
[M8T] IN2 9aee=0000
[M8T] OUT2 a6e8=0000
[M8T] IN2 9aee=f800
[M8T] IN2 9aee=0000
[M8T] OUT2 86e8=03dc
[M8T] OUT2 82e8=02ef
[M8B] start cur=988,751 dyend=760 dpc=3251 dpitch=1024 doff=0 clip 980,746-1020,764 compat=0
[M8T] OUT2 e2e8=6374
[M8T] OUT2 e2e8=c618
[M8T] OUT2 e2e8=7031
[M8T] OUT2 e2e8=0000
[M8T] OUT2 86e8=03e2
[M8T] OUT2 82e8=02ef
[M8B] start cur=994,751 dyend=760 dpc=3251 dpitch=1024 doff=0 clip 980,746-1020,764 compat=0
[M8T] OUT2 e2e8=6374
[M8T] OUT2 e2e8=c618
[M8T] IN2 9aee=0000
[M8T] OUT2 e2e8=7031
[M8T] OUT2 e2e8=0000
[M8T] OUT2 86e8=03e8
[M8T] OUT2 82e8=02f2
[M8B] start cur=1000,754 dyend=760 dpc=3251 dpitch=1024 doff=0 clip 980,746-1020,764 compat=0
[M8T] OUT2 e2e8=0084
[M8T] OUT2 e2e8=0000
[M8T] OUT2 86e8=03eb
[M8T] OUT2 82e8=02ef
[M8B] start cur=1003,751 dyend=760 dpc=3251 dpitch=1024 doff=0 clip 980,746-1020,764 compat=0
[M8T] OUT2 e2e8=6374
[M8T] OUT2 e2e8=c618
[M8T] IN2 9aee=0000
[M8T] OUT2 e2e8=7031
[M8T] OUT2 e2e8=0000
[M8T] OUT2 86e8=03f1
[M8T] OUT2 82e8=02ef
[M8B] start cur=1009,751 dyend=760 dpc=3251 dpitch=1024 doff=0 clip 980,746-1020,764 compat=0
[M8T] OUT2 e2e8=6374
[M8T] OUT2 e2e8=c618
[M8T] OUT2 e2e8=7031
[M8T] OUT2 e2e8=0000
[M8T] IN2 9aee=8000
[M8T] IN2 9aee=0000
[M8T] OUT2 daee=0000
[M8T] OUT2 deee=0000
[M8T] OUT2 e2ee=05ff
[M8T] OUT2 e6ee=05ff
[M8T] IN2 9aee=f000
[M8T] IN2 9aee=0000
[M8T] OUT2 daee=0000
[M8T] OUT2 deee=0000
[M8T] OUT2 e2ee=03ff
[M8T] OUT2 e6ee=02ff
[M8T] IN2 9aee=fc00
[M8T] IN2 9aee=0000
[M8T] OUT2 8ee8=0010
[M8T] OUT2 8ae8=0300
[M8T] OUT2 86e8=0200
[M8T] OUT2 82e8=0180
[M8B] start cur=512,384 dyend=416 dpc=6211 dpitch=1024 doff=0 clip 0,0-1023,767 compat=0
[M8B] end cur=512,416
[M8T] OUT2 e2ee=05ff
[M8T] OUT2 e6ee=05ff
[M8T] IN2 9aee=c000
[M8T] IN2 9aee=0000
[M8T] IN2 9aee=e000
[M8T] IN2 9aee=0000
[M8T] OUT2 86e8=0010
[M8T] OUT2 82e8=0301
[M8B] start cur=16,769 dyend=770 dpc=3251 dpitch=1024 doff=0 clip 0,0-1535,1535 compat=0
[M8T] IN2 9aee=0000
[M8T] OUT2 e2e8=ffff
*** 11 repeats ***
[M8T] OUT2 e2e8=c0ff
[M8T] OUT2 e2e8=ff01
[M8T] OUT2 e2e8=c0ff
[M8T] OUT2 e2e8=ff01
[M8T] OUT2 e2e8=c0ff
[M8T] OUT2 e2e8=ff01
[M8T] OUT2 e2e8=e0ff
[M8T] OUT2 e2e8=ff03
[M8T] OUT2 e2e8=e0ff
[M8T] OUT2 e2e8=ff03
[M8T] OUT2 e2e8=e0ff
[M8T] OUT2 e2e8=ff03
[M8T] OUT2 e2e8=e0ff
[M8T] OUT2 e2e8=ff03
[M8T] OUT2 e2e8=e0ff
[M8T] OUT2 e2e8=ff03
[M8T] OUT2 e2e8=f0ff
[M8T] OUT2 e2e8=ff07
[M8T] OUT2 e2e8=f8ff
[M8T] OUT2 e2e8=ff0f
[M8T] OUT2 e2e8=fcff
[M8T] OUT2 e2e8=ff1f
[M8T] OUT2 e2e8=fcff
[M8T] OUT2 e2e8=ff1f
[M8T] OUT2 e2e8=f8ff
[M8T] OUT2 e2e8=ff0f
[M8T] OUT2 e2e8=f0ff
[M8T] OUT2 e2e8=ff07
[M8T] OUT2 e2e8=e0ff
[M8T] OUT2 e2e8=ff03
[M8T] OUT2 e2e8=e0ff
[M8T] OUT2 e2e8=ff03
[M8T] OUT2 e2e8=e0ff
[M8T] OUT2 e2e8=ff03
[M8T] OUT2 e2e8=e0ff
[M8T] OUT2 e2e8=ff03
[M8T] OUT2 e2e8=e0ff
[M8T] OUT2 e2e8=ff03
[M8T] OUT2 e2e8=c0ff
[M8T] OUT2 e2e8=ff01
[M8T] OUT2 e2e8=c0ff
[M8T] OUT2 e2e8=ff01
[M8T] OUT2 e2e8=c0ff
[M8T] OUT2 e2e8=ff01
[M8T] OUT2 e2e8=ffff
*** 6 repeats ***
[M8T] IN2 9aee=0000
[M8T] OUT2 86e8=0000
[M8T] OUT2 82e8=0302
[M8T] OUT2 caee=0010
[M8X] scan cur=0,770 to=16 compat=0 dpc=3251 dp_compat=0 frgd_sel=1 bkgd_sel=0 mono=2 fmix=02 cmd_back=0 pixw=1 pitch=1024 off=0 dstp=1024
[M8T] IN2 9aee=0000
[M8T] OUT2 e2e8=ffff
[M8T] IN2 9aee=0000
[M8T] OUT2 86e8=0010
[M8T] OUT2 82e8=0301
[M8B] start cur=16,769 dyend=770 dpc=3251 dpitch=1024 doff=0 clip 0,0-1535,1535 compat=0
[M8T] IN2 9aee=0000
[M8T] OUT2 e2e8=0000
*** 13 repeats ***
[M8T] OUT2 e2e8=0f00
[M8T] OUT2 e2e8=00f8
[M8T] OUT2 e2e8=0000
*** 1 repeats ***
[M8T] OUT2 e2e8=0f00
[M8T] OUT2 e2e8=00f8
[M8T] OUT2 e2e8=0f00
[M8T] OUT2 e2e8=00f8
[M8T] OUT2 e2e8=0d00
[M8T] OUT2 e2e8=0058
[M8T] OUT2 e2e8=0e00
[M8T] OUT2 e2e8=00b8
[M8T] OUT2 e2e8=0700
[M8T] OUT2 e2e8=0070
[M8T] OUT2 e2e8=0300
[M8T] OUT2 e2e8=00e0
[M8T] OUT2 e2e8=0100
[M8T] OUT2 e2e8=0040
[M8T] OUT2 e2e8=0000
[M8T] OUT2 e2e8=0080
[M8T] OUT2 e2e8=0000
[M8T] OUT2 e2e8=0080
[M8T] OUT2 e2e8=0100
[M8T] OUT2 e2e8=00c0
[M8T] OUT2 e2e8=0300
[M8T] OUT2 e2e8=0060
[M8T] OUT2 e2e8=0700
[M8T] OUT2 e2e8=00f0
[M8T] OUT2 e2e8=0f00
[M8T] OUT2 e2e8=0078
[M8T] OUT2 e2e8=0e00
[M8T] OUT2 e2e8=00b8
[M8T] OUT2 e2e8=0d00
[M8T] OUT2 e2e8=0058
[M8T] OUT2 e2e8=0a00
[M8T] OUT2 e2e8=00a8
[M8T] OUT2 e2e8=0000
*** 1 repeats ***
[M8T] OUT2 e2e8=0f00
[M8T] OUT2 e2e8=00f8
[M8T] OUT2 e2e8=0000
*** 8 repeats ***
[M8T] IN2 9aee=0000
[M8T] OUT2 86e8=0000
[M8T] OUT2 82e8=0302
[M8T] OUT2 caee=0010
[M8X] scan cur=0,770 to=16 compat=0 dpc=3251 dp_compat=0 frgd_sel=1 bkgd_sel=0 mono=2 fmix=02 cmd_back=0 pixw=1 pitch=1024 off=0 dstp=1024
[M8T] IN2 9aee=0000
[M8T] OUT2 e2e8=0000
[M8T] IN2 9aee=0000
[M8T] IN2 9aee=8000
[M8T] IN2 9aee=0000
[M8T] OUT2 8ee8=01f0
[M8T] OUT2 8ae8=0170
[M8T] IN2 9aee=fe00
[M8T] IN2 9aee=0000
[M8T] OUT2 86e8=0010
[M8T] OUT2 82e8=0300
[M8B] start cur=16,768 dyend=769 dpc=6211 dpitch=1024 doff=0 clip 0,0-1535,1535 compat=0
[M8B] end cur=0,769
[M8T] IN2 9aee=0000
[M8T] OUT2 8ae8=018f
[M8T] OUT2 8ee8=0200
[M8T] IN2 9aee=f000
[M8T] IN2 9aee=0000
[M8T] OUT2 86e8=0000
[M8T] OUT2 82e8=0301
[M8T] OUT2 caee=0010
[M8X] scan cur=0,769 to=16 compat=0 dpc=6211 dp_compat=0 frgd_sel=3 bkgd_sel=0 mono=0 fmix=07 cmd_back=1 pixw=1 pitch=1024 off=0 dstp=1024
[M8Y] count=-1 width=16 dx=0 dy=769 dest=0c0400 clip l=0 t=0 r=1535 b=1535 cmp=0 fc=00000000 wm=000000ff
[M8T] IN2 9aee=0000
[M8T] OUT2 daee=0000
[M8T] OUT2 deee=0000
[M8T] OUT2 e2ee=03ff
[M8T] OUT2 e6ee=02ff
[M8T] OUT2 a6e8=ffff
[M8T] IN2 9aee=ff00
[M8T] IN2 9aee=0000
[M8T] OUT2 8ae8=0301
[M8T] OUT2 8ee8=0010
[M8T] OUT2 82e8=0170
[M8T] OUT2 86e8=01f0
[M8B] start cur=496,368 dyend=400 dpc=2071 dpitch=1024 doff=0 clip 0,0-1023,767 compat=0
[M8T] IN2 9aee=0000
[M8T] OUT2 8ae8=0301
[M8T] OUT2 8ee8=0010
[M8T] OUT2 82e8=0170
[M8T] OUT2 86e8=01f0
[M8B] start cur=496,368 dyend=400 dpc=2071 dpitch=1024 doff=0 clip 0,0-1023,767 compat=0
[M8T] OUT2 e2ee=05ff
[M8T] OUT2 e6ee=05ff
[M8T] IN2 9aee=c000
[M8T] IN2 9aee=0000
[M8T] OUT2 daee=0000
[M8T] OUT2 deee=0000
[M8T] OUT2 e2ee=03ff
[M8T] OUT2 e6ee=02ff
[M8T] IN2 9aee=fc00
[M8T] IN2 9aee=0000
[M8T] OUT2 8ee8=0010
[M8T] OUT2 8ae8=0300
[M8T] OUT2 86e8=01f0
[M8T] OUT2 82e8=0170
[M8B] start cur=496,368 dyend=400 dpc=6211 dpitch=1024 doff=0 clip 0,0-1023,767 compat=0
[M8B] end cur=496,400
[M8T] OUT2 e2ee=05ff
[M8T] OUT2 e6ee=05ff
[M8T] IN2 9aee=c000
[M8T] IN2 9aee=0000
[M8T] OUT2 a6e8=0606
[M8T] OUT2 86e8=0000
[M8T] OUT2 82e8=0000
[M8B] start cur=0,0 dyend=740 dpc=2211 dpitch=1024 doff=0 clip 0,0-1535,1535 compat=0
[M8B] end cur=0,740
[M8T] IN2 9aee=0000
[M8T] IN2 9ae8=0000
[M8T] IN2 9aee=0000
[M8T] OUT2 daee=0015
[M8T] OUT2 e2ee=0034
[M8T] OUT2 86e8=0015
[M8T] OUT2 82e8=0102
[M8B] start cur=21,258 dyend=226 dpc=5211 dpitch=1024 doff=0 clip 21,0-52,1535 compat=0
[M8T] OUT2 e2e8=0606
*** 13 repeats ***
[M8T] OUT2 e2e8=0000
[M8T] OUT2 e2e8=0600
[M8T] OUT2 e2e8=0606
*** 4 repeats ***
[M8T] OUT2 e2e8=0006
[M8T] OUT2 e2e8=0000
*** 3 repeats ***
[M8T] OUT2 e2e8=0606
*** 2 repeats ***
[M8T] OUT2 e2e8=0106
[M8T] OUT2 e2e8=f9f9
[M8T] OUT2 e2e8=0001
[M8T] OUT2 e2e8=0606
*** 3 repeats ***
[M8T] OUT2 e2e8=0006
[M8T] OUT2 e2e8=0400
[M8T] OUT2 e2e8=0404
*** 3 repeats ***
[M8T] OUT2 e2e8=0000
[M8T] OUT2 e2e8=0606
*** 1 repeats ***
[M8T] OUT2 e2e8=f901
[M8T] OUT2 e2e8=f9fd
[M8T] OUT2 e2e8=0001
[M8T] OUT2 e2e8=0606
*** 2 repeats ***
[M8T] OUT2 e2e8=0006
[M8T] OUT2 e2e8=fc00
[M8T] OUT2 e2e8=fc04
[M8T] OUT2 e2e8=0404
*** 4 repeats ***
[M8T] OUT2 e2e8=0000
[M8T] OUT2 e2e8=0106
[M8T] OUT2 e2e8=fdf9
[M8T] OUT2 e2e8=01f9
[M8T] OUT2 e2e8=0001
[M8T] OUT2 e2e8=0606
*** 2 repeats ***
[M8T] OUT2 e2e8=04f8
[M8T] OUT2 e2e8=04fc
*** 2 repeats ***
[M8T] OUT2 e2e8=0402
[M8T] OUT2 e2e8=0404
*** 3 repeats ***
[M8T] OUT2 e2e8=f901
[M8T] OUT2 e2e8=f907
[M8T] OUT2 e2e8=0101
[M8T] OUT2 e2e8=0600
[M8T] OUT2 e2e8=0606
*** 1 repeats ***
[M8T] OUT2 e2e8=f806
[M8T] OUT2 e2e8=fc04
[M8T] OUT2 e2e8=fcfc
*** 1 repeats ***
[M8T] OUT2 e2e8=0604
[M8T] OUT2 e2e8=0204
[M8T] OUT2 e2e8=04fc
*** 2 repeats ***
[M8T] OUT2 e2e8=f8fc
[M8T] OUT2 e2e8=07f9
[M8T] OUT2 e2e8=01f9
[M8T] OUT2 e2e8=0001
[M8T] OUT2 e2e8=0606
*** 2 repeats ***
[M8T] OUT2 e2e8=fcf8
[M8T] OUT2 e2e8=fcfc
*** 2 repeats ***
[M8T] OUT2 e2e8=0206
[M8T] OUT2 e2e8=0202
[M8T] OUT2 e2e8=0402
[M8T] OUT2 e2e8=fcfc
[M8T] OUT2 e2e8=fc04
[M8T] OUT2 e2e8=07f8
[M8T] OUT2 e2e8=f9ff
[M8T] OUT2 e2e8=0101
[M8T] OUT2 e2e8=0600
[M8T] OUT2 e2e8=0606
*** 1 repeats ***
[M8T] OUT2 e2e8=f806
[M8T] OUT2 e2e8=fc06
[M8T] OUT2 e2e8=fcfc
*** 2 repeats ***
[M8T] OUT2 e2e8=0206
[M8T] OUT2 e2e8=0202
*** 1 repeats ***
[M8T] OUT2 e2e8=0000
[M8T] OUT2 e2e8=f800
[M8T] OUT2 e2e8=ff07
[M8T] OUT2 e2e8=f807
[M8T] OUT2 e2e8=0001
[M8T] OUT2 e2e8=0606
*** 2 repeats ***
[M8T] OUT2 e2e8=06f8
[M8T] OUT2 e2e8=fcfc
*** 3 repeats ***
[M8T] OUT2 e2e8=02fc
[M8T] OUT2 e2e8=0202
[M8T] OUT2 e2e8=0000
[M8T] OUT2 e2e8=0606
[M8T] OUT2 e2e8=0006
[M8T] OUT2 e2e8=0700
[M8T] OUT2 e2e8=f8f8
[M8T] OUT2 e2e8=0400
[M8T] OUT2 e2e8=0600
[M8T] OUT2 e2e8=0606
*** 1 repeats ***
[M8T] OUT2 e2e8=02f8
[M8T] OUT2 e2e8=fcfc
*** 3 repeats ***
[M8T] OUT2 e2e8=0202
[M8T] OUT2 e2e8=f802
[M8T] OUT2 e2e8=0706
[M8T] OUT2 e2e8=07fe
[M8T] OUT2 e2e8=06fe
[M8T] OUT2 e2e8=0006
[M8T] OUT2 e2e8=00f8
[M8T] OUT2 e2e8=0404
[M8T] OUT2 e2e8=0600
[M8T] OUT2 e2e8=0606
[M8T] OUT2 e2e8=f806
[M8T] OUT2 e2e8=0202
[M8T] OUT2 e2e8=fc06
[M8T] OUT2 e2e8=fcfc
*** 2 repeats ***
[M8T] OUT2 e2e8=0202
[M8T] OUT2 e2e8=06f8
[M8T] OUT2 e2e8=feff
[M8T] OUT2 e2e8=fe07
*** 1 repeats ***
[M8T] OUT2 e2e8=0606
[M8T] OUT2 e2e8=fc00
[M8T] OUT2 e2e8=0404
[M8T] OUT2 e2e8=0004
[M8T] OUT2 e2e8=0606
[M8T] OUT2 e2e8=f806
[M8T] OUT2 e2e8=fc02
[M8T] OUT2 e2e8=fc06
[M8T] OUT2 e2e8=fcfc
*** 2 repeats ***
[M8T] OUT2 e2e8=0202
[M8T] OUT2 e2e8=fff8
[M8T] OUT2 e2e8=fffe
[M8T] OUT2 e2e8=07fe
*** 1 repeats ***
[M8T] OUT2 e2e8=06fe
[M8T] OUT2 e2e8=0400
[M8T] OUT2 e2e8=04fc
[M8T] OUT2 e2e8=0004
[M8T] OUT2 e2e8=0606
[M8T] OUT2 e2e8=07f8
[M8T] OUT2 e2e8=0706
[M8T] OUT2 e2e8=fcfc
*** 1 repeats ***
[M8T] OUT2 e2e8=07fc
[M8T] OUT2 e2e8=0606
[M8T] OUT2 e2e8=f802
[M8T] OUT2 e2e8=fe07
[M8T] OUT2 e2e8=feff
[M8T] OUT2 e2e8=fe07
*** 2 repeats ***
[M8T] OUT2 e2e8=0006
[M8T] OUT2 e2e8=0404
*** 1 repeats ***
[M8T] OUT2 e2e8=0600
[M8T] OUT2 e2e8=06f8
[M8T] OUT2 e2e8=0607
[M8T] OUT2 e2e8=fc07
[M8T] OUT2 e2e8=07fc
[M8T] OUT2 e2e8=0207
[M8T] OUT2 e2e8=0202
[M8T] OUT2 e2e8=f802
[M8T] OUT2 e2e8=fffe
*** 1 repeats ***
[M8T] OUT2 e2e8=07fe
*** 2 repeats ***
[M8T] OUT2 e2e8=0006
[M8T] OUT2 e2e8=04fc
[M8T] OUT2 e2e8=0404
[M8T] OUT2 e2e8=0600
[M8T] OUT2 e2e8=07f8
[M8T] OUT2 e2e8=0706
[M8T] OUT2 e2e8=fcfc
[M8T] OUT2 e2e8=0207
[M8T] OUT2 e2e8=0202
*** 1 repeats ***
[M8T] OUT2 e2e8=f802
[M8T] OUT2 e2e8=fe07
[M8T] OUT2 e2e8=ffff
[M8T] OUT2 e2e8=fe07
*** 2 repeats ***
[M8T] OUT2 e2e8=0006
[M8T] OUT2 e2e8=fc04
[M8T] OUT2 e2e8=0404
[M8T] OUT2 e2e8=0600
[M8T] OUT2 e2e8=06f8
[M8T] OUT2 e2e8=0607
[M8T] OUT2 e2e8=fcff
[M8T] OUT2 e2e8=07ff
[M8T] OUT2 e2e8=02ff
[M8T] OUT2 e2e8=0202
*** 1 repeats ***
[M8T] OUT2 e2e8=fff8
[M8T] OUT2 e2e8=fffe
[M8T] OUT2 e2e8=07fe
*** 2 repeats ***
[M8T] OUT2 e2e8=fc00
[M8T] OUT2 e2e8=04fc
[M8T] OUT2 e2e8=0402
[M8T] OUT2 e2e8=0600
[M8T] OUT2 e2e8=07f8
[M8T] OUT2 e2e8=ff06
[M8T] OUT2 e2e8=ffff
[M8T] OUT2 e2e8=ff07
[M8T] OUT2 e2e8=0202
*** 2 repeats ***
[M8T] OUT2 e2e8=07f8
[M8T] OUT2 e2e8=feff
*** 1 repeats ***
[M8T] OUT2 e2e8=fe07
[M8T] OUT2 e2e8=0607
[M8T] OUT2 e2e8=fc00
[M8T] OUT2 e2e8=0404
[M8T] OUT2 e2e8=0402
[M8T] OUT2 e2e8=0600
[M8T] OUT2 e2e8=06f8
[M8T] OUT2 e2e8=ffff
*** 1 repeats ***
[M8T] OUT2 e2e8=02fc
[M8T] OUT2 e2e8=02ff
[M8T] OUT2 e2e8=0202
*** 1 repeats ***
[M8T] OUT2 e2e8=f802
[M8T] OUT2 e2e8=ff07
[M8T] OUT2 e2e8=fffe
[M8T] OUT2 e2e8=07fe
[M8T] OUT2 e2e8=0006
[M8T] OUT2 e2e8=fcfc
[M8T] OUT2 e2e8=04fc
[M8T] OUT2 e2e8=02fc
[M8T] OUT2 e2e8=0600
[M8T] OUT2 e2e8=06f8
[M8T] OUT2 e2e8=ff07
[M8T] OUT2 e2e8=ffff
*** 1 repeats ***
[M8T] OUT2 e2e8=0202
*** 3 repeats ***
[M8T] OUT2 e2e8=f8f8
[M8T] OUT2 e2e8=fe07
[M8T] OUT2 e2e8=f807
[M8T] OUT2 e2e8=0400
[M8T] OUT2 e2e8=fcfc
*** 1 repeats ***
[M8T] OUT2 e2e8=0402
[M8T] OUT2 e2e8=0600
[M8T] OUT2 e2e8=06f8
[M8T] OUT2 e2e8=ffff
*** 1 repeats ***
[M8T] OUT2 e2e8=fc07
[M8T] OUT2 e2e8=fffc
[M8T] OUT2 e2e8=0202
[M8T] OUT2 e2e8=fc02
[M8T] OUT2 e2e8=fcfc
[M8T] OUT2 e2e8=0202
[M8T] OUT2 e2e8=f8f8
[M8T] OUT2 e2e8=04f8
[M8T] OUT2 e2e8=fcfc
[M8T] OUT2 e2e8=04fc
[M8T] OUT2 e2e8=02fc
[M8T] OUT2 e2e8=0204
[M8T] OUT2 e2e8=0600
[M8T] OUT2 e2e8=fff8
[M8T] OUT2 e2e8=ff06
[M8T] OUT2 e2e8=ffff
[M8T] OUT2 e2e8=0202
[M8T] OUT2 e2e8=fcfc
[M8T] OUT2 e2e8=fc07
[M8T] OUT2 e2e8=fcfc
*** 2 repeats ***
[M8T] OUT2 e2e8=02fc
[M8T] OUT2 e2e8=fc04
[M8T] OUT2 e2e8=0206
[M8T] OUT2 e2e8=0202
[M8T] OUT2 e2e8=0402
*** 1 repeats ***
[M8T] OUT2 e2e8=0600
[M8T] OUT2 e2e8=f806
[M8T] OUT2 e2e8=ff07
[M8T] OUT2 e2e8=ffff
[M8T] OUT2 e2e8=0207
[M8T] OUT2 e2e8=0602
[M8T] OUT2 e2e8=fc04
[M8T] OUT2 e2e8=04fc
[M8T] OUT2 e2e8=fc02
[M8T] OUT2 e2e8=0202
*** 4 repeats ***
[M8T] OUT2 e2e8=0204
[M8T] OUT2 e2e8=0004
[M8T] OUT2 e2e8=0606
[M8T] OUT2 e2e8=f806
[M8T] OUT2 e2e8=07ff
[M8T] OUT2 e2e8=ffff
*** 1 repeats ***
[M8T] OUT2 e2e8=02ff
[M8T] OUT2 e2e8=fc02
[M8T] OUT2 e2e8=fcfc
*** 1 repeats ***
[M8T] OUT2 e2e8=fc02
[M8T] OUT2 e2e8=fcfc
[M8T] OUT2 e2e8=fc04
[M8T] OUT2 e2e8=0202
*** 1 repeats ***
[M8T] OUT2 e2e8=0402
[M8T] OUT2 e2e8=0002
[M8T] OUT2 e2e8=0606
*** 1 repeats ***
[M8T] OUT2 e2e8=07f8
[M8T] OUT2 e2e8=ffff
[M8T] OUT2 e2e8=ff07
[M8T] OUT2 e2e8=0202
*** 2 repeats ***
[M8T] OUT2 e2e8=fcfc
[M8T] OUT2 e2e8=fc06
[M8T] OUT2 e2e8=02fc
[M8T] OUT2 e2e8=06fc
[M8T] OUT2 e2e8=0202
*** 1 repeats ***
[M8T] OUT2 e2e8=0204
[M8T] OUT2 e2e8=0600
[M8T] OUT2 e2e8=0606
*** 1 repeats ***
[M8T] OUT2 e2e8=fff8
[M8T] OUT2 e2e8=0706
[M8T] OUT2 e2e8=fffc
[M8T] OUT2 e2e8=02ff
[M8T] OUT2 e2e8=0202
*** 6 repeats ***
[M8T] OUT2 e2e8=0402
*** 1 repeats ***
[M8T] OUT2 e2e8=0600
[M8T] OUT2 e2e8=0606
*** 1 repeats ***
[M8T] OUT2 e2e8=f806
[M8T] OUT2 e2e8=06ff
[M8T] OUT2 e2e8=0702
[M8T] OUT2 e2e8=fc02
[M8T] OUT2 e2e8=0202
*** 7 repeats ***
[M8T] OUT2 e2e8=0004
[M8T] OUT2 e2e8=0606
*** 3 repeats ***
[M8T] OUT2 e2e8=fff8
[M8T] OUT2 e2e8=ffff
[M8T] OUT2 e2e8=ff02
[M8T] OUT2 e2e8=0206
[M8T] OUT2 e2e8=02fc
[M8T] OUT2 e2e8=0202
*** 4 repeats ***
[M8T] OUT2 e2e8=0402
[M8T] OUT2 e2e8=0600
[M8T] OUT2 e2e8=0606
*** 3 repeats ***
[M8T] OUT2 e2e8=f806
[M8T] OUT2 e2e8=07ff
[M8T] OUT2 e2e8=ffff
[M8T] OUT2 e2e8=fcff
[M8T] OUT2 e2e8=fc04
[M8T] OUT2 e2e8=0202
*** 4 repeats ***
[M8T] OUT2 e2e8=0002
[M8T] OUT2 e2e8=0606
*** 5 repeats ***
[M8T] OUT2 e2e8=fff8
[M8T] OUT2 e2e8=06ff
[M8T] OUT2 e2e8=ff06
[M8T] OUT2 e2e8=fcfc
[M8T] OUT2 e2e8=0202
*** 4 repeats ***
[M8T] OUT2 e2e8=0600
[M8T] OUT2 e2e8=0606
*** 5 repeats ***
[M8T] OUT2 e2e8=f806
[M8T] OUT2 e2e8=fff8
[M8T] OUT2 e2e8=0207
[M8T] OUT2 e2e8=fcff
[M8T] OUT2 e2e8=0202
[M8T] OUT2 e2e8=0602
[M8T] OUT2 e2e8=02fc
[M8T] OUT2 e2e8=0202
[M8T] OUT2 e2e8=f8f8
[M8T] OUT2 e2e8=0606
*** 7 repeats ***
[M8T] OUT2 e2e8=f806
[M8T] OUT2 e2e8=fff8
[M8T] OUT2 e2e8=0606
[M8T] OUT2 e2e8=06ff
[M8T] OUT2 e2e8=06fc
[M8T] OUT2 e2e8=0606
[M8T] OUT2 e2e8=f8f8
[M8T] OUT2 e2e8=0606
*** 9 repeats ***
[M8T] OUT2 e2e8=f806
[M8T] OUT2 e2e8=f8f8
*** 3 repeats ***
[M8T] OUT2 e2e8=0606
*** 5 repeats ***
[M8B] end cur=21,226
[M8T] IN2 9aee=0000
[M8T] IN2 9aee=8000
[M8T] IN2 9aee=0000
[M8T] OUT2 daee=0000
[M8T] OUT2 e2ee=05ff
[M8T] IN2 9aee=c000
[M8T] IN2 9aee=0000
[M8T] OUT2 daee=0000
[M8T] OUT2 deee=0107
[M8T] OUT2 e2ee=0096
[M8T] OUT2 e6ee=0113
[M8T] IN2 9aee=f000
[M8T] IN2 9aee=0000
[M8T] OUT2 a6e8=0006
[M8T] IN2 9aee=e000
[M8T] IN2 9aee=0000
[M8T] OUT2 86e8=0006
[M8T] OUT2 82e8=0107
[M8B] start cur=6,263 dyend=276 dpc=2211 dpitch=1024 doff=0 clip 0,263-150,275 compat=0
[M8B] end cur=6,276
[M8T] IN2 9aee=0000
[M8T] OUT2 a6e8=ffff
[M8T] IN2 9aee=f800
[M8T] IN2 9aee=0000
[M8T] OUT2 86e8=0009
[M8T] OUT2 82e8=0109
[M8B] start cur=9,265 dyend=274 dpc=3251 dpitch=1024 doff=0 clip 0,263-150,275 compat=0
[M8T] OUT2 e2e8=08f9
[M8T] OUT2 e2e8=1042
[M8T] OUT2 e2e8=2084
[M8T] OUT2 e2e8=0000
[M8T] OUT2 86e8=0010
[M8T] OUT2 82e8=0109
[M8B] start cur=16,265 dyend=274 dpc=3251 dpitch=1024 doff=0 clip 0,263-150,275 compat=0
[M8T] OUT2 e2e8=2184
[M8T] OUT2 e2e8=c66c
[M8T] IN2 9aee=0000
[M8T] OUT2 e2e8=8831
[M8T] OUT2 e2e8=0000
[M8T] OUT2 86e8=0016
[M8T] OUT2 82e8=010c
[M8B] start cur=22,268 dyend=274 dpc=3251 dpitch=1024 doff=0 clip 0,263-150,275 compat=0
[M8T] OUT2 e2e8=7f74
[M8T] OUT2 e2e8=b808
[M8T] OUT2 86e8=001f
[M8T] OUT2 82e8=0109
[M8B] start cur=31,265 dyend=274 dpc=3251 dpitch=1024 doff=0 clip 0,263-150,275 compat=0
[M8T] OUT2 e2e8=80ff
[M8T] OUT2 e2e8=0000
[M8T] IN2 9aee=8000
[M8T] IN2 9aee=0000
[M8T] OUT2 86e8=0022
[M8T] OUT2 82e8=010c
[M8B] start cur=34,268 dyend=274 dpc=3251 dpitch=1024 doff=0 clip 0,263-150,275 compat=0
[M8T] OUT2 e2e8=63b6
[M8T] OUT2 e2e8=c418
[M8T] OUT2 86e8=0028
[M8T] OUT2 82e8=010a
[M8B] start cur=40,266 dyend=274 dpc=3251 dpitch=1024 doff=0 clip 0,263-150,275 compat=0
[M8T] OUT2 e2e8=a9ae
[M8T] OUT2 e2e8=0000
[M8T] IN2 9aee=8000
[M8T] IN2 9aee=0000
[M8T] OUT2 86e8=002b
[M8T] OUT2 82e8=010c
[M8B] start cur=43,268 dyend=274 dpc=3251 dpitch=1024 doff=0 clip 0,263-150,275 compat=0
[M8T] OUT2 e2e8=7f74
[M8T] OUT2 e2e8=b808
[M8T] OUT2 86e8=0031
[M8T] OUT2 82e8=010c
[M8B] start cur=49,268 dyend=274 dpc=3251 dpitch=1024 doff=0 clip 0,263-150,275 compat=0
[M8T] OUT2 e2e8=a0ea
[M8T] OUT2 e2e8=0000
[M8T] IN2 9aee=8000
[M8T] IN2 9aee=0000
[M8T] OUT2 86e8=0034
[M8T] OUT2 82e8=010c
[M8B] start cur=52,268 dyend=274 dpc=3251 dpitch=1024 doff=0 clip 0,263-150,275 compat=0
[M8T] OUT2 e2e8=63b6
[M8T] OUT2 e2e8=c418
[M8T] OUT2 86e8=003a
[M8T] OUT2 82e8=010c
[M8B] start cur=58,268 dyend=274 dpc=3251 dpitch=1024 doff=0 clip 0,263-150,275 compat=0
[M8T] OUT2 e2e8=7f74
[M8T] OUT2 e2e8=b808
[M8T] IN2 9aee=0000
[M8T] OUT2 86e8=0040
[M8T] OUT2 82e8=010a
[M8B] start cur=64,266 dyend=274 dpc=3251 dpitch=1024 doff=0 clip 0,263-150,275 compat=0
[M8T] OUT2 e2e8=a9ae
[M8T] OUT2 e2e8=0000
[M8T] IN2 9aee=8000
[M8T] IN2 9aee=0000
[M8T] OUT2 daee=0000
[M8T] OUT2 deee=0000
[M8T] OUT2 e2ee=05ff
[M8T] OUT2 e6ee=05ff
[M8T] IN2 9aee=f000
[M8T] IN2 9aee=0000
[M8T] IN2 9ae8=0000
[M8T] IN2 9aee=0000
[M8T] OUT2 daee=0015
[M8T] OUT2 e2ee=0034
[M8T] OUT2 86e8=0015
[M8T] OUT2 82e8=00b7
[M8B] start cur=21,183 dyend=151 dpc=5211 dpitch=1024 doff=0 clip 21,0-52,1535 compat=0
[M8T] OUT2 e2e8=0606
*** 8 repeats ***
[M8T] OUT2 e2e8=0006
[M8T] OUT2 e2e8=0000
[M8T] OUT2 e2e8=0606
*** 12 repeats ***
[M8T] OUT2 e2e8=0006
[M8T] OUT2 e2e8=f800
[M8T] OUT2 e2e8=f8f8
[M8T] OUT2 e2e8=0000
[M8T] OUT2 e2e8=0606
*** 10 repeats ***
[M8T] OUT2 e2e8=0006
[M8T] OUT2 e2e8=f800
[M8T] OUT2 e2e8=07f8
[M8T] OUT2 e2e8=f8f8
*** 1 repeats ***
[M8T] OUT2 e2e8=0000
[M8T] OUT2 e2e8=0606
*** 8 repeats ***
[M8T] OUT2 e2e8=0006
[M8T] OUT2 e2e8=f800
[M8T] OUT2 e2e8=07f8
[M8T] OUT2 e2e8=0707
[M8T] OUT2 e2e8=f8f8
*** 2 repeats ***
[M8T] OUT2 e2e8=0600
[M8T] OUT2 e2e8=0606
*** 6 repeats ***
[M8T] OUT2 e2e8=0006
[M8T] OUT2 e2e8=f800
[M8T] OUT2 e2e8=07f8
[M8T] OUT2 e2e8=0707
*** 1 repeats ***
[M8T] OUT2 e2e8=f8f8
*** 2 repeats ***
[M8T] OUT2 e2e8=0600
[M8T] OUT2 e2e8=0606
*** 5 repeats ***
[M8T] OUT2 e2e8=0006
[M8T] OUT2 e2e8=f800
[M8T] OUT2 e2e8=07f8
[M8T] OUT2 e2e8=0707
*** 2 repeats ***
[M8T] OUT2 e2e8=f8f8
*** 2 repeats ***
[M8T] OUT2 e2e8=0600
[M8T] OUT2 e2e8=0606
*** 4 repeats ***
[M8T] OUT2 e2e8=0006
[M8T] OUT2 e2e8=f800
[M8T] OUT2 e2e8=07f8
[M8T] OUT2 e2e8=f807
[M8T] OUT2 e2e8=0707
*** 2 repeats ***
[M8T] OUT2 e2e8=f8f8
*** 2 repeats ***
[M8T] OUT2 e2e8=0600
[M8T] OUT2 e2e8=0606
*** 4 repeats ***
[M8T] OUT2 e2e8=f8f8
[M8T] OUT2 e2e8=07f8
[M8T] OUT2 e2e8=0707
[M8T] OUT2 e2e8=02f8
[M8T] OUT2 e2e8=0707
*** 2 repeats ***
[M8T] OUT2 e2e8=f8f8
*** 2 repeats ***
[M8T] OUT2 e2e8=00f8
[M8T] OUT2 e2e8=0606
*** 4 repeats ***
[M8T] OUT2 e2e8=07f8
[M8T] OUT2 e2e8=0707
[M8T] OUT2 e2e8=f807
[M8T] OUT2 e2e8=0202
*** 1 repeats ***
[M8T] OUT2 e2e8=0702
[M8T] OUT2 e2e8=0707
[M8T] OUT2 e2e8=f8f8
*** 2 repeats ***
[M8T] OUT2 e2e8=00f8
[M8T] OUT2 e2e8=0606
*** 4 repeats ***
[M8T] OUT2 e2e8=07f8
[M8T] OUT2 e2e8=0207
*** 1 repeats ***
[M8T] OUT2 e2e8=0202
*** 2 repeats ***
[M8T] OUT2 e2e8=0707
[M8T] OUT2 e2e8=f8f8
*** 2 repeats ***
[M8T] OUT2 e2e8=00f8
[M8T] OUT2 e2e8=0606
*** 4 repeats ***
[M8T] OUT2 e2e8=07f8
[M8T] OUT2 e2e8=f802
[M8T] OUT2 e2e8=0707
[M8T] OUT2 e2e8=0202
[M8T] OUT2 e2e8=0707
[M8T] OUT2 e2e8=02f8
[M8T] OUT2 e2e8=0707
[M8T] OUT2 e2e8=f8f8
*** 2 repeats ***
[M8T] OUT2 e2e8=00f8
[M8T] OUT2 e2e8=0606
*** 3 repeats ***
[M8T] OUT2 e2e8=f806
[M8T] OUT2 e2e8=0207
[M8T] OUT2 e2e8=0702
[M8T] OUT2 e2e8=0707
[M8T] OUT2 e2e8=0207
[M8T] OUT2 e2e8=0707
[M8T] OUT2 e2e8=0207
[M8T] OUT2 e2e8=0707
[M8T] OUT2 e2e8=f8f8
*** 3 repeats ***
[M8T] OUT2 e2e8=0600
[M8T] OUT2 e2e8=0606
*** 2 repeats ***
[M8T] OUT2 e2e8=f806
[M8T] OUT2 e2e8=0207
[M8T] OUT2 e2e8=0702
[M8T] OUT2 e2e8=0707
*** 2 repeats ***
[M8T] OUT2 e2e8=0207
[M8T] OUT2 e2e8=0707
[M8T] OUT2 e2e8=f8f8
*** 3 repeats ***
[M8T] OUT2 e2e8=0600
[M8T] OUT2 e2e8=0606
*** 2 repeats ***
[M8T] OUT2 e2e8=f806
[M8T] OUT2 e2e8=0207
[M8T] OUT2 e2e8=0702
*** 1 repeats ***
[M8T] OUT2 e2e8=0707
*** 3 repeats ***
[M8T] OUT2 e2e8=f8f8
*** 3 repeats ***
[M8T] OUT2 e2e8=0600
[M8T] OUT2 e2e8=0606
*** 2 repeats ***
[M8T] OUT2 e2e8=f806
[M8T] OUT2 e2e8=0207
[M8T] OUT2 e2e8=0202
[M8T] OUT2 e2e8=0702
[M8T] OUT2 e2e8=0707
[M8T] OUT2 e2e8=0202
*** 1 repeats ***
[M8T] OUT2 e2e8=0707
[M8T] OUT2 e2e8=f8f8
*** 3 repeats ***
[M8T] OUT2 e2e8=0600
[M8T] OUT2 e2e8=0606
*** 2 repeats ***
[M8T] OUT2 e2e8=07f8
[M8T] OUT2 e2e8=0707
[M8T] OUT2 e2e8=0202
[M8T] OUT2 e2e8=0702
[M8T] OUT2 e2e8=0707
[M8T] OUT2 e2e8=0207
[M8T] OUT2 e2e8=0202
[M8T] OUT2 e2e8=0707
[M8T] OUT2 e2e8=f8f8
*** 3 repeats ***
[M8T] OUT2 e2e8=00f8
[M8T] OUT2 e2e8=0606
*** 2 repeats ***
[M8T] OUT2 e2e8=07f8
[M8T] OUT2 e2e8=0207
[M8T] OUT2 e2e8=0202
[M8T] OUT2 e2e8=0702
[M8T] OUT2 e2e8=0707
[M8T] OUT2 e2e8=0202
*** 1 repeats ***
[M8T] OUT2 e2e8=0707
[M8T] OUT2 e2e8=f8f8
*** 3 repeats ***
[M8T] OUT2 e2e8=00f8
[M8T] OUT2 e2e8=0606
*** 2 repeats ***
[M8T] OUT2 e2e8=07f8
[M8T] OUT2 e2e8=0707
*** 1 repeats ***
[M8T] OUT2 e2e8=0207
[M8T] OUT2 e2e8=0202
*** 1 repeats ***
[M8T] OUT2 e2e8=0207
[M8T] OUT2 e2e8=0707
[M8T] OUT2 e2e8=f8f8
*** 3 repeats ***
[M8T] OUT2 e2e8=00f8
[M8T] OUT2 e2e8=0606
*** 2 repeats ***
[M8T] OUT2 e2e8=07f8
[M8T] OUT2 e2e8=0707
*** 2 repeats ***
[M8T] OUT2 e2e8=02f8
[M8T] OUT2 e2e8=0702
[M8T] OUT2 e2e8=ff07
[M8T] OUT2 e2e8=ffff
*** 1 repeats ***
[M8T] OUT2 e2e8=f8f8
*** 2 repeats ***
[M8T] OUT2 e2e8=00f8
[M8T] OUT2 e2e8=0606
*** 1 repeats ***
[M8T] OUT2 e2e8=f806
[M8T] OUT2 e2e8=0707
*** 4 repeats ***
[M8T] OUT2 e2e8=ff07
[M8T] OUT2 e2e8=f8ff
[M8T] OUT2 e2e8=07f8
[M8T] OUT2 e2e8=0707
[M8T] OUT2 e2e8=ffff
[M8T] OUT2 e2e8=f8ff
[M8T] OUT2 e2e8=f8f8
*** 1 repeats ***
[M8T] OUT2 e2e8=0600
[M8T] OUT2 e2e8=0606
[M8T] OUT2 e2e8=f806
[M8T] OUT2 e2e8=0707
*** 3 repeats ***
[M8T] OUT2 e2e8=ff07
[M8T] OUT2 e2e8=f8ff
[M8T] OUT2 e2e8=07f8
[M8T] OUT2 e2e8=fff8
[M8T] OUT2 e2e8=07ff
[M8T] OUT2 e2e8=0707
[M8T] OUT2 e2e8=ff07
[M8T] OUT2 e2e8=ffff
[M8T] OUT2 e2e8=f8f8
[M8T] OUT2 e2e8=0600
[M8T] OUT2 e2e8=0606
[M8T] OUT2 e2e8=f806
[M8T] OUT2 e2e8=0707
*** 2 repeats ***
[M8T] OUT2 e2e8=ff07
[M8T] OUT2 e2e8=f8ff
[M8T] OUT2 e2e8=f8f8
[M8T] OUT2 e2e8=0707
[M8T] OUT2 e2e8=fff8
[M8T] OUT2 e2e8=ffff
*** 1 repeats ***
[M8T] OUT2 e2e8=0707
*** 1 repeats ***
[M8T] OUT2 e2e8=ffff
[M8T] OUT2 e2e8=0600
[M8T] OUT2 e2e8=0606
[M8T] OUT2 e2e8=f806
[M8T] OUT2 e2e8=0707
*** 1 repeats ***
[M8T] OUT2 e2e8=ff07
[M8T] OUT2 e2e8=f8ff
[M8T] OUT2 e2e8=fff8
[M8T] OUT2 e2e8=f8ff
[M8T] OUT2 e2e8=f807
[M8T] OUT2 e2e8=ffff
*** 2 repeats ***
[M8T] OUT2 e2e8=07ff
[M8T] OUT2 e2e8=0707
[M8T] OUT2 e2e8=ffff
[M8T] OUT2 e2e8=0600
[M8T] OUT2 e2e8=0606
[M8T] OUT2 e2e8=07f8
[M8T] OUT2 e2e8=0707
[M8T] OUT2 e2e8=ff07
[M8T] OUT2 e2e8=f8ff
[M8T] OUT2 e2e8=fff8
[M8T] OUT2 e2e8=ffff
[M8T] OUT2 e2e8=f8ff
[M8T] OUT2 e2e8=ff07
[M8T] OUT2 e2e8=fff8
[M8T] OUT2 e2e8=ffff
*** 2 repeats ***
[M8T] OUT2 e2e8=fff8
[M8T] OUT2 e2e8=f8f8
[M8T] OUT2 e2e8=0606
*** 1 repeats ***
[M8T] OUT2 e2e8=07f8
[M8T] OUT2 e2e8=ff07
[M8T] OUT2 e2e8=f8ff
[M8T] OUT2 e2e8=fff8
*** 1 repeats ***
[M8T] OUT2 e2e8=ffff
[M8T] OUT2 e2e8=07f8
[M8T] OUT2 e2e8=ffff
[M8T] OUT2 e2e8=f8f8
[M8T] OUT2 e2e8=ffff
*** 1 repeats ***
[M8T] OUT2 e2e8=f8ff
[M8T] OUT2 e2e8=f8f8
[M8T] OUT2 e2e8=0606
*** 2 repeats ***
[M8T] OUT2 e2e8=fff8
[M8T] OUT2 e2e8=f8ff
[M8T] OUT2 e2e8=fff8
[M8T] OUT2 e2e8=ffff
[M8T] OUT2 e2e8=fff8
[M8T] OUT2 e2e8=f8ff
[M8T] OUT2 e2e8=ff07
[M8T] OUT2 e2e8=ffff
[M8T] OUT2 e2e8=07f8
[M8T] OUT2 e2e8=fff8
[M8T] OUT2 e2e8=ffff
[M8T] OUT2 e2e8=f8f8
[M8T] OUT2 e2e8=0606
*** 3 repeats ***
[M8T] OUT2 e2e8=fff8
[M8T] OUT2 e2e8=f8f8
[M8T] OUT2 e2e8=fff8
[M8T] OUT2 e2e8=ffff
[M8T] OUT2 e2e8=fff8
[M8T] OUT2 e2e8=07f8
[M8T] OUT2 e2e8=ffff
*** 1 repeats ***
[M8T] OUT2 e2e8=fff8
*** 1 repeats ***
[M8T] OUT2 e2e8=f8ff
*** 1 repeats ***
[M8T] OUT2 e2e8=0606
*** 3 repeats ***
[M8T] OUT2 e2e8=fff8
[M8T] OUT2 e2e8=f8ff
[M8T] OUT2 e2e8=f8f8
[M8T] OUT2 e2e8=ffff
[M8T] OUT2 e2e8=fff8
*** 1 repeats ***
[M8T] OUT2 e2e8=ffff
[M8T] OUT2 e2e8=f8ff
[M8T] OUT2 e2e8=ffff
[M8T] OUT2 e2e8=f8ff
[M8T] OUT2 e2e8=fff8
[M8T] OUT2 e2e8=f8ff
[M8T] OUT2 e2e8=0606
*** 3 repeats ***
[M8T] OUT2 e2e8=f806
[M8T] OUT2 e2e8=fff8
[M8T] OUT2 e2e8=ffff
[M8T] OUT2 e2e8=f8f8
*** 1 repeats ***
[M8T] OUT2 e2e8=ffff
*** 1 repeats ***
[M8T] OUT2 e2e8=f8ff
[M8T] OUT2 e2e8=ffff
*** 2 repeats ***
[M8T] OUT2 e2e8=f8ff
[M8T] OUT2 e2e8=0606
*** 4 repeats ***
[M8T] OUT2 e2e8=f806
[M8T] OUT2 e2e8=f8f8
[M8T] OUT2 e2e8=ffff
[M8T] OUT2 e2e8=f8ff
[M8T] OUT2 e2e8=f8f8
[M8T] OUT2 e2e8=ffff
[M8T] OUT2 e2e8=f8ff
[M8T] OUT2 e2e8=f8f8
[M8T] OUT2 e2e8=ffff
[M8T] OUT2 e2e8=f8ff
[M8T] OUT2 e2e8=06f8
[M8T] OUT2 e2e8=0606
*** 6 repeats ***
[M8T] OUT2 e2e8=f8f8
[M8T] OUT2 e2e8=fff8
[M8T] OUT2 e2e8=ffff
[M8T] OUT2 e2e8=f8f8
[M8T] OUT2 e2e8=f8ff
[M8T] OUT2 e2e8=0606
[M8T] OUT2 e2e8=f8f8
[M8T] OUT2 e2e8=06f8
[M8T] OUT2 e2e8=0606
*** 8 repeats ***
[M8T] OUT2 e2e8=f806
[M8T] OUT2 e2e8=f8f8
[M8T] OUT2 e2e8=0606
[M8T] OUT2 e2e8=f8f8
[M8T] OUT2 e2e8=0606
*** 6 repeats ***
[M8B] end cur=21,151
[M8T] IN2 9aee=0000
[M8T] IN2 9aee=8000
[M8T] IN2 9aee=0000
[M8T] OUT2 daee=0000
[M8T] OUT2 e2ee=05ff
[M8T] IN2 9aee=c000
[M8T] IN2 9aee=0000
[M8T] OUT2 daee=0000
[M8T] OUT2 deee=00bc
[M8T] OUT2 e2ee=008c
[M8T] OUT2 e6ee=00c8
[M8T] IN2 9aee=f000
[M8T] IN2 9aee=0000
[M8T] OUT2 a6e8=0006
[M8T] IN2 9aee=e000
[M8T] IN2 9aee=0000
[M8T] OUT2 86e8=0007
[M8T] OUT2 82e8=00bc
[M8B] start cur=7,188 dyend=201 dpc=2211 dpitch=1024 doff=0 clip 0,188-140,200 compat=0
[M8B] end cur=7,201
[M8T] IN2 9aee=0000
[M8T] OUT2 a6e8=ffff
[M8T] IN2 9aee=f800
[M8T] IN2 9aee=0000
[M8T] OUT2 86e8=000a
[M8T] OUT2 82e8=00be
[M8B] start cur=10,190 dyend=199 dpc=3251 dpitch=1024 doff=0 clip 0,188-140,200 compat=0
[M8T] OUT2 e2e8=18fa
[M8T] OUT2 e2e8=fa61
[M8T] OUT2 e2e8=6118
[M8T] OUT2 e2e8=0084
[M8T] OUT2 86e8=0012
[M8T] OUT2 82e8=00c1
[M8B] start cur=18,193 dyend=199 dpc=3251 dpitch=1024 doff=0 clip 0,188-140,200 compat=0
[M8T] OUT2 e2e8=7f74
[M8T] OUT2 e2e8=b808
[M8T] IN2 9aee=0000
[M8T] OUT2 86e8=0018
[M8T] OUT2 82e8=00c1
[M8B] start cur=24,193 dyend=199 dpc=3251 dpitch=1024 doff=0 clip 0,188-140,200 compat=0
[M8T] OUT2 e2e8=6174
[M8T] OUT2 e2e8=b808
[M8T] OUT2 86e8=001d
[M8T] OUT2 82e8=00c1
[M8B] start cur=29,193 dyend=201 dpc=3251 dpitch=1024 doff=0 clip 0,188-140,200 compat=0
[M8T] OUT2 e2e8=524a
[M8T] OUT2 e2e8=1093
[M8T] OUT2 e2e8=0098
[M8T] OUT2 e2e8=0000
[M8T] IN2 9aee=8000
[M8T] IN2 9aee=0000
[M8T] OUT2 86e8=0023
[M8T] OUT2 82e8=00c1
[M8B] start cur=35,193 dyend=199 dpc=3251 dpitch=1024 doff=0 clip 0,188-140,200 compat=0
[M8T] OUT2 e2e8=6174
[M8T] OUT2 e2e8=b808
[M8T] OUT2 86e8=0029
[M8T] OUT2 82e8=00be
[M8B] start cur=41,190 dyend=199 dpc=3251 dpitch=1024 doff=0 clip 0,188-140,200 compat=0
[M8T] OUT2 e2e8=80ff
[M8T] OUT2 e2e8=0000
[M8T] IN2 9aee=8000
[M8T] IN2 9aee=0000
[M8T] OUT2 86e8=002b
[M8T] OUT2 82e8=00c1
[M8B] start cur=43,193 dyend=199 dpc=3251 dpitch=1024 doff=0 clip 0,188-140,200 compat=0
[M8T] OUT2 e2e8=7f74
[M8T] OUT2 e2e8=b808
[M8T] OUT2 86e8=0034
[M8T] OUT2 82e8=00be
[M8B] start cur=52,190 dyend=199 dpc=3251 dpitch=1024 doff=0 clip 0,188-140,200 compat=0
[M8T] OUT2 e2e8=63f4
[M8T] OUT2 e2e8=461f
[M8T] OUT2 e2e8=f031
[M8T] OUT2 e2e8=0000
[M8T] IN2 9aee=8000
[M8T] IN2 9aee=0000
[M8T] OUT2 86e8=003b
[M8T] OUT2 82e8=00be
[M8B] start cur=59,190 dyend=199 dpc=3251 dpitch=1024 doff=0 clip 0,188-140,200 compat=0
[M8T] OUT2 e2e8=809f
[M8T] OUT2 e2e8=0000
[M8T] OUT2 86e8=003d
[M8T] OUT2 82e8=00c1
[M8B] start cur=61,193 dyend=199 dpc=3251 dpitch=1024 doff=0 clip 0,188-140,200 compat=0
[M8T] OUT2 e2e8=63b6
[M8T] OUT2 e2e8=c418
[M8T] IN2 9aee=0000
[M8T] OUT2 daee=0000
[M8T] OUT2 deee=0000
[M8T] OUT2 e2ee=05ff
[M8T] OUT2 e6ee=05ff
[M8T] IN2 9aee=f000
[M8T] IN2 9aee=0000
[M8T] IN2 9ae8=0000
[M8T] IN2 9aee=0000
[M8T] OUT2 daee=0015
[M8T] OUT2 e2ee=0034
[M8T] OUT2 86e8=0015
[M8T] OUT2 82e8=006c
[M8B] start cur=21,108 dyend=76 dpc=5211 dpitch=1024 doff=0 clip 21,0-52,1535 compat=0
[M8T] OUT2 e2e8=0606
*** 6 repeats ***
[M8T] OUT2 e2e8=0000
[M8T] OUT2 e2e8=0606
*** 13 repeats ***
[M8T] OUT2 e2e8=0000
[M8T] OUT2 e2e8=f807
[M8T] OUT2 e2e8=0000
[M8T] OUT2 e2e8=0606
*** 11 repeats ***
[M8T] OUT2 e2e8=0000
[M8T] OUT2 e2e8=0707
[M8T] OUT2 e2e8=f807
[M8T] OUT2 e2e8=f8f8
[M8T] OUT2 e2e8=0000
[M8T] OUT2 e2e8=0606
*** 9 repeats ***
[M8T] OUT2 e2e8=0000
[M8T] OUT2 e2e8=0707
*** 1 repeats ***
[M8T] OUT2 e2e8=f807
[M8T] OUT2 e2e8=f8f8
*** 1 repeats ***
[M8T] OUT2 e2e8=0000
[M8T] OUT2 e2e8=0606
*** 7 repeats ***
[M8T] OUT2 e2e8=0000
[M8T] OUT2 e2e8=0707
*** 2 repeats ***
[M8T] OUT2 e2e8=f807
[M8T] OUT2 e2e8=f8f8
*** 2 repeats ***
[M8T] OUT2 e2e8=0000
[M8T] OUT2 e2e8=0606
*** 5 repeats ***
[M8T] OUT2 e2e8=0000
[M8T] OUT2 e2e8=0707
*** 3 repeats ***
[M8T] OUT2 e2e8=f807
[M8T] OUT2 e2e8=f8f8
*** 3 repeats ***
[M8T] OUT2 e2e8=0000
[M8T] OUT2 e2e8=0606
*** 3 repeats ***
[M8T] OUT2 e2e8=0000
[M8T] OUT2 e2e8=0707
*** 1 repeats ***
[M8T] OUT2 e2e8=ffff
[M8T] OUT2 e2e8=0707
*** 1 repeats ***
[M8T] OUT2 e2e8=f807
[M8T] OUT2 e2e8=f8f8
*** 4 repeats ***
[M8T] OUT2 e2e8=f800
[M8T] OUT2 e2e8=0606
*** 1 repeats ***
[M8T] OUT2 e2e8=00f8
[M8T] OUT2 e2e8=0707
*** 1 repeats ***
[M8T] OUT2 e2e8=ffff
[M8T] OUT2 e2e8=f8f8
[M8T] OUT2 e2e8=07ff
[M8T] OUT2 e2e8=0707
[M8T] OUT2 e2e8=f807
[M8T] OUT2 e2e8=f8f8
*** 4 repeats ***
[M8T] OUT2 e2e8=00f8
[M8T] OUT2 e2e8=0606
*** 1 repeats ***
[M8T] OUT2 e2e8=07f8
[M8T] OUT2 e2e8=0707
[M8T] OUT2 e2e8=ff07
[M8T] OUT2 e2e8=f8f8
[M8T] OUT2 e2e8=fff8
[M8T] OUT2 e2e8=ff07
[M8T] OUT2 e2e8=ffff
*** 1 repeats ***
[M8T] OUT2 e2e8=f8f8
*** 4 repeats ***
[M8T] OUT2 e2e8=00f8
[M8T] OUT2 e2e8=0606
*** 1 repeats ***
[M8T] OUT2 e2e8=07f8
[M8T] OUT2 e2e8=0707
[M8T] OUT2 e2e8=ff07
[M8T] OUT2 e2e8=fff8
[M8T] OUT2 e2e8=fffc
[M8T] OUT2 e2e8=07ff
[M8T] OUT2 e2e8=0707
*** 1 repeats ***
[M8T] OUT2 e2e8=ffff
[M8T] OUT2 e2e8=f8f8
*** 3 repeats ***
[M8T] OUT2 e2e8=00f8
[M8T] OUT2 e2e8=0600
[M8T] OUT2 e2e8=0606
[M8T] OUT2 e2e8=07f8
[M8T] OUT2 e2e8=0707
[M8T] OUT2 e2e8=f8ff
[M8T] OUT2 e2e8=fff8
[M8T] OUT2 e2e8=fffc
[M8T] OUT2 e2e8=ffff
*** 2 repeats ***
[M8T] OUT2 e2e8=0707
[M8T] OUT2 e2e8=ffff
[M8T] OUT2 e2e8=f8f8
*** 2 repeats ***
[M8T] OUT2 e2e8=00f8
[M8T] OUT2 e2e8=0004
[M8T] OUT2 e2e8=0606
[M8T] OUT2 e2e8=07f8
[M8T] OUT2 e2e8=0707
[M8T] OUT2 e2e8=f8ff
[M8T] OUT2 e2e8=fff8
[M8T] OUT2 e2e8=fffc
[M8T] OUT2 e2e8=ffff
*** 2 repeats ***
[M8T] OUT2 e2e8=07ff
[M8T] OUT2 e2e8=0707
[M8T] OUT2 e2e8=ffff
[M8T] OUT2 e2e8=f8f8
*** 1 repeats ***
[M8T] OUT2 e2e8=00f8
[M8T] OUT2 e2e8=0004
[M8T] OUT2 e2e8=0606
[M8T] OUT2 e2e8=07f8
[M8T] OUT2 e2e8=ff07
[M8T] OUT2 e2e8=f8f8
[M8T] OUT2 e2e8=fff8
[M8T] OUT2 e2e8=fffc
[M8T] OUT2 e2e8=ffff
*** 1 repeats ***
[M8T] OUT2 e2e8=fffc
[M8T] OUT2 e2e8=07ff
[M8T] OUT2 e2e8=0700
[M8T] OUT2 e2e8=0707
[M8T] OUT2 e2e8=ffff
[M8T] OUT2 e2e8=f8f8
[M8T] OUT2 e2e8=00f8
[M8T] OUT2 e2e8=0404
[M8T] OUT2 e2e8=0600
[M8T] OUT2 e2e8=07f8
[M8T] OUT2 e2e8=ffff
[M8T] OUT2 e2e8=f8f8
[M8T] OUT2 e2e8=fff8
[M8T] OUT2 e2e8=fffc
[M8T] OUT2 e2e8=ffff
[M8T] OUT2 e2e8=fffc
*** 1 repeats ***
[M8T] OUT2 e2e8=07ff
[M8T] OUT2 e2e8=0700
*** 1 repeats ***
[M8T] OUT2 e2e8=0707
[M8T] OUT2 e2e8=ffff
[M8T] OUT2 e2e8=00f8
[M8T] OUT2 e2e8=0404
[M8T] OUT2 e2e8=0600
[M8T] OUT2 e2e8=fff8
[M8T] OUT2 e2e8=f8f8
*** 1 repeats ***
[M8T] OUT2 e2e8=fff8
[M8T] OUT2 e2e8=ffff
*** 1 repeats ***
[M8T] OUT2 e2e8=fffc
*** 1 repeats ***
[M8T] OUT2 e2e8=07ff
[M8T] OUT2 e2e8=0700
*** 2 repeats ***
[M8T] OUT2 e2e8=ffff
[M8T] OUT2 e2e8=f8f8
[M8T] OUT2 e2e8=0404
[M8T] OUT2 e2e8=0004
[M8T] OUT2 e2e8=f8f8
[M8T] OUT2 e2e8=ffff
[M8T] OUT2 e2e8=f8f8
[M8T] OUT2 e2e8=fff8
[M8T] OUT2 e2e8=ffff
*** 1 repeats ***
[M8T] OUT2 e2e8=fffc
*** 1 repeats ***
[M8T] OUT2 e2e8=07ff
[M8T] OUT2 e2e8=0700
*** 1 repeats ***
[M8T] OUT2 e2e8=ff00
[M8T] OUT2 e2e8=f8f8
[M8T] OUT2 e2e8=fcfc
[M8T] OUT2 e2e8=0404
[M8T] OUT2 e2e8=0004
[M8T] OUT2 e2e8=0606
[M8T] OUT2 e2e8=f8f8
[M8T] OUT2 e2e8=ffff
[M8T] OUT2 e2e8=fff8
[M8T] OUT2 e2e8=ffff
*** 1 repeats ***
[M8T] OUT2 e2e8=fffc
*** 1 repeats ***
[M8T] OUT2 e2e8=07ff
[M8T] OUT2 e2e8=0700
*** 1 repeats ***
[M8T] OUT2 e2e8=f800
[M8T] OUT2 e2e8=fcfc
[M8T] OUT2 e2e8=04fc
*** 1 repeats ***
[M8T] OUT2 e2e8=0004
[M8T] OUT2 e2e8=0606
*** 1 repeats ***
[M8T] OUT2 e2e8=f8f8
[M8T] OUT2 e2e8=fff8
[M8T] OUT2 e2e8=ffff
*** 1 repeats ***
[M8T] OUT2 e2e8=fffc
*** 1 repeats ***
[M8T] OUT2 e2e8=07ff
[M8T] OUT2 e2e8=0700
*** 1 repeats ***
[M8T] OUT2 e2e8=0600
[M8T] OUT2 e2e8=fc04
[M8T] OUT2 e2e8=fcfc
[M8T] OUT2 e2e8=0204
[M8T] OUT2 e2e8=0004
[M8T] OUT2 e2e8=0606
*** 1 repeats ***
[M8T] OUT2 e2e8=07f8
[M8T] OUT2 e2e8=fff8
[M8T] OUT2 e2e8=ffff
*** 1 repeats ***
[M8T] OUT2 e2e8=fffc
*** 1 repeats ***
[M8T] OUT2 e2e8=07ff
[M8T] OUT2 e2e8=0700
*** 1 repeats ***
[M8T] OUT2 e2e8=0200
[M8T] OUT2 e2e8=fc04
[M8T] OUT2 e2e8=fcfc
[M8T] OUT2 e2e8=fc04
[M8T] OUT2 e2e8=0002
[M8T] OUT2 e2e8=0606
*** 1 repeats ***
[M8T] OUT2 e2e8=07f8
[M8T] OUT2 e2e8=fff8
[M8T] OUT2 e2e8=ffff
*** 1 repeats ***
[M8T] OUT2 e2e8=fffc
*** 1 repeats ***
[M8T] OUT2 e2e8=07ff
[M8T] OUT2 e2e8=0700
*** 1 repeats ***
[M8T] OUT2 e2e8=0200
[M8T] OUT2 e2e8=0404
[M8T] OUT2 e2e8=fcfc
[M8T] OUT2 e2e8=02fc
[M8T] OUT2 e2e8=0004
[M8T] OUT2 e2e8=0606
*** 1 repeats ***
[M8T] OUT2 e2e8=06f8
[M8T] OUT2 e2e8=fff8
[M8T] OUT2 e2e8=ffff
*** 1 repeats ***
[M8T] OUT2 e2e8=fffc
[M8T] OUT2 e2e8=ffff
[M8T] OUT2 e2e8=07ff
[M8T] OUT2 e2e8=0700
*** 1 repeats ***
[M8T] OUT2 e2e8=0400
[M8T] OUT2 e2e8=fcfc
*** 1 repeats ***
[M8T] OUT2 e2e8=0402
[M8T] OUT2 e2e8=0002
[M8T] OUT2 e2e8=0606
*** 1 repeats ***
[M8T] OUT2 e2e8=fff8
*** 1 repeats ***
[M8T] OUT2 e2e8=ffff
*** 1 repeats ***
[M8T] OUT2 e2e8=fffc
[M8T] OUT2 e2e8=ffff
[M8T] OUT2 e2e8=07ff
[M8T] OUT2 e2e8=0700
*** 1 repeats ***
[M8T] OUT2 e2e8=fc00
[M8T] OUT2 e2e8=0206
[M8T] OUT2 e2e8=0202
[M8T] OUT2 e2e8=0204
[M8T] OUT2 e2e8=0004
[M8T] OUT2 e2e8=0606
*** 1 repeats ***
[M8T] OUT2 e2e8=f806
[M8T] OUT2 e2e8=fff8
[M8T] OUT2 e2e8=ffff
*** 3 repeats ***
[M8T] OUT2 e2e8=07ff
[M8T] OUT2 e2e8=0700
*** 1 repeats ***
[M8T] OUT2 e2e8=0200
[M8T] OUT2 e2e8=0202
[M8T] OUT2 e2e8=0602
[M8T] OUT2 e2e8=0402
[M8T] OUT2 e2e8=0600
[M8T] OUT2 e2e8=0606
*** 1 repeats ***
[M8T] OUT2 e2e8=f806
[M8T] OUT2 e2e8=fff8
[M8T] OUT2 e2e8=ffff
[M8T] OUT2 e2e8=ff01
[M8T] OUT2 e2e8=ffff
*** 1 repeats ***
[M8T] OUT2 e2e8=07ff
[M8T] OUT2 e2e8=0700
*** 1 repeats ***
[M8T] OUT2 e2e8=fc00
[M8T] OUT2 e2e8=0202
*** 1 repeats ***
[M8T] OUT2 e2e8=0204
[M8T] OUT2 e2e8=0600
[M8T] OUT2 e2e8=0606
*** 2 repeats ***
[M8T] OUT2 e2e8=fff8
[M8T] OUT2 e2e8=01f9
[M8T] OUT2 e2e8=fff9
[M8T] OUT2 e2e8=ffff
[M8T] OUT2 e2e8=07ff
[M8T] OUT2 e2e8=f807
[M8T] OUT2 e2e8=07f8
[M8T] OUT2 e2e8=0700
[M8T] OUT2 e2e8=0600
[M8T] OUT2 e2e8=0202
[M8T] OUT2 e2e8=0002
*** 1 repeats ***
[M8T] OUT2 e2e8=0606
*** 3 repeats ***
[M8T] OUT2 e2e8=fff8
[M8T] OUT2 e2e8=f9f9
[M8T] OUT2 e2e8=fff9
[M8T] OUT2 e2e8=07ff
[M8T] OUT2 e2e8=f807
[M8T] OUT2 e2e8=07f8
[M8T] OUT2 e2e8=f807
[M8T] OUT2 e2e8=07f8
[M8T] OUT2 e2e8=0200
[M8T] OUT2 e2e8=0202
[M8T] OUT2 e2e8=0602
[M8T] OUT2 e2e8=0004
[M8T] OUT2 e2e8=0606
*** 3 repeats ***
[M8T] OUT2 e2e8=fff8
[M8T] OUT2 e2e8=f901
[M8T] OUT2 e2e8=0701
[M8T] OUT2 e2e8=f807
[M8T] OUT2 e2e8=07f8
[M8T] OUT2 e2e8=f807
[M8T] OUT2 e2e8=07f8
[M8T] OUT2 e2e8=f807
[M8T] OUT2 e2e8=02f8
[M8T] OUT2 e2e8=0202
[M8T] OUT2 e2e8=0002
[M8T] OUT2 e2e8=06f8
[M8T] OUT2 e2e8=0606
*** 3 repeats ***
[M8T] OUT2 e2e8=fff8
[M8T] OUT2 e2e8=07f9
[M8T] OUT2 e2e8=f807
[M8T] OUT2 e2e8=07f8
[M8T] OUT2 e2e8=f807
[M8T] OUT2 e2e8=07f8
[M8T] OUT2 e2e8=f807
[M8T] OUT2 e2e8=02f8
[M8T] OUT2 e2e8=0202
*** 1 repeats ***
[M8T] OUT2 e2e8=f802
[M8T] OUT2 e2e8=0606
*** 4 repeats ***
[M8T] OUT2 e2e8=07f8
[M8T] OUT2 e2e8=f807
[M8T] OUT2 e2e8=07f8
[M8T] OUT2 e2e8=f807
[M8T] OUT2 e2e8=07f8
[M8T] OUT2 e2e8=f807
[M8T] OUT2 e2e8=02f8
[M8T] OUT2 e2e8=0202
*** 2 repeats ***
[M8T] OUT2 e2e8=0600
[M8T] OUT2 e2e8=0606
*** 4 repeats ***
[M8T] OUT2 e2e8=f8f8
[M8T] OUT2 e2e8=07f8
[M8T] OUT2 e2e8=f807
[M8T] OUT2 e2e8=07f8
[M8T] OUT2 e2e8=f807
[M8T] OUT2 e2e8=02f8
[M8T] OUT2 e2e8=0602
[M8T] OUT2 e2e8=02fc
[M8T] OUT2 e2e8=0202
[M8T] OUT2 e2e8=f8f8
[M8T] OUT2 e2e8=0606
*** 6 repeats ***
[M8T] OUT2 e2e8=f8f8
[M8T] OUT2 e2e8=07f8
[M8T] OUT2 e2e8=f807
[M8T] OUT2 e2e8=06f8
[M8T] OUT2 e2e8=f807
[M8T] OUT2 e2e8=06fc
[M8T] OUT2 e2e8=0606
[M8T] OUT2 e2e8=f8f8
[M8T] OUT2 e2e8=0606
*** 8 repeats ***
[M8T] OUT2 e2e8=f8f8
[M8T] OUT2 e2e8=fff8
[M8T] OUT2 e2e8=f8f8
*** 3 repeats ***
[M8T] OUT2 e2e8=0606
*** 4 repeats ***
[M8B] end cur=21,76
[M8T] IN2 9aee=0000
[M8T] IN2 9aee=8000
[M8T] IN2 9aee=0000
[M8T] OUT2 daee=0000
[M8T] OUT2 e2ee=05ff
[M8T] IN2 9aee=c000
[M8T] IN2 9aee=0000
[M8T] OUT2 daee=000d
[M8T] OUT2 deee=0071
[M8T] OUT2 e2ee=0059
[M8T] OUT2 e6ee=007d
[M8T] IN2 9aee=f000
[M8T] IN2 9aee=0000
[M8T] OUT2 a6e8=0006
[M8T] IN2 9aee=e000
[M8T] IN2 9aee=0000
[M8T] OUT2 86e8=0016
[M8T] OUT2 82e8=0071
[M8B] start cur=22,113 dyend=126 dpc=2211 dpitch=1024 doff=0 clip 13,113-89,125 compat=0
[M8B] end cur=22,126
[M8T] IN2 9aee=0000
[M8T] OUT2 a6e8=ffff
[M8T] IN2 9aee=f800
[M8T] IN2 9aee=0000
[M8T] OUT2 86e8=0019
[M8T] OUT2 82e8=0073
[M8B] start cur=25,115 dyend=124 dpc=3251 dpitch=1024 doff=0 clip 13,113-89,125 compat=0
[M8T] OUT2 e2e8=80ff
[M8T] OUT2 e2e8=0000
[M8T] OUT2 86e8=001c
[M8T] OUT2 82e8=0076
[M8B] start cur=28,118 dyend=124 dpc=3251 dpitch=1024 doff=0 clip 13,113-89,125 compat=0
[M8T] OUT2 e2e8=63b6
[M8T] OUT2 e2e8=c418
[M8T] IN2 9aee=0000
[M8T] OUT2 86e8=0022
[M8T] OUT2 82e8=0073
[M8B] start cur=34,115 dyend=124 dpc=3251 dpitch=1024 doff=0 clip 13,113-89,125 compat=0
[M8T] OUT2 e2e8=2184
[M8T] OUT2 e2e8=c6e8
[M8T] OUT2 e2e8=f031
[M8T] OUT2 e2e8=0000
[M8T] OUT2 86e8=0028
[M8T] OUT2 82e8=0076
[M8B] start cur=40,118 dyend=124 dpc=3251 dpitch=1024 doff=0 clip 13,113-89,125 compat=0
[M8T] OUT2 e2e8=6374
[M8T] OUT2 e2e8=b818
[M8T] IN2 9aee=0000
[M8T] OUT2 86e8=002e
[M8T] OUT2 82e8=0076
[M8B] start cur=46,118 dyend=124 dpc=3251 dpitch=1024 doff=0 clip 13,113-89,125 compat=0
[M8T] OUT2 e2e8=6699
[M8T] OUT2 e2e8=0099
[M8T] IN2 9aee=0000
[M8T] OUT2 daee=0000
[M8T] OUT2 deee=0000
[M8T] OUT2 e2ee=05ff
[M8T] OUT2 e6ee=05ff
[M8T] IN2 9aee=f000
[M8T] IN2 9aee=0000
[M8T] IN2 9ae8=0000
[M8T] IN2 9aee=0000
[M8T] OUT2 daee=001d
[M8T] OUT2 e2ee=003c
[M8T] OUT2 86e8=001d
[M8T] OUT2 82e8=0022
[M8B] start cur=29,34 dyend=2 dpc=5211 dpitch=1024 doff=0 clip 29,0-60,1535 compat=0
[M8T] OUT2 e2e8=0006
[M8T] OUT2 e2e8=0000
*** 10 repeats ***
[M8T] OUT2 e2e8=0600
[M8T] OUT2 e2e8=0606
*** 2 repeats ***
[M8T] OUT2 e2e8=07f8
[M8T] OUT2 e2e8=0707
*** 10 repeats ***
[M8T] OUT2 e2e8=00f8
[M8T] OUT2 e2e8=0606
*** 2 repeats ***
[M8T] OUT2 e2e8=fff8
[M8T] OUT2 e2e8=ffff
*** 10 repeats ***
[M8T] OUT2 e2e8=f807
[M8T] OUT2 e2e8=0600
[M8T] OUT2 e2e8=0606
*** 1 repeats ***
[M8T] OUT2 e2e8=f806
[M8T] OUT2 e2e8=f8ff
[M8T] OUT2 e2e8=f800
[M8T] OUT2 e2e8=00f8
[M8T] OUT2 e2e8=f8f8
[M8T] OUT2 e2e8=f800
[M8T] OUT2 e2e8=00f8
[M8T] OUT2 e2e8=f8f8
[M8T] OUT2 e2e8=f800
[M8T] OUT2 e2e8=00f8
[M8T] OUT2 e2e8=f8f8
[M8T] OUT2 e2e8=f800
[M8T] OUT2 e2e8=f8f8
[M8T] OUT2 e2e8=00f8
[M8T] OUT2 e2e8=0606
*** 2 repeats ***
[M8T] OUT2 e2e8=fff8
[M8T] OUT2 e2e8=00f8
[M8T] OUT2 e2e8=f8ff
[M8T] OUT2 e2e8=ff00
[M8T] OUT2 e2e8=00f8
[M8T] OUT2 e2e8=f8ff
[M8T] OUT2 e2e8=ff00
[M8T] OUT2 e2e8=00f8
[M8T] OUT2 e2e8=f8ff
[M8T] OUT2 e2e8=ff00
[M8T] OUT2 e2e8=00f8
[M8T] OUT2 e2e8=f8ff
[M8T] OUT2 e2e8=00f8
[M8T] OUT2 e2e8=0600
[M8T] OUT2 e2e8=0606
*** 1 repeats ***
[M8T] OUT2 e2e8=f806
[M8T] OUT2 e2e8=f8f8
[M8T] OUT2 e2e8=ff00
[M8T] OUT2 e2e8=00f8
[M8T] OUT2 e2e8=f8ff
[M8T] OUT2 e2e8=ff00
[M8T] OUT2 e2e8=00f8
[M8T] OUT2 e2e8=f8ff
[M8T] OUT2 e2e8=ff00
[M8T] OUT2 e2e8=00f8
[M8T] OUT2 e2e8=f8ff
[M8T] OUT2 e2e8=ff00
[M8T] OUT2 e2e8=f800
[M8T] OUT2 e2e8=00f8
[M8T] OUT2 e2e8=0606
*** 1 repeats ***
[M8T] OUT2 e2e8=f806
[M8T] OUT2 e2e8=07ff
[M8T] OUT2 e2e8=0707
*** 9 repeats ***
[M8T] OUT2 e2e8=f807
[M8T] OUT2 e2e8=f8f8
[M8T] OUT2 e2e8=0600
[M8T] OUT2 e2e8=0606
[M8T] OUT2 e2e8=f806
[M8T] OUT2 e2e8=07ff
[M8T] OUT2 e2e8=0207
[M8T] OUT2 e2e8=0702
[M8T] OUT2 e2e8=0707
*** 4 repeats ***
[M8T] OUT2 e2e8=f807
[M8T] OUT2 e2e8=0707
*** 1 repeats ***
[M8T] OUT2 e2e8=f807
[M8T] OUT2 e2e8=f8f8
[M8T] OUT2 e2e8=0600
[M8T] OUT2 e2e8=0606
[M8T] OUT2 e2e8=f806
[M8T] OUT2 e2e8=07ff
[M8T] OUT2 e2e8=fa07
[M8T] OUT2 e2e8=07fa
[M8T] OUT2 e2e8=0707
*** 1 repeats ***
[M8T] OUT2 e2e8=0007
[M8T] OUT2 e2e8=0000
*** 3 repeats ***
[M8T] OUT2 e2e8=0700
[M8T] OUT2 e2e8=f807
[M8T] OUT2 e2e8=f8f8
[M8T] OUT2 e2e8=0600
[M8T] OUT2 e2e8=0606
[M8T] OUT2 e2e8=f806
[M8T] OUT2 e2e8=07ff
[M8T] OUT2 e2e8=0707
*** 3 repeats ***
[M8T] OUT2 e2e8=f807
[M8T] OUT2 e2e8=f8f8
*** 3 repeats ***
[M8T] OUT2 e2e8=07f8
[M8T] OUT2 e2e8=f807
[M8T] OUT2 e2e8=f8f8
[M8T] OUT2 e2e8=0600
[M8T] OUT2 e2e8=0606
[M8T] OUT2 e2e8=f806
[M8T] OUT2 e2e8=07ff
[M8T] OUT2 e2e8=0707
*** 9 repeats ***
[M8T] OUT2 e2e8=f807
[M8T] OUT2 e2e8=f8f8
[M8T] OUT2 e2e8=0600
[M8T] OUT2 e2e8=0606
[M8T] OUT2 e2e8=f806
[M8T] OUT2 e2e8=ffff
*** 10 repeats ***
[M8T] OUT2 e2e8=f8ff
[M8T] OUT2 e2e8=f8f8
[M8T] OUT2 e2e8=0600
[M8T] OUT2 e2e8=0606
*** 1 repeats ***
[M8T] OUT2 e2e8=f8f8
*** 10 repeats ***
[M8T] OUT2 e2e8=07f8
[M8T] OUT2 e2e8=f8f8
[M8T] OUT2 e2e8=0600
[M8T] OUT2 e2e8=0606
*** 2 repeats ***
[M8T] OUT2 e2e8=0000
*** 9 repeats ***
[M8T] OUT2 e2e8=f8f8
[M8T] OUT2 e2e8=f807
[M8T] OUT2 e2e8=0600
[M8T] OUT2 e2e8=0606
*** 2 repeats ***
[M8T] OUT2 e2e8=f8f8
*** 9 repeats ***
[M8T] OUT2 e2e8=f800
[M8T] OUT2 e2e8=07f8
[M8T] OUT2 e2e8=0600
[M8T] OUT2 e2e8=0606
*** 2 repeats ***
[M8T] OUT2 e2e8=fff8
[M8T] OUT2 e2e8=0707
*** 7 repeats ***
[M8T] OUT2 e2e8=f807
[M8T] OUT2 e2e8=00f8
[M8T] OUT2 e2e8=f8f8
[M8T] OUT2 e2e8=0606
*** 3 repeats ***
[M8T] OUT2 e2e8=fff8
[M8T] OUT2 e2e8=ff07
[M8T] OUT2 e2e8=ffff
*** 6 repeats ***
[M8T] OUT2 e2e8=f807
[M8T] OUT2 e2e8=00f8
[M8T] OUT2 e2e8=0606
*** 4 repeats ***
[M8T] OUT2 e2e8=fff8
[M8T] OUT2 e2e8=f807
[M8T] OUT2 e2e8=f8f8
*** 5 repeats ***
[M8T] OUT2 e2e8=fff8
[M8T] OUT2 e2e8=f807
[M8T] OUT2 e2e8=00f8
[M8T] OUT2 e2e8=0606
*** 4 repeats ***
[M8T] OUT2 e2e8=fff8
[M8T] OUT2 e2e8=0007
[M8T] OUT2 e2e8=0606
*** 1 repeats ***
[M8T] OUT2 e2e8=0000
*** 2 repeats ***
[M8T] OUT2 e2e8=0606
[M8T] OUT2 e2e8=fff8
[M8T] OUT2 e2e8=f807
[M8T] OUT2 e2e8=00f8
[M8T] OUT2 e2e8=0606
*** 4 repeats ***
[M8T] OUT2 e2e8=fff8
[M8T] OUT2 e2e8=0007
[M8T] OUT2 e2e8=0606
*** 1 repeats ***
[M8T] OUT2 e2e8=fff8
[M8T] OUT2 e2e8=ffff
[M8T] OUT2 e2e8=00ff
[M8T] OUT2 e2e8=0606
[M8T] OUT2 e2e8=fff8
[M8T] OUT2 e2e8=f807
[M8T] OUT2 e2e8=00f8
[M8T] OUT2 e2e8=0606
*** 4 repeats ***
[M8T] OUT2 e2e8=fff8
[M8T] OUT2 e2e8=0007
[M8T] OUT2 e2e8=0606
[M8T] OUT2 e2e8=0000
[M8T] OUT2 e2e8=fff8
[M8T] OUT2 e2e8=ffff
[M8T] OUT2 e2e8=00ff
[M8T] OUT2 e2e8=0606
[M8T] OUT2 e2e8=fff8
[M8T] OUT2 e2e8=f807
[M8T] OUT2 e2e8=00f8
[M8T] OUT2 e2e8=0606
*** 4 repeats ***
[M8T] OUT2 e2e8=fff8
[M8T] OUT2 e2e8=0007
[M8T] OUT2 e2e8=0606
[M8T] OUT2 e2e8=fff8
*** 1 repeats ***
[M8T] OUT2 e2e8=ffff
[M8T] OUT2 e2e8=00ff
[M8T] OUT2 e2e8=0606
[M8T] OUT2 e2e8=fff8
[M8T] OUT2 e2e8=f807
[M8T] OUT2 e2e8=00f8
[M8T] OUT2 e2e8=0606
*** 4 repeats ***
[M8T] OUT2 e2e8=fff8
[M8T] OUT2 e2e8=0007
[M8T] OUT2 e2e8=0606
[M8T] OUT2 e2e8=fff8
[M8T] OUT2 e2e8=fc04
[M8T] OUT2 e2e8=fcfc
[M8T] OUT2 e2e8=00fc
[M8T] OUT2 e2e8=0606
[M8T] OUT2 e2e8=fff8
[M8T] OUT2 e2e8=f807
[M8T] OUT2 e2e8=00f8
[M8T] OUT2 e2e8=0606
*** 4 repeats ***
[M8T] OUT2 e2e8=fff8
[M8T] OUT2 e2e8=0007
[M8T] OUT2 e2e8=fe06
[M8T] OUT2 e2e8=fff8
[M8T] OUT2 e2e8=ffff
[M8T] OUT2 e2e8=00ff
[M8T] OUT2 e2e8=0606
*** 1 repeats ***
[M8T] OUT2 e2e8=fff8
[M8T] OUT2 e2e8=f807
[M8T] OUT2 e2e8=00f8
[M8T] OUT2 e2e8=0606
*** 4 repeats ***
[M8T] OUT2 e2e8=fff8
[M8T] OUT2 e2e8=0007
[M8T] OUT2 e2e8=fe06
[M8T] OUT2 e2e8=0000
*** 2 repeats ***
[M8T] OUT2 e2e8=0606
*** 1 repeats ***
[M8T] OUT2 e2e8=fff8
[M8T] OUT2 e2e8=f807
[M8T] OUT2 e2e8=00f8
[M8T] OUT2 e2e8=0606
*** 4 repeats ***
[M8T] OUT2 e2e8=fff8
[M8T] OUT2 e2e8=0007
[M8T] OUT2 e2e8=0606
*** 5 repeats ***
[M8T] OUT2 e2e8=fff8
[M8T] OUT2 e2e8=f807
[M8T] OUT2 e2e8=00f8
[M8T] OUT2 e2e8=0606
*** 4 repeats ***
[M8T] OUT2 e2e8=fff8
[M8T] OUT2 e2e8=0007
[M8T] OUT2 e2e8=0000
*** 5 repeats ***
[M8T] OUT2 e2e8=fff8
[M8T] OUT2 e2e8=f807
[M8T] OUT2 e2e8=00f8
[M8T] OUT2 e2e8=0606
*** 4 repeats ***
[M8T] OUT2 e2e8=fff8
[M8T] OUT2 e2e8=f807
[M8T] OUT2 e2e8=f8f8
*** 5 repeats ***
[M8T] OUT2 e2e8=fff8
[M8T] OUT2 e2e8=f807
[M8T] OUT2 e2e8=00f8
[M8T] OUT2 e2e8=0606
*** 4 repeats ***
[M8T] OUT2 e2e8=fff8
[M8T] OUT2 e2e8=0707
*** 7 repeats ***
[M8T] OUT2 e2e8=f807
[M8T] OUT2 e2e8=00f8
[M8T] OUT2 e2e8=0606
*** 4 repeats ***
[M8T] OUT2 e2e8=f806
[M8T] OUT2 e2e8=ffff
*** 7 repeats ***
[M8T] OUT2 e2e8=f8ff
[M8T] OUT2 e2e8=00f8
[M8T] OUT2 e2e8=0606
*** 5 repeats ***
[M8T] OUT2 e2e8=07f8
[M8T] OUT2 e2e8=0707
*** 6 repeats ***
[M8T] OUT2 e2e8=ff07
[M8T] OUT2 e2e8=00f8
[M8T] OUT2 e2e8=0606
*** 5 repeats ***
[M8T] OUT2 e2e8=f806
[M8T] OUT2 e2e8=f8f8
*** 7 repeats ***
[M8T] OUT2 e2e8=06f8
[M8T] OUT2 e2e8=0606
*** 1 repeats ***
[M8B] end cur=29,2
[M8T] IN2 9aee=0000
[M8T] IN2 9aee=8000
[M8T] IN2 9aee=0000
[M8T] OUT2 daee=0000
[M8T] OUT2 e2ee=05ff
[M8T] IN2 9aee=c000
[M8T] IN2 9aee=0000
[M8T] OUT2 daee=0003
[M8T] OUT2 deee=0027
[M8T] OUT2 e2ee=0091
[M8T] OUT2 e6ee=0033
[M8T] IN2 9aee=f000
[M8T] IN2 9aee=0000
[M8T] OUT2 a6e8=0006
[M8T] IN2 9aee=e000
[M8T] IN2 9aee=0000
[M8T] OUT2 86e8=000c
[M8T] OUT2 82e8=0027
[M8B] start cur=12,39 dyend=52 dpc=2211 dpitch=1024 doff=0 clip 3,39-145,51 compat=0
[M8B] end cur=12,52
[M8T] IN2 9aee=0000
[M8T] OUT2 a6e8=ffff
[M8T] IN2 9aee=f800
[M8T] IN2 9aee=0000
[M8T] OUT2 86e8=000f
[M8T] OUT2 82e8=0029
[M8B] start cur=15,41 dyend=50 dpc=3251 dpitch=1024 doff=0 clip 3,39-145,51 compat=0
[M8T] OUT2 e2e8=0783
[M8T] OUT2 e2e8=3a1e
[M8T] OUT2 e2e8=64b5
[M8T] OUT2 e2e8=82c9
[M8T] OUT2 86e8=0017
[M8T] OUT2 82e8=002c
[M8B] start cur=23,44 dyend=52 dpc=3251 dpitch=1024 doff=0 clip 3,39-145,51 compat=0
[M8T] OUT2 e2e8=524a
[M8T] OUT2 e2e8=1093
[M8T] IN2 9aee=0000
[M8T] OUT2 e2e8=0098
[M8T] OUT2 e2e8=0000
[M8T] OUT2 86e8=0020
[M8T] OUT2 82e8=0029
[M8B] start cur=32,41 dyend=50 dpc=3251 dpitch=1024 doff=0 clip 3,39-145,51 compat=0
[M8T] OUT2 e2e8=187a
[M8T] OUT2 e2e8=8220
[M8T] OUT2 e2e8=2108
[M8T] OUT2 e2e8=0078
[M8T] OUT2 86e8=0027
[M8T] OUT2 82e8=002c
[M8B] start cur=39,44 dyend=50 dpc=3251 dpitch=1024 doff=0 clip 3,39-145,51 compat=0
[M8T] IN2 9aee=0000
[M8T] OUT2 e2e8=6374
[M8T] OUT2 e2e8=b818
[M8T] OUT2 86e8=002d
[M8T] OUT2 82e8=002c
[M8B] start cur=45,44 dyend=50 dpc=3251 dpitch=1024 doff=0 clip 3,39-145,51 compat=0
[M8T] OUT2 e2e8=26ed
[M8T] OUT2 e2e8=994c
[M8T] OUT2 e2e8=4032
[M8T] OUT2 e2e8=0000
[M8T] OUT2 86e8=0035
[M8T] OUT2 82e8=002c
[M8B] start cur=53,44 dyend=52 dpc=3251 dpitch=1024 doff=0 clip 3,39-145,51 compat=0
[M8T] IN2 9aee=0000
[M8T] OUT2 e2e8=63f4
[M8T] OUT2 e2e8=fa18
[M8T] OUT2 e2e8=0010
[M8T] OUT2 e2e8=0000
[M8T] OUT2 86e8=003b
[M8T] OUT2 82e8=002c
[M8B] start cur=59,44 dyend=50 dpc=3251 dpitch=1024 doff=0 clip 3,39-145,51 compat=0
[M8T] OUT2 e2e8=638c
[M8T] OUT2 e2e8=b419
[M8T] OUT2 86e8=0041
[M8T] OUT2 82e8=002a
[M8B] start cur=65,42 dyend=50 dpc=3251 dpitch=1024 doff=0 clip 3,39-145,51 compat=0
[M8T] IN2 9aee=0000
[M8T] OUT2 e2e8=a9ae
[M8T] OUT2 e2e8=0000
[M8T] OUT2 86e8=0044
[M8T] OUT2 82e8=002c
[M8B] start cur=68,44 dyend=50 dpc=3251 dpitch=1024 doff=0 clip 3,39-145,51 compat=0
[M8T] OUT2 e2e8=7f74
[M8T] OUT2 e2e8=b808
[M8T] OUT2 86e8=004a
[M8T] OUT2 82e8=002c
[M8B] start cur=74,44 dyend=50 dpc=3251 dpitch=1024 doff=0 clip 3,39-145,51 compat=0
[M8T] OUT2 e2e8=a0ea
[M8T] OUT2 e2e8=0000
[M8T] IN2 9aee=8000
[M8T] IN2 9aee=0000
[M8T] OUT2 daee=0000
[M8T] OUT2 deee=0000
[M8T] OUT2 e2ee=05ff
[M8T] OUT2 e6ee=05ff
[M8T] IN2 9aee=f000
[M8T] IN2 9aee=0000
[M8T] OUT2 a6e8=ffff
[M8T] OUT2 86e8=000c
[M8T] OUT2 82e8=0027
[M8T] IN2 9aee=ffe0
[M8T] IN2 9aee=0000
[M8B] start cur=12,39 dyend=40 dpc=2231 dpitch=1024 doff=0 clip 0,0-1535,1535 compat=0
[M8B] end cur=12,40
[M8T] IN2 9aee=0000
[M8T] OUT2 a6e8=ffff
[M8T] OUT2 86e8=000c
[M8T] OUT2 82e8=0033
[M8T] IN2 9aee=ffe0
[M8T] IN2 9aee=0000
[M8B] start cur=12,51 dyend=52 dpc=2231 dpitch=1024 doff=0 clip 0,0-1535,1535 compat=0
[M8B] end cur=12,52
[M8T] IN2 9aee=0000
[M8T] OUT2 a6e8=ffff
[M8T] OUT2 86e8=000c
[M8T] OUT2 82e8=0028
[M8T] IN2 9aee=ffe0
[M8T] IN2 9aee=0000
[M8B] start cur=12,40 dyend=41 dpc=2231 dpitch=1024 doff=0 clip 0,0-1535,1535 compat=0
[M8B] end cur=12,41
[M8B] start cur=12,41 dyend=42 dpc=2231 dpitch=1024 doff=0 clip 0,0-1535,1535 compat=0
[M8B] end cur=12,42
[M8B] start cur=12,42 dyend=43 dpc=2231 dpitch=1024 doff=0 clip 0,0-1535,1535 compat=0
[M8B] end cur=12,43
[M8B] start cur=12,43 dyend=44 dpc=2231 dpitch=1024 doff=0 clip 0,0-1535,1535 compat=0
[M8B] end cur=12,44
[M8T] IN2 9aee=0000
[M8B] start cur=12,44 dyend=45 dpc=2231 dpitch=1024 doff=0 clip 0,0-1535,1535 compat=0
[M8B] end cur=12,45
[M8B] start cur=12,45 dyend=46 dpc=2231 dpitch=1024 doff=0 clip 0,0-1535,1535 compat=0
[M8B] end cur=12,46
[M8B] start cur=12,46 dyend=47 dpc=2231 dpitch=1024 doff=0 clip 0,0-1535,1535 compat=0
[M8B] end cur=12,47
[M8B] start cur=12,47 dyend=48 dpc=2231 dpitch=1024 doff=0 clip 0,0-1535,1535 compat=0
[M8B] end cur=12,48
[M8T] IN2 9aee=0000
[M8B] start cur=12,48 dyend=49 dpc=2231 dpitch=1024 doff=0 clip 0,0-1535,1535 compat=0
[M8B] end cur=12,49
[M8B] start cur=12,49 dyend=50 dpc=2231 dpitch=1024 doff=0 clip 0,0-1535,1535 compat=0
[M8B] end cur=12,50
[M8B] start cur=12,50 dyend=51 dpc=2231 dpitch=1024 doff=0 clip 0,0-1535,1535 compat=0
[M8B] end cur=12,51
[M8T] IN2 9aee=0000
[M8T] OUT2 a6e8=ffff
[M8T] OUT2 86e8=004d
[M8T] OUT2 82e8=0028
[M8T] IN2 9aee=ffe0
[M8T] IN2 9aee=0000
[M8B] start cur=77,40 dyend=41 dpc=2231 dpitch=1024 doff=0 clip 0,0-1535,1535 compat=0
[M8B] end cur=77,41
[M8B] start cur=77,41 dyend=42 dpc=2231 dpitch=1024 doff=0 clip 0,0-1535,1535 compat=0
[M8B] end cur=77,42
[M8B] start cur=77,42 dyend=43 dpc=2231 dpitch=1024 doff=0 clip 0,0-1535,1535 compat=0
[M8B] end cur=77,43
[M8B] start cur=77,43 dyend=44 dpc=2231 dpitch=1024 doff=0 clip 0,0-1535,1535 compat=0
[M8B] end cur=77,44
[M8T] IN2 9aee=0000
[M8B] start cur=77,44 dyend=45 dpc=2231 dpitch=1024 doff=0 clip 0,0-1535,1535 compat=0
[M8B] end cur=77,45
[M8B] start cur=77,45 dyend=46 dpc=2231 dpitch=1024 doff=0 clip 0,0-1535,1535 compat=0
[M8B] end cur=77,46
[M8B] start cur=77,46 dyend=47 dpc=2231 dpitch=1024 doff=0 clip 0,0-1535,1535 compat=0
[M8B] end cur=77,47
[M8B] start cur=77,47 dyend=48 dpc=2231 dpitch=1024 doff=0 clip 0,0-1535,1535 compat=0
[M8B] end cur=77,48
[M8T] IN2 9aee=0000
[M8B] start cur=77,48 dyend=49 dpc=2231 dpitch=1024 doff=0 clip 0,0-1535,1535 compat=0
[M8B] end cur=77,49
[M8B] start cur=77,49 dyend=50 dpc=2231 dpitch=1024 doff=0 clip 0,0-1535,1535 compat=0
[M8B] end cur=77,50
[M8B] start cur=77,50 dyend=51 dpc=2231 dpitch=1024 doff=0 clip 0,0-1535,1535 compat=0
[M8B] end cur=77,51
[M8T] IN2 9aee=0000
[M8T] OUT2 8ee8=01f0
[M8T] OUT2 8ae8=0170
[M8T] IN2 9aee=fe00
[M8T] IN2 9aee=0000
[M8T] OUT2 86e8=0010
[M8T] OUT2 82e8=0300
[M8B] start cur=16,768 dyend=769 dpc=6211 dpitch=1024 doff=0 clip 0,0-1535,1535 compat=0
[M8B] end cur=0,769
[M8T] IN2 9aee=0000
[M8T] OUT2 8ae8=018f
[M8T] OUT2 8ee8=0200
[M8T] IN2 9aee=f000
[M8T] IN2 9aee=0000
[M8T] OUT2 86e8=0000
[M8T] OUT2 82e8=0301
[M8T] OUT2 caee=0010
[M8X] scan cur=0,769 to=16 compat=0 dpc=6211 dp_compat=0 frgd_sel=3 bkgd_sel=0 mono=0 fmix=07 cmd_back=1 pixw=1 pitch=1024 off=0 dstp=1024
[M8Y] count=-1 width=16 dx=0 dy=769 dest=0c0400 clip l=0 t=0 r=1535 b=1535 cmp=0 fc=000000ff wm=000000ff
[M8T] IN2 9aee=0000
[M8T] OUT2 daee=0000
[M8T] OUT2 deee=0000
[M8T] OUT2 e2ee=03ff
[M8T] OUT2 e6ee=02ff
[M8T] OUT2 a6e8=ffff
[M8T] IN2 9aee=ff00
[M8T] IN2 9aee=0000
[M8T] OUT2 8ae8=0301
[M8T] OUT2 8ee8=0010
[M8T] OUT2 82e8=0170
[M8T] OUT2 86e8=01f0
[M8B] start cur=496,368 dyend=400 dpc=2071 dpitch=1024 doff=0 clip 0,0-1023,767 compat=0
[M8T] IN2 9aee=0000
[M8T] OUT2 8ae8=0301
[M8T] OUT2 8ee8=0010
[M8T] OUT2 82e8=0170
[M8T] OUT2 86e8=01f0
[M8B] start cur=496,368 dyend=400 dpc=2071 dpitch=1024 doff=0 clip 0,0-1023,767 compat=0
[M8T] OUT2 e2ee=05ff
[M8T] OUT2 e6ee=05ff
[M8T] IN2 9aee=c000
[M8T] IN2 9aee=0000
[M8T] OUT2 daee=0000
[M8T] OUT2 deee=0000
[M8T] OUT2 e2ee=03ff
[M8T] OUT2 e6ee=02ff
[M8T] IN2 9aee=fc00
[M8T] IN2 9aee=0000
[M8T] OUT2 8ee8=0010
[M8T] OUT2 8ae8=0300
[M8T] OUT2 86e8=01f0
[M8T] OUT2 82e8=0170
[M8B] start cur=496,368 dyend=400 dpc=6211 dpitch=1024 doff=0 clip 0,0-1023,767 compat=0
[M8B] end cur=496,400
[M8T] OUT2 e2ee=05ff
[M8T] OUT2 e6ee=05ff
[M8T] IN2 9aee=c000
[M8T] IN2 9aee=0000
[M8T] IN2 9aee=e000
[M8T] IN2 9aee=0000
[M8T] OUT2 86e8=0010
[M8T] OUT2 82e8=0301
[M8B] start cur=16,769 dyend=770 dpc=3251 dpitch=1024 doff=0 clip 0,0-1535,1535 compat=0
[M8T] IN2 9aee=0000
[M8T] OUT2 e2e8=ff7f
[M8T] OUT2 e2e8=ffff
[M8T] OUT2 e2e8=f03f
[M8T] OUT2 e2e8=ff03
[M8T] OUT2 e2e8=f01f
[M8T] OUT2 e2e8=ff03
[M8T] OUT2 e2e8=f00f
[M8T] OUT2 e2e8=ff03
[M8T] OUT2 e2e8=f807
[M8T] OUT2 e2e8=ff07
[M8T] OUT2 e2e8=f803
[M8T] OUT2 e2e8=ff07
[M8T] OUT2 e2e8=f801
[M8T] OUT2 e2e8=ff07
[M8T] OUT2 e2e8=f800
[M8T] OUT2 e2e8=ff07
[M8T] OUT2 e2e8=7c00
[M8T] OUT2 e2e8=ff0f
[M8T] OUT2 e2e8=3e00
[M8T] OUT2 e2e8=ff1f
[M8T] OUT2 e2e8=1c00
[M8T] OUT2 e2e8=ff0f
[M8T] OUT2 e2e8=f801
[M8T] OUT2 e2e8=ff07
[M8T] OUT2 e2e8=f810
[M8T] OUT2 e2e8=ff07
[M8T] OUT2 e2e8=f830
[M8T] OUT2 e2e8=ff07
[M8T] OUT2 e2e8=7878
[M8T] OUT2 e2e8=ff07
[M8T] OUT2 e2e8=70f8
[M8T] OUT2 e2e8=ff03
[M8T] OUT2 e2e8=30fc
[M8T] OUT2 e2e8=ff03
[M8T] OUT2 e2e8=30fc
[M8T] OUT2 e2e8=ff03
[M8T] OUT2 e2e8=7ffe
[M8T] OUT2 e2e8=ffff
*** 25 repeats ***
[M8T] IN2 9aee=0000
[M8T] OUT2 86e8=0000
[M8T] OUT2 82e8=0302
[M8T] OUT2 caee=0010
[M8X] scan cur=0,770 to=16 compat=0 dpc=3251 dp_compat=0 frgd_sel=1 bkgd_sel=0 mono=2 fmix=02 cmd_back=0 pixw=1 pitch=1024 off=0 dstp=1024
[M8T] IN2 9aee=0000
[M8T] OUT2 e2e8=ffff
[M8T] IN2 9aee=0000
[M8T] OUT2 86e8=0010
[M8T] OUT2 82e8=0301
[M8B] start cur=16,769 dyend=770 dpc=3251 dpitch=1024 doff=0 clip 0,0-1535,1535 compat=0
[M8T] IN2 9aee=0000
[M8T] OUT2 e2e8=0000
*** 3 repeats ***
[M8T] OUT2 e2e8=0340
[M8T] OUT2 e2e8=00f0
[M8T] OUT2 e2e8=0060
[M8T] OUT2 e2e8=0000
[M8T] OUT2 e2e8=0370
[M8T] OUT2 e2e8=00f0
[M8T] OUT2 e2e8=0378
[M8T] OUT2 e2e8=00f0
[M8T] OUT2 e2e8=037c
[M8T] OUT2 e2e8=00b0
[M8T] OUT2 e2e8=017e
[M8T] OUT2 e2e8=0060
[M8T] OUT2 e2e8=007f
[M8T] OUT2 e2e8=00c0
[M8T] OUT2 e2e8=807f
[M8T] OUT2 e2e8=0040
[M8T] OUT2 e2e8=007c
[M8T] OUT2 e2e8=00c0
[M8T] OUT2 e2e8=016c
[M8T] OUT2 e2e8=00e0
[M8T] OUT2 e2e8=0346
[M8T] OUT2 e2e8=0070
[M8T] OUT2 e2e8=0206
[M8T] OUT2 e2e8=00b0
[M8T] OUT2 e2e8=0103
[M8T] OUT2 e2e8=0050
[M8T] OUT2 e2e8=0003
[M8T] OUT2 e2e8=0000
[M8T] OUT2 e2e8=8301
[M8T] OUT2 e2e8=00f0
[M8T] OUT2 e2e8=8001
[M8T] OUT2 e2e8=0000
*** 27 repeats ***
[M8T] IN2 9aee=0000
[M8T] OUT2 86e8=0000
[M8T] OUT2 82e8=0302
[M8T] OUT2 caee=0010
[M8X] scan cur=0,770 to=16 compat=0 dpc=3251 dp_compat=0 frgd_sel=1 bkgd_sel=0 mono=2 fmix=02 cmd_back=0 pixw=1 pitch=1024 off=0 dstp=1024
[M8T] IN2 9aee=0000
[M8T] OUT2 e2e8=0000
[M8T] IN2 9aee=0000
[M8T] IN2 9aee=8000
[M8T] IN2 9aee=0000
[M8T] OUT2 8ee8=0200
[M8T] OUT2 8ae8=0180
[M8T] IN2 9aee=fe00
[M8T] IN2 9aee=0000
[M8T] OUT2 86e8=0010
[M8T] OUT2 82e8=0300
[M8B] start cur=16,768 dyend=769 dpc=6211 dpitch=1024 doff=0 clip 0,0-1535,1535 compat=0
[M8B] end cur=0,769
[M8T] IN2 9aee=0000
[M8T] OUT2 8ae8=019f
[M8T] OUT2 8ee8=0210
[M8T] IN2 9aee=f000
[M8T] IN2 9aee=0000
[M8T] OUT2 86e8=0000
[M8T] OUT2 82e8=0301
[M8T] OUT2 caee=0010
[M8X] scan cur=0,769 to=16 compat=0 dpc=6211 dp_compat=0 frgd_sel=3 bkgd_sel=0 mono=0 fmix=07 cmd_back=1 pixw=1 pitch=1024 off=0 dstp=1024
[M8Y] count=-1 width=16 dx=0 dy=769 dest=0c0400 clip l=0 t=0 r=1535 b=1535 cmp=0 fc=000000ff wm=000000ff
[M8T] IN2 9aee=0000
[M8T] OUT2 daee=0000
[M8T] OUT2 deee=0000
[M8T] OUT2 e2ee=03ff
[M8T] OUT2 e6ee=02ff
[M8T] OUT2 a6e8=ffff
[M8T] IN2 9aee=ff00
[M8T] IN2 9aee=0000
[M8T] OUT2 8ae8=0301
[M8T] OUT2 8ee8=0010
[M8T] OUT2 82e8=0180
[M8T] OUT2 86e8=0200
[M8B] start cur=512,384 dyend=416 dpc=2071 dpitch=1024 doff=0 clip 0,0-1023,767 compat=0
[M8T] IN2 9aee=0000
[M8T] OUT2 8ae8=0301
[M8T] OUT2 8ee8=0010
[M8T] OUT2 82e8=0180
[M8T] OUT2 86e8=0200
[M8B] start cur=512,384 dyend=416 dpc=2071 dpitch=1024 doff=0 clip 0,0-1023,767 compat=0
[M8T] OUT2 e2ee=05ff
[M8T] OUT2 e6ee=05ff
[M8T] IN2 9aee=c000
[M8T] IN2 9aee=0000
[M8T] OUT2 daee=03d4
[M8T] OUT2 deee=02ea
[M8T] OUT2 e2ee=03fc
[M8T] OUT2 e6ee=02fc
[M8T] IN2 9aee=f000
[M8T] IN2 9aee=0000
[M8T] OUT2 a6e8=0007
[M8T] IN2 9aee=e000
[M8T] IN2 9aee=0000
[M8T] OUT2 86e8=03d4
[M8T] OUT2 82e8=02ea
[M8B] start cur=980,746 dyend=766 dpc=2211 dpitch=1024 doff=0 clip 980,746-1020,764 compat=0
[M8B] end cur=980,766
[M8T] IN2 9aee=0000
[M8T] OUT2 a6e8=0000
[M8T] IN2 9aee=f800
[M8T] IN2 9aee=0000
[M8T] OUT2 86e8=03dc
[M8T] OUT2 82e8=02ef
[M8B] start cur=988,751 dyend=760 dpc=3251 dpitch=1024 doff=0 clip 980,746-1020,764 compat=0
[M8T] OUT2 e2e8=6374
[M8T] OUT2 e2e8=c618
[M8T] OUT2 e2e8=7031
[M8T] OUT2 e2e8=0000
[M8T] OUT2 86e8=03e2
[M8T] OUT2 82e8=02ef
[M8B] start cur=994,751 dyend=760 dpc=3251 dpitch=1024 doff=0 clip 980,746-1020,764 compat=0
[M8T] OUT2 e2e8=6374
[M8T] OUT2 e2e8=c618
[M8T] IN2 9aee=0000
[M8T] OUT2 e2e8=7031
[M8T] OUT2 e2e8=0000
[M8T] OUT2 86e8=03e8
[M8T] OUT2 82e8=02f2
[M8B] start cur=1000,754 dyend=760 dpc=3251 dpitch=1024 doff=0 clip 980,746-1020,764 compat=0
[M8T] OUT2 e2e8=0084
[M8T] OUT2 e2e8=0000
[M8T] OUT2 86e8=03eb
[M8T] OUT2 82e8=02ef
[M8B] start cur=1003,751 dyend=760 dpc=3251 dpitch=1024 doff=0 clip 980,746-1020,764 compat=0
[M8T] OUT2 e2e8=6374
[M8T] OUT2 e2e8=c618
[M8T] IN2 9aee=0000
[M8T] OUT2 e2e8=7031
[M8T] OUT2 e2e8=0000
[M8T] OUT2 86e8=03f1
[M8T] OUT2 82e8=02ef
[M8B] start cur=1009,751 dyend=760 dpc=3251 dpitch=1024 doff=0 clip 980,746-1020,764 compat=0
[M8T] OUT2 e2e8=6374
[M8T] OUT2 e2e8=c618
[M8T] OUT2 e2e8=7031
[M8T] OUT2 e2e8=0000
[M8T] IN2 9aee=8000
[M8T] IN2 9aee=0000
[M8T] OUT2 daee=0000
[M8T] OUT2 deee=0000
[M8T] OUT2 e2ee=05ff
[M8T] OUT2 e6ee=05ff
[M8T] IN2 9aee=f000
[M8T] IN2 9aee=0000
[M8T] OUT2 daee=03d4
[M8T] OUT2 deee=02ea
[M8T] OUT2 e2ee=03fc
[M8T] OUT2 e6ee=02fc
[M8T] IN2 9aee=f000
[M8T] IN2 9aee=0000
[M8T] OUT2 a6e8=0007
[M8T] IN2 9aee=e000
[M8T] IN2 9aee=0000
[M8T] OUT2 86e8=03d4
[M8T] OUT2 82e8=02ea
[M8B] start cur=980,746 dyend=766 dpc=2211 dpitch=1024 doff=0 clip 980,746-1020,764 compat=0
[M8B] end cur=980,766
[M8T] IN2 9aee=0000
[M8T] OUT2 a6e8=0000
[M8T] IN2 9aee=f800
[M8T] IN2 9aee=0000
[M8T] OUT2 86e8=03dc
[M8T] OUT2 82e8=02ef
[M8B] start cur=988,751 dyend=760 dpc=3251 dpitch=1024 doff=0 clip 980,746-1020,764 compat=0
[M8T] OUT2 e2e8=6374
[M8T] OUT2 e2e8=c618
[M8T] OUT2 e2e8=7031
[M8T] OUT2 e2e8=0000
[M8T] OUT2 86e8=03e2
[M8T] OUT2 82e8=02ef
[M8B] start cur=994,751 dyend=760 dpc=3251 dpitch=1024 doff=0 clip 980,746-1020,764 compat=0
[M8T] OUT2 e2e8=6374
[M8T] OUT2 e2e8=c618
[M8T] IN2 9aee=0000
[M8T] OUT2 e2e8=7031
[M8T] OUT2 e2e8=0000
[M8T] OUT2 86e8=03e8
[M8T] OUT2 82e8=02f2
[M8B] start cur=1000,754 dyend=760 dpc=3251 dpitch=1024 doff=0 clip 980,746-1020,764 compat=0
[M8T] OUT2 e2e8=0084
[M8T] OUT2 e2e8=0000
[M8T] OUT2 86e8=03eb
[M8T] OUT2 82e8=02ef
[M8B] start cur=1003,751 dyend=760 dpc=3251 dpitch=1024 doff=0 clip 980,746-1020,764 compat=0
[M8T] OUT2 e2e8=6374
[M8T] OUT2 e2e8=c618
[M8T] IN2 9aee=0000
[M8T] OUT2 e2e8=7031
[M8T] OUT2 e2e8=0000
[M8T] OUT2 86e8=03f1
[M8T] OUT2 82e8=02ef
[M8B] start cur=1009,751 dyend=760 dpc=3251 dpitch=1024 doff=0 clip 980,746-1020,764 compat=0
[M8T] OUT2 e2e8=6374
[M8T] OUT2 e2e8=c618
[M8T] OUT2 e2e8=7031
[M8T] OUT2 e2e8=0000
[M8T] IN2 9aee=8000
[M8T] IN2 9aee=0000
[M8T] OUT2 daee=0000
[M8T] OUT2 deee=0000
[M8T] OUT2 e2ee=05ff
[M8T] OUT2 e6ee=05ff
[M8T] IN2 9aee=f000
[M8T] IN2 9aee=0000
[M8T] OUT2 daee=03d4
[M8T] OUT2 deee=02ea
[M8T] OUT2 e2ee=03fc
[M8T] OUT2 e6ee=02fc
[M8T] IN2 9aee=f000
[M8T] IN2 9aee=0000
[M8T] OUT2 a6e8=0007
[M8T] IN2 9aee=e000
[M8T] IN2 9aee=0000
[M8T] OUT2 86e8=03d4
[M8T] OUT2 82e8=02ea
[M8B] start cur=980,746 dyend=766 dpc=2211 dpitch=1024 doff=0 clip 980,746-1020,764 compat=0
[M8B] end cur=980,766
[M8T] IN2 9aee=0000
[M8T] OUT2 a6e8=0000
[M8T] IN2 9aee=f800
[M8T] IN2 9aee=0000
[M8T] OUT2 86e8=03dc
[M8T] OUT2 82e8=02ef
[M8B] start cur=988,751 dyend=760 dpc=3251 dpitch=1024 doff=0 clip 980,746-1020,764 compat=0
[M8T] OUT2 e2e8=6374
[M8T] OUT2 e2e8=c618
[M8T] OUT2 e2e8=7031
[M8T] OUT2 e2e8=0000
[M8T] OUT2 86e8=03e2
[M8T] OUT2 82e8=02ef
[M8B] start cur=994,751 dyend=760 dpc=3251 dpitch=1024 doff=0 clip 980,746-1020,764 compat=0
[M8T] OUT2 e2e8=6374
[M8T] OUT2 e2e8=c618
[M8T] IN2 9aee=0000
[M8T] OUT2 e2e8=7031
[M8T] OUT2 e2e8=0000
[M8T] OUT2 86e8=03e8
[M8T] OUT2 82e8=02f2
[M8B] start cur=1000,754 dyend=760 dpc=3251 dpitch=1024 doff=0 clip 980,746-1020,764 compat=0
[M8T] OUT2 e2e8=0084
[M8T] OUT2 e2e8=0000
[M8T] OUT2 86e8=03eb
[M8T] OUT2 82e8=02ef
[M8B] start cur=1003,751 dyend=760 dpc=3251 dpitch=1024 doff=0 clip 980,746-1020,764 compat=0
[M8T] OUT2 e2e8=6374
[M8T] OUT2 e2e8=c618
[M8T] IN2 9aee=0000
[M8T] OUT2 e2e8=7031
[M8T] OUT2 e2e8=0000
[M8T] OUT2 86e8=03f1
[M8T] OUT2 82e8=02ef
[M8B] start cur=1009,751 dyend=760 dpc=3251 dpitch=1024 doff=0 clip 980,746-1020,764 compat=0
[M8T] OUT2 e2e8=6374
[M8T] OUT2 e2e8=c618
[M8T] OUT2 e2e8=7031
[M8T] OUT2 e2e8=0000
[M8T] IN2 9aee=8000
[M8T] IN2 9aee=0000
[M8T] OUT2 daee=0000
[M8T] OUT2 deee=0000
[M8T] OUT2 e2ee=05ff
[M8T] OUT2 e6ee=05ff
[M8T] IN2 9aee=f000
[M8T] IN2 9aee=0000
[M8T] OUT2 daee=03d4
[M8T] OUT2 deee=02ea
[M8T] OUT2 e2ee=03fc
[M8T] OUT2 e6ee=02fc
[M8T] IN2 9aee=f000
[M8T] IN2 9aee=0000
[M8T] OUT2 a6e8=0007
[M8T] IN2 9aee=e000
[M8T] IN2 9aee=0000
[M8T] OUT2 86e8=03d4
[M8T] OUT2 82e8=02ea
[M8B] start cur=980,746 dyend=766 dpc=2211 dpitch=1024 doff=0 clip 980,746-1020,764 compat=0
[M8B] end cur=980,766
[M8T] IN2 9aee=0000
[M8T] OUT2 a6e8=0000
[M8T] IN2 9aee=f800
[M8T] IN2 9aee=0000
[M8T] OUT2 86e8=03dc
[M8T] OUT2 82e8=02ef
[M8B] start cur=988,751 dyend=760 dpc=3251 dpitch=1024 doff=0 clip 980,746-1020,764 compat=0
[M8T] OUT2 e2e8=6374
[M8T] OUT2 e2e8=c618
[M8T] OUT2 e2e8=7031
[M8T] OUT2 e2e8=0000
[M8T] OUT2 86e8=03e2
[M8T] OUT2 82e8=02ef
[M8B] start cur=994,751 dyend=760 dpc=3251 dpitch=1024 doff=0 clip 980,746-1020,764 compat=0
[M8T] OUT2 e2e8=6374
[M8T] OUT2 e2e8=c618
[M8T] IN2 9aee=0000
[M8T] OUT2 e2e8=7031
[M8T] OUT2 e2e8=0000
[M8T] OUT2 86e8=03e8
[M8T] OUT2 82e8=02f2
[M8B] start cur=1000,754 dyend=760 dpc=3251 dpitch=1024 doff=0 clip 980,746-1020,764 compat=0
[M8T] OUT2 e2e8=0084
[M8T] OUT2 e2e8=0000
[M8T] OUT2 86e8=03eb
[M8T] OUT2 82e8=02ef
[M8B] start cur=1003,751 dyend=760 dpc=3251 dpitch=1024 doff=0 clip 980,746-1020,764 compat=0
[M8T] OUT2 e2e8=6374
[M8T] OUT2 e2e8=c618
[M8T] IN2 9aee=0000
[M8T] OUT2 e2e8=7031
[M8T] OUT2 e2e8=0000
[M8T] OUT2 86e8=03f1
[M8T] OUT2 82e8=02ef
[M8B] start cur=1009,751 dyend=760 dpc=3251 dpitch=1024 doff=0 clip 980,746-1020,764 compat=0
[M8T] OUT2 e2e8=6374
[M8T] OUT2 e2e8=c618
[M8T] OUT2 e2e8=7031
[M8T] OUT2 e2e8=0000
[M8T] IN2 9aee=8000
[M8T] IN2 9aee=0000
[M8T] OUT2 daee=0000
[M8T] OUT2 deee=0000
[M8T] OUT2 e2ee=05ff
[M8T] OUT2 e6ee=05ff
  MODELBYTE read by [0028:C0234B9E] pm=1 v86=0 cpl=0
[M8T] IN2 9aee=f000
[M8T] IN2 9aee=0000
[M8T] OUT2 daee=0000
[M8T] OUT2 deee=0000
[M8T] OUT2 e2ee=03ff
[M8T] OUT2 e6ee=02ff
[M8T] IN2 9aee=fc00
[M8T] IN2 9aee=0000
[M8T] OUT2 8ee8=0010
[M8T] OUT2 8ae8=0300
[M8T] OUT2 86e8=0200
[M8T] OUT2 82e8=0180
[M8B] start cur=512,384 dyend=416 dpc=6211 dpitch=1024 doff=0 clip 0,0-1023,767 compat=0
[M8B] end cur=512,416
[M8T] OUT2 e2ee=05ff
[M8T] OUT2 e6ee=05ff
[M8T] IN2 9aee=c000
[M8T] IN2 9aee=0000
[M8T] IN2 9aee=e000
[M8T] IN2 9aee=0000
[M8T] OUT2 86e8=0010
[M8T] OUT2 82e8=0301
[M8B] start cur=16,769 dyend=770 dpc=3251 dpitch=1024 doff=0 clip 0,0-1535,1535 compat=0
[M8T] IN2 9aee=0000
[M8T] OUT2 e2e8=ff7f
[M8T] OUT2 e2e8=ffff
[M8T] OUT2 e2e8=ff3f
[M8T] OUT2 e2e8=ffff
[M8T] OUT2 e2e8=ff1f
[M8T] OUT2 e2e8=ffff
[M8T] OUT2 e2e8=ff0f
[M8T] OUT2 e2e8=ffff
[M8T] OUT2 e2e8=ff07
[M8T] OUT2 e2e8=ffff
[M8T] OUT2 e2e8=ff03
[M8T] OUT2 e2e8=ffff
[M8T] OUT2 e2e8=ff01
[M8T] OUT2 e2e8=ffff
[M8T] OUT2 e2e8=ff00
[M8T] OUT2 e2e8=ffff
[M8T] OUT2 e2e8=7f00
[M8T] OUT2 e2e8=ffff
[M8T] OUT2 e2e8=3f00
[M8T] OUT2 e2e8=ffff
[M8T] OUT2 e2e8=1f00
[M8T] OUT2 e2e8=ffff
[M8T] OUT2 e2e8=ff01
[M8T] OUT2 e2e8=ffff
[M8T] OUT2 e2e8=ff10
[M8T] OUT2 e2e8=ffff
[M8T] OUT2 e2e8=ff30
[M8T] OUT2 e2e8=ffff
[M8T] OUT2 e2e8=7f78
[M8T] OUT2 e2e8=ffff
[M8T] OUT2 e2e8=7ff8
[M8T] OUT2 e2e8=ffff
[M8T] OUT2 e2e8=3ffc
[M8T] OUT2 e2e8=ffff
[M8T] OUT2 e2e8=3ffc
[M8T] OUT2 e2e8=ffff
[M8T] OUT2 e2e8=7ffe
[M8T] OUT2 e2e8=ffff
*** 25 repeats ***
[M8T] IN2 9aee=0000
[M8T] OUT2 86e8=0000
[M8T] OUT2 82e8=0302
[M8T] OUT2 caee=0010
[M8X] scan cur=0,770 to=16 compat=0 dpc=3251 dp_compat=0 frgd_sel=1 bkgd_sel=0 mono=2 fmix=02 cmd_back=0 pixw=1 pitch=1024 off=0 dstp=1024
[M8T] IN2 9aee=0000
[M8T] OUT2 e2e8=ffff
[M8T] IN2 9aee=0000
[M8T] OUT2 86e8=0010
[M8T] OUT2 82e8=0301
[M8B] start cur=16,769 dyend=770 dpc=3251 dpitch=1024 doff=0 clip 0,0-1535,1535 compat=0
[M8T] IN2 9aee=0000
[M8T] OUT2 e2e8=0000
*** 3 repeats ***
[M8T] OUT2 e2e8=0040
[M8T] OUT2 e2e8=0000
[M8T] OUT2 e2e8=0060
[M8T] OUT2 e2e8=0000
[M8T] OUT2 e2e8=0070
[M8T] OUT2 e2e8=0000
[M8T] OUT2 e2e8=0078
[M8T] OUT2 e2e8=0000
[M8T] OUT2 e2e8=007c
[M8T] OUT2 e2e8=0000
[M8T] OUT2 e2e8=007e
[M8T] OUT2 e2e8=0000
[M8T] OUT2 e2e8=007f
[M8T] OUT2 e2e8=0000
[M8T] OUT2 e2e8=807f
[M8T] OUT2 e2e8=0000
[M8T] OUT2 e2e8=007c
[M8T] OUT2 e2e8=0000
[M8T] OUT2 e2e8=006c
[M8T] OUT2 e2e8=0000
[M8T] OUT2 e2e8=0046
[M8T] OUT2 e2e8=0000
[M8T] OUT2 e2e8=0006
[M8T] OUT2 e2e8=0000
[M8T] OUT2 e2e8=0003
[M8T] OUT2 e2e8=0000
[M8T] OUT2 e2e8=0003
[M8T] OUT2 e2e8=0000
[M8T] OUT2 e2e8=8001
[M8T] OUT2 e2e8=0000
[M8T] OUT2 e2e8=8001
[M8T] OUT2 e2e8=0000
*** 27 repeats ***
[M8T] IN2 9aee=0000
[M8T] OUT2 86e8=0000
[M8T] OUT2 82e8=0302
[M8T] OUT2 caee=0010
[M8X] scan cur=0,770 to=16 compat=0 dpc=3251 dp_compat=0 frgd_sel=1 bkgd_sel=0 mono=2 fmix=02 cmd_back=0 pixw=1 pitch=1024 off=0 dstp=1024
[M8T] IN2 9aee=0000
[M8T] OUT2 e2e8=0000
[M8T] IN2 9aee=0000
[M8T] IN2 9aee=8000
[M8T] IN2 9aee=0000
[M8T] OUT2 8ee8=0200
[M8T] OUT2 8ae8=0180
[M8T] IN2 9aee=fe00
[M8T] IN2 9aee=0000
[M8T] OUT2 86e8=0010
[M8T] OUT2 82e8=0300
[M8B] start cur=16,768 dyend=769 dpc=6211 dpitch=1024 doff=0 clip 0,0-1535,1535 compat=0
[M8B] end cur=0,769
[M8T] IN2 9aee=0000
[M8T] OUT2 8ae8=019f
[M8T] OUT2 8ee8=0210
[M8T] IN2 9aee=f000
[M8T] IN2 9aee=0000
[M8T] OUT2 86e8=0000
[M8T] OUT2 82e8=0301
[M8T] OUT2 caee=0010
[M8X] scan cur=0,769 to=16 compat=0 dpc=6211 dp_compat=0 frgd_sel=3 bkgd_sel=0 mono=0 fmix=07 cmd_back=1 pixw=1 pitch=1024 off=0 dstp=1024
[M8Y] count=-1 width=16 dx=0 dy=769 dest=0c0400 clip l=0 t=0 r=1535 b=1535 cmp=0 fc=00000000 wm=000000ff
[M8T] IN2 9aee=0000
[M8T] OUT2 daee=0000
[M8T] OUT2 deee=0000
[M8T] OUT2 e2ee=03ff
[M8T] OUT2 e6ee=02ff
[M8T] OUT2 a6e8=ffff
[M8T] IN2 9aee=ff00
[M8T] IN2 9aee=0000
[M8T] OUT2 8ae8=0301
[M8T] OUT2 8ee8=0010
[M8T] OUT2 82e8=0180
[M8T] OUT2 86e8=0200
[M8B] start cur=512,384 dyend=416 dpc=2071 dpitch=1024 doff=0 clip 0,0-1023,767 compat=0
[M8T] IN2 9aee=0000
[M8T] OUT2 8ae8=0301
[M8T] OUT2 8ee8=0010
[M8T] OUT2 82e8=0180
[M8T] OUT2 86e8=0200
[M8B] start cur=512,384 dyend=416 dpc=2071 dpitch=1024 doff=0 clip 0,0-1023,767 compat=0
[M8T] OUT2 e2ee=05ff
[M8T] OUT2 e6ee=05ff
[M8T] IN2 9aee=c000
[M8T] IN2 9aee=0000
[M8T] OUT2 a6e8=0707
[M8T] OUT2 86e8=03bc
[M8T] OUT2 82e8=02e8
[M8B] start cur=956,744 dyend=766 dpc=2211 dpitch=1024 doff=0 clip 0,0-1535,1535 compat=0
[M8B] end cur=956,766
[M8T] IN2 9aee=0000
[M8T] OUT2 8ee8=03d3
[M8T] OUT2 86e8=03c1
[M8T] OUT2 8ae8=02e9
[M8T] OUT2 82e8=02e9
[M8B] start cur=961,745 dyend=765 dpc=6211 dpitch=1024 doff=0 clip 0,0-1535,1535 compat=0
[M8B] end cur=961,765
[M8T] IN2 9aee=0000
[M8T] OUT2 a6e8=ffff
[M8T] OUT2 86e8=03fd
[M8T] OUT2 82e8=02e8
[M8B] start cur=1021,744 dyend=745 dpc=2211 dpitch=1024 doff=0 clip 0,0-1535,1535 compat=0
[M8B] end cur=1021,745
[M8T] IN2 9aee=0000
[M8T] OUT2 a6e8=ffff
[M8T] OUT2 86e8=03fd
[M8T] OUT2 82e8=02e9
[M8B] start cur=1021,745 dyend=746 dpc=2211 dpitch=1024 doff=0 clip 0,0-1535,1535 compat=0
[M8B] end cur=1021,746
[M8T] IN2 9aee=0000
[M8T] OUT2 a6e8=ffff
[M8T] OUT2 86e8=03fd
[M8T] OUT2 82e8=02ea
[M8B] start cur=1021,746 dyend=765 dpc=2211 dpitch=1024 doff=0 clip 0,0-1535,1535 compat=0
[M8B] end cur=1021,765
[M8T] IN2 9aee=0000
[M8T] OUT2 a6e8=ffff
[M8T] OUT2 86e8=03fd
[M8T] OUT2 82e8=02fd
[M8B] start cur=1021,765 dyend=766 dpc=2211 dpitch=1024 doff=0 clip 0,0-1535,1535 compat=0
[M8B] end cur=1021,766
[M8T] IN2 9aee=0000
[M8T] OUT2 a6e8=ffff
[M8T] OUT2 86e8=03c0
[M8T] OUT2 82e8=02fd
[M8B] start cur=960,765 dyend=766 dpc=2211 dpitch=1024 doff=0 clip 0,0-1535,1535 compat=0
[M8B] end cur=960,766
[M8T] IN2 9aee=0000
[M8T] OUT2 a6e8=f8f8
[M8T] OUT2 86e8=03c0
[M8T] OUT2 82e8=02e8
[M8B] start cur=960,744 dyend=745 dpc=2211 dpitch=1024 doff=0 clip 0,0-1535,1535 compat=0
[M8B] end cur=960,745
[M8T] IN2 9aee=0000
[M8T] OUT2 a6e8=f8f8
[M8T] OUT2 86e8=03c0
[M8T] OUT2 82e8=02e9
[M8B] start cur=960,745 dyend=746 dpc=2211 dpitch=1024 doff=0 clip 0,0-1535,1535 compat=0
[M8B] end cur=960,746
[M8T] IN2 9aee=0000
[M8T] OUT2 a6e8=f8f8
[M8T] OUT2 86e8=03c0
[M8T] OUT2 82e8=02ea
[M8B] start cur=960,746 dyend=765 dpc=2211 dpitch=1024 doff=0 clip 0,0-1535,1535 compat=0
[M8B] end cur=960,765
[M8T] IN2 9aee=0000
[M8T] OUT2 a6e8=f8f8
[M8T] OUT2 86e8=03c1
[M8T] OUT2 82e8=02e8
[M8B] start cur=961,744 dyend=745 dpc=2211 dpitch=1024 doff=0 clip 0,0-1535,1535 compat=0
[M8B] end cur=961,745
[M8T] IN2 9aee=0000
[M8T] OUT2 a6e8=0707
[M8T] OUT2 86e8=03eb
[M8T] OUT2 82e8=02e9
[M8B] start cur=1003,745 dyend=746 dpc=2211 dpitch=1024 doff=0 clip 0,0-1535,1535 compat=0
[M8B] end cur=1003,746
[M8T] IN2 9aee=0000
[M8T] OUT2 a6e8=0707
[M8T] OUT2 86e8=03ec
[M8T] OUT2 82e8=02ea
[M8B] start cur=1004,746 dyend=765 dpc=2211 dpitch=1024 doff=0 clip 0,0-1535,1535 compat=0
[M8B] end cur=1004,765
[M8T] IN2 9aee=0000
[M8T] OUT2 a6e8=0707
[M8T] OUT2 86e8=03eb
[M8T] OUT2 82e8=02ea
[M8B] start cur=1003,746 dyend=765 dpc=2211 dpitch=1024 doff=0 clip 0,0-1535,1535 compat=0
[M8B] end cur=1003,765
[M8T] IN2 9aee=0000
[M8T] OUT2 8ee8=03eb
[M8T] OUT2 86e8=03fd
[M8T] OUT2 8ae8=02ea
[M8T] OUT2 82e8=02ea
[M8B] start cur=1021,746 dyend=765 dpc=6211 dpitch=1024 doff=0 clip 0,0-1535,1535 compat=0
[M8B] end cur=1020,765
[M8T] IN2 9aee=0000
[M8T] OUT2 a6e8=0707
[M8T] OUT2 86e8=03c1
[M8T] OUT2 82e8=02e9
[M8B] start cur=961,745 dyend=746 dpc=2211 dpitch=1024 doff=0 clip 0,0-1535,1535 compat=0
[M8B] end cur=961,746
[M8T] IN2 9aee=0000
[M8T] OUT2 a6e8=0707
[M8T] OUT2 86e8=03c1
[M8T] OUT2 82e8=02ea
[M8B] start cur=961,746 dyend=765 dpc=2211 dpitch=1024 doff=0 clip 0,0-1535,1535 compat=0
[M8B] end cur=961,765
[M8T] IN2 9aee=0000
[M8T] OUT2 daee=0000
[M8T] OUT2 deee=0000
[M8T] OUT2 e2ee=03ff
[M8T] OUT2 e6ee=02ff
[M8T] IN2 9aee=fc00
[M8T] IN2 9aee=0000
[M8T] OUT2 8ee8=0010
[M8T] OUT2 8ae8=0300
[M8T] OUT2 86e8=0200
[M8T] OUT2 82e8=0180
[M8B] start cur=512,384 dyend=416 dpc=6211 dpitch=1024 doff=0 clip 0,0-1023,767 compat=0
[M8B] end cur=512,416
[M8T] OUT2 e2ee=05ff
[M8T] OUT2 e6ee=05ff
[M8T] IN2 9aee=c000
[M8T] IN2 9aee=0000
[M8T] IN2 9aee=e000
[M8T] IN2 9aee=0000
[M8T] OUT2 86e8=0010
[M8T] OUT2 82e8=0301
[M8B] start cur=16,769 dyend=770 dpc=3251 dpitch=1024 doff=0 clip 0,0-1535,1535 compat=0
[M8T] IN2 9aee=0000
[M8T] OUT2 e2e8=ffff
*** 11 repeats ***
[M8T] OUT2 e2e8=c0ff
[M8T] OUT2 e2e8=ff01
[M8T] OUT2 e2e8=c0ff
[M8T] OUT2 e2e8=ff01
[M8T] OUT2 e2e8=c0ff
[M8T] OUT2 e2e8=ff01
[M8T] OUT2 e2e8=e0ff
[M8T] OUT2 e2e8=ff03
[M8T] OUT2 e2e8=e0ff
[M8T] OUT2 e2e8=ff03
[M8T] OUT2 e2e8=e0ff
[M8T] OUT2 e2e8=ff03
[M8T] OUT2 e2e8=e0ff
[M8T] OUT2 e2e8=ff03
[M8T] OUT2 e2e8=e0ff
[M8T] OUT2 e2e8=ff03
[M8T] OUT2 e2e8=f0ff
[M8T] OUT2 e2e8=ff07
[M8T] OUT2 e2e8=f8ff
[M8T] OUT2 e2e8=ff0f
[M8T] OUT2 e2e8=fcff
[M8T] OUT2 e2e8=ff1f
[M8T] OUT2 e2e8=fcff
[M8T] OUT2 e2e8=ff1f
[M8T] OUT2 e2e8=f8ff
[M8T] OUT2 e2e8=ff0f
[M8T] OUT2 e2e8=f0ff
[M8T] OUT2 e2e8=ff07
[M8T] OUT2 e2e8=e0ff
[M8T] OUT2 e2e8=ff03
[M8T] OUT2 e2e8=e0ff
[M8T] OUT2 e2e8=ff03
[M8T] OUT2 e2e8=e0ff
[M8T] OUT2 e2e8=ff03
[M8T] OUT2 e2e8=e0ff
[M8T] OUT2 e2e8=ff03
[M8T] OUT2 e2e8=e0ff
[M8T] OUT2 e2e8=ff03
[M8T] OUT2 e2e8=c0ff
[M8T] OUT2 e2e8=ff01
[M8T] OUT2 e2e8=c0ff
[M8T] OUT2 e2e8=ff01
[M8T] OUT2 e2e8=c0ff
[M8T] OUT2 e2e8=ff01
[M8T] OUT2 e2e8=ffff
*** 6 repeats ***
[M8T] IN2 9aee=0000
[M8T] OUT2 86e8=0000
[M8T] OUT2 82e8=0302
[M8T] OUT2 caee=0010
[M8X] scan cur=0,770 to=16 compat=0 dpc=3251 dp_compat=0 frgd_sel=1 bkgd_sel=0 mono=2 fmix=02 cmd_back=0 pixw=1 pitch=1024 off=0 dstp=1024
[M8T] IN2 9aee=0000
[M8T] OUT2 e2e8=ffff
[M8T] IN2 9aee=0000
[M8T] OUT2 86e8=0010
[M8T] OUT2 82e8=0301
[M8B] start cur=16,769 dyend=770 dpc=3251 dpitch=1024 doff=0 clip 0,0-1535,1535 compat=0
[M8T] IN2 9aee=0000
[M8T] OUT2 e2e8=0000
*** 13 repeats ***
[M8T] OUT2 e2e8=0f00
[M8T] OUT2 e2e8=00f8
[M8T] OUT2 e2e8=0000
*** 1 repeats ***
[M8T] OUT2 e2e8=0f00
[M8T] OUT2 e2e8=00f8
[M8T] OUT2 e2e8=0f00
[M8T] OUT2 e2e8=00f8
[M8T] OUT2 e2e8=0d00
[M8T] OUT2 e2e8=0058
[M8T] OUT2 e2e8=0e00
[M8T] OUT2 e2e8=00b8
[M8T] OUT2 e2e8=0700
[M8T] OUT2 e2e8=0070
[M8T] OUT2 e2e8=0300
[M8T] OUT2 e2e8=00e0
[M8T] OUT2 e2e8=0100
[M8T] OUT2 e2e8=0040
[M8T] OUT2 e2e8=0000
[M8T] OUT2 e2e8=0080
[M8T] OUT2 e2e8=0000
[M8T] OUT2 e2e8=0080
[M8T] OUT2 e2e8=0100
[M8T] OUT2 e2e8=00c0
[M8T] OUT2 e2e8=0300
[M8T] OUT2 e2e8=0060
[M8T] OUT2 e2e8=0700
[M8T] OUT2 e2e8=00f0
[M8T] OUT2 e2e8=0f00
[M8T] OUT2 e2e8=0078
[M8T] OUT2 e2e8=0e00
[M8T] OUT2 e2e8=00b8
[M8T] OUT2 e2e8=0d00
[M8T] OUT2 e2e8=0058
[M8T] OUT2 e2e8=0a00
[M8T] OUT2 e2e8=00a8
[M8T] OUT2 e2e8=0000
*** 1 repeats ***
[M8T] OUT2 e2e8=0f00
[M8T] OUT2 e2e8=00f8
[M8T] OUT2 e2e8=0000
*** 8 repeats ***
[M8T] IN2 9aee=0000
[M8T] OUT2 86e8=0000
[M8T] OUT2 82e8=0302
[M8T] OUT2 caee=0010
[M8X] scan cur=0,770 to=16 compat=0 dpc=3251 dp_compat=0 frgd_sel=1 bkgd_sel=0 mono=2 fmix=02 cmd_back=0 pixw=1 pitch=1024 off=0 dstp=1024
[M8T] IN2 9aee=0000
[M8T] OUT2 e2e8=0000
[M8T] IN2 9aee=0000
[M8T] IN2 9aee=8000
[M8T] IN2 9aee=0000
[M8T] OUT2 8ee8=01f0
[M8T] OUT2 8ae8=0170
[M8T] IN2 9aee=fe00
[M8T] IN2 9aee=0000
[M8T] OUT2 86e8=0010
[M8T] OUT2 82e8=0300
[M8B] start cur=16,768 dyend=769 dpc=6211 dpitch=1024 doff=0 clip 0,0-1535,1535 compat=0
[M8B] end cur=0,769
[M8T] IN2 9aee=0000
[M8T] OUT2 8ae8=018f
[M8T] OUT2 8ee8=0200
[M8T] IN2 9aee=f000
[M8T] IN2 9aee=0000
[M8T] OUT2 86e8=0000
[M8T] OUT2 82e8=0301
[M8T] OUT2 caee=0010
[M8X] scan cur=0,769 to=16 compat=0 dpc=6211 dp_compat=0 frgd_sel=3 bkgd_sel=0 mono=0 fmix=07 cmd_back=1 pixw=1 pitch=1024 off=0 dstp=1024
[M8Y] count=-1 width=16 dx=0 dy=769 dest=0c0400 clip l=0 t=0 r=1535 b=1535 cmp=0 fc=00000007 wm=000000ff
[M8T] IN2 9aee=0000
[M8T] OUT2 daee=0000
[M8T] OUT2 deee=0000
[M8T] OUT2 e2ee=03ff
[M8T] OUT2 e6ee=02ff
[M8T] OUT2 a6e8=ffff
[M8T] IN2 9aee=ff00
[M8T] IN2 9aee=0000
[M8T] OUT2 8ae8=0301
[M8T] OUT2 8ee8=0010
[M8T] OUT2 82e8=0170
[M8T] OUT2 86e8=01f0
[M8B] start cur=496,368 dyend=400 dpc=2071 dpitch=1024 doff=0 clip 0,0-1023,767 compat=0
[M8T] IN2 9aee=0000
[M8T] OUT2 8ae8=0301
[M8T] OUT2 8ee8=0010
[M8T] OUT2 82e8=0170
[M8T] OUT2 86e8=01f0
[M8B] start cur=496,368 dyend=400 dpc=2071 dpitch=1024 doff=0 clip 0,0-1023,767 compat=0
[M8T] OUT2 e2ee=05ff
[M8T] OUT2 e6ee=05ff
[M8T] IN2 9aee=c000
[M8T] IN2 9aee=0000
[M8T] OUT2 a6e8=ffff
[M8T] OUT2 86e8=0032
[M8T] OUT2 82e8=004a
[M8B] start cur=50,74 dyend=89 dpc=2211 dpitch=1024 doff=0 clip 0,0-1535,1535 compat=0
[M8B] end cur=50,89
[M8T] IN2 9aee=0000
[M8T] OUT2 a6e8=ffff
[M8T] OUT2 86e8=0033
[M8T] OUT2 82e8=004b
[M8B] start cur=51,75 dyend=88 dpc=2211 dpitch=1024 doff=0 clip 0,0-1535,1535 compat=0
[M8B] end cur=51,88
[M8T] IN2 9aee=0000
[M8T] OUT2 daee=003c
[M8T] OUT2 deee=004b
[M8T] OUT2 e2ee=0078
[M8T] OUT2 e6ee=0057
[M8T] IN2 9aee=f000
[M8T] IN2 9aee=0000
[M8T] OUT2 a6e8=ffff
[M8T] IN2 9aee=e000
[M8T] IN2 9aee=0000
[M8T] OUT2 86e8=0047
[M8T] OUT2 82e8=004b
[M8B] start cur=71,75 dyend=88 dpc=2211 dpitch=1024 doff=0 clip 60,75-120,87 compat=0
[M8B] end cur=71,88
[M8T] IN2 9aee=0000
[M8T] OUT2 a6e8=0000
[M8T] IN2 9aee=f800
[M8T] IN2 9aee=0000
[M8T] OUT2 86e8=0047
[M8T] OUT2 82e8=004d
[M8B] start cur=71,77 dyend=86 dpc=3251 dpitch=1024 doff=0 clip 60,75-120,87 compat=0
[M8T] OUT2 e2e8=2010
[M8T] OUT2 e2e8=44a1
[M8T] OUT2 e2e8=9f48
[M8T] OUT2 e2e8=8241
[M8T] OUT2 86e8=004f
[M8T] OUT2 82e8=0050
[M8B] start cur=79,80 dyend=86 dpc=3251 dpitch=1024 doff=0 clip 60,75-120,87 compat=0
[M8T] OUT2 e2e8=638c
[M8T] OUT2 e2e8=b419
[M8T] IN2 9aee=0000
[M8T] OUT2 86e8=0055
[M8T] OUT2 82e8=004e
[M8B] start cur=85,78 dyend=86 dpc=3251 dpitch=1024 doff=0 clip 60,75-120,87 compat=0
[M8T] OUT2 e2e8=a9ae
[M8T] OUT2 e2e8=0000
[M8T] OUT2 86e8=0058
[M8T] OUT2 82e8=0050
[M8B] start cur=88,80 dyend=86 dpc=3251 dpitch=1024 doff=0 clip 60,75-120,87 compat=0
[M8T] OUT2 e2e8=6374
[M8T] OUT2 e2e8=b818
[M8T] IN2 9aee=0000
[M8T] OUT2 daee=0000
[M8T] OUT2 deee=0000
[M8T] OUT2 e2ee=05ff
[M8T] OUT2 e6ee=05ff
[M8T] IN2 9aee=f000
[M8T] IN2 9aee=0000
[M8T] OUT2 a6e8=ffff
[M8T] OUT2 86e8=02b3
[M8T] OUT2 82e8=005f
[M8B] start cur=691,95 dyend=399 dpc=2211 dpitch=1024 doff=0 clip 0,0-1535,1535 compat=0
[M8B] end cur=691,399
[M8T] IN2 9aee=0000
[M8T] OUT2 daee=0000
[M8T] OUT2 deee=0000
[M8T] OUT2 e2ee=03ff
[M8T] OUT2 e6ee=02ff
[M8T] IN2 9aee=fc00
[M8T] IN2 9aee=0000
[M8T] OUT2 8ee8=0010
[M8T] OUT2 8ae8=0300
[M8T] OUT2 86e8=01f0
[M8T] OUT2 82e8=0170
[M8B] start cur=496,368 dyend=400 dpc=6211 dpitch=1024 doff=0 clip 0,0-1023,767 compat=0
[M8B] end cur=496,400
[M8T] OUT2 e2ee=05ff
[M8T] OUT2 e6ee=05ff
[M8T] IN2 9aee=c000
[M8T] IN2 9aee=0000
[M8T] OUT2 a6e8=ffff
[M8T] OUT2 86e8=0030
[M8T] OUT2 82e8=018e
[M8B] start cur=48,398 dyend=399 dpc=2211 dpitch=1024 doff=0 clip 0,0-1535,1535 compat=0
[M8B] end cur=48,399
[M8T] IN2 9aee=0000
[M8T] OUT2 a6e8=f8f8
[M8T] OUT2 86e8=0030
[M8T] OUT2 82e8=005f
[M8B] start cur=48,95 dyend=398 dpc=2211 dpitch=1024 doff=0 clip 0,0-1535,1535 compat=0
[M8B] end cur=48,398
[M8T] IN2 9aee=0000
[M8T] OUT2 a6e8=f8f8
[M8T] OUT2 86e8=0031
[M8T] OUT2 82e8=005f
[M8B] start cur=49,95 dyend=96 dpc=2211 dpitch=1024 doff=0 clip 0,0-1535,1535 compat=0
[M8B] end cur=49,96
[M8T] IN2 9aee=0000
[M8T] OUT2 a6e8=0707
[M8T] OUT2 86e8=02b2
[M8T] OUT2 82e8=0060
[M8B] start cur=690,96 dyend=398 dpc=2211 dpitch=1024 doff=0 clip 0,0-1535,1535 compat=0
[M8B] end cur=690,398
[M8T] IN2 9aee=0000
[M8T] OUT2 a6e8=0707
[M8T] OUT2 86e8=0031
[M8T] OUT2 82e8=018d
[M8B] start cur=49,397 dyend=398 dpc=2211 dpitch=1024 doff=0 clip 0,0-1535,1535 compat=0
[M8B] end cur=49,398
[M8T] IN2 9aee=0000
[M8T] OUT2 a6e8=0000
[M8T] OUT2 86e8=0031
[M8T] OUT2 82e8=0060
[M8B] start cur=49,96 dyend=397 dpc=2211 dpitch=1024 doff=0 clip 0,0-1535,1535 compat=0
[M8B] end cur=49,397
[M8T] IN2 9aee=0000
[M8T] OUT2 a6e8=0000
[M8T] OUT2 86e8=0032
[M8T] OUT2 82e8=0060
[M8B] start cur=50,96 dyend=97 dpc=2211 dpitch=1024 doff=0 clip 0,0-1535,1535 compat=0
[M8B] end cur=50,97
[M8T] IN2 9aee=0000
[M8T] OUT2 a6e8=0000
[M8T] OUT2 86e8=0032
[M8T] OUT2 82e8=0061
[M8B] start cur=50,97 dyend=397 dpc=2211 dpitch=1024 doff=0 clip 0,0-1535,1535 compat=0
[M8B] end cur=50,397
[M8T] IN2 9aee=0000
[M8T] OUT2 a6e8=ffff
[M8T] OUT2 86e8=0032
[M8T] OUT2 82e8=006b
[M8B] start cur=50,107 dyend=109 dpc=2211 dpitch=1024 doff=0 clip 0,0-1535,1535 compat=0
[M8B] end cur=50,109
[M8T] IN2 9aee=0000
[M8T] OUT2 a6e8=0707
[M8T] OUT2 86e8=0030
[M8T] OUT2 82e8=0042
[M8B] start cur=48,66 dyend=67 dpc=2211 dpitch=1024 doff=0 clip 0,0-1535,1535 compat=0
[M8B] end cur=48,67
[M8T] IN2 9aee=0000
[M8T] IN2 9ae8=0000
[M8T] OUT2 daee=027e
[M8T] OUT2 e2ee=02b3
[M8T] OUT2 86e8=027e
[M8T] OUT2 82e8=0030
[M8B] start cur=638,48 dyend=66 dpc=5211 dpitch=1024 doff=0 clip 638,0-691,1535 compat=0
[M8T] OUT2 e2e8=0404
*** 54 repeats ***
[M8T] OUT2 e2e8=ffff
*** 6 repeats ***
[M8T] OUT2 e2e8=00ff
[M8T] OUT2 e2e8=ffff
*** 6 repeats ***
[M8T] OUT2 e2e8=00ff
[M8T] OUT2 e2e8=0404
[M8T] OUT2 e2e8=ffff
*** 6 repeats ***
[M8T] OUT2 e2e8=00ff
[M8T] OUT2 e2e8=0404
*** 1 repeats ***
[M8T] OUT2 e2e8=07ff
[M8T] OUT2 e2e8=0707
*** 5 repeats ***
[M8T] OUT2 e2e8=00f8
[M8T] OUT2 e2e8=07ff
[M8T] OUT2 e2e8=0707
*** 5 repeats ***
[M8T] OUT2 e2e8=00f8
[M8T] OUT2 e2e8=0404
[M8T] OUT2 e2e8=07ff
[M8T] OUT2 e2e8=0707
*** 5 repeats ***
[M8T] OUT2 e2e8=00f8
[M8T] OUT2 e2e8=0404
*** 1 repeats ***
[M8T] OUT2 e2e8=07ff
[M8T] OUT2 e2e8=0707
*** 5 repeats ***
[M8T] OUT2 e2e8=00f8
[M8T] OUT2 e2e8=07ff
[M8T] OUT2 e2e8=0007
[M8T] OUT2 e2e8=0000
*** 3 repeats ***
[M8T] OUT2 e2e8=0707
[M8T] OUT2 e2e8=00f8
[M8T] OUT2 e2e8=0404
[M8T] OUT2 e2e8=07ff
[M8T] OUT2 e2e8=0707
*** 5 repeats ***
[M8T] OUT2 e2e8=00f8
[M8T] OUT2 e2e8=0404
*** 1 repeats ***
[M8T] OUT2 e2e8=07ff
[M8T] OUT2 e2e8=0707
*** 5 repeats ***
[M8T] OUT2 e2e8=00f8
[M8T] OUT2 e2e8=07ff
[M8T] OUT2 e2e8=0007
[M8T] OUT2 e2e8=0000
*** 3 repeats ***
[M8T] OUT2 e2e8=0707
[M8T] OUT2 e2e8=00f8
[M8T] OUT2 e2e8=0404
[M8T] OUT2 e2e8=07ff
[M8T] OUT2 e2e8=0707
[M8T] OUT2 e2e8=0000
[M8T] OUT2 e2e8=0707
*** 1 repeats ***
[M8T] OUT2 e2e8=0000
[M8T] OUT2 e2e8=0707
[M8T] OUT2 e2e8=00f8
[M8T] OUT2 e2e8=0404
*** 1 repeats ***
[M8T] OUT2 e2e8=07ff
[M8T] OUT2 e2e8=0707
*** 5 repeats ***
[M8T] OUT2 e2e8=00f8
[M8T] OUT2 e2e8=07ff
[M8T] OUT2 e2e8=0007
[M8T] OUT2 e2e8=0707
*** 2 repeats ***
[M8T] OUT2 e2e8=0007
[M8T] OUT2 e2e8=0707
[M8T] OUT2 e2e8=00f8
[M8T] OUT2 e2e8=0404
[M8T] OUT2 e2e8=07ff
[M8T] OUT2 e2e8=0707
[M8T] OUT2 e2e8=0007
[M8T] OUT2 e2e8=0700
[M8T] OUT2 e2e8=0007
[M8T] OUT2 e2e8=0700
[M8T] OUT2 e2e8=0707
[M8T] OUT2 e2e8=00f8
[M8T] OUT2 e2e8=0404
*** 1 repeats ***
[M8T] OUT2 e2e8=07ff
[M8T] OUT2 e2e8=0707
*** 5 repeats ***
[M8T] OUT2 e2e8=00f8
[M8T] OUT2 e2e8=07ff
[M8T] OUT2 e2e8=0007
[M8T] OUT2 e2e8=0707
*** 2 repeats ***
[M8T] OUT2 e2e8=0007
[M8T] OUT2 e2e8=0707
[M8T] OUT2 e2e8=00f8
[M8T] OUT2 e2e8=0404
[M8T] OUT2 e2e8=07ff
[M8T] OUT2 e2e8=0707
*** 1 repeats ***
[M8T] OUT2 e2e8=0000
*** 1 repeats ***
[M8T] OUT2 e2e8=0707
*** 1 repeats ***
[M8T] OUT2 e2e8=00f8
[M8T] OUT2 e2e8=0404
*** 1 repeats ***
[M8T] OUT2 e2e8=07ff
[M8T] OUT2 e2e8=0707
*** 5 repeats ***
[M8T] OUT2 e2e8=00f8
[M8T] OUT2 e2e8=07ff
[M8T] OUT2 e2e8=0007
[M8T] OUT2 e2e8=0707
*** 2 repeats ***
[M8T] OUT2 e2e8=0007
[M8T] OUT2 e2e8=0707
[M8T] OUT2 e2e8=00f8
[M8T] OUT2 e2e8=0404
[M8T] OUT2 e2e8=07ff
[M8T] OUT2 e2e8=0707
*** 1 repeats ***
[M8T] OUT2 e2e8=0007
[M8T] OUT2 e2e8=0700
[M8T] OUT2 e2e8=0707
*** 1 repeats ***
[M8T] OUT2 e2e8=00f8
[M8T] OUT2 e2e8=0404
*** 1 repeats ***
[M8T] OUT2 e2e8=07ff
[M8T] OUT2 e2e8=0707
*** 5 repeats ***
[M8T] OUT2 e2e8=00f8
[M8T] OUT2 e2e8=07ff
[M8T] OUT2 e2e8=0007
[M8T] OUT2 e2e8=0707
*** 2 repeats ***
[M8T] OUT2 e2e8=0007
[M8T] OUT2 e2e8=0707
[M8T] OUT2 e2e8=00f8
[M8T] OUT2 e2e8=0404
[M8T] OUT2 e2e8=07ff
[M8T] OUT2 e2e8=0707
*** 1 repeats ***
[M8T] OUT2 e2e8=0000
*** 1 repeats ***
[M8T] OUT2 e2e8=0707
*** 1 repeats ***
[M8T] OUT2 e2e8=00f8
[M8T] OUT2 e2e8=0404
*** 1 repeats ***
[M8T] OUT2 e2e8=07ff
[M8T] OUT2 e2e8=0707
*** 5 repeats ***
[M8T] OUT2 e2e8=00f8
[M8T] OUT2 e2e8=07ff
[M8T] OUT2 e2e8=0007
[M8T] OUT2 e2e8=0707
*** 2 repeats ***
[M8T] OUT2 e2e8=0007
[M8T] OUT2 e2e8=0707
[M8T] OUT2 e2e8=00f8
[M8T] OUT2 e2e8=0404
[M8T] OUT2 e2e8=07ff
[M8T] OUT2 e2e8=0707
[M8T] OUT2 e2e8=0007
[M8T] OUT2 e2e8=0700
[M8T] OUT2 e2e8=0007
[M8T] OUT2 e2e8=0700
[M8T] OUT2 e2e8=0707
[M8T] OUT2 e2e8=00f8
[M8T] OUT2 e2e8=0404
*** 1 repeats ***
[M8T] OUT2 e2e8=07ff
[M8T] OUT2 e2e8=0707
[M8T] OUT2 e2e8=0000
*** 2 repeats ***
[M8T] OUT2 e2e8=0707
*** 1 repeats ***
[M8T] OUT2 e2e8=00f8
[M8T] OUT2 e2e8=07ff
[M8T] OUT2 e2e8=0007
[M8T] OUT2 e2e8=0707
*** 2 repeats ***
[M8T] OUT2 e2e8=0007
[M8T] OUT2 e2e8=0707
[M8T] OUT2 e2e8=00f8
[M8T] OUT2 e2e8=0404
[M8T] OUT2 e2e8=07ff
[M8T] OUT2 e2e8=0707
[M8T] OUT2 e2e8=0000
[M8T] OUT2 e2e8=0707
*** 1 repeats ***
[M8T] OUT2 e2e8=0000
[M8T] OUT2 e2e8=0707
[M8T] OUT2 e2e8=00f8
[M8T] OUT2 e2e8=0404
*** 1 repeats ***
[M8T] OUT2 e2e8=07ff
[M8T] OUT2 e2e8=0707
[M8T] OUT2 e2e8=0000
*** 2 repeats ***
[M8T] OUT2 e2e8=0707
*** 1 repeats ***
[M8T] OUT2 e2e8=00f8
[M8T] OUT2 e2e8=07ff
[M8T] OUT2 e2e8=0007
[M8T] OUT2 e2e8=0000
*** 3 repeats ***
[M8T] OUT2 e2e8=0707
[M8T] OUT2 e2e8=00f8
[M8T] OUT2 e2e8=0404
[M8T] OUT2 e2e8=07ff
[M8T] OUT2 e2e8=0707
*** 5 repeats ***
[M8T] OUT2 e2e8=00f8
[M8T] OUT2 e2e8=0404
*** 1 repeats ***
[M8T] OUT2 e2e8=07ff
[M8T] OUT2 e2e8=0707
*** 5 repeats ***
[M8T] OUT2 e2e8=00f8
[M8T] OUT2 e2e8=07ff
[M8T] OUT2 e2e8=0707
*** 5 repeats ***
[M8T] OUT2 e2e8=00f8
[M8T] OUT2 e2e8=0404
[M8T] OUT2 e2e8=07ff
[M8T] OUT2 e2e8=0707
*** 5 repeats ***
[M8T] OUT2 e2e8=00f8
[M8T] OUT2 e2e8=0404
*** 1 repeats ***
[M8T] OUT2 e2e8=f8ff
[M8T] OUT2 e2e8=f8f8
*** 5 repeats ***
[M8T] OUT2 e2e8=00f8
[M8T] OUT2 e2e8=f8ff
[M8T] OUT2 e2e8=f8f8
*** 5 repeats ***
[M8T] OUT2 e2e8=00f8
[M8T] OUT2 e2e8=0404
[M8T] OUT2 e2e8=f8ff
[M8T] OUT2 e2e8=f8f8
*** 5 repeats ***
[M8T] OUT2 e2e8=00f8
[M8T] OUT2 e2e8=0404
*** 1 repeats ***
[M8T] OUT2 e2e8=0000
*** 15 repeats ***
[M8T] OUT2 e2e8=0404
[M8T] OUT2 e2e8=0000
*** 7 repeats ***
[M8T] OUT2 e2e8=0404
*** 54 repeats ***
[M8B] end cur=638,66
[M8T] IN2 9aee=0000
[M8T] OUT2 daee=0000
[M8T] OUT2 e2ee=05ff
[M8T] IN2 9aee=c000
[M8T] IN2 9aee=0000
[M8T] IN2 9ae8=0000
[M8T] OUT2 daee=0030
[M8T] OUT2 e2ee=0041
[M8T] OUT2 86e8=0030
[M8T] OUT2 82e8=0030
[M8B] start cur=48,48 dyend=66 dpc=5211 dpitch=1024 doff=0 clip 48,0-65,1535 compat=0
[M8T] OUT2 e2e8=0404
*** 9 repeats ***
[M8T] OUT2 e2e8=0004
[M8T] OUT2 e2e8=0000
[M8T] OUT2 e2e8=0404
[M8T] OUT2 e2e8=0000
*** 3 repeats ***
[M8T] OUT2 e2e8=0404
*** 1 repeats ***
[M8T] OUT2 e2e8=0004
[M8T] OUT2 e2e8=00f7
[M8T] OUT2 e2e8=0004
[M8T] OUT2 e2e8=f7f8
[M8T] OUT2 e2e8=0000
[M8T] OUT2 e2e8=00f8
[M8T] OUT2 e2e8=f700
[M8T] OUT2 e2e8=0400
[M8T] OUT2 e2e8=0404
[M8T] OUT2 e2e8=0004
[M8T] OUT2 e2e8=f8f8
[M8T] OUT2 e2e8=0000
[M8T] OUT2 e2e8=f7f7
[M8T] OUT2 e2e8=0000
*** 2 repeats ***
[M8T] OUT2 e2e8=0400
[M8T] OUT2 e2e8=0404
[M8T] OUT2 e2e8=0004
[M8T] OUT2 e2e8=f800
*** 1 repeats ***
[M8T] OUT2 e2e8=f700
[M8T] OUT2 e2e8=0000
*** 1 repeats ***
[M8T] OUT2 e2e8=00f8
[M8T] OUT2 e2e8=0404
*** 1 repeats ***
[M8T] OUT2 e2e8=0004
[M8T] OUT2 e2e8=0000
[M8T] OUT2 e2e8=f8f8
[M8T] OUT2 e2e8=f700
[M8T] OUT2 e2e8=0000
[M8T] OUT2 e2e8=0400
[M8T] OUT2 e2e8=f700
[M8T] OUT2 e2e8=0400
[M8T] OUT2 e2e8=0404
[M8T] OUT2 e2e8=0004
[M8T] OUT2 e2e8=0000
[M8T] OUT2 e2e8=00f8
[M8T] OUT2 e2e8=f700
[M8T] OUT2 e2e8=0000
[M8T] OUT2 e2e8=00f8
[M8T] OUT2 e2e8=f8f8
[M8T] OUT2 e2e8=0400
[M8T] OUT2 e2e8=0404
[M8T] OUT2 e2e8=0100
[M8T] OUT2 e2e8=0101
[M8T] OUT2 e2e8=0001
[M8T] OUT2 e2e8=0404
[M8T] OUT2 e2e8=0004
[M8T] OUT2 e2e8=0303
[M8T] OUT2 e2e8=0003
[M8T] OUT2 e2e8=0400
[M8T] OUT2 e2e8=0404
[M8T] OUT2 e2e8=f900
[M8T] OUT2 e2e8=f9f9
[M8T] OUT2 e2e8=0401
[M8T] OUT2 e2e8=fcfc
[M8T] OUT2 e2e8=0304
[M8T] OUT2 e2e8=fbfb
*** 1 repeats ***
[M8T] OUT2 e2e8=0003
[M8T] OUT2 e2e8=0404
[M8T] OUT2 e2e8=f900
[M8T] OUT2 e2e8=0101
[M8T] OUT2 e2e8=fc00
[M8T] OUT2 e2e8=0000
[M8T] OUT2 e2e8=fb00
[M8T] OUT2 e2e8=0400
[M8T] OUT2 e2e8=0300
[M8T] OUT2 e2e8=0003
[M8T] OUT2 e2e8=0404
[M8T] OUT2 e2e8=f900
[M8T] OUT2 e2e8=0001
[M8T] OUT2 e2e8=0404
[M8T] OUT2 e2e8=0101
[M8T] OUT2 e2e8=fb00
[M8T] OUT2 e2e8=fc00
[M8T] OUT2 e2e8=0000
[M8T] OUT2 e2e8=0400
[M8T] OUT2 e2e8=0404
[M8T] OUT2 e2e8=f900
[M8T] OUT2 e2e8=0401
[M8T] OUT2 e2e8=0404
[M8T] OUT2 e2e8=0101
[M8T] OUT2 e2e8=0004
[M8T] OUT2 e2e8=fc00
[M8T] OUT2 e2e8=0303
[M8T] OUT2 e2e8=0400
[M8T] OUT2 e2e8=0404
[M8T] OUT2 e2e8=f900
[M8T] OUT2 e2e8=0401
[M8T] OUT2 e2e8=0404
[M8T] OUT2 e2e8=0101
[M8T] OUT2 e2e8=0004
[M8T] OUT2 e2e8=fc00
[M8T] OUT2 e2e8=fb00
[M8T] OUT2 e2e8=00fb
[M8T] OUT2 e2e8=0404
[M8T] OUT2 e2e8=f900
[M8T] OUT2 e2e8=0001
[M8T] OUT2 e2e8=0100
[M8T] OUT2 e2e8=00f9
[M8T] OUT2 e2e8=fb00
[M8T] OUT2 e2e8=0003
[M8T] OUT2 e2e8=0300
[M8T] OUT2 e2e8=00fb
[M8T] OUT2 e2e8=0404
[M8T] OUT2 e2e8=f900
[M8T] OUT2 e2e8=f9f9
*** 1 repeats ***
[M8T] OUT2 e2e8=0400
[M8T] OUT2 e2e8=0304
[M8T] OUT2 e2e8=fbfb
*** 1 repeats ***
[M8T] OUT2 e2e8=0003
[M8T] OUT2 e2e8=0404
[M8T] OUT2 e2e8=f900
[M8T] OUT2 e2e8=0101
*** 1 repeats ***
[M8T] OUT2 e2e8=0400
[M8T] OUT2 e2e8=0004
[M8T] OUT2 e2e8=0303
*** 1 repeats ***
[M8T] OUT2 e2e8=0000
[M8T] OUT2 e2e8=0404
[M8T] OUT2 e2e8=0000
*** 6 repeats ***
[M8T] OUT2 e2e8=0400
[M8T] OUT2 e2e8=0404
*** 8 repeats ***
[M8B] end cur=48,66
[M8T] IN2 9aee=0000
[M8T] OUT2 daee=0000
[M8T] OUT2 e2ee=05ff
[M8T] IN2 9aee=c000
[M8T] IN2 9aee=0000
[M8T] OUT2 a6e8=0404
[M8T] OUT2 86e8=0042
[M8T] OUT2 82e8=0030
[M8B] start cur=66,48 dyend=66 dpc=2211 dpitch=1024 doff=0 clip 0,0-1535,1535 compat=0
[M8B] end cur=66,66
[M8T] IN2 9aee=0000
[M8T] OUT2 daee=0042
[M8T] OUT2 deee=0030
[M8T] OUT2 e2ee=027d
[M8T] OUT2 e6ee=0041
[M8T] IN2 9aee=f000
[M8T] IN2 9aee=0000
[M8T] OUT2 a6e8=0004
[M8T] IN2 9aee=e000
[M8T] IN2 9aee=0000
[M8T] OUT2 86e8=0044
[M8T] OUT2 82e8=0032
[M8B] start cur=68,50 dyend=63 dpc=2211 dpitch=1024 doff=0 clip 66,48-637,65 compat=0
[M8B] end cur=68,63
[M8T] IN2 9aee=0000
[M8T] OUT2 a6e8=ffff
[M8T] IN2 9aee=f800
[M8T] IN2 9aee=0000
[M8T] OUT2 daee=0000
[M8T] OUT2 deee=0000
[M8T] OUT2 e2ee=05ff
[M8T] OUT2 e6ee=05ff
[M8T] IN2 9aee=f000
[M8T] IN2 9aee=0000
[M8T] OUT2 daee=0042
[M8T] OUT2 deee=0030
[M8T] OUT2 e2ee=027d
[M8T] OUT2 e6ee=0041
[M8T] IN2 9aee=f000
[M8T] IN2 9aee=0000
[M8T] OUT2 a6e8=0004
[M8T] IN2 9aee=e000
[M8T] IN2 9aee=0000
[M8T] OUT2 86e8=0045
[M8T] OUT2 82e8=0032
[M8B] start cur=69,50 dyend=63 dpc=2211 dpitch=1024 doff=0 clip 66,48-637,65 compat=0
[M8B] end cur=69,63
[M8T] IN2 9aee=0000
[M8T] OUT2 a6e8=ffff
[M8T] IN2 9aee=f800
[M8T] IN2 9aee=0000
[M8T] OUT2 86e8=0045
[M8T] OUT2 82e8=0034
[M8B] start cur=69,52 dyend=61 dpc=3251 dpitch=1024 doff=0 clip 66,48-637,65 compat=0
[M8T] IN2 9aee=0000
[M8T] OUT2 e2e8=3080
[M8T] OUT2 e2e8=1105
[M8T] OUT2 e2e8=2422
[M8T] OUT2 e2e8=5544
[M8T] IN2 9aee=0000
[M8T] OUT2 e2e8=a00a
[M8T] OUT2 e2e8=1188
[M8T] OUT2 e2e8=0000
*** 1 repeats ***
[M8T] IN2 9aee=8000
[M8T] IN2 9aee=0000
[M8T] OUT2 86e8=0052
[M8T] OUT2 82e8=0034
[M8B] start cur=82,52 dyend=61 dpc=3251 dpitch=1024 doff=0 clip 66,48-637,65 compat=0
[M8T] IN2 9aee=0000
[M8T] OUT2 e2e8=18fa
[M8T] OUT2 e2e8=fa61
[M8T] OUT2 e2e8=6118
[M8T] OUT2 e2e8=0084
[M8T] IN2 9aee=0000
[M8T] OUT2 86e8=005b
[M8T] OUT2 82e8=0034
[M8B] start cur=91,52 dyend=61 dpc=3251 dpitch=1024 doff=0 clip 66,48-637,65 compat=0
[M8T] IN2 9aee=0000
[M8T] OUT2 e2e8=08f9
[M8T] OUT2 e2e8=1042
[M8T] OUT2 e2e8=2084
[M8T] OUT2 e2e8=0000
[M8T] IN2 9aee=8000
[M8T] IN2 9aee=0000
[M8T] OUT2 86e8=0063
[M8T] OUT2 82e8=0034
[M8B] start cur=99,52 dyend=61 dpc=3251 dpitch=1024 doff=0 clip 66,48-637,65 compat=0
[M8T] IN2 9aee=0000
[M8T] OUT2 e2e8=21fc
[M8T] OUT2 e2e8=420f
[M8T] OUT2 e2e8=f810
[M8T] OUT2 e2e8=0000
[M8T] IN2 9aee=8000
[M8T] IN2 9aee=0000
[M8T] OUT2 86e8=006b
[M8T] OUT2 82e8=0034
[M8B] start cur=107,52 dyend=61 dpc=3251 dpitch=1024 doff=0 clip 66,48-637,65 compat=0
[M8T] IN2 9aee=0000
[M8T] OUT2 e2e8=6174
[M8T] OUT2 e2e8=0407
[M8T] OUT2 e2e8=7031
[M8T] OUT2 e2e8=0000
[M8T] IN2 9aee=8000
[M8T] IN2 9aee=0000
[M8T] OUT2 86e8=0073
[M8T] OUT2 82e8=0034
[M8B] start cur=115,52 dyend=61 dpc=3251 dpitch=1024 doff=0 clip 66,48-637,65 compat=0
[M8T] IN2 9aee=0000
[M8T] OUT2 e2e8=08f9
[M8T] OUT2 e2e8=1042
[M8T] OUT2 e2e8=2084
[M8T] OUT2 e2e8=0000
[M8T] IN2 9aee=8000
[M8T] IN2 9aee=0000
[M8T] OUT2 daee=0000
[M8T] OUT2 deee=0000
[M8T] OUT2 e2ee=05ff
[M8T] OUT2 e6ee=05ff
[M8T] IN2 9aee=f000
[M8T] IN2 9aee=0000
[M8T] OUT2 daee=0042
[M8T] OUT2 deee=0030
[M8T] OUT2 e2ee=027d
[M8T] OUT2 e6ee=0041
[M8T] IN2 9aee=f000
[M8T] IN2 9aee=0000
[M8T] OUT2 a6e8=ffff
[M8T] IN2 9aee=f800
[M8T] IN2 9aee=0000
[M8T] OUT2 86e8=0044
[M8T] OUT2 82e8=0034
[M8B] start cur=68,52 dyend=61 dpc=3251 dpitch=1024 doff=0 clip 66,48-637,65 compat=0
[M8T] IN2 9aee=0000
[M8T] OUT2 e2e8=3080
[M8T] OUT2 e2e8=1105
[M8T] OUT2 e2e8=2422
[M8T] OUT2 e2e8=5544
[M8T] IN2 9aee=0000
[M8T] OUT2 e2e8=a00a
[M8T] OUT2 e2e8=1188
[M8T] OUT2 e2e8=0000
*** 1 repeats ***
[M8T] IN2 9aee=8000
[M8T] IN2 9aee=0000
[M8T] OUT2 86e8=0051
[M8T] OUT2 82e8=0034
[M8B] start cur=81,52 dyend=61 dpc=3251 dpitch=1024 doff=0 clip 66,48-637,65 compat=0
[M8T] IN2 9aee=0000
[M8T] OUT2 e2e8=18fa
[M8T] OUT2 e2e8=fa61
[M8T] OUT2 e2e8=6118
[M8T] OUT2 e2e8=0084
[M8T] IN2 9aee=0000
[M8T] OUT2 86e8=005a
[M8T] OUT2 82e8=0034
[M8B] start cur=90,52 dyend=61 dpc=3251 dpitch=1024 doff=0 clip 66,48-637,65 compat=0
[M8T] IN2 9aee=0000
[M8T] OUT2 e2e8=08f9
[M8T] OUT2 e2e8=1042
[M8T] OUT2 e2e8=2084
[M8T] OUT2 e2e8=0000
[M8T] IN2 9aee=8000
[M8T] IN2 9aee=0000
[M8T] OUT2 86e8=0062
[M8T] OUT2 82e8=0034
[M8B] start cur=98,52 dyend=61 dpc=3251 dpitch=1024 doff=0 clip 66,48-637,65 compat=0
[M8T] IN2 9aee=0000
[M8T] OUT2 e2e8=21fc
[M8T] OUT2 e2e8=420f
[M8T] OUT2 e2e8=f810
[M8T] OUT2 e2e8=0000
[M8T] IN2 9aee=8000
[M8T] IN2 9aee=0000
[M8T] OUT2 86e8=006a
[M8T] OUT2 82e8=0034
[M8B] start cur=106,52 dyend=61 dpc=3251 dpitch=1024 doff=0 clip 66,48-637,65 compat=0
[M8T] IN2 9aee=0000
[M8T] OUT2 e2e8=6174
[M8T] OUT2 e2e8=0407
[M8T] OUT2 e2e8=7031
[M8T] OUT2 e2e8=0000
[M8T] IN2 9aee=8000
[M8T] IN2 9aee=0000
[M8T] OUT2 86e8=0072
[M8T] OUT2 82e8=0034
[M8B] start cur=114,52 dyend=61 dpc=3251 dpitch=1024 doff=0 clip 66,48-637,65 compat=0
[M8T] IN2 9aee=0000
[M8T] OUT2 e2e8=08f9
[M8T] OUT2 e2e8=1042
[M8T] OUT2 e2e8=2084
[M8T] OUT2 e2e8=0000
[M8T] IN2 9aee=8000
[M8T] IN2 9aee=0000
[M8T] OUT2 daee=0000
[M8T] OUT2 deee=0000
[M8T] OUT2 e2ee=05ff
[M8T] OUT2 e6ee=05ff
[M8T] IN2 9aee=f000
[M8T] IN2 9aee=0000
[M8T] OUT2 a6e8=ffff
[M8T] OUT2 86e8=0032
[M8T] OUT2 82e8=006b
[M8B] start cur=50,107 dyend=109 dpc=2211 dpitch=1024 doff=0 clip 0,0-1535,1535 compat=0
[M8B] end cur=50,109
[M8T] IN2 9aee=0000
[M8T] OUT2 a6e8=ffff
[M8T] OUT2 86e8=0032
[M8T] OUT2 82e8=006b
[M8B] start cur=50,107 dyend=109 dpc=2211 dpitch=1024 doff=0 clip 0,0-1535,1535 compat=0
[M8B] end cur=50,109
[M8T] IN2 9aee=0000
[M8T] OUT2 a6e8=0000
[M8T] OUT2 86e8=02b7
[M8T] OUT2 82e8=002c
[M8B] start cur=695,44 dyend=403 dpc=2211 dpitch=1024 doff=0 clip 0,0-1535,1535 compat=0
[M8B] end cur=695,403
[M8T] IN2 9aee=0000
[M8T] OUT2 a6e8=0000
[M8T] OUT2 86e8=002c
[M8T] OUT2 82e8=0192
[M8B] start cur=44,402 dyend=403 dpc=2211 dpitch=1024 doff=0 clip 0,0-1535,1535 compat=0
[M8B] end cur=44,403
[M8T] IN2 9aee=0000
[M8T] OUT2 a6e8=0707
[M8T] OUT2 86e8=002c
[M8T] OUT2 82e8=002c
[M8B] start cur=44,44 dyend=402 dpc=2211 dpitch=1024 doff=0 clip 0,0-1535,1535 compat=0
[M8B] end cur=44,402
[M8T] IN2 9aee=0000
[M8T] OUT2 a6e8=0707
[M8T] OUT2 86e8=002d
[M8T] OUT2 82e8=002c
[M8B] start cur=45,44 dyend=45 dpc=2211 dpitch=1024 doff=0 clip 0,0-1535,1535 compat=0
[M8B] end cur=45,45
[M8T] IN2 9aee=0000
[M8T] OUT2 a6e8=f8f8
[M8T] OUT2 86e8=02b6
[M8T] OUT2 82e8=002d
[M8B] start cur=694,45 dyend=402 dpc=2211 dpitch=1024 doff=0 clip 0,0-1535,1535 compat=0
[M8B] end cur=694,402
[M8T] IN2 9aee=0000
[M8T] OUT2 a6e8=f8f8
[M8T] OUT2 86e8=002d
[M8T] OUT2 82e8=0191
[M8B] start cur=45,401 dyend=402 dpc=2211 dpitch=1024 doff=0 clip 0,0-1535,1535 compat=0
[M8B] end cur=45,402
[M8T] IN2 9aee=0000
[M8T] OUT2 a6e8=ffff
[M8T] OUT2 86e8=002d
[M8T] OUT2 82e8=002d
[M8B] start cur=45,45 dyend=401 dpc=2211 dpitch=1024 doff=0 clip 0,0-1535,1535 compat=0
[M8B] end cur=45,401
[M8T] IN2 9aee=0000
[M8T] OUT2 a6e8=ffff
[M8T] OUT2 86e8=002e
[M8T] OUT2 82e8=002d
[M8B] start cur=46,45 dyend=46 dpc=2211 dpitch=1024 doff=0 clip 0,0-1535,1535 compat=0
[M8B] end cur=46,46
[M8T] IN2 9aee=0000
[M8T] OUT2 a6e8=0707
[M8T] OUT2 86e8=002e
[M8T] OUT2 82e8=002e
[M8B] start cur=46,46 dyend=400 dpc=2211 dpitch=1024 doff=0 clip 0,0-1535,1535 compat=0
[M8B] end cur=46,400
[M8T] IN2 9aee=0000
[M8T] OUT2 a6e8=0707
[M8T] OUT2 86e8=002f
[M8T] OUT2 82e8=002e
[M8B] start cur=47,46 dyend=47 dpc=2211 dpitch=1024 doff=0 clip 0,0-1535,1535 compat=0
[M8B] end cur=47,47
[M8T] IN2 9aee=0000
[M8T] OUT2 a6e8=0707
[M8T] OUT2 86e8=002e
[M8T] OUT2 82e8=0190
[M8B] start cur=46,400 dyend=401 dpc=2211 dpitch=1024 doff=0 clip 0,0-1535,1535 compat=0
[M8B] end cur=46,401
[M8T] IN2 9aee=0000
[M8T] OUT2 a6e8=0707
[M8T] OUT2 86e8=02b5
[M8T] OUT2 82e8=002f
[M8B] start cur=693,47 dyend=401 dpc=2211 dpitch=1024 doff=0 clip 0,0-1535,1535 compat=0
[M8B] end cur=693,401
[M8T] IN2 9aee=0000
[M8T] OUT2 a6e8=0707
[M8T] OUT2 86e8=002f
[M8T] OUT2 82e8=002f
[M8B] start cur=47,47 dyend=399 dpc=2211 dpitch=1024 doff=0 clip 0,0-1535,1535 compat=0
[M8B] end cur=47,399
[M8T] IN2 9aee=0000
[M8T] OUT2 a6e8=0707
[M8T] OUT2 86e8=0030
[M8T] OUT2 82e8=002f
[M8B] start cur=48,47 dyend=48 dpc=2211 dpitch=1024 doff=0 clip 0,0-1535,1535 compat=0
[M8B] end cur=48,48
[M8T] IN2 9aee=0000
[M8T] OUT2 a6e8=0707
[M8T] OUT2 86e8=002f
[M8T] OUT2 82e8=018f
[M8B] start cur=47,399 dyend=400 dpc=2211 dpitch=1024 doff=0 clip 0,0-1535,1535 compat=0
[M8B] end cur=47,400
[M8T] IN2 9aee=0000
[M8T] OUT2 a6e8=0707
[M8T] OUT2 86e8=02b4
[M8T] OUT2 82e8=0030
[M8B] start cur=692,48 dyend=400 dpc=2211 dpitch=1024 doff=0 clip 0,0-1535,1535 compat=0
[M8B] end cur=692,400
[M8T] IN2 9aee=0000
[M8T] OUT2 a6e8=0707
[M8T] OUT2 86e8=0030
[M8T] OUT2 82e8=0042
[M8B] start cur=48,66 dyend=67 dpc=2211 dpitch=1024 doff=0 clip 0,0-1535,1535 compat=0
[M8B] end cur=48,67
[M8T] IN2 9aee=0000
[M8T] IN2 9ae8=0000
[M8T] OUT2 daee=027e
[M8T] OUT2 e2ee=02b3
[M8T] OUT2 86e8=027e
[M8T] OUT2 82e8=0030
[M8B] start cur=638,48 dyend=66 dpc=5211 dpitch=1024 doff=0 clip 638,0-691,1535 compat=0
[M8T] OUT2 e2e8=0404
*** 54 repeats ***
[M8T] OUT2 e2e8=ffff
*** 6 repeats ***
[M8T] OUT2 e2e8=00ff
[M8T] OUT2 e2e8=ffff
*** 6 repeats ***
[M8T] OUT2 e2e8=00ff
[M8T] OUT2 e2e8=0404
[M8T] OUT2 e2e8=ffff
*** 6 repeats ***
[M8T] OUT2 e2e8=00ff
[M8T] OUT2 e2e8=0404
*** 1 repeats ***
[M8T] OUT2 e2e8=07ff
[M8T] OUT2 e2e8=0707
*** 5 repeats ***
[M8T] OUT2 e2e8=00f8
[M8T] OUT2 e2e8=07ff
[M8T] OUT2 e2e8=0707
*** 5 repeats ***
[M8T] OUT2 e2e8=00f8
[M8T] OUT2 e2e8=0404
[M8T] OUT2 e2e8=07ff
[M8T] OUT2 e2e8=0707
*** 5 repeats ***
[M8T] OUT2 e2e8=00f8
[M8T] OUT2 e2e8=0404
*** 1 repeats ***
[M8T] OUT2 e2e8=07ff
[M8T] OUT2 e2e8=0707
*** 5 repeats ***
[M8T] OUT2 e2e8=00f8
[M8T] OUT2 e2e8=07ff
[M8T] OUT2 e2e8=0007
[M8T] OUT2 e2e8=0000
*** 3 repeats ***
[M8T] OUT2 e2e8=0707
[M8T] OUT2 e2e8=00f8
[M8T] OUT2 e2e8=0404
[M8T] OUT2 e2e8=07ff
[M8T] OUT2 e2e8=0707
*** 5 repeats ***
[M8T] OUT2 e2e8=00f8
[M8T] OUT2 e2e8=0404
*** 1 repeats ***
[M8T] OUT2 e2e8=07ff
[M8T] OUT2 e2e8=0707
*** 5 repeats ***
[M8T] OUT2 e2e8=00f8
[M8T] OUT2 e2e8=07ff
[M8T] OUT2 e2e8=0007
[M8T] OUT2 e2e8=0000
*** 3 repeats ***
[M8T] OUT2 e2e8=0707
[M8T] OUT2 e2e8=00f8
[M8T] OUT2 e2e8=0404
[M8T] OUT2 e2e8=07ff
[M8T] OUT2 e2e8=0707
[M8T] OUT2 e2e8=0000
[M8T] OUT2 e2e8=0707
*** 1 repeats ***
[M8T] OUT2 e2e8=0000
[M8T] OUT2 e2e8=0707
[M8T] OUT2 e2e8=00f8
[M8T] OUT2 e2e8=0404
*** 1 repeats ***
[M8T] OUT2 e2e8=07ff
[M8T] OUT2 e2e8=0707
*** 5 repeats ***
[M8T] OUT2 e2e8=00f8
[M8T] OUT2 e2e8=07ff
[M8T] OUT2 e2e8=0007
[M8T] OUT2 e2e8=0707
*** 2 repeats ***
[M8T] OUT2 e2e8=0007
[M8T] OUT2 e2e8=0707
[M8T] OUT2 e2e8=00f8
[M8T] OUT2 e2e8=0404
[M8T] OUT2 e2e8=07ff
[M8T] OUT2 e2e8=0707
[M8T] OUT2 e2e8=0007
[M8T] OUT2 e2e8=0700
[M8T] OUT2 e2e8=0007
[M8T] OUT2 e2e8=0700
[M8T] OUT2 e2e8=0707
[M8T] OUT2 e2e8=00f8
[M8T] OUT2 e2e8=0404
*** 1 repeats ***
[M8T] OUT2 e2e8=07ff
[M8T] OUT2 e2e8=0707
*** 5 repeats ***
[M8T] OUT2 e2e8=00f8
[M8T] OUT2 e2e8=07ff
[M8T] OUT2 e2e8=0007
[M8T] OUT2 e2e8=0707
*** 2 repeats ***
[M8T] OUT2 e2e8=0007
[M8T] OUT2 e2e8=0707
[M8T] OUT2 e2e8=00f8
[M8T] OUT2 e2e8=0404
[M8T] OUT2 e2e8=07ff
[M8T] OUT2 e2e8=0707
*** 1 repeats ***
[M8T] OUT2 e2e8=0000
*** 1 repeats ***
[M8T] OUT2 e2e8=0707
*** 1 repeats ***
[M8T] OUT2 e2e8=00f8
[M8T] OUT2 e2e8=0404
*** 1 repeats ***
[M8T] OUT2 e2e8=07ff
[M8T] OUT2 e2e8=0707
*** 5 repeats ***
[M8T] OUT2 e2e8=00f8
[M8T] OUT2 e2e8=07ff
[M8T] OUT2 e2e8=0007
[M8T] OUT2 e2e8=0707
*** 2 repeats ***
[M8T] OUT2 e2e8=0007
[M8T] OUT2 e2e8=0707
[M8T] OUT2 e2e8=00f8
[M8T] OUT2 e2e8=0404
[M8T] OUT2 e2e8=07ff
[M8T] OUT2 e2e8=0707
*** 1 repeats ***
[M8T] OUT2 e2e8=0007
[M8T] OUT2 e2e8=0700
[M8T] OUT2 e2e8=0707
*** 1 repeats ***
[M8T] OUT2 e2e8=00f8
[M8T] OUT2 e2e8=0404
*** 1 repeats ***
[M8T] OUT2 e2e8=07ff
[M8T] OUT2 e2e8=0707
*** 5 repeats ***
[M8T] OUT2 e2e8=00f8
[M8T] OUT2 e2e8=07ff
[M8T] OUT2 e2e8=0007
[M8T] OUT2 e2e8=0707
*** 2 repeats ***
[M8T] OUT2 e2e8=0007
[M8T] OUT2 e2e8=0707
[M8T] OUT2 e2e8=00f8
[M8T] OUT2 e2e8=0404
[M8T] OUT2 e2e8=07ff
[M8T] OUT2 e2e8=0707
*** 1 repeats ***
[M8T] OUT2 e2e8=0000
*** 1 repeats ***
[M8T] OUT2 e2e8=0707
*** 1 repeats ***
[M8T] OUT2 e2e8=00f8
[M8T] OUT2 e2e8=0404
*** 1 repeats ***
[M8T] OUT2 e2e8=07ff
[M8T] OUT2 e2e8=0707
*** 5 repeats ***
[M8T] OUT2 e2e8=00f8
[M8T] OUT2 e2e8=07ff
[M8T] OUT2 e2e8=0007
[M8T] OUT2 e2e8=0707
*** 2 repeats ***
[M8T] OUT2 e2e8=0007
[M8T] OUT2 e2e8=0707
[M8T] OUT2 e2e8=00f8
[M8T] OUT2 e2e8=0404
[M8T] OUT2 e2e8=07ff
[M8T] OUT2 e2e8=0707
[M8T] OUT2 e2e8=0007
[M8T] OUT2 e2e8=0700
[M8T] OUT2 e2e8=0007
[M8T] OUT2 e2e8=0700
[M8T] OUT2 e2e8=0707
[M8T] OUT2 e2e8=00f8
[M8T] OUT2 e2e8=0404
*** 1 repeats ***
[M8T] OUT2 e2e8=07ff
[M8T] OUT2 e2e8=0707
[M8T] OUT2 e2e8=0000
*** 2 repeats ***
[M8T] OUT2 e2e8=0707
*** 1 repeats ***
[M8T] OUT2 e2e8=00f8
[M8T] OUT2 e2e8=07ff
[M8T] OUT2 e2e8=0007
[M8T] OUT2 e2e8=0707
*** 2 repeats ***
[M8T] OUT2 e2e8=0007
[M8T] OUT2 e2e8=0707
[M8T] OUT2 e2e8=00f8
[M8T] OUT2 e2e8=0404
[M8T] OUT2 e2e8=07ff
[M8T] OUT2 e2e8=0707
[M8T] OUT2 e2e8=0000
[M8T] OUT2 e2e8=0707
*** 1 repeats ***
[M8T] OUT2 e2e8=0000
[M8T] OUT2 e2e8=0707
[M8T] OUT2 e2e8=00f8
[M8T] OUT2 e2e8=0404
*** 1 repeats ***
[M8T] OUT2 e2e8=07ff
[M8T] OUT2 e2e8=0707
[M8T] OUT2 e2e8=0000
*** 2 repeats ***
[M8T] OUT2 e2e8=0707
*** 1 repeats ***
[M8T] OUT2 e2e8=00f8
[M8T] OUT2 e2e8=07ff
[M8T] OUT2 e2e8=0007
[M8T] OUT2 e2e8=0000
*** 3 repeats ***
[M8T] OUT2 e2e8=0707
[M8T] OUT2 e2e8=00f8
[M8T] OUT2 e2e8=0404
[M8T] OUT2 e2e8=07ff
[M8T] OUT2 e2e8=0707
*** 5 repeats ***
[M8T] OUT2 e2e8=00f8
[M8T] OUT2 e2e8=0404
*** 1 repeats ***
[M8T] OUT2 e2e8=07ff
[M8T] OUT2 e2e8=0707
*** 5 repeats ***
[M8T] OUT2 e2e8=00f8
[M8T] OUT2 e2e8=07ff
[M8T] OUT2 e2e8=0707
*** 5 repeats ***
[M8T] OUT2 e2e8=00f8
[M8T] OUT2 e2e8=0404
[M8T] OUT2 e2e8=07ff
[M8T] OUT2 e2e8=0707
*** 5 repeats ***
[M8T] OUT2 e2e8=00f8
[M8T] OUT2 e2e8=0404
*** 1 repeats ***
[M8T] OUT2 e2e8=f8ff
[M8T] OUT2 e2e8=f8f8
*** 5 repeats ***
[M8T] OUT2 e2e8=00f8
[M8T] OUT2 e2e8=f8ff
[M8T] OUT2 e2e8=f8f8
*** 5 repeats ***
[M8T] OUT2 e2e8=00f8
[M8T] OUT2 e2e8=0404
[M8T] OUT2 e2e8=f8ff
[M8T] OUT2 e2e8=f8f8
*** 5 repeats ***
[M8T] OUT2 e2e8=00f8
[M8T] OUT2 e2e8=0404
*** 1 repeats ***
[M8T] OUT2 e2e8=0000
*** 15 repeats ***
[M8T] OUT2 e2e8=0404
[M8T] OUT2 e2e8=0000
*** 7 repeats ***
[M8T] OUT2 e2e8=0404
*** 54 repeats ***
[M8B] end cur=638,66
[M8T] IN2 9aee=0000
[M8T] OUT2 daee=0000
[M8T] OUT2 e2ee=05ff
[M8T] IN2 9aee=c000
[M8T] IN2 9aee=0000
[M8T] IN2 9ae8=0000
[M8T] OUT2 daee=0030
[M8T] OUT2 e2ee=0041
[M8T] OUT2 86e8=0030
[M8T] OUT2 82e8=0030
[M8B] start cur=48,48 dyend=66 dpc=5211 dpitch=1024 doff=0 clip 48,0-65,1535 compat=0
[M8T] OUT2 e2e8=0404
*** 9 repeats ***
[M8T] OUT2 e2e8=0004
[M8T] OUT2 e2e8=0000
[M8T] OUT2 e2e8=0404
[M8T] OUT2 e2e8=0000
*** 3 repeats ***
[M8T] OUT2 e2e8=0404
*** 1 repeats ***
[M8T] OUT2 e2e8=0004
[M8T] OUT2 e2e8=00f7
[M8T] OUT2 e2e8=0004
[M8T] OUT2 e2e8=f7f8
[M8T] OUT2 e2e8=0000
[M8T] OUT2 e2e8=00f8
[M8T] OUT2 e2e8=f700
[M8T] OUT2 e2e8=0400
[M8T] OUT2 e2e8=0404
[M8T] OUT2 e2e8=0004
[M8T] OUT2 e2e8=f8f8
[M8T] OUT2 e2e8=0000
[M8T] OUT2 e2e8=f7f7
[M8T] OUT2 e2e8=0000
*** 2 repeats ***
[M8T] OUT2 e2e8=0400
[M8T] OUT2 e2e8=0404
[M8T] OUT2 e2e8=0004
[M8T] OUT2 e2e8=f800
*** 1 repeats ***
[M8T] OUT2 e2e8=f700
[M8T] OUT2 e2e8=0000
*** 1 repeats ***
[M8T] OUT2 e2e8=00f8
[M8T] OUT2 e2e8=0404
*** 1 repeats ***
[M8T] OUT2 e2e8=0004
[M8T] OUT2 e2e8=0000
[M8T] OUT2 e2e8=f8f8
[M8T] OUT2 e2e8=f700
[M8T] OUT2 e2e8=0000
[M8T] OUT2 e2e8=0400
[M8T] OUT2 e2e8=f700
[M8T] OUT2 e2e8=0400
[M8T] OUT2 e2e8=0404
[M8T] OUT2 e2e8=0004
[M8T] OUT2 e2e8=0000
[M8T] OUT2 e2e8=00f8
[M8T] OUT2 e2e8=f700
[M8T] OUT2 e2e8=0000
[M8T] OUT2 e2e8=00f8
[M8T] OUT2 e2e8=f8f8
[M8T] OUT2 e2e8=0400
[M8T] OUT2 e2e8=0404
[M8T] OUT2 e2e8=0100
[M8T] OUT2 e2e8=0101
[M8T] OUT2 e2e8=0001
[M8T] OUT2 e2e8=0404
[M8T] OUT2 e2e8=0004
[M8T] OUT2 e2e8=0303
[M8T] OUT2 e2e8=0003
[M8T] OUT2 e2e8=0400
[M8T] OUT2 e2e8=0404
[M8T] OUT2 e2e8=f900
[M8T] OUT2 e2e8=f9f9
[M8T] OUT2 e2e8=0401
[M8T] OUT2 e2e8=fcfc
[M8T] OUT2 e2e8=0304
[M8T] OUT2 e2e8=fbfb
*** 1 repeats ***
[M8T] OUT2 e2e8=0003
[M8T] OUT2 e2e8=0404
[M8T] OUT2 e2e8=f900
[M8T] OUT2 e2e8=0101
[M8T] OUT2 e2e8=fc00
[M8T] OUT2 e2e8=0000
[M8T] OUT2 e2e8=fb00
[M8T] OUT2 e2e8=0400
[M8T] OUT2 e2e8=0300
[M8T] OUT2 e2e8=0003
[M8T] OUT2 e2e8=0404
[M8T] OUT2 e2e8=f900
[M8T] OUT2 e2e8=0001
[M8T] OUT2 e2e8=0404
[M8T] OUT2 e2e8=0101
[M8T] OUT2 e2e8=fb00
[M8T] OUT2 e2e8=fc00
[M8T] OUT2 e2e8=0000
[M8T] OUT2 e2e8=0400
[M8T] OUT2 e2e8=0404
[M8T] OUT2 e2e8=f900
[M8T] OUT2 e2e8=0401
[M8T] OUT2 e2e8=0404
[M8T] OUT2 e2e8=0101
[M8T] OUT2 e2e8=0004
[M8T] OUT2 e2e8=fc00
[M8T] OUT2 e2e8=0303
[M8T] OUT2 e2e8=0400
[M8T] OUT2 e2e8=0404
[M8T] OUT2 e2e8=f900
[M8T] OUT2 e2e8=0401
[M8T] OUT2 e2e8=0404
[M8T] OUT2 e2e8=0101
[M8T] OUT2 e2e8=0004
[M8T] OUT2 e2e8=fc00
[M8T] OUT2 e2e8=fb00
[M8T] OUT2 e2e8=00fb
[M8T] OUT2 e2e8=0404
[M8T] OUT2 e2e8=f900
[M8T] OUT2 e2e8=0001
[M8T] OUT2 e2e8=0100
[M8T] OUT2 e2e8=00f9
[M8T] OUT2 e2e8=fb00
[M8T] OUT2 e2e8=0003
[M8T] OUT2 e2e8=0300
[M8T] OUT2 e2e8=00fb
[M8T] OUT2 e2e8=0404
[M8T] OUT2 e2e8=f900
[M8T] OUT2 e2e8=f9f9
*** 1 repeats ***
[M8T] OUT2 e2e8=0400
[M8T] OUT2 e2e8=0304
[M8T] OUT2 e2e8=fbfb
*** 1 repeats ***
[M8T] OUT2 e2e8=0003
[M8T] OUT2 e2e8=0404
[M8T] OUT2 e2e8=f900
[M8T] OUT2 e2e8=0101
*** 1 repeats ***
[M8T] OUT2 e2e8=0400
[M8T] OUT2 e2e8=0004
[M8T] OUT2 e2e8=0303
*** 1 repeats ***
[M8T] OUT2 e2e8=0000
[M8T] OUT2 e2e8=0404
[M8T] OUT2 e2e8=0000
*** 6 repeats ***
[M8T] OUT2 e2e8=0400
[M8T] OUT2 e2e8=0404
*** 8 repeats ***
[M8B] end cur=48,66
[M8T] IN2 9aee=0000
[M8T] OUT2 daee=0000
[M8T] OUT2 e2ee=05ff
[M8T] IN2 9aee=c000
[M8T] IN2 9aee=0000
[M8T] OUT2 a6e8=0404
[M8T] OUT2 86e8=0042
[M8T] OUT2 82e8=0030
[M8B] start cur=66,48 dyend=66 dpc=2211 dpitch=1024 doff=0 clip 0,0-1535,1535 compat=0
[M8B] end cur=66,66
[M8T] IN2 9aee=0000
[M8T] OUT2 daee=0042
[M8T] OUT2 deee=0030
[M8T] OUT2 e2ee=027d
[M8T] OUT2 e6ee=0041
[M8T] IN2 9aee=f000
[M8T] IN2 9aee=0000
[M8T] OUT2 a6e8=0004
[M8T] IN2 9aee=e000
[M8T] IN2 9aee=0000
[M8T] OUT2 86e8=0044
[M8T] OUT2 82e8=0032
[M8B] start cur=68,50 dyend=63 dpc=2211 dpitch=1024 doff=0 clip 66,48-637,65 compat=0
[M8B] end cur=68,63
[M8T] IN2 9aee=0000
[M8T] OUT2 a6e8=ffff
[M8T] IN2 9aee=f800
[M8T] IN2 9aee=0000
[M8T] OUT2 daee=0000
[M8T] OUT2 deee=0000
[M8T] OUT2 e2ee=05ff
[M8T] OUT2 e6ee=05ff
[M8T] IN2 9aee=f000
[M8T] IN2 9aee=0000
[M8T] OUT2 daee=0042
[M8T] OUT2 deee=0030
[M8T] OUT2 e2ee=027d
[M8T] OUT2 e6ee=0041
[M8T] IN2 9aee=f000
[M8T] IN2 9aee=0000
[M8T] OUT2 a6e8=0004
[M8T] IN2 9aee=e000
[M8T] IN2 9aee=0000
[M8T] OUT2 86e8=0045
[M8T] OUT2 82e8=0032
[M8B] start cur=69,50 dyend=63 dpc=2211 dpitch=1024 doff=0 clip 66,48-637,65 compat=0
[M8B] end cur=69,63
[M8T] IN2 9aee=0000
[M8T] OUT2 a6e8=ffff
[M8T] IN2 9aee=f800
[M8T] IN2 9aee=0000
[M8T] OUT2 86e8=0045
[M8T] OUT2 82e8=0034
[M8B] start cur=69,52 dyend=61 dpc=3251 dpitch=1024 doff=0 clip 66,48-637,65 compat=0
[M8T] IN2 9aee=0000
[M8T] OUT2 e2e8=3080
[M8T] OUT2 e2e8=1105
[M8T] OUT2 e2e8=2422
[M8T] OUT2 e2e8=5544
[M8T] IN2 9aee=0000
[M8T] OUT2 e2e8=a00a
[M8T] OUT2 e2e8=1188
[M8T] OUT2 e2e8=0000
*** 1 repeats ***
[M8T] IN2 9aee=8000
[M8T] IN2 9aee=0000
[M8T] OUT2 86e8=0052
[M8T] OUT2 82e8=0034
[M8B] start cur=82,52 dyend=61 dpc=3251 dpitch=1024 doff=0 clip 66,48-637,65 compat=0
[M8T] IN2 9aee=0000
[M8T] OUT2 e2e8=18fa
[M8T] OUT2 e2e8=fa61
[M8T] OUT2 e2e8=6118
[M8T] OUT2 e2e8=0084
[M8T] IN2 9aee=0000
[M8T] OUT2 86e8=005b
[M8T] OUT2 82e8=0034
[M8B] start cur=91,52 dyend=61 dpc=3251 dpitch=1024 doff=0 clip 66,48-637,65 compat=0
[M8T] IN2 9aee=0000
[M8T] OUT2 e2e8=08f9
[M8T] OUT2 e2e8=1042
[M8T] OUT2 e2e8=2084
[M8T] OUT2 e2e8=0000
[M8T] IN2 9aee=8000
[M8T] IN2 9aee=0000
[M8T] OUT2 86e8=0063
[M8T] OUT2 82e8=0034
[M8B] start cur=99,52 dyend=61 dpc=3251 dpitch=1024 doff=0 clip 66,48-637,65 compat=0
[M8T] IN2 9aee=0000
[M8T] OUT2 e2e8=21fc
[M8T] OUT2 e2e8=420f
[M8T] OUT2 e2e8=f810
[M8T] OUT2 e2e8=0000
[M8T] IN2 9aee=8000
[M8T] IN2 9aee=0000
[M8T] OUT2 86e8=006b
[M8T] OUT2 82e8=0034
[M8B] start cur=107,52 dyend=61 dpc=3251 dpitch=1024 doff=0 clip 66,48-637,65 compat=0
[M8T] IN2 9aee=0000
[M8T] OUT2 e2e8=6174
[M8T] OUT2 e2e8=0407
[M8T] OUT2 e2e8=7031
[M8T] OUT2 e2e8=0000
[M8T] IN2 9aee=8000
[M8T] IN2 9aee=0000
[M8T] OUT2 86e8=0073
[M8T] OUT2 82e8=0034
[M8B] start cur=115,52 dyend=61 dpc=3251 dpitch=1024 doff=0 clip 66,48-637,65 compat=0
[M8T] IN2 9aee=0000
[M8T] OUT2 e2e8=08f9
[M8T] OUT2 e2e8=1042
[M8T] OUT2 e2e8=2084
[M8T] OUT2 e2e8=0000
[M8T] IN2 9aee=8000
[M8T] IN2 9aee=0000
[M8T] OUT2 daee=0000
[M8T] OUT2 deee=0000
[M8T] OUT2 e2ee=05ff
[M8T] OUT2 e6ee=05ff
[M8T] IN2 9aee=f000
[M8T] IN2 9aee=0000
[M8T] OUT2 daee=0042
[M8T] OUT2 deee=0030
[M8T] OUT2 e2ee=027d
[M8T] OUT2 e6ee=0041
[M8T] IN2 9aee=f000
[M8T] IN2 9aee=0000
[M8T] OUT2 a6e8=ffff
[M8T] IN2 9aee=f800
[M8T] IN2 9aee=0000
[M8T] OUT2 86e8=0044
[M8T] OUT2 82e8=0034
[M8B] start cur=68,52 dyend=61 dpc=3251 dpitch=1024 doff=0 clip 66,48-637,65 compat=0
[M8T] IN2 9aee=0000
[M8T] OUT2 e2e8=3080
[M8T] OUT2 e2e8=1105
[M8T] OUT2 e2e8=2422
[M8T] OUT2 e2e8=5544
[M8T] IN2 9aee=0000
[M8T] OUT2 e2e8=a00a
[M8T] OUT2 e2e8=1188
[M8T] OUT2 e2e8=0000
*** 1 repeats ***
[M8T] IN2 9aee=8000
[M8T] IN2 9aee=0000
[M8T] OUT2 86e8=0051
[M8T] OUT2 82e8=0034
[M8B] start cur=81,52 dyend=61 dpc=3251 dpitch=1024 doff=0 clip 66,48-637,65 compat=0
[M8T] IN2 9aee=0000
[M8T] OUT2 e2e8=18fa
[M8T] OUT2 e2e8=fa61
[M8T] OUT2 e2e8=6118
[M8T] OUT2 e2e8=0084
[M8T] IN2 9aee=0000
[M8T] OUT2 86e8=005a
[M8T] OUT2 82e8=0034
[M8B] start cur=90,52 dyend=61 dpc=3251 dpitch=1024 doff=0 clip 66,48-637,65 compat=0
[M8T] IN2 9aee=0000
[M8T] OUT2 e2e8=08f9
[M8T] OUT2 e2e8=1042
[M8T] OUT2 e2e8=2084
[M8T] OUT2 e2e8=0000
[M8T] IN2 9aee=8000
[M8T] IN2 9aee=0000
[M8T] OUT2 86e8=0062
[M8T] OUT2 82e8=0034
[M8B] start cur=98,52 dyend=61 dpc=3251 dpitch=1024 doff=0 clip 66,48-637,65 compat=0
[M8T] IN2 9aee=0000
[M8T] OUT2 e2e8=21fc
[M8T] OUT2 e2e8=420f
[M8T] OUT2 e2e8=f810
[M8T] OUT2 e2e8=0000
[M8T] IN2 9aee=8000
[M8T] IN2 9aee=0000
[M8T] OUT2 86e8=006a
[M8T] OUT2 82e8=0034
[M8B] start cur=106,52 dyend=61 dpc=3251 dpitch=1024 doff=0 clip 66,48-637,65 compat=0
[M8T] IN2 9aee=0000
[M8T] OUT2 e2e8=6174
[M8T] OUT2 e2e8=0407
[M8T] OUT2 e2e8=7031
[M8T] OUT2 e2e8=0000
[M8T] IN2 9aee=8000
[M8T] IN2 9aee=0000
[M8T] OUT2 86e8=0072
[M8T] OUT2 82e8=0034
[M8B] start cur=114,52 dyend=61 dpc=3251 dpitch=1024 doff=0 clip 66,48-637,65 compat=0
[M8T] IN2 9aee=0000
[M8T] OUT2 e2e8=08f9
[M8T] OUT2 e2e8=1042
[M8T] OUT2 e2e8=2084
[M8T] OUT2 e2e8=0000
[M8T] IN2 9aee=8000
[M8T] IN2 9aee=0000
[M8T] OUT2 daee=0000
[M8T] OUT2 deee=0000
[M8T] OUT2 e2ee=05ff
[M8T] OUT2 e6ee=05ff
[M8T] IN2 9aee=f000
[M8T] IN2 9aee=0000
[M8T] OUT2 a6e8=ffff
[M8T] OUT2 86e8=0030
[M8T] OUT2 82e8=0044
[M8B] start cur=48,68 dyend=69 dpc=2211 dpitch=1024 doff=0 clip 0,0-1535,1535 compat=0
[M8B] end cur=48,69
[M8T] IN2 9aee=0000
[M8T] OUT2 a6e8=f8f8
[M8T] OUT2 86e8=0030
[M8T] OUT2 82e8=0043
[M8B] start cur=48,67 dyend=68 dpc=2211 dpitch=1024 doff=0 clip 0,0-1535,1535 compat=0
[M8B] end cur=48,68
[M8T] IN2 9aee=0000
[M8T] OUT2 a6e8=0707
[M8T] OUT2 86e8=0030
[M8T] OUT2 82e8=0045
[M8B] start cur=48,69 dyend=95 dpc=2211 dpitch=1024 doff=0 clip 0,0-1535,1535 compat=0
[M8B] end cur=48,95
[M8T] IN2 9aee=0000
[M8T] IN2 9ae8=0000
[M8T] OUT2 daee=0094
[M8T] OUT2 e2ee=00aa
[M8T] OUT2 86e8=0094
[M8T] OUT2 82e8=0047
[M8B] start cur=148,71 dyend=93 dpc=5211 dpitch=1024 doff=0 clip 148,0-170,1535 compat=0
[M8T] OUT2 e2e8=ffff
*** 10 repeats ***
[M8T] OUT2 e2e8=0700
[M8T] OUT2 e2e8=07ff
[M8T] OUT2 e2e8=0707
*** 8 repeats ***
[M8T] OUT2 e2e8=f807
[M8T] OUT2 e2e8=0700
[M8T] OUT2 e2e8=07ff
[M8T] OUT2 e2e8=0707
*** 8 repeats ***
[M8T] OUT2 e2e8=f807
[M8T] OUT2 e2e8=0700
[M8T] OUT2 e2e8=07ff
[M8T] OUT2 e2e8=0707
*** 8 repeats ***
[M8T] OUT2 e2e8=f807
[M8T] OUT2 e2e8=0700
[M8T] OUT2 e2e8=07ff
[M8T] OUT2 e2e8=0707
[M8T] OUT2 e2e8=0000
[M8T] OUT2 e2e8=0707
[M8T] OUT2 e2e8=0000
[M8T] OUT2 e2e8=0707
[M8T] OUT2 e2e8=0000
[M8T] OUT2 e2e8=0707
[M8T] OUT2 e2e8=0000
[M8T] OUT2 e2e8=0707
[M8T] OUT2 e2e8=f807
[M8T] OUT2 e2e8=0000
[M8T] OUT2 e2e8=07ff
[M8T] OUT2 e2e8=0707
[M8T] OUT2 e2e8=0700
[M8T] OUT2 e2e8=0707
*** 4 repeats ***
[M8T] OUT2 e2e8=0007
[M8T] OUT2 e2e8=0707
[M8T] OUT2 e2e8=f807
[M8T] OUT2 e2e8=0000
[M8T] OUT2 e2e8=07ff
[M8T] OUT2 e2e8=0707
*** 8 repeats ***
[M8T] OUT2 e2e8=f807
[M8T] OUT2 e2e8=f800
[M8T] OUT2 e2e8=07ff
[M8T] OUT2 e2e8=0707
[M8T] OUT2 e2e8=0700
[M8T] OUT2 e2e8=0707
*** 4 repeats ***
[M8T] OUT2 e2e8=0007
[M8T] OUT2 e2e8=0707
[M8T] OUT2 e2e8=f807
[M8T] OUT2 e2e8=ff00
[M8T] OUT2 e2e8=07ff
[M8T] OUT2 e2e8=0707
[M8T] OUT2 e2e8=0700
[M8T] OUT2 e2e8=0707
*** 4 repeats ***
[M8T] OUT2 e2e8=0007
[M8T] OUT2 e2e8=0707
[M8T] OUT2 e2e8=f807
[M8T] OUT2 e2e8=0700
[M8T] OUT2 e2e8=07ff
[M8T] OUT2 e2e8=0707
[M8T] OUT2 e2e8=0700
[M8T] OUT2 e2e8=0707
*** 4 repeats ***
[M8T] OUT2 e2e8=0007
[M8T] OUT2 e2e8=0707
[M8T] OUT2 e2e8=f807
[M8T] OUT2 e2e8=ff00
[M8T] OUT2 e2e8=07ff
[M8T] OUT2 e2e8=0707
*** 8 repeats ***
[M8T] OUT2 e2e8=f807
[M8T] OUT2 e2e8=0700
[M8T] OUT2 e2e8=07ff
[M8T] OUT2 e2e8=0707
[M8T] OUT2 e2e8=0700
[M8T] OUT2 e2e8=0707
*** 4 repeats ***
[M8T] OUT2 e2e8=0007
[M8T] OUT2 e2e8=0707
[M8T] OUT2 e2e8=f807
[M8T] OUT2 e2e8=0700
[M8T] OUT2 e2e8=07ff
[M8T] OUT2 e2e8=0707
[M8T] OUT2 e2e8=0700
[M8T] OUT2 e2e8=0707
*** 4 repeats ***
[M8T] OUT2 e2e8=0007
[M8T] OUT2 e2e8=0707
[M8T] OUT2 e2e8=f807
[M8T] OUT2 e2e8=0700
[M8T] OUT2 e2e8=07ff
[M8T] OUT2 e2e8=0707
[M8T] OUT2 e2e8=0700
[M8T] OUT2 e2e8=0707
*** 4 repeats ***
[M8T] OUT2 e2e8=0007
[M8T] OUT2 e2e8=0707
[M8T] OUT2 e2e8=f807
[M8T] OUT2 e2e8=0000
[M8T] OUT2 e2e8=07ff
[M8T] OUT2 e2e8=0707
*** 8 repeats ***
[M8T] OUT2 e2e8=f807
[M8T] OUT2 e2e8=0000
[M8T] OUT2 e2e8=07ff
[M8T] OUT2 e2e8=0707
[M8T] OUT2 e2e8=0700
[M8T] OUT2 e2e8=0707
*** 4 repeats ***
[M8T] OUT2 e2e8=0007
[M8T] OUT2 e2e8=0707
[M8T] OUT2 e2e8=f807
[M8T] OUT2 e2e8=0000
[M8T] OUT2 e2e8=07ff
[M8T] OUT2 e2e8=0707
[M8T] OUT2 e2e8=0000
[M8T] OUT2 e2e8=0707
[M8T] OUT2 e2e8=0000
[M8T] OUT2 e2e8=0707
[M8T] OUT2 e2e8=0000
[M8T] OUT2 e2e8=0707
[M8T] OUT2 e2e8=0000
[M8T] OUT2 e2e8=0707
[M8T] OUT2 e2e8=f807
[M8T] OUT2 e2e8=0000
[M8T] OUT2 e2e8=07ff
[M8T] OUT2 e2e8=0707
*** 8 repeats ***
[M8T] OUT2 e2e8=f807
[M8T] OUT2 e2e8=0000
[M8T] OUT2 e2e8=07ff
[M8T] OUT2 e2e8=0707
*** 8 repeats ***
[M8T] OUT2 e2e8=f807
[M8T] OUT2 e2e8=0000
[M8T] OUT2 e2e8=07ff
[M8T] OUT2 e2e8=0707
*** 8 repeats ***
[M8T] OUT2 e2e8=f807
[M8T] OUT2 e2e8=0a00
[M8T] OUT2 e2e8=f8ff
[M8T] OUT2 e2e8=f8f8
*** 9 repeats ***
[M8T] OUT2 e2e8=3200
[M8T] OUT2 e2e8=0000
*** 10 repeats ***
[M8T] OUT2 e2e8=0300
[M8B] end cur=148,93
[M8T] IN2 9aee=0000
[M8T] OUT2 daee=0000
[M8T] OUT2 e2ee=05ff
[M8T] IN2 9aee=c000
[M8T] IN2 9aee=0000
[M8T] IN2 9ae8=0000
[M8T] OUT2 daee=00ab
[M8T] OUT2 e2ee=00c1
[M8T] OUT2 86e8=00aa
[M8T] OUT2 82e8=0047
[M8B] start cur=170,71 dyend=93 dpc=5211 dpitch=1024 doff=0 clip 171,0-193,1535 compat=0
[M8T] OUT2 e2e8=ff00
[M8T] OUT2 e2e8=ffff
*** 9 repeats ***
[M8T] OUT2 e2e8=00ff
[M8T] OUT2 e2e8=ff00
[M8T] OUT2 e2e8=0707
*** 9 repeats ***
[M8T] OUT2 e2e8=00f8
[M8T] OUT2 e2e8=ff00
[M8T] OUT2 e2e8=0707
*** 9 repeats ***
[M8T] OUT2 e2e8=00f8
[M8T] OUT2 e2e8=ff00
[M8T] OUT2 e2e8=0707
*** 9 repeats ***
[M8T] OUT2 e2e8=00f8
[M8T] OUT2 e2e8=ff00
[M8T] OUT2 e2e8=0707
[M8T] OUT2 e2e8=f807
[M8T] OUT2 e2e8=f8f8
*** 1 repeats ***
[M8T] OUT2 e2e8=07f8
[M8T] OUT2 e2e8=0707
*** 4 repeats ***
[M8T] OUT2 e2e8=00f8
[M8T] OUT2 e2e8=ff00
[M8T] OUT2 e2e8=0707
[M8T] OUT2 e2e8=f807
[M8T] OUT2 e2e8=ffff
*** 1 repeats ***
[M8T] OUT2 e2e8=f8f8
[M8T] OUT2 e2e8=0707
*** 4 repeats ***
[M8T] OUT2 e2e8=00f8
[M8T] OUT2 e2e8=ff00
[M8T] OUT2 e2e8=0707
[M8T] OUT2 e2e8=f807
[M8T] OUT2 e2e8=07ff
[M8T] OUT2 e2e8=0707
[M8T] OUT2 e2e8=fff8
[M8T] OUT2 e2e8=07f8
[M8T] OUT2 e2e8=0707
*** 3 repeats ***
[M8T] OUT2 e2e8=00f8
[M8T] OUT2 e2e8=ff00
[M8T] OUT2 e2e8=0707
[M8T] OUT2 e2e8=f807
[M8T] OUT2 e2e8=f8ff
[M8T] OUT2 e2e8=07f8
[M8T] OUT2 e2e8=f8f8
*** 2 repeats ***
[M8T] OUT2 e2e8=07f8
[M8T] OUT2 e2e8=0707
*** 1 repeats ***
[M8T] OUT2 e2e8=00f8
[M8T] OUT2 e2e8=ff00
[M8T] OUT2 e2e8=0707
[M8T] OUT2 e2e8=f807
[M8T] OUT2 e2e8=07ff
[M8T] OUT2 e2e8=ffff
[M8T] OUT2 e2e8=f807
[M8T] OUT2 e2e8=ffff
*** 1 repeats ***
[M8T] OUT2 e2e8=f8f8
[M8T] OUT2 e2e8=0707
*** 1 repeats ***
[M8T] OUT2 e2e8=00f8
[M8T] OUT2 e2e8=ff00
[M8T] OUT2 e2e8=0707
[M8T] OUT2 e2e8=f807
[M8T] OUT2 e2e8=f8ff
[M8T] OUT2 e2e8=f8f8
*** 1 repeats ***
[M8T] OUT2 e2e8=07ff
[M8T] OUT2 e2e8=0707
[M8T] OUT2 e2e8=fff8
[M8T] OUT2 e2e8=07f8
[M8T] OUT2 e2e8=0707
[M8T] OUT2 e2e8=00f8
[M8T] OUT2 e2e8=ff00
[M8T] OUT2 e2e8=0707
[M8T] OUT2 e2e8=f807
[M8T] OUT2 e2e8=07ff
[M8T] OUT2 e2e8=ffff
[M8T] OUT2 e2e8=f8ff
*** 1 repeats ***
[M8T] OUT2 e2e8=07f8
[M8T] OUT2 e2e8=f8f8
*** 1 repeats ***
[M8T] OUT2 e2e8=0707
[M8T] OUT2 e2e8=00f8
[M8T] OUT2 e2e8=ff00
[M8T] OUT2 e2e8=0707
[M8T] OUT2 e2e8=f807
[M8T] OUT2 e2e8=f8ff
[M8T] OUT2 e2e8=f8f8
*** 1 repeats ***
[M8T] OUT2 e2e8=07ff
[M8T] OUT2 e2e8=ffff
[M8T] OUT2 e2e8=ff07
[M8T] OUT2 e2e8=f8ff
[M8T] OUT2 e2e8=07ff
[M8T] OUT2 e2e8=00f8
[M8T] OUT2 e2e8=ff00
[M8T] OUT2 e2e8=0707
[M8T] OUT2 e2e8=f807
[M8T] OUT2 e2e8=07ff
[M8T] OUT2 e2e8=ffff
[M8T] OUT2 e2e8=f8ff
*** 1 repeats ***
[M8T] OUT2 e2e8=f8f8
*** 1 repeats ***
[M8T] OUT2 e2e8=f807
[M8T] OUT2 e2e8=07ff
[M8T] OUT2 e2e8=00f8
[M8T] OUT2 e2e8=ff00
[M8T] OUT2 e2e8=0707
[M8T] OUT2 e2e8=f807
[M8T] OUT2 e2e8=f8f8
*** 2 repeats ***
[M8T] OUT2 e2e8=07ff
[M8T] OUT2 e2e8=ffff
*** 1 repeats ***
[M8T] OUT2 e2e8=f8ff
[M8T] OUT2 e2e8=07ff
[M8T] OUT2 e2e8=00f8
[M8T] OUT2 e2e8=ff00
[M8T] OUT2 e2e8=0707
*** 1 repeats ***
[M8T] OUT2 e2e8=ffff
*** 1 repeats ***
[M8T] OUT2 e2e8=f8ff
*** 1 repeats ***
[M8T] OUT2 e2e8=f8f8
*** 1 repeats ***
[M8T] OUT2 e2e8=f807
[M8T] OUT2 e2e8=07ff
[M8T] OUT2 e2e8=00f8
[M8T] OUT2 e2e8=ff00
[M8T] OUT2 e2e8=0707
*** 3 repeats ***
[M8T] OUT2 e2e8=f807
[M8T] OUT2 e2e8=07ff
[M8T] OUT2 e2e8=ffff
*** 1 repeats ***
[M8T] OUT2 e2e8=f8ff
[M8T] OUT2 e2e8=07ff
[M8T] OUT2 e2e8=00f8
[M8T] OUT2 e2e8=ff00
[M8T] OUT2 e2e8=0707
*** 3 repeats ***
[M8T] OUT2 e2e8=f807
[M8T] OUT2 e2e8=f8f8
*** 3 repeats ***
[M8T] OUT2 e2e8=07ff
[M8T] OUT2 e2e8=00f8
[M8T] OUT2 e2e8=ff00
[M8T] OUT2 e2e8=0707
*** 4 repeats ***
[M8T] OUT2 e2e8=ffff
*** 3 repeats ***
[M8T] OUT2 e2e8=07ff
[M8T] OUT2 e2e8=00f8
[M8T] OUT2 e2e8=ff00
[M8T] OUT2 e2e8=0707
*** 9 repeats ***
[M8T] OUT2 e2e8=00f8
[M8T] OUT2 e2e8=ff00
[M8T] OUT2 e2e8=0707
*** 9 repeats ***
[M8T] OUT2 e2e8=00f8
[M8T] OUT2 e2e8=ff00
[M8T] OUT2 e2e8=f8f8
*** 9 repeats ***
[M8T] OUT2 e2e8=00f8
[M8T] OUT2 e2e8=0000
*** 11 repeats ***
[M8B] end cur=170,93
[M8T] IN2 9aee=0000
[M8T] OUT2 daee=0000
[M8T] OUT2 e2ee=05ff
[M8T] IN2 9aee=c000
[M8T] IN2 9aee=0000
[M8T] IN2 9ae8=0000
[M8T] OUT2 daee=00c2
[M8T] OUT2 e2ee=00d8
[M8T] OUT2 86e8=00c2
[M8T] OUT2 82e8=0047
[M8B] start cur=194,71 dyend=93 dpc=5211 dpitch=1024 doff=0 clip 194,0-216,1535 compat=0
[M8T] OUT2 e2e8=ffff
*** 10 repeats ***
[M8T] OUT2 e2e8=0700
[M8T] OUT2 e2e8=07ff
[M8T] OUT2 e2e8=0707
*** 8 repeats ***
[M8T] OUT2 e2e8=f807
[M8T] OUT2 e2e8=0700
[M8T] OUT2 e2e8=07ff
[M8T] OUT2 e2e8=0707
*** 8 repeats ***
[M8T] OUT2 e2e8=f807
[M8T] OUT2 e2e8=0700
[M8T] OUT2 e2e8=07ff
[M8T] OUT2 e2e8=0707
*** 8 repeats ***
[M8T] OUT2 e2e8=f807
[M8T] OUT2 e2e8=0700
[M8T] OUT2 e2e8=07ff
[M8T] OUT2 e2e8=0707
*** 2 repeats ***
[M8T] OUT2 e2e8=0000
*** 1 repeats ***
[M8T] OUT2 e2e8=0707
*** 3 repeats ***
[M8T] OUT2 e2e8=f807
[M8T] OUT2 e2e8=ff00
[M8T] OUT2 e2e8=07ff
[M8T] OUT2 e2e8=0707
[M8T] OUT2 e2e8=0000
*** 1 repeats ***
[M8T] OUT2 e2e8=fb00
[M8T] OUT2 e2e8=00fb
[M8T] OUT2 e2e8=0000
*** 1 repeats ***
[M8T] OUT2 e2e8=0707
*** 1 repeats ***
[M8T] OUT2 e2e8=f807
[M8T] OUT2 e2e8=0400
[M8T] OUT2 e2e8=07ff
[M8T] OUT2 e2e8=0007
[M8T] OUT2 e2e8=f803
[M8T] OUT2 e2e8=0003
[M8T] OUT2 e2e8=00fb
[M8T] OUT2 e2e8=fb00
[M8T] OUT2 e2e8=f800
[M8T] OUT2 e2e8=f803
[M8T] OUT2 e2e8=0700
[M8T] OUT2 e2e8=0707
[M8T] OUT2 e2e8=f807
[M8T] OUT2 e2e8=ff00
[M8T] OUT2 e2e8=07ff
[M8T] OUT2 e2e8=0007
[M8T] OUT2 e2e8=f8f8
[M8T] OUT2 e2e8=0700
[M8T] OUT2 e2e8=0707
*** 1 repeats ***
[M8T] OUT2 e2e8=0007
[M8T] OUT2 e2e8=03f8
[M8T] OUT2 e2e8=0700
[M8T] OUT2 e2e8=0707
[M8T] OUT2 e2e8=f807
[M8T] OUT2 e2e8=ff00
[M8T] OUT2 e2e8=07ff
[M8T] OUT2 e2e8=0007
[M8T] OUT2 e2e8=f803
[M8T] OUT2 e2e8=0000
*** 3 repeats ***
[M8T] OUT2 e2e8=f8f8
[M8T] OUT2 e2e8=0700
[M8T] OUT2 e2e8=0707
[M8T] OUT2 e2e8=f807
[M8T] OUT2 e2e8=0500
[M8T] OUT2 e2e8=07ff
[M8T] OUT2 e2e8=0007
[M8T] OUT2 e2e8=03f8
*** 5 repeats ***
[M8T] OUT2 e2e8=0700
[M8T] OUT2 e2e8=0707
[M8T] OUT2 e2e8=f807
[M8T] OUT2 e2e8=0700
[M8T] OUT2 e2e8=07ff
[M8T] OUT2 e2e8=0007
[M8T] OUT2 e2e8=f803
*** 1 repeats ***
[M8T] OUT2 e2e8=0403
[M8T] OUT2 e2e8=0404
*** 2 repeats ***
[M8T] OUT2 e2e8=0700
[M8T] OUT2 e2e8=0707
[M8T] OUT2 e2e8=f807
[M8T] OUT2 e2e8=ff00
[M8T] OUT2 e2e8=07ff
[M8T] OUT2 e2e8=0007
[M8T] OUT2 e2e8=03f8
*** 1 repeats ***
[M8T] OUT2 e2e8=04f8
[M8T] OUT2 e2e8=ffff
*** 1 repeats ***
[M8T] OUT2 e2e8=04ff
[M8T] OUT2 e2e8=0704
[M8T] OUT2 e2e8=0707
[M8T] OUT2 e2e8=f807
[M8T] OUT2 e2e8=0400
[M8T] OUT2 e2e8=07ff
[M8T] OUT2 e2e8=0007
[M8T] OUT2 e2e8=f803
*** 1 repeats ***
[M8T] OUT2 e2e8=0403
[M8T] OUT2 e2e8=ffff
*** 1 repeats ***
[M8T] OUT2 e2e8=04ff
*** 1 repeats ***
[M8T] OUT2 e2e8=0707
[M8T] OUT2 e2e8=f807
[M8T] OUT2 e2e8=0700
[M8T] OUT2 e2e8=07ff
[M8T] OUT2 e2e8=0007
[M8T] OUT2 e2e8=03f8
*** 1 repeats ***
[M8T] OUT2 e2e8=04f8
[M8T] OUT2 e2e8=00ff
[M8T] OUT2 e2e8=0000
[M8T] OUT2 e2e8=04ff
[M8T] OUT2 e2e8=0404
[M8T] OUT2 e2e8=0704
[M8T] OUT2 e2e8=f807
[M8T] OUT2 e2e8=3a00
[M8T] OUT2 e2e8=07ff
[M8T] OUT2 e2e8=0007
[M8T] OUT2 e2e8=f803
*** 1 repeats ***
[M8T] OUT2 e2e8=0403
[M8T] OUT2 e2e8=ffff
*** 3 repeats ***
[M8T] OUT2 e2e8=0704
[M8T] OUT2 e2e8=f807
[M8T] OUT2 e2e8=0000
[M8T] OUT2 e2e8=07ff
[M8T] OUT2 e2e8=0007
[M8T] OUT2 e2e8=03f8
*** 1 repeats ***
[M8T] OUT2 e2e8=04f8
[M8T] OUT2 e2e8=00ff
[M8T] OUT2 e2e8=0000
*** 1 repeats ***
[M8T] OUT2 e2e8=ff00
[M8T] OUT2 e2e8=0704
[M8T] OUT2 e2e8=f807
[M8T] OUT2 e2e8=0000
[M8T] OUT2 e2e8=07ff
[M8T] OUT2 e2e8=0707
[M8T] OUT2 e2e8=0000
*** 1 repeats ***
[M8T] OUT2 e2e8=0400
[M8T] OUT2 e2e8=ffff
*** 3 repeats ***
[M8T] OUT2 e2e8=0704
[M8T] OUT2 e2e8=f807
[M8T] OUT2 e2e8=0000
[M8T] OUT2 e2e8=07ff
[M8T] OUT2 e2e8=0707
*** 2 repeats ***
[M8T] OUT2 e2e8=0407
[M8T] OUT2 e2e8=0404
*** 3 repeats ***
[M8T] OUT2 e2e8=0704
[M8T] OUT2 e2e8=f807
[M8T] OUT2 e2e8=0000
[M8T] OUT2 e2e8=07ff
[M8T] OUT2 e2e8=0707
*** 8 repeats ***
[M8T] OUT2 e2e8=f807
[M8T] OUT2 e2e8=6500
[M8T] OUT2 e2e8=07ff
[M8T] OUT2 e2e8=0707
*** 8 repeats ***
[M8T] OUT2 e2e8=f807
[M8T] OUT2 e2e8=2000
[M8T] OUT2 e2e8=f8ff
[M8T] OUT2 e2e8=f8f8
*** 9 repeats ***
[M8T] OUT2 e2e8=2d00
[M8T] OUT2 e2e8=0000
*** 10 repeats ***
[M8T] OUT2 e2e8=ff00
[M8B] end cur=194,93
[M8T] IN2 9aee=0000
[M8T] OUT2 daee=0000
[M8T] OUT2 e2ee=05ff
[M8T] IN2 9aee=c000
[M8T] IN2 9aee=0000
[M8T] IN2 9ae8=0000
[M8T] OUT2 daee=00e1
[M8T] OUT2 e2ee=00f7
[M8T] OUT2 86e8=00e0
[M8T] OUT2 82e8=0047
[M8B] start cur=224,71 dyend=93 dpc=5211 dpitch=1024 doff=0 clip 225,0-247,1535 compat=0
[M8T] OUT2 e2e8=ff00
[M8T] OUT2 e2e8=ffff
*** 9 repeats ***
[M8T] OUT2 e2e8=00ff
[M8T] OUT2 e2e8=ff00
[M8T] OUT2 e2e8=0707
*** 9 repeats ***
[M8T] OUT2 e2e8=00f8
[M8T] OUT2 e2e8=ff00
[M8T] OUT2 e2e8=0707
*** 9 repeats ***
[M8T] OUT2 e2e8=00f8
[M8T] OUT2 e2e8=ff00
[M8T] OUT2 e2e8=0707
[M8T] OUT2 e2e8=0404
*** 6 repeats ***
[M8T] OUT2 e2e8=0704
[M8T] OUT2 e2e8=0707
[M8T] OUT2 e2e8=00f8
[M8T] OUT2 e2e8=ff00
[M8T] OUT2 e2e8=0707
[M8T] OUT2 e2e8=ff04
[M8T] OUT2 e2e8=ffff
*** 1 repeats ***
[M8T] OUT2 e2e8=01ff
[M8T] OUT2 e2e8=ffff
*** 2 repeats ***
[M8T] OUT2 e2e8=0704
[M8T] OUT2 e2e8=0707
[M8T] OUT2 e2e8=00f8
[M8T] OUT2 e2e8=ff00
[M8T] OUT2 e2e8=0707
[M8T] OUT2 e2e8=ff04
[M8T] OUT2 e2e8=ffff
*** 1 repeats ***
[M8T] OUT2 e2e8=0101
[M8T] OUT2 e2e8=ff01
[M8T] OUT2 e2e8=ffff
*** 1 repeats ***
[M8T] OUT2 e2e8=0704
[M8T] OUT2 e2e8=0707
[M8T] OUT2 e2e8=00f8
[M8T] OUT2 e2e8=ff00
[M8T] OUT2 e2e8=0707
[M8T] OUT2 e2e8=ff04
[M8T] OUT2 e2e8=ffff
[M8T] OUT2 e2e8=01ff
[M8T] OUT2 e2e8=0101
*** 1 repeats ***
[M8T] OUT2 e2e8=ffff
*** 1 repeats ***
[M8T] OUT2 e2e8=0704
[M8T] OUT2 e2e8=0707
[M8T] OUT2 e2e8=00f8
[M8T] OUT2 e2e8=ff00
[M8T] OUT2 e2e8=0707
[M8T] OUT2 e2e8=ff04
[M8T] OUT2 e2e8=ffff
*** 1 repeats ***
[M8T] OUT2 e2e8=01ff
[M8T] OUT2 e2e8=ffff
*** 2 repeats ***
[M8T] OUT2 e2e8=0704
[M8T] OUT2 e2e8=0707
[M8T] OUT2 e2e8=00f8
[M8T] OUT2 e2e8=ff00
[M8T] OUT2 e2e8=0707
[M8T] OUT2 e2e8=ff04
[M8T] OUT2 e2e8=01ff
[M8T] OUT2 e2e8=ffff
[M8T] OUT2 e2e8=01ff
[M8T] OUT2 e2e8=ffff
[M8T] OUT2 e2e8=01ff
[M8T] OUT2 e2e8=ffff
[M8T] OUT2 e2e8=0704
[M8T] OUT2 e2e8=0707
[M8T] OUT2 e2e8=00f8
[M8T] OUT2 e2e8=ff00
[M8T] OUT2 e2e8=0707
[M8T] OUT2 e2e8=ff04
[M8T] OUT2 e2e8=0101
[M8T] OUT2 e2e8=ffff
*** 2 repeats ***
[M8T] OUT2 e2e8=01ff
[M8T] OUT2 e2e8=ff01
[M8T] OUT2 e2e8=0704
[M8T] OUT2 e2e8=0707
[M8T] OUT2 e2e8=00f8
[M8T] OUT2 e2e8=ff00
[M8T] OUT2 e2e8=0707
[M8T] OUT2 e2e8=0104
[M8T] OUT2 e2e8=0101
*** 1 repeats ***
[M8T] OUT2 e2e8=ffff
[M8T] OUT2 e2e8=01ff
[M8T] OUT2 e2e8=0101
*** 1 repeats ***
[M8T] OUT2 e2e8=0704
[M8T] OUT2 e2e8=0707
[M8T] OUT2 e2e8=00f8
[M8T] OUT2 e2e8=ff00
[M8T] OUT2 e2e8=0707
[M8T] OUT2 e2e8=ff04
[M8T] OUT2 e2e8=0101
[M8T] OUT2 e2e8=ffff
*** 2 repeats ***
[M8T] OUT2 e2e8=01ff
[M8T] OUT2 e2e8=ff01
[M8T] OUT2 e2e8=0704
[M8T] OUT2 e2e8=0707
[M8T] OUT2 e2e8=00f8
[M8T] OUT2 e2e8=ff00
[M8T] OUT2 e2e8=0707
[M8T] OUT2 e2e8=ff04
[M8T] OUT2 e2e8=01ff
[M8T] OUT2 e2e8=ffff
[M8T] OUT2 e2e8=01ff
[M8T] OUT2 e2e8=ffff
[M8T] OUT2 e2e8=01ff
[M8T] OUT2 e2e8=ffff
[M8T] OUT2 e2e8=0704
[M8T] OUT2 e2e8=0707
[M8T] OUT2 e2e8=00f8
[M8T] OUT2 e2e8=ff00
[M8T] OUT2 e2e8=0707
[M8T] OUT2 e2e8=ff04
[M8T] OUT2 e2e8=ffff
*** 1 repeats ***
[M8T] OUT2 e2e8=01ff
[M8T] OUT2 e2e8=ffff
*** 2 repeats ***
[M8T] OUT2 e2e8=0704
[M8T] OUT2 e2e8=0707
[M8T] OUT2 e2e8=00f8
[M8T] OUT2 e2e8=ff00
[M8T] OUT2 e2e8=0707
[M8T] OUT2 e2e8=ff04
[M8T] OUT2 e2e8=ffff
[M8T] OUT2 e2e8=01ff
[M8T] OUT2 e2e8=0101
*** 1 repeats ***
[M8T] OUT2 e2e8=ffff
*** 1 repeats ***
[M8T] OUT2 e2e8=0704
[M8T] OUT2 e2e8=0707
[M8T] OUT2 e2e8=00f8
[M8T] OUT2 e2e8=ff00
[M8T] OUT2 e2e8=0707
[M8T] OUT2 e2e8=ff04
[M8T] OUT2 e2e8=ffff
*** 1 repeats ***
[M8T] OUT2 e2e8=0101
[M8T] OUT2 e2e8=ff01
[M8T] OUT2 e2e8=ffff
*** 1 repeats ***
[M8T] OUT2 e2e8=0704
[M8T] OUT2 e2e8=0707
[M8T] OUT2 e2e8=00f8
[M8T] OUT2 e2e8=ff00
[M8T] OUT2 e2e8=0707
[M8T] OUT2 e2e8=ff04
[M8T] OUT2 e2e8=ffff
*** 1 repeats ***
[M8T] OUT2 e2e8=01ff
[M8T] OUT2 e2e8=ffff
*** 2 repeats ***
[M8T] OUT2 e2e8=0704
[M8T] OUT2 e2e8=0707
[M8T] OUT2 e2e8=00f8
[M8T] OUT2 e2e8=ff00
[M8T] OUT2 e2e8=0707
[M8T] OUT2 e2e8=0404
*** 6 repeats ***
[M8T] OUT2 e2e8=0704
[M8T] OUT2 e2e8=0707
[M8T] OUT2 e2e8=00f8
[M8T] OUT2 e2e8=ff00
[M8T] OUT2 e2e8=0707
*** 9 repeats ***
[M8T] OUT2 e2e8=00f8
[M8T] OUT2 e2e8=ff00
[M8T] OUT2 e2e8=0707
*** 9 repeats ***
[M8T] OUT2 e2e8=00f8
[M8T] OUT2 e2e8=ff00
[M8T] OUT2 e2e8=f8f8
*** 9 repeats ***
[M8T] OUT2 e2e8=00f8
[M8T] OUT2 e2e8=0000
*** 11 repeats ***
[M8B] end cur=224,93
[M8T] IN2 9aee=0000
[M8T] OUT2 daee=0000
[M8T] OUT2 e2ee=05ff
[M8T] IN2 9aee=c000
[M8T] IN2 9aee=0000
[M8T] IN2 9ae8=0000
[M8T] OUT2 daee=0100
[M8T] OUT2 e2ee=0116
[M8T] OUT2 86e8=0100
[M8T] OUT2 82e8=0047
[M8B] start cur=256,71 dyend=93 dpc=5211 dpitch=1024 doff=0 clip 256,0-278,1535 compat=0
[M8T] OUT2 e2e8=ffff
*** 10 repeats ***
[M8T] OUT2 e2e8=0400
[M8T] OUT2 e2e8=07ff
[M8T] OUT2 e2e8=0707
*** 8 repeats ***
[M8T] OUT2 e2e8=f807
[M8T] OUT2 e2e8=0000
[M8T] OUT2 e2e8=07ff
[M8T] OUT2 e2e8=0707
*** 8 repeats ***
[M8T] OUT2 e2e8=f807
[M8T] OUT2 e2e8=0700
[M8T] OUT2 e2e8=07ff
[M8T] OUT2 e2e8=0707
*** 8 repeats ***
[M8T] OUT2 e2e8=f807
[M8T] OUT2 e2e8=0700
[M8T] OUT2 e2e8=07ff
[M8T] OUT2 e2e8=0707
*** 3 repeats ***
[M8T] OUT2 e2e8=0000
*** 2 repeats ***
[M8T] OUT2 e2e8=0407
[M8T] OUT2 e2e8=0704
[M8T] OUT2 e2e8=f807
[M8T] OUT2 e2e8=0700
[M8T] OUT2 e2e8=07ff
[M8T] OUT2 e2e8=0707
*** 2 repeats ***
[M8T] OUT2 e2e8=0007
[M8T] OUT2 e2e8=0707
*** 2 repeats ***
[M8T] OUT2 e2e8=0400
[M8T] OUT2 e2e8=0704
[M8T] OUT2 e2e8=f807
[M8T] OUT2 e2e8=0400
[M8T] OUT2 e2e8=07ff
[M8T] OUT2 e2e8=0707
*** 2 repeats ***
[M8T] OUT2 e2e8=0700
*** 1 repeats ***
[M8T] OUT2 e2e8=0707
*** 1 repeats ***
[M8T] OUT2 e2e8=0407
[M8T] OUT2 e2e8=0704
[M8T] OUT2 e2e8=f807
[M8T] OUT2 e2e8=0000
[M8T] OUT2 e2e8=07ff
[M8T] OUT2 e2e8=0007
[M8T] OUT2 e2e8=0000
*** 1 repeats ***
[M8T] OUT2 e2e8=0007
*** 1 repeats ***
[M8T] OUT2 e2e8=0707
*** 1 repeats ***
[M8T] OUT2 e2e8=0407
[M8T] OUT2 e2e8=0704
[M8T] OUT2 e2e8=f807
[M8T] OUT2 e2e8=f800
[M8T] OUT2 e2e8=07ff
[M8T] OUT2 e2e8=0007
[M8T] OUT2 e2e8=ffff
[M8T] OUT2 e2e8=0700
*** 3 repeats ***
[M8T] OUT2 e2e8=0707
[M8T] OUT2 e2e8=0400
[M8T] OUT2 e2e8=0704
[M8T] OUT2 e2e8=f807
[M8T] OUT2 e2e8=0700
[M8T] OUT2 e2e8=07ff
[M8T] OUT2 e2e8=0007
[M8T] OUT2 e2e8=00ff
[M8T] OUT2 e2e8=0007
[M8T] OUT2 e2e8=00ff
[M8T] OUT2 e2e8=0007
*** 1 repeats ***
[M8T] OUT2 e2e8=0000
[M8T] OUT2 e2e8=0407
[M8T] OUT2 e2e8=0704
[M8T] OUT2 e2e8=f807
[M8T] OUT2 e2e8=0000
[M8T] OUT2 e2e8=07ff
[M8T] OUT2 e2e8=0007
[M8T] OUT2 e2e8=00ff
[M8T] OUT2 e2e8=ff00
[M8T] OUT2 e2e8=ffff
[M8T] OUT2 e2e8=0700
[M8T] OUT2 e2e8=ff00
[M8T] OUT2 e2e8=0700
[M8T] OUT2 e2e8=0707
*** 1 repeats ***
[M8T] OUT2 e2e8=f807
[M8T] OUT2 e2e8=ff00
[M8T] OUT2 e2e8=07ff
[M8T] OUT2 e2e8=0007
[M8T] OUT2 e2e8=ffff
*** 2 repeats ***
[M8T] OUT2 e2e8=00ff
[M8T] OUT2 e2e8=ffff
[M8T] OUT2 e2e8=0700
[M8T] OUT2 e2e8=0707
*** 1 repeats ***
[M8T] OUT2 e2e8=f807
[M8T] OUT2 e2e8=0700
[M8T] OUT2 e2e8=07ff
[M8T] OUT2 e2e8=0007
[M8T] OUT2 e2e8=ffff
*** 4 repeats ***
[M8T] OUT2 e2e8=0700
[M8T] OUT2 e2e8=0707
*** 1 repeats ***
[M8T] OUT2 e2e8=f807
[M8T] OUT2 e2e8=0000
[M8T] OUT2 e2e8=07ff
[M8T] OUT2 e2e8=0007
[M8T] OUT2 e2e8=00ff
[M8T] OUT2 e2e8=ff00
[M8T] OUT2 e2e8=0000
*** 1 repeats ***
[M8T] OUT2 e2e8=ff00
[M8T] OUT2 e2e8=0700
[M8T] OUT2 e2e8=0707
*** 1 repeats ***
[M8T] OUT2 e2e8=f807
[M8T] OUT2 e2e8=4100
[M8T] OUT2 e2e8=07ff
[M8T] OUT2 e2e8=0007
[M8T] OUT2 e2e8=ffff
*** 4 repeats ***
[M8T] OUT2 e2e8=0700
[M8T] OUT2 e2e8=0707
*** 1 repeats ***
[M8T] OUT2 e2e8=f807
[M8T] OUT2 e2e8=0000
[M8T] OUT2 e2e8=07ff
[M8T] OUT2 e2e8=0007
[M8T] OUT2 e2e8=00ff
[M8T] OUT2 e2e8=ff00
[M8T] OUT2 e2e8=0000
*** 1 repeats ***
[M8T] OUT2 e2e8=ff00
[M8T] OUT2 e2e8=0700
[M8T] OUT2 e2e8=0707
*** 1 repeats ***
[M8T] OUT2 e2e8=f807
[M8T] OUT2 e2e8=0000
[M8T] OUT2 e2e8=07ff
[M8T] OUT2 e2e8=0007
[M8T] OUT2 e2e8=ffff
*** 4 repeats ***
[M8T] OUT2 e2e8=0700
[M8T] OUT2 e2e8=0707
*** 1 repeats ***
[M8T] OUT2 e2e8=f807
[M8T] OUT2 e2e8=0000
[M8T] OUT2 e2e8=07ff
[M8T] OUT2 e2e8=0007
[M8T] OUT2 e2e8=0000
*** 4 repeats ***
[M8T] OUT2 e2e8=0700
[M8T] OUT2 e2e8=0707
*** 1 repeats ***
[M8T] OUT2 e2e8=f807
[M8T] OUT2 e2e8=0000
[M8T] OUT2 e2e8=07ff
[M8T] OUT2 e2e8=0707
*** 8 repeats ***
[M8T] OUT2 e2e8=f807
[M8T] OUT2 e2e8=0000
[M8T] OUT2 e2e8=07ff
[M8T] OUT2 e2e8=0707
*** 8 repeats ***
[M8T] OUT2 e2e8=f807
[M8T] OUT2 e2e8=3100
[M8T] OUT2 e2e8=f8ff
[M8T] OUT2 e2e8=f8f8
*** 9 repeats ***
[M8T] OUT2 e2e8=2000
[M8T] OUT2 e2e8=0000
*** 11 repeats ***
[M8B] end cur=256,93
[M8T] IN2 9aee=0000
[M8T] OUT2 daee=0000
[M8T] OUT2 e2ee=05ff
[M8T] IN2 9aee=c000
[M8T] IN2 9aee=0000
[M8T] OUT2 8ee8=01f0
[M8T] OUT2 8ae8=0170
[M8T] IN2 9aee=fe00
[M8T] IN2 9aee=0000
[M8T] OUT2 86e8=0010
[M8T] OUT2 82e8=0300
[M8B] start cur=16,768 dyend=769 dpc=6211 dpitch=1024 doff=0 clip 0,0-1535,1535 compat=0
[M8B] end cur=0,769
[M8T] IN2 9aee=0000
[M8T] OUT2 8ae8=018f
[M8T] OUT2 8ee8=0200
[M8T] IN2 9aee=f000
[M8T] IN2 9aee=0000
[M8T] OUT2 86e8=0000
[M8T] OUT2 82e8=0301
[M8T] OUT2 caee=0010
[M8X] scan cur=0,769 to=16 compat=0 dpc=6211 dp_compat=0 frgd_sel=3 bkgd_sel=0 mono=0 fmix=07 cmd_back=1 pixw=1 pitch=1024 off=0 dstp=1024
[M8Y] count=-1 width=16 dx=0 dy=769 dest=0c0400 clip l=0 t=0 r=1535 b=1535 cmp=0 fc=00000007 wm=000000ff
[M8T] IN2 9aee=0000
[M8T] OUT2 daee=0000
[M8T] OUT2 deee=0000
[M8T] OUT2 e2ee=03ff
[M8T] OUT2 e6ee=02ff
[M8T] OUT2 a6e8=ffff
[M8T] IN2 9aee=ff00
[M8T] IN2 9aee=0000
[M8T] OUT2 8ae8=0301
[M8T] OUT2 8ee8=0010
[M8T] OUT2 82e8=0170
[M8T] OUT2 86e8=01f0
[M8B] start cur=496,368 dyend=400 dpc=2071 dpitch=1024 doff=0 clip 0,0-1023,767 compat=0
[M8T] IN2 9aee=0000
[M8T] OUT2 8ae8=0301
[M8T] OUT2 8ee8=0010
[M8T] OUT2 82e8=0170
[M8T] OUT2 86e8=01f0
[M8B] start cur=496,368 dyend=400 dpc=2071 dpitch=1024 doff=0 clip 0,0-1023,767 compat=0
[M8T] OUT2 e2ee=05ff
[M8T] OUT2 e6ee=05ff
[M8T] IN2 9aee=c000
[M8T] IN2 9aee=0000
[M8T] IN2 9ae8=0000
[M8T] OUT2 daee=0117
[M8T] OUT2 e2ee=012d
[M8T] OUT2 86e8=0116
[M8T] OUT2 82e8=0047
[M8B] start cur=278,71 dyend=93 dpc=5211 dpitch=1024 doff=0 clip 279,0-301,1535 compat=0
[M8T] OUT2 e2e8=0000
*** 10 repeats ***
[M8T] OUT2 e2e8=ff00
[M8T] OUT2 e2e8=0000
[M8T] OUT2 e2e8=f8f8
*** 9 repeats ***
[M8T] OUT2 e2e8=ff07
[M8T] OUT2 e2e8=0000
[M8T] OUT2 e2e8=fff8
[M8T] OUT2 e2e8=ff07
*** 9 repeats ***
[M8T] OUT2 e2e8=0000
[M8T] OUT2 e2e8=07f8
[M8T] OUT2 e2e8=07ff
*** 8 repeats ***
[M8T] OUT2 e2e8=ff07
[M8T] OUT2 e2e8=0000
[M8T] OUT2 e2e8=fff8
[M8T] OUT2 e2e8=ff07
*** 1 repeats ***
[M8T] OUT2 e2e8=f8f8
*** 5 repeats ***
[M8T] OUT2 e2e8=fff8
[M8T] OUT2 e2e8=ff07
[M8T] OUT2 e2e8=0000
[M8T] OUT2 e2e8=07f8
[M8T] OUT2 e2e8=07ff
*** 1 repeats ***
[M8T] OUT2 e2e8=f8f8
*** 5 repeats ***
[M8T] OUT2 e2e8=fff8
[M8T] OUT2 e2e8=ff07
[M8T] OUT2 e2e8=0000
[M8T] OUT2 e2e8=fff8
[M8T] OUT2 e2e8=ff07
*** 1 repeats ***
[M8T] OUT2 e2e8=fff8
[M8T] OUT2 e2e8=ffff
*** 4 repeats ***
[M8T] OUT2 e2e8=fff8
[M8T] OUT2 e2e8=ff07
[M8T] OUT2 e2e8=0000
[M8T] OUT2 e2e8=07f8
[M8T] OUT2 e2e8=07ff
*** 1 repeats ***
[M8T] OUT2 e2e8=fff8
[M8T] OUT2 e2e8=07ff
*** 1 repeats ***
[M8T] OUT2 e2e8=07f8
[M8T] OUT2 e2e8=07ff
*** 1 repeats ***
[M8T] OUT2 e2e8=fff8
[M8T] OUT2 e2e8=ff07
[M8T] OUT2 e2e8=0000
[M8T] OUT2 e2e8=fff8
[M8T] OUT2 e2e8=ff07
*** 1 repeats ***
[M8T] OUT2 e2e8=fff8
[M8T] OUT2 e2e8=ff07
[M8T] OUT2 e2e8=fff8
*** 2 repeats ***
[M8T] OUT2 e2e8=ff07
[M8T] OUT2 e2e8=fff8
[M8T] OUT2 e2e8=ff07
[M8T] OUT2 e2e8=0000
[M8T] OUT2 e2e8=07f8
[M8T] OUT2 e2e8=07ff
*** 1 repeats ***
[M8T] OUT2 e2e8=fff8
[M8T] OUT2 e2e8=07ff
[M8T] OUT2 e2e8=f8ff
*** 1 repeats ***
[M8T] OUT2 e2e8=ffff
[M8T] OUT2 e2e8=07ff
[M8T] OUT2 e2e8=fff8
[M8T] OUT2 e2e8=ff07
[M8T] OUT2 e2e8=0000
[M8T] OUT2 e2e8=fff8
[M8T] OUT2 e2e8=f807
[M8T] OUT2 e2e8=f8f8
*** 5 repeats ***
[M8T] OUT2 e2e8=ff07
[M8T] OUT2 e2e8=fff8
[M8T] OUT2 e2e8=ff07
[M8T] OUT2 e2e8=0000
[M8T] OUT2 e2e8=07f8
[M8T] OUT2 e2e8=f8ff
[M8T] OUT2 e2e8=f8f8
*** 5 repeats ***
[M8T] OUT2 e2e8=07ff
[M8T] OUT2 e2e8=fff8
[M8T] OUT2 e2e8=ff07
[M8T] OUT2 e2e8=0000
[M8T] OUT2 e2e8=fff8
[M8T] OUT2 e2e8=f807
[M8T] OUT2 e2e8=ffff
*** 4 repeats ***
[M8T] OUT2 e2e8=f8ff
[M8T] OUT2 e2e8=ffff
[M8T] OUT2 e2e8=fff8
[M8T] OUT2 e2e8=ff07
[M8T] OUT2 e2e8=0000
[M8T] OUT2 e2e8=07f8
[M8T] OUT2 e2e8=f8ff
[M8T] OUT2 e2e8=07ff
*** 4 repeats ***
[M8T] OUT2 e2e8=f8ff
[M8T] OUT2 e2e8=f8f8
[M8T] OUT2 e2e8=fff8
[M8T] OUT2 e2e8=ff07
[M8T] OUT2 e2e8=0000
[M8T] OUT2 e2e8=fff8
[M8T] OUT2 e2e8=f807
[M8T] OUT2 e2e8=ffff
[M8T] OUT2 e2e8=ff07
*** 3 repeats ***
[M8T] OUT2 e2e8=f807
[M8T] OUT2 e2e8=ffff
*** 1 repeats ***
[M8T] OUT2 e2e8=ff07
[M8T] OUT2 e2e8=0000
[M8T] OUT2 e2e8=07f8
[M8T] OUT2 e2e8=f8ff
[M8T] OUT2 e2e8=07ff
*** 4 repeats ***
[M8T] OUT2 e2e8=f8ff
[M8T] OUT2 e2e8=07ff
*** 1 repeats ***
[M8T] OUT2 e2e8=ff07
[M8T] OUT2 e2e8=0000
[M8T] OUT2 e2e8=fff8
[M8T] OUT2 e2e8=f807
[M8T] OUT2 e2e8=ffff
[M8T] OUT2 e2e8=ff07
*** 3 repeats ***
[M8T] OUT2 e2e8=f807
[M8T] OUT2 e2e8=ffff
[M8T] OUT2 e2e8=ff07
*** 1 repeats ***
[M8T] OUT2 e2e8=0000
[M8T] OUT2 e2e8=07f8
[M8T] OUT2 e2e8=f8ff
[M8T] OUT2 e2e8=07ff
*** 4 repeats ***
[M8T] OUT2 e2e8=f8ff
[M8T] OUT2 e2e8=07ff
*** 1 repeats ***
[M8T] OUT2 e2e8=ff07
[M8T] OUT2 e2e8=0000
[M8T] OUT2 e2e8=fff8
[M8T] OUT2 e2e8=f807
[M8T] OUT2 e2e8=f8f8
*** 5 repeats ***
[M8T] OUT2 e2e8=ffff
[M8T] OUT2 e2e8=ff07
*** 1 repeats ***
[M8T] OUT2 e2e8=0000
[M8T] OUT2 e2e8=07f8
[M8T] OUT2 e2e8=07ff
[M8T] OUT2 e2e8=ffff
*** 5 repeats ***
[M8T] OUT2 e2e8=07ff
*** 1 repeats ***
[M8T] OUT2 e2e8=ff07
[M8T] OUT2 e2e8=0000
[M8T] OUT2 e2e8=0707
*** 9 repeats ***
[M8T] OUT2 e2e8=ff07
[M8T] OUT2 e2e8=ff00
[M8T] OUT2 e2e8=ffff
*** 10 repeats ***
[M8B] end cur=278,93
[M8T] IN2 9aee=0000
[M8T] OUT2 daee=0000
[M8T] OUT2 e2ee=05ff
[M8T] IN2 9aee=c000
[M8T] IN2 9aee=0000
[M8T] IN2 9ae8=0000
[M8T] OUT2 daee=0136
[M8T] OUT2 e2ee=014c
[M8T] OUT2 86e8=0136
[M8T] OUT2 82e8=0047
[M8B] start cur=310,71 dyend=93 dpc=5211 dpitch=1024 doff=0 clip 310,0-332,1535 compat=0
[M8T] OUT2 e2e8=ffff
*** 10 repeats ***
[M8T] OUT2 e2e8=0700
[M8T] OUT2 e2e8=07ff
[M8T] OUT2 e2e8=0707
*** 8 repeats ***
[M8T] OUT2 e2e8=f807
[M8T] OUT2 e2e8=0700
[M8T] OUT2 e2e8=07ff
[M8T] OUT2 e2e8=0707
*** 8 repeats ***
[M8T] OUT2 e2e8=f807
[M8T] OUT2 e2e8=f800
[M8T] OUT2 e2e8=07ff
[M8T] OUT2 e2e8=0707
*** 8 repeats ***
[M8T] OUT2 e2e8=f807
[M8T] OUT2 e2e8=0700
[M8T] OUT2 e2e8=07ff
[M8T] OUT2 e2e8=0707
*** 2 repeats ***
[M8T] OUT2 e2e8=0007
[M8T] OUT2 e2e8=0707
*** 4 repeats ***
[M8T] OUT2 e2e8=f807
[M8T] OUT2 e2e8=0700
[M8T] OUT2 e2e8=07ff
[M8T] OUT2 e2e8=0707
*** 2 repeats ***
[M8T] OUT2 e2e8=0000
[M8T] OUT2 e2e8=0700
[M8T] OUT2 e2e8=0707
*** 3 repeats ***
[M8T] OUT2 e2e8=f807
[M8T] OUT2 e2e8=0100
[M8T] OUT2 e2e8=07ff
[M8T] OUT2 e2e8=0707
*** 2 repeats ***
[M8T] OUT2 e2e8=0000
[M8T] OUT2 e2e8=0700
[M8T] OUT2 e2e8=0707
*** 3 repeats ***
[M8T] OUT2 e2e8=f807
[M8T] OUT2 e2e8=ff00
[M8T] OUT2 e2e8=07ff
[M8T] OUT2 e2e8=0707
*** 2 repeats ***
[M8T] OUT2 e2e8=0000
*** 1 repeats ***
[M8T] OUT2 e2e8=0707
*** 3 repeats ***
[M8T] OUT2 e2e8=f807
[M8T] OUT2 e2e8=ff00
[M8T] OUT2 e2e8=07ff
[M8T] OUT2 e2e8=0707
*** 1 repeats ***
[M8T] OUT2 e2e8=0007
*** 1 repeats ***
[M8T] OUT2 e2e8=0000
[M8T] OUT2 e2e8=0707
*** 3 repeats ***
[M8T] OUT2 e2e8=f807
[M8T] OUT2 e2e8=ff00
[M8T] OUT2 e2e8=07ff
[M8T] OUT2 e2e8=0707
*** 1 repeats ***
[M8T] OUT2 e2e8=0007
*** 1 repeats ***
[M8T] OUT2 e2e8=0000
[M8T] OUT2 e2e8=0700
[M8T] OUT2 e2e8=0707
*** 2 repeats ***
[M8T] OUT2 e2e8=f807
[M8T] OUT2 e2e8=ff00
[M8T] OUT2 e2e8=07ff
[M8T] OUT2 e2e8=0707
*** 1 repeats ***
[M8T] OUT2 e2e8=0700
[M8T] OUT2 e2e8=0707
[M8T] OUT2 e2e8=0000
[M8T] OUT2 e2e8=0700
[M8T] OUT2 e2e8=0707
*** 2 repeats ***
[M8T] OUT2 e2e8=f807
[M8T] OUT2 e2e8=0700
[M8T] OUT2 e2e8=07ff
[M8T] OUT2 e2e8=0707
*** 1 repeats ***
[M8T] OUT2 e2e8=0700
[M8T] OUT2 e2e8=0707
[M8T] OUT2 e2e8=0000
*** 1 repeats ***
[M8T] OUT2 e2e8=0707
*** 2 repeats ***
[M8T] OUT2 e2e8=f807
[M8T] OUT2 e2e8=0700
[M8T] OUT2 e2e8=07ff
[M8T] OUT2 e2e8=0707
*** 1 repeats ***
[M8T] OUT2 e2e8=0000
*** 3 repeats ***
[M8T] OUT2 e2e8=0707
*** 2 repeats ***
[M8T] OUT2 e2e8=f807
[M8T] OUT2 e2e8=0000
[M8T] OUT2 e2e8=07ff
[M8T] OUT2 e2e8=0707
[M8T] OUT2 e2e8=0007
[M8T] OUT2 e2e8=0707
*** 1 repeats ***
[M8T] OUT2 e2e8=0007
[M8T] OUT2 e2e8=0000
[M8T] OUT2 e2e8=0700
[M8T] OUT2 e2e8=0707
*** 1 repeats ***
[M8T] OUT2 e2e8=f807
[M8T] OUT2 e2e8=0000
[M8T] OUT2 e2e8=07ff
[M8T] OUT2 e2e8=0707
[M8T] OUT2 e2e8=0007
[M8T] OUT2 e2e8=0707
*** 2 repeats ***
[M8T] OUT2 e2e8=0000
[M8T] OUT2 e2e8=0700
[M8T] OUT2 e2e8=0707
*** 1 repeats ***
[M8T] OUT2 e2e8=f807
[M8T] OUT2 e2e8=0000
[M8T] OUT2 e2e8=07ff
[M8T] OUT2 e2e8=0007
[M8T] OUT2 e2e8=0000
[M8T] OUT2 e2e8=0700
[M8T] OUT2 e2e8=0707
[M8T] OUT2 e2e8=0000
*** 2 repeats ***
[M8T] OUT2 e2e8=0700
[M8T] OUT2 e2e8=0707
[M8T] OUT2 e2e8=f807
[M8T] OUT2 e2e8=0000
[M8T] OUT2 e2e8=07ff
[M8T] OUT2 e2e8=0707
*** 8 repeats ***
[M8T] OUT2 e2e8=f807
[M8T] OUT2 e2e8=0000
[M8T] OUT2 e2e8=07ff
[M8T] OUT2 e2e8=0707
*** 8 repeats ***
[M8T] OUT2 e2e8=f807
[M8T] OUT2 e2e8=0000
[M8T] OUT2 e2e8=07ff
[M8T] OUT2 e2e8=0707
*** 8 repeats ***
[M8T] OUT2 e2e8=f807
[M8T] OUT2 e2e8=5800
[M8T] OUT2 e2e8=07ff
[M8T] OUT2 e2e8=0707
*** 8 repeats ***
[M8T] OUT2 e2e8=f807
[M8T] OUT2 e2e8=2000
[M8T] OUT2 e2e8=f8ff
[M8T] OUT2 e2e8=f8f8
*** 9 repeats ***
[M8T] OUT2 e2e8=0000
*** 12 repeats ***
[M8B] end cur=310,93
[M8T] IN2 9aee=0000
[M8T] OUT2 daee=0000
[M8T] OUT2 e2ee=05ff
[M8T] IN2 9aee=c000
[M8T] IN2 9aee=0000
[M8T] OUT2 a6e8=ffff
[M8T] OUT2 86e8=008b
[M8T] OUT2 82e8=0048
[M8B] start cur=139,72 dyend=91 dpc=2211 dpitch=1024 doff=0 clip 0,0-1535,1535 compat=0
[M8B] end cur=139,91
[M8T] IN2 9aee=0000
[M8T] OUT2 a6e8=ffff
[M8T] OUT2 86e8=0030
[M8T] OUT2 82e8=005a
[M8B] start cur=48,90 dyend=91 dpc=2211 dpitch=1024 doff=0 clip 0,0-1535,1535 compat=0
[M8B] end cur=48,91
[M8T] IN2 9aee=0000
[M8T] OUT2 a6e8=f8f8
[M8T] OUT2 86e8=0030
[M8T] OUT2 82e8=0048
[M8B] start cur=48,72 dyend=90 dpc=2211 dpitch=1024 doff=0 clip 0,0-1535,1535 compat=0
[M8B] end cur=48,90
[M8T] IN2 9aee=0000
[M8T] OUT2 a6e8=f8f8
[M8T] OUT2 86e8=0031
[M8T] OUT2 82e8=0048
[M8B] start cur=49,72 dyend=73 dpc=2211 dpitch=1024 doff=0 clip 0,0-1535,1535 compat=0
[M8B] end cur=49,73
[M8T] IN2 9aee=0000
[M8T] OUT2 a6e8=0707
[M8T] OUT2 86e8=008a
[M8T] OUT2 82e8=0049
[M8B] start cur=138,73 dyend=90 dpc=2211 dpitch=1024 doff=0 clip 0,0-1535,1535 compat=0
[M8B] end cur=138,90
[M8T] IN2 9aee=0000
[M8T] OUT2 a6e8=0707
[M8T] OUT2 86e8=0031
[M8T] OUT2 82e8=0059
[M8B] start cur=49,89 dyend=90 dpc=2211 dpitch=1024 doff=0 clip 0,0-1535,1535 compat=0
[M8B] end cur=49,90
[M8T] IN2 9aee=0000
[M8T] OUT2 a6e8=0000
[M8T] OUT2 86e8=0031
[M8T] OUT2 82e8=0049
[M8B] start cur=49,73 dyend=89 dpc=2211 dpitch=1024 doff=0 clip 0,0-1535,1535 compat=0
[M8B] end cur=49,89
[M8T] IN2 9aee=0000
[M8T] OUT2 a6e8=0000
[M8T] OUT2 86e8=0032
[M8T] OUT2 82e8=0049
[M8B] start cur=50,73 dyend=74 dpc=2211 dpitch=1024 doff=0 clip 0,0-1535,1535 compat=0
[M8B] end cur=50,74
[M8T] IN2 9aee=0000
[M8T] OUT2 a6e8=0000
[M8T] OUT2 86e8=0089
[M8T] OUT2 82e8=004a
[M8B] start cur=137,74 dyend=89 dpc=2211 dpitch=1024 doff=0 clip 0,0-1535,1535 compat=0
[M8B] end cur=137,89
[M8T] IN2 9aee=0000
[M8T] OUT2 a6e8=0000
[M8T] OUT2 86e8=007a
[M8T] OUT2 82e8=0058
[M8B] start cur=122,88 dyend=89 dpc=2211 dpitch=1024 doff=0 clip 0,0-1535,1535 compat=0
[M8B] end cur=122,89
[M8T] IN2 9aee=0000
[M8T] OUT2 a6e8=0707
[M8T] OUT2 86e8=007a
[M8T] OUT2 82e8=004a
[M8B] start cur=122,74 dyend=88 dpc=2211 dpitch=1024 doff=0 clip 0,0-1535,1535 compat=0
[M8B] end cur=122,88
[M8T] IN2 9aee=0000
[M8T] OUT2 a6e8=0707
[M8T] OUT2 86e8=007b
[M8T] OUT2 82e8=004a
[M8B] start cur=123,74 dyend=75 dpc=2211 dpitch=1024 doff=0 clip 0,0-1535,1535 compat=0
[M8B] end cur=123,75
[M8T] IN2 9aee=0000
[M8T] OUT2 a6e8=f8f8
[M8T] OUT2 86e8=0088
[M8T] OUT2 82e8=004b
[M8B] start cur=136,75 dyend=88 dpc=2211 dpitch=1024 doff=0 clip 0,0-1535,1535 compat=0
[M8B] end cur=136,88
[M8T] IN2 9aee=0000
[M8T] OUT2 a6e8=f8f8
[M8T] OUT2 86e8=007b
[M8T] OUT2 82e8=0057
[M8B] start cur=123,87 dyend=88 dpc=2211 dpitch=1024 doff=0 clip 0,0-1535,1535 compat=0
[M8B] end cur=123,88
[M8T] IN2 9aee=0000
[M8T] OUT2 a6e8=ffff
[M8T] OUT2 86e8=007b
[M8T] OUT2 82e8=004b
[M8B] start cur=123,75 dyend=87 dpc=2211 dpitch=1024 doff=0 clip 0,0-1535,1535 compat=0
[M8B] end cur=123,87
[M8T] IN2 9aee=0000
[M8T] OUT2 a6e8=ffff
[M8T] OUT2 86e8=007c
[M8T] OUT2 82e8=004b
[M8B] start cur=124,75 dyend=76 dpc=2211 dpitch=1024 doff=0 clip 0,0-1535,1535 compat=0
[M8B] end cur=124,76
[M8T] IN2 9aee=0000
[M8T] OUT2 a6e8=0707
[M8T] OUT2 86e8=007c
[M8T] OUT2 82e8=004c
[M8B] start cur=124,76 dyend=87 dpc=2211 dpitch=1024 doff=0 clip 0,0-1535,1535 compat=0
[M8B] end cur=124,87
[M8T] IN2 9aee=0000
[M8T] OUT2 daee=0071
[M8T] OUT2 deee=004c
[M8T] OUT2 e2ee=0091
[M8T] OUT2 e6ee=0056
[M8T] IN2 9aee=f000
[M8T] IN2 9aee=0000
[M8T] OUT2 a6e8=0000
[M8T] IN2 9aee=f800
[M8T] IN2 9aee=0000
[M8T] OUT2 86e8=007e
[M8T] OUT2 82e8=0051
[M8B] start cur=126,81 dyend=84 dpc=3251 dpitch=1024 doff=0 clip 113,76-145,86 compat=0
[M8T] IN2 9aee=0000
[M8T] OUT2 e2e8=707c
[M8T] OUT2 e2e8=0040
[M8T] IN2 9aee=0000
[M8T] OUT2 daee=0000
[M8T] OUT2 deee=0000
[M8T] OUT2 e2ee=05ff
[M8T] OUT2 e6ee=05ff
[M8T] IN2 9aee=f000
[M8T] IN2 9aee=0000
[M8T] OUT2 a6e8=ffff
[M8T] OUT2 86e8=0032
[M8T] OUT2 82e8=004a
[M8B] start cur=50,74 dyend=89 dpc=2211 dpitch=1024 doff=0 clip 0,0-1535,1535 compat=0
[M8B] end cur=50,89
[M8T] IN2 9aee=0000
[M8T] OUT2 a6e8=ffff
[M8T] OUT2 86e8=0033
[M8T] OUT2 82e8=004b
[M8B] start cur=51,75 dyend=88 dpc=2211 dpitch=1024 doff=0 clip 0,0-1535,1535 compat=0
[M8B] end cur=51,88
[M8T] IN2 9aee=0000
[M8T] OUT2 daee=003c
[M8T] OUT2 deee=004b
[M8T] OUT2 e2ee=0078
[M8T] OUT2 e6ee=0057
[M8T] IN2 9aee=f000
[M8T] IN2 9aee=0000
[M8T] OUT2 a6e8=ffff
[M8T] IN2 9aee=e000
[M8T] IN2 9aee=0000
[M8T] OUT2 86e8=0047
[M8T] OUT2 82e8=004b
[M8B] start cur=71,75 dyend=88 dpc=2211 dpitch=1024 doff=0 clip 60,75-120,87 compat=0
[M8B] end cur=71,88
[M8T] IN2 9aee=0000
[M8T] OUT2 a6e8=0000
[M8T] IN2 9aee=f800
[M8T] IN2 9aee=0000
[M8T] OUT2 86e8=0047
[M8T] OUT2 82e8=004d
[M8B] start cur=71,77 dyend=86 dpc=3251 dpitch=1024 doff=0 clip 60,75-120,87 compat=0
[M8T] OUT2 e2e8=2010
[M8T] OUT2 e2e8=44a1
[M8T] OUT2 e2e8=9f48
[M8T] OUT2 e2e8=8241
[M8T] OUT2 86e8=004f
[M8T] OUT2 82e8=0050
[M8B] start cur=79,80 dyend=86 dpc=3251 dpitch=1024 doff=0 clip 60,75-120,87 compat=0
[M8T] OUT2 e2e8=638c
[M8T] OUT2 e2e8=b419
[M8T] IN2 9aee=0000
[M8T] OUT2 86e8=0055
[M8T] OUT2 82e8=004e
[M8B] start cur=85,78 dyend=86 dpc=3251 dpitch=1024 doff=0 clip 60,75-120,87 compat=0
[M8T] OUT2 e2e8=a9ae
[M8T] OUT2 e2e8=0000
[M8T] OUT2 86e8=0058
[M8T] OUT2 82e8=0050
[M8B] start cur=88,80 dyend=86 dpc=3251 dpitch=1024 doff=0 clip 60,75-120,87 compat=0
[M8T] OUT2 e2e8=6374
[M8T] OUT2 e2e8=b818
[M8T] IN2 9aee=0000
[M8T] OUT2 daee=0000
[M8T] OUT2 deee=0000
[M8T] OUT2 e2ee=05ff
[M8T] OUT2 e6ee=05ff
[M8T] IN2 9aee=f000
[M8T] IN2 9aee=0000
[M8T] OUT2 a6e8=0707
[M8T] OUT2 86e8=0030
[M8T] OUT2 82e8=0042
[M8B] start cur=48,66 dyend=67 dpc=2211 dpitch=1024 doff=0 clip 0,0-1535,1535 compat=0
[M8B] end cur=48,67
[M8T] IN2 9aee=0000
[M8T] IN2 9ae8=0000
[M8T] OUT2 daee=027e
[M8T] OUT2 e2ee=02b3
[M8T] OUT2 86e8=027e
[M8T] OUT2 82e8=0030
[M8B] start cur=638,48 dyend=66 dpc=5211 dpitch=1024 doff=0 clip 638,0-691,1535 compat=0
[M8T] OUT2 e2e8=f8f8
*** 54 repeats ***
[M8T] OUT2 e2e8=ffff
*** 6 repeats ***
[M8T] OUT2 e2e8=00ff
[M8T] OUT2 e2e8=ffff
*** 6 repeats ***
[M8T] OUT2 e2e8=00ff
[M8T] OUT2 e2e8=f8f8
[M8T] OUT2 e2e8=ffff
*** 6 repeats ***
[M8T] OUT2 e2e8=00ff
[M8T] OUT2 e2e8=f8f8
*** 1 repeats ***
[M8T] OUT2 e2e8=07ff
[M8T] OUT2 e2e8=0707
*** 5 repeats ***
[M8T] OUT2 e2e8=00f8
[M8T] OUT2 e2e8=07ff
[M8T] OUT2 e2e8=0707
*** 5 repeats ***
[M8T] OUT2 e2e8=00f8
[M8T] OUT2 e2e8=f8f8
[M8T] OUT2 e2e8=07ff
[M8T] OUT2 e2e8=0707
*** 5 repeats ***
[M8T] OUT2 e2e8=00f8
[M8T] OUT2 e2e8=f8f8
*** 1 repeats ***
[M8T] OUT2 e2e8=07ff
[M8T] OUT2 e2e8=0707
*** 5 repeats ***
[M8T] OUT2 e2e8=00f8
[M8T] OUT2 e2e8=07ff
[M8T] OUT2 e2e8=0007
[M8T] OUT2 e2e8=0000
*** 3 repeats ***
[M8T] OUT2 e2e8=0707
[M8T] OUT2 e2e8=00f8
[M8T] OUT2 e2e8=f8f8
[M8T] OUT2 e2e8=07ff
[M8T] OUT2 e2e8=0707
*** 5 repeats ***
[M8T] OUT2 e2e8=00f8
[M8T] OUT2 e2e8=f8f8
*** 1 repeats ***
[M8T] OUT2 e2e8=07ff
[M8T] OUT2 e2e8=0707
*** 5 repeats ***
[M8T] OUT2 e2e8=00f8
[M8T] OUT2 e2e8=07ff
[M8T] OUT2 e2e8=0007
[M8T] OUT2 e2e8=0000
*** 3 repeats ***
[M8T] OUT2 e2e8=0707
[M8T] OUT2 e2e8=00f8
[M8T] OUT2 e2e8=f8f8
[M8T] OUT2 e2e8=07ff
[M8T] OUT2 e2e8=0707
[M8T] OUT2 e2e8=0000
[M8T] OUT2 e2e8=0707
*** 1 repeats ***
[M8T] OUT2 e2e8=0000
[M8T] OUT2 e2e8=0707
[M8T] OUT2 e2e8=00f8
[M8T] OUT2 e2e8=f8f8
*** 1 repeats ***
[M8T] OUT2 e2e8=07ff
[M8T] OUT2 e2e8=0707
*** 5 repeats ***
[M8T] OUT2 e2e8=00f8
[M8T] OUT2 e2e8=07ff
[M8T] OUT2 e2e8=0007
[M8T] OUT2 e2e8=0707
*** 2 repeats ***
[M8T] OUT2 e2e8=0007
[M8T] OUT2 e2e8=0707
[M8T] OUT2 e2e8=00f8
[M8T] OUT2 e2e8=f8f8
[M8T] OUT2 e2e8=07ff
[M8T] OUT2 e2e8=0707
[M8T] OUT2 e2e8=0007
[M8T] OUT2 e2e8=0700
[M8T] OUT2 e2e8=0007
[M8T] OUT2 e2e8=0700
[M8T] OUT2 e2e8=0707
[M8T] OUT2 e2e8=00f8
[M8T] OUT2 e2e8=f8f8
*** 1 repeats ***
[M8T] OUT2 e2e8=07ff
[M8T] OUT2 e2e8=0707
*** 5 repeats ***
[M8T] OUT2 e2e8=00f8
[M8T] OUT2 e2e8=07ff
[M8T] OUT2 e2e8=0007
[M8T] OUT2 e2e8=0707
*** 2 repeats ***
[M8T] OUT2 e2e8=0007
[M8T] OUT2 e2e8=0707
[M8T] OUT2 e2e8=00f8
[M8T] OUT2 e2e8=f8f8
[M8T] OUT2 e2e8=07ff
[M8T] OUT2 e2e8=0707
*** 1 repeats ***
[M8T] OUT2 e2e8=0000
*** 1 repeats ***
[M8T] OUT2 e2e8=0707
*** 1 repeats ***
[M8T] OUT2 e2e8=00f8
[M8T] OUT2 e2e8=f8f8
*** 1 repeats ***
[M8T] OUT2 e2e8=07ff
[M8T] OUT2 e2e8=0707
*** 5 repeats ***
[M8T] OUT2 e2e8=00f8
[M8T] OUT2 e2e8=07ff
[M8T] OUT2 e2e8=0007
[M8T] OUT2 e2e8=0707
*** 2 repeats ***
[M8T] OUT2 e2e8=0007
[M8T] OUT2 e2e8=0707
[M8T] OUT2 e2e8=00f8
[M8T] OUT2 e2e8=f8f8
[M8T] OUT2 e2e8=07ff
[M8T] OUT2 e2e8=0707
*** 1 repeats ***
[M8T] OUT2 e2e8=0007
[M8T] OUT2 e2e8=0700
[M8T] OUT2 e2e8=0707
*** 1 repeats ***
[M8T] OUT2 e2e8=00f8
[M8T] OUT2 e2e8=f8f8
*** 1 repeats ***
[M8T] OUT2 e2e8=07ff
[M8T] OUT2 e2e8=0707
*** 5 repeats ***
[M8T] OUT2 e2e8=00f8
[M8T] OUT2 e2e8=07ff
[M8T] OUT2 e2e8=0007
[M8T] OUT2 e2e8=0707
*** 2 repeats ***
[M8T] OUT2 e2e8=0007
[M8T] OUT2 e2e8=0707
[M8T] OUT2 e2e8=00f8
[M8T] OUT2 e2e8=f8f8
[M8T] OUT2 e2e8=07ff
[M8T] OUT2 e2e8=0707
*** 1 repeats ***
[M8T] OUT2 e2e8=0000
*** 1 repeats ***
[M8T] OUT2 e2e8=0707
*** 1 repeats ***
[M8T] OUT2 e2e8=00f8
[M8T] OUT2 e2e8=f8f8
*** 1 repeats ***
[M8T] OUT2 e2e8=07ff
[M8T] OUT2 e2e8=0707
*** 5 repeats ***
[M8T] OUT2 e2e8=00f8
[M8T] OUT2 e2e8=07ff
[M8T] OUT2 e2e8=0007
[M8T] OUT2 e2e8=0707
*** 2 repeats ***
[M8T] OUT2 e2e8=0007
[M8T] OUT2 e2e8=0707
[M8T] OUT2 e2e8=00f8
[M8T] OUT2 e2e8=f8f8
[M8T] OUT2 e2e8=07ff
[M8T] OUT2 e2e8=0707
[M8T] OUT2 e2e8=0007
[M8T] OUT2 e2e8=0700
[M8T] OUT2 e2e8=0007
[M8T] OUT2 e2e8=0700
[M8T] OUT2 e2e8=0707
[M8T] OUT2 e2e8=00f8
[M8T] OUT2 e2e8=f8f8
*** 1 repeats ***
[M8T] OUT2 e2e8=07ff
[M8T] OUT2 e2e8=0707
[M8T] OUT2 e2e8=0000
*** 2 repeats ***
[M8T] OUT2 e2e8=0707
*** 1 repeats ***
[M8T] OUT2 e2e8=00f8
[M8T] OUT2 e2e8=07ff
[M8T] OUT2 e2e8=0007
[M8T] OUT2 e2e8=0707
*** 2 repeats ***
[M8T] OUT2 e2e8=0007
[M8T] OUT2 e2e8=0707
[M8T] OUT2 e2e8=00f8
[M8T] OUT2 e2e8=f8f8
[M8T] OUT2 e2e8=07ff
[M8T] OUT2 e2e8=0707
[M8T] OUT2 e2e8=0000
[M8T] OUT2 e2e8=0707
*** 1 repeats ***
[M8T] OUT2 e2e8=0000
[M8T] OUT2 e2e8=0707
[M8T] OUT2 e2e8=00f8
[M8T] OUT2 e2e8=f8f8
*** 1 repeats ***
[M8T] OUT2 e2e8=07ff
[M8T] OUT2 e2e8=0707
[M8T] OUT2 e2e8=0000
*** 2 repeats ***
[M8T] OUT2 e2e8=0707
*** 1 repeats ***
[M8T] OUT2 e2e8=00f8
[M8T] OUT2 e2e8=07ff
[M8T] OUT2 e2e8=0007
[M8T] OUT2 e2e8=0000
*** 3 repeats ***
[M8T] OUT2 e2e8=0707
[M8T] OUT2 e2e8=00f8
[M8T] OUT2 e2e8=f8f8
[M8T] OUT2 e2e8=07ff
[M8T] OUT2 e2e8=0707
*** 5 repeats ***
[M8T] OUT2 e2e8=00f8
[M8T] OUT2 e2e8=f8f8
*** 1 repeats ***
[M8T] OUT2 e2e8=07ff
[M8T] OUT2 e2e8=0707
*** 5 repeats ***
[M8T] OUT2 e2e8=00f8
[M8T] OUT2 e2e8=07ff
[M8T] OUT2 e2e8=0707
*** 5 repeats ***
[M8T] OUT2 e2e8=00f8
[M8T] OUT2 e2e8=f8f8
[M8T] OUT2 e2e8=07ff
[M8T] OUT2 e2e8=0707
*** 5 repeats ***
[M8T] OUT2 e2e8=00f8
[M8T] OUT2 e2e8=f8f8
*** 1 repeats ***
[M8T] OUT2 e2e8=f8ff
[M8T] OUT2 e2e8=f8f8
*** 5 repeats ***
[M8T] OUT2 e2e8=00f8
[M8T] OUT2 e2e8=f8ff
[M8T] OUT2 e2e8=f8f8
*** 5 repeats ***
[M8T] OUT2 e2e8=00f8
[M8T] OUT2 e2e8=f8f8
[M8T] OUT2 e2e8=f8ff
[M8T] OUT2 e2e8=f8f8
*** 5 repeats ***
[M8T] OUT2 e2e8=00f8
[M8T] OUT2 e2e8=f8f8
*** 1 repeats ***
[M8T] OUT2 e2e8=0000
*** 15 repeats ***
[M8T] OUT2 e2e8=f8f8
[M8T] OUT2 e2e8=0000
*** 7 repeats ***
[M8T] OUT2 e2e8=f8f8
*** 54 repeats ***
[M8B] end cur=638,66
[M8T] IN2 9aee=0000
[M8T] OUT2 daee=0000
[M8T] OUT2 e2ee=05ff
[M8T] IN2 9aee=c000
[M8T] IN2 9aee=0000
[M8T] OUT2 a6e8=0707
[M8T] OUT2 86e8=0030
[M8T] OUT2 82e8=0042
[M8B] start cur=48,66 dyend=67 dpc=2211 dpitch=1024 doff=0 clip 0,0-1535,1535 compat=0
[M8B] end cur=48,67
[M8T] IN2 9aee=0000
[M8T] IN2 9ae8=0000
[M8T] OUT2 daee=027e
[M8T] OUT2 e2ee=02b3
[M8T] OUT2 86e8=027e
[M8T] OUT2 82e8=0030
[M8B] start cur=638,48 dyend=66 dpc=5211 dpitch=1024 doff=0 clip 638,0-691,1535 compat=0
[M8T] OUT2 e2e8=f8f8
*** 54 repeats ***
[M8T] OUT2 e2e8=ffff
*** 6 repeats ***
[M8T] OUT2 e2e8=00ff
[M8T] OUT2 e2e8=ffff
*** 6 repeats ***
[M8T] OUT2 e2e8=00ff
[M8T] OUT2 e2e8=f8f8
[M8T] OUT2 e2e8=ffff
*** 6 repeats ***
[M8T] OUT2 e2e8=00ff
[M8T] OUT2 e2e8=f8f8
*** 1 repeats ***
[M8T] OUT2 e2e8=07ff
[M8T] OUT2 e2e8=0707
*** 5 repeats ***
[M8T] OUT2 e2e8=00f8
[M8T] OUT2 e2e8=07ff
[M8T] OUT2 e2e8=0707
*** 5 repeats ***
[M8T] OUT2 e2e8=00f8
[M8T] OUT2 e2e8=f8f8
[M8T] OUT2 e2e8=07ff
[M8T] OUT2 e2e8=0707
*** 5 repeats ***
[M8T] OUT2 e2e8=00f8
[M8T] OUT2 e2e8=f8f8
*** 1 repeats ***
[M8T] OUT2 e2e8=07ff
[M8T] OUT2 e2e8=0707
*** 5 repeats ***
[M8T] OUT2 e2e8=00f8
[M8T] OUT2 e2e8=07ff
[M8T] OUT2 e2e8=0007
[M8T] OUT2 e2e8=0000
*** 3 repeats ***
[M8T] OUT2 e2e8=0707
[M8T] OUT2 e2e8=00f8
[M8T] OUT2 e2e8=f8f8
[M8T] OUT2 e2e8=07ff
[M8T] OUT2 e2e8=0707
*** 5 repeats ***
[M8T] OUT2 e2e8=00f8
[M8T] OUT2 e2e8=f8f8
*** 1 repeats ***
[M8T] OUT2 e2e8=07ff
[M8T] OUT2 e2e8=0707
*** 5 repeats ***
[M8T] OUT2 e2e8=00f8
[M8T] OUT2 e2e8=07ff
[M8T] OUT2 e2e8=0007
[M8T] OUT2 e2e8=0000
*** 3 repeats ***
[M8T] OUT2 e2e8=0707
[M8T] OUT2 e2e8=00f8
[M8T] OUT2 e2e8=f8f8
[M8T] OUT2 e2e8=07ff
[M8T] OUT2 e2e8=0707
[M8T] OUT2 e2e8=0000
[M8T] OUT2 e2e8=0707
*** 1 repeats ***
[M8T] OUT2 e2e8=0000
[M8T] OUT2 e2e8=0707
[M8T] OUT2 e2e8=00f8
[M8T] OUT2 e2e8=f8f8
*** 1 repeats ***
[M8T] OUT2 e2e8=07ff
[M8T] OUT2 e2e8=0707
*** 5 repeats ***
[M8T] OUT2 e2e8=00f8
[M8T] OUT2 e2e8=07ff
[M8T] OUT2 e2e8=0007
[M8T] OUT2 e2e8=0707
*** 2 repeats ***
[M8T] OUT2 e2e8=0007
[M8T] OUT2 e2e8=0707
[M8T] OUT2 e2e8=00f8
[M8T] OUT2 e2e8=f8f8
[M8T] OUT2 e2e8=07ff
[M8T] OUT2 e2e8=0707
[M8T] OUT2 e2e8=0007
[M8T] OUT2 e2e8=0700
[M8T] OUT2 e2e8=0007
[M8T] OUT2 e2e8=0700
[M8T] OUT2 e2e8=0707
[M8T] OUT2 e2e8=00f8
[M8T] OUT2 e2e8=f8f8
*** 1 repeats ***
[M8T] OUT2 e2e8=07ff
[M8T] OUT2 e2e8=0707
*** 5 repeats ***
[M8T] OUT2 e2e8=00f8
[M8T] OUT2 e2e8=07ff
[M8T] OUT2 e2e8=0007
[M8T] OUT2 e2e8=0707
*** 2 repeats ***
[M8T] OUT2 e2e8=0007
[M8T] OUT2 e2e8=0707
[M8T] OUT2 e2e8=00f8
[M8T] OUT2 e2e8=f8f8
[M8T] OUT2 e2e8=07ff
[M8T] OUT2 e2e8=0707
*** 1 repeats ***
[M8T] OUT2 e2e8=0000
*** 1 repeats ***
[M8T] OUT2 e2e8=0707
*** 1 repeats ***
[M8T] OUT2 e2e8=00f8
[M8T] OUT2 e2e8=f8f8
*** 1 repeats ***
[M8T] OUT2 e2e8=07ff
[M8T] OUT2 e2e8=0707
*** 5 repeats ***
[M8T] OUT2 e2e8=00f8
[M8T] OUT2 e2e8=07ff
[M8T] OUT2 e2e8=0007
[M8T] OUT2 e2e8=0707
*** 2 repeats ***
[M8T] OUT2 e2e8=0007
[M8T] OUT2 e2e8=0707
[M8T] OUT2 e2e8=00f8
[M8T] OUT2 e2e8=f8f8
[M8T] OUT2 e2e8=07ff
[M8T] OUT2 e2e8=0707
*** 1 repeats ***
[M8T] OUT2 e2e8=0007
[M8T] OUT2 e2e8=0700
[M8T] OUT2 e2e8=0707
*** 1 repeats ***
[M8T] OUT2 e2e8=00f8
[M8T] OUT2 e2e8=f8f8
*** 1 repeats ***
[M8T] OUT2 e2e8=07ff
[M8T] OUT2 e2e8=0707
*** 5 repeats ***
[M8T] OUT2 e2e8=00f8
[M8T] OUT2 e2e8=07ff
[M8T] OUT2 e2e8=0007
[M8T] OUT2 e2e8=0707
*** 2 repeats ***
[M8T] OUT2 e2e8=0007
[M8T] OUT2 e2e8=0707
[M8T] OUT2 e2e8=00f8
[M8T] OUT2 e2e8=f8f8
[M8T] OUT2 e2e8=07ff
[M8T] OUT2 e2e8=0707
*** 1 repeats ***
[M8T] OUT2 e2e8=0000
*** 1 repeats ***
[M8T] OUT2 e2e8=0707
*** 1 repeats ***
[M8T] OUT2 e2e8=00f8
[M8T] OUT2 e2e8=f8f8
*** 1 repeats ***
[M8T] OUT2 e2e8=07ff
[M8T] OUT2 e2e8=0707
*** 5 repeats ***
[M8T] OUT2 e2e8=00f8
[M8T] OUT2 e2e8=07ff
[M8T] OUT2 e2e8=0007
[M8T] OUT2 e2e8=0707
*** 2 repeats ***
[M8T] OUT2 e2e8=0007
[M8T] OUT2 e2e8=0707
[M8T] OUT2 e2e8=00f8
[M8T] OUT2 e2e8=f8f8
[M8T] OUT2 e2e8=07ff
[M8T] OUT2 e2e8=0707
[M8T] OUT2 e2e8=0007
[M8T] OUT2 e2e8=0700
[M8T] OUT2 e2e8=0007
[M8T] OUT2 e2e8=0700
[M8T] OUT2 e2e8=0707
[M8T] OUT2 e2e8=00f8
[M8T] OUT2 e2e8=f8f8
*** 1 repeats ***
[M8T] OUT2 e2e8=07ff
[M8T] OUT2 e2e8=0707
[M8T] OUT2 e2e8=0000
*** 2 repeats ***
[M8T] OUT2 e2e8=0707
*** 1 repeats ***
[M8T] OUT2 e2e8=00f8
[M8T] OUT2 e2e8=07ff
[M8T] OUT2 e2e8=0007
[M8T] OUT2 e2e8=0707
*** 2 repeats ***
[M8T] OUT2 e2e8=0007
[M8T] OUT2 e2e8=0707
[M8T] OUT2 e2e8=00f8
[M8T] OUT2 e2e8=f8f8
[M8T] OUT2 e2e8=07ff
[M8T] OUT2 e2e8=0707
[M8T] OUT2 e2e8=0000
[M8T] OUT2 e2e8=0707
*** 1 repeats ***
[M8T] OUT2 e2e8=0000
[M8T] OUT2 e2e8=0707
[M8T] OUT2 e2e8=00f8
[M8T] OUT2 e2e8=f8f8
*** 1 repeats ***
[M8T] OUT2 e2e8=07ff
[M8T] OUT2 e2e8=0707
[M8T] OUT2 e2e8=0000
*** 2 repeats ***
[M8T] OUT2 e2e8=0707
*** 1 repeats ***
[M8T] OUT2 e2e8=00f8
[M8T] OUT2 e2e8=07ff
[M8T] OUT2 e2e8=0007
[M8T] OUT2 e2e8=0000
*** 3 repeats ***
[M8T] OUT2 e2e8=0707
[M8T] OUT2 e2e8=00f8
[M8T] OUT2 e2e8=f8f8
[M8T] OUT2 e2e8=07ff
[M8T] OUT2 e2e8=0707
*** 5 repeats ***
[M8T] OUT2 e2e8=00f8
[M8T] OUT2 e2e8=f8f8
*** 1 repeats ***
[M8T] OUT2 e2e8=07ff
[M8T] OUT2 e2e8=0707
*** 5 repeats ***
[M8T] OUT2 e2e8=00f8
[M8T] OUT2 e2e8=07ff
[M8T] OUT2 e2e8=0707
*** 5 repeats ***
[M8T] OUT2 e2e8=00f8
[M8T] OUT2 e2e8=f8f8
[M8T] OUT2 e2e8=07ff
[M8T] OUT2 e2e8=0707
*** 5 repeats ***
[M8T] OUT2 e2e8=00f8
[M8T] OUT2 e2e8=f8f8
*** 1 repeats ***
[M8T] OUT2 e2e8=f8ff
[M8T] OUT2 e2e8=f8f8
*** 5 repeats ***
[M8T] OUT2 e2e8=00f8
[M8T] OUT2 e2e8=f8ff
[M8T] OUT2 e2e8=f8f8
*** 5 repeats ***
[M8T] OUT2 e2e8=00f8
[M8T] OUT2 e2e8=f8f8
[M8T] OUT2 e2e8=f8ff
[M8T] OUT2 e2e8=f8f8
*** 5 repeats ***
[M8T] OUT2 e2e8=00f8
[M8T] OUT2 e2e8=f8f8
*** 1 repeats ***
[M8T] OUT2 e2e8=0000
*** 15 repeats ***
[M8T] OUT2 e2e8=f8f8
[M8T] OUT2 e2e8=0000
*** 7 repeats ***
[M8T] OUT2 e2e8=f8f8
*** 54 repeats ***
[M8B] end cur=638,66
[M8T] IN2 9aee=0000
[M8T] OUT2 daee=0000
[M8T] OUT2 e2ee=05ff
[M8T] IN2 9aee=c000
[M8T] IN2 9aee=0000
[M8T] IN2 9ae8=0000
[M8T] OUT2 daee=0030
[M8T] OUT2 e2ee=0041
[M8T] OUT2 86e8=0030
[M8T] OUT2 82e8=0030
[M8B] start cur=48,48 dyend=66 dpc=5211 dpitch=1024 doff=0 clip 48,0-65,1535 compat=0
[M8T] OUT2 e2e8=f8f8
*** 9 repeats ***
[M8T] OUT2 e2e8=00f8
[M8T] OUT2 e2e8=0000
[M8T] OUT2 e2e8=f8f8
[M8T] OUT2 e2e8=0000
*** 3 repeats ***
[M8T] OUT2 e2e8=f8f8
*** 1 repeats ***
[M8T] OUT2 e2e8=00f8
[M8T] OUT2 e2e8=00f7
[M8T] OUT2 e2e8=00f8
[M8T] OUT2 e2e8=f7f8
[M8T] OUT2 e2e8=0000
[M8T] OUT2 e2e8=00f8
[M8T] OUT2 e2e8=f700
[M8T] OUT2 e2e8=f800
[M8T] OUT2 e2e8=f8f8
[M8T] OUT2 e2e8=00f8
[M8T] OUT2 e2e8=f8f8
[M8T] OUT2 e2e8=0000
[M8T] OUT2 e2e8=f7f7
[M8T] OUT2 e2e8=0000
*** 2 repeats ***
[M8T] OUT2 e2e8=f800
[M8T] OUT2 e2e8=f8f8
[M8T] OUT2 e2e8=00f8
[M8T] OUT2 e2e8=f800
*** 1 repeats ***
[M8T] OUT2 e2e8=f700
[M8T] OUT2 e2e8=0000
*** 1 repeats ***
[M8T] OUT2 e2e8=00f8
[M8T] OUT2 e2e8=f8f8
*** 1 repeats ***
[M8T] OUT2 e2e8=00f8
[M8T] OUT2 e2e8=0000
[M8T] OUT2 e2e8=f8f8
[M8T] OUT2 e2e8=f700
[M8T] OUT2 e2e8=0000
[M8T] OUT2 e2e8=f800
[M8T] OUT2 e2e8=f700
[M8T] OUT2 e2e8=f800
[M8T] OUT2 e2e8=f8f8
[M8T] OUT2 e2e8=00f8
[M8T] OUT2 e2e8=0000
[M8T] OUT2 e2e8=00f8
[M8T] OUT2 e2e8=f700
[M8T] OUT2 e2e8=0000
[M8T] OUT2 e2e8=00f8
[M8T] OUT2 e2e8=f8f8
[M8T] OUT2 e2e8=f800
[M8T] OUT2 e2e8=f8f8
[M8T] OUT2 e2e8=0100
[M8T] OUT2 e2e8=0101
[M8T] OUT2 e2e8=0001
[M8T] OUT2 e2e8=0404
[M8T] OUT2 e2e8=0004
[M8T] OUT2 e2e8=0303
[M8T] OUT2 e2e8=0003
[M8T] OUT2 e2e8=f800
[M8T] OUT2 e2e8=f8f8
[M8T] OUT2 e2e8=f900
[M8T] OUT2 e2e8=f9f9
[M8T] OUT2 e2e8=0401
[M8T] OUT2 e2e8=fcfc
[M8T] OUT2 e2e8=0304
[M8T] OUT2 e2e8=fbfb
*** 1 repeats ***
[M8T] OUT2 e2e8=0003
[M8T] OUT2 e2e8=f8f8
[M8T] OUT2 e2e8=f900
[M8T] OUT2 e2e8=0101
[M8T] OUT2 e2e8=fc00
[M8T] OUT2 e2e8=0000
[M8T] OUT2 e2e8=fb00
[M8T] OUT2 e2e8=0400
[M8T] OUT2 e2e8=0300
[M8T] OUT2 e2e8=0003
[M8T] OUT2 e2e8=f8f8
[M8T] OUT2 e2e8=f900
[M8T] OUT2 e2e8=0001
[M8T] OUT2 e2e8=0404
[M8T] OUT2 e2e8=0101
[M8T] OUT2 e2e8=fb00
[M8T] OUT2 e2e8=fc00
[M8T] OUT2 e2e8=0000
[M8T] OUT2 e2e8=f800
[M8T] OUT2 e2e8=f8f8
[M8T] OUT2 e2e8=f900
[M8T] OUT2 e2e8=f801
[M8T] OUT2 e2e8=0404
[M8T] OUT2 e2e8=0101
[M8T] OUT2 e2e8=00f8
[M8T] OUT2 e2e8=fc00
[M8T] OUT2 e2e8=0303
[M8T] OUT2 e2e8=f800
[M8T] OUT2 e2e8=f8f8
[M8T] OUT2 e2e8=f900
[M8T] OUT2 e2e8=f801
[M8T] OUT2 e2e8=0404
[M8T] OUT2 e2e8=0101
[M8T] OUT2 e2e8=00f8
[M8T] OUT2 e2e8=fc00
[M8T] OUT2 e2e8=fb00
[M8T] OUT2 e2e8=00fb
[M8T] OUT2 e2e8=f8f8
[M8T] OUT2 e2e8=f900
[M8T] OUT2 e2e8=0001
[M8T] OUT2 e2e8=0100
[M8T] OUT2 e2e8=00f9
[M8T] OUT2 e2e8=fb00
[M8T] OUT2 e2e8=0003
[M8T] OUT2 e2e8=0300
[M8T] OUT2 e2e8=00fb
[M8T] OUT2 e2e8=f8f8
[M8T] OUT2 e2e8=f900
[M8T] OUT2 e2e8=f9f9
*** 1 repeats ***
[M8T] OUT2 e2e8=0400
[M8T] OUT2 e2e8=0304
[M8T] OUT2 e2e8=fbfb
*** 1 repeats ***
[M8T] OUT2 e2e8=0003
[M8T] OUT2 e2e8=f8f8
[M8T] OUT2 e2e8=f900
[M8T] OUT2 e2e8=0101
*** 1 repeats ***
[M8T] OUT2 e2e8=0400
[M8T] OUT2 e2e8=0004
[M8T] OUT2 e2e8=0303
*** 1 repeats ***
[M8T] OUT2 e2e8=0000
[M8T] OUT2 e2e8=f8f8
[M8T] OUT2 e2e8=0000
*** 6 repeats ***
[M8T] OUT2 e2e8=f800
[M8T] OUT2 e2e8=f8f8
*** 8 repeats ***
[M8B] end cur=48,66
[M8T] IN2 9aee=0000
[M8T] OUT2 daee=0000
[M8T] OUT2 e2ee=05ff
[M8T] IN2 9aee=c000
[M8T] IN2 9aee=0000
[M8T] OUT2 a6e8=f8f8
[M8T] OUT2 86e8=0042
[M8T] OUT2 82e8=0030
[M8B] start cur=66,48 dyend=66 dpc=2211 dpitch=1024 doff=0 clip 0,0-1535,1535 compat=0
[M8B] end cur=66,66
[M8T] IN2 9aee=0000
[M8T] OUT2 daee=0042
[M8T] OUT2 deee=0030
[M8T] OUT2 e2ee=027d
[M8T] OUT2 e6ee=0041
[M8T] IN2 9aee=f000
[M8T] IN2 9aee=0000
[M8T] OUT2 a6e8=00f8
[M8T] IN2 9aee=e000
[M8T] IN2 9aee=0000
[M8T] OUT2 86e8=0044
[M8T] OUT2 82e8=0032
[M8B] start cur=68,50 dyend=63 dpc=2211 dpitch=1024 doff=0 clip 66,48-637,65 compat=0
[M8B] end cur=68,63
[M8T] IN2 9aee=0000
[M8T] OUT2 a6e8=0007
[M8T] IN2 9aee=f800
[M8T] IN2 9aee=0000
[M8T] OUT2 daee=0000
[M8T] OUT2 deee=0000
[M8T] OUT2 e2ee=05ff
[M8T] OUT2 e6ee=05ff
[M8T] IN2 9aee=f000
[M8T] IN2 9aee=0000
[M8T] OUT2 daee=0042
[M8T] OUT2 deee=0030
[M8T] OUT2 e2ee=027d
[M8T] OUT2 e6ee=0041
[M8T] IN2 9aee=f000
[M8T] IN2 9aee=0000
[M8T] OUT2 a6e8=00f8
[M8T] IN2 9aee=e000
[M8T] IN2 9aee=0000
[M8T] OUT2 86e8=0045
[M8T] OUT2 82e8=0032
[M8B] start cur=69,50 dyend=63 dpc=2211 dpitch=1024 doff=0 clip 66,48-637,65 compat=0
[M8B] end cur=69,63
[M8T] IN2 9aee=0000
[M8T] OUT2 a6e8=0007
[M8T] IN2 9aee=f800
[M8T] IN2 9aee=0000
[M8T] OUT2 86e8=0045
[M8T] OUT2 82e8=0034
[M8B] start cur=69,52 dyend=61 dpc=3251 dpitch=1024 doff=0 clip 66,48-637,65 compat=0
[M8T] IN2 9aee=0000
[M8T] OUT2 e2e8=3080
[M8T] OUT2 e2e8=1105
[M8T] OUT2 e2e8=2422
[M8T] OUT2 e2e8=5544
[M8T] IN2 9aee=0000
[M8T] OUT2 e2e8=a00a
[M8T] OUT2 e2e8=1188
[M8T] OUT2 e2e8=0000
*** 1 repeats ***
[M8T] IN2 9aee=8000
[M8T] IN2 9aee=0000
[M8T] OUT2 86e8=0052
[M8T] OUT2 82e8=0034
[M8B] start cur=82,52 dyend=61 dpc=3251 dpitch=1024 doff=0 clip 66,48-637,65 compat=0
[M8T] IN2 9aee=0000
[M8T] OUT2 e2e8=18fa
[M8T] OUT2 e2e8=fa61
[M8T] OUT2 e2e8=6118
[M8T] OUT2 e2e8=0084
[M8T] IN2 9aee=0000
[M8T] OUT2 86e8=005b
[M8T] OUT2 82e8=0034
[M8B] start cur=91,52 dyend=61 dpc=3251 dpitch=1024 doff=0 clip 66,48-637,65 compat=0
[M8T] IN2 9aee=0000
[M8T] OUT2 e2e8=08f9
[M8T] OUT2 e2e8=1042
[M8T] OUT2 e2e8=2084
[M8T] OUT2 e2e8=0000
[M8T] IN2 9aee=8000
[M8T] IN2 9aee=0000
[M8T] OUT2 86e8=0063
[M8T] OUT2 82e8=0034
[M8B] start cur=99,52 dyend=61 dpc=3251 dpitch=1024 doff=0 clip 66,48-637,65 compat=0
[M8T] IN2 9aee=0000
[M8T] OUT2 e2e8=21fc
[M8T] OUT2 e2e8=420f
[M8T] OUT2 e2e8=f810
[M8T] OUT2 e2e8=0000
[M8T] IN2 9aee=8000
[M8T] IN2 9aee=0000
[M8T] OUT2 86e8=006b
[M8T] OUT2 82e8=0034
[M8B] start cur=107,52 dyend=61 dpc=3251 dpitch=1024 doff=0 clip 66,48-637,65 compat=0
[M8T] IN2 9aee=0000
[M8T] OUT2 e2e8=6174
[M8T] OUT2 e2e8=0407
[M8T] OUT2 e2e8=7031
[M8T] OUT2 e2e8=0000
[M8T] IN2 9aee=8000
[M8T] IN2 9aee=0000
[M8T] OUT2 86e8=0073
[M8T] OUT2 82e8=0034
[M8B] start cur=115,52 dyend=61 dpc=3251 dpitch=1024 doff=0 clip 66,48-637,65 compat=0
[M8T] IN2 9aee=0000
[M8T] OUT2 e2e8=08f9
[M8T] OUT2 e2e8=1042
[M8T] OUT2 e2e8=2084
[M8T] OUT2 e2e8=0000
[M8T] IN2 9aee=8000
[M8T] IN2 9aee=0000
[M8T] OUT2 daee=0000
[M8T] OUT2 deee=0000
[M8T] OUT2 e2ee=05ff
[M8T] OUT2 e6ee=05ff
[M8T] IN2 9aee=f000
[M8T] IN2 9aee=0000
[M8T] OUT2 daee=0042
[M8T] OUT2 deee=0030
[M8T] OUT2 e2ee=027d
[M8T] OUT2 e6ee=0041
[M8T] IN2 9aee=f000
[M8T] IN2 9aee=0000
[M8T] OUT2 a6e8=0007
[M8T] IN2 9aee=f800
[M8T] IN2 9aee=0000
[M8T] OUT2 86e8=0044
[M8T] OUT2 82e8=0034
[M8B] start cur=68,52 dyend=61 dpc=3251 dpitch=1024 doff=0 clip 66,48-637,65 compat=0
[M8T] IN2 9aee=0000
[M8T] OUT2 e2e8=3080
[M8T] OUT2 e2e8=1105
[M8T] OUT2 e2e8=2422
[M8T] OUT2 e2e8=5544
[M8T] IN2 9aee=0000
[M8T] OUT2 e2e8=a00a
[M8T] OUT2 e2e8=1188
[M8T] OUT2 e2e8=0000
*** 1 repeats ***
[M8T] IN2 9aee=8000
[M8T] IN2 9aee=0000
[M8T] OUT2 86e8=0051
[M8T] OUT2 82e8=0034
[M8B] start cur=81,52 dyend=61 dpc=3251 dpitch=1024 doff=0 clip 66,48-637,65 compat=0
[M8T] IN2 9aee=0000
[M8T] OUT2 e2e8=18fa
[M8T] OUT2 e2e8=fa61
[M8T] OUT2 e2e8=6118
[M8T] OUT2 e2e8=0084
[M8T] IN2 9aee=0000
[M8T] OUT2 86e8=005a
[M8T] OUT2 82e8=0034
[M8B] start cur=90,52 dyend=61 dpc=3251 dpitch=1024 doff=0 clip 66,48-637,65 compat=0
[M8T] IN2 9aee=0000
[M8T] OUT2 e2e8=08f9
[M8T] OUT2 e2e8=1042
[M8T] OUT2 e2e8=2084
[M8T] OUT2 e2e8=0000
[M8T] IN2 9aee=8000
[M8T] IN2 9aee=0000
[M8T] OUT2 86e8=0062
[M8T] OUT2 82e8=0034
[M8B] start cur=98,52 dyend=61 dpc=3251 dpitch=1024 doff=0 clip 66,48-637,65 compat=0
[M8T] IN2 9aee=0000
[M8T] OUT2 e2e8=21fc
[M8T] OUT2 e2e8=420f
[M8T] OUT2 e2e8=f810
[M8T] OUT2 e2e8=0000
[M8T] IN2 9aee=8000
[M8T] IN2 9aee=0000
[M8T] OUT2 86e8=006a
[M8T] OUT2 82e8=0034
[M8B] start cur=106,52 dyend=61 dpc=3251 dpitch=1024 doff=0 clip 66,48-637,65 compat=0
[M8T] IN2 9aee=0000
[M8T] OUT2 e2e8=6174
[M8T] OUT2 e2e8=0407
[M8T] OUT2 e2e8=7031
[M8T] OUT2 e2e8=0000
[M8T] IN2 9aee=8000
[M8T] IN2 9aee=0000
[M8T] OUT2 86e8=0072
[M8T] OUT2 82e8=0034
[M8B] start cur=114,52 dyend=61 dpc=3251 dpitch=1024 doff=0 clip 66,48-637,65 compat=0
[M8T] IN2 9aee=0000
[M8T] OUT2 e2e8=08f9
[M8T] OUT2 e2e8=1042
[M8T] OUT2 e2e8=2084
[M8T] OUT2 e2e8=0000
[M8T] IN2 9aee=8000
[M8T] IN2 9aee=0000
[M8T] OUT2 daee=0000
[M8T] OUT2 deee=0000
[M8T] OUT2 e2ee=05ff
[M8T] OUT2 e6ee=05ff
[M8T] IN2 9aee=f000
[M8T] IN2 9aee=0000
[M8T] OUT2 daee=0000
[M8T] OUT2 deee=0000
[M8T] OUT2 e2ee=03ff
[M8T] OUT2 e6ee=02ff
[M8T] IN2 9aee=fc00
[M8T] IN2 9aee=0000
[M8T] OUT2 8ee8=0010
[M8T] OUT2 8ae8=0300
[M8T] OUT2 86e8=01f0
[M8T] OUT2 82e8=0170
[M8B] start cur=496,368 dyend=400 dpc=6211 dpitch=1024 doff=0 clip 0,0-1023,767 compat=0
[M8B] end cur=496,400
[M8T] OUT2 e2ee=05ff
[M8T] OUT2 e6ee=05ff
[M8T] IN2 9aee=c000
[M8T] IN2 9aee=0000
[M8T] IN2 9aee=e000
[M8T] IN2 9aee=0000
[M8T] OUT2 86e8=0010
[M8T] OUT2 82e8=0301
[M8B] start cur=16,769 dyend=770 dpc=3251 dpitch=1024 doff=0 clip 0,0-1535,1535 compat=0
[M8T] IN2 9aee=0000
[M8T] OUT2 e2e8=ffff
*** 11 repeats ***
[M8T] OUT2 e2e8=c0ff
[M8T] OUT2 e2e8=ff01
[M8T] OUT2 e2e8=c0ff
[M8T] OUT2 e2e8=ff01
[M8T] OUT2 e2e8=c0ff
[M8T] OUT2 e2e8=ff01
[M8T] OUT2 e2e8=e0ff
[M8T] OUT2 e2e8=ff03
[M8T] OUT2 e2e8=e0ff
[M8T] OUT2 e2e8=ff03
[M8T] OUT2 e2e8=e0ff
[M8T] OUT2 e2e8=ff03
[M8T] OUT2 e2e8=e0ff
[M8T] OUT2 e2e8=ff03
[M8T] OUT2 e2e8=e0ff
[M8T] OUT2 e2e8=ff03
[M8T] OUT2 e2e8=f0ff
[M8T] OUT2 e2e8=ff07
[M8T] OUT2 e2e8=f8ff
[M8T] OUT2 e2e8=ff0f
[M8T] OUT2 e2e8=fcff
[M8T] OUT2 e2e8=ff1f
[M8T] OUT2 e2e8=fcff
[M8T] OUT2 e2e8=ff1f
[M8T] OUT2 e2e8=f8ff
[M8T] OUT2 e2e8=ff0f
[M8T] OUT2 e2e8=f0ff
[M8T] OUT2 e2e8=ff07
[M8T] OUT2 e2e8=e0ff
[M8T] OUT2 e2e8=ff03
[M8T] OUT2 e2e8=e0ff
[M8T] OUT2 e2e8=ff03
[M8T] OUT2 e2e8=e0ff
[M8T] OUT2 e2e8=ff03
[M8T] OUT2 e2e8=e0ff
[M8T] OUT2 e2e8=ff03
[M8T] OUT2 e2e8=e0ff
[M8T] OUT2 e2e8=ff03
[M8T] OUT2 e2e8=c0ff
[M8T] OUT2 e2e8=ff01
[M8T] OUT2 e2e8=c0ff
[M8T] OUT2 e2e8=ff01
[M8T] OUT2 e2e8=c0ff
[M8T] OUT2 e2e8=ff01
[M8T] OUT2 e2e8=ffff
*** 6 repeats ***
[M8T] IN2 9aee=0000
[M8T] OUT2 86e8=0000
[M8T] OUT2 82e8=0302
[M8T] OUT2 caee=0010
[M8X] scan cur=0,770 to=16 compat=0 dpc=3251 dp_compat=0 frgd_sel=1 bkgd_sel=0 mono=2 fmix=02 cmd_back=0 pixw=1 pitch=1024 off=0 dstp=1024
[M8T] IN2 9aee=0000
[M8T] OUT2 e2e8=ffff
[M8T] IN2 9aee=0000
[M8T] OUT2 86e8=0010
[M8T] OUT2 82e8=0301
[M8B] start cur=16,769 dyend=770 dpc=3251 dpitch=1024 doff=0 clip 0,0-1535,1535 compat=0
[M8T] IN2 9aee=0000
[M8T] OUT2 e2e8=0000
*** 13 repeats ***
[M8T] OUT2 e2e8=0f00
[M8T] OUT2 e2e8=00f8
[M8T] OUT2 e2e8=0000
*** 1 repeats ***
[M8T] OUT2 e2e8=0f00
[M8T] OUT2 e2e8=00f8
[M8T] OUT2 e2e8=0f00
[M8T] OUT2 e2e8=00f8
[M8T] OUT2 e2e8=0d00
[M8T] OUT2 e2e8=0058
[M8T] OUT2 e2e8=0e00
[M8T] OUT2 e2e8=00b8
[M8T] OUT2 e2e8=0700
[M8T] OUT2 e2e8=0070
[M8T] OUT2 e2e8=0300
[M8T] OUT2 e2e8=00e0
[M8T] OUT2 e2e8=0100
[M8T] OUT2 e2e8=0040
[M8T] OUT2 e2e8=0000
[M8T] OUT2 e2e8=0080
[M8T] OUT2 e2e8=0000
[M8T] OUT2 e2e8=0080
[M8T] OUT2 e2e8=0100
[M8T] OUT2 e2e8=00c0
[M8T] OUT2 e2e8=0300
[M8T] OUT2 e2e8=0060
[M8T] OUT2 e2e8=0700
[M8T] OUT2 e2e8=00f0
[M8T] OUT2 e2e8=0f00
[M8T] OUT2 e2e8=0078
[M8T] OUT2 e2e8=0e00
[M8T] OUT2 e2e8=00b8
[M8T] OUT2 e2e8=0d00
[M8T] OUT2 e2e8=0058
[M8T] OUT2 e2e8=0a00
[M8T] OUT2 e2e8=00a8
[M8T] OUT2 e2e8=0000
*** 1 repeats ***
[M8T] OUT2 e2e8=0f00
[M8T] OUT2 e2e8=00f8
[M8T] OUT2 e2e8=0000
*** 8 repeats ***
[M8T] IN2 9aee=0000
[M8T] OUT2 86e8=0000
[M8T] OUT2 82e8=0302
[M8T] OUT2 caee=0010
[M8X] scan cur=0,770 to=16 compat=0 dpc=3251 dp_compat=0 frgd_sel=1 bkgd_sel=0 mono=2 fmix=02 cmd_back=0 pixw=1 pitch=1024 off=0 dstp=1024
[M8T] IN2 9aee=0000
[M8T] OUT2 e2e8=0000
[M8T] IN2 9aee=0000
[M8T] IN2 9aee=8000
[M8T] IN2 9aee=0000
[M8T] OUT2 8ee8=01f0
[M8T] OUT2 8ae8=0170
[M8T] IN2 9aee=fe00
[M8T] IN2 9aee=0000
[M8T] OUT2 86e8=0010
[M8T] OUT2 82e8=0300
[M8B] start cur=16,768 dyend=769 dpc=6211 dpitch=1024 doff=0 clip 0,0-1535,1535 compat=0
[M8B] end cur=0,769
[M8T] IN2 9aee=0000
[M8T] OUT2 8ae8=018f
[M8T] OUT2 8ee8=0200
[M8T] IN2 9aee=f000
[M8T] IN2 9aee=0000
[M8T] OUT2 86e8=0000
[M8T] OUT2 82e8=0301
[M8T] OUT2 caee=0010
[M8X] scan cur=0,769 to=16 compat=0 dpc=6211 dp_compat=0 frgd_sel=3 bkgd_sel=0 mono=0 fmix=07 cmd_back=1 pixw=1 pitch=1024 off=0 dstp=1024
[M8Y] count=-1 width=16 dx=0 dy=769 dest=0c0400 clip l=0 t=0 r=1535 b=1535 cmp=0 fc=00000007 wm=000000ff
[M8T] IN2 9aee=0000
[M8T] OUT2 daee=0000
[M8T] OUT2 deee=0000
[M8T] OUT2 e2ee=03ff
[M8T] OUT2 e6ee=02ff
[M8T] OUT2 a6e8=ffff
[M8T] IN2 9aee=ff00
[M8T] IN2 9aee=0000
[M8T] OUT2 8ae8=0301
[M8T] OUT2 8ee8=0010
[M8T] OUT2 82e8=0170
[M8T] OUT2 86e8=01f0
[M8B] start cur=496,368 dyend=400 dpc=2071 dpitch=1024 doff=0 clip 0,0-1023,767 compat=0
[M8T] IN2 9aee=0000
[M8T] OUT2 8ae8=0301
[M8T] OUT2 8ee8=0010
[M8T] OUT2 82e8=0170
[M8T] OUT2 86e8=01f0
[M8B] start cur=496,368 dyend=400 dpc=2071 dpitch=1024 doff=0 clip 0,0-1023,767 compat=0
[M8T] OUT2 e2ee=05ff
[M8T] OUT2 e6ee=05ff
[M8T] IN2 9aee=c000
[M8T] IN2 9aee=0000
[M8T] OUT2 daee=0000
[M8T] OUT2 deee=0000
[M8T] OUT2 e2ee=03ff
[M8T] OUT2 e6ee=02ff
[M8T] IN2 9aee=fc00
[M8T] IN2 9aee=0000
[M8T] OUT2 8ee8=0010
[M8T] OUT2 8ae8=0300
[M8T] OUT2 86e8=01f0
[M8T] OUT2 82e8=0170
[M8B] start cur=496,368 dyend=400 dpc=6211 dpitch=1024 doff=0 clip 0,0-1023,767 compat=0
[M8B] end cur=496,400
[M8T] OUT2 e2ee=05ff
[M8T] OUT2 e6ee=05ff
[M8T] IN2 9aee=c000
[M8T] IN2 9aee=0000
[M8T] IN2 9aee=e000
[M8T] IN2 9aee=0000
[M8T] OUT2 86e8=0010
[M8T] OUT2 82e8=0301
[M8B] start cur=16,769 dyend=770 dpc=3251 dpitch=1024 doff=0 clip 0,0-1535,1535 compat=0
[M8T] IN2 9aee=0000
[M8T] OUT2 e2e8=ff7f
[M8T] OUT2 e2e8=ffff
[M8T] OUT2 e2e8=f03f
[M8T] OUT2 e2e8=ff03
[M8T] OUT2 e2e8=f01f
[M8T] OUT2 e2e8=ff03
[M8T] OUT2 e2e8=f00f
[M8T] OUT2 e2e8=ff03
[M8T] OUT2 e2e8=f807
[M8T] OUT2 e2e8=ff07
[M8T] OUT2 e2e8=f803
[M8T] OUT2 e2e8=ff07
[M8T] OUT2 e2e8=f801
[M8T] OUT2 e2e8=ff07
[M8T] OUT2 e2e8=f800
[M8T] OUT2 e2e8=ff07
[M8T] OUT2 e2e8=7c00
[M8T] OUT2 e2e8=ff0f
[M8T] OUT2 e2e8=3e00
[M8T] OUT2 e2e8=ff1f
[M8T] OUT2 e2e8=1c00
[M8T] OUT2 e2e8=ff0f
[M8T] OUT2 e2e8=f801
[M8T] OUT2 e2e8=ff07
[M8T] OUT2 e2e8=f810
[M8T] OUT2 e2e8=ff07
[M8T] OUT2 e2e8=f830
[M8T] OUT2 e2e8=ff07
[M8T] OUT2 e2e8=7878
[M8T] OUT2 e2e8=ff07
[M8T] OUT2 e2e8=70f8
[M8T] OUT2 e2e8=ff03
[M8T] OUT2 e2e8=30fc
[M8T] OUT2 e2e8=ff03
[M8T] OUT2 e2e8=30fc
[M8T] OUT2 e2e8=ff03
[M8T] OUT2 e2e8=7ffe
[M8T] OUT2 e2e8=ffff
*** 25 repeats ***
[M8T] IN2 9aee=0000
[M8T] OUT2 86e8=0000
[M8T] OUT2 82e8=0302
[M8T] OUT2 caee=0010
[M8X] scan cur=0,770 to=16 compat=0 dpc=3251 dp_compat=0 frgd_sel=1 bkgd_sel=0 mono=2 fmix=02 cmd_back=0 pixw=1 pitch=1024 off=0 dstp=1024
[M8T] IN2 9aee=0000
[M8T] OUT2 e2e8=ffff
[M8T] IN2 9aee=0000
[M8T] OUT2 86e8=0010
[M8T] OUT2 82e8=0301
[M8B] start cur=16,769 dyend=770 dpc=3251 dpitch=1024 doff=0 clip 0,0-1535,1535 compat=0
[M8T] IN2 9aee=0000
[M8T] OUT2 e2e8=0000
*** 3 repeats ***
[M8T] OUT2 e2e8=0340
[M8T] OUT2 e2e8=00f0
[M8T] OUT2 e2e8=0060
[M8T] OUT2 e2e8=0000
[M8T] OUT2 e2e8=0370
[M8T] OUT2 e2e8=00f0
[M8T] OUT2 e2e8=0378
[M8T] OUT2 e2e8=00f0
[M8T] OUT2 e2e8=037c
[M8T] OUT2 e2e8=00b0
[M8T] OUT2 e2e8=017e
[M8T] OUT2 e2e8=0060
[M8T] OUT2 e2e8=007f
[M8T] OUT2 e2e8=00c0
[M8T] OUT2 e2e8=807f
[M8T] OUT2 e2e8=0040
[M8T] OUT2 e2e8=007c
[M8T] OUT2 e2e8=00c0
[M8T] OUT2 e2e8=016c
[M8T] OUT2 e2e8=00e0
[M8T] OUT2 e2e8=0346
[M8T] OUT2 e2e8=0070
[M8T] OUT2 e2e8=0206
[M8T] OUT2 e2e8=00b0
[M8T] OUT2 e2e8=0103
[M8T] OUT2 e2e8=0050
[M8T] OUT2 e2e8=0003
[M8T] OUT2 e2e8=0000
[M8T] OUT2 e2e8=8301
[M8T] OUT2 e2e8=00f0
[M8T] OUT2 e2e8=8001
[M8T] OUT2 e2e8=0000
*** 27 repeats ***
[M8T] IN2 9aee=0000
[M8T] OUT2 86e8=0000
[M8T] OUT2 82e8=0302
[M8T] OUT2 caee=0010
[M8X] scan cur=0,770 to=16 compat=0 dpc=3251 dp_compat=0 frgd_sel=1 bkgd_sel=0 mono=2 fmix=02 cmd_back=0 pixw=1 pitch=1024 off=0 dstp=1024
[M8T] IN2 9aee=0000
[M8T] OUT2 e2e8=0000
[M8T] IN2 9aee=0000
[M8T] IN2 9aee=8000
[M8T] IN2 9aee=0000
[M8T] OUT2 8ee8=0200
[M8T] OUT2 8ae8=0180
[M8T] IN2 9aee=fe00
[M8T] IN2 9aee=0000
[M8T] OUT2 86e8=0010
[M8T] OUT2 82e8=0300
[M8B] start cur=16,768 dyend=769 dpc=6211 dpitch=1024 doff=0 clip 0,0-1535,1535 compat=0
[M8B] end cur=0,769
[M8T] IN2 9aee=0000
[M8T] OUT2 8ae8=019f
[M8T] OUT2 8ee8=0210
[M8T] IN2 9aee=f000
[M8T] IN2 9aee=0000
[M8T] OUT2 86e8=0000
[M8T] OUT2 82e8=0301
[M8T] OUT2 caee=0010
[M8X] scan cur=0,769 to=16 compat=0 dpc=6211 dp_compat=0 frgd_sel=3 bkgd_sel=0 mono=0 fmix=07 cmd_back=1 pixw=1 pitch=1024 off=0 dstp=1024
[M8Y] count=-1 width=16 dx=0 dy=769 dest=0c0400 clip l=0 t=0 r=1535 b=1535 cmp=0 fc=000000ff wm=000000ff
[M8T] IN2 9aee=0000
[M8T] OUT2 daee=0000
[M8T] OUT2 deee=0000
[M8T] OUT2 e2ee=03ff
[M8T] OUT2 e6ee=02ff
[M8T] OUT2 a6e8=ffff
[M8T] IN2 9aee=ff00
[M8T] IN2 9aee=0000
[M8T] OUT2 8ae8=0301
[M8T] OUT2 8ee8=0010
[M8T] OUT2 82e8=0180
[M8T] OUT2 86e8=0200
[M8B] start cur=512,384 dyend=416 dpc=2071 dpitch=1024 doff=0 clip 0,0-1023,767 compat=0
[M8T] IN2 9aee=0000
[M8T] OUT2 8ae8=0301
[M8T] OUT2 8ee8=0010
[M8T] OUT2 82e8=0180
[M8T] OUT2 86e8=0200
[M8B] start cur=512,384 dyend=416 dpc=2071 dpitch=1024 doff=0 clip 0,0-1023,767 compat=0
[M8T] OUT2 e2ee=05ff
[M8T] OUT2 e6ee=05ff
[M8T] IN2 9aee=c000
[M8T] IN2 9aee=0000
[M8T] OUT2 a6e8=ffff
[M8T] OUT2 86e8=0032
[M8T] OUT2 82e8=004a
[M8B] start cur=50,74 dyend=89 dpc=2211 dpitch=1024 doff=0 clip 0,0-1535,1535 compat=0
[M8B] end cur=50,89
[M8T] IN2 9aee=0000
[M8T] OUT2 a6e8=ffff
[M8T] OUT2 86e8=0033
[M8T] OUT2 82e8=004b
[M8B] start cur=51,75 dyend=88 dpc=2211 dpitch=1024 doff=0 clip 0,0-1535,1535 compat=0
[M8B] end cur=51,88
[M8T] IN2 9aee=0000
[M8T] OUT2 daee=003c
[M8T] OUT2 deee=004b
[M8T] OUT2 e2ee=0078
[M8T] OUT2 e6ee=0057
[M8T] IN2 9aee=f000
[M8T] IN2 9aee=0000
[M8T] OUT2 a6e8=ffff
[M8T] IN2 9aee=e000
[M8T] IN2 9aee=0000
[M8T] OUT2 86e8=0047
[M8T] OUT2 82e8=004b
[M8B] start cur=71,75 dyend=88 dpc=2211 dpitch=1024 doff=0 clip 60,75-120,87 compat=0
[M8B] end cur=71,88
[M8T] IN2 9aee=0000
[M8T] OUT2 a6e8=0000
[M8T] IN2 9aee=f800
[M8T] IN2 9aee=0000
[M8T] OUT2 86e8=0047
[M8T] OUT2 82e8=004d
[M8B] start cur=71,77 dyend=86 dpc=3251 dpitch=1024 doff=0 clip 60,75-120,87 compat=0
[M8T] OUT2 e2e8=2010
[M8T] OUT2 e2e8=44a1
[M8T] OUT2 e2e8=9f48
[M8T] OUT2 e2e8=8241
[M8T] OUT2 86e8=004f
[M8T] OUT2 82e8=0050
[M8B] start cur=79,80 dyend=86 dpc=3251 dpitch=1024 doff=0 clip 60,75-120,87 compat=0
[M8T] OUT2 e2e8=638c
[M8T] OUT2 e2e8=b419
[M8T] IN2 9aee=0000
[M8T] OUT2 86e8=0055
[M8T] OUT2 82e8=004e
[M8B] start cur=85,78 dyend=86 dpc=3251 dpitch=1024 doff=0 clip 60,75-120,87 compat=0
[M8T] OUT2 e2e8=a9ae
[M8T] OUT2 e2e8=0000
[M8T] OUT2 86e8=0058
[M8T] OUT2 82e8=0050
[M8B] start cur=88,80 dyend=86 dpc=3251 dpitch=1024 doff=0 clip 60,75-120,87 compat=0
[M8T] OUT2 e2e8=6374
[M8T] OUT2 e2e8=b818
[M8T] IN2 9aee=0000
[M8T] OUT2 daee=0000
[M8T] OUT2 deee=0000
[M8T] OUT2 e2ee=05ff
[M8T] OUT2 e6ee=05ff
[M8T] IN2 9aee=f000
[M8T] IN2 9aee=0000
[M8T] OUT2 a6e8=ffff
[M8T] OUT2 86e8=0032
[M8T] OUT2 82e8=006b
[M8B] start cur=50,107 dyend=109 dpc=2211 dpitch=1024 doff=0 clip 0,0-1535,1535 compat=0
[M8B] end cur=50,109
[M8T] IN2 9aee=0000
[M8T] OUT2 daee=0032
[M8T] OUT2 deee=0061
[M8T] OUT2 e2ee=02b1
[M8T] OUT2 e6ee=006c
[M8T] IN2 9aee=f000
[M8T] IN2 9aee=0000
[M8T] OUT2 a6e8=0000
[M8T] IN2 9aee=e000
[M8T] IN2 9aee=0000
[M8T] OUT2 86e8=0032
[M8T] OUT2 82e8=0061
[M8B] start cur=50,97 dyend=109 dpc=2211 dpitch=1024 doff=0 clip 50,97-689,108 compat=0
[M8B] end cur=50,109
[M8T] IN2 9aee=0000
[M8T] OUT2 daee=0000
[M8T] OUT2 deee=0000
[M8T] OUT2 e2ee=05ff
[M8T] OUT2 e6ee=05ff
[M8T] IN2 9aee=f000
[M8T] IN2 9aee=0000
[M8T] OUT2 daee=0032
[M8T] OUT2 deee=006d
[M8T] OUT2 e2ee=02b1
[M8T] OUT2 e6ee=0078
[M8T] IN2 9aee=f000
[M8T] IN2 9aee=0000
[M8T] OUT2 a6e8=0000
[M8T] IN2 9aee=e000
[M8T] IN2 9aee=0000
[M8T] OUT2 86e8=0032
[M8T] OUT2 82e8=006d
[M8B] start cur=50,109 dyend=121 dpc=2211 dpitch=1024 doff=0 clip 50,109-689,120 compat=0
[M8B] end cur=50,121
[M8T] IN2 9aee=0000
[M8T] OUT2 daee=0000
[M8T] OUT2 deee=0000
[M8T] OUT2 e2ee=05ff
[M8T] OUT2 e6ee=05ff
[M8T] IN2 9aee=f000
[M8T] IN2 9aee=0000
[M8T] OUT2 daee=0032
[M8T] OUT2 deee=0079
[M8T] OUT2 e2ee=02b1
[M8T] OUT2 e6ee=0084
[M8T] IN2 9aee=f000
[M8T] IN2 9aee=0000
[M8T] OUT2 a6e8=0000
[M8T] IN2 9aee=e000
[M8T] IN2 9aee=0000
[M8T] OUT2 86e8=0032
[M8T] OUT2 82e8=0079
[M8B] start cur=50,121 dyend=133 dpc=2211 dpitch=1024 doff=0 clip 50,121-689,132 compat=0
[M8B] end cur=50,133
[M8T] IN2 9aee=0000
[M8T] OUT2 daee=0000
[M8T] OUT2 deee=0000
[M8T] OUT2 e2ee=05ff
[M8T] OUT2 e6ee=05ff
[M8T] IN2 9aee=f000
[M8T] IN2 9aee=0000
[M8T] OUT2 daee=0032
[M8T] OUT2 deee=0085
[M8T] OUT2 e2ee=02b1
[M8T] OUT2 e6ee=0090
[M8T] IN2 9aee=f000
[M8T] IN2 9aee=0000
[M8T] OUT2 a6e8=0000
[M8T] IN2 9aee=e000
[M8T] IN2 9aee=0000
[M8T] OUT2 86e8=0032
[M8T] OUT2 82e8=0085
[M8B] start cur=50,133 dyend=145 dpc=2211 dpitch=1024 doff=0 clip 50,133-689,144 compat=0
[M8B] end cur=50,145
[M8T] IN2 9aee=0000
[M8T] OUT2 daee=0000
[M8T] OUT2 deee=0000
[M8T] OUT2 e2ee=05ff
[M8T] OUT2 e6ee=05ff
[M8T] IN2 9aee=f000
[M8T] IN2 9aee=0000
[M8T] OUT2 daee=0032
[M8T] OUT2 deee=0091
[M8T] OUT2 e2ee=02b1
[M8T] OUT2 e6ee=009c
[M8T] IN2 9aee=f000
[M8T] IN2 9aee=0000
[M8T] OUT2 a6e8=0000
[M8T] IN2 9aee=e000
[M8T] IN2 9aee=0000
[M8T] OUT2 86e8=0032
[M8T] OUT2 82e8=0091
[M8B] start cur=50,145 dyend=157 dpc=2211 dpitch=1024 doff=0 clip 50,145-689,156 compat=0
[M8B] end cur=50,157
[M8T] IN2 9aee=0000
[M8T] OUT2 daee=0000
[M8T] OUT2 deee=0000
[M8T] OUT2 e2ee=05ff
[M8T] OUT2 e6ee=05ff
[M8T] IN2 9aee=f000
[M8T] IN2 9aee=0000
[M8T] OUT2 daee=0032
[M8T] OUT2 deee=009d
[M8T] OUT2 e2ee=02b1
[M8T] OUT2 e6ee=00a8
[M8T] IN2 9aee=f000
[M8T] IN2 9aee=0000
[M8T] OUT2 a6e8=0000
[M8T] IN2 9aee=e000
[M8T] IN2 9aee=0000
[M8T] OUT2 86e8=0032
[M8T] OUT2 82e8=009d
[M8B] start cur=50,157 dyend=169 dpc=2211 dpitch=1024 doff=0 clip 50,157-689,168 compat=0
[M8B] end cur=50,169
[M8T] IN2 9aee=0000
[M8T] OUT2 daee=0000
[M8T] OUT2 deee=0000
[M8T] OUT2 e2ee=05ff
[M8T] OUT2 e6ee=05ff
[M8T] IN2 9aee=f000
[M8T] IN2 9aee=0000
[M8T] OUT2 daee=0032
[M8T] OUT2 deee=00a9
[M8T] OUT2 e2ee=02b1
[M8T] OUT2 e6ee=00b4
[M8T] IN2 9aee=f000
[M8T] IN2 9aee=0000
[M8T] OUT2 a6e8=0000
[M8T] IN2 9aee=e000
[M8T] IN2 9aee=0000
[M8T] OUT2 86e8=0032
[M8T] OUT2 82e8=00a9
[M8B] start cur=50,169 dyend=181 dpc=2211 dpitch=1024 doff=0 clip 50,169-689,180 compat=0
[M8B] end cur=50,181
[M8T] IN2 9aee=0000
[M8T] OUT2 daee=0000
[M8T] OUT2 deee=0000
[M8T] OUT2 e2ee=05ff
[M8T] OUT2 e6ee=05ff
[M8T] IN2 9aee=f000
[M8T] IN2 9aee=0000
[M8T] OUT2 daee=0032
[M8T] OUT2 deee=00b5
[M8T] OUT2 e2ee=02b1
[M8T] OUT2 e6ee=00c0
[M8T] IN2 9aee=f000
[M8T] IN2 9aee=0000
[M8T] OUT2 a6e8=0000
[M8T] IN2 9aee=e000
[M8T] IN2 9aee=0000
[M8T] OUT2 86e8=0032
[M8T] OUT2 82e8=00b5
[M8B] start cur=50,181 dyend=193 dpc=2211 dpitch=1024 doff=0 clip 50,181-689,192 compat=0
[M8B] end cur=50,193
[M8T] IN2 9aee=0000
[M8T] OUT2 daee=0000
[M8T] OUT2 deee=0000
[M8T] OUT2 e2ee=05ff
[M8T] OUT2 e6ee=05ff
[M8T] IN2 9aee=f000
[M8T] IN2 9aee=0000
[M8T] OUT2 daee=0032
[M8T] OUT2 deee=00c1
[M8T] OUT2 e2ee=02b1
[M8T] OUT2 e6ee=00cc
[M8T] IN2 9aee=f000
[M8T] IN2 9aee=0000
[M8T] OUT2 a6e8=0000
[M8T] IN2 9aee=e000
[M8T] IN2 9aee=0000
[M8T] OUT2 86e8=0032
[M8T] OUT2 82e8=00c1
[M8B] start cur=50,193 dyend=205 dpc=2211 dpitch=1024 doff=0 clip 50,193-689,204 compat=0
[M8B] end cur=50,205
[M8T] IN2 9aee=0000
[M8T] OUT2 daee=0000
[M8T] OUT2 deee=0000
[M8T] OUT2 e2ee=05ff
[M8T] OUT2 e6ee=05ff
[M8T] IN2 9aee=f000
[M8T] IN2 9aee=0000
[M8T] OUT2 daee=0032
[M8T] OUT2 deee=00cd
[M8T] OUT2 e2ee=02b1
[M8T] OUT2 e6ee=00d8
[M8T] IN2 9aee=f000
[M8T] IN2 9aee=0000
[M8T] OUT2 a6e8=0000
[M8T] IN2 9aee=e000
[M8T] IN2 9aee=0000
[M8T] OUT2 86e8=0032
[M8T] OUT2 82e8=00cd
[M8B] start cur=50,205 dyend=217 dpc=2211 dpitch=1024 doff=0 clip 50,205-689,216 compat=0
[M8B] end cur=50,217
[M8T] IN2 9aee=0000
[M8T] OUT2 daee=0000
[M8T] OUT2 deee=0000
[M8T] OUT2 e2ee=05ff
[M8T] OUT2 e6ee=05ff
[M8T] IN2 9aee=f000
[M8T] IN2 9aee=0000
[M8T] OUT2 daee=0032
[M8T] OUT2 deee=00d9
[M8T] OUT2 e2ee=02b1
[M8T] OUT2 e6ee=00e4
[M8T] IN2 9aee=f000
[M8T] IN2 9aee=0000
[M8T] OUT2 a6e8=0000
[M8T] IN2 9aee=e000
[M8T] IN2 9aee=0000
[M8T] OUT2 86e8=0032
[M8T] OUT2 82e8=00d9
[M8B] start cur=50,217 dyend=229 dpc=2211 dpitch=1024 doff=0 clip 50,217-689,228 compat=0
[M8B] end cur=50,229
[M8T] IN2 9aee=0000
[M8T] OUT2 daee=0000
[M8T] OUT2 deee=0000
[M8T] OUT2 e2ee=05ff
[M8T] OUT2 e6ee=05ff
[M8T] IN2 9aee=f000
[M8T] IN2 9aee=0000
[M8T] OUT2 daee=0032
[M8T] OUT2 deee=00e5
[M8T] OUT2 e2ee=02b1
[M8T] OUT2 e6ee=00f0
[M8T] IN2 9aee=f000
[M8T] IN2 9aee=0000
[M8T] OUT2 a6e8=0000
[M8T] IN2 9aee=e000
[M8T] IN2 9aee=0000
[M8T] OUT2 86e8=0032
[M8T] OUT2 82e8=00e5
[M8B] start cur=50,229 dyend=241 dpc=2211 dpitch=1024 doff=0 clip 50,229-689,240 compat=0
[M8B] end cur=50,241
[M8T] IN2 9aee=0000
[M8T] OUT2 daee=0000
[M8T] OUT2 deee=0000
[M8T] OUT2 e2ee=05ff
[M8T] OUT2 e6ee=05ff
[M8T] IN2 9aee=f000
[M8T] IN2 9aee=0000
[M8T] OUT2 daee=0032
[M8T] OUT2 deee=00f1
[M8T] OUT2 e2ee=02b1
[M8T] OUT2 e6ee=00fc
[M8T] IN2 9aee=f000
[M8T] IN2 9aee=0000
[M8T] OUT2 a6e8=0000
[M8T] IN2 9aee=e000
[M8T] IN2 9aee=0000
[M8T] OUT2 86e8=0032
[M8T] OUT2 82e8=00f1
[M8B] start cur=50,241 dyend=253 dpc=2211 dpitch=1024 doff=0 clip 50,241-689,252 compat=0
[M8B] end cur=50,253
[M8T] IN2 9aee=0000
[M8T] OUT2 daee=0000
[M8T] OUT2 deee=0000
[M8T] OUT2 e2ee=05ff
[M8T] OUT2 e6ee=05ff
[M8T] IN2 9aee=f000
[M8T] IN2 9aee=0000
[M8T] OUT2 daee=0032
[M8T] OUT2 deee=00fd
[M8T] OUT2 e2ee=02b1
[M8T] OUT2 e6ee=0108
[M8T] IN2 9aee=f000
[M8T] IN2 9aee=0000
[M8T] OUT2 a6e8=0000
[M8T] IN2 9aee=e000
[M8T] IN2 9aee=0000
[M8T] OUT2 86e8=0032
[M8T] OUT2 82e8=00fd
[M8B] start cur=50,253 dyend=265 dpc=2211 dpitch=1024 doff=0 clip 50,253-689,264 compat=0
[M8B] end cur=50,265
[M8T] IN2 9aee=0000
[M8T] OUT2 daee=0000
[M8T] OUT2 deee=0000
[M8T] OUT2 e2ee=05ff
[M8T] OUT2 e6ee=05ff
[M8T] IN2 9aee=f000
[M8T] IN2 9aee=0000
[M8T] OUT2 daee=0032
[M8T] OUT2 deee=0109
[M8T] OUT2 e2ee=02b1
[M8T] OUT2 e6ee=0114
[M8T] IN2 9aee=f000
[M8T] IN2 9aee=0000
[M8T] OUT2 a6e8=0000
[M8T] IN2 9aee=e000
[M8T] IN2 9aee=0000
[M8T] OUT2 86e8=0032
[M8T] OUT2 82e8=0109
[M8B] start cur=50,265 dyend=277 dpc=2211 dpitch=1024 doff=0 clip 50,265-689,276 compat=0
[M8B] end cur=50,277
[M8T] IN2 9aee=0000
[M8T] OUT2 daee=0000
[M8T] OUT2 deee=0000
[M8T] OUT2 e2ee=05ff
[M8T] OUT2 e6ee=05ff
[M8T] IN2 9aee=f000
[M8T] IN2 9aee=0000
[M8T] OUT2 daee=0032
[M8T] OUT2 deee=0115
[M8T] OUT2 e2ee=02b1
[M8T] OUT2 e6ee=0120
[M8T] IN2 9aee=f000
[M8T] IN2 9aee=0000
[M8T] OUT2 a6e8=0000
[M8T] IN2 9aee=e000
[M8T] IN2 9aee=0000
[M8T] OUT2 86e8=0032
[M8T] OUT2 82e8=0115
[M8B] start cur=50,277 dyend=289 dpc=2211 dpitch=1024 doff=0 clip 50,277-689,288 compat=0
[M8B] end cur=50,289
[M8T] IN2 9aee=0000
[M8T] OUT2 daee=0000
[M8T] OUT2 deee=0000
[M8T] OUT2 e2ee=05ff
[M8T] OUT2 e6ee=05ff
[M8T] IN2 9aee=f000
[M8T] IN2 9aee=0000
[M8T] OUT2 daee=0032
[M8T] OUT2 deee=0121
[M8T] OUT2 e2ee=02b1
[M8T] OUT2 e6ee=012c
[M8T] IN2 9aee=f000
[M8T] IN2 9aee=0000
[M8T] OUT2 a6e8=0000
[M8T] IN2 9aee=e000
[M8T] IN2 9aee=0000
[M8T] OUT2 86e8=0032
[M8T] OUT2 82e8=0121
[M8B] start cur=50,289 dyend=301 dpc=2211 dpitch=1024 doff=0 clip 50,289-689,300 compat=0
[M8B] end cur=50,301
[M8T] IN2 9aee=0000
[M8T] OUT2 daee=0000
[M8T] OUT2 deee=0000
[M8T] OUT2 e2ee=05ff
[M8T] OUT2 e6ee=05ff
[M8T] IN2 9aee=f000
[M8T] IN2 9aee=0000
[M8T] OUT2 daee=0032
[M8T] OUT2 deee=012d
[M8T] OUT2 e2ee=02b1
[M8T] OUT2 e6ee=0138
[M8T] IN2 9aee=f000
[M8T] IN2 9aee=0000
[M8T] OUT2 a6e8=0000
[M8T] IN2 9aee=e000
[M8T] IN2 9aee=0000
[M8T] OUT2 86e8=0032
[M8T] OUT2 82e8=012d
[M8B] start cur=50,301 dyend=313 dpc=2211 dpitch=1024 doff=0 clip 50,301-689,312 compat=0
[M8B] end cur=50,313
[M8T] IN2 9aee=0000
[M8T] OUT2 daee=0000
[M8T] OUT2 deee=0000
[M8T] OUT2 e2ee=05ff
[M8T] OUT2 e6ee=05ff
[M8T] IN2 9aee=f000
[M8T] IN2 9aee=0000
[M8T] OUT2 daee=0032
[M8T] OUT2 deee=0139
[M8T] OUT2 e2ee=02b1
[M8T] OUT2 e6ee=0144
[M8T] IN2 9aee=f000
[M8T] IN2 9aee=0000
[M8T] OUT2 a6e8=0000
[M8T] IN2 9aee=e000
[M8T] IN2 9aee=0000
[M8T] OUT2 86e8=0032
[M8T] OUT2 82e8=0139
[M8B] start cur=50,313 dyend=325 dpc=2211 dpitch=1024 doff=0 clip 50,313-689,324 compat=0
[M8B] end cur=50,325
[M8T] IN2 9aee=0000
[M8T] OUT2 daee=0000
[M8T] OUT2 deee=0000
[M8T] OUT2 e2ee=05ff
[M8T] OUT2 e6ee=05ff
[M8T] IN2 9aee=f000
[M8T] IN2 9aee=0000
[M8T] OUT2 daee=0032
[M8T] OUT2 deee=0145
[M8T] OUT2 e2ee=02b1
[M8T] OUT2 e6ee=0150
[M8T] IN2 9aee=f000
[M8T] IN2 9aee=0000
[M8T] OUT2 a6e8=0000
[M8T] IN2 9aee=e000
[M8T] IN2 9aee=0000
[M8T] OUT2 86e8=0032
[M8T] OUT2 82e8=0145
[M8B] start cur=50,325 dyend=337 dpc=2211 dpitch=1024 doff=0 clip 50,325-689,336 compat=0
[M8B] end cur=50,337
[M8T] IN2 9aee=0000
[M8T] OUT2 daee=0000
[M8T] OUT2 deee=0000
[M8T] OUT2 e2ee=05ff
[M8T] OUT2 e6ee=05ff
[M8T] IN2 9aee=f000
[M8T] IN2 9aee=0000
[M8T] OUT2 daee=0032
[M8T] OUT2 deee=0151
[M8T] OUT2 e2ee=02b1
[M8T] OUT2 e6ee=015c
[M8T] IN2 9aee=f000
[M8T] IN2 9aee=0000
[M8T] OUT2 a6e8=0000
[M8T] IN2 9aee=e000
[M8T] IN2 9aee=0000
[M8T] OUT2 86e8=0032
[M8T] OUT2 82e8=0151
[M8B] start cur=50,337 dyend=349 dpc=2211 dpitch=1024 doff=0 clip 50,337-689,348 compat=0
[M8B] end cur=50,349
[M8T] IN2 9aee=0000
[M8T] OUT2 daee=0000
[M8T] OUT2 deee=0000
[M8T] OUT2 e2ee=05ff
[M8T] OUT2 e6ee=05ff
[M8T] IN2 9aee=f000
[M8T] IN2 9aee=0000
[M8T] OUT2 daee=0032
[M8T] OUT2 deee=015d
[M8T] OUT2 e2ee=02b1
[M8T] OUT2 e6ee=0168
[M8T] IN2 9aee=f000
[M8T] IN2 9aee=0000
[M8T] OUT2 a6e8=0000
[M8T] IN2 9aee=e000
[M8T] IN2 9aee=0000
[M8T] OUT2 86e8=0032
[M8T] OUT2 82e8=015d
[M8B] start cur=50,349 dyend=361 dpc=2211 dpitch=1024 doff=0 clip 50,349-689,360 compat=0
[M8B] end cur=50,361
[M8T] IN2 9aee=0000
[M8T] OUT2 daee=0000
[M8T] OUT2 deee=0000
[M8T] OUT2 e2ee=05ff
[M8T] OUT2 e6ee=05ff
[M8T] IN2 9aee=f000
[M8T] IN2 9aee=0000
[M8T] OUT2 daee=0032
[M8T] OUT2 deee=0169
[M8T] OUT2 e2ee=02b1
[M8T] OUT2 e6ee=0174
[M8T] IN2 9aee=f000
[M8T] IN2 9aee=0000
[M8T] OUT2 a6e8=0000
[M8T] IN2 9aee=e000
[M8T] IN2 9aee=0000
[M8T] OUT2 86e8=0032
[M8T] OUT2 82e8=0169
[M8B] start cur=50,361 dyend=373 dpc=2211 dpitch=1024 doff=0 clip 50,361-689,372 compat=0
[M8B] end cur=50,373
[M8T] IN2 9aee=0000
[M8T] OUT2 daee=0000
[M8T] OUT2 deee=0000
[M8T] OUT2 e2ee=05ff
[M8T] OUT2 e6ee=05ff
[M8T] IN2 9aee=f000
[M8T] IN2 9aee=0000
[M8T] OUT2 daee=0000
[M8T] OUT2 deee=0000
[M8T] OUT2 e2ee=03ff
[M8T] OUT2 e6ee=02ff
[M8T] IN2 9aee=fc00
[M8T] IN2 9aee=0000
[M8T] OUT2 8ee8=0010
[M8T] OUT2 8ae8=0300
[M8T] OUT2 86e8=0200
[M8T] OUT2 82e8=0180
[M8B] start cur=512,384 dyend=416 dpc=6211 dpitch=1024 doff=0 clip 0,0-1023,767 compat=0
[M8B] end cur=512,416
[M8T] OUT2 e2ee=05ff
[M8T] OUT2 e6ee=05ff
[M8T] IN2 9aee=c000
[M8T] IN2 9aee=0000
[M8T] OUT2 daee=0032
[M8T] OUT2 deee=0175
[M8T] OUT2 e2ee=02b1
[M8T] OUT2 e6ee=0180
[M8T] IN2 9aee=f000
[M8T] IN2 9aee=0000
[M8T] OUT2 a6e8=0000
[M8T] IN2 9aee=e000
[M8T] IN2 9aee=0000
[M8T] OUT2 86e8=0032
[M8T] OUT2 82e8=0175
[M8B] start cur=50,373 dyend=385 dpc=2211 dpitch=1024 doff=0 clip 50,373-689,384 compat=0
[M8B] end cur=50,385
[M8T] IN2 9aee=0000
[M8T] OUT2 daee=0000
[M8T] OUT2 deee=0000
[M8T] OUT2 e2ee=05ff
[M8T] OUT2 e6ee=05ff
[M8T] IN2 9aee=f000
[M8T] IN2 9aee=0000
[M8T] OUT2 daee=0032
[M8T] OUT2 deee=0181
[M8T] OUT2 e2ee=02b1
[M8T] OUT2 e6ee=018c
[M8T] IN2 9aee=f000
[M8T] IN2 9aee=0000
[M8T] OUT2 a6e8=0000
[M8T] IN2 9aee=e000
[M8T] IN2 9aee=0000
[M8T] OUT2 86e8=0032
[M8T] OUT2 82e8=0181
[M8B] start cur=50,385 dyend=397 dpc=2211 dpitch=1024 doff=0 clip 50,385-689,396 compat=0
[M8B] end cur=50,397
[M8T] IN2 9aee=0000
[M8T] OUT2 daee=0000
[M8T] OUT2 deee=0000
[M8T] OUT2 e2ee=05ff
[M8T] OUT2 e6ee=05ff
[M8T] IN2 9aee=f000
[M8T] IN2 9aee=0000
[M8T] OUT2 daee=0032
[M8T] OUT2 deee=0061
[M8T] OUT2 e2ee=02b1
[M8T] OUT2 e6ee=006c
[M8T] IN2 9aee=f000
[M8T] IN2 9aee=0000
[M8T] OUT2 a6e8=0000
[M8T] IN2 9aee=e000
[M8T] IN2 9aee=0000
[M8T] OUT2 86e8=0032
[M8T] OUT2 82e8=0061
[M8B] start cur=50,97 dyend=109 dpc=2211 dpitch=1024 doff=0 clip 50,97-689,108 compat=0
[M8B] end cur=50,109
[M8T] IN2 9aee=0000
[M8T] OUT2 daee=0000
[M8T] OUT2 deee=0000
[M8T] OUT2 e2ee=05ff
[M8T] OUT2 e6ee=05ff
[M8T] IN2 9aee=f000
[M8T] IN2 9aee=0000
[M8T] OUT2 daee=0032
[M8T] OUT2 deee=006d
[M8T] OUT2 e2ee=02b1
[M8T] OUT2 e6ee=0078
[M8T] IN2 9aee=f000
[M8T] IN2 9aee=0000
[M8T] OUT2 a6e8=0000
[M8T] IN2 9aee=e000
[M8T] IN2 9aee=0000
[M8T] OUT2 86e8=0032
[M8T] OUT2 82e8=006d
[M8B] start cur=50,109 dyend=121 dpc=2211 dpitch=1024 doff=0 clip 50,109-689,120 compat=0
[M8B] end cur=50,121
[M8T] IN2 9aee=0000
[M8T] OUT2 daee=0000
[M8T] OUT2 deee=0000
[M8T] OUT2 e2ee=05ff
[M8T] OUT2 e6ee=05ff
[M8T] IN2 9aee=f000
[M8T] IN2 9aee=0000
[M8T] OUT2 daee=0032
[M8T] OUT2 deee=0079
[M8T] OUT2 e2ee=02b1
[M8T] OUT2 e6ee=0084
[M8T] IN2 9aee=f000
[M8T] IN2 9aee=0000
[M8T] OUT2 a6e8=0000
[M8T] IN2 9aee=e000
[M8T] IN2 9aee=0000
[M8T] OUT2 86e8=0032
[M8T] OUT2 82e8=0079
[M8B] start cur=50,121 dyend=133 dpc=2211 dpitch=1024 doff=0 clip 50,121-689,132 compat=0
[M8B] end cur=50,133
[M8T] IN2 9aee=0000
[M8T] OUT2 daee=0000
[M8T] OUT2 deee=0000
[M8T] OUT2 e2ee=05ff
[M8T] OUT2 e6ee=05ff
[M8T] IN2 9aee=f000
[M8T] IN2 9aee=0000
[M8T] OUT2 daee=0032
[M8T] OUT2 deee=0085
[M8T] OUT2 e2ee=02b1
[M8T] OUT2 e6ee=0090
[M8T] IN2 9aee=f000
[M8T] IN2 9aee=0000
[M8T] OUT2 a6e8=0000
[M8T] IN2 9aee=e000
[M8T] IN2 9aee=0000
[M8T] OUT2 86e8=0032
[M8T] OUT2 82e8=0085
[M8B] start cur=50,133 dyend=145 dpc=2211 dpitch=1024 doff=0 clip 50,133-689,144 compat=0
[M8B] end cur=50,145
[M8T] IN2 9aee=0000
[M8T] OUT2 daee=0000
[M8T] OUT2 deee=0000
[M8T] OUT2 e2ee=05ff
[M8T] OUT2 e6ee=05ff
[M8T] IN2 9aee=f000
[M8T] IN2 9aee=0000
[M8T] OUT2 daee=0032
[M8T] OUT2 deee=0091
[M8T] OUT2 e2ee=02b1
[M8T] OUT2 e6ee=009c
[M8T] IN2 9aee=f000
[M8T] IN2 9aee=0000
[M8T] OUT2 a6e8=0000
[M8T] IN2 9aee=e000
[M8T] IN2 9aee=0000
[M8T] OUT2 86e8=0032
[M8T] OUT2 82e8=0091
[M8B] start cur=50,145 dyend=157 dpc=2211 dpitch=1024 doff=0 clip 50,145-689,156 compat=0
[M8B] end cur=50,157
[M8T] IN2 9aee=0000
[M8T] OUT2 daee=0000
[M8T] OUT2 deee=0000
[M8T] OUT2 e2ee=05ff
[M8T] OUT2 e6ee=05ff
[M8T] IN2 9aee=f000
[M8T] IN2 9aee=0000
[M8T] OUT2 daee=0032
[M8T] OUT2 deee=009d
[M8T] OUT2 e2ee=02b1
[M8T] OUT2 e6ee=00a8
[M8T] IN2 9aee=f000
[M8T] IN2 9aee=0000
[M8T] OUT2 a6e8=0000
[M8T] IN2 9aee=e000
[M8T] IN2 9aee=0000
[M8T] OUT2 86e8=0032
[M8T] OUT2 82e8=009d
[M8B] start cur=50,157 dyend=169 dpc=2211 dpitch=1024 doff=0 clip 50,157-689,168 compat=0
[M8B] end cur=50,169
[M8T] IN2 9aee=0000
[M8T] OUT2 daee=0000
[M8T] OUT2 deee=0000
[M8T] OUT2 e2ee=05ff
[M8T] OUT2 e6ee=05ff
[M8T] IN2 9aee=f000
[M8T] IN2 9aee=0000
[M8T] OUT2 daee=0032
[M8T] OUT2 deee=00a9
[M8T] OUT2 e2ee=02b1
[M8T] OUT2 e6ee=00b4
[M8T] IN2 9aee=f000
[M8T] IN2 9aee=0000
[M8T] OUT2 a6e8=0000
[M8T] IN2 9aee=e000
[M8T] IN2 9aee=0000
[M8T] OUT2 86e8=0032
[M8T] OUT2 82e8=00a9
[M8B] start cur=50,169 dyend=181 dpc=2211 dpitch=1024 doff=0 clip 50,169-689,180 compat=0
[M8B] end cur=50,181
[M8T] IN2 9aee=0000
[M8T] OUT2 daee=0000
[M8T] OUT2 deee=0000
[M8T] OUT2 e2ee=05ff
[M8T] OUT2 e6ee=05ff
[M8T] IN2 9aee=f000
[M8T] IN2 9aee=0000
[M8T] OUT2 daee=0032
[M8T] OUT2 deee=00b5
[M8T] OUT2 e2ee=02b1
[M8T] OUT2 e6ee=00c0
[M8T] IN2 9aee=f000
[M8T] IN2 9aee=0000
[M8T] OUT2 a6e8=0000
[M8T] IN2 9aee=e000
[M8T] IN2 9aee=0000
[M8T] OUT2 86e8=0032
[M8T] OUT2 82e8=00b5
[M8B] start cur=50,181 dyend=193 dpc=2211 dpitch=1024 doff=0 clip 50,181-689,192 compat=0
[M8B] end cur=50,193
[M8T] IN2 9aee=0000
[M8T] OUT2 daee=0000
[M8T] OUT2 deee=0000
[M8T] OUT2 e2ee=05ff
[M8T] OUT2 e6ee=05ff
[M8T] IN2 9aee=f000
[M8T] IN2 9aee=0000
[M8T] OUT2 daee=0032
[M8T] OUT2 deee=00c1
[M8T] OUT2 e2ee=02b1
[M8T] OUT2 e6ee=00cc
[M8T] IN2 9aee=f000
[M8T] IN2 9aee=0000
[M8T] OUT2 a6e8=0000
[M8T] IN2 9aee=e000
[M8T] IN2 9aee=0000
[M8T] OUT2 86e8=0032
[M8T] OUT2 82e8=00c1
[M8B] start cur=50,193 dyend=205 dpc=2211 dpitch=1024 doff=0 clip 50,193-689,204 compat=0
[M8B] end cur=50,205
[M8T] IN2 9aee=0000
[M8T] OUT2 daee=0000
[M8T] OUT2 deee=0000
[M8T] OUT2 e2ee=05ff
[M8T] OUT2 e6ee=05ff
[M8T] IN2 9aee=f000
[M8T] IN2 9aee=0000
[M8T] OUT2 daee=0032
[M8T] OUT2 deee=00cd
[M8T] OUT2 e2ee=02b1
[M8T] OUT2 e6ee=00d8
[M8T] IN2 9aee=f000
[M8T] IN2 9aee=0000
[M8T] OUT2 a6e8=0000
[M8T] IN2 9aee=e000
[M8T] IN2 9aee=0000
[M8T] OUT2 86e8=0032
[M8T] OUT2 82e8=00cd
[M8B] start cur=50,205 dyend=217 dpc=2211 dpitch=1024 doff=0 clip 50,205-689,216 compat=0
[M8B] end cur=50,217
[M8T] IN2 9aee=0000
[M8T] OUT2 daee=0000
[M8T] OUT2 deee=0000
[M8T] OUT2 e2ee=05ff
[M8T] OUT2 e6ee=05ff
[M8T] IN2 9aee=f000
[M8T] IN2 9aee=0000
[M8T] OUT2 daee=0032
[M8T] OUT2 deee=00d9
[M8T] OUT2 e2ee=02b1
[M8T] OUT2 e6ee=00e4
[M8T] IN2 9aee=f000
[M8T] IN2 9aee=0000
[M8T] OUT2 a6e8=0000
[M8T] IN2 9aee=e000
[M8T] IN2 9aee=0000
[M8T] OUT2 86e8=0032
[M8T] OUT2 82e8=00d9
[M8B] start cur=50,217 dyend=229 dpc=2211 dpitch=1024 doff=0 clip 50,217-689,228 compat=0
[M8B] end cur=50,229
[M8T] IN2 9aee=0000
[M8T] OUT2 daee=0000
[M8T] OUT2 deee=0000
[M8T] OUT2 e2ee=05ff
[M8T] OUT2 e6ee=05ff
[M8T] IN2 9aee=f000
[M8T] IN2 9aee=0000
[M8T] OUT2 daee=0032
[M8T] OUT2 deee=00e5
[M8T] OUT2 e2ee=02b1
[M8T] OUT2 e6ee=00f0
[M8T] IN2 9aee=f000
[M8T] IN2 9aee=0000
[M8T] OUT2 a6e8=0000
[M8T] IN2 9aee=e000
[M8T] IN2 9aee=0000
[M8T] OUT2 86e8=0032
[M8T] OUT2 82e8=00e5
[M8B] start cur=50,229 dyend=241 dpc=2211 dpitch=1024 doff=0 clip 50,229-689,240 compat=0
[M8B] end cur=50,241
[M8T] IN2 9aee=0000
[M8T] OUT2 daee=0000
[M8T] OUT2 deee=0000
[M8T] OUT2 e2ee=05ff
[M8T] OUT2 e6ee=05ff
[M8T] IN2 9aee=f000
[M8T] IN2 9aee=0000
[M8T] OUT2 daee=0032
[M8T] OUT2 deee=00f1
[M8T] OUT2 e2ee=02b1
[M8T] OUT2 e6ee=00fc
[M8T] IN2 9aee=f000
[M8T] IN2 9aee=0000
[M8T] OUT2 a6e8=0000
[M8T] IN2 9aee=e000
[M8T] IN2 9aee=0000
[M8T] OUT2 86e8=0032
[M8T] OUT2 82e8=00f1
[M8B] start cur=50,241 dyend=253 dpc=2211 dpitch=1024 doff=0 clip 50,241-689,252 compat=0
[M8B] end cur=50,253
[M8T] IN2 9aee=0000
[M8T] OUT2 daee=0000
[M8T] OUT2 deee=0000
[M8T] OUT2 e2ee=05ff
[M8T] OUT2 e6ee=05ff
[M8T] IN2 9aee=f000
[M8T] IN2 9aee=0000
[M8T] OUT2 daee=0032
[M8T] OUT2 deee=00fd
[M8T] OUT2 e2ee=02b1
[M8T] OUT2 e6ee=0108
[M8T] IN2 9aee=f000
[M8T] IN2 9aee=0000
[M8T] OUT2 a6e8=0000
[M8T] IN2 9aee=e000
[M8T] IN2 9aee=0000
[M8T] OUT2 86e8=0032
[M8T] OUT2 82e8=00fd
[M8B] start cur=50,253 dyend=265 dpc=2211 dpitch=1024 doff=0 clip 50,253-689,264 compat=0
[M8B] end cur=50,265
[M8T] IN2 9aee=0000
[M8T] OUT2 daee=0000
[M8T] OUT2 deee=0000
[M8T] OUT2 e2ee=05ff
[M8T] OUT2 e6ee=05ff
[M8T] IN2 9aee=f000
[M8T] IN2 9aee=0000
[M8T] OUT2 daee=0032
[M8T] OUT2 deee=0109
[M8T] OUT2 e2ee=02b1
[M8T] OUT2 e6ee=0114
[M8T] IN2 9aee=f000
[M8T] IN2 9aee=0000
[M8T] OUT2 a6e8=0000
[M8T] IN2 9aee=e000
[M8T] IN2 9aee=0000
[M8T] OUT2 86e8=0032
[M8T] OUT2 82e8=0109
[M8B] start cur=50,265 dyend=277 dpc=2211 dpitch=1024 doff=0 clip 50,265-689,276 compat=0
[M8B] end cur=50,277
[M8T] IN2 9aee=0000
[M8T] OUT2 daee=0000
[M8T] OUT2 deee=0000
[M8T] OUT2 e2ee=05ff
[M8T] OUT2 e6ee=05ff
[M8T] IN2 9aee=f000
[M8T] IN2 9aee=0000
[M8T] OUT2 daee=0032
[M8T] OUT2 deee=0115
[M8T] OUT2 e2ee=02b1
[M8T] OUT2 e6ee=0120
[M8T] IN2 9aee=f000
[M8T] IN2 9aee=0000
[M8T] OUT2 a6e8=0000
[M8T] IN2 9aee=e000
[M8T] IN2 9aee=0000
[M8T] OUT2 86e8=0032
[M8T] OUT2 82e8=0115
[M8B] start cur=50,277 dyend=289 dpc=2211 dpitch=1024 doff=0 clip 50,277-689,288 compat=0
[M8B] end cur=50,289
[M8T] IN2 9aee=0000
[M8T] OUT2 daee=0000
[M8T] OUT2 deee=0000
[M8T] OUT2 e2ee=05ff
[M8T] OUT2 e6ee=05ff
[M8T] IN2 9aee=f000
[M8T] IN2 9aee=0000
[M8T] OUT2 daee=0032
[M8T] OUT2 deee=0121
[M8T] OUT2 e2ee=02b1
[M8T] OUT2 e6ee=012c
[M8T] IN2 9aee=f000
[M8T] IN2 9aee=0000
[M8T] OUT2 a6e8=0000
[M8T] IN2 9aee=e000
[M8T] IN2 9aee=0000
[M8T] OUT2 86e8=0032
[M8T] OUT2 82e8=0121
[M8B] start cur=50,289 dyend=301 dpc=2211 dpitch=1024 doff=0 clip 50,289-689,300 compat=0
[M8B] end cur=50,301
[M8T] IN2 9aee=0000
[M8T] OUT2 daee=0000
[M8T] OUT2 deee=0000
[M8T] OUT2 e2ee=05ff
[M8T] OUT2 e6ee=05ff
[M8T] IN2 9aee=f000
[M8T] IN2 9aee=0000
[M8T] OUT2 daee=0032
[M8T] OUT2 deee=012d
[M8T] OUT2 e2ee=02b1
[M8T] OUT2 e6ee=0138
[M8T] IN2 9aee=f000
[M8T] IN2 9aee=0000
[M8T] OUT2 a6e8=0000
[M8T] IN2 9aee=e000
[M8T] IN2 9aee=0000
[M8T] OUT2 86e8=0032
[M8T] OUT2 82e8=012d
[M8B] start cur=50,301 dyend=313 dpc=2211 dpitch=1024 doff=0 clip 50,301-689,312 compat=0
[M8B] end cur=50,313
[M8T] IN2 9aee=0000
[M8T] OUT2 daee=0000
[M8T] OUT2 deee=0000
[M8T] OUT2 e2ee=05ff
[M8T] OUT2 e6ee=05ff
[M8T] IN2 9aee=f000
[M8T] IN2 9aee=0000
[M8T] OUT2 daee=0032
[M8T] OUT2 deee=0139
[M8T] OUT2 e2ee=02b1
[M8T] OUT2 e6ee=0144
[M8T] IN2 9aee=f000
[M8T] IN2 9aee=0000
[M8T] OUT2 a6e8=0000
[M8T] IN2 9aee=e000
[M8T] IN2 9aee=0000
[M8T] OUT2 86e8=0032
[M8T] OUT2 82e8=0139
[M8B] start cur=50,313 dyend=325 dpc=2211 dpitch=1024 doff=0 clip 50,313-689,324 compat=0
[M8B] end cur=50,325
[M8T] IN2 9aee=0000
[M8T] OUT2 daee=0000
[M8T] OUT2 deee=0000
[M8T] OUT2 e2ee=05ff
[M8T] OUT2 e6ee=05ff
[M8T] IN2 9aee=f000
[M8T] IN2 9aee=0000
[M8T] OUT2 daee=0032
[M8T] OUT2 deee=0145
[M8T] OUT2 e2ee=02b1
[M8T] OUT2 e6ee=0150
[M8T] IN2 9aee=f000
[M8T] IN2 9aee=0000
[M8T] OUT2 a6e8=0000
[M8T] IN2 9aee=e000
[M8T] IN2 9aee=0000
[M8T] OUT2 86e8=0032
[M8T] OUT2 82e8=0145
[M8B] start cur=50,325 dyend=337 dpc=2211 dpitch=1024 doff=0 clip 50,325-689,336 compat=0
[M8B] end cur=50,337
[M8T] IN2 9aee=0000
[M8T] OUT2 daee=0000
[M8T] OUT2 deee=0000
[M8T] OUT2 e2ee=05ff
[M8T] OUT2 e6ee=05ff
[M8T] IN2 9aee=f000
[M8T] IN2 9aee=0000
[M8T] OUT2 daee=0032
[M8T] OUT2 deee=0151
[M8T] OUT2 e2ee=02b1
[M8T] OUT2 e6ee=015c
[M8T] IN2 9aee=f000
[M8T] IN2 9aee=0000
[M8T] OUT2 a6e8=0000
[M8T] IN2 9aee=e000
[M8T] IN2 9aee=0000
[M8T] OUT2 86e8=0032
[M8T] OUT2 82e8=0151
[M8B] start cur=50,337 dyend=349 dpc=2211 dpitch=1024 doff=0 clip 50,337-689,348 compat=0
[M8B] end cur=50,349
[M8T] IN2 9aee=0000
[M8T] OUT2 daee=0000
[M8T] OUT2 deee=0000
[M8T] OUT2 e2ee=05ff
[M8T] OUT2 e6ee=05ff
[M8T] IN2 9aee=f000
[M8T] IN2 9aee=0000
[M8T] OUT2 daee=0032
[M8T] OUT2 deee=015d
[M8T] OUT2 e2ee=02b1
[M8T] OUT2 e6ee=0168
[M8T] IN2 9aee=f000
[M8T] IN2 9aee=0000
[M8T] OUT2 a6e8=0000
[M8T] IN2 9aee=e000
[M8T] IN2 9aee=0000
[M8T] OUT2 86e8=0032
[M8T] OUT2 82e8=015d
[M8B] start cur=50,349 dyend=361 dpc=2211 dpitch=1024 doff=0 clip 50,349-689,360 compat=0
[M8B] end cur=50,361
[M8T] IN2 9aee=0000
[M8T] OUT2 daee=0000
[M8T] OUT2 deee=0000
[M8T] OUT2 e2ee=05ff
[M8T] OUT2 e6ee=05ff
[M8T] IN2 9aee=f000
[M8T] IN2 9aee=0000
[M8T] OUT2 daee=0032
[M8T] OUT2 deee=0169
[M8T] OUT2 e2ee=02b1
[M8T] OUT2 e6ee=0174
[M8T] IN2 9aee=f000
[M8T] IN2 9aee=0000
[M8T] OUT2 a6e8=0000
[M8T] IN2 9aee=e000
[M8T] IN2 9aee=0000
[M8T] OUT2 86e8=0032
[M8T] OUT2 82e8=0169
[M8B] start cur=50,361 dyend=373 dpc=2211 dpitch=1024 doff=0 clip 50,361-689,372 compat=0
[M8B] end cur=50,373
[M8T] IN2 9aee=0000
[M8T] OUT2 daee=0000
[M8T] OUT2 deee=0000
[M8T] OUT2 e2ee=05ff
[M8T] OUT2 e6ee=05ff
[M8T] IN2 9aee=f000
[M8T] IN2 9aee=0000
[M8T] OUT2 daee=0032
[M8T] OUT2 deee=0175
[M8T] OUT2 e2ee=02b1
[M8T] OUT2 e6ee=0180
[M8T] IN2 9aee=f000
[M8T] IN2 9aee=0000
[M8T] OUT2 a6e8=0000
[M8T] IN2 9aee=e000
[M8T] IN2 9aee=0000
[M8T] OUT2 86e8=0032
[M8T] OUT2 82e8=0175
[M8B] start cur=50,373 dyend=385 dpc=2211 dpitch=1024 doff=0 clip 50,373-689,384 compat=0
[M8B] end cur=50,385
[M8T] IN2 9aee=0000
[M8T] OUT2 daee=0000
[M8T] OUT2 deee=0000
[M8T] OUT2 e2ee=05ff
[M8T] OUT2 e6ee=05ff
[M8T] IN2 9aee=f000
[M8T] IN2 9aee=0000
[M8T] OUT2 daee=0032
[M8T] OUT2 deee=0181
[M8T] OUT2 e2ee=02b1
[M8T] OUT2 e6ee=018c
[M8T] IN2 9aee=f000
[M8T] IN2 9aee=0000
[M8T] OUT2 a6e8=0000
[M8T] IN2 9aee=e000
[M8T] IN2 9aee=0000
[M8T] OUT2 86e8=0032
[M8T] OUT2 82e8=0181
[M8B] start cur=50,385 dyend=397 dpc=2211 dpitch=1024 doff=0 clip 50,385-689,396 compat=0
[M8B] end cur=50,397
[M8T] IN2 9aee=0000
[M8T] OUT2 daee=0000
[M8T] OUT2 deee=0000
[M8T] OUT2 e2ee=05ff
[M8T] OUT2 e6ee=05ff
[M8T] IN2 9aee=f000
[M8T] IN2 9aee=0000
[M8T] OUT2 a6e8=ffff
[M8T] OUT2 86e8=0032
[M8T] OUT2 82e8=006b
[M8B] start cur=50,107 dyend=109 dpc=2211 dpitch=1024 doff=0 clip 0,0-1535,1535 compat=0
[M8B] end cur=50,109
[M8T] IN2 9aee=0000
[M8T] OUT2 a6e8=ffff
[M8T] OUT2 86e8=0032
[M8T] OUT2 82e8=006b
[M8B] start cur=50,107 dyend=109 dpc=2211 dpitch=1024 doff=0 clip 0,0-1535,1535 compat=0
[M8B] end cur=50,109
[M8T] IN2 9aee=0000
[M8T] OUT2 a6e8=ffff
[M8T] OUT2 86e8=0032
[M8T] OUT2 82e8=006b
[M8B] start cur=50,107 dyend=109 dpc=2211 dpitch=1024 doff=0 clip 0,0-1535,1535 compat=0
[M8B] end cur=50,109
[M8T] IN2 9aee=0000
[M8T] OUT2 a6e8=ffff
[M8T] OUT2 86e8=0032
[M8T] OUT2 82e8=004a
[M8B] start cur=50,74 dyend=89 dpc=2211 dpitch=1024 doff=0 clip 0,0-1535,1535 compat=0
[M8B] end cur=50,89
[M8T] IN2 9aee=0000
[M8T] OUT2 a6e8=ffff
[M8T] OUT2 86e8=0033
[M8T] OUT2 82e8=004b
[M8B] start cur=51,75 dyend=88 dpc=2211 dpitch=1024 doff=0 clip 0,0-1535,1535 compat=0
[M8B] end cur=51,88
[M8T] IN2 9aee=0000
[M8T] OUT2 daee=003c
[M8T] OUT2 deee=004b
[M8T] OUT2 e2ee=0078
[M8T] OUT2 e6ee=0057
[M8T] IN2 9aee=f000
[M8T] IN2 9aee=0000
[M8T] OUT2 a6e8=ffff
[M8T] IN2 9aee=e000
[M8T] IN2 9aee=0000
[M8T] OUT2 86e8=0047
[M8T] OUT2 82e8=004b
[M8B] start cur=71,75 dyend=88 dpc=2211 dpitch=1024 doff=0 clip 60,75-120,87 compat=0
[M8B] end cur=71,88
[M8T] IN2 9aee=0000
[M8T] OUT2 a6e8=0000
[M8T] IN2 9aee=f800
[M8T] IN2 9aee=0000
[M8T] OUT2 86e8=0047
[M8T] OUT2 82e8=004d
[M8B] start cur=71,77 dyend=86 dpc=3251 dpitch=1024 doff=0 clip 60,75-120,87 compat=0
[M8T] OUT2 e2e8=2010
[M8T] OUT2 e2e8=44a1
[M8T] OUT2 e2e8=9f48
[M8T] OUT2 e2e8=8241
[M8T] OUT2 86e8=004f
[M8T] OUT2 82e8=0050
[M8B] start cur=79,80 dyend=86 dpc=3251 dpitch=1024 doff=0 clip 60,75-120,87 compat=0
[M8T] OUT2 e2e8=638c
[M8T] OUT2 e2e8=b419
[M8T] IN2 9aee=0000
[M8T] OUT2 86e8=0055
[M8T] OUT2 82e8=004e
[M8B] start cur=85,78 dyend=86 dpc=3251 dpitch=1024 doff=0 clip 60,75-120,87 compat=0
[M8T] OUT2 e2e8=a9ae
[M8T] OUT2 e2e8=0000
[M8T] OUT2 86e8=0058
[M8T] OUT2 82e8=0050
[M8B] start cur=88,80 dyend=86 dpc=3251 dpitch=1024 doff=0 clip 60,75-120,87 compat=0
[M8T] OUT2 e2e8=6374
[M8T] OUT2 e2e8=b818
[M8T] IN2 9aee=0000
[M8T] OUT2 daee=0000
[M8T] OUT2 deee=0000
[M8T] OUT2 e2ee=05ff
[M8T] OUT2 e6ee=05ff
[M8T] IN2 9aee=f000
[M8T] IN2 9aee=0000
[M8T] OUT2 a6e8=ffff
[M8T] OUT2 86e8=0032
[M8T] OUT2 82e8=006b
[M8B] start cur=50,107 dyend=109 dpc=2211 dpitch=1024 doff=0 clip 0,0-1535,1535 compat=0
[M8B] end cur=50,109
[M8T] IN2 9aee=0000
[M8T] OUT2 a6e8=ffff
[M8T] OUT2 86e8=0032
[M8T] OUT2 82e8=006b
[M8B] start cur=50,107 dyend=109 dpc=2211 dpitch=1024 doff=0 clip 0,0-1535,1535 compat=0
[M8B] end cur=50,109
[M8T] IN2 9aee=0000
[M8T] OUT2 daee=0032
[M8T] OUT2 deee=0061
[M8T] OUT2 e2ee=02b1
[M8T] OUT2 e6ee=006c
[M8T] IN2 9aee=f000
[M8T] IN2 9aee=0000
[M8T] OUT2 a6e8=0000
[M8T] IN2 9aee=e000
[M8T] IN2 9aee=0000
[M8T] OUT2 86e8=0032
[M8T] OUT2 82e8=0061
[M8B] start cur=50,97 dyend=109 dpc=2211 dpitch=1024 doff=0 clip 50,97-689,108 compat=0
[M8B] end cur=50,109
[M8T] IN2 9aee=0000
[M8T] OUT2 daee=0000
[M8T] OUT2 deee=0000
[M8T] OUT2 e2ee=05ff
[M8T] OUT2 e6ee=05ff
[M8T] IN2 9aee=f000
[M8T] IN2 9aee=0000
[M8T] OUT2 daee=0032
[M8T] OUT2 deee=006d
[M8T] OUT2 e2ee=02b1
[M8T] OUT2 e6ee=0078
[M8T] IN2 9aee=f000
[M8T] IN2 9aee=0000
[M8T] OUT2 a6e8=0000
[M8T] IN2 9aee=e000
[M8T] IN2 9aee=0000
[M8T] OUT2 86e8=0032
[M8T] OUT2 82e8=006d
[M8B] start cur=50,109 dyend=121 dpc=2211 dpitch=1024 doff=0 clip 50,109-689,120 compat=0
[M8B] end cur=50,121
[M8T] IN2 9aee=0000
[M8T] OUT2 daee=0000
[M8T] OUT2 deee=0000
[M8T] OUT2 e2ee=05ff
[M8T] OUT2 e6ee=05ff
[M8T] IN2 9aee=f000
[M8T] IN2 9aee=0000
[M8T] OUT2 daee=0032
[M8T] OUT2 deee=0079
[M8T] OUT2 e2ee=02b1
[M8T] OUT2 e6ee=0084
[M8T] IN2 9aee=f000
[M8T] IN2 9aee=0000
[M8T] OUT2 a6e8=0000
[M8T] IN2 9aee=e000
[M8T] IN2 9aee=0000
[M8T] OUT2 86e8=0032
[M8T] OUT2 82e8=0079
[M8B] start cur=50,121 dyend=133 dpc=2211 dpitch=1024 doff=0 clip 50,121-689,132 compat=0
[M8B] end cur=50,133
[M8T] IN2 9aee=0000
[M8T] OUT2 daee=0000
[M8T] OUT2 deee=0000
[M8T] OUT2 e2ee=05ff
[M8T] OUT2 e6ee=05ff
[M8T] IN2 9aee=f000
[M8T] IN2 9aee=0000
[M8T] OUT2 daee=0032
[M8T] OUT2 deee=0085
[M8T] OUT2 e2ee=02b1
[M8T] OUT2 e6ee=0090
[M8T] IN2 9aee=f000
[M8T] IN2 9aee=0000
[M8T] OUT2 a6e8=0000
[M8T] IN2 9aee=e000
[M8T] IN2 9aee=0000
[M8T] OUT2 86e8=0032
[M8T] OUT2 82e8=0085
[M8B] start cur=50,133 dyend=145 dpc=2211 dpitch=1024 doff=0 clip 50,133-689,144 compat=0
[M8B] end cur=50,145
[M8T] IN2 9aee=0000
[M8T] OUT2 daee=0000
[M8T] OUT2 deee=0000
[M8T] OUT2 e2ee=05ff
[M8T] OUT2 e6ee=05ff
[M8T] IN2 9aee=f000
[M8T] IN2 9aee=0000
[M8T] OUT2 daee=0032
[M8T] OUT2 deee=0091
[M8T] OUT2 e2ee=02b1
[M8T] OUT2 e6ee=009c
[M8T] IN2 9aee=f000
[M8T] IN2 9aee=0000
[M8T] OUT2 a6e8=0000
[M8T] IN2 9aee=e000
[M8T] IN2 9aee=0000
[M8T] OUT2 86e8=0032
[M8T] OUT2 82e8=0091
[M8B] start cur=50,145 dyend=157 dpc=2211 dpitch=1024 doff=0 clip 50,145-689,156 compat=0
[M8B] end cur=50,157
[M8T] IN2 9aee=0000
[M8T] OUT2 daee=0000
[M8T] OUT2 deee=0000
[M8T] OUT2 e2ee=05ff
[M8T] OUT2 e6ee=05ff
[M8T] IN2 9aee=f000
[M8T] IN2 9aee=0000
[M8T] OUT2 daee=0032
[M8T] OUT2 deee=009d
[M8T] OUT2 e2ee=02b1
[M8T] OUT2 e6ee=00a8
[M8T] IN2 9aee=f000
[M8T] IN2 9aee=0000
[M8T] OUT2 a6e8=0000
[M8T] IN2 9aee=e000
[M8T] IN2 9aee=0000
[M8T] OUT2 86e8=0032
[M8T] OUT2 82e8=009d
[M8B] start cur=50,157 dyend=169 dpc=2211 dpitch=1024 doff=0 clip 50,157-689,168 compat=0
[M8B] end cur=50,169
[M8T] IN2 9aee=0000
[M8T] OUT2 daee=0000
[M8T] OUT2 deee=0000
[M8T] OUT2 e2ee=05ff
[M8T] OUT2 e6ee=05ff
[M8T] IN2 9aee=f000
[M8T] IN2 9aee=0000
[M8T] OUT2 daee=0032
[M8T] OUT2 deee=00a9
[M8T] OUT2 e2ee=02b1
[M8T] OUT2 e6ee=00b4
[M8T] IN2 9aee=f000
[M8T] IN2 9aee=0000
[M8T] OUT2 a6e8=0000
[M8T] IN2 9aee=e000
[M8T] IN2 9aee=0000
[M8T] OUT2 86e8=0032
[M8T] OUT2 82e8=00a9
[M8B] start cur=50,169 dyend=181 dpc=2211 dpitch=1024 doff=0 clip 50,169-689,180 compat=0
[M8B] end cur=50,181
[M8T] IN2 9aee=0000
[M8T] OUT2 daee=0000
[M8T] OUT2 deee=0000
[M8T] OUT2 e2ee=05ff
[M8T] OUT2 e6ee=05ff
[M8T] IN2 9aee=f000
[M8T] IN2 9aee=0000
[M8T] OUT2 daee=0032
[M8T] OUT2 deee=00b5
[M8T] OUT2 e2ee=02b1
[M8T] OUT2 e6ee=00c0
[M8T] IN2 9aee=f000
[M8T] IN2 9aee=0000
[M8T] OUT2 a6e8=0000
[M8T] IN2 9aee=e000
[M8T] IN2 9aee=0000
[M8T] OUT2 86e8=0032
[M8T] OUT2 82e8=00b5
[M8B] start cur=50,181 dyend=193 dpc=2211 dpitch=1024 doff=0 clip 50,181-689,192 compat=0
[M8B] end cur=50,193
[M8T] IN2 9aee=0000
[M8T] OUT2 daee=0000
[M8T] OUT2 deee=0000
[M8T] OUT2 e2ee=05ff
[M8T] OUT2 e6ee=05ff
[M8T] IN2 9aee=f000
[M8T] IN2 9aee=0000
[M8T] OUT2 daee=0032
[M8T] OUT2 deee=00c1
[M8T] OUT2 e2ee=02b1
[M8T] OUT2 e6ee=00cc
[M8T] IN2 9aee=f000
[M8T] IN2 9aee=0000
[M8T] OUT2 a6e8=0000
[M8T] IN2 9aee=e000
[M8T] IN2 9aee=0000
[M8T] OUT2 86e8=0032
[M8T] OUT2 82e8=00c1
[M8B] start cur=50,193 dyend=205 dpc=2211 dpitch=1024 doff=0 clip 50,193-689,204 compat=0
[M8B] end cur=50,205
[M8T] IN2 9aee=0000
[M8T] OUT2 daee=0000
[M8T] OUT2 deee=0000
[M8T] OUT2 e2ee=05ff
[M8T] OUT2 e6ee=05ff
[M8T] IN2 9aee=f000
[M8T] IN2 9aee=0000
[M8T] OUT2 daee=0032
[M8T] OUT2 deee=00cd
[M8T] OUT2 e2ee=02b1
[M8T] OUT2 e6ee=00d8
[M8T] IN2 9aee=f000
[M8T] IN2 9aee=0000
[M8T] OUT2 a6e8=0000
[M8T] IN2 9aee=e000
[M8T] IN2 9aee=0000
[M8T] OUT2 86e8=0032
[M8T] OUT2 82e8=00cd
[M8B] start cur=50,205 dyend=217 dpc=2211 dpitch=1024 doff=0 clip 50,205-689,216 compat=0
[M8B] end cur=50,217
[M8T] IN2 9aee=0000
[M8T] OUT2 daee=0000
[M8T] OUT2 deee=0000
[M8T] OUT2 e2ee=05ff
[M8T] OUT2 e6ee=05ff
[M8T] IN2 9aee=f000
[M8T] IN2 9aee=0000
[M8T] OUT2 daee=0032
[M8T] OUT2 deee=00d9
[M8T] OUT2 e2ee=02b1
[M8T] OUT2 e6ee=00e4
[M8T] IN2 9aee=f000
[M8T] IN2 9aee=0000
[M8T] OUT2 a6e8=0000
[M8T] IN2 9aee=e000
[M8T] IN2 9aee=0000
[M8T] OUT2 86e8=0032
[M8T] OUT2 82e8=00d9
[M8B] start cur=50,217 dyend=229 dpc=2211 dpitch=1024 doff=0 clip 50,217-689,228 compat=0
[M8B] end cur=50,229
[M8T] IN2 9aee=0000
[M8T] OUT2 daee=0000
[M8T] OUT2 deee=0000
[M8T] OUT2 e2ee=05ff
[M8T] OUT2 e6ee=05ff
[M8T] IN2 9aee=f000
[M8T] IN2 9aee=0000
[M8T] OUT2 daee=0032
[M8T] OUT2 deee=00e5
[M8T] OUT2 e2ee=02b1
[M8T] OUT2 e6ee=00f0
[M8T] IN2 9aee=f000
[M8T] IN2 9aee=0000
[M8T] OUT2 a6e8=0000
[M8T] IN2 9aee=e000
[M8T] IN2 9aee=0000
[M8T] OUT2 86e8=0032
[M8T] OUT2 82e8=00e5
[M8B] start cur=50,229 dyend=241 dpc=2211 dpitch=1024 doff=0 clip 50,229-689,240 compat=0
[M8B] end cur=50,241
[M8T] IN2 9aee=0000
[M8T] OUT2 daee=0000
[M8T] OUT2 deee=0000
[M8T] OUT2 e2ee=05ff
[M8T] OUT2 e6ee=05ff
[M8T] IN2 9aee=f000
[M8T] IN2 9aee=0000
[M8T] OUT2 daee=0032
[M8T] OUT2 deee=00f1
[M8T] OUT2 e2ee=02b1
[M8T] OUT2 e6ee=00fc
[M8T] IN2 9aee=f000
[M8T] IN2 9aee=0000
[M8T] OUT2 a6e8=0000
[M8T] IN2 9aee=e000
[M8T] IN2 9aee=0000
[M8T] OUT2 86e8=0032
[M8T] OUT2 82e8=00f1
[M8B] start cur=50,241 dyend=253 dpc=2211 dpitch=1024 doff=0 clip 50,241-689,252 compat=0
[M8B] end cur=50,253
[M8T] IN2 9aee=0000
[M8T] OUT2 daee=0000
[M8T] OUT2 deee=0000
[M8T] OUT2 e2ee=05ff
[M8T] OUT2 e6ee=05ff
[M8T] IN2 9aee=f000
[M8T] IN2 9aee=0000
[M8T] OUT2 daee=0032
[M8T] OUT2 deee=00fd
[M8T] OUT2 e2ee=02b1
[M8T] OUT2 e6ee=0108
[M8T] IN2 9aee=f000
[M8T] IN2 9aee=0000
[M8T] OUT2 a6e8=0000
[M8T] IN2 9aee=e000
[M8T] IN2 9aee=0000
[M8T] OUT2 86e8=0032
[M8T] OUT2 82e8=00fd
[M8B] start cur=50,253 dyend=265 dpc=2211 dpitch=1024 doff=0 clip 50,253-689,264 compat=0
[M8B] end cur=50,265
[M8T] IN2 9aee=0000
[M8T] OUT2 daee=0000
[M8T] OUT2 deee=0000
[M8T] OUT2 e2ee=05ff
[M8T] OUT2 e6ee=05ff
[M8T] IN2 9aee=f000
[M8T] IN2 9aee=0000
[M8T] OUT2 daee=0032
[M8T] OUT2 deee=0109
[M8T] OUT2 e2ee=02b1
[M8T] OUT2 e6ee=0114
[M8T] IN2 9aee=f000
[M8T] IN2 9aee=0000
[M8T] OUT2 a6e8=0000
[M8T] IN2 9aee=e000
[M8T] IN2 9aee=0000
[M8T] OUT2 86e8=0032
[M8T] OUT2 82e8=0109
[M8B] start cur=50,265 dyend=277 dpc=2211 dpitch=1024 doff=0 clip 50,265-689,276 compat=0
[M8B] end cur=50,277
[M8T] IN2 9aee=0000
[M8T] OUT2 daee=0000
[M8T] OUT2 deee=0000
[M8T] OUT2 e2ee=05ff
[M8T] OUT2 e6ee=05ff
[M8T] IN2 9aee=f000
[M8T] IN2 9aee=0000
[M8T] OUT2 daee=0032
[M8T] OUT2 deee=0115
[M8T] OUT2 e2ee=02b1
[M8T] OUT2 e6ee=0120
[M8T] IN2 9aee=f000
[M8T] IN2 9aee=0000
[M8T] OUT2 a6e8=0000
[M8T] IN2 9aee=e000
[M8T] IN2 9aee=0000
[M8T] OUT2 86e8=0032
[M8T] OUT2 82e8=0115
[M8B] start cur=50,277 dyend=289 dpc=2211 dpitch=1024 doff=0 clip 50,277-689,288 compat=0
[M8B] end cur=50,289
[M8T] IN2 9aee=0000
[M8T] OUT2 daee=0000
[M8T] OUT2 deee=0000
[M8T] OUT2 e2ee=05ff
[M8T] OUT2 e6ee=05ff
[M8T] IN2 9aee=f000
[M8T] IN2 9aee=0000
[M8T] OUT2 daee=0032
[M8T] OUT2 deee=0121
[M8T] OUT2 e2ee=02b1
[M8T] OUT2 e6ee=012c
[M8T] IN2 9aee=f000
[M8T] IN2 9aee=0000
[M8T] OUT2 a6e8=0000
[M8T] IN2 9aee=e000
[M8T] IN2 9aee=0000
[M8T] OUT2 86e8=0032
[M8T] OUT2 82e8=0121
[M8B] start cur=50,289 dyend=301 dpc=2211 dpitch=1024 doff=0 clip 50,289-689,300 compat=0
[M8B] end cur=50,301
[M8T] IN2 9aee=0000
[M8T] OUT2 daee=0000
[M8T] OUT2 deee=0000
[M8T] OUT2 e2ee=05ff
[M8T] OUT2 e6ee=05ff
[M8T] IN2 9aee=f000
[M8T] IN2 9aee=0000
[M8T] OUT2 daee=0032
[M8T] OUT2 deee=012d
[M8T] OUT2 e2ee=02b1
[M8T] OUT2 e6ee=0138
[M8T] IN2 9aee=f000
[M8T] IN2 9aee=0000
[M8T] OUT2 a6e8=0000
[M8T] IN2 9aee=e000
[M8T] IN2 9aee=0000
[M8T] OUT2 86e8=0032
[M8T] OUT2 82e8=012d
[M8B] start cur=50,301 dyend=313 dpc=2211 dpitch=1024 doff=0 clip 50,301-689,312 compat=0
[M8B] end cur=50,313
[M8T] IN2 9aee=0000
[M8T] OUT2 daee=0000
[M8T] OUT2 deee=0000
[M8T] OUT2 e2ee=05ff
[M8T] OUT2 e6ee=05ff
[M8T] IN2 9aee=f000
[M8T] IN2 9aee=0000
[M8T] OUT2 daee=0032
[M8T] OUT2 deee=0139
[M8T] OUT2 e2ee=02b1
[M8T] OUT2 e6ee=0144
[M8T] IN2 9aee=f000
[M8T] IN2 9aee=0000
[M8T] OUT2 a6e8=0000
[M8T] IN2 9aee=e000
[M8T] IN2 9aee=0000
[M8T] OUT2 86e8=0032
[M8T] OUT2 82e8=0139
[M8B] start cur=50,313 dyend=325 dpc=2211 dpitch=1024 doff=0 clip 50,313-689,324 compat=0
[M8B] end cur=50,325
[M8T] IN2 9aee=0000
[M8T] OUT2 daee=0000
[M8T] OUT2 deee=0000
[M8T] OUT2 e2ee=05ff
[M8T] OUT2 e6ee=05ff
[M8T] IN2 9aee=f000
[M8T] IN2 9aee=0000
[M8T] OUT2 daee=0032
[M8T] OUT2 deee=0145
[M8T] OUT2 e2ee=02b1
[M8T] OUT2 e6ee=0150
[M8T] IN2 9aee=f000
[M8T] IN2 9aee=0000
[M8T] OUT2 a6e8=0000
[M8T] IN2 9aee=e000
[M8T] IN2 9aee=0000
[M8T] OUT2 86e8=0032
[M8T] OUT2 82e8=0145
[M8B] start cur=50,325 dyend=337 dpc=2211 dpitch=1024 doff=0 clip 50,325-689,336 compat=0
[M8B] end cur=50,337
[M8T] IN2 9aee=0000
[M8T] OUT2 daee=0000
[M8T] OUT2 deee=0000
[M8T] OUT2 e2ee=05ff
[M8T] OUT2 e6ee=05ff
[M8T] IN2 9aee=f000
[M8T] IN2 9aee=0000
[M8T] OUT2 daee=0032
[M8T] OUT2 deee=0151
[M8T] OUT2 e2ee=02b1
[M8T] OUT2 e6ee=015c
[M8T] IN2 9aee=f000
[M8T] IN2 9aee=0000
[M8T] OUT2 a6e8=0000
[M8T] IN2 9aee=e000
[M8T] IN2 9aee=0000
[M8T] OUT2 86e8=0032
[M8T] OUT2 82e8=0151
[M8B] start cur=50,337 dyend=349 dpc=2211 dpitch=1024 doff=0 clip 50,337-689,348 compat=0
[M8B] end cur=50,349
[M8T] IN2 9aee=0000
[M8T] OUT2 daee=0000
[M8T] OUT2 deee=0000
[M8T] OUT2 e2ee=05ff
[M8T] OUT2 e6ee=05ff
[M8T] IN2 9aee=f000
[M8T] IN2 9aee=0000
[M8T] OUT2 daee=0032
[M8T] OUT2 deee=015d
[M8T] OUT2 e2ee=02b1
[M8T] OUT2 e6ee=0168
[M8T] IN2 9aee=f000
[M8T] IN2 9aee=0000
[M8T] OUT2 a6e8=0000
[M8T] IN2 9aee=e000
[M8T] IN2 9aee=0000
[M8T] OUT2 86e8=0032
[M8T] OUT2 82e8=015d
[M8B] start cur=50,349 dyend=361 dpc=2211 dpitch=1024 doff=0 clip 50,349-689,360 compat=0
[M8B] end cur=50,361
[M8T] IN2 9aee=0000
[M8T] OUT2 daee=0000
[M8T] OUT2 deee=0000
[M8T] OUT2 e2ee=05ff
[M8T] OUT2 e6ee=05ff
[M8T] IN2 9aee=f000
[M8T] IN2 9aee=0000
[M8T] OUT2 daee=0032
[M8T] OUT2 deee=0169
[M8T] OUT2 e2ee=02b1
[M8T] OUT2 e6ee=0174
[M8T] IN2 9aee=f000
[M8T] IN2 9aee=0000
[M8T] OUT2 a6e8=0000
[M8T] IN2 9aee=e000
[M8T] IN2 9aee=0000
[M8T] OUT2 86e8=0032
[M8T] OUT2 82e8=0169
[M8B] start cur=50,361 dyend=373 dpc=2211 dpitch=1024 doff=0 clip 50,361-689,372 compat=0
[M8B] end cur=50,373
[M8T] IN2 9aee=0000
[M8T] OUT2 daee=0000
[M8T] OUT2 deee=0000
[M8T] OUT2 e2ee=05ff
[M8T] OUT2 e6ee=05ff
[M8T] IN2 9aee=f000
[M8T] IN2 9aee=0000
[M8T] OUT2 daee=0032
[M8T] OUT2 deee=0175
[M8T] OUT2 e2ee=02b1
[M8T] OUT2 e6ee=0180
[M8T] IN2 9aee=f000
[M8T] IN2 9aee=0000
[M8T] OUT2 a6e8=0000
[M8T] IN2 9aee=e000
[M8T] IN2 9aee=0000
[M8T] OUT2 86e8=0032
[M8T] OUT2 82e8=0175
[M8B] start cur=50,373 dyend=385 dpc=2211 dpitch=1024 doff=0 clip 50,373-689,384 compat=0
[M8B] end cur=50,385
[M8T] IN2 9aee=0000
[M8T] OUT2 daee=0000
[M8T] OUT2 deee=0000
[M8T] OUT2 e2ee=05ff
[M8T] OUT2 e6ee=05ff
[M8T] IN2 9aee=f000
[M8T] IN2 9aee=0000
[M8T] OUT2 daee=0032
[M8T] OUT2 deee=0181
[M8T] OUT2 e2ee=02b1
[M8T] OUT2 e6ee=018c
[M8T] IN2 9aee=f000
[M8T] IN2 9aee=0000
[M8T] OUT2 a6e8=0000
[M8T] IN2 9aee=e000
[M8T] IN2 9aee=0000
[M8T] OUT2 86e8=0032
[M8T] OUT2 82e8=0181
[M8B] start cur=50,385 dyend=397 dpc=2211 dpitch=1024 doff=0 clip 50,385-689,396 compat=0
[M8B] end cur=50,397
[M8T] IN2 9aee=0000
[M8T] OUT2 daee=0000
[M8T] OUT2 deee=0000
[M8T] OUT2 e2ee=05ff
[M8T] OUT2 e6ee=05ff
[M8T] IN2 9aee=f000
[M8T] IN2 9aee=0000
[M8T] OUT2 a6e8=ffff
[M8T] OUT2 86e8=0032
[M8T] OUT2 82e8=006b
[M8B] start cur=50,107 dyend=109 dpc=2211 dpitch=1024 doff=0 clip 0,0-1535,1535 compat=0
[M8B] end cur=50,109
[M8T] IN2 9aee=0000
[M8T] OUT2 a6e8=ffff
[M8T] OUT2 86e8=0032
[M8T] OUT2 82e8=006b
[M8B] start cur=50,107 dyend=109 dpc=2211 dpitch=1024 doff=0 clip 0,0-1535,1535 compat=0
[M8B] end cur=50,109
[M8T] IN2 9aee=0000
[M8T] OUT2 a6e8=ffff
[M8T] OUT2 86e8=0032
[M8T] OUT2 82e8=006b
[M8B] start cur=50,107 dyend=109 dpc=2211 dpitch=1024 doff=0 clip 0,0-1535,1535 compat=0
[M8B] end cur=50,109
[M8T] IN2 9aee=0000
[M8T] IN2 9ae8=0000
[M8T] OUT2 daee=0117
[M8T] OUT2 e2ee=012d
[M8T] OUT2 86e8=0116
[M8T] OUT2 82e8=0047
[M8B] start cur=278,71 dyend=93 dpc=5211 dpitch=1024 doff=0 clip 279,0-301,1535 compat=0
[M8T] OUT2 e2e8=0000
*** 10 repeats ***
[M8T] OUT2 e2e8=ff00
[M8T] OUT2 e2e8=0000
[M8T] OUT2 e2e8=f8f8
*** 9 repeats ***
[M8T] OUT2 e2e8=ff07
[M8T] OUT2 e2e8=0000
[M8T] OUT2 e2e8=fff8
[M8T] OUT2 e2e8=ff07
*** 9 repeats ***
[M8T] OUT2 e2e8=0000
[M8T] OUT2 e2e8=07f8
[M8T] OUT2 e2e8=07ff
*** 8 repeats ***
[M8T] OUT2 e2e8=ff07
[M8T] OUT2 e2e8=0000
[M8T] OUT2 e2e8=fff8
[M8T] OUT2 e2e8=ff07
*** 1 repeats ***
[M8T] OUT2 e2e8=0404
*** 5 repeats ***
[M8T] OUT2 e2e8=ff04
[M8T] OUT2 e2e8=ff07
[M8T] OUT2 e2e8=0000
[M8T] OUT2 e2e8=07f8
[M8T] OUT2 e2e8=07ff
*** 1 repeats ***
[M8T] OUT2 e2e8=0404
*** 5 repeats ***
[M8T] OUT2 e2e8=0704
[M8T] OUT2 e2e8=ff07
[M8T] OUT2 e2e8=0000
[M8T] OUT2 e2e8=fff8
[M8T] OUT2 e2e8=ff07
*** 1 repeats ***
[M8T] OUT2 e2e8=ff04
[M8T] OUT2 e2e8=ff07
*** 4 repeats ***
[M8T] OUT2 e2e8=ff04
[M8T] OUT2 e2e8=ff07
[M8T] OUT2 e2e8=0000
[M8T] OUT2 e2e8=07f8
[M8T] OUT2 e2e8=07ff
*** 1 repeats ***
[M8T] OUT2 e2e8=0704
[M8T] OUT2 e2e8=07ff
*** 1 repeats ***
[M8T] OUT2 e2e8=0705
[M8T] OUT2 e2e8=07ff
*** 1 repeats ***
[M8T] OUT2 e2e8=0704
[M8T] OUT2 e2e8=ff07
[M8T] OUT2 e2e8=0000
[M8T] OUT2 e2e8=fff8
[M8T] OUT2 e2e8=ff07
*** 1 repeats ***
[M8T] OUT2 e2e8=ff04
[M8T] OUT2 e2e8=ff07
[M8T] OUT2 e2e8=ff05
*** 2 repeats ***
[M8T] OUT2 e2e8=ff07
[M8T] OUT2 e2e8=ff04
[M8T] OUT2 e2e8=ff07
[M8T] OUT2 e2e8=0000
[M8T] OUT2 e2e8=07f8
[M8T] OUT2 e2e8=07ff
*** 1 repeats ***
[M8T] OUT2 e2e8=0704
[M8T] OUT2 e2e8=07ff
[M8T] OUT2 e2e8=05ff
*** 1 repeats ***
[M8T] OUT2 e2e8=07ff
*** 1 repeats ***
[M8T] OUT2 e2e8=0704
[M8T] OUT2 e2e8=ff07
[M8T] OUT2 e2e8=0000
[M8T] OUT2 e2e8=fff8
[M8T] OUT2 e2e8=0407
[M8T] OUT2 e2e8=0404
*** 5 repeats ***
[M8T] OUT2 e2e8=ff07
[M8T] OUT2 e2e8=ff04
[M8T] OUT2 e2e8=ff07
[M8T] OUT2 e2e8=0000
[M8T] OUT2 e2e8=07f8
[M8T] OUT2 e2e8=04ff
[M8T] OUT2 e2e8=0404
*** 5 repeats ***
[M8T] OUT2 e2e8=07ff
[M8T] OUT2 e2e8=0704
[M8T] OUT2 e2e8=ff07
[M8T] OUT2 e2e8=0000
[M8T] OUT2 e2e8=fff8
[M8T] OUT2 e2e8=0407
[M8T] OUT2 e2e8=ff07
*** 4 repeats ***
[M8T] OUT2 e2e8=0407
[M8T] OUT2 e2e8=ff07
[M8T] OUT2 e2e8=ff04
[M8T] OUT2 e2e8=ff07
[M8T] OUT2 e2e8=0000
[M8T] OUT2 e2e8=07f8
[M8T] OUT2 e2e8=04ff
[M8T] OUT2 e2e8=07ff
*** 4 repeats ***
[M8T] OUT2 e2e8=04ff
[M8T] OUT2 e2e8=0404
[M8T] OUT2 e2e8=0704
[M8T] OUT2 e2e8=ff07
[M8T] OUT2 e2e8=0000
[M8T] OUT2 e2e8=fff8
[M8T] OUT2 e2e8=0407
[M8T] OUT2 e2e8=ff07
*** 4 repeats ***
[M8T] OUT2 e2e8=0407
[M8T] OUT2 e2e8=ff07
*** 2 repeats ***
[M8T] OUT2 e2e8=0000
[M8T] OUT2 e2e8=07f8
[M8T] OUT2 e2e8=04ff
[M8T] OUT2 e2e8=07ff
*** 4 repeats ***
[M8T] OUT2 e2e8=04ff
[M8T] OUT2 e2e8=07ff
*** 1 repeats ***
[M8T] OUT2 e2e8=ff07
[M8T] OUT2 e2e8=0000
[M8T] OUT2 e2e8=fff8
[M8T] OUT2 e2e8=0407
[M8T] OUT2 e2e8=ff07
*** 4 repeats ***
[M8T] OUT2 e2e8=0407
[M8T] OUT2 e2e8=ff07
*** 2 repeats ***
[M8T] OUT2 e2e8=0000
[M8T] OUT2 e2e8=07f8
[M8T] OUT2 e2e8=04ff
[M8T] OUT2 e2e8=07ff
*** 4 repeats ***
[M8T] OUT2 e2e8=04ff
[M8T] OUT2 e2e8=07ff
*** 1 repeats ***
[M8T] OUT2 e2e8=ff07
[M8T] OUT2 e2e8=0000
[M8T] OUT2 e2e8=fff8
[M8T] OUT2 e2e8=0407
[M8T] OUT2 e2e8=0404
*** 5 repeats ***
[M8T] OUT2 e2e8=ff07
*** 2 repeats ***
[M8T] OUT2 e2e8=0000
[M8T] OUT2 e2e8=07f8
[M8T] OUT2 e2e8=07ff
*** 8 repeats ***
[M8T] OUT2 e2e8=ff07
[M8T] OUT2 e2e8=0000
[M8T] OUT2 e2e8=0707
*** 9 repeats ***
[M8T] OUT2 e2e8=ff07
[M8T] OUT2 e2e8=ff00
[M8T] OUT2 e2e8=ffff
*** 10 repeats ***
[M8B] end cur=278,93
[M8T] IN2 9aee=0000
[M8T] OUT2 daee=0000
[M8T] OUT2 e2ee=05ff
[M8T] IN2 9aee=c000
[M8T] IN2 9aee=0000
[M8T] OUT2 8ee8=0200
[M8T] OUT2 8ae8=0180
[M8T] IN2 9aee=fe00
[M8T] IN2 9aee=0000
[M8T] OUT2 86e8=0010
[M8T] OUT2 82e8=0300
[M8B] start cur=16,768 dyend=769 dpc=6211 dpitch=1024 doff=0 clip 0,0-1535,1535 compat=0
[M8B] end cur=0,769
[M8T] IN2 9aee=0000
[M8T] OUT2 8ae8=019f
[M8T] OUT2 8ee8=0210
[M8T] IN2 9aee=f000
[M8T] IN2 9aee=0000
[M8T] OUT2 86e8=0000
[M8T] OUT2 82e8=0301
[M8T] OUT2 caee=0010
[M8X] scan cur=0,769 to=16 compat=0 dpc=6211 dp_compat=0 frgd_sel=3 bkgd_sel=0 mono=0 fmix=07 cmd_back=1 pixw=1 pitch=1024 off=0 dstp=1024
[M8Y] count=-1 width=16 dx=0 dy=769 dest=0c0400 clip l=0 t=0 r=1535 b=1535 cmp=0 fc=000000ff wm=000000ff
[M8T] IN2 9aee=0000
[M8T] OUT2 daee=0000
[M8T] OUT2 deee=0000
[M8T] OUT2 e2ee=03ff
[M8T] OUT2 e6ee=02ff
[M8T] OUT2 a6e8=ffff
[M8T] IN2 9aee=ff00
[M8T] IN2 9aee=0000
[M8T] OUT2 8ae8=0301
[M8T] OUT2 8ee8=0010
[M8T] OUT2 82e8=0180
[M8T] OUT2 86e8=0200
[M8B] start cur=512,384 dyend=416 dpc=2071 dpitch=1024 doff=0 clip 0,0-1023,767 compat=0
[M8T] IN2 9aee=0000
[M8T] OUT2 8ae8=0301
[M8T] OUT2 8ee8=0010
[M8T] OUT2 82e8=0180
[M8T] OUT2 86e8=0200
[M8B] start cur=512,384 dyend=416 dpc=2071 dpitch=1024 doff=0 clip 0,0-1023,767 compat=0
[M8T] OUT2 e2ee=05ff
[M8T] OUT2 e6ee=05ff
[M8T] IN2 9aee=c000
[M8T] IN2 9aee=0000
[M8T] OUT2 a6e8=0707
[M8T] OUT2 86e8=03c1
[M8T] OUT2 82e8=02e9
[M8B] start cur=961,745 dyend=746 dpc=2211 dpitch=1024 doff=0 clip 0,0-1535,1535 compat=0
[M8B] end cur=961,746
[M8T] IN2 9aee=0000
[M8T] OUT2 a6e8=0707
[M8T] OUT2 86e8=03c1
[M8T] OUT2 82e8=02ea
[M8B] start cur=961,746 dyend=765 dpc=2211 dpitch=1024 doff=0 clip 0,0-1535,1535 compat=0
[M8B] end cur=961,765
[M8T] IN2 9aee=0000
[M8T] OUT2 a6e8=0707
[M8T] OUT2 86e8=03f6
[M8T] OUT2 82e8=02ea
[M8B] start cur=1014,746 dyend=765 dpc=2211 dpitch=1024 doff=0 clip 0,0-1535,1535 compat=0
[M8B] end cur=1014,765
[M8T] IN2 9aee=0000
[M8T] OUT2 a6e8=0707
[M8T] OUT2 86e8=03c2
[M8T] OUT2 82e8=02ea
[M8B] start cur=962,746 dyend=765 dpc=2211 dpitch=1024 doff=0 clip 0,0-1535,1535 compat=0
[M8B] end cur=962,765
[M8T] IN2 9aee=0000
[M8T] OUT2 a6e8=0707
[M8T] OUT2 86e8=0030
[M8T] OUT2 82e8=0042
[M8B] start cur=48,66 dyend=67 dpc=2211 dpitch=1024 doff=0 clip 0,0-1535,1535 compat=0
[M8B] end cur=48,67
[M8T] IN2 9aee=0000
[M8T] OUT2 a6e8=f8f8
[M8T] OUT2 86e8=0042
[M8T] OUT2 82e8=0030
[M8B] start cur=66,48 dyend=66 dpc=2211 dpitch=1024 doff=0 clip 0,0-1535,1535 compat=0
[M8B] end cur=66,66
[M8T] IN2 9aee=0000
[M8T] OUT2 daee=0042
[M8T] OUT2 deee=0030
[M8T] OUT2 e2ee=027d
[M8T] OUT2 e6ee=0041
[M8T] IN2 9aee=f000
[M8T] IN2 9aee=0000
[M8T] OUT2 a6e8=00f8
[M8T] IN2 9aee=e000
[M8T] IN2 9aee=0000
[M8T] OUT2 86e8=0044
[M8T] OUT2 82e8=0032
[M8B] start cur=68,50 dyend=63 dpc=2211 dpitch=1024 doff=0 clip 66,48-637,65 compat=0
[M8B] end cur=68,63
[M8T] IN2 9aee=0000
[M8T] OUT2 a6e8=0007
[M8T] IN2 9aee=f800
[M8T] IN2 9aee=0000
[M8T] OUT2 daee=0000
[M8T] OUT2 deee=0000
[M8T] OUT2 e2ee=05ff
[M8T] OUT2 e6ee=05ff
[M8T] IN2 9aee=f000
[M8T] IN2 9aee=0000
[M8T] OUT2 daee=0042
[M8T] OUT2 deee=0030
[M8T] OUT2 e2ee=027d
[M8T] OUT2 e6ee=0041
[M8T] IN2 9aee=f000
[M8T] IN2 9aee=0000
[M8T] OUT2 a6e8=00f8
[M8T] IN2 9aee=e000
[M8T] IN2 9aee=0000
[M8T] OUT2 86e8=0045
[M8T] OUT2 82e8=0032
[M8B] start cur=69,50 dyend=63 dpc=2211 dpitch=1024 doff=0 clip 66,48-637,65 compat=0
[M8B] end cur=69,63
[M8T] IN2 9aee=0000
[M8T] OUT2 a6e8=0007
[M8T] IN2 9aee=f800
[M8T] IN2 9aee=0000
[M8T] OUT2 86e8=0045
[M8T] OUT2 82e8=0034
[M8B] start cur=69,52 dyend=61 dpc=3251 dpitch=1024 doff=0 clip 66,48-637,65 compat=0
[M8T] IN2 9aee=0000
[M8T] OUT2 e2e8=3080
[M8T] OUT2 e2e8=1105
[M8T] OUT2 e2e8=2422
[M8T] OUT2 e2e8=5544
[M8T] IN2 9aee=0000
[M8T] OUT2 e2e8=a00a
[M8T] OUT2 e2e8=1188
[M8T] OUT2 e2e8=0000
*** 1 repeats ***
[M8T] IN2 9aee=8000
[M8T] IN2 9aee=0000
[M8T] OUT2 86e8=0052
[M8T] OUT2 82e8=0034
[M8B] start cur=82,52 dyend=61 dpc=3251 dpitch=1024 doff=0 clip 66,48-637,65 compat=0
[M8T] IN2 9aee=0000
[M8T] OUT2 e2e8=18fa
[M8T] OUT2 e2e8=fa61
[M8T] OUT2 e2e8=6118
[M8T] OUT2 e2e8=0084
[M8T] IN2 9aee=0000
[M8T] OUT2 86e8=005b
[M8T] OUT2 82e8=0034
[M8B] start cur=91,52 dyend=61 dpc=3251 dpitch=1024 doff=0 clip 66,48-637,65 compat=0
[M8T] IN2 9aee=0000
[M8T] OUT2 e2e8=08f9
[M8T] OUT2 e2e8=1042
[M8T] OUT2 e2e8=2084
[M8T] OUT2 e2e8=0000
[M8T] IN2 9aee=8000
[M8T] IN2 9aee=0000
[M8T] OUT2 86e8=0063
[M8T] OUT2 82e8=0034
[M8B] start cur=99,52 dyend=61 dpc=3251 dpitch=1024 doff=0 clip 66,48-637,65 compat=0
[M8T] IN2 9aee=0000
[M8T] OUT2 e2e8=21fc
[M8T] OUT2 e2e8=420f
[M8T] OUT2 e2e8=f810
[M8T] OUT2 e2e8=0000
[M8T] IN2 9aee=8000
[M8T] IN2 9aee=0000
[M8T] OUT2 86e8=006b
[M8T] OUT2 82e8=0034
[M8B] start cur=107,52 dyend=61 dpc=3251 dpitch=1024 doff=0 clip 66,48-637,65 compat=0
[M8T] IN2 9aee=0000
[M8T] OUT2 e2e8=6174
[M8T] OUT2 e2e8=0407
[M8T] OUT2 e2e8=7031
[M8T] OUT2 e2e8=0000
[M8T] IN2 9aee=8000
[M8T] IN2 9aee=0000
[M8T] OUT2 86e8=0073
[M8T] OUT2 82e8=0034
[M8B] start cur=115,52 dyend=61 dpc=3251 dpitch=1024 doff=0 clip 66,48-637,65 compat=0
[M8T] IN2 9aee=0000
[M8T] OUT2 e2e8=08f9
[M8T] OUT2 e2e8=1042
[M8T] OUT2 e2e8=2084
[M8T] OUT2 e2e8=0000
[M8T] IN2 9aee=8000
[M8T] IN2 9aee=0000
[M8T] OUT2 daee=0000
[M8T] OUT2 deee=0000
[M8T] OUT2 e2ee=05ff
[M8T] OUT2 e6ee=05ff
[M8T] IN2 9aee=f000
[M8T] IN2 9aee=0000
[M8T] OUT2 daee=0042
[M8T] OUT2 deee=0030
[M8T] OUT2 e2ee=027d
[M8T] OUT2 e6ee=0041
[M8T] IN2 9aee=f000
[M8T] IN2 9aee=0000
[M8T] OUT2 a6e8=0007
[M8T] IN2 9aee=f800
[M8T] IN2 9aee=0000
[M8T] OUT2 86e8=0044
[M8T] OUT2 82e8=0034
[M8B] start cur=68,52 dyend=61 dpc=3251 dpitch=1024 doff=0 clip 66,48-637,65 compat=0
[M8T] IN2 9aee=0000
[M8T] OUT2 e2e8=3080
[M8T] OUT2 e2e8=1105
[M8T] OUT2 e2e8=2422
[M8T] OUT2 e2e8=5544
[M8T] IN2 9aee=0000
[M8T] OUT2 e2e8=a00a
[M8T] OUT2 e2e8=1188
[M8T] OUT2 e2e8=0000
*** 1 repeats ***
[M8T] IN2 9aee=8000
[M8T] IN2 9aee=0000
[M8T] OUT2 86e8=0051
[M8T] OUT2 82e8=0034
[M8B] start cur=81,52 dyend=61 dpc=3251 dpitch=1024 doff=0 clip 66,48-637,65 compat=0
[M8T] IN2 9aee=0000
[M8T] OUT2 e2e8=18fa
[M8T] OUT2 e2e8=fa61
[M8T] OUT2 e2e8=6118
[M8T] OUT2 e2e8=0084
[M8T] IN2 9aee=0000
[M8T] OUT2 86e8=005a
[M8T] OUT2 82e8=0034
[M8B] start cur=90,52 dyend=61 dpc=3251 dpitch=1024 doff=0 clip 66,48-637,65 compat=0
[M8T] IN2 9aee=0000
[M8T] OUT2 e2e8=08f9
[M8T] OUT2 e2e8=1042
[M8T] OUT2 e2e8=2084
[M8T] OUT2 e2e8=0000
[M8T] IN2 9aee=8000
[M8T] IN2 9aee=0000
[M8T] OUT2 86e8=0062
[M8T] OUT2 82e8=0034
[M8B] start cur=98,52 dyend=61 dpc=3251 dpitch=1024 doff=0 clip 66,48-637,65 compat=0
[M8T] IN2 9aee=0000
[M8T] OUT2 e2e8=21fc
[M8T] OUT2 e2e8=420f
[M8T] OUT2 e2e8=f810
[M8T] OUT2 e2e8=0000
[M8T] IN2 9aee=8000
[M8T] IN2 9aee=0000
[M8T] OUT2 86e8=006a
[M8T] OUT2 82e8=0034
[M8B] start cur=106,52 dyend=61 dpc=3251 dpitch=1024 doff=0 clip 66,48-637,65 compat=0
[M8T] IN2 9aee=0000
[M8T] OUT2 e2e8=6174
[M8T] OUT2 e2e8=0407
[M8T] OUT2 e2e8=7031
[M8T] OUT2 e2e8=0000
[M8T] IN2 9aee=8000
[M8T] IN2 9aee=0000
[M8T] OUT2 86e8=0072
[M8T] OUT2 82e8=0034
[M8B] start cur=114,52 dyend=61 dpc=3251 dpitch=1024 doff=0 clip 66,48-637,65 compat=0
[M8T] IN2 9aee=0000
[M8T] OUT2 e2e8=08f9
[M8T] OUT2 e2e8=1042
[M8T] OUT2 e2e8=2084
[M8T] OUT2 e2e8=0000
[M8T] IN2 9aee=8000
[M8T] IN2 9aee=0000
[M8T] OUT2 daee=0000
[M8T] OUT2 deee=0000
[M8T] OUT2 e2ee=05ff
[M8T] OUT2 e6ee=05ff
[M8T] IN2 9aee=f000
[M8T] IN2 9aee=0000
[M8T] OUT2 a6e8=0707
[M8T] OUT2 86e8=03ab
[M8T] OUT2 82e8=02e8
[M8B] start cur=939,744 dyend=766 dpc=2211 dpitch=1024 doff=0 clip 0,0-1535,1535 compat=0
[M8B] end cur=939,766
[M8T] IN2 9aee=0000
[M8T] OUT2 a6e8=ffff
[M8T] OUT2 86e8=03fd
[M8T] OUT2 82e8=02e8
[M8B] start cur=1021,744 dyend=766 dpc=2211 dpitch=1024 doff=0 clip 0,0-1535,1535 compat=0
[M8B] end cur=1021,766
[M8T] IN2 9aee=0000
[M8T] OUT2 a6e8=ffff
[M8T] OUT2 86e8=03af
[M8T] OUT2 82e8=02fd
[M8B] start cur=943,765 dyend=766 dpc=2211 dpitch=1024 doff=0 clip 0,0-1535,1535 compat=0
[M8B] end cur=943,766
[M8T] IN2 9aee=0000
[M8T] OUT2 a6e8=f8f8
[M8T] OUT2 86e8=03af
[M8T] OUT2 82e8=02e8
[M8B] start cur=943,744 dyend=765 dpc=2211 dpitch=1024 doff=0 clip 0,0-1535,1535 compat=0
[M8B] end cur=943,765
[M8T] IN2 9aee=0000
[M8T] OUT2 a6e8=f8f8
[M8T] OUT2 86e8=03b0
[M8T] OUT2 82e8=02e8
[M8B] start cur=944,744 dyend=745 dpc=2211 dpitch=1024 doff=0 clip 0,0-1535,1535 compat=0
[M8B] end cur=944,745
[M8T] IN2 9aee=0000
[M8T] OUT2 a6e8=0707
[M8T] OUT2 86e8=03b0
[M8T] OUT2 82e8=02e9
[M8B] start cur=944,745 dyend=746 dpc=2211 dpitch=1024 doff=0 clip 0,0-1535,1535 compat=0
[M8B] end cur=944,746
[M8T] IN2 9aee=0000
[M8T] OUT2 a6e8=0707
[M8T] OUT2 86e8=03b0
[M8T] OUT2 82e8=02ea
[M8B] start cur=944,746 dyend=765 dpc=2211 dpitch=1024 doff=0 clip 0,0-1535,1535 compat=0
[M8B] end cur=944,765
[M8T] IN2 9aee=0000
[M8T] OUT2 a6e8=0707
[M8T] OUT2 86e8=03e5
[M8T] OUT2 82e8=02ea
[M8B] start cur=997,746 dyend=765 dpc=2211 dpitch=1024 doff=0 clip 0,0-1535,1535 compat=0
[M8B] end cur=997,765
[M8T] IN2 9aee=0000
[M8T] OUT2 a6e8=0707
[M8T] OUT2 86e8=03b1
[M8T] OUT2 82e8=02ea
[M8B] start cur=945,746 dyend=765 dpc=2211 dpitch=1024 doff=0 clip 0,0-1535,1535 compat=0
[M8B] end cur=945,765
[M8T] IN2 9aee=0000
[M8T] OUT2 a6e8=0707
[M8T] OUT2 86e8=03b0
[M8T] OUT2 82e8=02e9
[M8B] start cur=944,745 dyend=746 dpc=2211 dpitch=1024 doff=0 clip 0,0-1535,1535 compat=0
[M8B] end cur=944,746
[M8T] IN2 9aee=0000
[M8T] OUT2 a6e8=0707
[M8T] OUT2 86e8=03b0
[M8T] OUT2 82e8=02ea
[M8B] start cur=944,746 dyend=765 dpc=2211 dpitch=1024 doff=0 clip 0,0-1535,1535 compat=0
[M8B] end cur=944,765
[M8T] IN2 9aee=0000
[M8T] OUT2 a6e8=ffff
[M8T] OUT2 86e8=0032
[M8T] OUT2 82e8=006b
[M8B] start cur=50,107 dyend=109 dpc=2211 dpitch=1024 doff=0 clip 0,0-1535,1535 compat=0
[M8B] end cur=50,109
[M8T] IN2 9aee=0000
[M8T] OUT2 a6e8=0707
[M8T] OUT2 86e8=03d4
[M8T] OUT2 82e8=02ea
[M8B] start cur=980,746 dyend=765 dpc=2211 dpitch=1024 doff=0 clip 0,0-1535,1535 compat=0
[M8B] end cur=980,765
[M8T] IN2 9aee=0000
[M8T] OUT2 a6e8=0707
[M8T] OUT2 86e8=003c
[M8T] OUT2 82e8=02e8
[M8B] start cur=60,744 dyend=766 dpc=2211 dpitch=1024 doff=0 clip 0,0-1535,1535 compat=0
[M8B] end cur=60,766
[M8T] IN2 9aee=0000
[M8T] OUT2 daee=03d4
[M8T] OUT2 deee=02ea
[M8T] OUT2 e2ee=03fc
[M8T] OUT2 e6ee=02fc
[M8T] IN2 9aee=f000
[M8T] IN2 9aee=0000
[M8T] OUT2 a6e8=0007
[M8T] IN2 9aee=e000
[M8T] IN2 9aee=0000
[M8T] OUT2 86e8=03d4
[M8T] OUT2 82e8=02ea
[M8B] start cur=980,746 dyend=766 dpc=2211 dpitch=1024 doff=0 clip 980,746-1020,764 compat=0
[M8B] end cur=980,766
[M8T] IN2 9aee=0000
[M8T] OUT2 a6e8=0000
[M8T] IN2 9aee=f800
[M8T] IN2 9aee=0000
[M8T] OUT2 86e8=03dc
[M8T] OUT2 82e8=02ef
[M8B] start cur=988,751 dyend=760 dpc=3251 dpitch=1024 doff=0 clip 980,746-1020,764 compat=0
[M8T] OUT2 e2e8=6374
[M8T] OUT2 e2e8=c618
[M8T] OUT2 e2e8=7031
[M8T] OUT2 e2e8=0000
[M8T] OUT2 86e8=03e2
[M8T] OUT2 82e8=02ef
[M8B] start cur=994,751 dyend=760 dpc=3251 dpitch=1024 doff=0 clip 980,746-1020,764 compat=0
[M8T] OUT2 e2e8=6374
[M8T] OUT2 e2e8=c618
[M8T] IN2 9aee=0000
[M8T] OUT2 e2e8=7031
[M8T] OUT2 e2e8=0000
[M8T] OUT2 86e8=03e8
[M8T] OUT2 82e8=02f2
[M8B] start cur=1000,754 dyend=760 dpc=3251 dpitch=1024 doff=0 clip 980,746-1020,764 compat=0
[M8T] OUT2 e2e8=0084
[M8T] OUT2 e2e8=0000
[M8T] OUT2 86e8=03eb
[M8T] OUT2 82e8=02ef
[M8B] start cur=1003,751 dyend=760 dpc=3251 dpitch=1024 doff=0 clip 980,746-1020,764 compat=0
[M8T] OUT2 e2e8=6374
[M8T] OUT2 e2e8=c618
[M8T] IN2 9aee=0000
[M8T] OUT2 e2e8=7031
[M8T] OUT2 e2e8=0000
[M8T] OUT2 86e8=03f1
[M8T] OUT2 82e8=02ef
[M8B] start cur=1009,751 dyend=760 dpc=3251 dpitch=1024 doff=0 clip 980,746-1020,764 compat=0
[M8T] OUT2 e2e8=6374
[M8T] OUT2 e2e8=c618
[M8T] OUT2 e2e8=7031
[M8T] OUT2 e2e8=0000
[M8T] IN2 9aee=8000
[M8T] IN2 9aee=0000
[M8T] OUT2 daee=0000
[M8T] OUT2 deee=0000
[M8T] OUT2 e2ee=05ff
[M8T] OUT2 e6ee=05ff
[M8T] IN2 9aee=f000
[M8T] IN2 9aee=0000
[M8T] OUT2 a6e8=0707
[M8T] OUT2 86e8=03b0
[M8T] OUT2 82e8=02e9
[M8B] start cur=944,745 dyend=746 dpc=2211 dpitch=1024 doff=0 clip 0,0-1535,1535 compat=0
[M8B] end cur=944,746
[M8T] IN2 9aee=0000
[M8T] OUT2 a6e8=0707
[M8T] OUT2 86e8=03b0
[M8T] OUT2 82e8=02ea
[M8B] start cur=944,746 dyend=765 dpc=2211 dpitch=1024 doff=0 clip 0,0-1535,1535 compat=0
[M8B] end cur=944,765
[M8T] IN2 9aee=0000
[M8T] IN2 9ae8=0000
[M8T] IN2 9aee=0000
[M8T] OUT2 daee=03b2
[M8T] OUT2 e2ee=03c1
[M8T] OUT2 86e8=03b2
[M8T] OUT2 82e8=02fa
[M8B] start cur=946,762 dyend=746 dpc=5211 dpitch=1024 doff=0 clip 946,0-961,1535 compat=0
[M8T] OUT2 e2e8=0404
*** 32 repeats ***
[M8T] OUT2 e2e8=ffff
*** 1 repeats ***
[M8T] OUT2 e2e8=04ff
[M8T] OUT2 e2e8=ff04
[M8T] OUT2 e2e8=0404
[M8T] OUT2 e2e8=ff04
[M8T] OUT2 e2e8=0404
*** 1 repeats ***
[M8T] OUT2 e2e8=04ff
[M8T] OUT2 e2e8=0404
*** 1 repeats ***
[M8T] OUT2 e2e8=ff04
[M8T] OUT2 e2e8=0404
[M8T] OUT2 e2e8=ff04
[M8T] OUT2 e2e8=0404
*** 1 repeats ***
[M8T] OUT2 e2e8=04ff
[M8T] OUT2 e2e8=0404
*** 1 repeats ***
[M8T] OUT2 e2e8=ff04
[M8T] OUT2 e2e8=0404
[M8T] OUT2 e2e8=ff04
[M8T] OUT2 e2e8=0404
*** 1 repeats ***
[M8T] OUT2 e2e8=04ff
[M8T] OUT2 e2e8=0404
*** 1 repeats ***
[M8T] OUT2 e2e8=ff04
[M8T] OUT2 e2e8=0404
[M8T] OUT2 e2e8=ff04
[M8T] OUT2 e2e8=0404
*** 1 repeats ***
[M8T] OUT2 e2e8=ffff
*** 1 repeats ***
[M8T] OUT2 e2e8=0404
[M8T] OUT2 e2e8=ff04
[M8T] OUT2 e2e8=04ff
[M8T] OUT2 e2e8=ff04
[M8T] OUT2 e2e8=0404
*** 1 repeats ***
[M8T] OUT2 e2e8=04ff
[M8T] OUT2 e2e8=0404
*** 1 repeats ***
[M8T] OUT2 e2e8=ff04
*** 1 repeats ***
[M8T] OUT2 e2e8=04ff
[M8T] OUT2 e2e8=0404
*** 1 repeats ***
[M8T] OUT2 e2e8=04ff
[M8T] OUT2 e2e8=0404
*** 6 repeats ***
[M8T] OUT2 e2e8=04ff
[M8T] OUT2 e2e8=0404
*** 6 repeats ***
[M8T] OUT2 e2e8=ffff
*** 1 repeats ***
[M8T] OUT2 e2e8=04ff
[M8T] OUT2 e2e8=0404
*** 27 repeats ***
[M8B] end cur=946,746
[M8T] IN2 9aee=0000
[M8T] IN2 9aee=8000
[M8T] IN2 9aee=0000
[M8T] OUT2 daee=0000
[M8T] OUT2 e2ee=05ff
[M8T] IN2 9aee=c000
[M8T] IN2 9aee=0000
[M8T] IN2 9ae8=0000
[M8T] IN2 9aee=0000
[M8T] OUT2 daee=03c3
[M8T] OUT2 e2ee=03d2
[M8T] OUT2 86e8=03c3
[M8T] OUT2 82e8=02fa
[M8B] start cur=963,762 dyend=746 dpc=5211 dpitch=1024 doff=0 clip 963,0-978,1535 compat=0
[M8T] OUT2 e2e8=0707
*** 2 repeats ***
[M8T] OUT2 e2e8=0007
[M8T] OUT2 e2e8=0700
[M8T] OUT2 e2e8=0707
*** 5 repeats ***
[M8T] OUT2 e2e8=0300
[M8T] OUT2 e2e8=f800
[M8T] OUT2 e2e8=0707
*** 4 repeats ***
[M8T] OUT2 e2e8=0007
[M8T] OUT2 e2e8=0003
[M8T] OUT2 e2e8=0707
[M8T] OUT2 e2e8=07f8
[M8T] OUT2 e2e8=0707
[M8T] OUT2 e2e8=07f8
[M8T] OUT2 e2e8=0707
*** 1 repeats ***
[M8T] OUT2 e2e8=0300
[M8T] OUT2 e2e8=f8f8
[M8T] OUT2 e2e8=ffff
[M8T] OUT2 e2e8=07f8
[M8T] OUT2 e2e8=f807
[M8T] OUT2 e2e8=0707
*** 1 repeats ***
[M8T] OUT2 e2e8=0007
[M8T] OUT2 e2e8=fb03
[M8T] OUT2 e2e8=0700
[M8T] OUT2 e2e8=ffff
[M8T] OUT2 e2e8=07f8
*** 1 repeats ***
[M8T] OUT2 e2e8=0707
[M8T] OUT2 e2e8=0007
[M8T] OUT2 e2e8=0300
[M8T] OUT2 e2e8=fffb
[M8T] OUT2 e2e8=0700
[M8T] OUT2 e2e8=ffff
[M8T] OUT2 e2e8=07f8
[M8T] OUT2 e2e8=0707
*** 1 repeats ***
[M8T] OUT2 e2e8=0300
[M8T] OUT2 e2e8=fbf8
[M8T] OUT2 e2e8=fbff
[M8T] OUT2 e2e8=0000
[M8T] OUT2 e2e8=ffff
[M8T] OUT2 e2e8=07f8
[M8T] OUT2 e2e8=0707
*** 1 repeats ***
[M8T] OUT2 e2e8=fb03
[M8T] OUT2 e2e8=ff07
[M8T] OUT2 e2e8=fffb
[M8T] OUT2 e2e8=f800
[M8T] OUT2 e2e8=ff00
[M8T] OUT2 e2e8=07f8
[M8T] OUT2 e2e8=f8f8
*** 1 repeats ***
[M8T] OUT2 e2e8=fb03
[M8T] OUT2 e2e8=fb07
[M8T] OUT2 e2e8=fbff
[M8T] OUT2 e2e8=0700
[M8T] OUT2 e2e8=ff00
[M8T] OUT2 e2e8=07f8
[M8T] OUT2 e2e8=0707
*** 1 repeats ***
[M8T] OUT2 e2e8=ff03
[M8T] OUT2 e2e8=ff07
[M8T] OUT2 e2e8=fffb
[M8T] OUT2 e2e8=0000
[M8T] OUT2 e2e8=ffff
[M8T] OUT2 e2e8=07f8
[M8T] OUT2 e2e8=0707
*** 1 repeats ***
[M8T] OUT2 e2e8=0307
[M8T] OUT2 e2e8=fb03
[M8T] OUT2 e2e8=fbff
[M8T] OUT2 e2e8=0700
[M8T] OUT2 e2e8=ffff
[M8T] OUT2 e2e8=07f8
*** 1 repeats ***
[M8T] OUT2 e2e8=0707
*** 1 repeats ***
[M8T] OUT2 e2e8=0307
[M8T] OUT2 e2e8=fffb
[M8T] OUT2 e2e8=0700
[M8T] OUT2 e2e8=ffff
[M8T] OUT2 e2e8=07f8
[M8T] OUT2 e2e8=f807
[M8T] OUT2 e2e8=0707
*** 2 repeats ***
[M8T] OUT2 e2e8=fb03
[M8T] OUT2 e2e8=f8f8
[M8T] OUT2 e2e8=ff07
[M8T] OUT2 e2e8=07f8
[M8T] OUT2 e2e8=0707
[M8T] OUT2 e2e8=07f8
[M8T] OUT2 e2e8=0707
*** 1 repeats ***
[M8T] OUT2 e2e8=0307
[M8T] OUT2 e2e8=00fb
[M8T] OUT2 e2e8=0707
*** 6 repeats ***
[M8T] OUT2 e2e8=f803
[M8T] OUT2 e2e8=f800
[M8T] OUT2 e2e8=0707
*** 5 repeats ***
[M8T] OUT2 e2e8=0007
[M8T] OUT2 e2e8=0700
[M8T] OUT2 e2e8=0707
*** 2 repeats ***
[M8B] end cur=963,746
[M8T] IN2 9aee=0000
[M8T] IN2 9aee=8000
[M8T] IN2 9aee=0000
[M8T] OUT2 daee=0000
[M8T] OUT2 e2ee=05ff
[M8T] IN2 9aee=c000
[M8T] IN2 9aee=0000
[M8T] OUT2 daee=03d4
[M8T] OUT2 deee=02ea
[M8T] OUT2 e2ee=03fc
[M8T] OUT2 e6ee=02fc
[M8T] IN2 9aee=f000
[M8T] IN2 9aee=0000
[M8T] OUT2 a6e8=0007
[M8T] IN2 9aee=e000
[M8T] IN2 9aee=0000
[M8T] OUT2 86e8=03d4
[M8T] OUT2 82e8=02ea
[M8B] start cur=980,746 dyend=766 dpc=2211 dpitch=1024 doff=0 clip 980,746-1020,764 compat=0
[M8B] end cur=980,766
[M8T] IN2 9aee=0000
[M8T] OUT2 a6e8=0000
[M8T] IN2 9aee=f800
[M8T] IN2 9aee=0000
[M8T] OUT2 86e8=03dc
[M8T] OUT2 82e8=02ef
[M8B] start cur=988,751 dyend=760 dpc=3251 dpitch=1024 doff=0 clip 980,746-1020,764 compat=0
[M8T] OUT2 e2e8=6374
[M8T] OUT2 e2e8=c618
[M8T] OUT2 e2e8=7031
[M8T] OUT2 e2e8=0000
[M8T] OUT2 86e8=03e2
[M8T] OUT2 82e8=02ef
[M8B] start cur=994,751 dyend=760 dpc=3251 dpitch=1024 doff=0 clip 980,746-1020,764 compat=0
[M8T] OUT2 e2e8=6374
[M8T] OUT2 e2e8=c618
[M8T] IN2 9aee=0000
[M8T] OUT2 e2e8=7031
[M8T] OUT2 e2e8=0000
[M8T] OUT2 86e8=03e8
[M8T] OUT2 82e8=02f2
[M8B] start cur=1000,754 dyend=760 dpc=3251 dpitch=1024 doff=0 clip 980,746-1020,764 compat=0
[M8T] OUT2 e2e8=0084
[M8T] OUT2 e2e8=0000
[M8T] OUT2 86e8=03eb
[M8T] OUT2 82e8=02ef
[M8B] start cur=1003,751 dyend=760 dpc=3251 dpitch=1024 doff=0 clip 980,746-1020,764 compat=0
[M8T] OUT2 e2e8=6374
[M8T] OUT2 e2e8=c618
[M8T] IN2 9aee=0000
[M8T] OUT2 e2e8=7031
[M8T] OUT2 e2e8=0000
[M8T] OUT2 86e8=03f1
[M8T] OUT2 82e8=02ef
[M8B] start cur=1009,751 dyend=760 dpc=3251 dpitch=1024 doff=0 clip 980,746-1020,764 compat=0
[M8T] OUT2 e2e8=6374
[M8T] OUT2 e2e8=c618
[M8T] OUT2 e2e8=7031
[M8T] OUT2 e2e8=0000
[M8T] IN2 9aee=8000
[M8T] IN2 9aee=0000
[M8T] OUT2 daee=0000
[M8T] OUT2 deee=0000
[M8T] OUT2 e2ee=05ff
[M8T] OUT2 e6ee=05ff
[M8T] IN2 9aee=f000
[M8T] IN2 9aee=0000
[M8T] OUT2 a6e8=ffff
[M8T] OUT2 86e8=003e
[M8T] OUT2 82e8=02eb
[M8T] IN2 9aee=ffe0
[M8T] IN2 9aee=0000
[M8B] start cur=62,747 dyend=748 dpc=2231 dpitch=1024 doff=0 clip 0,0-1535,1535 compat=0
[M8B] end cur=62,748
[M8B] start cur=62,748 dyend=749 dpc=2231 dpitch=1024 doff=0 clip 0,0-1535,1535 compat=0
[M8B] end cur=62,749
[M8B] start cur=62,749 dyend=750 dpc=2231 dpitch=1024 doff=0 clip 0,0-1535,1535 compat=0
[M8B] end cur=62,750
[M8B] start cur=62,750 dyend=751 dpc=2231 dpitch=1024 doff=0 clip 0,0-1535,1535 compat=0
[M8B] end cur=62,751
[M8T] IN2 9aee=0000
[M8B] start cur=62,751 dyend=752 dpc=2231 dpitch=1024 doff=0 clip 0,0-1535,1535 compat=0
[M8B] end cur=62,752
[M8B] start cur=62,752 dyend=753 dpc=2231 dpitch=1024 doff=0 clip 0,0-1535,1535 compat=0
[M8B] end cur=62,753
[M8B] start cur=62,753 dyend=754 dpc=2231 dpitch=1024 doff=0 clip 0,0-1535,1535 compat=0
[M8B] end cur=62,754
[M8B] start cur=62,754 dyend=755 dpc=2231 dpitch=1024 doff=0 clip 0,0-1535,1535 compat=0
[M8B] end cur=62,755
[M8T] IN2 9aee=0000
[M8T] OUT2 86e8=003e
[M8T] OUT2 8ee8=003e
[M8T] OUT2 82e8=02f3
[M8T] OUT2 8ae8=02eb
[M8B] start cur=62,755 dyend=765 dpc=6211 dpitch=1024 doff=0 clip 0,0-1535,1535 compat=0
[M8B] end cur=62,765
[M8T] IN2 9aee=0000
[M8T] IN2 9ae8=0000
[M8T] OUT2 a6e8=ffff
[M8T] OUT2 daee=0040
[M8T] OUT2 e2ee=004f
[M8T] OUT2 86e8=0040
[M8T] OUT2 82e8=02ec
[M8B] start cur=64,748 dyend=764 dpc=3251 dpitch=1024 doff=0 clip 64,0-79,1535 compat=0
[M8T] OUT2 e2e8=038c
[M8T] OUT2 e2e8=0188
[M8T] OUT2 e2e8=0180
[M8T] OUT2 e2e8=0380
[M8T] OUT2 e2e8=1180
[M8T] OUT2 e2e8=0180
[M8T] OUT2 e2e8=0100
[M8T] OUT2 e2e8=0000
*** 1 repeats ***
[M8T] OUT2 e2e8=0100
[M8T] OUT2 e2e8=8110
[M8T] OUT2 e2e8=8010
[M8T] OUT2 e2e8=0000
*** 2 repeats ***
[M8T] OUT2 e2e8=0100
[M8T] IN2 9aee=0000
[M8T] OUT2 daee=0000
[M8T] OUT2 e2ee=05ff
[M8T] IN2 9aee=c000
[M8T] IN2 9aee=0000
[M8T] IN2 9ae8=0000
[M8T] OUT2 daee=0040
[M8T] OUT2 e2ee=004f
[M8T] OUT2 86e8=0040
[M8T] OUT2 82e8=02ec
[M8B] start cur=64,748 dyend=764 dpc=5211 dpitch=1024 doff=0 clip 64,0-79,1535 compat=0
[M8T] OUT2 e2e8=0000
*** 8 repeats ***
[M8T] OUT2 e2e8=00f7
[M8T] OUT2 e2e8=0000
[M8T] OUT2 e2e8=f7f8
[M8T] OUT2 e2e8=0000
[M8T] OUT2 e2e8=00f8
[M8T] OUT2 e2e8=f700
[M8T] OUT2 e2e8=0000
*** 1 repeats ***
[M8T] OUT2 e2e8=f8f8
[M8T] OUT2 e2e8=0000
[M8T] OUT2 e2e8=f7f7
[M8T] OUT2 e2e8=0000
*** 4 repeats ***
[M8T] OUT2 e2e8=f800
*** 1 repeats ***
[M8T] OUT2 e2e8=f700
[M8T] OUT2 e2e8=0000
*** 1 repeats ***
[M8T] OUT2 e2e8=00f8
[M8T] OUT2 e2e8=0000
*** 2 repeats ***
[M8T] OUT2 e2e8=f8f8
[M8T] OUT2 e2e8=f700
[M8T] OUT2 e2e8=0000
*** 1 repeats ***
[M8T] OUT2 e2e8=f700
[M8T] OUT2 e2e8=0000
*** 2 repeats ***
[M8T] OUT2 e2e8=00f8
[M8T] OUT2 e2e8=f700
[M8T] OUT2 e2e8=0000
[M8T] OUT2 e2e8=00f8
[M8T] OUT2 e2e8=f8f8
[M8T] OUT2 e2e8=0000
[M8T] OUT2 e2e8=0100
[M8T] OUT2 e2e8=0101
[M8T] OUT2 e2e8=0001
[M8T] OUT2 e2e8=0404
[M8T] OUT2 e2e8=0004
[M8T] OUT2 e2e8=0303
[M8T] OUT2 e2e8=0003
[M8T] OUT2 e2e8=0000
[M8T] OUT2 e2e8=f900
[M8T] OUT2 e2e8=f9f9
[M8T] OUT2 e2e8=0401
[M8T] OUT2 e2e8=fcfc
[M8T] OUT2 e2e8=0304
[M8T] OUT2 e2e8=fbfb
*** 1 repeats ***
[M8T] OUT2 e2e8=0003
[M8T] OUT2 e2e8=f900
[M8T] OUT2 e2e8=0101
[M8T] OUT2 e2e8=fc00
[M8T] OUT2 e2e8=0000
[M8T] OUT2 e2e8=fb00
[M8T] OUT2 e2e8=0400
[M8T] OUT2 e2e8=0300
[M8T] OUT2 e2e8=0003
[M8T] OUT2 e2e8=f900
[M8T] OUT2 e2e8=0001
[M8T] OUT2 e2e8=0404
[M8T] OUT2 e2e8=0101
[M8T] OUT2 e2e8=fb00
[M8T] OUT2 e2e8=fc00
[M8T] OUT2 e2e8=0000
*** 1 repeats ***
[M8T] OUT2 e2e8=f900
[M8T] OUT2 e2e8=0001
[M8T] OUT2 e2e8=0404
[M8T] OUT2 e2e8=0101
[M8T] OUT2 e2e8=0000
[M8T] OUT2 e2e8=fc00
[M8T] OUT2 e2e8=0303
[M8T] OUT2 e2e8=0000
[M8T] OUT2 e2e8=f900
[M8T] OUT2 e2e8=0001
[M8T] OUT2 e2e8=0404
[M8T] OUT2 e2e8=0101
[M8T] OUT2 e2e8=0000
[M8T] OUT2 e2e8=fc00
[M8T] OUT2 e2e8=fb00
[M8T] OUT2 e2e8=00fb
[M8T] OUT2 e2e8=f900
[M8T] OUT2 e2e8=0001
[M8T] OUT2 e2e8=0100
[M8T] OUT2 e2e8=00f9
[M8T] OUT2 e2e8=fb00
[M8T] OUT2 e2e8=0003
[M8T] OUT2 e2e8=0300
[M8T] OUT2 e2e8=00fb
[M8T] OUT2 e2e8=f900
[M8T] OUT2 e2e8=f9f9
*** 1 repeats ***
[M8T] OUT2 e2e8=0400
[M8T] OUT2 e2e8=0304
[M8T] OUT2 e2e8=fbfb
*** 1 repeats ***
[M8T] OUT2 e2e8=0003
[M8T] OUT2 e2e8=f900
[M8T] OUT2 e2e8=0101
*** 1 repeats ***
[M8T] OUT2 e2e8=0400
[M8T] OUT2 e2e8=0004
[M8T] OUT2 e2e8=0303
*** 1 repeats ***
[M8T] OUT2 e2e8=0000
*** 8 repeats ***
[M8B] end cur=64,764
[M8T] IN2 9aee=0000
[M8T] OUT2 daee=0000
[M8T] OUT2 e2ee=05ff
[M8T] IN2 9aee=c000
[M8T] IN2 9aee=0000
[M8T] OUT2 a6e8=ffff
[M8T] OUT2 86e8=0050
[M8T] OUT2 82e8=02eb
[M8T] IN2 9aee=ffe0
[M8T] IN2 9aee=0000
[M8B] start cur=80,747 dyend=748 dpc=2231 dpitch=1024 doff=0 clip 0,0-1535,1535 compat=0
[M8B] end cur=80,748
[M8B] start cur=80,748 dyend=749 dpc=2231 dpitch=1024 doff=0 clip 0,0-1535,1535 compat=0
[M8B] end cur=80,749
[M8B] start cur=80,749 dyend=750 dpc=2231 dpitch=1024 doff=0 clip 0,0-1535,1535 compat=0
[M8B] end cur=80,750
[M8B] start cur=80,750 dyend=751 dpc=2231 dpitch=1024 doff=0 clip 0,0-1535,1535 compat=0
[M8B] end cur=80,751
[M8T] IN2 9aee=0000
[M8B] start cur=80,751 dyend=752 dpc=2231 dpitch=1024 doff=0 clip 0,0-1535,1535 compat=0
[M8B] end cur=80,752
[M8B] start cur=80,752 dyend=753 dpc=2231 dpitch=1024 doff=0 clip 0,0-1535,1535 compat=0
[M8B] end cur=80,753
[M8B] start cur=80,753 dyend=754 dpc=2231 dpitch=1024 doff=0 clip 0,0-1535,1535 compat=0
[M8B] end cur=80,754
[M8B] start cur=80,754 dyend=755 dpc=2231 dpitch=1024 doff=0 clip 0,0-1535,1535 compat=0
[M8B] end cur=80,755
[M8T] IN2 9aee=0000
[M8B] start cur=80,755 dyend=756 dpc=2231 dpitch=1024 doff=0 clip 0,0-1535,1535 compat=0
[M8B] end cur=80,756
[M8B] start cur=80,756 dyend=757 dpc=2231 dpitch=1024 doff=0 clip 0,0-1535,1535 compat=0
[M8B] end cur=80,757
[M8B] start cur=80,757 dyend=758 dpc=2231 dpitch=1024 doff=0 clip 0,0-1535,1535 compat=0
[M8B] end cur=80,758
[M8B] start cur=80,758 dyend=759 dpc=2231 dpitch=1024 doff=0 clip 0,0-1535,1535 compat=0
[M8B] end cur=80,759
[M8T] IN2 9aee=0000
[M8B] start cur=80,759 dyend=760 dpc=2231 dpitch=1024 doff=0 clip 0,0-1535,1535 compat=0
[M8B] end cur=80,760
[M8B] start cur=80,760 dyend=761 dpc=2231 dpitch=1024 doff=0 clip 0,0-1535,1535 compat=0
[M8B] end cur=80,761
[M8B] start cur=80,761 dyend=762 dpc=2231 dpitch=1024 doff=0 clip 0,0-1535,1535 compat=0
[M8B] end cur=80,762
[M8B] start cur=80,762 dyend=763 dpc=2231 dpitch=1024 doff=0 clip 0,0-1535,1535 compat=0
[M8B] end cur=80,763
[M8T] IN2 9aee=0000
[M8B] start cur=80,763 dyend=764 dpc=2231 dpitch=1024 doff=0 clip 0,0-1535,1535 compat=0
[M8B] end cur=80,764
[M8B] start cur=80,764 dyend=765 dpc=2231 dpitch=1024 doff=0 clip 0,0-1535,1535 compat=0
[M8B] end cur=80,765
[M8T] IN2 9aee=0000
[M8T] OUT2 daee=0050
[M8T] OUT2 deee=02eb
[M8T] OUT2 e2ee=00d9
[M8T] OUT2 e6ee=02fc
[M8T] IN2 9aee=f000
[M8T] IN2 9aee=0000
[M8T] OUT2 a6e8=0000
[M8T] IN2 9aee=f800
[M8T] IN2 9aee=0000
[M8T] OUT2 86e8=0053
[M8T] OUT2 82e8=02ef
[M8B] start cur=83,751 dyend=760 dpc=3251 dpitch=1024 doff=0 clip 80,747-217,764 compat=0
[M8T] IN2 9aee=0000
[M8T] OUT2 e2e8=3080
[M8T] OUT2 e2e8=1105
[M8T] OUT2 e2e8=2422
[M8T] OUT2 e2e8=5544
[M8T] IN2 9aee=0000
[M8T] OUT2 e2e8=a00a
[M8T] OUT2 e2e8=1188
[M8T] OUT2 e2e8=0000
*** 1 repeats ***
[M8T] IN2 9aee=8000
[M8T] IN2 9aee=0000
[M8T] OUT2 86e8=0060
[M8T] OUT2 82e8=02ef
[M8B] start cur=96,751 dyend=760 dpc=3251 dpitch=1024 doff=0 clip 80,747-217,764 compat=0
[M8T] IN2 9aee=0000
[M8T] OUT2 e2e8=18fa
[M8T] OUT2 e2e8=fa61
[M8T] OUT2 e2e8=6118
[M8T] OUT2 e2e8=0084
[M8T] IN2 9aee=0000
[M8T] OUT2 86e8=0069
[M8T] OUT2 82e8=02ef
[M8B] start cur=105,751 dyend=760 dpc=3251 dpitch=1024 doff=0 clip 80,747-217,764 compat=0
[M8T] IN2 9aee=0000
[M8T] OUT2 e2e8=08f9
[M8T] OUT2 e2e8=1042
[M8T] OUT2 e2e8=2084
[M8T] OUT2 e2e8=0000
[M8T] IN2 9aee=8000
[M8T] IN2 9aee=0000
[M8T] OUT2 86e8=0071
[M8T] OUT2 82e8=02ef
[M8B] start cur=113,751 dyend=760 dpc=3251 dpitch=1024 doff=0 clip 80,747-217,764 compat=0
[M8T] IN2 9aee=0000
[M8T] OUT2 e2e8=21fc
[M8T] OUT2 e2e8=420f
[M8T] OUT2 e2e8=f810
[M8T] OUT2 e2e8=0000
[M8T] IN2 9aee=8000
[M8T] IN2 9aee=0000
[M8T] OUT2 86e8=0079
[M8T] OUT2 82e8=02ef
[M8B] start cur=121,751 dyend=760 dpc=3251 dpitch=1024 doff=0 clip 80,747-217,764 compat=0
[M8T] IN2 9aee=0000
[M8T] OUT2 e2e8=6174
[M8T] OUT2 e2e8=0407
[M8T] OUT2 e2e8=7031
[M8T] OUT2 e2e8=0000
[M8T] IN2 9aee=8000
[M8T] IN2 9aee=0000
[M8T] OUT2 86e8=0081
[M8T] OUT2 82e8=02ef
[M8B] start cur=129,751 dyend=760 dpc=3251 dpitch=1024 doff=0 clip 80,747-217,764 compat=0
[M8T] IN2 9aee=0000
[M8T] OUT2 e2e8=08f9
[M8T] OUT2 e2e8=1042
[M8T] OUT2 e2e8=2084
[M8T] OUT2 e2e8=0000
[M8T] IN2 9aee=8000
[M8T] IN2 9aee=0000
[M8T] OUT2 daee=0000
[M8T] OUT2 deee=0000
[M8T] OUT2 e2ee=05ff
[M8T] OUT2 e6ee=05ff
[M8T] IN2 9aee=f000
[M8T] IN2 9aee=0000
[M8T] OUT2 daee=0050
[M8T] OUT2 deee=02eb
[M8T] OUT2 e2ee=00d9
[M8T] OUT2 e6ee=02fc
[M8T] IN2 9aee=f000
[M8T] IN2 9aee=0000
[M8T] OUT2 a6e8=0000
[M8T] IN2 9aee=f800
[M8T] IN2 9aee=0000
[M8T] OUT2 86e8=0052
[M8T] OUT2 82e8=02ef
[M8B] start cur=82,751 dyend=760 dpc=3251 dpitch=1024 doff=0 clip 80,747-217,764 compat=0
[M8T] IN2 9aee=0000
[M8T] OUT2 e2e8=3080
[M8T] OUT2 e2e8=1105
[M8T] OUT2 e2e8=2422
[M8T] OUT2 e2e8=5544
[M8T] IN2 9aee=0000
[M8T] OUT2 e2e8=a00a
[M8T] OUT2 e2e8=1188
[M8T] OUT2 e2e8=0000
*** 1 repeats ***
[M8T] IN2 9aee=8000
[M8T] IN2 9aee=0000
[M8T] OUT2 86e8=005f
[M8T] OUT2 82e8=02ef
[M8B] start cur=95,751 dyend=760 dpc=3251 dpitch=1024 doff=0 clip 80,747-217,764 compat=0
[M8T] IN2 9aee=0000
[M8T] OUT2 e2e8=18fa
[M8T] OUT2 e2e8=fa61
[M8T] OUT2 e2e8=6118
[M8T] OUT2 e2e8=0084
[M8T] IN2 9aee=0000
[M8T] OUT2 86e8=0068
[M8T] OUT2 82e8=02ef
[M8B] start cur=104,751 dyend=760 dpc=3251 dpitch=1024 doff=0 clip 80,747-217,764 compat=0
[M8T] IN2 9aee=0000
[M8T] OUT2 e2e8=08f9
[M8T] OUT2 e2e8=1042
[M8T] OUT2 e2e8=2084
[M8T] OUT2 e2e8=0000
[M8T] IN2 9aee=8000
[M8T] IN2 9aee=0000
[M8T] OUT2 86e8=0070
[M8T] OUT2 82e8=02ef
[M8B] start cur=112,751 dyend=760 dpc=3251 dpitch=1024 doff=0 clip 80,747-217,764 compat=0
[M8T] IN2 9aee=0000
[M8T] OUT2 e2e8=21fc
[M8T] OUT2 e2e8=420f
[M8T] OUT2 e2e8=f810
[M8T] OUT2 e2e8=0000
[M8T] IN2 9aee=8000
[M8T] IN2 9aee=0000
[M8T] OUT2 86e8=0078
[M8T] OUT2 82e8=02ef
[M8B] start cur=120,751 dyend=760 dpc=3251 dpitch=1024 doff=0 clip 80,747-217,764 compat=0
[M8T] IN2 9aee=0000
[M8T] OUT2 e2e8=6174
[M8T] OUT2 e2e8=0407
[M8T] OUT2 e2e8=7031
[M8T] OUT2 e2e8=0000
[M8T] IN2 9aee=8000
[M8T] IN2 9aee=0000
[M8T] OUT2 86e8=0080
[M8T] OUT2 82e8=02ef
[M8B] start cur=128,751 dyend=760 dpc=3251 dpitch=1024 doff=0 clip 80,747-217,764 compat=0
[M8T] IN2 9aee=0000
[M8T] OUT2 e2e8=08f9
[M8T] OUT2 e2e8=1042
[M8T] OUT2 e2e8=2084
[M8T] OUT2 e2e8=0000
[M8T] IN2 9aee=8000
[M8T] IN2 9aee=0000
[M8T] OUT2 daee=0000
[M8T] OUT2 deee=0000
[M8T] OUT2 e2ee=05ff
[M8T] OUT2 e6ee=05ff
[M8T] IN2 9aee=f000
[M8T] IN2 9aee=0000
[M8T] OUT2 daee=003e
[M8T] OUT2 deee=02ea
[M8T] OUT2 e2ee=00d9
[M8T] OUT2 e6ee=02ea
[M8T] IN2 9aee=f000
[M8T] IN2 9aee=0000
[M8T] OUT2 a6e8=ffff
[M8T] IN2 9aee=e000
[M8T] IN2 9aee=0000
[M8T] OUT2 86e8=003e
[M8T] OUT2 82e8=02ea
[M8B] start cur=62,746 dyend=747 dpc=2211 dpitch=1024 doff=0 clip 62,746-217,746 compat=0
[M8B] end cur=62,747
[M8T] IN2 9aee=0000
[M8T] OUT2 daee=0000
[M8T] OUT2 deee=0000
[M8T] OUT2 e2ee=05ff
[M8T] OUT2 e6ee=05ff
[M8T] IN2 9aee=f000
[M8T] IN2 9aee=0000
[M8T] OUT2 a6e8=ffff
[M8T] OUT2 86e8=00db
[M8T] OUT2 82e8=02e8
[M8B] start cur=219,744 dyend=766 dpc=2211 dpitch=1024 doff=0 clip 0,0-1535,1535 compat=0
[M8B] end cur=219,766
[M8T] IN2 9aee=0000
[M8T] OUT2 a6e8=ffff
[M8T] OUT2 86e8=003c
[M8T] OUT2 82e8=02fd
[M8B] start cur=60,765 dyend=766 dpc=2211 dpitch=1024 doff=0 clip 0,0-1535,1535 compat=0
[M8B] end cur=60,766
[M8T] IN2 9aee=0000
[M8T] OUT2 a6e8=0000
[M8T] OUT2 86e8=003c
[M8T] OUT2 82e8=02e8
[M8B] start cur=60,744 dyend=765 dpc=2211 dpitch=1024 doff=0 clip 0,0-1535,1535 compat=0
[M8B] end cur=60,765
[M8T] IN2 9aee=0000
[M8T] OUT2 a6e8=0000
[M8T] OUT2 86e8=003d
[M8T] OUT2 82e8=02e8
[M8B] start cur=61,744 dyend=745 dpc=2211 dpitch=1024 doff=0 clip 0,0-1535,1535 compat=0
[M8B] end cur=61,745
[M8T] IN2 9aee=0000
[M8T] OUT2 a6e8=0707
[M8T] OUT2 86e8=00da
[M8T] OUT2 82e8=02e9
[M8B] start cur=218,745 dyend=765 dpc=2211 dpitch=1024 doff=0 clip 0,0-1535,1535 compat=0
[M8B] end cur=218,765
[M8T] IN2 9aee=0000
[M8T] OUT2 a6e8=0707
[M8T] OUT2 86e8=003d
[M8T] OUT2 82e8=02fc
[M8B] start cur=61,764 dyend=765 dpc=2211 dpitch=1024 doff=0 clip 0,0-1535,1535 compat=0
[M8B] end cur=61,765
[M8T] IN2 9aee=0000
[M8T] OUT2 a6e8=f8f8
[M8T] OUT2 86e8=003d
[M8T] OUT2 82e8=02e9
[M8B] start cur=61,745 dyend=764 dpc=2211 dpitch=1024 doff=0 clip 0,0-1535,1535 compat=0
[M8B] end cur=61,764
[M8T] IN2 9aee=0000
[M8T] OUT2 a6e8=f8f8
[M8T] OUT2 86e8=003e
[M8T] OUT2 82e8=02e9
[M8B] start cur=62,745 dyend=746 dpc=2211 dpitch=1024 doff=0 clip 0,0-1535,1535 compat=0
[M8B] end cur=62,746
[M8T] IN2 9aee=0000
[M8T] IN2 9ae8=0000
[M8T] IN2 9aee=0000
[M8T] OUT2 daee=001d
[M8T] OUT2 e2ee=003c
[M8T] OUT2 86e8=001d
[M8T] OUT2 82e8=0022
[M8B] start cur=29,34 dyend=2 dpc=5211 dpitch=1024 doff=0 clip 29,0-60,1535 compat=0
[M8T] OUT2 e2e8=0006
[M8T] OUT2 e2e8=0000
*** 10 repeats ***
[M8T] OUT2 e2e8=0600
[M8T] OUT2 e2e8=0606
*** 2 repeats ***
[M8T] OUT2 e2e8=07f8
[M8T] OUT2 e2e8=0707
*** 10 repeats ***
[M8T] OUT2 e2e8=00f8
[M8T] OUT2 e2e8=0606
*** 2 repeats ***
[M8T] OUT2 e2e8=fff8
[M8T] OUT2 e2e8=ffff
*** 10 repeats ***
[M8T] OUT2 e2e8=f807
[M8T] OUT2 e2e8=0600
[M8T] OUT2 e2e8=0606
*** 1 repeats ***
[M8T] OUT2 e2e8=f806
[M8T] OUT2 e2e8=f8ff
[M8T] OUT2 e2e8=f800
[M8T] OUT2 e2e8=00f8
[M8T] OUT2 e2e8=f8f8
[M8T] OUT2 e2e8=f800
[M8T] OUT2 e2e8=00f8
[M8T] OUT2 e2e8=f8f8
[M8T] OUT2 e2e8=f800
[M8T] OUT2 e2e8=00f8
[M8T] OUT2 e2e8=f8f8
[M8T] OUT2 e2e8=f800
[M8T] OUT2 e2e8=f8f8
[M8T] OUT2 e2e8=00f8
[M8T] OUT2 e2e8=0606
*** 2 repeats ***
[M8T] OUT2 e2e8=fff8
[M8T] OUT2 e2e8=00f8
[M8T] OUT2 e2e8=f8ff
[M8T] OUT2 e2e8=ff00
[M8T] OUT2 e2e8=00f8
[M8T] OUT2 e2e8=f8ff
[M8T] OUT2 e2e8=ff00
[M8T] OUT2 e2e8=00f8
[M8T] OUT2 e2e8=f8ff
[M8T] OUT2 e2e8=ff00
[M8T] OUT2 e2e8=00f8
[M8T] OUT2 e2e8=f8ff
[M8T] OUT2 e2e8=00f8
[M8T] OUT2 e2e8=0600
[M8T] OUT2 e2e8=0606
*** 1 repeats ***
[M8T] OUT2 e2e8=f806
[M8T] OUT2 e2e8=f8f8
[M8T] OUT2 e2e8=ff00
[M8T] OUT2 e2e8=00f8
[M8T] OUT2 e2e8=f8ff
[M8T] OUT2 e2e8=ff00
[M8T] OUT2 e2e8=00f8
[M8T] OUT2 e2e8=f8ff
[M8T] OUT2 e2e8=ff00
[M8T] OUT2 e2e8=00f8
[M8T] OUT2 e2e8=f8ff
[M8T] OUT2 e2e8=ff00
[M8T] OUT2 e2e8=f800
[M8T] OUT2 e2e8=00f8
[M8T] OUT2 e2e8=0606
*** 1 repeats ***
[M8T] OUT2 e2e8=f806
[M8T] OUT2 e2e8=07ff
[M8T] OUT2 e2e8=0707
*** 9 repeats ***
[M8T] OUT2 e2e8=f807
[M8T] OUT2 e2e8=f8f8
[M8T] OUT2 e2e8=0600
[M8T] OUT2 e2e8=0606
[M8T] OUT2 e2e8=f806
[M8T] OUT2 e2e8=07ff
[M8T] OUT2 e2e8=0207
[M8T] OUT2 e2e8=0702
[M8T] OUT2 e2e8=0707
*** 4 repeats ***
[M8T] OUT2 e2e8=f807
[M8T] OUT2 e2e8=0707
*** 1 repeats ***
[M8T] OUT2 e2e8=f807
[M8T] OUT2 e2e8=f8f8
[M8T] OUT2 e2e8=0600
[M8T] OUT2 e2e8=0606
[M8T] OUT2 e2e8=f806
[M8T] OUT2 e2e8=07ff
[M8T] OUT2 e2e8=fa07
[M8T] OUT2 e2e8=07fa
[M8T] OUT2 e2e8=0707
*** 1 repeats ***
[M8T] OUT2 e2e8=0007
[M8T] OUT2 e2e8=0000
*** 3 repeats ***
[M8T] OUT2 e2e8=0700
[M8T] OUT2 e2e8=f807
[M8T] OUT2 e2e8=f8f8
[M8T] OUT2 e2e8=0600
[M8T] OUT2 e2e8=0606
[M8T] OUT2 e2e8=f806
[M8T] OUT2 e2e8=07ff
[M8T] OUT2 e2e8=0707
*** 3 repeats ***
[M8T] OUT2 e2e8=f807
[M8T] OUT2 e2e8=f8f8
*** 3 repeats ***
[M8T] OUT2 e2e8=07f8
[M8T] OUT2 e2e8=f807
[M8T] OUT2 e2e8=f8f8
[M8T] OUT2 e2e8=0600
[M8T] OUT2 e2e8=0606
[M8T] OUT2 e2e8=f806
[M8T] OUT2 e2e8=07ff
[M8T] OUT2 e2e8=0707
*** 9 repeats ***
[M8T] OUT2 e2e8=f807
[M8T] OUT2 e2e8=f8f8
[M8T] OUT2 e2e8=0600
[M8T] OUT2 e2e8=0606
[M8T] OUT2 e2e8=f806
[M8T] OUT2 e2e8=ffff
*** 10 repeats ***
[M8T] OUT2 e2e8=f8ff
[M8T] OUT2 e2e8=f8f8
[M8T] OUT2 e2e8=0600
[M8T] OUT2 e2e8=0606
*** 1 repeats ***
[M8T] OUT2 e2e8=f8f8
*** 10 repeats ***
[M8T] OUT2 e2e8=07f8
[M8T] OUT2 e2e8=f8f8
[M8T] OUT2 e2e8=0600
[M8T] OUT2 e2e8=0606
*** 2 repeats ***
[M8T] OUT2 e2e8=0000
*** 9 repeats ***
[M8T] OUT2 e2e8=f8f8
[M8T] OUT2 e2e8=f807
[M8T] OUT2 e2e8=0600
[M8T] OUT2 e2e8=0606
*** 2 repeats ***
[M8T] OUT2 e2e8=f8f8
*** 9 repeats ***
[M8T] OUT2 e2e8=f800
[M8T] OUT2 e2e8=07f8
[M8T] OUT2 e2e8=0600
[M8T] OUT2 e2e8=0606
*** 2 repeats ***
[M8T] OUT2 e2e8=fff8
[M8T] OUT2 e2e8=0707
*** 7 repeats ***
[M8T] OUT2 e2e8=f807
[M8T] OUT2 e2e8=00f8
[M8T] OUT2 e2e8=f8f8
[M8T] OUT2 e2e8=0606
*** 3 repeats ***
[M8T] OUT2 e2e8=fff8
[M8T] OUT2 e2e8=ff07
[M8T] OUT2 e2e8=ffff
*** 6 repeats ***
[M8T] OUT2 e2e8=f807
[M8T] OUT2 e2e8=00f8
[M8T] OUT2 e2e8=0606
*** 4 repeats ***
[M8T] OUT2 e2e8=fff8
[M8T] OUT2 e2e8=f807
[M8T] OUT2 e2e8=f8f8
*** 5 repeats ***
[M8T] OUT2 e2e8=fff8
[M8T] OUT2 e2e8=f807
[M8T] OUT2 e2e8=00f8
[M8T] OUT2 e2e8=0606
*** 4 repeats ***
[M8T] OUT2 e2e8=fff8
[M8T] OUT2 e2e8=0007
[M8T] OUT2 e2e8=0606
*** 1 repeats ***
[M8T] OUT2 e2e8=0000
*** 2 repeats ***
[M8T] OUT2 e2e8=0606
[M8T] OUT2 e2e8=fff8
[M8T] OUT2 e2e8=f807
[M8T] OUT2 e2e8=00f8
[M8T] OUT2 e2e8=0606
*** 4 repeats ***
[M8T] OUT2 e2e8=fff8
[M8T] OUT2 e2e8=0007
[M8T] OUT2 e2e8=0606
*** 1 repeats ***
[M8T] OUT2 e2e8=fff8
[M8T] OUT2 e2e8=ffff
[M8T] OUT2 e2e8=00ff
[M8T] OUT2 e2e8=0606
[M8T] OUT2 e2e8=fff8
[M8T] OUT2 e2e8=f807
[M8T] OUT2 e2e8=00f8
[M8T] OUT2 e2e8=0606
*** 4 repeats ***
[M8T] OUT2 e2e8=fff8
[M8T] OUT2 e2e8=0007
[M8T] OUT2 e2e8=0606
[M8T] OUT2 e2e8=0000
[M8T] OUT2 e2e8=fff8
[M8T] OUT2 e2e8=ffff
[M8T] OUT2 e2e8=00ff
[M8T] OUT2 e2e8=0606
[M8T] OUT2 e2e8=fff8
[M8T] OUT2 e2e8=f807
[M8T] OUT2 e2e8=00f8
[M8T] OUT2 e2e8=0606
*** 4 repeats ***
[M8T] OUT2 e2e8=fff8
[M8T] OUT2 e2e8=0007
[M8T] OUT2 e2e8=0606
[M8T] OUT2 e2e8=fff8
*** 1 repeats ***
[M8T] OUT2 e2e8=ffff
[M8T] OUT2 e2e8=00ff
[M8T] OUT2 e2e8=0606
[M8T] OUT2 e2e8=fff8
[M8T] OUT2 e2e8=f807
[M8T] OUT2 e2e8=00f8
[M8T] OUT2 e2e8=0606
*** 4 repeats ***
[M8T] OUT2 e2e8=fff8
[M8T] OUT2 e2e8=0007
[M8T] OUT2 e2e8=0606
[M8T] OUT2 e2e8=fff8
[M8T] OUT2 e2e8=fc04
[M8T] OUT2 e2e8=fcfc
[M8T] OUT2 e2e8=00fc
[M8T] OUT2 e2e8=0606
[M8T] OUT2 e2e8=fff8
[M8T] OUT2 e2e8=f807
[M8T] OUT2 e2e8=00f8
[M8T] OUT2 e2e8=0606
*** 4 repeats ***
[M8T] OUT2 e2e8=fff8
[M8T] OUT2 e2e8=0007
[M8T] OUT2 e2e8=fe06
[M8T] OUT2 e2e8=fff8
[M8T] OUT2 e2e8=ffff
[M8T] OUT2 e2e8=00ff
[M8T] OUT2 e2e8=0606
*** 1 repeats ***
[M8T] OUT2 e2e8=fff8
[M8T] OUT2 e2e8=f807
[M8T] OUT2 e2e8=00f8
[M8T] OUT2 e2e8=0606
*** 4 repeats ***
[M8T] OUT2 e2e8=fff8
[M8T] OUT2 e2e8=0007
[M8T] OUT2 e2e8=fe06
[M8T] OUT2 e2e8=0000
*** 2 repeats ***
[M8T] OUT2 e2e8=0606
*** 1 repeats ***
[M8T] OUT2 e2e8=fff8
[M8T] OUT2 e2e8=f807
[M8T] OUT2 e2e8=00f8
[M8T] OUT2 e2e8=0606
*** 4 repeats ***
[M8T] OUT2 e2e8=fff8
[M8T] OUT2 e2e8=0007
[M8T] OUT2 e2e8=0606
*** 5 repeats ***
[M8T] OUT2 e2e8=fff8
[M8T] OUT2 e2e8=f807
[M8T] OUT2 e2e8=00f8
[M8T] OUT2 e2e8=0606
*** 4 repeats ***
[M8T] OUT2 e2e8=fff8
[M8T] OUT2 e2e8=0007
[M8T] OUT2 e2e8=0000
*** 5 repeats ***
[M8T] OUT2 e2e8=fff8
[M8T] OUT2 e2e8=f807
[M8T] OUT2 e2e8=00f8
[M8T] OUT2 e2e8=0606
*** 4 repeats ***
[M8T] OUT2 e2e8=fff8
[M8T] OUT2 e2e8=f807
[M8T] OUT2 e2e8=f8f8
*** 5 repeats ***
[M8T] OUT2 e2e8=fff8
[M8T] OUT2 e2e8=f807
[M8T] OUT2 e2e8=00f8
[M8T] OUT2 e2e8=0606
*** 4 repeats ***
[M8T] OUT2 e2e8=fff8
[M8T] OUT2 e2e8=0707
*** 7 repeats ***
[M8T] OUT2 e2e8=f807
[M8T] OUT2 e2e8=00f8
[M8T] OUT2 e2e8=0606
*** 4 repeats ***
[M8T] OUT2 e2e8=f806
[M8T] OUT2 e2e8=ffff
*** 7 repeats ***
[M8T] OUT2 e2e8=f8ff
[M8T] OUT2 e2e8=00f8
[M8T] OUT2 e2e8=0606
*** 5 repeats ***
[M8T] OUT2 e2e8=07f8
[M8T] OUT2 e2e8=0707
*** 6 repeats ***
[M8T] OUT2 e2e8=ff07
[M8T] OUT2 e2e8=00f8
[M8T] OUT2 e2e8=0606
*** 5 repeats ***
[M8T] OUT2 e2e8=f806
[M8T] OUT2 e2e8=f8f8
*** 7 repeats ***
[M8T] OUT2 e2e8=06f8
[M8T] OUT2 e2e8=0606
*** 1 repeats ***
[M8B] end cur=29,2
[M8T] IN2 9aee=0000
[M8T] IN2 9aee=8000
[M8T] IN2 9aee=0000
[M8T] OUT2 daee=0000
[M8T] OUT2 e2ee=05ff
[M8T] IN2 9aee=c000
[M8T] IN2 9aee=0000
[M8T] OUT2 daee=000c
[M8T] OUT2 deee=0027
[M8T] OUT2 e2ee=004d
[M8T] OUT2 e6ee=002b
[M8T] IN2 9aee=f000
[M8T] IN2 9aee=0000
[M8T] OUT2 a6e8=0006
[M8T] IN2 9aee=e000
[M8T] IN2 9aee=0000
[M8T] OUT2 86e8=000c
[M8T] OUT2 82e8=0027
[M8B] start cur=12,39 dyend=52 dpc=2211 dpitch=1024 doff=0 clip 12,39-77,43 compat=0
[M8B] end cur=12,52
[M8T] IN2 9aee=0000
[M8T] OUT2 a6e8=ffff
[M8T] IN2 9aee=f800
[M8T] IN2 9aee=0000
[M8T] OUT2 86e8=000f
[M8T] OUT2 82e8=0029
[M8B] start cur=15,41 dyend=50 dpc=3251 dpitch=1024 doff=0 clip 12,39-77,43 compat=0
[M8T] OUT2 e2e8=0783
[M8T] OUT2 e2e8=3a1e
[M8T] OUT2 e2e8=64b5
[M8T] OUT2 e2e8=82c9
[M8T] OUT2 86e8=0017
[M8T] OUT2 82e8=002c
[M8B] start cur=23,44 dyend=52 dpc=3251 dpitch=1024 doff=0 clip 12,39-77,43 compat=0
[M8T] OUT2 e2e8=524a
[M8T] OUT2 e2e8=1093
[M8T] IN2 9aee=0000
[M8T] OUT2 e2e8=0098
[M8T] OUT2 e2e8=0000
[M8T] OUT2 86e8=0020
[M8T] OUT2 82e8=0029
[M8B] start cur=32,41 dyend=50 dpc=3251 dpitch=1024 doff=0 clip 12,39-77,43 compat=0
[M8T] OUT2 e2e8=187a
[M8T] OUT2 e2e8=8220
[M8T] OUT2 e2e8=2108
[M8T] OUT2 e2e8=0078
[M8T] OUT2 86e8=0027
[M8T] OUT2 82e8=002c
[M8B] start cur=39,44 dyend=50 dpc=3251 dpitch=1024 doff=0 clip 12,39-77,43 compat=0
[M8T] IN2 9aee=0000
[M8T] OUT2 e2e8=6374
[M8T] OUT2 e2e8=b818
[M8T] OUT2 86e8=002d
[M8T] OUT2 82e8=002c
[M8B] start cur=45,44 dyend=50 dpc=3251 dpitch=1024 doff=0 clip 12,39-77,43 compat=0
[M8T] OUT2 e2e8=26ed
[M8T] OUT2 e2e8=994c
[M8T] OUT2 e2e8=4032
[M8T] OUT2 e2e8=0000
[M8T] OUT2 86e8=0035
[M8T] OUT2 82e8=002c
[M8B] start cur=53,44 dyend=52 dpc=3251 dpitch=1024 doff=0 clip 12,39-77,43 compat=0
[M8T] IN2 9aee=0000
[M8T] OUT2 e2e8=63f4
[M8T] OUT2 e2e8=fa18
[M8T] OUT2 e2e8=0010
[M8T] OUT2 e2e8=0000
[M8T] OUT2 86e8=003b
[M8T] OUT2 82e8=002c
[M8B] start cur=59,44 dyend=50 dpc=3251 dpitch=1024 doff=0 clip 12,39-77,43 compat=0
[M8T] OUT2 e2e8=638c
[M8T] OUT2 e2e8=b419
[M8T] OUT2 86e8=0041
[M8T] OUT2 82e8=002a
[M8B] start cur=65,42 dyend=50 dpc=3251 dpitch=1024 doff=0 clip 12,39-77,43 compat=0
[M8T] IN2 9aee=0000
[M8T] OUT2 e2e8=a9ae
[M8T] OUT2 e2e8=0000
[M8T] OUT2 86e8=0044
[M8T] OUT2 82e8=002c
[M8B] start cur=68,44 dyend=50 dpc=3251 dpitch=1024 doff=0 clip 12,39-77,43 compat=0
[M8T] OUT2 e2e8=7f74
[M8T] OUT2 e2e8=b808
[M8T] OUT2 86e8=004a
[M8T] OUT2 82e8=002c
[M8B] start cur=74,44 dyend=50 dpc=3251 dpitch=1024 doff=0 clip 12,39-77,43 compat=0
[M8T] OUT2 e2e8=a0ea
[M8T] OUT2 e2e8=0000
[M8T] IN2 9aee=8000
[M8T] IN2 9aee=0000
[M8T] OUT2 daee=0000
[M8T] OUT2 deee=0000
[M8T] OUT2 e2ee=05ff
[M8T] OUT2 e6ee=05ff
[M8T] IN2 9aee=f000
[M8T] IN2 9aee=0000
[M8T] OUT2 daee=000c
[M8T] OUT2 deee=002c
[M8T] OUT2 e2ee=002b
[M8T] OUT2 e6ee=0033
[M8T] IN2 9aee=f000
[M8T] IN2 9aee=0000
[M8T] OUT2 a6e8=0006
[M8T] IN2 9aee=e000
[M8T] IN2 9aee=0000
[M8T] OUT2 86e8=000c
[M8T] OUT2 82e8=0027
[M8B] start cur=12,39 dyend=52 dpc=2211 dpitch=1024 doff=0 clip 12,44-43,51 compat=0
[M8B] end cur=12,52
[M8T] IN2 9aee=0000
[M8T] OUT2 a6e8=ffff
[M8T] IN2 9aee=f800
[M8T] IN2 9aee=0000
[M8T] OUT2 86e8=000f
[M8T] OUT2 82e8=0029
[M8B] start cur=15,41 dyend=50 dpc=3251 dpitch=1024 doff=0 clip 12,44-43,51 compat=0
[M8T] OUT2 e2e8=0783
[M8T] OUT2 e2e8=3a1e
[M8T] OUT2 e2e8=64b5
[M8T] OUT2 e2e8=82c9
[M8T] OUT2 86e8=0017
[M8T] OUT2 82e8=002c
[M8B] start cur=23,44 dyend=52 dpc=3251 dpitch=1024 doff=0 clip 12,44-43,51 compat=0
[M8T] OUT2 e2e8=524a
[M8T] OUT2 e2e8=1093
[M8T] IN2 9aee=0000
[M8T] OUT2 e2e8=0098
[M8T] OUT2 e2e8=0000
[M8T] OUT2 86e8=0020
[M8T] OUT2 82e8=0029
[M8B] start cur=32,41 dyend=50 dpc=3251 dpitch=1024 doff=0 clip 12,44-43,51 compat=0
[M8T] OUT2 e2e8=187a
[M8T] OUT2 e2e8=8220
[M8T] OUT2 e2e8=2108
[M8T] OUT2 e2e8=0078
[M8T] OUT2 86e8=0027
[M8T] OUT2 82e8=002c
[M8B] start cur=39,44 dyend=50 dpc=3251 dpitch=1024 doff=0 clip 12,44-43,51 compat=0
[M8T] IN2 9aee=0000
[M8T] OUT2 e2e8=6374
[M8T] OUT2 e2e8=b818
[M8T] OUT2 86e8=002d
[M8T] OUT2 82e8=002c
[M8B] start cur=45,44 dyend=50 dpc=3251 dpitch=1024 doff=0 clip 12,44-43,51 compat=0
[M8T] OUT2 e2e8=26ed
[M8T] OUT2 e2e8=994c
[M8T] OUT2 e2e8=4032
[M8T] OUT2 e2e8=0000
[M8T] OUT2 86e8=0035
[M8T] OUT2 82e8=002c
[M8B] start cur=53,44 dyend=52 dpc=3251 dpitch=1024 doff=0 clip 12,44-43,51 compat=0
[M8T] IN2 9aee=0000
[M8T] OUT2 e2e8=63f4
[M8T] OUT2 e2e8=fa18
[M8T] OUT2 e2e8=0010
[M8T] OUT2 e2e8=0000
[M8T] OUT2 86e8=003b
[M8T] OUT2 82e8=002c
[M8B] start cur=59,44 dyend=50 dpc=3251 dpitch=1024 doff=0 clip 12,44-43,51 compat=0
[M8T] OUT2 e2e8=638c
[M8T] OUT2 e2e8=b419
[M8T] OUT2 86e8=0041
[M8T] OUT2 82e8=002a
[M8B] start cur=65,42 dyend=50 dpc=3251 dpitch=1024 doff=0 clip 12,44-43,51 compat=0
[M8T] IN2 9aee=0000
[M8T] OUT2 e2e8=a9ae
[M8T] OUT2 e2e8=0000
[M8T] OUT2 86e8=0044
[M8T] OUT2 82e8=002c
[M8B] start cur=68,44 dyend=50 dpc=3251 dpitch=1024 doff=0 clip 12,44-43,51 compat=0
[M8T] OUT2 e2e8=7f74
[M8T] OUT2 e2e8=b808
[M8T] OUT2 86e8=004a
[M8T] OUT2 82e8=002c
[M8B] start cur=74,44 dyend=50 dpc=3251 dpitch=1024 doff=0 clip 12,44-43,51 compat=0
[M8T] OUT2 e2e8=a0ea
[M8T] OUT2 e2e8=0000
[M8T] IN2 9aee=8000
[M8T] IN2 9aee=0000
[M8T] OUT2 daee=0000
[M8T] OUT2 deee=0000
[M8T] OUT2 e2ee=05ff
[M8T] OUT2 e6ee=05ff
[M8T] IN2 9aee=f000
[M8T] IN2 9aee=0000
[M8T] OUT2 daee=0000
[M8T] OUT2 deee=0000
[M8T] OUT2 e2ee=03ff
[M8T] OUT2 e6ee=02ff
[M8T] IN2 9aee=fc00
[M8T] IN2 9aee=0000
[M8T] OUT2 8ee8=0010
[M8T] OUT2 8ae8=0300
[M8T] OUT2 86e8=0200
[M8T] OUT2 82e8=0180
[M8B] start cur=512,384 dyend=416 dpc=6211 dpitch=1024 doff=0 clip 0,0-1023,767 compat=0
[M8B] end cur=512,416
[M8T] OUT2 e2ee=05ff
[M8T] OUT2 e6ee=05ff
[M8T] IN2 9aee=c000
[M8T] IN2 9aee=0000
[M8T] IN2 9aee=e000
[M8T] IN2 9aee=0000
[M8T] OUT2 86e8=0010
[M8T] OUT2 82e8=0301
[M8B] start cur=16,769 dyend=770 dpc=3251 dpitch=1024 doff=0 clip 0,0-1535,1535 compat=0
[M8T] IN2 9aee=0000
[M8T] OUT2 e2e8=ff7f
[M8T] OUT2 e2e8=ffff
[M8T] OUT2 e2e8=ff3f
[M8T] OUT2 e2e8=ffff
[M8T] OUT2 e2e8=ff1f
[M8T] OUT2 e2e8=ffff
[M8T] OUT2 e2e8=ff0f
[M8T] OUT2 e2e8=ffff
[M8T] OUT2 e2e8=ff07
[M8T] OUT2 e2e8=ffff
[M8T] OUT2 e2e8=ff03
[M8T] OUT2 e2e8=ffff
[M8T] OUT2 e2e8=ff01
[M8T] OUT2 e2e8=ffff
[M8T] OUT2 e2e8=ff00
[M8T] OUT2 e2e8=ffff
[M8T] OUT2 e2e8=7f00
[M8T] OUT2 e2e8=ffff
[M8T] OUT2 e2e8=3f00
[M8T] OUT2 e2e8=ffff
[M8T] OUT2 e2e8=1f00
[M8T] OUT2 e2e8=ffff
[M8T] OUT2 e2e8=ff01
[M8T] OUT2 e2e8=ffff
[M8T] OUT2 e2e8=ff10
[M8T] OUT2 e2e8=ffff
[M8T] OUT2 e2e8=ff30
[M8T] OUT2 e2e8=ffff
[M8T] OUT2 e2e8=7f78
[M8T] OUT2 e2e8=ffff
[M8T] OUT2 e2e8=7ff8
[M8T] OUT2 e2e8=ffff
[M8T] OUT2 e2e8=3ffc
[M8T] OUT2 e2e8=ffff
[M8T] OUT2 e2e8=3ffc
[M8T] OUT2 e2e8=ffff
[M8T] OUT2 e2e8=7ffe
[M8T] OUT2 e2e8=ffff
*** 25 repeats ***
[M8T] IN2 9aee=0000
[M8T] OUT2 86e8=0000
[M8T] OUT2 82e8=0302
[M8T] OUT2 caee=0010
[M8X] scan cur=0,770 to=16 compat=0 dpc=3251 dp_compat=0 frgd_sel=1 bkgd_sel=0 mono=2 fmix=02 cmd_back=0 pixw=1 pitch=1024 off=0 dstp=1024
[M8T] IN2 9aee=0000
[M8T] OUT2 e2e8=ffff
[M8T] IN2 9aee=0000
[M8T] OUT2 86e8=0010
[M8T] OUT2 82e8=0301
[M8B] start cur=16,769 dyend=770 dpc=3251 dpitch=1024 doff=0 clip 0,0-1535,1535 compat=0
[M8T] IN2 9aee=0000
[M8T] OUT2 e2e8=0000
*** 3 repeats ***
[M8T] OUT2 e2e8=0040
[M8T] OUT2 e2e8=0000
[M8T] OUT2 e2e8=0060
[M8T] OUT2 e2e8=0000
[M8T] OUT2 e2e8=0070
[M8T] OUT2 e2e8=0000
[M8T] OUT2 e2e8=0078
[M8T] OUT2 e2e8=0000
[M8T] OUT2 e2e8=007c
[M8T] OUT2 e2e8=0000
[M8T] OUT2 e2e8=007e
[M8T] OUT2 e2e8=0000
[M8T] OUT2 e2e8=007f
[M8T] OUT2 e2e8=0000
[M8T] OUT2 e2e8=807f
[M8T] OUT2 e2e8=0000
[M8T] OUT2 e2e8=007c
[M8T] OUT2 e2e8=0000
[M8T] OUT2 e2e8=006c
[M8T] OUT2 e2e8=0000
[M8T] OUT2 e2e8=0046
[M8T] OUT2 e2e8=0000
[M8T] OUT2 e2e8=0006
[M8T] OUT2 e2e8=0000
[M8T] OUT2 e2e8=0003
[M8T] OUT2 e2e8=0000
[M8T] OUT2 e2e8=0003
[M8T] OUT2 e2e8=0000
[M8T] OUT2 e2e8=8001
[M8T] OUT2 e2e8=0000
[M8T] OUT2 e2e8=8001
[M8T] OUT2 e2e8=0000
*** 27 repeats ***
[M8T] IN2 9aee=0000
[M8T] OUT2 86e8=0000
[M8T] OUT2 82e8=0302
[M8T] OUT2 caee=0010
[M8X] scan cur=0,770 to=16 compat=0 dpc=3251 dp_compat=0 frgd_sel=1 bkgd_sel=0 mono=2 fmix=02 cmd_back=0 pixw=1 pitch=1024 off=0 dstp=1024
[M8T] IN2 9aee=0000
[M8T] OUT2 e2e8=0000
[M8T] IN2 9aee=0000
[M8T] IN2 9aee=8000
[M8T] IN2 9aee=0000
[M8T] OUT2 8ee8=0200
[M8T] OUT2 8ae8=0180
[M8T] IN2 9aee=fe00
[M8T] IN2 9aee=0000
[M8T] OUT2 86e8=0010
[M8T] OUT2 82e8=0300
[M8B] start cur=16,768 dyend=769 dpc=6211 dpitch=1024 doff=0 clip 0,0-1535,1535 compat=0
[M8B] end cur=0,769
[M8T] IN2 9aee=0000
[M8T] OUT2 8ae8=019f
[M8T] OUT2 8ee8=0210
[M8T] IN2 9aee=f000
[M8T] IN2 9aee=0000
[M8T] OUT2 86e8=0000
[M8T] OUT2 82e8=0301
[M8T] OUT2 caee=0010
[M8X] scan cur=0,769 to=16 compat=0 dpc=6211 dp_compat=0 frgd_sel=3 bkgd_sel=0 mono=0 fmix=07 cmd_back=1 pixw=1 pitch=1024 off=0 dstp=1024
[M8Y] count=-1 width=16 dx=0 dy=769 dest=0c0400 clip l=0 t=0 r=1535 b=1535 cmp=0 fc=000000ff wm=000000ff
[M8T] IN2 9aee=0000
[M8T] OUT2 daee=0000
[M8T] OUT2 deee=0000
[M8T] OUT2 e2ee=03ff
[M8T] OUT2 e6ee=02ff
[M8T] OUT2 a6e8=ffff
[M8T] IN2 9aee=ff00
[M8T] IN2 9aee=0000
[M8T] OUT2 8ae8=0301
[M8T] OUT2 8ee8=0010
[M8T] OUT2 82e8=0180
[M8T] OUT2 86e8=0200
[M8B] start cur=512,384 dyend=416 dpc=2071 dpitch=1024 doff=0 clip 0,0-1023,767 compat=0
[M8T] IN2 9aee=0000
[M8T] OUT2 8ae8=0301
[M8T] OUT2 8ee8=0010
[M8T] OUT2 82e8=0180
[M8T] OUT2 86e8=0200
[M8B] start cur=512,384 dyend=416 dpc=2071 dpitch=1024 doff=0 clip 0,0-1023,767 compat=0
[M8T] OUT2 e2ee=05ff
[M8T] OUT2 e6ee=05ff
[M8T] IN2 9aee=c000
[M8T] IN2 9aee=0000
[M8T] OUT2 daee=03d4
[M8T] OUT2 deee=02ea
[M8T] OUT2 e2ee=03fc
[M8T] OUT2 e6ee=02fc
[M8T] IN2 9aee=f000
[M8T] IN2 9aee=0000
[M8T] OUT2 a6e8=0007
[M8T] IN2 9aee=e000
[M8T] IN2 9aee=0000
[M8T] OUT2 86e8=03d4
[M8T] OUT2 82e8=02ea
[M8B] start cur=980,746 dyend=766 dpc=2211 dpitch=1024 doff=0 clip 980,746-1020,764 compat=0
[M8B] end cur=980,766
[M8T] IN2 9aee=0000
[M8T] OUT2 a6e8=0000
[M8T] IN2 9aee=f800
[M8T] IN2 9aee=0000
[M8T] OUT2 86e8=03dc
[M8T] OUT2 82e8=02ef
[M8B] start cur=988,751 dyend=760 dpc=3251 dpitch=1024 doff=0 clip 980,746-1020,764 compat=0
[M8T] OUT2 e2e8=6374
[M8T] OUT2 e2e8=c618
[M8T] OUT2 e2e8=7031
[M8T] OUT2 e2e8=0000
[M8T] OUT2 86e8=03e2
[M8T] OUT2 82e8=02ef
[M8B] start cur=994,751 dyend=760 dpc=3251 dpitch=1024 doff=0 clip 980,746-1020,764 compat=0
[M8T] OUT2 e2e8=6374
[M8T] OUT2 e2e8=c618
[M8T] IN2 9aee=0000
[M8T] OUT2 e2e8=7031
[M8T] OUT2 e2e8=0000
[M8T] OUT2 86e8=03e8
[M8T] OUT2 82e8=02f2
[M8B] start cur=1000,754 dyend=760 dpc=3251 dpitch=1024 doff=0 clip 980,746-1020,764 compat=0
[M8T] OUT2 e2e8=0084
[M8T] OUT2 e2e8=0000
[M8T] OUT2 86e8=03eb
[M8T] OUT2 82e8=02ef
[M8B] start cur=1003,751 dyend=760 dpc=3251 dpitch=1024 doff=0 clip 980,746-1020,764 compat=0
[M8T] OUT2 e2e8=6374
[M8T] OUT2 e2e8=c618
[M8T] IN2 9aee=0000
[M8T] OUT2 e2e8=7031
[M8T] OUT2 e2e8=0000
[M8T] OUT2 86e8=03f1
[M8T] OUT2 82e8=02ef
[M8B] start cur=1009,751 dyend=760 dpc=3251 dpitch=1024 doff=0 clip 980,746-1020,764 compat=0
[M8T] OUT2 e2e8=6374
[M8T] OUT2 e2e8=c618
[M8T] OUT2 e2e8=7031
[M8T] OUT2 e2e8=0000
[M8T] IN2 9aee=8000
[M8T] IN2 9aee=0000
[M8T] OUT2 daee=0000
[M8T] OUT2 deee=0000
[M8T] OUT2 e2ee=05ff
[M8T] OUT2 e6ee=05ff
[M8T] IN2 9aee=f000
[M8T] IN2 9aee=0000
[M8T] IN2 9ae8=0000
[M8T] OUT2 daee=003e
[M8T] OUT2 e2ee=004f
[M8T] OUT2 86e8=003e
[M8T] OUT2 82e8=02ea
[M8B] start cur=62,746 dyend=764 dpc=5211 dpitch=1024 doff=0 clip 62,0-79,1535 compat=0
[M8T] OUT2 e2e8=0707
*** 9 repeats ***
[M8T] OUT2 e2e8=0007
[M8T] OUT2 e2e8=0000
[M8T] OUT2 e2e8=0707
[M8T] OUT2 e2e8=0000
*** 3 repeats ***
[M8T] OUT2 e2e8=0707
*** 1 repeats ***
[M8T] OUT2 e2e8=0007
[M8T] OUT2 e2e8=00f7
[M8T] OUT2 e2e8=0007
[M8T] OUT2 e2e8=f7f8
[M8T] OUT2 e2e8=0000
[M8T] OUT2 e2e8=00f8
[M8T] OUT2 e2e8=f700
[M8T] OUT2 e2e8=0700
[M8T] OUT2 e2e8=0707
[M8T] OUT2 e2e8=0007
[M8T] OUT2 e2e8=f8f8
[M8T] OUT2 e2e8=0000
[M8T] OUT2 e2e8=f7f7
[M8T] OUT2 e2e8=0000
*** 2 repeats ***
[M8T] OUT2 e2e8=0700
[M8T] OUT2 e2e8=0707
[M8T] OUT2 e2e8=0007
[M8T] OUT2 e2e8=f800
*** 1 repeats ***
[M8T] OUT2 e2e8=f700
[M8T] OUT2 e2e8=0000
*** 1 repeats ***
[M8T] OUT2 e2e8=00f8
[M8T] OUT2 e2e8=0707
*** 1 repeats ***
[M8T] OUT2 e2e8=0007
[M8T] OUT2 e2e8=0000
[M8T] OUT2 e2e8=f8f8
[M8T] OUT2 e2e8=f700
[M8T] OUT2 e2e8=0000
[M8T] OUT2 e2e8=0700
[M8T] OUT2 e2e8=f700
[M8T] OUT2 e2e8=0700
[M8T] OUT2 e2e8=0707
[M8T] OUT2 e2e8=0007
[M8T] OUT2 e2e8=0000
[M8T] OUT2 e2e8=00f8
[M8T] OUT2 e2e8=f700
[M8T] OUT2 e2e8=0000
[M8T] OUT2 e2e8=00f8
[M8T] OUT2 e2e8=f8f8
[M8T] OUT2 e2e8=0700
[M8T] OUT2 e2e8=0707
[M8T] OUT2 e2e8=0100
[M8T] OUT2 e2e8=0101
[M8T] OUT2 e2e8=0001
[M8T] OUT2 e2e8=0404
[M8T] OUT2 e2e8=0004
[M8T] OUT2 e2e8=0303
[M8T] OUT2 e2e8=0003
[M8T] OUT2 e2e8=0700
[M8T] OUT2 e2e8=0707
[M8T] OUT2 e2e8=f900
[M8T] OUT2 e2e8=f9f9
[M8T] OUT2 e2e8=0401
[M8T] OUT2 e2e8=fcfc
[M8T] OUT2 e2e8=0304
[M8T] OUT2 e2e8=fbfb
*** 1 repeats ***
[M8T] OUT2 e2e8=0003
[M8T] OUT2 e2e8=0707
[M8T] OUT2 e2e8=f900
[M8T] OUT2 e2e8=0101
[M8T] OUT2 e2e8=fc00
[M8T] OUT2 e2e8=0000
[M8T] OUT2 e2e8=fb00
[M8T] OUT2 e2e8=0400
[M8T] OUT2 e2e8=0300
[M8T] OUT2 e2e8=0003
[M8T] OUT2 e2e8=0707
[M8T] OUT2 e2e8=f900
[M8T] OUT2 e2e8=0001
[M8T] OUT2 e2e8=0404
[M8T] OUT2 e2e8=0101
[M8T] OUT2 e2e8=fb00
[M8T] OUT2 e2e8=fc00
[M8T] OUT2 e2e8=0000
[M8T] OUT2 e2e8=0700
[M8T] OUT2 e2e8=0707
[M8T] OUT2 e2e8=f900
[M8T] OUT2 e2e8=0701
[M8T] OUT2 e2e8=0404
[M8T] OUT2 e2e8=0101
[M8T] OUT2 e2e8=0007
[M8T] OUT2 e2e8=fc00
[M8T] OUT2 e2e8=0303
[M8T] OUT2 e2e8=0700
[M8T] OUT2 e2e8=0707
[M8T] OUT2 e2e8=f900
[M8T] OUT2 e2e8=0701
[M8T] OUT2 e2e8=0404
[M8T] OUT2 e2e8=0101
[M8T] OUT2 e2e8=0007
[M8T] OUT2 e2e8=fc00
[M8T] OUT2 e2e8=fb00
[M8T] OUT2 e2e8=00fb
[M8T] OUT2 e2e8=0707
[M8T] OUT2 e2e8=f900
[M8T] OUT2 e2e8=0001
[M8T] OUT2 e2e8=0100
[M8T] OUT2 e2e8=00f9
[M8T] OUT2 e2e8=fb00
[M8T] OUT2 e2e8=0003
[M8T] OUT2 e2e8=0300
[M8T] OUT2 e2e8=00fb
[M8T] OUT2 e2e8=0707
[M8T] OUT2 e2e8=f900
[M8T] OUT2 e2e8=f9f9
*** 1 repeats ***
[M8T] OUT2 e2e8=0400
[M8T] OUT2 e2e8=0304
[M8T] OUT2 e2e8=fbfb
*** 1 repeats ***
[M8T] OUT2 e2e8=0003
[M8T] OUT2 e2e8=0707
[M8T] OUT2 e2e8=f900
[M8T] OUT2 e2e8=0101
*** 1 repeats ***
[M8T] OUT2 e2e8=0400
[M8T] OUT2 e2e8=0004
[M8T] OUT2 e2e8=0303
*** 1 repeats ***
[M8T] OUT2 e2e8=0000
[M8T] OUT2 e2e8=0707
[M8T] OUT2 e2e8=0000
*** 6 repeats ***
[M8T] OUT2 e2e8=0700
[M8T] OUT2 e2e8=0707
*** 8 repeats ***
[M8B] end cur=62,764
[M8T] IN2 9aee=0000
[M8T] OUT2 daee=0000
[M8T] OUT2 e2ee=05ff
[M8T] IN2 9aee=c000
[M8T] IN2 9aee=0000
[M8T] OUT2 a6e8=0707
[M8T] OUT2 86e8=0050
[M8T] OUT2 82e8=02ea
[M8B] start cur=80,746 dyend=764 dpc=2211 dpitch=1024 doff=0 clip 0,0-1535,1535 compat=0
[M8B] end cur=80,764
[M8T] IN2 9aee=0000
[M8T] OUT2 daee=0050
[M8T] OUT2 deee=02ea
[M8T] OUT2 e2ee=00d9
[M8T] OUT2 e6ee=02fb
[M8T] IN2 9aee=f000
[M8T] IN2 9aee=0000
[M8T] OUT2 a6e8=0007
[M8T] IN2 9aee=e000
[M8T] IN2 9aee=0000
[M8T] OUT2 86e8=0052
[M8T] OUT2 82e8=02ec
[M8B] start cur=82,748 dyend=761 dpc=2211 dpitch=1024 doff=0 clip 80,746-217,763 compat=0
[M8B] end cur=82,761
[M8T] IN2 9aee=0000
[M8T] OUT2 a6e8=0000
[M8T] IN2 9aee=f800
[M8T] IN2 9aee=0000
[M8T] OUT2 86e8=0052
[M8T] OUT2 82e8=02ee
[M8B] start cur=82,750 dyend=759 dpc=3251 dpitch=1024 doff=0 clip 80,746-217,763 compat=0
[M8T] OUT2 e2e8=3080
[M8T] OUT2 e2e8=1105
[M8T] OUT2 e2e8=2422
[M8T] OUT2 e2e8=5544
[M8T] OUT2 e2e8=a00a
[M8T] OUT2 e2e8=1188
[M8T] OUT2 e2e8=0000
*** 1 repeats ***
[M8T] IN2 9aee=8000
[M8T] IN2 9aee=0000
[M8T] OUT2 86e8=005e
[M8T] OUT2 82e8=02ee
[M8B] start cur=94,750 dyend=759 dpc=3251 dpitch=1024 doff=0 clip 80,746-217,763 compat=0
[M8T] OUT2 e2e8=18fa
[M8T] OUT2 e2e8=fa61
[M8T] OUT2 e2e8=6118
[M8T] OUT2 e2e8=0084
[M8T] OUT2 86e8=0066
[M8T] OUT2 82e8=02ee
[M8B] start cur=102,750 dyend=759 dpc=3251 dpitch=1024 doff=0 clip 80,746-217,763 compat=0
[M8T] OUT2 e2e8=08f9
[M8T] OUT2 e2e8=1042
[M8T] IN2 9aee=0000
[M8T] OUT2 e2e8=2084
[M8T] OUT2 e2e8=0000
[M8T] OUT2 86e8=006d
[M8T] OUT2 82e8=02ee
[M8B] start cur=109,750 dyend=759 dpc=3251 dpitch=1024 doff=0 clip 80,746-217,763 compat=0
[M8T] OUT2 e2e8=21fc
[M8T] OUT2 e2e8=420f
[M8T] OUT2 e2e8=f810
[M8T] OUT2 e2e8=0000
[M8T] OUT2 86e8=0074
[M8T] OUT2 82e8=02ee
[M8B] start cur=116,750 dyend=759 dpc=3251 dpitch=1024 doff=0 clip 80,746-217,763 compat=0
[M8T] IN2 9aee=0000
[M8T] OUT2 e2e8=6174
[M8T] OUT2 e2e8=0407
[M8T] OUT2 e2e8=7031
[M8T] OUT2 e2e8=0000
[M8T] OUT2 86e8=007b
[M8T] OUT2 82e8=02ee
[M8B] start cur=123,750 dyend=759 dpc=3251 dpitch=1024 doff=0 clip 80,746-217,763 compat=0
[M8T] OUT2 e2e8=08f9
[M8T] OUT2 e2e8=1042
[M8T] OUT2 e2e8=2084
[M8T] OUT2 e2e8=0000
[M8T] IN2 9aee=8000
[M8T] IN2 9aee=0000
[M8T] OUT2 daee=0000
[M8T] OUT2 deee=0000
[M8T] OUT2 e2ee=05ff
[M8T] OUT2 e6ee=05ff
[M8T] IN2 9aee=f000
[M8T] IN2 9aee=0000
[M8T] OUT2 a6e8=0000
[M8T] OUT2 86e8=00db
[M8T] OUT2 82e8=02e8
[M8B] start cur=219,744 dyend=766 dpc=2211 dpitch=1024 doff=0 clip 0,0-1535,1535 compat=0
[M8B] end cur=219,766
[M8T] IN2 9aee=0000
[M8T] OUT2 a6e8=0000
[M8T] OUT2 86e8=003c
[M8T] OUT2 82e8=02fd
[M8B] start cur=60,765 dyend=766 dpc=2211 dpitch=1024 doff=0 clip 0,0-1535,1535 compat=0
[M8B] end cur=60,766
[M8T] IN2 9aee=0000
[M8T] OUT2 a6e8=ffff
[M8T] OUT2 86e8=003c
[M8T] OUT2 82e8=02e8
[M8B] start cur=60,744 dyend=765 dpc=2211 dpitch=1024 doff=0 clip 0,0-1535,1535 compat=0
[M8B] end cur=60,765
[M8T] IN2 9aee=0000
[M8T] OUT2 a6e8=ffff
[M8T] OUT2 86e8=003d
[M8T] OUT2 82e8=02e8
[M8B] start cur=61,744 dyend=745 dpc=2211 dpitch=1024 doff=0 clip 0,0-1535,1535 compat=0
[M8B] end cur=61,745
[M8T] IN2 9aee=0000
[M8T] OUT2 a6e8=f8f8
[M8T] OUT2 86e8=00da
[M8T] OUT2 82e8=02e9
[M8B] start cur=218,745 dyend=765 dpc=2211 dpitch=1024 doff=0 clip 0,0-1535,1535 compat=0
[M8B] end cur=218,765
[M8T] IN2 9aee=0000
[M8T] OUT2 a6e8=f8f8
[M8T] OUT2 86e8=003d
[M8T] OUT2 82e8=02fc
[M8B] start cur=61,764 dyend=765 dpc=2211 dpitch=1024 doff=0 clip 0,0-1535,1535 compat=0
[M8B] end cur=61,765
[M8T] IN2 9aee=0000
[M8T] OUT2 a6e8=0707
[M8T] OUT2 86e8=003d
[M8T] OUT2 82e8=02e9
[M8B] start cur=61,745 dyend=764 dpc=2211 dpitch=1024 doff=0 clip 0,0-1535,1535 compat=0
[M8B] end cur=61,764
[M8T] IN2 9aee=0000
[M8T] OUT2 a6e8=0707
[M8T] OUT2 86e8=003e
[M8T] OUT2 82e8=02e9
[M8B] start cur=62,745 dyend=746 dpc=2211 dpitch=1024 doff=0 clip 0,0-1535,1535 compat=0
[M8B] end cur=62,746
[M8T] IN2 9aee=0000
[M8T] OUT2 a6e8=ffff
[M8T] OUT2 86e8=0032
[M8T] OUT2 82e8=006b
[M8B] start cur=50,107 dyend=109 dpc=2211 dpitch=1024 doff=0 clip 0,0-1535,1535 compat=0
[M8B] end cur=50,109
[M8T] IN2 9aee=0000
[M8T] OUT2 a6e8=0707
[M8T] OUT2 86e8=0030
[M8T] OUT2 82e8=0042
[M8B] start cur=48,66 dyend=67 dpc=2211 dpitch=1024 doff=0 clip 0,0-1535,1535 compat=0
[M8B] end cur=48,67
[M8T] IN2 9aee=0000
[M8T] OUT2 a6e8=f8f8
[M8T] OUT2 86e8=0042
[M8T] OUT2 82e8=0030
[M8B] start cur=66,48 dyend=66 dpc=2211 dpitch=1024 doff=0 clip 0,0-1535,1535 compat=0
[M8B] end cur=66,66
[M8T] IN2 9aee=0000
[M8T] OUT2 daee=0042
[M8T] OUT2 deee=0030
[M8T] OUT2 e2ee=027d
[M8T] OUT2 e6ee=0041
[M8T] IN2 9aee=f000
[M8T] IN2 9aee=0000
[M8T] OUT2 a6e8=00f8
[M8T] IN2 9aee=e000
[M8T] IN2 9aee=0000
[M8T] OUT2 86e8=0044
[M8T] OUT2 82e8=0032
[M8B] start cur=68,50 dyend=63 dpc=2211 dpitch=1024 doff=0 clip 66,48-637,65 compat=0
[M8B] end cur=68,63
[M8T] IN2 9aee=0000
[M8T] OUT2 a6e8=0007
[M8T] IN2 9aee=f800
[M8T] IN2 9aee=0000
[M8T] OUT2 daee=0000
[M8T] OUT2 deee=0000
[M8T] OUT2 e2ee=05ff
[M8T] OUT2 e6ee=05ff
[M8T] IN2 9aee=f000
[M8T] IN2 9aee=0000
[M8T] OUT2 daee=0042
[M8T] OUT2 deee=0030
[M8T] OUT2 e2ee=027d
[M8T] OUT2 e6ee=0041
[M8T] IN2 9aee=f000
[M8T] IN2 9aee=0000
[M8T] OUT2 a6e8=00f8
[M8T] IN2 9aee=e000
[M8T] IN2 9aee=0000
[M8T] OUT2 86e8=0045
[M8T] OUT2 82e8=0032
[M8B] start cur=69,50 dyend=63 dpc=2211 dpitch=1024 doff=0 clip 66,48-637,65 compat=0
[M8B] end cur=69,63
[M8T] IN2 9aee=0000
[M8T] OUT2 a6e8=0007
[M8T] IN2 9aee=f800
[M8T] IN2 9aee=0000
[M8T] OUT2 86e8=0045
[M8T] OUT2 82e8=0034
[M8B] start cur=69,52 dyend=61 dpc=3251 dpitch=1024 doff=0 clip 66,48-637,65 compat=0
[M8T] IN2 9aee=0000
[M8T] OUT2 e2e8=3080
[M8T] OUT2 e2e8=1105
[M8T] OUT2 e2e8=2422
[M8T] OUT2 e2e8=5544
[M8T] IN2 9aee=0000
[M8T] OUT2 e2e8=a00a
[M8T] OUT2 e2e8=1188
[M8T] OUT2 e2e8=0000
*** 1 repeats ***
[M8T] IN2 9aee=8000
[M8T] IN2 9aee=0000
[M8T] OUT2 86e8=0052
[M8T] OUT2 82e8=0034
[M8B] start cur=82,52 dyend=61 dpc=3251 dpitch=1024 doff=0 clip 66,48-637,65 compat=0
[M8T] IN2 9aee=0000
[M8T] OUT2 e2e8=18fa
[M8T] OUT2 e2e8=fa61
[M8T] OUT2 e2e8=6118
[M8T] OUT2 e2e8=0084
[M8T] IN2 9aee=0000
[M8T] OUT2 86e8=005b
[M8T] OUT2 82e8=0034
[M8B] start cur=91,52 dyend=61 dpc=3251 dpitch=1024 doff=0 clip 66,48-637,65 compat=0
[M8T] IN2 9aee=0000
[M8T] OUT2 e2e8=08f9
[M8T] OUT2 e2e8=1042
[M8T] OUT2 e2e8=2084
[M8T] OUT2 e2e8=0000
[M8T] IN2 9aee=8000
[M8T] IN2 9aee=0000
[M8T] OUT2 86e8=0063
[M8T] OUT2 82e8=0034
[M8B] start cur=99,52 dyend=61 dpc=3251 dpitch=1024 doff=0 clip 66,48-637,65 compat=0
[M8T] IN2 9aee=0000
[M8T] OUT2 e2e8=21fc
[M8T] OUT2 e2e8=420f
[M8T] OUT2 e2e8=f810
[M8T] OUT2 e2e8=0000
[M8T] IN2 9aee=8000
[M8T] IN2 9aee=0000
[M8T] OUT2 86e8=006b
[M8T] OUT2 82e8=0034
[M8B] start cur=107,52 dyend=61 dpc=3251 dpitch=1024 doff=0 clip 66,48-637,65 compat=0
[M8T] IN2 9aee=0000
[M8T] OUT2 e2e8=6174
[M8T] OUT2 e2e8=0407
[M8T] OUT2 e2e8=7031
[M8T] OUT2 e2e8=0000
[M8T] IN2 9aee=8000
[M8T] IN2 9aee=0000
[M8T] OUT2 86e8=0073
[M8T] OUT2 82e8=0034
[M8B] start cur=115,52 dyend=61 dpc=3251 dpitch=1024 doff=0 clip 66,48-637,65 compat=0
[M8T] IN2 9aee=0000
[M8T] OUT2 e2e8=08f9
[M8T] OUT2 e2e8=1042
[M8T] OUT2 e2e8=2084
[M8T] OUT2 e2e8=0000
[M8T] IN2 9aee=8000
[M8T] IN2 9aee=0000
[M8T] OUT2 86e8=007f
[M8T] OUT2 82e8=0039
[M8B] start cur=127,57 dyend=58 dpc=3251 dpitch=1024 doff=0 clip 66,48-637,65 compat=0
[M8T] IN2 9aee=0000
[M8T] OUT2 e2e8=00c0
[M8T] OUT2 e2e8=0000
[M8T] IN2 9aee=8000
[M8T] IN2 9aee=0000
[M8T] OUT2 86e8=0086
[M8T] OUT2 82e8=0034
[M8B] start cur=134,52 dyend=61 dpc=3251 dpitch=1024 doff=0 clip 66,48-637,65 compat=0
[M8T] IN2 9aee=0000
[M8T] OUT2 e2e8=0583
[M8T] OUT2 e2e8=4111
[M8T] OUT2 e2e8=1105
[M8T] OUT2 e2e8=8241
[M8T] IN2 9aee=0000
[M8T] OUT2 86e8=008f
[M8T] OUT2 82e8=0034
[M8B] start cur=143,52 dyend=61 dpc=3251 dpitch=1024 doff=0 clip 66,48-637,65 compat=0
[M8T] IN2 9aee=0000
[M8T] OUT2 e2e8=187a
[M8T] OUT2 e2e8=8220
[M8T] OUT2 e2e8=2108
[M8T] OUT2 e2e8=0078
[M8T] IN2 9aee=0000
[M8T] OUT2 86e8=0097
[M8T] OUT2 82e8=0034
[M8B] start cur=151,52 dyend=61 dpc=3251 dpitch=1024 doff=0 clip 66,48-637,65 compat=0
[M8T] IN2 9aee=0000
[M8T] OUT2 e2e8=187a
[M8T] OUT2 e2e8=8661
[M8T] OUT2 e2e8=6118
[M8T] OUT2 e2e8=0078
[M8T] IN2 9aee=0000
[M8T] OUT2 86e8=00a0
[M8T] OUT2 82e8=0034
[M8B] start cur=160,52 dyend=61 dpc=3251 dpitch=1024 doff=0 clip 66,48-637,65 compat=0
[M8T] IN2 9aee=0000
[M8T] OUT2 e2e8=18fa
[M8T] OUT2 e2e8=fa61
[M8T] OUT2 e2e8=2008
[M8T] OUT2 e2e8=0080
[M8T] IN2 9aee=0000
[M8T] OUT2 86e8=00a7
[M8T] OUT2 82e8=0034
[M8B] start cur=167,52 dyend=61 dpc=3251 dpitch=1024 doff=0 clip 66,48-637,65 compat=0
[M8T] IN2 9aee=0000
[M8T] OUT2 e2e8=0583
[M8T] OUT2 e2e8=4111
[M8T] OUT2 e2e8=0402
[M8T] OUT2 e2e8=1008
[M8T] IN2 9aee=0000
[M8T] OUT2 daee=0000
[M8T] OUT2 deee=0000
[M8T] OUT2 e2ee=05ff
[M8T] OUT2 e6ee=05ff
[M8T] IN2 9aee=f000
[M8T] IN2 9aee=0000
[M8T] OUT2 daee=0042
[M8T] OUT2 deee=0030
[M8T] OUT2 e2ee=027d
[M8T] OUT2 e6ee=0041
[M8T] IN2 9aee=f000
[M8T] IN2 9aee=0000
[M8T] OUT2 a6e8=0007
[M8T] IN2 9aee=f800
[M8T] IN2 9aee=0000
[M8T] OUT2 86e8=0044
[M8T] OUT2 82e8=0034
[M8B] start cur=68,52 dyend=61 dpc=3251 dpitch=1024 doff=0 clip 66,48-637,65 compat=0
[M8T] IN2 9aee=0000
[M8T] OUT2 e2e8=3080
[M8T] OUT2 e2e8=1105
[M8T] OUT2 e2e8=2422
[M8T] OUT2 e2e8=5544
[M8T] IN2 9aee=0000
[M8T] OUT2 e2e8=a00a
[M8T] OUT2 e2e8=1188
[M8T] OUT2 e2e8=0000
*** 1 repeats ***
[M8T] IN2 9aee=8000
[M8T] IN2 9aee=0000
[M8T] OUT2 86e8=0051
[M8T] OUT2 82e8=0034
[M8B] start cur=81,52 dyend=61 dpc=3251 dpitch=1024 doff=0 clip 66,48-637,65 compat=0
[M8T] IN2 9aee=0000
[M8T] OUT2 e2e8=18fa
[M8T] OUT2 e2e8=fa61
[M8T] OUT2 e2e8=6118
[M8T] OUT2 e2e8=0084
[M8T] IN2 9aee=0000
[M8T] OUT2 86e8=005a
[M8T] OUT2 82e8=0034
[M8B] start cur=90,52 dyend=61 dpc=3251 dpitch=1024 doff=0 clip 66,48-637,65 compat=0
[M8T] IN2 9aee=0000
[M8T] OUT2 e2e8=08f9
[M8T] OUT2 e2e8=1042
[M8T] OUT2 e2e8=2084
[M8T] OUT2 e2e8=0000
[M8T] IN2 9aee=8000
[M8T] IN2 9aee=0000
[M8T] OUT2 86e8=0062
[M8T] OUT2 82e8=0034
[M8B] start cur=98,52 dyend=61 dpc=3251 dpitch=1024 doff=0 clip 66,48-637,65 compat=0
[M8T] IN2 9aee=0000
[M8T] OUT2 e2e8=21fc
[M8T] OUT2 e2e8=420f
[M8T] OUT2 e2e8=f810
[M8T] OUT2 e2e8=0000
[M8T] IN2 9aee=8000
[M8T] IN2 9aee=0000
[M8T] OUT2 86e8=006a
[M8T] OUT2 82e8=0034
[M8B] start cur=106,52 dyend=61 dpc=3251 dpitch=1024 doff=0 clip 66,48-637,65 compat=0
[M8T] IN2 9aee=0000
[M8T] OUT2 e2e8=6174
[M8T] OUT2 e2e8=0407
[M8T] OUT2 e2e8=7031
[M8T] OUT2 e2e8=0000
[M8T] IN2 9aee=8000
[M8T] IN2 9aee=0000
[M8T] OUT2 86e8=0072
[M8T] OUT2 82e8=0034
[M8B] start cur=114,52 dyend=61 dpc=3251 dpitch=1024 doff=0 clip 66,48-637,65 compat=0
[M8T] IN2 9aee=0000
[M8T] OUT2 e2e8=08f9
[M8T] OUT2 e2e8=1042
[M8T] OUT2 e2e8=2084
[M8T] OUT2 e2e8=0000
[M8T] IN2 9aee=8000
[M8T] IN2 9aee=0000
[M8T] OUT2 86e8=007e
[M8T] OUT2 82e8=0039
[M8B] start cur=126,57 dyend=58 dpc=3251 dpitch=1024 doff=0 clip 66,48-637,65 compat=0
[M8T] IN2 9aee=0000
[M8T] OUT2 e2e8=00c0
[M8T] OUT2 e2e8=0000
[M8T] IN2 9aee=8000
[M8T] IN2 9aee=0000
[M8T] OUT2 86e8=0085
[M8T] OUT2 82e8=0034
[M8B] start cur=133,52 dyend=61 dpc=3251 dpitch=1024 doff=0 clip 66,48-637,65 compat=0
[M8T] IN2 9aee=0000
[M8T] OUT2 e2e8=0583
[M8T] OUT2 e2e8=4111
[M8T] OUT2 e2e8=1105
[M8T] OUT2 e2e8=8241
[M8T] IN2 9aee=0000
[M8T] OUT2 86e8=008e
[M8T] OUT2 82e8=0034
[M8B] start cur=142,52 dyend=61 dpc=3251 dpitch=1024 doff=0 clip 66,48-637,65 compat=0
[M8T] IN2 9aee=0000
[M8T] OUT2 e2e8=187a
[M8T] OUT2 e2e8=8220
[M8T] OUT2 e2e8=2108
[M8T] OUT2 e2e8=0078
[M8T] IN2 9aee=0000
[M8T] OUT2 86e8=0096
[M8T] OUT2 82e8=0034
[M8B] start cur=150,52 dyend=61 dpc=3251 dpitch=1024 doff=0 clip 66,48-637,65 compat=0
[M8T] IN2 9aee=0000
[M8T] OUT2 e2e8=187a
[M8T] OUT2 e2e8=8661
[M8T] OUT2 e2e8=6118
[M8T] OUT2 e2e8=0078
[M8T] IN2 9aee=0000
[M8T] OUT2 86e8=009f
[M8T] OUT2 82e8=0034
[M8B] start cur=159,52 dyend=61 dpc=3251 dpitch=1024 doff=0 clip 66,48-637,65 compat=0
[M8T] IN2 9aee=0000
[M8T] OUT2 e2e8=18fa
[M8T] OUT2 e2e8=fa61
[M8T] OUT2 e2e8=2008
[M8T] OUT2 e2e8=0080
[M8T] IN2 9aee=0000
[M8T] OUT2 86e8=00a6
[M8T] OUT2 82e8=0034
[M8B] start cur=166,52 dyend=61 dpc=3251 dpitch=1024 doff=0 clip 66,48-637,65 compat=0
[M8T] IN2 9aee=0000
[M8T] OUT2 e2e8=0583
[M8T] OUT2 e2e8=4111
[M8T] OUT2 e2e8=0402
[M8T] OUT2 e2e8=1008
[M8T] IN2 9aee=0000
[M8T] OUT2 daee=0000
[M8T] OUT2 deee=0000
[M8T] OUT2 e2ee=05ff
[M8T] OUT2 e6ee=05ff
[M8T] IN2 9aee=f000
[M8T] IN2 9aee=0000
[M8T] IN2 9ae8=0000
[M8T] OUT2 daee=003e
[M8T] OUT2 e2ee=004f
[M8T] OUT2 86e8=003e
[M8T] OUT2 82e8=02ea
[M8B] start cur=62,746 dyend=764 dpc=5211 dpitch=1024 doff=0 clip 62,0-79,1535 compat=0
[M8T] OUT2 e2e8=0707
*** 9 repeats ***
[M8T] OUT2 e2e8=0007
[M8T] OUT2 e2e8=0000
[M8T] OUT2 e2e8=0707
[M8T] OUT2 e2e8=0000
*** 3 repeats ***
[M8T] OUT2 e2e8=0707
*** 1 repeats ***
[M8T] OUT2 e2e8=0007
[M8T] OUT2 e2e8=00f7
[M8T] OUT2 e2e8=0007
[M8T] OUT2 e2e8=f7f8
[M8T] OUT2 e2e8=0000
[M8T] OUT2 e2e8=00f8
[M8T] OUT2 e2e8=f700
[M8T] OUT2 e2e8=0700
[M8T] OUT2 e2e8=0707
[M8T] OUT2 e2e8=0007
[M8T] OUT2 e2e8=f8f8
[M8T] OUT2 e2e8=0000
[M8T] OUT2 e2e8=f7f7
[M8T] OUT2 e2e8=0000
*** 2 repeats ***
[M8T] OUT2 e2e8=0700
[M8T] OUT2 e2e8=0707
[M8T] OUT2 e2e8=0007
[M8T] OUT2 e2e8=f800
*** 1 repeats ***
[M8T] OUT2 e2e8=f700
[M8T] OUT2 e2e8=0000
*** 1 repeats ***
[M8T] OUT2 e2e8=00f8
[M8T] OUT2 e2e8=0707
*** 1 repeats ***
[M8T] OUT2 e2e8=0007
[M8T] OUT2 e2e8=0000
[M8T] OUT2 e2e8=f8f8
[M8T] OUT2 e2e8=f700
[M8T] OUT2 e2e8=0000
[M8T] OUT2 e2e8=0700
[M8T] OUT2 e2e8=f700
[M8T] OUT2 e2e8=0700
[M8T] OUT2 e2e8=0707
[M8T] OUT2 e2e8=0007
[M8T] OUT2 e2e8=0000
[M8T] OUT2 e2e8=00f8
[M8T] OUT2 e2e8=f700
[M8T] OUT2 e2e8=0000
[M8T] OUT2 e2e8=00f8
[M8T] OUT2 e2e8=f8f8
[M8T] OUT2 e2e8=0700
[M8T] OUT2 e2e8=0707
[M8T] OUT2 e2e8=0100
[M8T] OUT2 e2e8=0101
[M8T] OUT2 e2e8=0001
[M8T] OUT2 e2e8=0404
[M8T] OUT2 e2e8=0004
[M8T] OUT2 e2e8=0303
[M8T] OUT2 e2e8=0003
[M8T] OUT2 e2e8=0700
[M8T] OUT2 e2e8=0707
[M8T] OUT2 e2e8=f900
[M8T] OUT2 e2e8=f9f9
[M8T] OUT2 e2e8=0401
[M8T] OUT2 e2e8=fcfc
[M8T] OUT2 e2e8=0304
[M8T] OUT2 e2e8=fbfb
*** 1 repeats ***
[M8T] OUT2 e2e8=0003
[M8T] OUT2 e2e8=0707
[M8T] OUT2 e2e8=f900
[M8T] OUT2 e2e8=0101
[M8T] OUT2 e2e8=fc00
[M8T] OUT2 e2e8=0000
[M8T] OUT2 e2e8=fb00
[M8T] OUT2 e2e8=0400
[M8T] OUT2 e2e8=0300
[M8T] OUT2 e2e8=0003
[M8T] OUT2 e2e8=0707
[M8T] OUT2 e2e8=f900
[M8T] OUT2 e2e8=0001
[M8T] OUT2 e2e8=0404
[M8T] OUT2 e2e8=0101
[M8T] OUT2 e2e8=fb00
[M8T] OUT2 e2e8=fc00
[M8T] OUT2 e2e8=0000
[M8T] OUT2 e2e8=0700
[M8T] OUT2 e2e8=0707
[M8T] OUT2 e2e8=f900
[M8T] OUT2 e2e8=0701
[M8T] OUT2 e2e8=0404
[M8T] OUT2 e2e8=0101
[M8T] OUT2 e2e8=0007
[M8T] OUT2 e2e8=fc00
[M8T] OUT2 e2e8=0303
[M8T] OUT2 e2e8=0700
[M8T] OUT2 e2e8=0707
[M8T] OUT2 e2e8=f900
[M8T] OUT2 e2e8=0701
[M8T] OUT2 e2e8=0404
[M8T] OUT2 e2e8=0101
[M8T] OUT2 e2e8=0007
[M8T] OUT2 e2e8=fc00
[M8T] OUT2 e2e8=fb00
[M8T] OUT2 e2e8=00fb
[M8T] OUT2 e2e8=0707
[M8T] OUT2 e2e8=f900
[M8T] OUT2 e2e8=0001
[M8T] OUT2 e2e8=0100
[M8T] OUT2 e2e8=00f9
[M8T] OUT2 e2e8=fb00
[M8T] OUT2 e2e8=0003
[M8T] OUT2 e2e8=0300
[M8T] OUT2 e2e8=00fb
[M8T] OUT2 e2e8=0707
[M8T] OUT2 e2e8=f900
[M8T] OUT2 e2e8=f9f9
*** 1 repeats ***
[M8T] OUT2 e2e8=0400
[M8T] OUT2 e2e8=0304
[M8T] OUT2 e2e8=fbfb
*** 1 repeats ***
[M8T] OUT2 e2e8=0003
[M8T] OUT2 e2e8=0707
[M8T] OUT2 e2e8=f900
[M8T] OUT2 e2e8=0101
*** 1 repeats ***
[M8T] OUT2 e2e8=0400
[M8T] OUT2 e2e8=0004
[M8T] OUT2 e2e8=0303
*** 1 repeats ***
[M8T] OUT2 e2e8=0000
[M8T] OUT2 e2e8=0707
[M8T] OUT2 e2e8=0000
*** 6 repeats ***
[M8T] OUT2 e2e8=0700
[M8T] OUT2 e2e8=0707
*** 8 repeats ***
[M8B] end cur=62,764
[M8T] IN2 9aee=0000
[M8T] OUT2 daee=0000
[M8T] OUT2 e2ee=05ff
[M8T] IN2 9aee=c000
[M8T] IN2 9aee=0000
[M8T] OUT2 a6e8=0707
[M8T] OUT2 86e8=0050
[M8T] OUT2 82e8=02ea
[M8B] start cur=80,746 dyend=764 dpc=2211 dpitch=1024 doff=0 clip 0,0-1535,1535 compat=0
[M8B] end cur=80,764
[M8T] IN2 9aee=0000
[M8T] OUT2 daee=0050
[M8T] OUT2 deee=02ea
[M8T] OUT2 e2ee=00d9
[M8T] OUT2 e6ee=02fb
[M8T] IN2 9aee=f000
[M8T] IN2 9aee=0000
[M8T] OUT2 a6e8=0007
[M8T] IN2 9aee=e000
[M8T] IN2 9aee=0000
[M8T] OUT2 86e8=0052
[M8T] OUT2 82e8=02ec
[M8B] start cur=82,748 dyend=761 dpc=2211 dpitch=1024 doff=0 clip 80,746-217,763 compat=0
[M8B] end cur=82,761
[M8T] IN2 9aee=0000
[M8T] OUT2 a6e8=0000
[M8T] IN2 9aee=f800
[M8T] IN2 9aee=0000
[M8T] OUT2 86e8=0052
[M8T] OUT2 82e8=02ee
[M8B] start cur=82,750 dyend=759 dpc=3251 dpitch=1024 doff=0 clip 80,746-217,763 compat=0
[M8T] OUT2 e2e8=3080
[M8T] OUT2 e2e8=1105
[M8T] OUT2 e2e8=2422
[M8T] OUT2 e2e8=5544
[M8T] OUT2 e2e8=a00a
[M8T] OUT2 e2e8=1188
[M8T] OUT2 e2e8=0000
*** 1 repeats ***
[M8T] IN2 9aee=8000
[M8T] IN2 9aee=0000
[M8T] OUT2 86e8=005e
[M8T] OUT2 82e8=02ee
[M8B] start cur=94,750 dyend=759 dpc=3251 dpitch=1024 doff=0 clip 80,746-217,763 compat=0
[M8T] OUT2 e2e8=18fa
[M8T] OUT2 e2e8=fa61
[M8T] OUT2 e2e8=6118
[M8T] OUT2 e2e8=0084
[M8T] OUT2 86e8=0066
[M8T] OUT2 82e8=02ee
[M8B] start cur=102,750 dyend=759 dpc=3251 dpitch=1024 doff=0 clip 80,746-217,763 compat=0
[M8T] OUT2 e2e8=08f9
[M8T] OUT2 e2e8=1042
[M8T] IN2 9aee=0000
[M8T] OUT2 e2e8=2084
[M8T] OUT2 e2e8=0000
[M8T] OUT2 86e8=006d
[M8T] OUT2 82e8=02ee
[M8B] start cur=109,750 dyend=759 dpc=3251 dpitch=1024 doff=0 clip 80,746-217,763 compat=0
[M8T] OUT2 e2e8=21fc
[M8T] OUT2 e2e8=420f
[M8T] OUT2 e2e8=f810
[M8T] OUT2 e2e8=0000
[M8T] OUT2 86e8=0074
[M8T] OUT2 82e8=02ee
[M8B] start cur=116,750 dyend=759 dpc=3251 dpitch=1024 doff=0 clip 80,746-217,763 compat=0
[M8T] IN2 9aee=0000
[M8T] OUT2 e2e8=6174
[M8T] OUT2 e2e8=0407
[M8T] OUT2 e2e8=7031
[M8T] OUT2 e2e8=0000
[M8T] OUT2 86e8=007b
[M8T] OUT2 82e8=02ee
[M8B] start cur=123,750 dyend=759 dpc=3251 dpitch=1024 doff=0 clip 80,746-217,763 compat=0
[M8T] OUT2 e2e8=08f9
[M8T] OUT2 e2e8=1042
[M8T] OUT2 e2e8=2084
[M8T] OUT2 e2e8=0000
[M8T] IN2 9aee=8000
[M8T] IN2 9aee=0000
[M8T] OUT2 86e8=0085
[M8T] OUT2 82e8=02f3
[M8B] start cur=133,755 dyend=756 dpc=3251 dpitch=1024 doff=0 clip 80,746-217,763 compat=0
[M8T] OUT2 e2e8=00c0
[M8T] OUT2 e2e8=0000
[M8T] OUT2 86e8=008a
[M8T] OUT2 82e8=02ee
[M8B] start cur=138,750 dyend=759 dpc=3251 dpitch=1024 doff=0 clip 80,746-217,763 compat=0
[M8T] OUT2 e2e8=0583
[M8T] OUT2 e2e8=4111
[M8T] OUT2 e2e8=1105
[M8T] OUT2 e2e8=8241
[M8T] IN2 9aee=0000
[M8T] OUT2 86e8=0092
[M8T] OUT2 82e8=02ee
[M8B] start cur=146,750 dyend=759 dpc=3251 dpitch=1024 doff=0 clip 80,746-217,763 compat=0
[M8T] OUT2 e2e8=187a
[M8T] OUT2 e2e8=8220
[M8T] OUT2 e2e8=2108
[M8T] OUT2 e2e8=0078
[M8T] OUT2 86e8=0099
[M8T] OUT2 82e8=02ee
[M8B] start cur=153,750 dyend=759 dpc=3251 dpitch=1024 doff=0 clip 80,746-217,763 compat=0
[M8T] OUT2 e2e8=187a
[M8T] OUT2 e2e8=8661
[M8T] IN2 9aee=0000
[M8T] OUT2 e2e8=6118
[M8T] OUT2 e2e8=0078
[M8T] OUT2 86e8=00a1
[M8T] OUT2 82e8=02ee
[M8B] start cur=161,750 dyend=759 dpc=3251 dpitch=1024 doff=0 clip 80,746-217,763 compat=0
[M8T] OUT2 e2e8=18fa
[M8T] OUT2 e2e8=fa61
[M8T] OUT2 e2e8=2008
[M8T] OUT2 e2e8=0080
[M8T] OUT2 86e8=00a7
[M8T] OUT2 82e8=02ee
[M8B] start cur=167,750 dyend=759 dpc=3251 dpitch=1024 doff=0 clip 80,746-217,763 compat=0
[M8T] IN2 9aee=0000
[M8T] OUT2 e2e8=0583
[M8T] OUT2 e2e8=4111
[M8T] OUT2 e2e8=0402
[M8T] OUT2 e2e8=1008
[M8T] IN2 9aee=0000
[M8T] OUT2 daee=0000
[M8T] OUT2 deee=0000
[M8T] OUT2 e2ee=05ff
[M8T] OUT2 e6ee=05ff
[M8T] IN2 9aee=f000
[M8T] IN2 9aee=0000
[M8T] OUT2 a6e8=0707
[M8T] OUT2 86e8=0030
[M8T] OUT2 82e8=0042
[M8B] start cur=48,66 dyend=67 dpc=2211 dpitch=1024 doff=0 clip 0,0-1535,1535 compat=0
[M8B] end cur=48,67
[M8T] IN2 9aee=0000
[M8T] OUT2 a6e8=f8f8
[M8T] OUT2 86e8=0042
[M8T] OUT2 82e8=0030
[M8B] start cur=66,48 dyend=66 dpc=2211 dpitch=1024 doff=0 clip 0,0-1535,1535 compat=0
[M8B] end cur=66,66
[M8T] IN2 9aee=0000
[M8T] OUT2 daee=0042
[M8T] OUT2 deee=0030
[M8T] OUT2 e2ee=027d
[M8T] OUT2 e6ee=0041
[M8T] IN2 9aee=f000
[M8T] IN2 9aee=0000
[M8T] OUT2 a6e8=00f8
[M8T] IN2 9aee=e000
[M8T] IN2 9aee=0000
[M8T] OUT2 86e8=0044
[M8T] OUT2 82e8=0032
[M8B] start cur=68,50 dyend=63 dpc=2211 dpitch=1024 doff=0 clip 66,48-637,65 compat=0
[M8B] end cur=68,63
[M8T] IN2 9aee=0000
[M8T] OUT2 a6e8=0007
[M8T] IN2 9aee=f800
[M8T] IN2 9aee=0000
[M8T] OUT2 daee=0000
[M8T] OUT2 deee=0000
[M8T] OUT2 e2ee=05ff
[M8T] OUT2 e6ee=05ff
[M8T] IN2 9aee=f000
[M8T] IN2 9aee=0000
[M8T] OUT2 daee=0042
[M8T] OUT2 deee=0030
[M8T] OUT2 e2ee=027d
[M8T] OUT2 e6ee=0041
[M8T] IN2 9aee=f000
[M8T] IN2 9aee=0000
[M8T] OUT2 a6e8=00f8
[M8T] IN2 9aee=e000
[M8T] IN2 9aee=0000
[M8T] OUT2 86e8=0045
[M8T] OUT2 82e8=0032
[M8B] start cur=69,50 dyend=63 dpc=2211 dpitch=1024 doff=0 clip 66,48-637,65 compat=0
[M8B] end cur=69,63
[M8T] IN2 9aee=0000
[M8T] OUT2 a6e8=0007
[M8T] IN2 9aee=f800
[M8T] IN2 9aee=0000
[M8T] OUT2 86e8=0045
[M8T] OUT2 82e8=0034
[M8B] start cur=69,52 dyend=61 dpc=3251 dpitch=1024 doff=0 clip 66,48-637,65 compat=0
[M8T] IN2 9aee=0000
[M8T] OUT2 e2e8=3080
[M8T] OUT2 e2e8=1105
[M8T] OUT2 e2e8=2422
[M8T] OUT2 e2e8=5544
[M8T] IN2 9aee=0000
[M8T] OUT2 e2e8=a00a
[M8T] OUT2 e2e8=1188
[M8T] OUT2 e2e8=0000
*** 1 repeats ***
[M8T] IN2 9aee=8000
[M8T] IN2 9aee=0000
[M8T] OUT2 86e8=0052
[M8T] OUT2 82e8=0034
[M8B] start cur=82,52 dyend=61 dpc=3251 dpitch=1024 doff=0 clip 66,48-637,65 compat=0
[M8T] IN2 9aee=0000
[M8T] OUT2 e2e8=18fa
[M8T] OUT2 e2e8=fa61
[M8T] OUT2 e2e8=6118
[M8T] OUT2 e2e8=0084
[M8T] IN2 9aee=0000
[M8T] OUT2 86e8=005b
[M8T] OUT2 82e8=0034
[M8B] start cur=91,52 dyend=61 dpc=3251 dpitch=1024 doff=0 clip 66,48-637,65 compat=0
[M8T] IN2 9aee=0000
[M8T] OUT2 e2e8=08f9
[M8T] OUT2 e2e8=1042
[M8T] OUT2 e2e8=2084
[M8T] OUT2 e2e8=0000
[M8T] IN2 9aee=8000
[M8T] IN2 9aee=0000
[M8T] OUT2 86e8=0063
[M8T] OUT2 82e8=0034
[M8B] start cur=99,52 dyend=61 dpc=3251 dpitch=1024 doff=0 clip 66,48-637,65 compat=0
[M8T] IN2 9aee=0000
[M8T] OUT2 e2e8=21fc
[M8T] OUT2 e2e8=420f
[M8T] OUT2 e2e8=f810
[M8T] OUT2 e2e8=0000
[M8T] IN2 9aee=8000
[M8T] IN2 9aee=0000
[M8T] OUT2 86e8=006b
[M8T] OUT2 82e8=0034
[M8B] start cur=107,52 dyend=61 dpc=3251 dpitch=1024 doff=0 clip 66,48-637,65 compat=0
[M8T] IN2 9aee=0000
[M8T] OUT2 e2e8=6174
[M8T] OUT2 e2e8=0407
[M8T] OUT2 e2e8=7031
[M8T] OUT2 e2e8=0000
[M8T] IN2 9aee=8000
[M8T] IN2 9aee=0000
[M8T] OUT2 86e8=0073
[M8T] OUT2 82e8=0034
[M8B] start cur=115,52 dyend=61 dpc=3251 dpitch=1024 doff=0 clip 66,48-637,65 compat=0
[M8T] IN2 9aee=0000
[M8T] OUT2 e2e8=08f9
[M8T] OUT2 e2e8=1042
[M8T] OUT2 e2e8=2084
[M8T] OUT2 e2e8=0000
[M8T] IN2 9aee=8000
[M8T] IN2 9aee=0000
[M8T] OUT2 daee=0000
[M8T] OUT2 deee=0000
[M8T] OUT2 e2ee=05ff
[M8T] OUT2 e6ee=05ff
[M8T] IN2 9aee=f000
[M8T] IN2 9aee=0000
[M8T] OUT2 daee=0042
[M8T] OUT2 deee=0030
[M8T] OUT2 e2ee=027d
[M8T] OUT2 e6ee=0041
[M8T] IN2 9aee=f000
[M8T] IN2 9aee=0000
[M8T] OUT2 a6e8=0007
[M8T] IN2 9aee=f800
[M8T] IN2 9aee=0000
[M8T] OUT2 86e8=0044
[M8T] OUT2 82e8=0034
[M8B] start cur=68,52 dyend=61 dpc=3251 dpitch=1024 doff=0 clip 66,48-637,65 compat=0
[M8T] IN2 9aee=0000
[M8T] OUT2 e2e8=3080
[M8T] OUT2 e2e8=1105
[M8T] OUT2 e2e8=2422
[M8T] OUT2 e2e8=5544
[M8T] IN2 9aee=0000
[M8T] OUT2 e2e8=a00a
[M8T] OUT2 e2e8=1188
[M8T] OUT2 e2e8=0000
*** 1 repeats ***
[M8T] IN2 9aee=8000
[M8T] IN2 9aee=0000
[M8T] OUT2 86e8=0051
[M8T] OUT2 82e8=0034
[M8B] start cur=81,52 dyend=61 dpc=3251 dpitch=1024 doff=0 clip 66,48-637,65 compat=0
[M8T] IN2 9aee=0000
[M8T] OUT2 e2e8=18fa
[M8T] OUT2 e2e8=fa61
[M8T] OUT2 e2e8=6118
[M8T] OUT2 e2e8=0084
[M8T] IN2 9aee=0000
[M8T] OUT2 86e8=005a
[M8T] OUT2 82e8=0034
[M8B] start cur=90,52 dyend=61 dpc=3251 dpitch=1024 doff=0 clip 66,48-637,65 compat=0
[M8T] IN2 9aee=0000
[M8T] OUT2 e2e8=08f9
[M8T] OUT2 e2e8=1042
[M8T] OUT2 e2e8=2084
[M8T] OUT2 e2e8=0000
[M8T] IN2 9aee=8000
[M8T] IN2 9aee=0000
[M8T] OUT2 86e8=0062
[M8T] OUT2 82e8=0034
[M8B] start cur=98,52 dyend=61 dpc=3251 dpitch=1024 doff=0 clip 66,48-637,65 compat=0
[M8T] IN2 9aee=0000
[M8T] OUT2 e2e8=21fc
[M8T] OUT2 e2e8=420f
[M8T] OUT2 e2e8=f810
[M8T] OUT2 e2e8=0000
[M8T] IN2 9aee=8000
[M8T] IN2 9aee=0000
[M8T] OUT2 86e8=006a
[M8T] OUT2 82e8=0034
[M8B] start cur=106,52 dyend=61 dpc=3251 dpitch=1024 doff=0 clip 66,48-637,65 compat=0
[M8T] IN2 9aee=0000
[M8T] OUT2 e2e8=6174
[M8T] OUT2 e2e8=0407
[M8T] OUT2 e2e8=7031
[M8T] OUT2 e2e8=0000
[M8T] IN2 9aee=8000
[M8T] IN2 9aee=0000
[M8T] OUT2 86e8=0072
[M8T] OUT2 82e8=0034
[M8B] start cur=114,52 dyend=61 dpc=3251 dpitch=1024 doff=0 clip 66,48-637,65 compat=0
[M8T] IN2 9aee=0000
[M8T] OUT2 e2e8=08f9
[M8T] OUT2 e2e8=1042
[M8T] OUT2 e2e8=2084
[M8T] OUT2 e2e8=0000
[M8T] IN2 9aee=8000
[M8T] IN2 9aee=0000
[M8T] OUT2 daee=0000
[M8T] OUT2 deee=0000
[M8T] OUT2 e2ee=05ff
[M8T] OUT2 e6ee=05ff
[M8T] IN2 9aee=f000
[M8T] IN2 9aee=0000
[M8T] IN2 9ae8=0000
[M8T] OUT2 daee=003e
[M8T] OUT2 e2ee=004f
[M8T] OUT2 86e8=003e
[M8T] OUT2 82e8=02ea
[M8B] start cur=62,746 dyend=764 dpc=5211 dpitch=1024 doff=0 clip 62,0-79,1535 compat=0
[M8T] OUT2 e2e8=0707
*** 9 repeats ***
[M8T] OUT2 e2e8=0007
[M8T] OUT2 e2e8=0000
[M8T] OUT2 e2e8=0707
[M8T] OUT2 e2e8=0000
*** 3 repeats ***
[M8T] OUT2 e2e8=0707
*** 1 repeats ***
[M8T] OUT2 e2e8=0007
[M8T] OUT2 e2e8=00f7
[M8T] OUT2 e2e8=0007
[M8T] OUT2 e2e8=f7f8
[M8T] OUT2 e2e8=0000
[M8T] OUT2 e2e8=00f8
[M8T] OUT2 e2e8=f700
[M8T] OUT2 e2e8=0700
[M8T] OUT2 e2e8=0707
[M8T] OUT2 e2e8=0007
[M8T] OUT2 e2e8=f8f8
[M8T] OUT2 e2e8=0000
[M8T] OUT2 e2e8=f7f7
[M8T] OUT2 e2e8=0000
*** 2 repeats ***
[M8T] OUT2 e2e8=0700
[M8T] OUT2 e2e8=0707
[M8T] OUT2 e2e8=0007
[M8T] OUT2 e2e8=f800
*** 1 repeats ***
[M8T] OUT2 e2e8=f700
[M8T] OUT2 e2e8=0000
*** 1 repeats ***
[M8T] OUT2 e2e8=00f8
[M8T] OUT2 e2e8=0707
*** 1 repeats ***
[M8T] OUT2 e2e8=0007
[M8T] OUT2 e2e8=0000
[M8T] OUT2 e2e8=f8f8
[M8T] OUT2 e2e8=f700
[M8T] OUT2 e2e8=0000
[M8T] OUT2 e2e8=0700
[M8T] OUT2 e2e8=f700
[M8T] OUT2 e2e8=0700
[M8T] OUT2 e2e8=0707
[M8T] OUT2 e2e8=0007
[M8T] OUT2 e2e8=0000
[M8T] OUT2 e2e8=00f8
[M8T] OUT2 e2e8=f700
[M8T] OUT2 e2e8=0000
[M8T] OUT2 e2e8=00f8
[M8T] OUT2 e2e8=f8f8
[M8T] OUT2 e2e8=0700
[M8T] OUT2 e2e8=0707
[M8T] OUT2 e2e8=0100
[M8T] OUT2 e2e8=0101
[M8T] OUT2 e2e8=0001
[M8T] OUT2 e2e8=0404
[M8T] OUT2 e2e8=0004
[M8T] OUT2 e2e8=0303
[M8T] OUT2 e2e8=0003
[M8T] OUT2 e2e8=0700
[M8T] OUT2 e2e8=0707
[M8T] OUT2 e2e8=f900
[M8T] OUT2 e2e8=f9f9
[M8T] OUT2 e2e8=0401
[M8T] OUT2 e2e8=fcfc
[M8T] OUT2 e2e8=0304
[M8T] OUT2 e2e8=fbfb
*** 1 repeats ***
[M8T] OUT2 e2e8=0003
[M8T] OUT2 e2e8=0707
[M8T] OUT2 e2e8=f900
[M8T] OUT2 e2e8=0101
[M8T] OUT2 e2e8=fc00
[M8T] OUT2 e2e8=0000
[M8T] OUT2 e2e8=fb00
[M8T] OUT2 e2e8=0400
[M8T] OUT2 e2e8=0300
[M8T] OUT2 e2e8=0003
[M8T] OUT2 e2e8=0707
[M8T] OUT2 e2e8=f900
[M8T] OUT2 e2e8=0001
[M8T] OUT2 e2e8=0404
[M8T] OUT2 e2e8=0101
[M8T] OUT2 e2e8=fb00
[M8T] OUT2 e2e8=fc00
[M8T] OUT2 e2e8=0000
[M8T] OUT2 e2e8=0700
[M8T] OUT2 e2e8=0707
[M8T] OUT2 e2e8=f900
[M8T] OUT2 e2e8=0701
[M8T] OUT2 e2e8=0404
[M8T] OUT2 e2e8=0101
[M8T] OUT2 e2e8=0007
[M8T] OUT2 e2e8=fc00
[M8T] OUT2 e2e8=0303
[M8T] OUT2 e2e8=0700
[M8T] OUT2 e2e8=0707
[M8T] OUT2 e2e8=f900
[M8T] OUT2 e2e8=0701
[M8T] OUT2 e2e8=0404
[M8T] OUT2 e2e8=0101
[M8T] OUT2 e2e8=0007
[M8T] OUT2 e2e8=fc00
[M8T] OUT2 e2e8=fb00
[M8T] OUT2 e2e8=00fb
[M8T] OUT2 e2e8=0707
[M8T] OUT2 e2e8=f900
[M8T] OUT2 e2e8=0001
[M8T] OUT2 e2e8=0100
[M8T] OUT2 e2e8=00f9
[M8T] OUT2 e2e8=fb00
[M8T] OUT2 e2e8=0003
[M8T] OUT2 e2e8=0300
[M8T] OUT2 e2e8=00fb
[M8T] OUT2 e2e8=0707
[M8T] OUT2 e2e8=f900
[M8T] OUT2 e2e8=f9f9
*** 1 repeats ***
[M8T] OUT2 e2e8=0400
[M8T] OUT2 e2e8=0304
[M8T] OUT2 e2e8=fbfb
*** 1 repeats ***
[M8T] OUT2 e2e8=0003
[M8T] OUT2 e2e8=0707
[M8T] OUT2 e2e8=f900
[M8T] OUT2 e2e8=0101
*** 1 repeats ***
[M8T] OUT2 e2e8=0400
[M8T] OUT2 e2e8=0004
[M8T] OUT2 e2e8=0303
*** 1 repeats ***
[M8T] OUT2 e2e8=0000
[M8T] OUT2 e2e8=0707
[M8T] OUT2 e2e8=0000
*** 6 repeats ***
[M8T] OUT2 e2e8=0700
[M8T] OUT2 e2e8=0707
*** 8 repeats ***
[M8B] end cur=62,764
[M8T] IN2 9aee=0000
[M8T] OUT2 daee=0000
[M8T] OUT2 e2ee=05ff
[M8T] IN2 9aee=c000
[M8T] IN2 9aee=0000
[M8T] OUT2 a6e8=0707
[M8T] OUT2 86e8=0050
[M8T] OUT2 82e8=02ea
[M8B] start cur=80,746 dyend=764 dpc=2211 dpitch=1024 doff=0 clip 0,0-1535,1535 compat=0
[M8B] end cur=80,764
[M8T] IN2 9aee=0000
[M8T] OUT2 daee=0050
[M8T] OUT2 deee=02ea
[M8T] OUT2 e2ee=00d9
[M8T] OUT2 e6ee=02fb
[M8T] IN2 9aee=f000
[M8T] IN2 9aee=0000
[M8T] OUT2 a6e8=0007
[M8T] IN2 9aee=e000
[M8T] IN2 9aee=0000
[M8T] OUT2 86e8=0052
[M8T] OUT2 82e8=02ec
[M8B] start cur=82,748 dyend=761 dpc=2211 dpitch=1024 doff=0 clip 80,746-217,763 compat=0
[M8B] end cur=82,761
[M8T] IN2 9aee=0000
[M8T] OUT2 a6e8=0000
[M8T] IN2 9aee=f800
[M8T] IN2 9aee=0000
[M8T] OUT2 86e8=0052
[M8T] OUT2 82e8=02ee
[M8B] start cur=82,750 dyend=759 dpc=3251 dpitch=1024 doff=0 clip 80,746-217,763 compat=0
[M8T] OUT2 e2e8=3080
[M8T] OUT2 e2e8=1105
[M8T] OUT2 e2e8=2422
[M8T] OUT2 e2e8=5544
[M8T] OUT2 e2e8=a00a
[M8T] OUT2 e2e8=1188
[M8T] OUT2 e2e8=0000
*** 1 repeats ***
[M8T] IN2 9aee=8000
[M8T] IN2 9aee=0000
[M8T] OUT2 86e8=005e
[M8T] OUT2 82e8=02ee
[M8B] start cur=94,750 dyend=759 dpc=3251 dpitch=1024 doff=0 clip 80,746-217,763 compat=0
[M8T] OUT2 e2e8=18fa
[M8T] OUT2 e2e8=fa61
[M8T] OUT2 e2e8=6118
[M8T] OUT2 e2e8=0084
[M8T] OUT2 86e8=0066
[M8T] OUT2 82e8=02ee
[M8B] start cur=102,750 dyend=759 dpc=3251 dpitch=1024 doff=0 clip 80,746-217,763 compat=0
[M8T] OUT2 e2e8=08f9
[M8T] OUT2 e2e8=1042
[M8T] IN2 9aee=0000
[M8T] OUT2 e2e8=2084
[M8T] OUT2 e2e8=0000
[M8T] OUT2 86e8=006d
[M8T] OUT2 82e8=02ee
[M8B] start cur=109,750 dyend=759 dpc=3251 dpitch=1024 doff=0 clip 80,746-217,763 compat=0
[M8T] OUT2 e2e8=21fc
[M8T] OUT2 e2e8=420f
[M8T] OUT2 e2e8=f810
[M8T] OUT2 e2e8=0000
[M8T] OUT2 86e8=0074
[M8T] OUT2 82e8=02ee
[M8B] start cur=116,750 dyend=759 dpc=3251 dpitch=1024 doff=0 clip 80,746-217,763 compat=0
[M8T] IN2 9aee=0000
[M8T] OUT2 e2e8=6174
[M8T] OUT2 e2e8=0407
[M8T] OUT2 e2e8=7031
[M8T] OUT2 e2e8=0000
[M8T] OUT2 86e8=007b
[M8T] OUT2 82e8=02ee
[M8B] start cur=123,750 dyend=759 dpc=3251 dpitch=1024 doff=0 clip 80,746-217,763 compat=0
[M8T] OUT2 e2e8=08f9
[M8T] OUT2 e2e8=1042
[M8T] OUT2 e2e8=2084
[M8T] OUT2 e2e8=0000
[M8T] IN2 9aee=8000
[M8T] IN2 9aee=0000
[M8T] OUT2 daee=0000
[M8T] OUT2 deee=0000
[M8T] OUT2 e2ee=05ff
[M8T] OUT2 e6ee=05ff
[M8T] IN2 9aee=f000
[M8T] IN2 9aee=0000
[M8T] OUT2 a6e8=0707
[M8T] OUT2 86e8=0030
[M8T] OUT2 82e8=0042
[M8B] start cur=48,66 dyend=67 dpc=2211 dpitch=1024 doff=0 clip 0,0-1535,1535 compat=0
[M8B] end cur=48,67
[M8T] IN2 9aee=0000
[M8T] OUT2 a6e8=f8f8
[M8T] OUT2 86e8=0042
[M8T] OUT2 82e8=0030
[M8B] start cur=66,48 dyend=66 dpc=2211 dpitch=1024 doff=0 clip 0,0-1535,1535 compat=0
[M8B] end cur=66,66
[M8T] IN2 9aee=0000
[M8T] OUT2 daee=0042
[M8T] OUT2 deee=0030
[M8T] OUT2 e2ee=027d
[M8T] OUT2 e6ee=0041
[M8T] IN2 9aee=f000
[M8T] IN2 9aee=0000
[M8T] OUT2 a6e8=00f8
[M8T] IN2 9aee=e000
[M8T] IN2 9aee=0000
[M8T] OUT2 86e8=0044
[M8T] OUT2 82e8=0032
[M8B] start cur=68,50 dyend=63 dpc=2211 dpitch=1024 doff=0 clip 66,48-637,65 compat=0
[M8B] end cur=68,63
[M8T] IN2 9aee=0000
[M8T] OUT2 a6e8=0007
[M8T] IN2 9aee=f800
[M8T] IN2 9aee=0000
[M8T] OUT2 daee=0000
[M8T] OUT2 deee=0000
[M8T] OUT2 e2ee=05ff
[M8T] OUT2 e6ee=05ff
[M8T] IN2 9aee=f000
[M8T] IN2 9aee=0000
[M8T] OUT2 daee=0042
[M8T] OUT2 deee=0030
[M8T] OUT2 e2ee=027d
[M8T] OUT2 e6ee=0041
[M8T] IN2 9aee=f000
[M8T] IN2 9aee=0000
[M8T] OUT2 a6e8=00f8
[M8T] IN2 9aee=e000
[M8T] IN2 9aee=0000
[M8T] OUT2 86e8=0045
[M8T] OUT2 82e8=0032
[M8B] start cur=69,50 dyend=63 dpc=2211 dpitch=1024 doff=0 clip 66,48-637,65 compat=0
[M8B] end cur=69,63
[M8T] IN2 9aee=0000
[M8T] OUT2 a6e8=0007
[M8T] IN2 9aee=f800
[M8T] IN2 9aee=0000
[M8T] OUT2 86e8=0045
[M8T] OUT2 82e8=0034
[M8B] start cur=69,52 dyend=61 dpc=3251 dpitch=1024 doff=0 clip 66,48-637,65 compat=0
[M8T] IN2 9aee=0000
[M8T] OUT2 e2e8=0583
[M8T] OUT2 e2e8=4111
[M8T] OUT2 e2e8=1105
[M8T] OUT2 e2e8=8241
[M8T] IN2 9aee=0000
[M8T] OUT2 86e8=004e
[M8T] OUT2 82e8=0034
[M8B] start cur=78,52 dyend=61 dpc=3251 dpitch=1024 doff=0 clip 66,48-637,65 compat=0
[M8T] IN2 9aee=0000
[M8T] OUT2 e2e8=187a
[M8T] OUT2 e2e8=8220
[M8T] OUT2 e2e8=2108
[M8T] OUT2 e2e8=0078
[M8T] IN2 9aee=0000
[M8T] OUT2 86e8=0056
[M8T] OUT2 82e8=0034
[M8B] start cur=86,52 dyend=61 dpc=3251 dpitch=1024 doff=0 clip 66,48-637,65 compat=0
[M8T] IN2 9aee=0000
[M8T] OUT2 e2e8=187a
[M8T] OUT2 e2e8=8661
[M8T] OUT2 e2e8=6118
[M8T] OUT2 e2e8=0078
[M8T] IN2 9aee=0000
[M8T] OUT2 86e8=005f
[M8T] OUT2 82e8=0034
[M8B] start cur=95,52 dyend=61 dpc=3251 dpitch=1024 doff=0 clip 66,48-637,65 compat=0
[M8T] IN2 9aee=0000
[M8T] OUT2 e2e8=18fa
[M8T] OUT2 e2e8=fa61
[M8T] OUT2 e2e8=2008
[M8T] OUT2 e2e8=0080
[M8T] IN2 9aee=0000
[M8T] OUT2 86e8=0066
[M8T] OUT2 82e8=0034
[M8B] start cur=102,52 dyend=61 dpc=3251 dpitch=1024 doff=0 clip 66,48-637,65 compat=0
[M8T] IN2 9aee=0000
[M8T] OUT2 e2e8=0583
[M8T] OUT2 e2e8=4111
[M8T] OUT2 e2e8=0402
[M8T] OUT2 e2e8=1008
[M8T] IN2 9aee=0000
[M8T] OUT2 86e8=006f
[M8T] OUT2 82e8=0034
[M8B] start cur=111,52 dyend=61 dpc=3251 dpitch=1024 doff=0 clip 66,48-637,65 compat=0
[M8T] IN2 9aee=0000
[M8T] OUT2 e2e8=4274
[M8T] OUT2 e2e8=0413
[M8T] OUT2 e2e8=7031
[M8T] OUT2 e2e8=0000
[M8T] IN2 9aee=8000
[M8T] IN2 9aee=0000
[M8T] OUT2 86e8=0076
[M8T] OUT2 82e8=0034
[M8B] start cur=118,52 dyend=61 dpc=3251 dpitch=1024 doff=0 clip 66,48-637,65 compat=0
[M8T] IN2 9aee=0000
[M8T] OUT2 e2e8=4274
[M8T] OUT2 e2e8=1111
[M8T] OUT2 e2e8=f810
[M8T] OUT2 e2e8=0000
[M8T] IN2 9aee=8000
[M8T] IN2 9aee=0000
[M8T] OUT2 daee=0000
[M8T] OUT2 deee=0000
[M8T] OUT2 e2ee=05ff
[M8T] OUT2 e6ee=05ff
[M8T] IN2 9aee=f000
[M8T] IN2 9aee=0000
[M8T] OUT2 daee=0042
[M8T] OUT2 deee=0030
[M8T] OUT2 e2ee=027d
[M8T] OUT2 e6ee=0041
[M8T] IN2 9aee=f000
[M8T] IN2 9aee=0000
[M8T] OUT2 a6e8=0007
[M8T] IN2 9aee=f800
[M8T] IN2 9aee=0000
[M8T] OUT2 86e8=0044
[M8T] OUT2 82e8=0034
[M8B] start cur=68,52 dyend=61 dpc=3251 dpitch=1024 doff=0 clip 66,48-637,65 compat=0
[M8T] IN2 9aee=0000
[M8T] OUT2 e2e8=0583
[M8T] OUT2 e2e8=4111
[M8T] OUT2 e2e8=1105
[M8T] OUT2 e2e8=8241
[M8T] IN2 9aee=0000
[M8T] OUT2 86e8=004d
[M8T] OUT2 82e8=0034
[M8B] start cur=77,52 dyend=61 dpc=3251 dpitch=1024 doff=0 clip 66,48-637,65 compat=0
[M8T] IN2 9aee=0000
[M8T] OUT2 e2e8=187a
[M8T] OUT2 e2e8=8220
[M8T] OUT2 e2e8=2108
[M8T] OUT2 e2e8=0078
[M8T] IN2 9aee=0000
[M8T] OUT2 86e8=0055
[M8T] OUT2 82e8=0034
[M8B] start cur=85,52 dyend=61 dpc=3251 dpitch=1024 doff=0 clip 66,48-637,65 compat=0
[M8T] IN2 9aee=0000
[M8T] OUT2 e2e8=187a
[M8T] OUT2 e2e8=8661
[M8T] OUT2 e2e8=6118
[M8T] OUT2 e2e8=0078
[M8T] IN2 9aee=0000
[M8T] OUT2 86e8=005e
[M8T] OUT2 82e8=0034
[M8B] start cur=94,52 dyend=61 dpc=3251 dpitch=1024 doff=0 clip 66,48-637,65 compat=0
[M8T] IN2 9aee=0000
[M8T] OUT2 e2e8=18fa
[M8T] OUT2 e2e8=fa61
[M8T] OUT2 e2e8=2008
[M8T] OUT2 e2e8=0080
[M8T] IN2 9aee=0000
[M8T] OUT2 86e8=0065
[M8T] OUT2 82e8=0034
[M8B] start cur=101,52 dyend=61 dpc=3251 dpitch=1024 doff=0 clip 66,48-637,65 compat=0
[M8T] IN2 9aee=0000
[M8T] OUT2 e2e8=0583
[M8T] OUT2 e2e8=4111
[M8T] OUT2 e2e8=0402
[M8T] OUT2 e2e8=1008
[M8T] IN2 9aee=0000
[M8T] OUT2 86e8=006e
[M8T] OUT2 82e8=0034
[M8B] start cur=110,52 dyend=61 dpc=3251 dpitch=1024 doff=0 clip 66,48-637,65 compat=0
[M8T] IN2 9aee=0000
[M8T] OUT2 e2e8=4274
[M8T] OUT2 e2e8=0413
[M8T] OUT2 e2e8=7031
[M8T] OUT2 e2e8=0000
[M8T] IN2 9aee=8000
[M8T] IN2 9aee=0000
[M8T] OUT2 86e8=0075
[M8T] OUT2 82e8=0034
[M8B] start cur=117,52 dyend=61 dpc=3251 dpitch=1024 doff=0 clip 66,48-637,65 compat=0
[M8T] IN2 9aee=0000
[M8T] OUT2 e2e8=4274
[M8T] OUT2 e2e8=1111
[M8T] OUT2 e2e8=f810
[M8T] OUT2 e2e8=0000
[M8T] IN2 9aee=8000
[M8T] IN2 9aee=0000
[M8T] OUT2 daee=0000
[M8T] OUT2 deee=0000
[M8T] OUT2 e2ee=05ff
[M8T] OUT2 e6ee=05ff
[M8T] IN2 9aee=f000
[M8T] IN2 9aee=0000
[M8T] OUT2 a6e8=ffff
[M8T] OUT2 86e8=0032
[M8T] OUT2 82e8=006b
[M8B] start cur=50,107 dyend=109 dpc=2211 dpitch=1024 doff=0 clip 0,0-1535,1535 compat=0
[M8B] end cur=50,109
[M8T] IN2 9aee=0000
[M8T] IN2 9ae8=0000
[M8T] OUT2 daee=003e
[M8T] OUT2 e2ee=004f
[M8T] OUT2 86e8=003e
[M8T] OUT2 82e8=02ea
[M8B] start cur=62,746 dyend=764 dpc=5211 dpitch=1024 doff=0 clip 62,0-79,1535 compat=0
[M8T] OUT2 e2e8=0707
*** 9 repeats ***
[M8T] OUT2 e2e8=0007
[M8T] OUT2 e2e8=0000
[M8T] OUT2 e2e8=0707
[M8T] OUT2 e2e8=0000
*** 3 repeats ***
[M8T] OUT2 e2e8=0707
*** 1 repeats ***
[M8T] OUT2 e2e8=0007
[M8T] OUT2 e2e8=00f7
[M8T] OUT2 e2e8=0007
[M8T] OUT2 e2e8=f7f8
[M8T] OUT2 e2e8=0000
[M8T] OUT2 e2e8=00f8
[M8T] OUT2 e2e8=f700
[M8T] OUT2 e2e8=0700
[M8T] OUT2 e2e8=0707
[M8T] OUT2 e2e8=0007
[M8T] OUT2 e2e8=f8f8
[M8T] OUT2 e2e8=0000
[M8T] OUT2 e2e8=f7f7
[M8T] OUT2 e2e8=0000
*** 2 repeats ***
[M8T] OUT2 e2e8=0700
[M8T] OUT2 e2e8=0707
[M8T] OUT2 e2e8=0007
[M8T] OUT2 e2e8=f800
*** 1 repeats ***
[M8T] OUT2 e2e8=f700
[M8T] OUT2 e2e8=0000
*** 1 repeats ***
[M8T] OUT2 e2e8=00f8
[M8T] OUT2 e2e8=0707
*** 1 repeats ***
[M8T] OUT2 e2e8=0007
[M8T] OUT2 e2e8=0000
[M8T] OUT2 e2e8=f8f8
[M8T] OUT2 e2e8=f700
[M8T] OUT2 e2e8=0000
[M8T] OUT2 e2e8=0700
[M8T] OUT2 e2e8=f700
[M8T] OUT2 e2e8=0700
[M8T] OUT2 e2e8=0707
[M8T] OUT2 e2e8=0007
[M8T] OUT2 e2e8=0000
[M8T] OUT2 e2e8=00f8
[M8T] OUT2 e2e8=f700
[M8T] OUT2 e2e8=0000
[M8T] OUT2 e2e8=00f8
[M8T] OUT2 e2e8=f8f8
[M8T] OUT2 e2e8=0700
[M8T] OUT2 e2e8=0707
[M8T] OUT2 e2e8=0100
[M8T] OUT2 e2e8=0101
[M8T] OUT2 e2e8=0001
[M8T] OUT2 e2e8=0404
[M8T] OUT2 e2e8=0004
[M8T] OUT2 e2e8=0303
[M8T] OUT2 e2e8=0003
[M8T] OUT2 e2e8=0700
[M8T] OUT2 e2e8=0707
[M8T] OUT2 e2e8=f900
[M8T] OUT2 e2e8=f9f9
[M8T] OUT2 e2e8=0401
[M8T] OUT2 e2e8=fcfc
[M8T] OUT2 e2e8=0304
[M8T] OUT2 e2e8=fbfb
*** 1 repeats ***
[M8T] OUT2 e2e8=0003
[M8T] OUT2 e2e8=0707
[M8T] OUT2 e2e8=f900
[M8T] OUT2 e2e8=0101
[M8T] OUT2 e2e8=fc00
[M8T] OUT2 e2e8=0000
[M8T] OUT2 e2e8=fb00
[M8T] OUT2 e2e8=0400
[M8T] OUT2 e2e8=0300
[M8T] OUT2 e2e8=0003
[M8T] OUT2 e2e8=0707
[M8T] OUT2 e2e8=f900
[M8T] OUT2 e2e8=0001
[M8T] OUT2 e2e8=0404
[M8T] OUT2 e2e8=0101
[M8T] OUT2 e2e8=fb00
[M8T] OUT2 e2e8=fc00
[M8T] OUT2 e2e8=0000
[M8T] OUT2 e2e8=0700
[M8T] OUT2 e2e8=0707
[M8T] OUT2 e2e8=f900
[M8T] OUT2 e2e8=0701
[M8T] OUT2 e2e8=0404
[M8T] OUT2 e2e8=0101
[M8T] OUT2 e2e8=0007
[M8T] OUT2 e2e8=fc00
[M8T] OUT2 e2e8=0303
[M8T] OUT2 e2e8=0700
[M8T] OUT2 e2e8=0707
[M8T] OUT2 e2e8=f900
[M8T] OUT2 e2e8=0701
[M8T] OUT2 e2e8=0404
[M8T] OUT2 e2e8=0101
[M8T] OUT2 e2e8=0007
[M8T] OUT2 e2e8=fc00
[M8T] OUT2 e2e8=fb00
[M8T] OUT2 e2e8=00fb
[M8T] OUT2 e2e8=0707
[M8T] OUT2 e2e8=f900
[M8T] OUT2 e2e8=0001
[M8T] OUT2 e2e8=0100
[M8T] OUT2 e2e8=00f9
[M8T] OUT2 e2e8=fb00
[M8T] OUT2 e2e8=0003
[M8T] OUT2 e2e8=0300
[M8T] OUT2 e2e8=00fb
[M8T] OUT2 e2e8=0707
[M8T] OUT2 e2e8=f900
[M8T] OUT2 e2e8=f9f9
*** 1 repeats ***
[M8T] OUT2 e2e8=0400
[M8T] OUT2 e2e8=0304
[M8T] OUT2 e2e8=fbfb
*** 1 repeats ***
[M8T] OUT2 e2e8=0003
[M8T] OUT2 e2e8=0707
[M8T] OUT2 e2e8=f900
[M8T] OUT2 e2e8=0101
*** 1 repeats ***
[M8T] OUT2 e2e8=0400
[M8T] OUT2 e2e8=0004
[M8T] OUT2 e2e8=0303
*** 1 repeats ***
[M8T] OUT2 e2e8=0000
[M8T] OUT2 e2e8=0707
[M8T] OUT2 e2e8=0000
*** 6 repeats ***
[M8T] OUT2 e2e8=0700
[M8T] OUT2 e2e8=0707
*** 8 repeats ***
[M8B] end cur=62,764
[M8T] IN2 9aee=0000
[M8T] OUT2 daee=0000
[M8T] OUT2 e2ee=05ff
[M8T] IN2 9aee=c000
[M8T] IN2 9aee=0000
[M8T] OUT2 a6e8=0707
[M8T] OUT2 86e8=0050
[M8T] OUT2 82e8=02ea
[M8B] start cur=80,746 dyend=764 dpc=2211 dpitch=1024 doff=0 clip 0,0-1535,1535 compat=0
[M8B] end cur=80,764
[M8T] IN2 9aee=0000
[M8T] OUT2 daee=0050
[M8T] OUT2 deee=02ea
[M8T] OUT2 e2ee=00d9
[M8T] OUT2 e6ee=02fb
[M8T] IN2 9aee=f000
[M8T] IN2 9aee=0000
[M8T] OUT2 a6e8=0007
[M8T] IN2 9aee=e000
[M8T] IN2 9aee=0000
[M8T] OUT2 86e8=0052
[M8T] OUT2 82e8=02ec
[M8B] start cur=82,748 dyend=761 dpc=2211 dpitch=1024 doff=0 clip 80,746-217,763 compat=0
[M8B] end cur=82,761
[M8T] IN2 9aee=0000
[M8T] OUT2 a6e8=0000
[M8T] IN2 9aee=f800
[M8T] IN2 9aee=0000
[M8T] OUT2 86e8=0052
[M8T] OUT2 82e8=02ee
[M8B] start cur=82,750 dyend=759 dpc=3251 dpitch=1024 doff=0 clip 80,746-217,763 compat=0
[M8T] OUT2 e2e8=0583
[M8T] OUT2 e2e8=4111
[M8T] OUT2 e2e8=1105
[M8T] OUT2 e2e8=8241
[M8T] OUT2 86e8=005a
[M8T] OUT2 82e8=02ee
[M8B] start cur=90,750 dyend=759 dpc=3251 dpitch=1024 doff=0 clip 80,746-217,763 compat=0
[M8T] OUT2 e2e8=187a
[M8T] OUT2 e2e8=8220
[M8T] IN2 9aee=0000
[M8T] OUT2 e2e8=2108
[M8T] OUT2 e2e8=0078
[M8T] OUT2 86e8=0061
[M8T] OUT2 82e8=02ee
[M8B] start cur=97,750 dyend=759 dpc=3251 dpitch=1024 doff=0 clip 80,746-217,763 compat=0
[M8T] OUT2 e2e8=187a
[M8T] OUT2 e2e8=8661
[M8T] OUT2 e2e8=6118
[M8T] OUT2 e2e8=0078
[M8T] OUT2 86e8=0069
[M8T] OUT2 82e8=02ee
[M8B] start cur=105,750 dyend=759 dpc=3251 dpitch=1024 doff=0 clip 80,746-217,763 compat=0
[M8T] IN2 9aee=0000
[M8T] OUT2 e2e8=18fa
[M8T] OUT2 e2e8=fa61
[M8T] OUT2 e2e8=2008
[M8T] OUT2 e2e8=0080
[M8T] OUT2 86e8=006f
[M8T] OUT2 82e8=02ee
[M8B] start cur=111,750 dyend=759 dpc=3251 dpitch=1024 doff=0 clip 80,746-217,763 compat=0
[M8T] OUT2 e2e8=0583
[M8T] OUT2 e2e8=4111
[M8T] OUT2 e2e8=0402
[M8T] OUT2 e2e8=1008
[M8T] IN2 9aee=0000
[M8T] OUT2 86e8=0077
[M8T] OUT2 82e8=02ee
[M8B] start cur=119,750 dyend=759 dpc=3251 dpitch=1024 doff=0 clip 80,746-217,763 compat=0
[M8T] OUT2 e2e8=4274
[M8T] OUT2 e2e8=0413
[M8T] OUT2 e2e8=7031
[M8T] OUT2 e2e8=0000
[M8T] OUT2 86e8=007d
[M8T] OUT2 82e8=02ee
[M8B] start cur=125,750 dyend=759 dpc=3251 dpitch=1024 doff=0 clip 80,746-217,763 compat=0
[M8T] OUT2 e2e8=4274
[M8T] OUT2 e2e8=1111
[M8T] IN2 9aee=0000
[M8T] OUT2 e2e8=f810
[M8T] OUT2 e2e8=0000
[M8T] IN2 9aee=8000
[M8T] IN2 9aee=0000
[M8T] OUT2 daee=0000
[M8T] OUT2 deee=0000
[M8T] OUT2 e2ee=05ff
[M8T] OUT2 e6ee=05ff
[M8T] IN2 9aee=f000
[M8T] IN2 9aee=0000
[M8T] OUT2 a6e8=ffff
[M8T] OUT2 86e8=0032
[M8T] OUT2 82e8=006b
[M8B] start cur=50,107 dyend=109 dpc=2211 dpitch=1024 doff=0 clip 0,0-1535,1535 compat=0
[M8B] end cur=50,109
[M8T] IN2 9aee=0000
[M8T] OUT2 a6e8=ffff
[M8T] OUT2 86e8=0032
[M8T] OUT2 82e8=006b
[M8B] start cur=50,107 dyend=109 dpc=2211 dpitch=1024 doff=0 clip 0,0-1535,1535 compat=0
[M8B] end cur=50,109
[M8T] IN2 9aee=0000
[M8T] OUT2 a6e8=ffff
[M8T] OUT2 86e8=0032
[M8T] OUT2 82e8=006b
[M8B] start cur=50,107 dyend=109 dpc=2211 dpitch=1024 doff=0 clip 0,0-1535,1535 compat=0
[M8B] end cur=50,109
[M8T] IN2 9aee=0000
[M8T] OUT2 a6e8=ffff
[M8T] OUT2 86e8=0032
[M8T] OUT2 82e8=006b
[M8B] start cur=50,107 dyend=109 dpc=2211 dpitch=1024 doff=0 clip 0,0-1535,1535 compat=0
[M8B] end cur=50,109
[M8T] IN2 9aee=0000
[M8T] OUT2 a6e8=ffff
[M8T] OUT2 86e8=0032
[M8T] OUT2 82e8=006b
[M8B] start cur=50,107 dyend=109 dpc=2211 dpitch=1024 doff=0 clip 0,0-1535,1535 compat=0
[M8B] end cur=50,109
[M8T] IN2 9aee=0000
[M8T] OUT2 a6e8=ffff
[M8T] OUT2 86e8=0032
[M8T] OUT2 82e8=006b
[M8B] start cur=50,107 dyend=109 dpc=2211 dpitch=1024 doff=0 clip 0,0-1535,1535 compat=0
[M8B] end cur=50,109
[M8T] IN2 9aee=0000
[M8T] OUT2 a6e8=ffff
[M8T] OUT2 86e8=0032
[M8T] OUT2 82e8=006b
[M8B] start cur=50,107 dyend=109 dpc=2211 dpitch=1024 doff=0 clip 0,0-1535,1535 compat=0
[M8B] end cur=50,109
[M8T] IN2 9aee=0000
[M8T] OUT2 daee=03d4
[M8T] OUT2 deee=02ea
[M8T] OUT2 e2ee=03fc
[M8T] OUT2 e6ee=02fc
[M8T] IN2 9aee=f000
[M8T] IN2 9aee=0000
[M8T] OUT2 a6e8=0007
[M8T] IN2 9aee=e000
[M8T] IN2 9aee=0000
[M8T] OUT2 86e8=03d4
[M8T] OUT2 82e8=02ea
[M8B] start cur=980,746 dyend=766 dpc=2211 dpitch=1024 doff=0 clip 980,746-1020,764 compat=0
[M8B] end cur=980,766
[M8T] IN2 9aee=0000
[M8T] OUT2 a6e8=0000
[M8T] IN2 9aee=f800
[M8T] IN2 9aee=0000
[M8T] OUT2 86e8=03dc
[M8T] OUT2 82e8=02ef
[M8B] start cur=988,751 dyend=760 dpc=3251 dpitch=1024 doff=0 clip 980,746-1020,764 compat=0
[M8T] OUT2 e2e8=6374
[M8T] OUT2 e2e8=c618
[M8T] OUT2 e2e8=7031
[M8T] OUT2 e2e8=0000
[M8T] OUT2 86e8=03e2
[M8T] OUT2 82e8=02ef
[M8B] start cur=994,751 dyend=760 dpc=3251 dpitch=1024 doff=0 clip 980,746-1020,764 compat=0
[M8T] OUT2 e2e8=6374
[M8T] OUT2 e2e8=c618
[M8T] IN2 9aee=0000
[M8T] OUT2 e2e8=7031
[M8T] OUT2 e2e8=0000
[M8T] OUT2 86e8=03e8
[M8T] OUT2 82e8=02f2
[M8B] start cur=1000,754 dyend=760 dpc=3251 dpitch=1024 doff=0 clip 980,746-1020,764 compat=0
[M8T] OUT2 e2e8=0084
[M8T] OUT2 e2e8=0000
[M8T] OUT2 86e8=03eb
[M8T] OUT2 82e8=02ef
[M8B] start cur=1003,751 dyend=760 dpc=3251 dpitch=1024 doff=0 clip 980,746-1020,764 compat=0
[M8T] OUT2 e2e8=6374
[M8T] OUT2 e2e8=c618
[M8T] IN2 9aee=0000
[M8T] OUT2 e2e8=7031
[M8T] OUT2 e2e8=0000
[M8T] OUT2 86e8=03f1
[M8T] OUT2 82e8=02ef
[M8B] start cur=1009,751 dyend=760 dpc=3251 dpitch=1024 doff=0 clip 980,746-1020,764 compat=0
[M8T] OUT2 e2e8=923c
[M8T] OUT2 e2e8=2049
[M8T] IN2 9aee=0000
[M8T] OUT2 daee=0000
[M8T] OUT2 deee=0000
[M8T] OUT2 e2ee=05ff
[M8T] OUT2 e6ee=05ff
[M8T] IN2 9aee=f000
[M8T] IN2 9aee=0000
[M8T] OUT2 a6e8=ffff
[M8T] OUT2 86e8=0032
[M8T] OUT2 82e8=006b
[M8B] start cur=50,107 dyend=109 dpc=2211 dpitch=1024 doff=0 clip 0,0-1535,1535 compat=0
[M8B] end cur=50,109
[M8T] IN2 9aee=0000
[M8T] OUT2 a6e8=ffff
[M8T] OUT2 86e8=0032
[M8T] OUT2 82e8=006b
[M8B] start cur=50,107 dyend=109 dpc=2211 dpitch=1024 doff=0 clip 0,0-1535,1535 compat=0
[M8B] end cur=50,109
[M8T] IN2 9aee=0000
[M8T] OUT2 a6e8=ffff
[M8T] OUT2 86e8=0032
[M8T] OUT2 82e8=006b
[M8B] start cur=50,107 dyend=109 dpc=2211 dpitch=1024 doff=0 clip 0,0-1535,1535 compat=0
[M8B] end cur=50,109
[M8T] IN2 9aee=0000
[M8T] OUT2 a6e8=ffff
[M8T] OUT2 86e8=0032
[M8T] OUT2 82e8=006b
[M8B] start cur=50,107 dyend=109 dpc=2211 dpitch=1024 doff=0 clip 0,0-1535,1535 compat=0
[M8B] end cur=50,109
[M8T] IN2 9aee=0000
[M8T] OUT2 a6e8=ffff
[M8T] OUT2 86e8=0032
[M8T] OUT2 82e8=006b
[M8B] start cur=50,107 dyend=109 dpc=2211 dpitch=1024 doff=0 clip 0,0-1535,1535 compat=0
[M8B] end cur=50,109
[M8T] IN2 9aee=0000
[M8T] OUT2 a6e8=ffff
[M8T] OUT2 86e8=0032
[M8T] OUT2 82e8=006b
[M8B] start cur=50,107 dyend=109 dpc=2211 dpitch=1024 doff=0 clip 0,0-1535,1535 compat=0
[M8B] end cur=50,109
[M8T] IN2 9aee=0000
[M8T] OUT2 a6e8=ffff
[M8T] OUT2 86e8=0032
[M8T] OUT2 82e8=006b
[M8B] start cur=50,107 dyend=109 dpc=2211 dpitch=1024 doff=0 clip 0,0-1535,1535 compat=0
[M8B] end cur=50,109
[M8T] IN2 9aee=0000
[M8T] OUT2 a6e8=ffff
[M8T] OUT2 86e8=0032
[M8T] OUT2 82e8=006b
[M8B] start cur=50,107 dyend=109 dpc=2211 dpitch=1024 doff=0 clip 0,0-1535,1535 compat=0
[M8B] end cur=50,109
[M8T] IN2 9aee=0000
[M8T] OUT2 a6e8=ffff
[M8T] OUT2 86e8=0032
[M8T] OUT2 82e8=006b
[M8B] start cur=50,107 dyend=109 dpc=2211 dpitch=1024 doff=0 clip 0,0-1535,1535 compat=0
[M8B] end cur=50,109
[M8T] IN2 9aee=0000
[M8T] OUT2 a6e8=ffff
[M8T] OUT2 86e8=0032
[M8T] OUT2 82e8=006b
[M8B] start cur=50,107 dyend=109 dpc=2211 dpitch=1024 doff=0 clip 0,0-1535,1535 compat=0
[M8B] end cur=50,109
[M8T] IN2 9aee=0000
[M8T] OUT2 a6e8=ffff
[M8T] OUT2 86e8=0032
[M8T] OUT2 82e8=006b
[M8B] start cur=50,107 dyend=109 dpc=2211 dpitch=1024 doff=0 clip 0,0-1535,1535 compat=0
[M8B] end cur=50,109
[M8T] IN2 9aee=0000
[M8T] OUT2 a6e8=ffff
[M8T] OUT2 86e8=0032
[M8T] OUT2 82e8=006b
[M8B] start cur=50,107 dyend=109 dpc=2211 dpitch=1024 doff=0 clip 0,0-1535,1535 compat=0
[M8B] end cur=50,109
[M8T] IN2 9aee=0000
[M8T] OUT2 a6e8=ffff
[M8T] OUT2 86e8=0032
[M8T] OUT2 82e8=006b
[M8B] start cur=50,107 dyend=109 dpc=2211 dpitch=1024 doff=0 clip 0,0-1535,1535 compat=0
[M8B] end cur=50,109
[M8T] IN2 9aee=0000
[M8T] OUT2 a6e8=ffff
[M8T] OUT2 86e8=0032
[M8T] OUT2 82e8=006b
[M8B] start cur=50,107 dyend=109 dpc=2211 dpitch=1024 doff=0 clip 0,0-1535,1535 compat=0
[M8B] end cur=50,109
[M8T] IN2 9aee=0000
[M8T] OUT2 a6e8=ffff
[M8T] OUT2 86e8=0032
[M8T] OUT2 82e8=006b
[M8B] start cur=50,107 dyend=109 dpc=2211 dpitch=1024 doff=0 clip 0,0-1535,1535 compat=0
[M8B] end cur=50,109
[M8T] IN2 9aee=0000
[M8T] OUT2 a6e8=ffff
[M8T] OUT2 86e8=0032
[M8T] OUT2 82e8=006b
[M8B] start cur=50,107 dyend=109 dpc=2211 dpitch=1024 doff=0 clip 0,0-1535,1535 compat=0
[M8B] end cur=50,109
[M8T] IN2 9aee=0000
[M8T] OUT2 a6e8=ffff
[M8T] OUT2 86e8=0032
[M8T] OUT2 82e8=006b
[M8B] start cur=50,107 dyend=109 dpc=2211 dpitch=1024 doff=0 clip 0,0-1535,1535 compat=0
[M8B] end cur=50,109
[M8T] IN2 9aee=0000
[M8T] OUT2 a6e8=ffff
[M8T] OUT2 86e8=0032
[M8T] OUT2 82e8=006b
[M8B] start cur=50,107 dyend=109 dpc=2211 dpitch=1024 doff=0 clip 0,0-1535,1535 compat=0
[M8B] end cur=50,109
[M8T] IN2 9aee=0000
[M8T] OUT2 a6e8=ffff
[M8T] OUT2 86e8=0032
[M8T] OUT2 82e8=006b
[M8B] start cur=50,107 dyend=109 dpc=2211 dpitch=1024 doff=0 clip 0,0-1535,1535 compat=0
[M8B] end cur=50,109
[M8T] IN2 9aee=0000
[M8T] OUT2 a6e8=ffff
[M8T] OUT2 86e8=0032
[M8T] OUT2 82e8=006b
[M8B] start cur=50,107 dyend=109 dpc=2211 dpitch=1024 doff=0 clip 0,0-1535,1535 compat=0
[M8B] end cur=50,109
[M8T] IN2 9aee=0000
[M8T] OUT2 a6e8=0707
[M8T] OUT2 86e8=0030
[M8T] OUT2 82e8=0042
[M8B] start cur=48,66 dyend=67 dpc=2211 dpitch=1024 doff=0 clip 0,0-1535,1535 compat=0
[M8B] end cur=48,67
[M8T] IN2 9aee=0000
[M8T] OUT2 a6e8=f8f8
[M8T] OUT2 86e8=0042
[M8T] OUT2 82e8=0030
[M8B] start cur=66,48 dyend=66 dpc=2211 dpitch=1024 doff=0 clip 0,0-1535,1535 compat=0
[M8B] end cur=66,66
[M8T] IN2 9aee=0000
[M8T] OUT2 daee=0042
[M8T] OUT2 deee=0030
[M8T] OUT2 e2ee=027d
[M8T] OUT2 e6ee=0041
[M8T] IN2 9aee=f000
[M8T] IN2 9aee=0000
[M8T] OUT2 a6e8=00f8
[M8T] IN2 9aee=e000
[M8T] IN2 9aee=0000
[M8T] OUT2 86e8=0044
[M8T] OUT2 82e8=0032
[M8B] start cur=68,50 dyend=63 dpc=2211 dpitch=1024 doff=0 clip 66,48-637,65 compat=0
[M8B] end cur=68,63
[M8T] IN2 9aee=0000
[M8T] OUT2 a6e8=0007
[M8T] IN2 9aee=f800
[M8T] IN2 9aee=0000
[M8T] OUT2 daee=0000
[M8T] OUT2 deee=0000
[M8T] OUT2 e2ee=05ff
[M8T] OUT2 e6ee=05ff
[M8T] IN2 9aee=f000
[M8T] IN2 9aee=0000
[M8T] OUT2 daee=0042
[M8T] OUT2 deee=0030
[M8T] OUT2 e2ee=027d
[M8T] OUT2 e6ee=0041
[M8T] IN2 9aee=f000
[M8T] IN2 9aee=0000
[M8T] OUT2 a6e8=00f8
[M8T] IN2 9aee=e000
[M8T] IN2 9aee=0000
[M8T] OUT2 86e8=0045
[M8T] OUT2 82e8=0032
[M8B] start cur=69,50 dyend=63 dpc=2211 dpitch=1024 doff=0 clip 66,48-637,65 compat=0
[M8B] end cur=69,63
[M8T] IN2 9aee=0000
[M8T] OUT2 a6e8=0007
[M8T] IN2 9aee=f800
[M8T] IN2 9aee=0000
[M8T] OUT2 86e8=0045
[M8T] OUT2 82e8=0034
[M8B] start cur=69,52 dyend=61 dpc=3251 dpitch=1024 doff=0 clip 66,48-637,65 compat=0
[M8T] IN2 9aee=0000
[M8T] OUT2 e2e8=3080
[M8T] OUT2 e2e8=1105
[M8T] OUT2 e2e8=2422
[M8T] OUT2 e2e8=5544
[M8T] IN2 9aee=0000
[M8T] OUT2 e2e8=a00a
[M8T] OUT2 e2e8=1188
[M8T] OUT2 e2e8=0000
*** 1 repeats ***
[M8T] IN2 9aee=8000
[M8T] IN2 9aee=0000
[M8T] OUT2 86e8=0052
[M8T] OUT2 82e8=0034
[M8B] start cur=82,52 dyend=61 dpc=3251 dpitch=1024 doff=0 clip 66,48-637,65 compat=0
[M8T] IN2 9aee=0000
[M8T] OUT2 e2e8=18fa
[M8T] OUT2 e2e8=fa61
[M8T] OUT2 e2e8=6118
[M8T] OUT2 e2e8=0084
[M8T] IN2 9aee=0000
[M8T] OUT2 86e8=005b
[M8T] OUT2 82e8=0034
[M8B] start cur=91,52 dyend=61 dpc=3251 dpitch=1024 doff=0 clip 66,48-637,65 compat=0
[M8T] IN2 9aee=0000
[M8T] OUT2 e2e8=08f9
[M8T] OUT2 e2e8=1042
[M8T] OUT2 e2e8=2084
[M8T] OUT2 e2e8=0000
[M8T] IN2 9aee=8000
[M8T] IN2 9aee=0000
[M8T] OUT2 86e8=0063
[M8T] OUT2 82e8=0034
[M8B] start cur=99,52 dyend=61 dpc=3251 dpitch=1024 doff=0 clip 66,48-637,65 compat=0
[M8T] IN2 9aee=0000
[M8T] OUT2 e2e8=21fc
[M8T] OUT2 e2e8=420f
[M8T] OUT2 e2e8=f810
[M8T] OUT2 e2e8=0000
[M8T] IN2 9aee=8000
[M8T] IN2 9aee=0000
[M8T] OUT2 86e8=006b
[M8T] OUT2 82e8=0034
[M8B] start cur=107,52 dyend=61 dpc=3251 dpitch=1024 doff=0 clip 66,48-637,65 compat=0
[M8T] IN2 9aee=0000
[M8T] OUT2 e2e8=6174
[M8T] OUT2 e2e8=0407
[M8T] OUT2 e2e8=7031
[M8T] OUT2 e2e8=0000
[M8T] IN2 9aee=8000
[M8T] IN2 9aee=0000
[M8T] OUT2 86e8=0073
[M8T] OUT2 82e8=0034
[M8B] start cur=115,52 dyend=61 dpc=3251 dpitch=1024 doff=0 clip 66,48-637,65 compat=0
[M8T] IN2 9aee=0000
[M8T] OUT2 e2e8=08f9
[M8T] OUT2 e2e8=1042
[M8T] OUT2 e2e8=2084
[M8T] OUT2 e2e8=0000
[M8T] IN2 9aee=8000
[M8T] IN2 9aee=0000
[M8T] OUT2 daee=0000
[M8T] OUT2 deee=0000
[M8T] OUT2 e2ee=05ff
[M8T] OUT2 e6ee=05ff
[M8T] IN2 9aee=f000
[M8T] IN2 9aee=0000
[M8T] OUT2 daee=0042
[M8T] OUT2 deee=0030
[M8T] OUT2 e2ee=027d
[M8T] OUT2 e6ee=0041
[M8T] IN2 9aee=f000
[M8T] IN2 9aee=0000
[M8T] OUT2 a6e8=0007
[M8T] IN2 9aee=f800
[M8T] IN2 9aee=0000
[M8T] OUT2 86e8=0044
[M8T] OUT2 82e8=0034
[M8B] start cur=68,52 dyend=61 dpc=3251 dpitch=1024 doff=0 clip 66,48-637,65 compat=0
[M8T] IN2 9aee=0000
[M8T] OUT2 e2e8=3080
[M8T] OUT2 e2e8=1105
[M8T] OUT2 e2e8=2422
[M8T] OUT2 e2e8=5544
[M8T] IN2 9aee=0000
[M8T] OUT2 e2e8=a00a
[M8T] OUT2 e2e8=1188
[M8T] OUT2 e2e8=0000
*** 1 repeats ***
[M8T] IN2 9aee=8000
[M8T] IN2 9aee=0000
[M8T] OUT2 86e8=0051
[M8T] OUT2 82e8=0034
[M8B] start cur=81,52 dyend=61 dpc=3251 dpitch=1024 doff=0 clip 66,48-637,65 compat=0
[M8T] IN2 9aee=0000
[M8T] OUT2 e2e8=18fa
[M8T] OUT2 e2e8=fa61
[M8T] OUT2 e2e8=6118
[M8T] OUT2 e2e8=0084
[M8T] IN2 9aee=0000
[M8T] OUT2 86e8=005a
[M8T] OUT2 82e8=0034
[M8B] start cur=90,52 dyend=61 dpc=3251 dpitch=1024 doff=0 clip 66,48-637,65 compat=0
[M8T] IN2 9aee=0000
[M8T] OUT2 e2e8=08f9
[M8T] OUT2 e2e8=1042
[M8T] OUT2 e2e8=2084
[M8T] OUT2 e2e8=0000
[M8T] IN2 9aee=8000
[M8T] IN2 9aee=0000
[M8T] OUT2 86e8=0062
[M8T] OUT2 82e8=0034
[M8B] start cur=98,52 dyend=61 dpc=3251 dpitch=1024 doff=0 clip 66,48-637,65 compat=0
[M8T] IN2 9aee=0000
[M8T] OUT2 e2e8=21fc
[M8T] OUT2 e2e8=420f
[M8T] OUT2 e2e8=f810
[M8T] OUT2 e2e8=0000
[M8T] IN2 9aee=8000
[M8T] IN2 9aee=0000
[M8T] OUT2 86e8=006a
[M8T] OUT2 82e8=0034
[M8B] start cur=106,52 dyend=61 dpc=3251 dpitch=1024 doff=0 clip 66,48-637,65 compat=0
[M8T] IN2 9aee=0000
[M8T] OUT2 e2e8=6174
[M8T] OUT2 e2e8=0407
[M8T] OUT2 e2e8=7031
[M8T] OUT2 e2e8=0000
[M8T] IN2 9aee=8000
[M8T] IN2 9aee=0000
[M8T] OUT2 86e8=0072
[M8T] OUT2 82e8=0034
[M8B] start cur=114,52 dyend=61 dpc=3251 dpitch=1024 doff=0 clip 66,48-637,65 compat=0
[M8T] IN2 9aee=0000
[M8T] OUT2 e2e8=08f9
[M8T] OUT2 e2e8=1042
[M8T] OUT2 e2e8=2084
[M8T] OUT2 e2e8=0000
[M8T] IN2 9aee=8000
[M8T] IN2 9aee=0000
[M8T] OUT2 daee=0000
[M8T] OUT2 deee=0000
[M8T] OUT2 e2ee=05ff
[M8T] OUT2 e6ee=05ff
[M8T] IN2 9aee=f000
[M8T] IN2 9aee=0000
[M8T] OUT2 a6e8=0707
[M8T] OUT2 86e8=0030
[M8T] OUT2 82e8=0042
[M8B] start cur=48,66 dyend=67 dpc=2211 dpitch=1024 doff=0 clip 0,0-1535,1535 compat=0
[M8B] end cur=48,67
[M8T] IN2 9aee=0000
[M8T] OUT2 a6e8=f8f8
[M8T] OUT2 86e8=0042
[M8T] OUT2 82e8=0030
[M8B] start cur=66,48 dyend=66 dpc=2211 dpitch=1024 doff=0 clip 0,0-1535,1535 compat=0
[M8B] end cur=66,66
[M8T] IN2 9aee=0000
[M8T] OUT2 daee=0042
[M8T] OUT2 deee=0030
[M8T] OUT2 e2ee=027d
[M8T] OUT2 e6ee=0041
[M8T] IN2 9aee=f000
[M8T] IN2 9aee=0000
[M8T] OUT2 a6e8=00f8
[M8T] IN2 9aee=e000
[M8T] IN2 9aee=0000
[M8T] OUT2 86e8=0044
[M8T] OUT2 82e8=0032
[M8B] start cur=68,50 dyend=63 dpc=2211 dpitch=1024 doff=0 clip 66,48-637,65 compat=0
[M8B] end cur=68,63
[M8T] IN2 9aee=0000
[M8T] OUT2 a6e8=0007
[M8T] IN2 9aee=f800
[M8T] IN2 9aee=0000
[M8T] OUT2 daee=0000
[M8T] OUT2 deee=0000
[M8T] OUT2 e2ee=05ff
[M8T] OUT2 e6ee=05ff
[M8T] IN2 9aee=f000
[M8T] IN2 9aee=0000
[M8T] OUT2 daee=0042
[M8T] OUT2 deee=0030
[M8T] OUT2 e2ee=027d
[M8T] OUT2 e6ee=0041
[M8T] IN2 9aee=f000
[M8T] IN2 9aee=0000
[M8T] OUT2 a6e8=00f8
[M8T] IN2 9aee=e000
[M8T] IN2 9aee=0000
[M8T] OUT2 86e8=0045
[M8T] OUT2 82e8=0032
[M8B] start cur=69,50 dyend=63 dpc=2211 dpitch=1024 doff=0 clip 66,48-637,65 compat=0
[M8B] end cur=69,63
[M8T] IN2 9aee=0000
[M8T] OUT2 a6e8=0007
[M8T] IN2 9aee=f800
[M8T] IN2 9aee=0000
[M8T] OUT2 86e8=0045
[M8T] OUT2 82e8=0034
[M8B] start cur=69,52 dyend=61 dpc=3251 dpitch=1024 doff=0 clip 66,48-637,65 compat=0
[M8T] IN2 9aee=0000
[M8T] OUT2 e2e8=3080
[M8T] OUT2 e2e8=1105
[M8T] OUT2 e2e8=2422
[M8T] OUT2 e2e8=5544
[M8T] IN2 9aee=0000
[M8T] OUT2 e2e8=a00a
[M8T] OUT2 e2e8=1188
[M8T] OUT2 e2e8=0000
*** 1 repeats ***
[M8T] IN2 9aee=8000
[M8T] IN2 9aee=0000
[M8T] OUT2 86e8=0052
[M8T] OUT2 82e8=0034
[M8B] start cur=82,52 dyend=61 dpc=3251 dpitch=1024 doff=0 clip 66,48-637,65 compat=0
[M8T] IN2 9aee=0000
[M8T] OUT2 e2e8=18fa
[M8T] OUT2 e2e8=fa61
[M8T] OUT2 e2e8=6118
[M8T] OUT2 e2e8=0084
[M8T] IN2 9aee=0000
[M8T] OUT2 86e8=005b
[M8T] OUT2 82e8=0034
[M8B] start cur=91,52 dyend=61 dpc=3251 dpitch=1024 doff=0 clip 66,48-637,65 compat=0
[M8T] IN2 9aee=0000
[M8T] OUT2 e2e8=08f9
[M8T] OUT2 e2e8=1042
[M8T] OUT2 e2e8=2084
[M8T] OUT2 e2e8=0000
[M8T] IN2 9aee=8000
[M8T] IN2 9aee=0000
[M8T] OUT2 86e8=0063
[M8T] OUT2 82e8=0034
[M8B] start cur=99,52 dyend=61 dpc=3251 dpitch=1024 doff=0 clip 66,48-637,65 compat=0
[M8T] IN2 9aee=0000
[M8T] OUT2 e2e8=21fc
[M8T] OUT2 e2e8=420f
[M8T] OUT2 e2e8=f810
[M8T] OUT2 e2e8=0000
[M8T] IN2 9aee=8000
[M8T] IN2 9aee=0000
[M8T] OUT2 86e8=006b
[M8T] OUT2 82e8=0034
[M8B] start cur=107,52 dyend=61 dpc=3251 dpitch=1024 doff=0 clip 66,48-637,65 compat=0
[M8T] IN2 9aee=0000
[M8T] OUT2 e2e8=6174
[M8T] OUT2 e2e8=0407
[M8T] OUT2 e2e8=7031
[M8T] OUT2 e2e8=0000
[M8T] IN2 9aee=8000
[M8T] IN2 9aee=0000
[M8T] OUT2 86e8=0073
[M8T] OUT2 82e8=0034
[M8B] start cur=115,52 dyend=61 dpc=3251 dpitch=1024 doff=0 clip 66,48-637,65 compat=0
[M8T] IN2 9aee=0000
[M8T] OUT2 e2e8=08f9
[M8T] OUT2 e2e8=1042
[M8T] OUT2 e2e8=2084
[M8T] OUT2 e2e8=0000
[M8T] IN2 9aee=8000
[M8T] IN2 9aee=0000
[M8T] OUT2 86e8=007f
[M8T] OUT2 82e8=0039
[M8B] start cur=127,57 dyend=58 dpc=3251 dpitch=1024 doff=0 clip 66,48-637,65 compat=0
[M8T] IN2 9aee=0000
[M8T] OUT2 e2e8=00c0
[M8T] OUT2 e2e8=0000
[M8T] IN2 9aee=8000
[M8T] IN2 9aee=0000
[M8T] OUT2 86e8=0086
[M8T] OUT2 82e8=0034
[M8B] start cur=134,52 dyend=61 dpc=3251 dpitch=1024 doff=0 clip 66,48-637,65 compat=0
[M8T] IN2 9aee=0000
[M8T] OUT2 e2e8=0583
[M8T] OUT2 e2e8=4111
[M8T] OUT2 e2e8=1105
[M8T] OUT2 e2e8=8241
[M8T] IN2 9aee=0000
[M8T] OUT2 86e8=008f
[M8T] OUT2 82e8=0034
[M8B] start cur=143,52 dyend=61 dpc=3251 dpitch=1024 doff=0 clip 66,48-637,65 compat=0
[M8T] IN2 9aee=0000
[M8T] OUT2 e2e8=187a
[M8T] OUT2 e2e8=8220
[M8T] OUT2 e2e8=2108
[M8T] OUT2 e2e8=0078
[M8T] IN2 9aee=0000
[M8T] OUT2 86e8=0097
[M8T] OUT2 82e8=0034
[M8B] start cur=151,52 dyend=61 dpc=3251 dpitch=1024 doff=0 clip 66,48-637,65 compat=0
[M8T] IN2 9aee=0000
[M8T] OUT2 e2e8=187a
[M8T] OUT2 e2e8=8661
[M8T] OUT2 e2e8=6118
[M8T] OUT2 e2e8=0078
[M8T] IN2 9aee=0000
[M8T] OUT2 86e8=00a0
[M8T] OUT2 82e8=0034
[M8B] start cur=160,52 dyend=61 dpc=3251 dpitch=1024 doff=0 clip 66,48-637,65 compat=0
[M8T] IN2 9aee=0000
[M8T] OUT2 e2e8=18fa
[M8T] OUT2 e2e8=fa61
[M8T] OUT2 e2e8=2008
[M8T] OUT2 e2e8=0080
[M8T] IN2 9aee=0000
[M8T] OUT2 86e8=00a7
[M8T] OUT2 82e8=0034
[M8B] start cur=167,52 dyend=61 dpc=3251 dpitch=1024 doff=0 clip 66,48-637,65 compat=0
[M8T] IN2 9aee=0000
[M8T] OUT2 e2e8=0583
[M8T] OUT2 e2e8=4111
[M8T] OUT2 e2e8=0402
[M8T] OUT2 e2e8=1008
[M8T] IN2 9aee=0000
[M8T] OUT2 daee=0000
[M8T] OUT2 deee=0000
[M8T] OUT2 e2ee=05ff
[M8T] OUT2 e6ee=05ff
[M8T] IN2 9aee=f000
[M8T] IN2 9aee=0000
[M8T] OUT2 daee=0042
[M8T] OUT2 deee=0030
[M8T] OUT2 e2ee=027d
[M8T] OUT2 e6ee=0041
[M8T] IN2 9aee=f000
[M8T] IN2 9aee=0000
[M8T] OUT2 a6e8=0007
[M8T] IN2 9aee=f800
[M8T] IN2 9aee=0000
[M8T] OUT2 86e8=0044
[M8T] OUT2 82e8=0034
[M8B] start cur=68,52 dyend=61 dpc=3251 dpitch=1024 doff=0 clip 66,48-637,65 compat=0
[M8T] IN2 9aee=0000
[M8T] OUT2 e2e8=3080
[M8T] OUT2 e2e8=1105
[M8T] OUT2 e2e8=2422
[M8T] OUT2 e2e8=5544
[M8T] IN2 9aee=0000
[M8T] OUT2 e2e8=a00a
[M8T] OUT2 e2e8=1188
[M8T] OUT2 e2e8=0000
*** 1 repeats ***
[M8T] IN2 9aee=8000
[M8T] IN2 9aee=0000
[M8T] OUT2 86e8=0051
[M8T] OUT2 82e8=0034
[M8B] start cur=81,52 dyend=61 dpc=3251 dpitch=1024 doff=0 clip 66,48-637,65 compat=0
[M8T] IN2 9aee=0000
[M8T] OUT2 e2e8=18fa
[M8T] OUT2 e2e8=fa61
[M8T] OUT2 e2e8=6118
[M8T] OUT2 e2e8=0084
[M8T] IN2 9aee=0000
[M8T] OUT2 86e8=005a
[M8T] OUT2 82e8=0034
[M8B] start cur=90,52 dyend=61 dpc=3251 dpitch=1024 doff=0 clip 66,48-637,65 compat=0
[M8T] IN2 9aee=0000
[M8T] OUT2 e2e8=08f9
[M8T] OUT2 e2e8=1042
[M8T] OUT2 e2e8=2084
[M8T] OUT2 e2e8=0000
[M8T] IN2 9aee=8000
[M8T] IN2 9aee=0000
[M8T] OUT2 86e8=0062
[M8T] OUT2 82e8=0034
[M8B] start cur=98,52 dyend=61 dpc=3251 dpitch=1024 doff=0 clip 66,48-637,65 compat=0
[M8T] IN2 9aee=0000
[M8T] OUT2 e2e8=21fc
[M8T] OUT2 e2e8=420f
[M8T] OUT2 e2e8=f810
[M8T] OUT2 e2e8=0000
[M8T] IN2 9aee=8000
[M8T] IN2 9aee=0000
[M8T] OUT2 86e8=006a
[M8T] OUT2 82e8=0034
[M8B] start cur=106,52 dyend=61 dpc=3251 dpitch=1024 doff=0 clip 66,48-637,65 compat=0
[M8T] IN2 9aee=0000
[M8T] OUT2 e2e8=6174
[M8T] OUT2 e2e8=0407
[M8T] OUT2 e2e8=7031
[M8T] OUT2 e2e8=0000
[M8T] IN2 9aee=8000
[M8T] IN2 9aee=0000
[M8T] OUT2 86e8=0072
[M8T] OUT2 82e8=0034
[M8B] start cur=114,52 dyend=61 dpc=3251 dpitch=1024 doff=0 clip 66,48-637,65 compat=0
[M8T] IN2 9aee=0000
[M8T] OUT2 e2e8=08f9
[M8T] OUT2 e2e8=1042
[M8T] OUT2 e2e8=2084
[M8T] OUT2 e2e8=0000
[M8T] IN2 9aee=8000
[M8T] IN2 9aee=0000
[M8T] OUT2 86e8=007e
[M8T] OUT2 82e8=0039
[M8B] start cur=126,57 dyend=58 dpc=3251 dpitch=1024 doff=0 clip 66,48-637,65 compat=0
[M8T] IN2 9aee=0000
[M8T] OUT2 e2e8=00c0
[M8T] OUT2 e2e8=0000
[M8T] IN2 9aee=8000
[M8T] IN2 9aee=0000
[M8T] OUT2 86e8=0085
[M8T] OUT2 82e8=0034
[M8B] start cur=133,52 dyend=61 dpc=3251 dpitch=1024 doff=0 clip 66,48-637,65 compat=0
[M8T] IN2 9aee=0000
[M8T] OUT2 e2e8=0583
[M8T] OUT2 e2e8=4111
[M8T] OUT2 e2e8=1105
[M8T] OUT2 e2e8=8241
[M8T] IN2 9aee=0000
[M8T] OUT2 86e8=008e
[M8T] OUT2 82e8=0034
[M8B] start cur=142,52 dyend=61 dpc=3251 dpitch=1024 doff=0 clip 66,48-637,65 compat=0
[M8T] IN2 9aee=0000
[M8T] OUT2 e2e8=187a
[M8T] OUT2 e2e8=8220
[M8T] OUT2 e2e8=2108
[M8T] OUT2 e2e8=0078
[M8T] IN2 9aee=0000
[M8T] OUT2 86e8=0096
[M8T] OUT2 82e8=0034
[M8B] start cur=150,52 dyend=61 dpc=3251 dpitch=1024 doff=0 clip 66,48-637,65 compat=0
[M8T] IN2 9aee=0000
[M8T] OUT2 e2e8=187a
[M8T] OUT2 e2e8=8661
[M8T] OUT2 e2e8=6118
[M8T] OUT2 e2e8=0078
[M8T] IN2 9aee=0000
[M8T] OUT2 86e8=009f
[M8T] OUT2 82e8=0034
[M8B] start cur=159,52 dyend=61 dpc=3251 dpitch=1024 doff=0 clip 66,48-637,65 compat=0
[M8T] IN2 9aee=0000
[M8T] OUT2 e2e8=18fa
[M8T] OUT2 e2e8=fa61
[M8T] OUT2 e2e8=2008
[M8T] OUT2 e2e8=0080
[M8T] IN2 9aee=0000
[M8T] OUT2 86e8=00a6
[M8T] OUT2 82e8=0034
[M8B] start cur=166,52 dyend=61 dpc=3251 dpitch=1024 doff=0 clip 66,48-637,65 compat=0
[M8T] IN2 9aee=0000
[M8T] OUT2 e2e8=0583
[M8T] OUT2 e2e8=4111
[M8T] OUT2 e2e8=0402
[M8T] OUT2 e2e8=1008
[M8T] IN2 9aee=0000
[M8T] OUT2 daee=0000
[M8T] OUT2 deee=0000
[M8T] OUT2 e2ee=05ff
[M8T] OUT2 e6ee=05ff
[M8T] IN2 9aee=f000
[M8T] IN2 9aee=0000
[M8T] IN2 9ae8=0000
[M8T] OUT2 daee=003e
[M8T] OUT2 e2ee=004f
[M8T] OUT2 86e8=003e
[M8T] OUT2 82e8=02ea
[M8B] start cur=62,746 dyend=764 dpc=5211 dpitch=1024 doff=0 clip 62,0-79,1535 compat=0
[M8T] OUT2 e2e8=0707
*** 9 repeats ***
[M8T] OUT2 e2e8=0007
[M8T] OUT2 e2e8=0000
[M8T] OUT2 e2e8=0707
[M8T] OUT2 e2e8=0000
*** 3 repeats ***
[M8T] OUT2 e2e8=0707
*** 1 repeats ***
[M8T] OUT2 e2e8=0007
[M8T] OUT2 e2e8=00f7
[M8T] OUT2 e2e8=0007
[M8T] OUT2 e2e8=f7f8
[M8T] OUT2 e2e8=0000
[M8T] OUT2 e2e8=00f8
[M8T] OUT2 e2e8=f700
[M8T] OUT2 e2e8=0700
[M8T] OUT2 e2e8=0707
[M8T] OUT2 e2e8=0007
[M8T] OUT2 e2e8=f8f8
[M8T] OUT2 e2e8=0000
[M8T] OUT2 e2e8=f7f7
[M8T] OUT2 e2e8=0000
*** 2 repeats ***
[M8T] OUT2 e2e8=0700
[M8T] OUT2 e2e8=0707
[M8T] OUT2 e2e8=0007
[M8T] OUT2 e2e8=f800
*** 1 repeats ***
[M8T] OUT2 e2e8=f700
[M8T] OUT2 e2e8=0000
*** 1 repeats ***
[M8T] OUT2 e2e8=00f8
[M8T] OUT2 e2e8=0707
*** 1 repeats ***
[M8T] OUT2 e2e8=0007
[M8T] OUT2 e2e8=0000
[M8T] OUT2 e2e8=f8f8
[M8T] OUT2 e2e8=f700
[M8T] OUT2 e2e8=0000
[M8T] OUT2 e2e8=0700
[M8T] OUT2 e2e8=f700
[M8T] OUT2 e2e8=0700
[M8T] OUT2 e2e8=0707
[M8T] OUT2 e2e8=0007
[M8T] OUT2 e2e8=0000
[M8T] OUT2 e2e8=00f8
[M8T] OUT2 e2e8=f700
[M8T] OUT2 e2e8=0000
[M8T] OUT2 e2e8=00f8
[M8T] OUT2 e2e8=f8f8
[M8T] OUT2 e2e8=0700
[M8T] OUT2 e2e8=0707
[M8T] OUT2 e2e8=0100
[M8T] OUT2 e2e8=0101
[M8T] OUT2 e2e8=0001
[M8T] OUT2 e2e8=0404
[M8T] OUT2 e2e8=0004
[M8T] OUT2 e2e8=0303
[M8T] OUT2 e2e8=0003
[M8T] OUT2 e2e8=0700
[M8T] OUT2 e2e8=0707
[M8T] OUT2 e2e8=f900
[M8T] OUT2 e2e8=f9f9
[M8T] OUT2 e2e8=0401
[M8T] OUT2 e2e8=fcfc
[M8T] OUT2 e2e8=0304
[M8T] OUT2 e2e8=fbfb
*** 1 repeats ***
[M8T] OUT2 e2e8=0003
[M8T] OUT2 e2e8=0707
[M8T] OUT2 e2e8=f900
[M8T] OUT2 e2e8=0101
[M8T] OUT2 e2e8=fc00
[M8T] OUT2 e2e8=0000
[M8T] OUT2 e2e8=fb00
[M8T] OUT2 e2e8=0400
[M8T] OUT2 e2e8=0300
[M8T] OUT2 e2e8=0003
[M8T] OUT2 e2e8=0707
[M8T] OUT2 e2e8=f900
[M8T] OUT2 e2e8=0001
[M8T] OUT2 e2e8=0404
[M8T] OUT2 e2e8=0101
[M8T] OUT2 e2e8=fb00
[M8T] OUT2 e2e8=fc00
[M8T] OUT2 e2e8=0000
[M8T] OUT2 e2e8=0700
[M8T] OUT2 e2e8=0707
[M8T] OUT2 e2e8=f900
[M8T] OUT2 e2e8=0701
[M8T] OUT2 e2e8=0404
[M8T] OUT2 e2e8=0101
[M8T] OUT2 e2e8=0007
[M8T] OUT2 e2e8=fc00
[M8T] OUT2 e2e8=0303
[M8T] OUT2 e2e8=0700
[M8T] OUT2 e2e8=0707
[M8T] OUT2 e2e8=f900
[M8T] OUT2 e2e8=0701
[M8T] OUT2 e2e8=0404
[M8T] OUT2 e2e8=0101
[M8T] OUT2 e2e8=0007
[M8T] OUT2 e2e8=fc00
[M8T] OUT2 e2e8=fb00
[M8T] OUT2 e2e8=00fb
[M8T] OUT2 e2e8=0707
[M8T] OUT2 e2e8=f900
[M8T] OUT2 e2e8=0001
[M8T] OUT2 e2e8=0100
[M8T] OUT2 e2e8=00f9
[M8T] OUT2 e2e8=fb00
[M8T] OUT2 e2e8=0003
[M8T] OUT2 e2e8=0300
[M8T] OUT2 e2e8=00fb
[M8T] OUT2 e2e8=0707
[M8T] OUT2 e2e8=f900
[M8T] OUT2 e2e8=f9f9
*** 1 repeats ***
[M8T] OUT2 e2e8=0400
[M8T] OUT2 e2e8=0304
[M8T] OUT2 e2e8=fbfb
*** 1 repeats ***
[M8T] OUT2 e2e8=0003
[M8T] OUT2 e2e8=0707
[M8T] OUT2 e2e8=f900
[M8T] OUT2 e2e8=0101
*** 1 repeats ***
[M8T] OUT2 e2e8=0400
[M8T] OUT2 e2e8=0004
[M8T] OUT2 e2e8=0303
*** 1 repeats ***
[M8T] OUT2 e2e8=0000
[M8T] OUT2 e2e8=0707
[M8T] OUT2 e2e8=0000
*** 6 repeats ***
[M8T] OUT2 e2e8=0700
[M8T] OUT2 e2e8=0707
*** 8 repeats ***
[M8B] end cur=62,764
[M8T] IN2 9aee=0000
[M8T] OUT2 daee=0000
[M8T] OUT2 e2ee=05ff
[M8T] IN2 9aee=c000
[M8T] IN2 9aee=0000
[M8T] OUT2 a6e8=0707
[M8T] OUT2 86e8=0050
[M8T] OUT2 82e8=02ea
[M8B] start cur=80,746 dyend=764 dpc=2211 dpitch=1024 doff=0 clip 0,0-1535,1535 compat=0
[M8B] end cur=80,764
[M8T] IN2 9aee=0000
[M8T] OUT2 daee=0050
[M8T] OUT2 deee=02ea
[M8T] OUT2 e2ee=00d9
[M8T] OUT2 e6ee=02fb
[M8T] IN2 9aee=f000
[M8T] IN2 9aee=0000
[M8T] OUT2 a6e8=0007
[M8T] IN2 9aee=e000
[M8T] IN2 9aee=0000
[M8T] OUT2 86e8=0052
[M8T] OUT2 82e8=02ec
[M8B] start cur=82,748 dyend=761 dpc=2211 dpitch=1024 doff=0 clip 80,746-217,763 compat=0
[M8B] end cur=82,761
[M8T] IN2 9aee=0000
[M8T] OUT2 a6e8=0000
[M8T] IN2 9aee=f800
[M8T] IN2 9aee=0000
[M8T] OUT2 86e8=0052
[M8T] OUT2 82e8=02ee
[M8B] start cur=82,750 dyend=759 dpc=3251 dpitch=1024 doff=0 clip 80,746-217,763 compat=0
[M8T] OUT2 e2e8=3080
[M8T] OUT2 e2e8=1105
[M8T] OUT2 e2e8=2422
[M8T] OUT2 e2e8=5544
[M8T] OUT2 e2e8=a00a
[M8T] OUT2 e2e8=1188
[M8T] OUT2 e2e8=0000
*** 1 repeats ***
[M8T] IN2 9aee=8000
[M8T] IN2 9aee=0000
[M8T] OUT2 86e8=005e
[M8T] OUT2 82e8=02ee
[M8B] start cur=94,750 dyend=759 dpc=3251 dpitch=1024 doff=0 clip 80,746-217,763 compat=0
[M8T] OUT2 e2e8=18fa
[M8T] OUT2 e2e8=fa61
[M8T] OUT2 e2e8=6118
[M8T] OUT2 e2e8=0084
[M8T] OUT2 86e8=0066
[M8T] OUT2 82e8=02ee
[M8B] start cur=102,750 dyend=759 dpc=3251 dpitch=1024 doff=0 clip 80,746-217,763 compat=0
[M8T] OUT2 e2e8=08f9
[M8T] OUT2 e2e8=1042
[M8T] IN2 9aee=0000
[M8T] OUT2 e2e8=2084
[M8T] OUT2 e2e8=0000
[M8T] OUT2 86e8=006d
[M8T] OUT2 82e8=02ee
[M8B] start cur=109,750 dyend=759 dpc=3251 dpitch=1024 doff=0 clip 80,746-217,763 compat=0
[M8T] OUT2 e2e8=21fc
[M8T] OUT2 e2e8=420f
[M8T] OUT2 e2e8=f810
[M8T] OUT2 e2e8=0000
[M8T] OUT2 86e8=0074
[M8T] OUT2 82e8=02ee
[M8B] start cur=116,750 dyend=759 dpc=3251 dpitch=1024 doff=0 clip 80,746-217,763 compat=0
[M8T] IN2 9aee=0000
[M8T] OUT2 e2e8=6174
[M8T] OUT2 e2e8=0407
[M8T] OUT2 e2e8=7031
[M8T] OUT2 e2e8=0000
[M8T] OUT2 86e8=007b
[M8T] OUT2 82e8=02ee
[M8B] start cur=123,750 dyend=759 dpc=3251 dpitch=1024 doff=0 clip 80,746-217,763 compat=0
[M8T] OUT2 e2e8=08f9
[M8T] OUT2 e2e8=1042
[M8T] OUT2 e2e8=2084
[M8T] OUT2 e2e8=0000
[M8T] IN2 9aee=8000
[M8T] IN2 9aee=0000
[M8T] OUT2 86e8=0085
[M8T] OUT2 82e8=02f3
[M8B] start cur=133,755 dyend=756 dpc=3251 dpitch=1024 doff=0 clip 80,746-217,763 compat=0
[M8T] OUT2 e2e8=00c0
[M8T] OUT2 e2e8=0000
[M8T] OUT2 86e8=008a
[M8T] OUT2 82e8=02ee
[M8B] start cur=138,750 dyend=759 dpc=3251 dpitch=1024 doff=0 clip 80,746-217,763 compat=0
[M8T] OUT2 e2e8=0583
[M8T] OUT2 e2e8=4111
[M8T] OUT2 e2e8=1105
[M8T] OUT2 e2e8=8241
[M8T] IN2 9aee=0000
[M8T] OUT2 86e8=0092
[M8T] OUT2 82e8=02ee
[M8B] start cur=146,750 dyend=759 dpc=3251 dpitch=1024 doff=0 clip 80,746-217,763 compat=0
[M8T] OUT2 e2e8=187a
[M8T] OUT2 e2e8=8220
[M8T] OUT2 e2e8=2108
[M8T] OUT2 e2e8=0078
[M8T] OUT2 86e8=0099
[M8T] OUT2 82e8=02ee
[M8B] start cur=153,750 dyend=759 dpc=3251 dpitch=1024 doff=0 clip 80,746-217,763 compat=0
[M8T] OUT2 e2e8=187a
[M8T] OUT2 e2e8=8661
[M8T] IN2 9aee=0000
[M8T] OUT2 e2e8=6118
[M8T] OUT2 e2e8=0078
[M8T] OUT2 86e8=00a1
[M8T] OUT2 82e8=02ee
[M8B] start cur=161,750 dyend=759 dpc=3251 dpitch=1024 doff=0 clip 80,746-217,763 compat=0
[M8T] OUT2 e2e8=18fa
[M8T] OUT2 e2e8=fa61
[M8T] OUT2 e2e8=2008
[M8T] OUT2 e2e8=0080
[M8T] OUT2 86e8=00a7
[M8T] OUT2 82e8=02ee
[M8B] start cur=167,750 dyend=759 dpc=3251 dpitch=1024 doff=0 clip 80,746-217,763 compat=0
[M8T] IN2 9aee=0000
[M8T] OUT2 e2e8=0583
[M8T] OUT2 e2e8=4111
[M8T] OUT2 e2e8=0402
[M8T] OUT2 e2e8=1008
[M8T] IN2 9aee=0000
[M8T] OUT2 daee=0000
[M8T] OUT2 deee=0000
[M8T] OUT2 e2ee=05ff
[M8T] OUT2 e6ee=05ff
[M8T] IN2 9aee=f000
[M8T] IN2 9aee=0000
[M8T] OUT2 a6e8=0707
[M8T] OUT2 86e8=0030
[M8T] OUT2 82e8=0042
[M8B] start cur=48,66 dyend=67 dpc=2211 dpitch=1024 doff=0 clip 0,0-1535,1535 compat=0
[M8B] end cur=48,67
[M8T] IN2 9aee=0000
[M8T] OUT2 a6e8=f8f8
[M8T] OUT2 86e8=0042
[M8T] OUT2 82e8=0030
[M8B] start cur=66,48 dyend=66 dpc=2211 dpitch=1024 doff=0 clip 0,0-1535,1535 compat=0
[M8B] end cur=66,66
[M8T] IN2 9aee=0000
[M8T] OUT2 daee=0042
[M8T] OUT2 deee=0030
[M8T] OUT2 e2ee=027d
[M8T] OUT2 e6ee=0041
[M8T] IN2 9aee=f000
[M8T] IN2 9aee=0000
[M8T] OUT2 a6e8=00f8
[M8T] IN2 9aee=e000
[M8T] IN2 9aee=0000
[M8T] OUT2 86e8=0044
[M8T] OUT2 82e8=0032
[M8B] start cur=68,50 dyend=63 dpc=2211 dpitch=1024 doff=0 clip 66,48-637,65 compat=0
[M8B] end cur=68,63
[M8T] IN2 9aee=0000
[M8T] OUT2 a6e8=0007
[M8T] IN2 9aee=f800
[M8T] IN2 9aee=0000
[M8T] OUT2 daee=0000
[M8T] OUT2 deee=0000
[M8T] OUT2 e2ee=05ff
[M8T] OUT2 e6ee=05ff
[M8T] IN2 9aee=f000
[M8T] IN2 9aee=0000
[M8T] OUT2 daee=0042
[M8T] OUT2 deee=0030
[M8T] OUT2 e2ee=027d
[M8T] OUT2 e6ee=0041
[M8T] IN2 9aee=f000
[M8T] IN2 9aee=0000
[M8T] OUT2 a6e8=00f8
[M8T] IN2 9aee=e000
[M8T] IN2 9aee=0000
[M8T] OUT2 86e8=0045
[M8T] OUT2 82e8=0032
[M8B] start cur=69,50 dyend=63 dpc=2211 dpitch=1024 doff=0 clip 66,48-637,65 compat=0
[M8B] end cur=69,63
[M8T] IN2 9aee=0000
[M8T] OUT2 a6e8=0007
[M8T] IN2 9aee=f800
[M8T] IN2 9aee=0000
[M8T] OUT2 86e8=0045
[M8T] OUT2 82e8=0034
[M8B] start cur=69,52 dyend=61 dpc=3251 dpitch=1024 doff=0 clip 66,48-637,65 compat=0
[M8T] IN2 9aee=0000
[M8T] OUT2 e2e8=3080
[M8T] OUT2 e2e8=1105
[M8T] OUT2 e2e8=2422
[M8T] OUT2 e2e8=5544
[M8T] IN2 9aee=0000
[M8T] OUT2 e2e8=a00a
[M8T] OUT2 e2e8=1188
[M8T] OUT2 e2e8=0000
*** 1 repeats ***
[M8T] IN2 9aee=8000
[M8T] IN2 9aee=0000
[M8T] OUT2 86e8=0052
[M8T] OUT2 82e8=0034
[M8B] start cur=82,52 dyend=61 dpc=3251 dpitch=1024 doff=0 clip 66,48-637,65 compat=0
[M8T] IN2 9aee=0000
[M8T] OUT2 e2e8=18fa
[M8T] OUT2 e2e8=fa61
[M8T] OUT2 e2e8=6118
[M8T] OUT2 e2e8=0084
[M8T] IN2 9aee=0000
[M8T] OUT2 86e8=005b
[M8T] OUT2 82e8=0034
[M8B] start cur=91,52 dyend=61 dpc=3251 dpitch=1024 doff=0 clip 66,48-637,65 compat=0
[M8T] IN2 9aee=0000
[M8T] OUT2 e2e8=08f9
[M8T] OUT2 e2e8=1042
[M8T] OUT2 e2e8=2084
[M8T] OUT2 e2e8=0000
[M8T] IN2 9aee=8000
[M8T] IN2 9aee=0000
[M8T] OUT2 86e8=0063
[M8T] OUT2 82e8=0034
[M8B] start cur=99,52 dyend=61 dpc=3251 dpitch=1024 doff=0 clip 66,48-637,65 compat=0
[M8T] IN2 9aee=0000
[M8T] OUT2 e2e8=21fc
[M8T] OUT2 e2e8=420f
[M8T] OUT2 e2e8=f810
[M8T] OUT2 e2e8=0000
[M8T] IN2 9aee=8000
[M8T] IN2 9aee=0000
[M8T] OUT2 86e8=006b
[M8T] OUT2 82e8=0034
[M8B] start cur=107,52 dyend=61 dpc=3251 dpitch=1024 doff=0 clip 66,48-637,65 compat=0
[M8T] IN2 9aee=0000
[M8T] OUT2 e2e8=6174
[M8T] OUT2 e2e8=0407
[M8T] OUT2 e2e8=7031
[M8T] OUT2 e2e8=0000
[M8T] IN2 9aee=8000
[M8T] IN2 9aee=0000
[M8T] OUT2 86e8=0073
[M8T] OUT2 82e8=0034
[M8B] start cur=115,52 dyend=61 dpc=3251 dpitch=1024 doff=0 clip 66,48-637,65 compat=0
[M8T] IN2 9aee=0000
[M8T] OUT2 e2e8=08f9
[M8T] OUT2 e2e8=1042
[M8T] OUT2 e2e8=2084
[M8T] OUT2 e2e8=0000
[M8T] IN2 9aee=8000
[M8T] IN2 9aee=0000
[M8T] OUT2 daee=0000
[M8T] OUT2 deee=0000
[M8T] OUT2 e2ee=05ff
[M8T] OUT2 e6ee=05ff
[M8T] IN2 9aee=f000
[M8T] IN2 9aee=0000
[M8T] OUT2 daee=0042
[M8T] OUT2 deee=0030
[M8T] OUT2 e2ee=027d
[M8T] OUT2 e6ee=0041
[M8T] IN2 9aee=f000
[M8T] IN2 9aee=0000
[M8T] OUT2 a6e8=0007
[M8T] IN2 9aee=f800
[M8T] IN2 9aee=0000
[M8T] OUT2 86e8=0044
[M8T] OUT2 82e8=0034
[M8B] start cur=68,52 dyend=61 dpc=3251 dpitch=1024 doff=0 clip 66,48-637,65 compat=0
[M8T] IN2 9aee=0000
[M8T] OUT2 e2e8=3080
[M8T] OUT2 e2e8=1105
[M8T] OUT2 e2e8=2422
[M8T] OUT2 e2e8=5544
[M8T] IN2 9aee=0000
[M8T] OUT2 e2e8=a00a
[M8T] OUT2 e2e8=1188
[M8T] OUT2 e2e8=0000
*** 1 repeats ***
[M8T] IN2 9aee=8000
[M8T] IN2 9aee=0000
[M8T] OUT2 86e8=0051
[M8T] OUT2 82e8=0034
[M8B] start cur=81,52 dyend=61 dpc=3251 dpitch=1024 doff=0 clip 66,48-637,65 compat=0
[M8T] IN2 9aee=0000
[M8T] OUT2 e2e8=18fa
[M8T] OUT2 e2e8=fa61
[M8T] OUT2 e2e8=6118
[M8T] OUT2 e2e8=0084
[M8T] IN2 9aee=0000
[M8T] OUT2 86e8=005a
[M8T] OUT2 82e8=0034
[M8B] start cur=90,52 dyend=61 dpc=3251 dpitch=1024 doff=0 clip 66,48-637,65 compat=0
[M8T] IN2 9aee=0000
[M8T] OUT2 e2e8=08f9
[M8T] OUT2 e2e8=1042
[M8T] OUT2 e2e8=2084
[M8T] OUT2 e2e8=0000
[M8T] IN2 9aee=8000
[M8T] IN2 9aee=0000
[M8T] OUT2 86e8=0062
[M8T] OUT2 82e8=0034
[M8B] start cur=98,52 dyend=61 dpc=3251 dpitch=1024 doff=0 clip 66,48-637,65 compat=0
[M8T] IN2 9aee=0000
[M8T] OUT2 e2e8=21fc
[M8T] OUT2 e2e8=420f
[M8T] OUT2 e2e8=f810
[M8T] OUT2 e2e8=0000
[M8T] IN2 9aee=8000
[M8T] IN2 9aee=0000
[M8T] OUT2 86e8=006a
[M8T] OUT2 82e8=0034
[M8B] start cur=106,52 dyend=61 dpc=3251 dpitch=1024 doff=0 clip 66,48-637,65 compat=0
[M8T] IN2 9aee=0000
[M8T] OUT2 e2e8=6174
[M8T] OUT2 e2e8=0407
[M8T] OUT2 e2e8=7031
[M8T] OUT2 e2e8=0000
[M8T] IN2 9aee=8000
[M8T] IN2 9aee=0000
[M8T] OUT2 86e8=0072
[M8T] OUT2 82e8=0034
[M8B] start cur=114,52 dyend=61 dpc=3251 dpitch=1024 doff=0 clip 66,48-637,65 compat=0
[M8T] IN2 9aee=0000
[M8T] OUT2 e2e8=08f9
[M8T] OUT2 e2e8=1042
[M8T] OUT2 e2e8=2084
[M8T] OUT2 e2e8=0000
[M8T] IN2 9aee=8000
[M8T] IN2 9aee=0000
[M8T] OUT2 daee=0000
[M8T] OUT2 deee=0000
[M8T] OUT2 e2ee=05ff
[M8T] OUT2 e6ee=05ff
[M8T] IN2 9aee=f000
[M8T] IN2 9aee=0000
[M8T] IN2 9ae8=0000
[M8T] OUT2 daee=003e
[M8T] OUT2 e2ee=004f
[M8T] OUT2 86e8=003e
[M8T] OUT2 82e8=02ea
[M8B] start cur=62,746 dyend=764 dpc=5211 dpitch=1024 doff=0 clip 62,0-79,1535 compat=0
[M8T] OUT2 e2e8=0707
*** 9 repeats ***
[M8T] OUT2 e2e8=0007
[M8T] OUT2 e2e8=0000
[M8T] OUT2 e2e8=0707
[M8T] OUT2 e2e8=0000
*** 3 repeats ***
[M8T] OUT2 e2e8=0707
*** 1 repeats ***
[M8T] OUT2 e2e8=0007
[M8T] OUT2 e2e8=00f7
[M8T] OUT2 e2e8=0007
[M8T] OUT2 e2e8=f7f8
[M8T] OUT2 e2e8=0000
[M8T] OUT2 e2e8=00f8
[M8T] OUT2 e2e8=f700
[M8T] OUT2 e2e8=0700
[M8T] OUT2 e2e8=0707
[M8T] OUT2 e2e8=0007
[M8T] OUT2 e2e8=f8f8
[M8T] OUT2 e2e8=0000
[M8T] OUT2 e2e8=f7f7
[M8T] OUT2 e2e8=0000
*** 2 repeats ***
[M8T] OUT2 e2e8=0700
[M8T] OUT2 e2e8=0707
[M8T] OUT2 e2e8=0007
[M8T] OUT2 e2e8=f800
*** 1 repeats ***
[M8T] OUT2 e2e8=f700
[M8T] OUT2 e2e8=0000
*** 1 repeats ***
[M8T] OUT2 e2e8=00f8
[M8T] OUT2 e2e8=0707
*** 1 repeats ***
[M8T] OUT2 e2e8=0007
[M8T] OUT2 e2e8=0000
[M8T] OUT2 e2e8=f8f8
[M8T] OUT2 e2e8=f700
[M8T] OUT2 e2e8=0000
[M8T] OUT2 e2e8=0700
[M8T] OUT2 e2e8=f700
[M8T] OUT2 e2e8=0700
[M8T] OUT2 e2e8=0707
[M8T] OUT2 e2e8=0007
[M8T] OUT2 e2e8=0000
[M8T] OUT2 e2e8=00f8
[M8T] OUT2 e2e8=f700
[M8T] OUT2 e2e8=0000
[M8T] OUT2 e2e8=00f8
[M8T] OUT2 e2e8=f8f8
[M8T] OUT2 e2e8=0700
[M8T] OUT2 e2e8=0707
[M8T] OUT2 e2e8=0100
[M8T] OUT2 e2e8=0101
[M8T] OUT2 e2e8=0001
[M8T] OUT2 e2e8=0404
[M8T] OUT2 e2e8=0004
[M8T] OUT2 e2e8=0303
[M8T] OUT2 e2e8=0003
[M8T] OUT2 e2e8=0700
[M8T] OUT2 e2e8=0707
[M8T] OUT2 e2e8=f900
[M8T] OUT2 e2e8=f9f9
[M8T] OUT2 e2e8=0401
[M8T] OUT2 e2e8=fcfc
[M8T] OUT2 e2e8=0304
[M8T] OUT2 e2e8=fbfb
*** 1 repeats ***
[M8T] OUT2 e2e8=0003
[M8T] OUT2 e2e8=0707
[M8T] OUT2 e2e8=f900
[M8T] OUT2 e2e8=0101
[M8T] OUT2 e2e8=fc00
[M8T] OUT2 e2e8=0000
[M8T] OUT2 e2e8=fb00
[M8T] OUT2 e2e8=0400
[M8T] OUT2 e2e8=0300
[M8T] OUT2 e2e8=0003
[M8T] OUT2 e2e8=0707
[M8T] OUT2 e2e8=f900
[M8T] OUT2 e2e8=0001
[M8T] OUT2 e2e8=0404
[M8T] OUT2 e2e8=0101
[M8T] OUT2 e2e8=fb00
[M8T] OUT2 e2e8=fc00
[M8T] OUT2 e2e8=0000
[M8T] OUT2 e2e8=0700
[M8T] OUT2 e2e8=0707
[M8T] OUT2 e2e8=f900
[M8T] OUT2 e2e8=0701
[M8T] OUT2 e2e8=0404
[M8T] OUT2 e2e8=0101
[M8T] OUT2 e2e8=0007
[M8T] OUT2 e2e8=fc00
[M8T] OUT2 e2e8=0303
[M8T] OUT2 e2e8=0700
[M8T] OUT2 e2e8=0707
[M8T] OUT2 e2e8=f900
[M8T] OUT2 e2e8=0701
[M8T] OUT2 e2e8=0404
[M8T] OUT2 e2e8=0101
[M8T] OUT2 e2e8=0007
[M8T] OUT2 e2e8=fc00
[M8T] OUT2 e2e8=fb00
[M8T] OUT2 e2e8=00fb
[M8T] OUT2 e2e8=0707
[M8T] OUT2 e2e8=f900
[M8T] OUT2 e2e8=0001
[M8T] OUT2 e2e8=0100
[M8T] OUT2 e2e8=00f9
[M8T] OUT2 e2e8=fb00
[M8T] OUT2 e2e8=0003
[M8T] OUT2 e2e8=0300
[M8T] OUT2 e2e8=00fb
[M8T] OUT2 e2e8=0707
[M8T] OUT2 e2e8=f900
[M8T] OUT2 e2e8=f9f9
*** 1 repeats ***
[M8T] OUT2 e2e8=0400
[M8T] OUT2 e2e8=0304
[M8T] OUT2 e2e8=fbfb
*** 1 repeats ***
[M8T] OUT2 e2e8=0003
[M8T] OUT2 e2e8=0707
[M8T] OUT2 e2e8=f900
[M8T] OUT2 e2e8=0101
*** 1 repeats ***
[M8T] OUT2 e2e8=0400
[M8T] OUT2 e2e8=0004
[M8T] OUT2 e2e8=0303
*** 1 repeats ***
[M8T] OUT2 e2e8=0000
[M8T] OUT2 e2e8=0707
[M8T] OUT2 e2e8=0000
*** 6 repeats ***
[M8T] OUT2 e2e8=0700
[M8T] OUT2 e2e8=0707
*** 8 repeats ***
[M8B] end cur=62,764
[M8T] IN2 9aee=0000
[M8T] OUT2 daee=0000
[M8T] OUT2 e2ee=05ff
[M8T] IN2 9aee=c000
[M8T] IN2 9aee=0000
[M8T] OUT2 a6e8=0707
[M8T] OUT2 86e8=0050
[M8T] OUT2 82e8=02ea
[M8B] start cur=80,746 dyend=764 dpc=2211 dpitch=1024 doff=0 clip 0,0-1535,1535 compat=0
[M8B] end cur=80,764
[M8T] IN2 9aee=0000
[M8T] OUT2 daee=0050
[M8T] OUT2 deee=02ea
[M8T] OUT2 e2ee=00d9
[M8T] OUT2 e6ee=02fb
[M8T] IN2 9aee=f000
[M8T] IN2 9aee=0000
[M8T] OUT2 a6e8=0007
[M8T] IN2 9aee=e000
[M8T] IN2 9aee=0000
[M8T] OUT2 86e8=0052
[M8T] OUT2 82e8=02ec
[M8B] start cur=82,748 dyend=761 dpc=2211 dpitch=1024 doff=0 clip 80,746-217,763 compat=0
[M8B] end cur=82,761
[M8T] IN2 9aee=0000
[M8T] OUT2 a6e8=0000
[M8T] IN2 9aee=f800
[M8T] IN2 9aee=0000
[M8T] OUT2 86e8=0052
[M8T] OUT2 82e8=02ee
[M8B] start cur=82,750 dyend=759 dpc=3251 dpitch=1024 doff=0 clip 80,746-217,763 compat=0
[M8T] OUT2 e2e8=3080
[M8T] OUT2 e2e8=1105
[M8T] OUT2 e2e8=2422
[M8T] OUT2 e2e8=5544
[M8T] OUT2 e2e8=a00a
[M8T] OUT2 e2e8=1188
[M8T] OUT2 e2e8=0000
*** 1 repeats ***
[M8T] IN2 9aee=8000
[M8T] IN2 9aee=0000
[M8T] OUT2 86e8=005e
[M8T] OUT2 82e8=02ee
[M8B] start cur=94,750 dyend=759 dpc=3251 dpitch=1024 doff=0 clip 80,746-217,763 compat=0
[M8T] OUT2 e2e8=18fa
[M8T] OUT2 e2e8=fa61
[M8T] OUT2 e2e8=6118
[M8T] OUT2 e2e8=0084
[M8T] OUT2 86e8=0066
[M8T] OUT2 82e8=02ee
[M8B] start cur=102,750 dyend=759 dpc=3251 dpitch=1024 doff=0 clip 80,746-217,763 compat=0
[M8T] OUT2 e2e8=08f9
[M8T] OUT2 e2e8=1042
[M8T] IN2 9aee=0000
[M8T] OUT2 e2e8=2084
[M8T] OUT2 e2e8=0000
[M8T] OUT2 86e8=006d
[M8T] OUT2 82e8=02ee
[M8B] start cur=109,750 dyend=759 dpc=3251 dpitch=1024 doff=0 clip 80,746-217,763 compat=0
[M8T] OUT2 e2e8=21fc
[M8T] OUT2 e2e8=420f
[M8T] OUT2 e2e8=f810
[M8T] OUT2 e2e8=0000
[M8T] OUT2 86e8=0074
[M8T] OUT2 82e8=02ee
[M8B] start cur=116,750 dyend=759 dpc=3251 dpitch=1024 doff=0 clip 80,746-217,763 compat=0
[M8T] IN2 9aee=0000
[M8T] OUT2 e2e8=6174
[M8T] OUT2 e2e8=0407
[M8T] OUT2 e2e8=7031
[M8T] OUT2 e2e8=0000
[M8T] OUT2 86e8=007b
[M8T] OUT2 82e8=02ee
[M8B] start cur=123,750 dyend=759 dpc=3251 dpitch=1024 doff=0 clip 80,746-217,763 compat=0
[M8T] OUT2 e2e8=08f9
[M8T] OUT2 e2e8=1042
[M8T] OUT2 e2e8=2084
[M8T] OUT2 e2e8=0000
[M8T] IN2 9aee=8000
[M8T] IN2 9aee=0000
[M8T] OUT2 daee=0000
[M8T] OUT2 deee=0000
[M8T] OUT2 e2ee=05ff
[M8T] OUT2 e6ee=05ff
[M8T] IN2 9aee=f000
[M8T] IN2 9aee=0000
[M8T] OUT2 a6e8=ffff
[M8T] OUT2 86e8=0032
[M8T] OUT2 82e8=006b
[M8B] start cur=50,107 dyend=109 dpc=2211 dpitch=1024 doff=0 clip 0,0-1535,1535 compat=0
[M8B] end cur=50,109
[M8T] IN2 9aee=0000
[M8T] OUT2 a6e8=0707
[M8T] OUT2 86e8=0030
[M8T] OUT2 82e8=0042
[M8B] start cur=48,66 dyend=67 dpc=2211 dpitch=1024 doff=0 clip 0,0-1535,1535 compat=0
[M8B] end cur=48,67
[M8T] IN2 9aee=0000
[M8T] OUT2 a6e8=f8f8
[M8T] OUT2 86e8=0042
[M8T] OUT2 82e8=0030
[M8B] start cur=66,48 dyend=66 dpc=2211 dpitch=1024 doff=0 clip 0,0-1535,1535 compat=0
[M8B] end cur=66,66
[M8T] IN2 9aee=0000
[M8T] OUT2 daee=0042
[M8T] OUT2 deee=0030
[M8T] OUT2 e2ee=027d
[M8T] OUT2 e6ee=0041
[M8T] IN2 9aee=f000
[M8T] IN2 9aee=0000
[M8T] OUT2 a6e8=00f8
[M8T] IN2 9aee=e000
[M8T] IN2 9aee=0000
[M8T] OUT2 86e8=0044
[M8T] OUT2 82e8=0032
[M8B] start cur=68,50 dyend=63 dpc=2211 dpitch=1024 doff=0 clip 66,48-637,65 compat=0
[M8B] end cur=68,63
[M8T] IN2 9aee=0000
[M8T] OUT2 a6e8=0007
[M8T] IN2 9aee=f800
[M8T] IN2 9aee=0000
[M8T] OUT2 daee=0000
[M8T] OUT2 deee=0000
[M8T] OUT2 e2ee=05ff
[M8T] OUT2 e6ee=05ff
[M8T] IN2 9aee=f000
[M8T] IN2 9aee=0000
[M8T] OUT2 daee=0042
[M8T] OUT2 deee=0030
[M8T] OUT2 e2ee=027d
[M8T] OUT2 e6ee=0041
[M8T] IN2 9aee=f000
[M8T] IN2 9aee=0000
[M8T] OUT2 a6e8=00f8
[M8T] IN2 9aee=e000
[M8T] IN2 9aee=0000
[M8T] OUT2 86e8=0045
[M8T] OUT2 82e8=0032
[M8B] start cur=69,50 dyend=63 dpc=2211 dpitch=1024 doff=0 clip 66,48-637,65 compat=0
[M8B] end cur=69,63
[M8T] IN2 9aee=0000
[M8T] OUT2 a6e8=0007
[M8T] IN2 9aee=f800
[M8T] IN2 9aee=0000
[M8T] OUT2 86e8=0045
[M8T] OUT2 82e8=0034
[M8B] start cur=69,52 dyend=61 dpc=3251 dpitch=1024 doff=0 clip 66,48-637,65 compat=0
[M8T] IN2 9aee=0000
[M8T] OUT2 e2e8=3080
[M8T] OUT2 e2e8=1105
[M8T] OUT2 e2e8=2422
[M8T] OUT2 e2e8=5544
[M8T] IN2 9aee=0000
[M8T] OUT2 e2e8=a00a
[M8T] OUT2 e2e8=1188
[M8T] OUT2 e2e8=0000
*** 1 repeats ***
[M8T] IN2 9aee=8000
[M8T] IN2 9aee=0000
[M8T] OUT2 86e8=0052
[M8T] OUT2 82e8=0034
[M8B] start cur=82,52 dyend=61 dpc=3251 dpitch=1024 doff=0 clip 66,48-637,65 compat=0
[M8T] IN2 9aee=0000
[M8T] OUT2 e2e8=18fa
[M8T] OUT2 e2e8=fa61
[M8T] OUT2 e2e8=6118
[M8T] OUT2 e2e8=0084
[M8T] IN2 9aee=0000
[M8T] OUT2 86e8=005b
[M8T] OUT2 82e8=0034
[M8B] start cur=91,52 dyend=61 dpc=3251 dpitch=1024 doff=0 clip 66,48-637,65 compat=0
[M8T] IN2 9aee=0000
[M8T] OUT2 e2e8=08f9
[M8T] OUT2 e2e8=1042
[M8T] OUT2 e2e8=2084
[M8T] OUT2 e2e8=0000
[M8T] IN2 9aee=8000
[M8T] IN2 9aee=0000
[M8T] OUT2 86e8=0063
[M8T] OUT2 82e8=0034
[M8B] start cur=99,52 dyend=61 dpc=3251 dpitch=1024 doff=0 clip 66,48-637,65 compat=0
[M8T] IN2 9aee=0000
[M8T] OUT2 e2e8=21fc
[M8T] OUT2 e2e8=420f
[M8T] OUT2 e2e8=f810
[M8T] OUT2 e2e8=0000
[M8T] IN2 9aee=8000
[M8T] IN2 9aee=0000
[M8T] OUT2 86e8=006b
[M8T] OUT2 82e8=0034
[M8B] start cur=107,52 dyend=61 dpc=3251 dpitch=1024 doff=0 clip 66,48-637,65 compat=0
[M8T] IN2 9aee=0000
[M8T] OUT2 e2e8=6174
[M8T] OUT2 e2e8=0407
[M8T] OUT2 e2e8=7031
[M8T] OUT2 e2e8=0000
[M8T] IN2 9aee=8000
[M8T] IN2 9aee=0000
[M8T] OUT2 86e8=0073
[M8T] OUT2 82e8=0034
[M8B] start cur=115,52 dyend=61 dpc=3251 dpitch=1024 doff=0 clip 66,48-637,65 compat=0
[M8T] IN2 9aee=0000
[M8T] OUT2 e2e8=08f9
[M8T] OUT2 e2e8=1042
[M8T] OUT2 e2e8=2084
[M8T] OUT2 e2e8=0000
[M8T] IN2 9aee=8000
[M8T] IN2 9aee=0000
[M8T] OUT2 86e8=007f
[M8T] OUT2 82e8=0039
[M8B] start cur=127,57 dyend=58 dpc=3251 dpitch=1024 doff=0 clip 66,48-637,65 compat=0
[M8T] IN2 9aee=0000
[M8T] OUT2 e2e8=00c0
[M8T] OUT2 e2e8=0000
[M8T] IN2 9aee=8000
[M8T] IN2 9aee=0000
[M8T] OUT2 86e8=0087
[M8T] OUT2 82e8=0034
[M8B] start cur=135,52 dyend=61 dpc=3251 dpitch=1024 doff=0 clip 66,48-637,65 compat=0
[M8T] IN2 9aee=0000
[M8T] OUT2 e2e8=187a
[M8T] OUT2 e2e8=8220
[M8T] OUT2 e2e8=2108
[M8T] OUT2 e2e8=0078
[M8T] IN2 9aee=0000
[M8T] OUT2 86e8=008f
[M8T] OUT2 82e8=0034
[M8B] start cur=143,52 dyend=61 dpc=3251 dpitch=1024 doff=0 clip 66,48-637,65 compat=0
[M8T] IN2 9aee=0000
[M8T] OUT2 e2e8=1886
[M8T] OUT2 e2e8=fe61
[M8T] OUT2 e2e8=6118
[M8T] OUT2 e2e8=0084
[M8T] IN2 9aee=0000
[M8T] OUT2 86e8=0098
[M8T] OUT2 82e8=0034
[M8B] start cur=152,52 dyend=61 dpc=3251 dpitch=1024 doff=0 clip 66,48-637,65 compat=0
[M8T] IN2 9aee=0000
[M8T] OUT2 e2e8=187a
[M8T] OUT2 e2e8=8661
[M8T] OUT2 e2e8=6118
[M8T] OUT2 e2e8=0078
[M8T] IN2 9aee=0000
[M8T] OUT2 86e8=00a1
[M8T] OUT2 82e8=0034
[M8B] start cur=161,52 dyend=61 dpc=3251 dpitch=1024 doff=0 clip 66,48-637,65 compat=0
[M8T] IN2 9aee=0000
[M8T] OUT2 e2e8=80ff
[M8T] OUT2 e2e8=0000
[M8T] IN2 9aee=8000
[M8T] IN2 9aee=0000
[M8T] OUT2 86e8=00a5
[M8T] OUT2 82e8=0034
[M8B] start cur=165,52 dyend=61 dpc=3251 dpitch=1024 doff=0 clip 66,48-637,65 compat=0
[M8T] IN2 9aee=0000
[M8T] OUT2 e2e8=187a
[M8T] OUT2 e2e8=8220
[M8T] OUT2 e2e8=2108
[M8T] OUT2 e2e8=0078
[M8T] IN2 9aee=0000
[M8T] OUT2 86e8=00ad
[M8T] OUT2 82e8=0034
[M8B] start cur=173,52 dyend=61 dpc=3251 dpitch=1024 doff=0 clip 66,48-637,65 compat=0
[M8T] IN2 9aee=0000
[M8T] OUT2 e2e8=21fc
[M8T] OUT2 e2e8=420f
[M8T] OUT2 e2e8=f810
[M8T] OUT2 e2e8=0000
[M8T] IN2 9aee=8000
[M8T] IN2 9aee=0000
[M8T] OUT2 daee=0000
[M8T] OUT2 deee=0000
[M8T] OUT2 e2ee=05ff
[M8T] OUT2 e6ee=05ff
[M8T] IN2 9aee=f000
[M8T] IN2 9aee=0000
[M8T] OUT2 daee=0042
[M8T] OUT2 deee=0030
[M8T] OUT2 e2ee=027d
[M8T] OUT2 e6ee=0041
[M8T] IN2 9aee=f000
[M8T] IN2 9aee=0000
[M8T] OUT2 a6e8=0007
[M8T] IN2 9aee=f800
[M8T] IN2 9aee=0000
[M8T] OUT2 86e8=0044
[M8T] OUT2 82e8=0034
[M8B] start cur=68,52 dyend=61 dpc=3251 dpitch=1024 doff=0 clip 66,48-637,65 compat=0
[M8T] IN2 9aee=0000
[M8T] OUT2 e2e8=3080
[M8T] OUT2 e2e8=1105
[M8T] OUT2 e2e8=2422
[M8T] OUT2 e2e8=5544
[M8T] IN2 9aee=0000
[M8T] OUT2 e2e8=a00a
[M8T] OUT2 e2e8=1188
[M8T] OUT2 e2e8=0000
*** 1 repeats ***
[M8T] IN2 9aee=8000
[M8T] IN2 9aee=0000
[M8T] OUT2 86e8=0051
[M8T] OUT2 82e8=0034
[M8B] start cur=81,52 dyend=61 dpc=3251 dpitch=1024 doff=0 clip 66,48-637,65 compat=0
[M8T] IN2 9aee=0000
[M8T] OUT2 e2e8=18fa
[M8T] OUT2 e2e8=fa61
[M8T] OUT2 e2e8=6118
[M8T] OUT2 e2e8=0084
[M8T] IN2 9aee=0000
[M8T] OUT2 86e8=005a
[M8T] OUT2 82e8=0034
[M8B] start cur=90,52 dyend=61 dpc=3251 dpitch=1024 doff=0 clip 66,48-637,65 compat=0
[M8T] IN2 9aee=0000
[M8T] OUT2 e2e8=08f9
[M8T] OUT2 e2e8=1042
[M8T] OUT2 e2e8=2084
[M8T] OUT2 e2e8=0000
[M8T] IN2 9aee=8000
[M8T] IN2 9aee=0000
[M8T] OUT2 86e8=0062
[M8T] OUT2 82e8=0034
[M8B] start cur=98,52 dyend=61 dpc=3251 dpitch=1024 doff=0 clip 66,48-637,65 compat=0
[M8T] IN2 9aee=0000
[M8T] OUT2 e2e8=21fc
[M8T] OUT2 e2e8=420f
[M8T] OUT2 e2e8=f810
[M8T] OUT2 e2e8=0000
[M8T] IN2 9aee=8000
[M8T] IN2 9aee=0000
[M8T] OUT2 86e8=006a
[M8T] OUT2 82e8=0034
[M8B] start cur=106,52 dyend=61 dpc=3251 dpitch=1024 doff=0 clip 66,48-637,65 compat=0
[M8T] IN2 9aee=0000
[M8T] OUT2 e2e8=6174
[M8T] OUT2 e2e8=0407
[M8T] OUT2 e2e8=7031
[M8T] OUT2 e2e8=0000
[M8T] IN2 9aee=8000
[M8T] IN2 9aee=0000
[M8T] OUT2 86e8=0072
[M8T] OUT2 82e8=0034
[M8B] start cur=114,52 dyend=61 dpc=3251 dpitch=1024 doff=0 clip 66,48-637,65 compat=0
[M8T] IN2 9aee=0000
[M8T] OUT2 e2e8=08f9
[M8T] OUT2 e2e8=1042
[M8T] OUT2 e2e8=2084
[M8T] OUT2 e2e8=0000
[M8T] IN2 9aee=8000
[M8T] IN2 9aee=0000
[M8T] OUT2 86e8=007e
[M8T] OUT2 82e8=0039
[M8B] start cur=126,57 dyend=58 dpc=3251 dpitch=1024 doff=0 clip 66,48-637,65 compat=0
[M8T] IN2 9aee=0000
[M8T] OUT2 e2e8=00c0
[M8T] OUT2 e2e8=0000
[M8T] IN2 9aee=8000
[M8T] IN2 9aee=0000
[M8T] OUT2 86e8=0086
[M8T] OUT2 82e8=0034
[M8B] start cur=134,52 dyend=61 dpc=3251 dpitch=1024 doff=0 clip 66,48-637,65 compat=0
[M8T] IN2 9aee=0000
[M8T] OUT2 e2e8=187a
[M8T] OUT2 e2e8=8220
[M8T] OUT2 e2e8=2108
[M8T] OUT2 e2e8=0078
[M8T] IN2 9aee=0000
[M8T] OUT2 86e8=008e
[M8T] OUT2 82e8=0034
[M8B] start cur=142,52 dyend=61 dpc=3251 dpitch=1024 doff=0 clip 66,48-637,65 compat=0
[M8T] IN2 9aee=0000
[M8T] OUT2 e2e8=1886
[M8T] OUT2 e2e8=fe61
[M8T] OUT2 e2e8=6118
[M8T] OUT2 e2e8=0084
[M8T] IN2 9aee=0000
[M8T] OUT2 86e8=0097
[M8T] OUT2 82e8=0034
[M8B] start cur=151,52 dyend=61 dpc=3251 dpitch=1024 doff=0 clip 66,48-637,65 compat=0
[M8T] IN2 9aee=0000
[M8T] OUT2 e2e8=187a
[M8T] OUT2 e2e8=8661
[M8T] OUT2 e2e8=6118
[M8T] OUT2 e2e8=0078
[M8T] IN2 9aee=0000
[M8T] OUT2 86e8=00a0
[M8T] OUT2 82e8=0034
[M8B] start cur=160,52 dyend=61 dpc=3251 dpitch=1024 doff=0 clip 66,48-637,65 compat=0
[M8T] IN2 9aee=0000
[M8T] OUT2 e2e8=80ff
[M8T] OUT2 e2e8=0000
[M8T] IN2 9aee=8000
[M8T] IN2 9aee=0000
[M8T] OUT2 86e8=00a4
[M8T] OUT2 82e8=0034
[M8B] start cur=164,52 dyend=61 dpc=3251 dpitch=1024 doff=0 clip 66,48-637,65 compat=0
[M8T] IN2 9aee=0000
[M8T] OUT2 e2e8=187a
[M8T] OUT2 e2e8=8220
[M8T] OUT2 e2e8=2108
[M8T] OUT2 e2e8=0078
[M8T] IN2 9aee=0000
[M8T] OUT2 86e8=00ac
[M8T] OUT2 82e8=0034
[M8B] start cur=172,52 dyend=61 dpc=3251 dpitch=1024 doff=0 clip 66,48-637,65 compat=0
[M8T] IN2 9aee=0000
[M8T] OUT2 e2e8=21fc
[M8T] OUT2 e2e8=420f
[M8T] OUT2 e2e8=f810
[M8T] OUT2 e2e8=0000
[M8T] IN2 9aee=8000
[M8T] IN2 9aee=0000
[M8T] OUT2 daee=0000
[M8T] OUT2 deee=0000
[M8T] OUT2 e2ee=05ff
[M8T] OUT2 e6ee=05ff
[M8T] IN2 9aee=f000
[M8T] IN2 9aee=0000
[M8T] IN2 9ae8=0000
[M8T] OUT2 daee=003e
[M8T] OUT2 e2ee=004f
[M8T] OUT2 86e8=003e
[M8T] OUT2 82e8=02ea
[M8B] start cur=62,746 dyend=764 dpc=5211 dpitch=1024 doff=0 clip 62,0-79,1535 compat=0
[M8T] OUT2 e2e8=0707
*** 9 repeats ***
[M8T] OUT2 e2e8=0007
[M8T] OUT2 e2e8=0000
[M8T] OUT2 e2e8=0707
[M8T] OUT2 e2e8=0000
*** 3 repeats ***
[M8T] OUT2 e2e8=0707
*** 1 repeats ***
[M8T] OUT2 e2e8=0007
[M8T] OUT2 e2e8=00f7
[M8T] OUT2 e2e8=0007
[M8T] OUT2 e2e8=f7f8
[M8T] OUT2 e2e8=0000
[M8T] OUT2 e2e8=00f8
[M8T] OUT2 e2e8=f700
[M8T] OUT2 e2e8=0700
[M8T] OUT2 e2e8=0707
[M8T] OUT2 e2e8=0007
[M8T] OUT2 e2e8=f8f8
[M8T] OUT2 e2e8=0000
[M8T] OUT2 e2e8=f7f7
[M8T] OUT2 e2e8=0000
*** 2 repeats ***
[M8T] OUT2 e2e8=0700
[M8T] OUT2 e2e8=0707
[M8T] OUT2 e2e8=0007
[M8T] OUT2 e2e8=f800
*** 1 repeats ***
[M8T] OUT2 e2e8=f700
[M8T] OUT2 e2e8=0000
*** 1 repeats ***
[M8T] OUT2 e2e8=00f8
[M8T] OUT2 e2e8=0707
*** 1 repeats ***
[M8T] OUT2 e2e8=0007
[M8T] OUT2 e2e8=0000
[M8T] OUT2 e2e8=f8f8
[M8T] OUT2 e2e8=f700
[M8T] OUT2 e2e8=0000
[M8T] OUT2 e2e8=0700
[M8T] OUT2 e2e8=f700
[M8T] OUT2 e2e8=0700
[M8T] OUT2 e2e8=0707
[M8T] OUT2 e2e8=0007
[M8T] OUT2 e2e8=0000
[M8T] OUT2 e2e8=00f8
[M8T] OUT2 e2e8=f700
[M8T] OUT2 e2e8=0000
[M8T] OUT2 e2e8=00f8
[M8T] OUT2 e2e8=f8f8
[M8T] OUT2 e2e8=0700
[M8T] OUT2 e2e8=0707
[M8T] OUT2 e2e8=0100
[M8T] OUT2 e2e8=0101
[M8T] OUT2 e2e8=0001
[M8T] OUT2 e2e8=0404
[M8T] OUT2 e2e8=0004
[M8T] OUT2 e2e8=0303
[M8T] OUT2 e2e8=0003
[M8T] OUT2 e2e8=0700
[M8T] OUT2 e2e8=0707
[M8T] OUT2 e2e8=f900
[M8T] OUT2 e2e8=f9f9
[M8T] OUT2 e2e8=0401
[M8T] OUT2 e2e8=fcfc
[M8T] OUT2 e2e8=0304
[M8T] OUT2 e2e8=fbfb
*** 1 repeats ***
[M8T] OUT2 e2e8=0003
[M8T] OUT2 e2e8=0707
[M8T] OUT2 e2e8=f900
[M8T] OUT2 e2e8=0101
[M8T] OUT2 e2e8=fc00
[M8T] OUT2 e2e8=0000
[M8T] OUT2 e2e8=fb00
[M8T] OUT2 e2e8=0400
[M8T] OUT2 e2e8=0300
[M8T] OUT2 e2e8=0003
[M8T] OUT2 e2e8=0707
[M8T] OUT2 e2e8=f900
[M8T] OUT2 e2e8=0001
[M8T] OUT2 e2e8=0404
[M8T] OUT2 e2e8=0101
[M8T] OUT2 e2e8=fb00
[M8T] OUT2 e2e8=fc00
[M8T] OUT2 e2e8=0000
[M8T] OUT2 e2e8=0700
[M8T] OUT2 e2e8=0707
[M8T] OUT2 e2e8=f900
[M8T] OUT2 e2e8=0701
[M8T] OUT2 e2e8=0404
[M8T] OUT2 e2e8=0101
[M8T] OUT2 e2e8=0007
[M8T] OUT2 e2e8=fc00
[M8T] OUT2 e2e8=0303
[M8T] OUT2 e2e8=0700
[M8T] OUT2 e2e8=0707
[M8T] OUT2 e2e8=f900
[M8T] OUT2 e2e8=0701
[M8T] OUT2 e2e8=0404
[M8T] OUT2 e2e8=0101
[M8T] OUT2 e2e8=0007
[M8T] OUT2 e2e8=fc00
[M8T] OUT2 e2e8=fb00
[M8T] OUT2 e2e8=00fb
[M8T] OUT2 e2e8=0707
[M8T] OUT2 e2e8=f900
[M8T] OUT2 e2e8=0001
[M8T] OUT2 e2e8=0100
[M8T] OUT2 e2e8=00f9
[M8T] OUT2 e2e8=fb00
[M8T] OUT2 e2e8=0003
[M8T] OUT2 e2e8=0300
[M8T] OUT2 e2e8=00fb
[M8T] OUT2 e2e8=0707
[M8T] OUT2 e2e8=f900
[M8T] OUT2 e2e8=f9f9
*** 1 repeats ***
[M8T] OUT2 e2e8=0400
[M8T] OUT2 e2e8=0304
[M8T] OUT2 e2e8=fbfb
*** 1 repeats ***
[M8T] OUT2 e2e8=0003
[M8T] OUT2 e2e8=0707
[M8T] OUT2 e2e8=f900
[M8T] OUT2 e2e8=0101
*** 1 repeats ***
[M8T] OUT2 e2e8=0400
[M8T] OUT2 e2e8=0004
[M8T] OUT2 e2e8=0303
*** 1 repeats ***
[M8T] OUT2 e2e8=0000
[M8T] OUT2 e2e8=0707
[M8T] OUT2 e2e8=0000
*** 6 repeats ***
[M8T] OUT2 e2e8=0700
[M8T] OUT2 e2e8=0707
*** 8 repeats ***
[M8B] end cur=62,764
[M8T] IN2 9aee=0000
[M8T] OUT2 daee=0000
[M8T] OUT2 e2ee=05ff
[M8T] IN2 9aee=c000
[M8T] IN2 9aee=0000
[M8T] OUT2 a6e8=0707
[M8T] OUT2 86e8=0050
[M8T] OUT2 82e8=02ea
[M8B] start cur=80,746 dyend=764 dpc=2211 dpitch=1024 doff=0 clip 0,0-1535,1535 compat=0
[M8B] end cur=80,764
[M8T] IN2 9aee=0000
[M8T] OUT2 daee=0050
[M8T] OUT2 deee=02ea
[M8T] OUT2 e2ee=00d9
[M8T] OUT2 e6ee=02fb
[M8T] IN2 9aee=f000
[M8T] IN2 9aee=0000
[M8T] OUT2 a6e8=0007
[M8T] IN2 9aee=e000
[M8T] IN2 9aee=0000
[M8T] OUT2 86e8=0052
[M8T] OUT2 82e8=02ec
[M8B] start cur=82,748 dyend=761 dpc=2211 dpitch=1024 doff=0 clip 80,746-217,763 compat=0
[M8B] end cur=82,761
[M8T] IN2 9aee=0000
[M8T] OUT2 a6e8=0000
[M8T] IN2 9aee=f800
[M8T] IN2 9aee=0000
[M8T] OUT2 86e8=0052
[M8T] OUT2 82e8=02ee
[M8B] start cur=82,750 dyend=759 dpc=3251 dpitch=1024 doff=0 clip 80,746-217,763 compat=0
[M8T] OUT2 e2e8=3080
[M8T] OUT2 e2e8=1105
[M8T] OUT2 e2e8=2422
[M8T] OUT2 e2e8=5544
[M8T] OUT2 e2e8=a00a
[M8T] OUT2 e2e8=1188
[M8T] OUT2 e2e8=0000
*** 1 repeats ***
[M8T] IN2 9aee=8000
[M8T] IN2 9aee=0000
[M8T] OUT2 86e8=005e
[M8T] OUT2 82e8=02ee
[M8B] start cur=94,750 dyend=759 dpc=3251 dpitch=1024 doff=0 clip 80,746-217,763 compat=0
[M8T] OUT2 e2e8=18fa
[M8T] OUT2 e2e8=fa61
[M8T] OUT2 e2e8=6118
[M8T] OUT2 e2e8=0084
[M8T] OUT2 86e8=0066
[M8T] OUT2 82e8=02ee
[M8B] start cur=102,750 dyend=759 dpc=3251 dpitch=1024 doff=0 clip 80,746-217,763 compat=0
[M8T] OUT2 e2e8=08f9
[M8T] OUT2 e2e8=1042
[M8T] IN2 9aee=0000
[M8T] OUT2 e2e8=2084
[M8T] OUT2 e2e8=0000
[M8T] OUT2 86e8=006d
[M8T] OUT2 82e8=02ee
[M8B] start cur=109,750 dyend=759 dpc=3251 dpitch=1024 doff=0 clip 80,746-217,763 compat=0
[M8T] OUT2 e2e8=21fc
[M8T] OUT2 e2e8=420f
[M8T] OUT2 e2e8=f810
[M8T] OUT2 e2e8=0000
[M8T] OUT2 86e8=0074
[M8T] OUT2 82e8=02ee
[M8B] start cur=116,750 dyend=759 dpc=3251 dpitch=1024 doff=0 clip 80,746-217,763 compat=0
[M8T] IN2 9aee=0000
[M8T] OUT2 e2e8=6174
[M8T] OUT2 e2e8=0407
[M8T] OUT2 e2e8=7031
[M8T] OUT2 e2e8=0000
[M8T] OUT2 86e8=007b
[M8T] OUT2 82e8=02ee
[M8B] start cur=123,750 dyend=759 dpc=3251 dpitch=1024 doff=0 clip 80,746-217,763 compat=0
[M8T] OUT2 e2e8=08f9
[M8T] OUT2 e2e8=1042
[M8T] OUT2 e2e8=2084
[M8T] OUT2 e2e8=0000
[M8T] IN2 9aee=8000
[M8T] IN2 9aee=0000
[M8T] OUT2 86e8=0085
[M8T] OUT2 82e8=02f3
[M8B] start cur=133,755 dyend=756 dpc=3251 dpitch=1024 doff=0 clip 80,746-217,763 compat=0
[M8T] OUT2 e2e8=00c0
[M8T] OUT2 e2e8=0000
[M8T] OUT2 86e8=008b
[M8T] OUT2 82e8=02ee
[M8B] start cur=139,750 dyend=759 dpc=3251 dpitch=1024 doff=0 clip 80,746-217,763 compat=0
[M8T] OUT2 e2e8=187a
[M8T] OUT2 e2e8=8220
[M8T] OUT2 e2e8=2108
[M8T] OUT2 e2e8=0078
[M8T] IN2 9aee=0000
[M8T] OUT2 86e8=0092
[M8T] OUT2 82e8=02ee
[M8B] start cur=146,750 dyend=759 dpc=3251 dpitch=1024 doff=0 clip 80,746-217,763 compat=0
[M8T] OUT2 e2e8=1886
[M8T] OUT2 e2e8=fe61
[M8T] OUT2 e2e8=6118
[M8T] OUT2 e2e8=0084
[M8T] OUT2 86e8=009a
[M8T] OUT2 82e8=02ee
[M8B] start cur=154,750 dyend=759 dpc=3251 dpitch=1024 doff=0 clip 80,746-217,763 compat=0
[M8T] OUT2 e2e8=187a
[M8T] OUT2 e2e8=8661
[M8T] IN2 9aee=0000
[M8T] OUT2 e2e8=6118
[M8T] OUT2 e2e8=0078
[M8T] OUT2 86e8=00a2
[M8T] OUT2 82e8=02ee
[M8B] start cur=162,750 dyend=759 dpc=3251 dpitch=1024 doff=0 clip 80,746-217,763 compat=0
[M8T] OUT2 e2e8=80ff
[M8T] OUT2 e2e8=0000
[M8T] OUT2 86e8=00a5
[M8T] OUT2 82e8=02ee
[M8B] start cur=165,750 dyend=759 dpc=3251 dpitch=1024 doff=0 clip 80,746-217,763 compat=0
[M8T] OUT2 e2e8=187a
[M8T] OUT2 e2e8=8220
[M8T] IN2 9aee=0000
[M8T] OUT2 e2e8=2108
[M8T] OUT2 e2e8=0078
[M8T] OUT2 86e8=00ac
[M8T] OUT2 82e8=02ee
[M8B] start cur=172,750 dyend=759 dpc=3251 dpitch=1024 doff=0 clip 80,746-217,763 compat=0
[M8T] OUT2 e2e8=21fc
[M8T] OUT2 e2e8=420f
[M8T] OUT2 e2e8=f810
[M8T] OUT2 e2e8=0000
[M8T] IN2 9aee=8000
[M8T] IN2 9aee=0000
[M8T] OUT2 daee=0000
[M8T] OUT2 deee=0000
[M8T] OUT2 e2ee=05ff
[M8T] OUT2 e6ee=05ff
[M8T] IN2 9aee=f000
[M8T] IN2 9aee=0000
[M8T] OUT2 a6e8=ffff
[M8T] OUT2 86e8=0032
[M8T] OUT2 82e8=006b
[M8B] start cur=50,107 dyend=109 dpc=2211 dpitch=1024 doff=0 clip 0,0-1535,1535 compat=0
[M8B] end cur=50,109
[M8T] IN2 9aee=0000
[M8T] OUT2 a6e8=ffff
[M8T] OUT2 86e8=0032
[M8T] OUT2 82e8=006b
[M8B] start cur=50,107 dyend=109 dpc=2211 dpitch=1024 doff=0 clip 0,0-1535,1535 compat=0
[M8B] end cur=50,109
[M8T] IN2 9aee=0000
[M8T] OUT2 a6e8=ffff
[M8T] OUT2 86e8=0032
[M8T] OUT2 82e8=006b
[M8B] start cur=50,107 dyend=109 dpc=2211 dpitch=1024 doff=0 clip 0,0-1535,1535 compat=0
[M8B] end cur=50,109
[M8T] IN2 9aee=0000
[M8T] OUT2 a6e8=ffff
[M8T] OUT2 86e8=0032
[M8T] OUT2 82e8=006b
[M8B] start cur=50,107 dyend=109 dpc=2211 dpitch=1024 doff=0 clip 0,0-1535,1535 compat=0
[M8B] end cur=50,109
[M8T] IN2 9aee=0000
[M8T] OUT2 a6e8=ffff
[M8T] OUT2 86e8=0032
[M8T] OUT2 82e8=006b
[M8B] start cur=50,107 dyend=109 dpc=2211 dpitch=1024 doff=0 clip 0,0-1535,1535 compat=0
[M8B] end cur=50,109
[M8T] IN2 9aee=0000
[M8T] OUT2 a6e8=ffff
[M8T] OUT2 86e8=0032
[M8T] OUT2 82e8=006b
[M8B] start cur=50,107 dyend=109 dpc=2211 dpitch=1024 doff=0 clip 0,0-1535,1535 compat=0
[M8B] end cur=50,109
[M8T] IN2 9aee=0000
[M8T] OUT2 a6e8=ffff
[M8T] OUT2 86e8=0032
[M8T] OUT2 82e8=006b
[M8B] start cur=50,107 dyend=109 dpc=2211 dpitch=1024 doff=0 clip 0,0-1535,1535 compat=0
[M8B] end cur=50,109
[M8T] IN2 9aee=0000
[M8T] OUT2 a6e8=ffff
[M8T] OUT2 86e8=0032
[M8T] OUT2 82e8=006b
[M8B] start cur=50,107 dyend=109 dpc=2211 dpitch=1024 doff=0 clip 0,0-1535,1535 compat=0
[M8B] end cur=50,109
[M8T] IN2 9aee=0000
[M8T] OUT2 a6e8=ffff
[M8T] OUT2 86e8=0032
[M8T] OUT2 82e8=006b
[M8B] start cur=50,107 dyend=109 dpc=2211 dpitch=1024 doff=0 clip 0,0-1535,1535 compat=0
[M8B] end cur=50,109
[M8T] IN2 9aee=0000
[M8T] OUT2 a6e8=ffff
[M8T] OUT2 86e8=0032
[M8T] OUT2 82e8=006b
[M8B] start cur=50,107 dyend=109 dpc=2211 dpitch=1024 doff=0 clip 0,0-1535,1535 compat=0
[M8B] end cur=50,109
[M8T] IN2 9aee=0000
[M8T] OUT2 a6e8=ffff
[M8T] OUT2 86e8=0032
[M8T] OUT2 82e8=006b
[M8B] start cur=50,107 dyend=109 dpc=2211 dpitch=1024 doff=0 clip 0,0-1535,1535 compat=0
[M8B] end cur=50,109
[M8T] IN2 9aee=0000
[M8T] OUT2 a6e8=ffff
[M8T] OUT2 86e8=0032
[M8T] OUT2 82e8=006b
[M8B] start cur=50,107 dyend=109 dpc=2211 dpitch=1024 doff=0 clip 0,0-1535,1535 compat=0
[M8B] end cur=50,109
[M8T] IN2 9aee=0000
[M8T] OUT2 a6e8=ffff
[M8T] OUT2 86e8=0032
[M8T] OUT2 82e8=006b
[M8B] start cur=50,107 dyend=109 dpc=2211 dpitch=1024 doff=0 clip 0,0-1535,1535 compat=0
[M8B] end cur=50,109
[M8T] IN2 9aee=0000
[M8T] OUT2 a6e8=ffff
[M8T] OUT2 86e8=0032
[M8T] OUT2 82e8=006b
[M8B] start cur=50,107 dyend=109 dpc=2211 dpitch=1024 doff=0 clip 0,0-1535,1535 compat=0
[M8B] end cur=50,109
[M8T] IN2 9aee=0000
[M8T] OUT2 a6e8=ffff
[M8T] OUT2 86e8=0032
[M8T] OUT2 82e8=006b
[M8B] start cur=50,107 dyend=109 dpc=2211 dpitch=1024 doff=0 clip 0,0-1535,1535 compat=0
[M8B] end cur=50,109
[M8T] IN2 9aee=0000
[M8T] OUT2 a6e8=ffff
[M8T] OUT2 86e8=0032
[M8T] OUT2 82e8=006b
[M8B] start cur=50,107 dyend=109 dpc=2211 dpitch=1024 doff=0 clip 0,0-1535,1535 compat=0
[M8B] end cur=50,109
[M8T] IN2 9aee=0000
[M8T] OUT2 a6e8=ffff
[M8T] OUT2 86e8=0032
[M8T] OUT2 82e8=006b
[M8B] start cur=50,107 dyend=109 dpc=2211 dpitch=1024 doff=0 clip 0,0-1535,1535 compat=0
[M8B] end cur=50,109
[M8T] IN2 9aee=0000
[M8T] OUT2 a6e8=ffff
[M8T] OUT2 86e8=0032
[M8T] OUT2 82e8=006b
[M8B] start cur=50,107 dyend=109 dpc=2211 dpitch=1024 doff=0 clip 0,0-1535,1535 compat=0
[M8B] end cur=50,109
[M8T] IN2 9aee=0000
[M8T] OUT2 a6e8=ffff
[M8T] OUT2 86e8=0032
[M8T] OUT2 82e8=006b
[M8B] start cur=50,107 dyend=109 dpc=2211 dpitch=1024 doff=0 clip 0,0-1535,1535 compat=0
[M8B] end cur=50,109
[M8T] IN2 9aee=0000
[M8T] OUT2 a6e8=ffff
[M8T] OUT2 86e8=0032
[M8T] OUT2 82e8=006b
[M8B] start cur=50,107 dyend=109 dpc=2211 dpitch=1024 doff=0 clip 0,0-1535,1535 compat=0
[M8B] end cur=50,109
[M8T] IN2 9aee=0000
[M8T] OUT2 a6e8=ffff
[M8T] OUT2 86e8=0032
[M8T] OUT2 82e8=006b
[M8B] start cur=50,107 dyend=109 dpc=2211 dpitch=1024 doff=0 clip 0,0-1535,1535 compat=0
[M8B] end cur=50,109
[M8T] IN2 9aee=0000
[M8T] OUT2 a6e8=ffff
[M8T] OUT2 86e8=0032
[M8T] OUT2 82e8=006b
[M8B] start cur=50,107 dyend=109 dpc=2211 dpitch=1024 doff=0 clip 0,0-1535,1535 compat=0
[M8B] end cur=50,109
[M8T] IN2 9aee=0000
[M8T] OUT2 a6e8=ffff
[M8T] OUT2 86e8=0032
[M8T] OUT2 82e8=006b
[M8B] start cur=50,107 dyend=109 dpc=2211 dpitch=1024 doff=0 clip 0,0-1535,1535 compat=0
[M8B] end cur=50,109
[M8T] IN2 9aee=0000
[M8T] OUT2 a6e8=ffff
[M8T] OUT2 86e8=0032
[M8T] OUT2 82e8=006b
[M8B] start cur=50,107 dyend=109 dpc=2211 dpitch=1024 doff=0 clip 0,0-1535,1535 compat=0
[M8B] end cur=50,109
[M8T] IN2 9aee=0000
[M8T] OUT2 a6e8=ffff
[M8T] OUT2 86e8=0032
[M8T] OUT2 82e8=006b
[M8B] start cur=50,107 dyend=109 dpc=2211 dpitch=1024 doff=0 clip 0,0-1535,1535 compat=0
[M8B] end cur=50,109
[M8T] IN2 9aee=0000
[M8T] OUT2 a6e8=ffff
[M8T] OUT2 86e8=0032
[M8T] OUT2 82e8=006b
[M8B] start cur=50,107 dyend=109 dpc=2211 dpitch=1024 doff=0 clip 0,0-1535,1535 compat=0
[M8B] end cur=50,109
[M8T] IN2 9aee=0000
[M8T] OUT2 a6e8=ffff
[M8T] OUT2 86e8=0032
[M8T] OUT2 82e8=006b
[M8B] start cur=50,107 dyend=109 dpc=2211 dpitch=1024 doff=0 clip 0,0-1535,1535 compat=0
[M8B] end cur=50,109
[M8T] IN2 9aee=0000
[M8T] OUT2 a6e8=ffff
[M8T] OUT2 86e8=0032
[M8T] OUT2 82e8=006b
[M8B] start cur=50,107 dyend=109 dpc=2211 dpitch=1024 doff=0 clip 0,0-1535,1535 compat=0
[M8B] end cur=50,109
[M8T] IN2 9aee=0000
[M8T] OUT2 a6e8=ffff
[M8T] OUT2 86e8=0032
[M8T] OUT2 82e8=006b
[M8B] start cur=50,107 dyend=109 dpc=2211 dpitch=1024 doff=0 clip 0,0-1535,1535 compat=0
[M8B] end cur=50,109
[M8T] IN2 9aee=0000
[M8T] OUT2 a6e8=ffff
[M8T] OUT2 86e8=0032
[M8T] OUT2 82e8=006b
[M8B] start cur=50,107 dyend=109 dpc=2211 dpitch=1024 doff=0 clip 0,0-1535,1535 compat=0
[M8B] end cur=50,109
[M8T] IN2 9aee=0000
[M8T] OUT2 a6e8=ffff
[M8T] OUT2 86e8=0032
[M8T] OUT2 82e8=006b
[M8B] start cur=50,107 dyend=109 dpc=2211 dpitch=1024 doff=0 clip 0,0-1535,1535 compat=0
[M8B] end cur=50,109
[M8T] IN2 9aee=0000
[M8T] OUT2 a6e8=ffff
[M8T] OUT2 86e8=0032
[M8T] OUT2 82e8=006b
[M8B] start cur=50,107 dyend=109 dpc=2211 dpitch=1024 doff=0 clip 0,0-1535,1535 compat=0
[M8B] end cur=50,109
[M8T] IN2 9aee=0000
[M8T] OUT2 a6e8=ffff
[M8T] OUT2 86e8=0032
[M8T] OUT2 82e8=006b
[M8B] start cur=50,107 dyend=109 dpc=2211 dpitch=1024 doff=0 clip 0,0-1535,1535 compat=0
[M8B] end cur=50,109
[M8T] IN2 9aee=0000
[M8T] OUT2 a6e8=ffff
[M8T] OUT2 86e8=0032
[M8T] OUT2 82e8=006b
[M8B] start cur=50,107 dyend=109 dpc=2211 dpitch=1024 doff=0 clip 0,0-1535,1535 compat=0
[M8B] end cur=50,109
[M8T] IN2 9aee=0000
[M8T] OUT2 a6e8=ffff
[M8T] OUT2 86e8=0032
[M8T] OUT2 82e8=006b
[M8B] start cur=50,107 dyend=109 dpc=2211 dpitch=1024 doff=0 clip 0,0-1535,1535 compat=0
[M8B] end cur=50,109
[M8T] IN2 9aee=0000
[M8T] OUT2 a6e8=ffff
[M8T] OUT2 86e8=0032
[M8T] OUT2 82e8=006b
[M8B] start cur=50,107 dyend=109 dpc=2211 dpitch=1024 doff=0 clip 0,0-1535,1535 compat=0
[M8B] end cur=50,109
[M8T] IN2 9aee=0000
[M8T] OUT2 a6e8=ffff
[M8T] OUT2 86e8=0032
[M8T] OUT2 82e8=006b
[M8B] start cur=50,107 dyend=109 dpc=2211 dpitch=1024 doff=0 clip 0,0-1535,1535 compat=0
[M8B] end cur=50,109
[M8T] IN2 9aee=0000
[M8T] OUT2 a6e8=ffff
[M8T] OUT2 86e8=0032
[M8T] OUT2 82e8=006b
[M8B] start cur=50,107 dyend=109 dpc=2211 dpitch=1024 doff=0 clip 0,0-1535,1535 compat=0
[M8B] end cur=50,109
[M8T] IN2 9aee=0000
[M8T] OUT2 a6e8=ffff
[M8T] OUT2 86e8=0032
[M8T] OUT2 82e8=006b
[M8B] start cur=50,107 dyend=109 dpc=2211 dpitch=1024 doff=0 clip 0,0-1535,1535 compat=0
[M8B] end cur=50,109
[M8T] IN2 9aee=0000
[M8T] OUT2 a6e8=ffff
[M8T] OUT2 86e8=0032
[M8T] OUT2 82e8=006b
[M8B] start cur=50,107 dyend=109 dpc=2211 dpitch=1024 doff=0 clip 0,0-1535,1535 compat=0
[M8B] end cur=50,109
[M8T] IN2 9aee=0000
[M8T] OUT2 a6e8=ffff
[M8T] OUT2 86e8=0032
[M8T] OUT2 82e8=006b
[M8B] start cur=50,107 dyend=109 dpc=2211 dpitch=1024 doff=0 clip 0,0-1535,1535 compat=0
[M8B] end cur=50,109
[M8T] IN2 9aee=0000
[M8T] OUT2 a6e8=ffff
[M8T] OUT2 86e8=0032
[M8T] OUT2 82e8=006b
[M8B] start cur=50,107 dyend=109 dpc=2211 dpitch=1024 doff=0 clip 0,0-1535,1535 compat=0
[M8B] end cur=50,109
[M8T] IN2 9aee=0000
[M8T] OUT2 a6e8=ffff
[M8T] OUT2 86e8=0032
[M8T] OUT2 82e8=006b
[M8B] start cur=50,107 dyend=109 dpc=2211 dpitch=1024 doff=0 clip 0,0-1535,1535 compat=0
[M8B] end cur=50,109
[M8T] IN2 9aee=0000
[M8T] OUT2 a6e8=ffff
[M8T] OUT2 86e8=0032
[M8T] OUT2 82e8=006b
[M8B] start cur=50,107 dyend=109 dpc=2211 dpitch=1024 doff=0 clip 0,0-1535,1535 compat=0
[M8B] end cur=50,109
[M8T] IN2 9aee=0000
[M8T] OUT2 a6e8=0707
[M8T] OUT2 86e8=0030
[M8T] OUT2 82e8=0042
[M8B] start cur=48,66 dyend=67 dpc=2211 dpitch=1024 doff=0 clip 0,0-1535,1535 compat=0
[M8B] end cur=48,67
[M8T] IN2 9aee=0000
[M8T] OUT2 a6e8=f8f8
[M8T] OUT2 86e8=0042
[M8T] OUT2 82e8=0030
[M8B] start cur=66,48 dyend=66 dpc=2211 dpitch=1024 doff=0 clip 0,0-1535,1535 compat=0
[M8B] end cur=66,66
[M8T] IN2 9aee=0000
[M8T] OUT2 daee=0042
[M8T] OUT2 deee=0030
[M8T] OUT2 e2ee=027d
[M8T] OUT2 e6ee=0041
[M8T] IN2 9aee=f000
[M8T] IN2 9aee=0000
[M8T] OUT2 a6e8=00f8
[M8T] IN2 9aee=e000
[M8T] IN2 9aee=0000
[M8T] OUT2 86e8=0044
[M8T] OUT2 82e8=0032
[M8B] start cur=68,50 dyend=63 dpc=2211 dpitch=1024 doff=0 clip 66,48-637,65 compat=0
[M8B] end cur=68,63
[M8T] IN2 9aee=0000
[M8T] OUT2 a6e8=0007
[M8T] IN2 9aee=f800
[M8T] IN2 9aee=0000
[M8T] OUT2 daee=0000
[M8T] OUT2 deee=0000
[M8T] OUT2 e2ee=05ff
[M8T] OUT2 e6ee=05ff
[M8T] IN2 9aee=f000
[M8T] IN2 9aee=0000
[M8T] OUT2 daee=0042
[M8T] OUT2 deee=0030
[M8T] OUT2 e2ee=027d
[M8T] OUT2 e6ee=0041
[M8T] IN2 9aee=f000
[M8T] IN2 9aee=0000
[M8T] OUT2 a6e8=00f8
[M8T] IN2 9aee=e000
[M8T] IN2 9aee=0000
[M8T] OUT2 86e8=0045
[M8T] OUT2 82e8=0032
[M8B] start cur=69,50 dyend=63 dpc=2211 dpitch=1024 doff=0 clip 66,48-637,65 compat=0
[M8B] end cur=69,63
[M8T] IN2 9aee=0000
[M8T] OUT2 a6e8=0007
[M8T] IN2 9aee=f800
[M8T] IN2 9aee=0000
[M8T] OUT2 86e8=0045
[M8T] OUT2 82e8=0034
[M8B] start cur=69,52 dyend=61 dpc=3251 dpitch=1024 doff=0 clip 66,48-637,65 compat=0
[M8T] IN2 9aee=0000
[M8T] OUT2 e2e8=3080
[M8T] OUT2 e2e8=1105
[M8T] OUT2 e2e8=2422
[M8T] OUT2 e2e8=5544
[M8T] IN2 9aee=0000
[M8T] OUT2 e2e8=a00a
[M8T] OUT2 e2e8=1188
[M8T] OUT2 e2e8=0000
*** 1 repeats ***
[M8T] IN2 9aee=8000
[M8T] IN2 9aee=0000
[M8T] OUT2 86e8=0052
[M8T] OUT2 82e8=0034
[M8B] start cur=82,52 dyend=61 dpc=3251 dpitch=1024 doff=0 clip 66,48-637,65 compat=0
[M8T] IN2 9aee=0000
[M8T] OUT2 e2e8=18fa
[M8T] OUT2 e2e8=fa61
[M8T] OUT2 e2e8=6118
[M8T] OUT2 e2e8=0084
[M8T] IN2 9aee=0000
[M8T] OUT2 86e8=005b
[M8T] OUT2 82e8=0034
[M8B] start cur=91,52 dyend=61 dpc=3251 dpitch=1024 doff=0 clip 66,48-637,65 compat=0
[M8T] IN2 9aee=0000
[M8T] OUT2 e2e8=08f9
[M8T] OUT2 e2e8=1042
[M8T] OUT2 e2e8=2084
[M8T] OUT2 e2e8=0000
[M8T] IN2 9aee=8000
[M8T] IN2 9aee=0000
[M8T] OUT2 86e8=0063
[M8T] OUT2 82e8=0034
[M8B] start cur=99,52 dyend=61 dpc=3251 dpitch=1024 doff=0 clip 66,48-637,65 compat=0
[M8T] IN2 9aee=0000
[M8T] OUT2 e2e8=21fc
[M8T] OUT2 e2e8=420f
[M8T] OUT2 e2e8=f810
[M8T] OUT2 e2e8=0000
[M8T] IN2 9aee=8000
[M8T] IN2 9aee=0000
[M8T] OUT2 86e8=006b
[M8T] OUT2 82e8=0034
[M8B] start cur=107,52 dyend=61 dpc=3251 dpitch=1024 doff=0 clip 66,48-637,65 compat=0
[M8T] IN2 9aee=0000
[M8T] OUT2 e2e8=6174
[M8T] OUT2 e2e8=0407
[M8T] OUT2 e2e8=7031
[M8T] OUT2 e2e8=0000
[M8T] IN2 9aee=8000
[M8T] IN2 9aee=0000
[M8T] OUT2 86e8=0073
[M8T] OUT2 82e8=0034
[M8B] start cur=115,52 dyend=61 dpc=3251 dpitch=1024 doff=0 clip 66,48-637,65 compat=0
[M8T] IN2 9aee=0000
[M8T] OUT2 e2e8=08f9
[M8T] OUT2 e2e8=1042
[M8T] OUT2 e2e8=2084
[M8T] OUT2 e2e8=0000
[M8T] IN2 9aee=8000
[M8T] IN2 9aee=0000
[M8T] OUT2 daee=0000
[M8T] OUT2 deee=0000
[M8T] OUT2 e2ee=05ff
[M8T] OUT2 e6ee=05ff
[M8B] start cur=68,52 dyend=61 dpc=3251 dpitch=1024 doff=0 clip 66,48-637,65 compat=0
[M8B] start cur=81,52 dyend=61 dpc=3251 dpitch=1024 doff=0 clip 66,48-637,65 compat=0
[M8B] start cur=90,52 dyend=61 dpc=3251 dpitch=1024 doff=0 clip 66,48-637,65 compat=0
[M8B] start cur=98,52 dyend=61 dpc=3251 dpitch=1024 doff=0 clip 66,48-637,65 compat=0
[M8B] start cur=106,52 dyend=61 dpc=3251 dpitch=1024 doff=0 clip 66,48-637,65 compat=0
[M8B] start cur=114,52 dyend=61 dpc=3251 dpitch=1024 doff=0 clip 66,48-637,65 compat=0
[M8B] start cur=62,746 dyend=764 dpc=5211 dpitch=1024 doff=0 clip 62,0-79,1535 compat=0
[M8B] end cur=62,764
[M8B] start cur=80,746 dyend=764 dpc=2211 dpitch=1024 doff=0 clip 0,0-1535,1535 compat=0
[M8B] end cur=80,764
[M8B] start cur=82,748 dyend=761 dpc=2211 dpitch=1024 doff=0 clip 80,746-217,763 compat=0
[M8B] end cur=82,761
[M8B] start cur=82,750 dyend=759 dpc=3251 dpitch=1024 doff=0 clip 80,746-217,763 compat=0
[M8B] start cur=94,750 dyend=759 dpc=3251 dpitch=1024 doff=0 clip 80,746-217,763 compat=0
[M8B] start cur=102,750 dyend=759 dpc=3251 dpitch=1024 doff=0 clip 80,746-217,763 compat=0
[M8B] start cur=109,750 dyend=759 dpc=3251 dpitch=1024 doff=0 clip 80,746-217,763 compat=0
[M8B] start cur=116,750 dyend=759 dpc=3251 dpitch=1024 doff=0 clip 80,746-217,763 compat=0
[M8B] start cur=123,750 dyend=759 dpc=3251 dpitch=1024 doff=0 clip 80,746-217,763 compat=0
[M8B] start cur=50,107 dyend=109 dpc=2211 dpitch=1024 doff=0 clip 0,0-1535,1535 compat=0
[M8B] end cur=50,109
[M8B] start cur=48,66 dyend=67 dpc=2211 dpitch=1024 doff=0 clip 0,0-1535,1535 compat=0
[M8B] end cur=48,67
[M8B] start cur=66,48 dyend=66 dpc=2211 dpitch=1024 doff=0 clip 0,0-1535,1535 compat=0
[M8B] end cur=66,66
[M8B] start cur=68,50 dyend=63 dpc=2211 dpitch=1024 doff=0 clip 66,48-637,65 compat=0
[M8B] end cur=68,63
[M8B] start cur=69,50 dyend=63 dpc=2211 dpitch=1024 doff=0 clip 66,48-637,65 compat=0
[M8B] end cur=69,63
[M8B] start cur=69,52 dyend=61 dpc=3251 dpitch=1024 doff=0 clip 66,48-637,65 compat=0
[M8B] start cur=82,52 dyend=61 dpc=3251 dpitch=1024 doff=0 clip 66,48-637,65 compat=0
[M8B] start cur=91,52 dyend=61 dpc=3251 dpitch=1024 doff=0 clip 66,48-637,65 compat=0
[M8B] start cur=99,52 dyend=61 dpc=3251 dpitch=1024 doff=0 clip 66,48-637,65 compat=0
[M8B] start cur=107,52 dyend=61 dpc=3251 dpitch=1024 doff=0 clip 66,48-637,65 compat=0
[M8B] start cur=115,52 dyend=61 dpc=3251 dpitch=1024 doff=0 clip 66,48-637,65 compat=0
[M8B] start cur=68,52 dyend=61 dpc=3251 dpitch=1024 doff=0 clip 66,48-637,65 compat=0
[M8B] start cur=81,52 dyend=61 dpc=3251 dpitch=1024 doff=0 clip 66,48-637,65 compat=0
[M8B] start cur=90,52 dyend=61 dpc=3251 dpitch=1024 doff=0 clip 66,48-637,65 compat=0
[M8B] start cur=98,52 dyend=61 dpc=3251 dpitch=1024 doff=0 clip 66,48-637,65 compat=0
[M8B] start cur=106,52 dyend=61 dpc=3251 dpitch=1024 doff=0 clip 66,48-637,65 compat=0
[M8B] start cur=114,52 dyend=61 dpc=3251 dpitch=1024 doff=0 clip 66,48-637,65 compat=0
[M8B] start cur=62,746 dyend=764 dpc=5211 dpitch=1024 doff=0 clip 62,0-79,1535 compat=0
[M8B] end cur=62,764
[M8B] start cur=80,746 dyend=764 dpc=2211 dpitch=1024 doff=0 clip 0,0-1535,1535 compat=0
[M8B] end cur=80,764
[M8B] start cur=82,748 dyend=761 dpc=2211 dpitch=1024 doff=0 clip 80,746-217,763 compat=0
[M8B] end cur=82,761
[M8B] start cur=82,750 dyend=759 dpc=3251 dpitch=1024 doff=0 clip 80,746-217,763 compat=0
[M8B] start cur=94,750 dyend=759 dpc=3251 dpitch=1024 doff=0 clip 80,746-217,763 compat=0
[M8B] start cur=102,750 dyend=759 dpc=3251 dpitch=1024 doff=0 clip 80,746-217,763 compat=0
[M8B] start cur=109,750 dyend=759 dpc=3251 dpitch=1024 doff=0 clip 80,746-217,763 compat=0
[M8B] start cur=116,750 dyend=759 dpc=3251 dpitch=1024 doff=0 clip 80,746-217,763 compat=0
[M8B] start cur=123,750 dyend=759 dpc=3251 dpitch=1024 doff=0 clip 80,746-217,763 compat=0
[M8B] start cur=48,66 dyend=67 dpc=2211 dpitch=1024 doff=0 clip 0,0-1535,1535 compat=0
[M8B] end cur=48,67
[M8B] start cur=66,48 dyend=66 dpc=2211 dpitch=1024 doff=0 clip 0,0-1535,1535 compat=0
[M8B] end cur=66,66
[M8B] start cur=68,50 dyend=63 dpc=2211 dpitch=1024 doff=0 clip 66,48-637,65 compat=0
[M8B] end cur=68,63
[M8B] start cur=69,50 dyend=63 dpc=2211 dpitch=1024 doff=0 clip 66,48-637,65 compat=0
[M8B] end cur=69,63
[M8B] start cur=70,52 dyend=61 dpc=3251 dpitch=1024 doff=0 clip 66,48-637,65 compat=0
[M8B] start cur=78,52 dyend=61 dpc=3251 dpitch=1024 doff=0 clip 66,48-637,65 compat=0
[M8B] start cur=85,52 dyend=61 dpc=3251 dpitch=1024 doff=0 clip 66,48-637,65 compat=0
[M8B] start cur=94,52 dyend=61 dpc=3251 dpitch=1024 doff=0 clip 66,48-637,65 compat=0
[M8B] start cur=103,52 dyend=61 dpc=3251 dpitch=1024 doff=0 clip 66,48-637,65 compat=0
[M8B] start cur=69,52 dyend=61 dpc=3251 dpitch=1024 doff=0 clip 66,48-637,65 compat=0
[M8B] start cur=77,52 dyend=61 dpc=3251 dpitch=1024 doff=0 clip 66,48-637,65 compat=0
[M8B] start cur=84,52 dyend=61 dpc=3251 dpitch=1024 doff=0 clip 66,48-637,65 compat=0
[M8B] start cur=93,52 dyend=61 dpc=3251 dpitch=1024 doff=0 clip 66,48-637,65 compat=0
[M8B] start cur=102,52 dyend=61 dpc=3251 dpitch=1024 doff=0 clip 66,48-637,65 compat=0
[M8B] start cur=50,107 dyend=109 dpc=2211 dpitch=1024 doff=0 clip 0,0-1535,1535 compat=0
[M8B] end cur=50,109
[M8B] start cur=512,384 dyend=416 dpc=6211 dpitch=1024 doff=0 clip 0,0-1023,767 compat=0
[M8B] end cur=512,416
[M8B] start cur=16,769 dyend=770 dpc=3251 dpitch=1024 doff=0 clip 0,0-1535,1535 compat=0
[M8T] OUT2 caee=0010
[M8X] scan cur=0,770 to=16 compat=0 dpc=3251 dp_compat=0 frgd_sel=1 bkgd_sel=0 mono=2 fmix=02 cmd_back=0 pixw=1 pitch=1024 off=0 dstp=1024
[M8T] IN2 9aee=0000
[M8T] OUT2 e2e8=ffff
[M8T] IN2 9aee=0000
[M8T] OUT2 86e8=0010
[M8T] OUT2 82e8=0301
[M8B] start cur=16,769 dyend=770 dpc=3251 dpitch=1024 doff=0 clip 0,0-1535,1535 compat=0
[M8T] IN2 9aee=0000
[M8T] OUT2 e2e8=0000
*** 3 repeats ***
[M8T] OUT2 e2e8=0340
[M8T] OUT2 e2e8=00f0
[M8T] OUT2 e2e8=0060
[M8T] OUT2 e2e8=0000
[M8T] OUT2 e2e8=0370
[M8T] OUT2 e2e8=00f0
[M8T] OUT2 e2e8=0378
[M8T] OUT2 e2e8=00f0
[M8T] OUT2 e2e8=037c
[M8T] OUT2 e2e8=00b0
[M8T] OUT2 e2e8=017e
[M8T] OUT2 e2e8=0060
[M8T] OUT2 e2e8=007f
[M8T] OUT2 e2e8=00c0
[M8T] OUT2 e2e8=807f
[M8T] OUT2 e2e8=0040
[M8T] OUT2 e2e8=007c
[M8T] OUT2 e2e8=00c0
[M8T] OUT2 e2e8=016c
[M8T] OUT2 e2e8=00e0
[M8T] OUT2 e2e8=0346
[M8T] OUT2 e2e8=0070
[M8T] OUT2 e2e8=0206
[M8T] OUT2 e2e8=00b0
[M8T] OUT2 e2e8=0103
[M8T] OUT2 e2e8=0050
[M8T] OUT2 e2e8=0003
[M8T] OUT2 e2e8=0000
[M8T] OUT2 e2e8=8301
[M8T] OUT2 e2e8=00f0
[M8T] OUT2 e2e8=8001
[M8T] OUT2 e2e8=0000
*** 27 repeats ***
[M8T] IN2 9aee=0000
[M8T] OUT2 86e8=0000
[M8T] OUT2 82e8=0302
[M8T] OUT2 caee=0010
[M8X] scan cur=0,770 to=16 compat=0 dpc=3251 dp_compat=0 frgd_sel=1 bkgd_sel=0 mono=2 fmix=02 cmd_back=0 pixw=1 pitch=1024 off=0 dstp=1024
[M8T] IN2 9aee=0000
[M8T] OUT2 e2e8=0000
[M8T] IN2 9aee=0000
[M8T] IN2 9aee=8000
[M8T] IN2 9aee=0000
[M8T] OUT2 8ee8=0200
[M8T] OUT2 8ae8=0180
[M8T] IN2 9aee=fe00
[M8T] IN2 9aee=0000
[M8T] OUT2 86e8=0010
[M8T] OUT2 82e8=0300
[M8B] start cur=16,768 dyend=769 dpc=6211 dpitch=1024 doff=0 clip 0,0-1535,1535 compat=0
[M8B] end cur=0,769
[M8T] IN2 9aee=0000
[M8T] OUT2 8ae8=019f
[M8T] OUT2 8ee8=0210
[M8T] IN2 9aee=f000
[M8T] IN2 9aee=0000
[M8T] OUT2 86e8=0000
[M8T] OUT2 82e8=0301
[M8T] OUT2 caee=0010
[M8X] scan cur=0,769 to=16 compat=0 dpc=6211 dp_compat=0 frgd_sel=3 bkgd_sel=0 mono=0 fmix=07 cmd_back=1 pixw=1 pitch=1024 off=0 dstp=1024
[M8Y] count=-1 width=16 dx=0 dy=769 dest=0c0400 clip l=0 t=0 r=1535 b=1535 cmp=0 fc=000000ff wm=000000ff
[M8T] IN2 9aee=0000
[M8T] OUT2 daee=0000
[M8T] OUT2 deee=0000
[M8T] OUT2 e2ee=03ff
[M8T] OUT2 e6ee=02ff
[M8T] OUT2 a6e8=ffff
[M8T] IN2 9aee=ff00
[M8T] IN2 9aee=0000
[M8T] OUT2 8ae8=0301
[M8T] OUT2 8ee8=0010
[M8T] OUT2 82e8=0180
[M8T] OUT2 86e8=0200
[M8B] start cur=512,384 dyend=416 dpc=2071 dpitch=1024 doff=0 clip 0,0-1023,767 compat=0
[M8T] IN2 9aee=0000
[M8T] OUT2 8ae8=0301
[M8T] OUT2 8ee8=0010
[M8T] OUT2 82e8=0180
[M8T] OUT2 86e8=0200
[M8B] start cur=512,384 dyend=416 dpc=2071 dpitch=1024 doff=0 clip 0,0-1023,767 compat=0
[M8T] OUT2 e2ee=05ff
[M8T] OUT2 e6ee=05ff
[M8T] IN2 9aee=c000
[M8T] IN2 9aee=0000
[M8T] IN2 9ae8=0000
[M8T] OUT2 daee=003e
[M8T] OUT2 e2ee=004f
[M8T] OUT2 86e8=003e
[M8T] OUT2 82e8=02ea
[M8B] start cur=62,746 dyend=764 dpc=5211 dpitch=1024 doff=0 clip 62,0-79,1535 compat=0
[M8T] OUT2 e2e8=0707
*** 9 repeats ***
[M8T] OUT2 e2e8=0007
[M8T] OUT2 e2e8=0000
[M8T] OUT2 e2e8=0707
[M8T] OUT2 e2e8=0000
*** 3 repeats ***
[M8T] OUT2 e2e8=0707
*** 1 repeats ***
[M8T] OUT2 e2e8=0007
[M8T] OUT2 e2e8=00f7
[M8T] OUT2 e2e8=0007
[M8T] OUT2 e2e8=f7f8
[M8T] OUT2 e2e8=0000
[M8T] OUT2 e2e8=00f8
[M8T] OUT2 e2e8=f700
[M8T] OUT2 e2e8=0700
[M8T] OUT2 e2e8=0707
[M8T] OUT2 e2e8=0007
[M8T] OUT2 e2e8=f8f8
[M8T] OUT2 e2e8=0000
[M8T] OUT2 e2e8=f7f7
[M8T] OUT2 e2e8=0000
*** 2 repeats ***
[M8T] OUT2 e2e8=0700
[M8T] OUT2 e2e8=0707
[M8T] OUT2 e2e8=0007
[M8T] OUT2 e2e8=f800
*** 1 repeats ***
[M8T] OUT2 e2e8=f700
[M8T] OUT2 e2e8=0000
*** 1 repeats ***
[M8T] OUT2 e2e8=00f8
[M8T] OUT2 e2e8=0707
*** 1 repeats ***
[M8T] OUT2 e2e8=0007
[M8T] OUT2 e2e8=0000
[M8T] OUT2 e2e8=f8f8
[M8T] OUT2 e2e8=f700
[M8T] OUT2 e2e8=0000
[M8T] OUT2 e2e8=0700
[M8T] OUT2 e2e8=f700
[M8T] OUT2 e2e8=0700
[M8T] OUT2 e2e8=0707
[M8T] OUT2 e2e8=0007
[M8T] OUT2 e2e8=0000
[M8T] OUT2 e2e8=00f8
[M8T] OUT2 e2e8=f700
[M8T] OUT2 e2e8=0000
[M8T] OUT2 e2e8=00f8
[M8T] OUT2 e2e8=f8f8
[M8T] OUT2 e2e8=0700
[M8T] OUT2 e2e8=0707
[M8T] OUT2 e2e8=0100
[M8T] OUT2 e2e8=0101
[M8T] OUT2 e2e8=0001
[M8T] OUT2 e2e8=0404
[M8T] OUT2 e2e8=0004
[M8T] OUT2 e2e8=0303
[M8T] OUT2 e2e8=0003
[M8T] OUT2 e2e8=0700
[M8T] OUT2 e2e8=0707
[M8T] OUT2 e2e8=f900
[M8T] OUT2 e2e8=f9f9
[M8T] OUT2 e2e8=0401
[M8T] OUT2 e2e8=fcfc
[M8T] OUT2 e2e8=0304
[M8T] OUT2 e2e8=fbfb
*** 1 repeats ***
[M8T] OUT2 e2e8=0003
[M8T] OUT2 e2e8=0707
[M8T] OUT2 e2e8=f900
[M8T] OUT2 e2e8=0101
[M8T] OUT2 e2e8=fc00
[M8T] OUT2 e2e8=0000
[M8T] OUT2 e2e8=fb00
[M8T] OUT2 e2e8=0400
[M8T] OUT2 e2e8=0300
[M8T] OUT2 e2e8=0003
[M8T] OUT2 e2e8=0707
[M8T] OUT2 e2e8=f900
[M8T] OUT2 e2e8=0001
[M8T] OUT2 e2e8=0404
[M8T] OUT2 e2e8=0101
[M8T] OUT2 e2e8=fb00
[M8T] OUT2 e2e8=fc00
[M8T] OUT2 e2e8=0000
[M8T] OUT2 e2e8=0700
[M8T] OUT2 e2e8=0707
[M8T] OUT2 e2e8=f900
[M8T] OUT2 e2e8=0701
[M8T] OUT2 e2e8=0404
[M8T] OUT2 e2e8=0101
[M8T] OUT2 e2e8=0007
[M8T] OUT2 e2e8=fc00
[M8T] OUT2 e2e8=0303
[M8T] OUT2 e2e8=0700
[M8T] OUT2 e2e8=0707
[M8T] OUT2 e2e8=f900
[M8T] OUT2 e2e8=0701
[M8T] OUT2 e2e8=0404
[M8T] OUT2 e2e8=0101
[M8T] OUT2 e2e8=0007
[M8T] OUT2 e2e8=fc00
[M8T] OUT2 e2e8=fb00
[M8T] OUT2 e2e8=00fb
[M8T] OUT2 e2e8=0707
[M8T] OUT2 e2e8=f900
[M8T] OUT2 e2e8=0001
[M8T] OUT2 e2e8=0100
[M8T] OUT2 e2e8=00f9
[M8T] OUT2 e2e8=fb00
[M8T] OUT2 e2e8=0003
[M8T] OUT2 e2e8=0300
[M8T] OUT2 e2e8=00fb
[M8T] OUT2 e2e8=0707
[M8T] OUT2 e2e8=f900
[M8T] OUT2 e2e8=f9f9
*** 1 repeats ***
[M8T] OUT2 e2e8=0400
[M8T] OUT2 e2e8=0304
[M8T] OUT2 e2e8=fbfb
*** 1 repeats ***
[M8T] OUT2 e2e8=0003
[M8T] OUT2 e2e8=0707
[M8T] OUT2 e2e8=f900
[M8T] OUT2 e2e8=0101
*** 1 repeats ***
[M8T] OUT2 e2e8=0400
[M8T] OUT2 e2e8=0004
[M8T] OUT2 e2e8=0303
*** 1 repeats ***
[M8T] OUT2 e2e8=0000
[M8T] OUT2 e2e8=0707
[M8T] OUT2 e2e8=0000
*** 6 repeats ***
[M8T] OUT2 e2e8=0700
[M8T] OUT2 e2e8=0707
*** 8 repeats ***
[M8B] end cur=62,764
[M8T] IN2 9aee=0000
[M8T] OUT2 daee=0000
[M8T] OUT2 e2ee=05ff
[M8T] IN2 9aee=c000
[M8T] IN2 9aee=0000
[M8T] OUT2 a6e8=0707
[M8T] OUT2 86e8=0050
[M8T] OUT2 82e8=02ea
[M8B] start cur=80,746 dyend=764 dpc=2211 dpitch=1024 doff=0 clip 0,0-1535,1535 compat=0
[M8B] end cur=80,764
[M8T] IN2 9aee=0000
[M8T] OUT2 daee=0050
[M8T] OUT2 deee=02ea
[M8T] OUT2 e2ee=00d9
[M8T] OUT2 e6ee=02fb
[M8T] IN2 9aee=f000
[M8T] IN2 9aee=0000
[M8T] OUT2 a6e8=0007
[M8T] IN2 9aee=e000
[M8T] IN2 9aee=0000
[M8T] OUT2 86e8=0052
[M8T] OUT2 82e8=02ec
[M8B] start cur=82,748 dyend=761 dpc=2211 dpitch=1024 doff=0 clip 80,746-217,763 compat=0
[M8B] end cur=82,761
[M8T] IN2 9aee=0000
[M8T] OUT2 a6e8=0000
[M8T] IN2 9aee=f800
[M8T] IN2 9aee=0000
[M8T] OUT2 86e8=0053
[M8T] OUT2 82e8=02ee
[M8B] start cur=83,750 dyend=759 dpc=3251 dpitch=1024 doff=0 clip 80,746-217,763 compat=0
[M8T] OUT2 e2e8=6174
[M8T] OUT2 e2e8=0407
[M8T] OUT2 e2e8=7031
[M8T] OUT2 e2e8=0000
[M8T] OUT2 86e8=005a
[M8T] OUT2 82e8=02ee
[M8B] start cur=90,750 dyend=759 dpc=3251 dpitch=1024 doff=0 clip 80,746-217,763 compat=0
[M8T] OUT2 e2e8=08f9
[M8T] OUT2 e2e8=1042
[M8T] IN2 9aee=0000
[M8T] OUT2 e2e8=2084
[M8T] OUT2 e2e8=0000
[M8T] OUT2 86e8=0060
[M8T] OUT2 82e8=02ee
[M8B] start cur=96,750 dyend=759 dpc=3251 dpitch=1024 doff=0 clip 80,746-217,763 compat=0
[M8T] OUT2 e2e8=2010
[M8T] OUT2 e2e8=44a1
[M8T] OUT2 e2e8=9f48
[M8T] OUT2 e2e8=8241
[M8T] OUT2 86e8=0068
[M8T] OUT2 82e8=02ee
[M8B] start cur=104,750 dyend=759 dpc=3251 dpitch=1024 doff=0 clip 80,746-217,763 compat=0
[M8T] IN2 9aee=0000
[M8T] OUT2 e2e8=18fa
[M8T] OUT2 e2e8=fa61
[M8T] OUT2 e2e8=6118
[M8T] OUT2 e2e8=0084
[M8T] OUT2 86e8=0070
[M8T] OUT2 82e8=02ee
[M8B] start cur=112,750 dyend=759 dpc=3251 dpitch=1024 doff=0 clip 80,746-217,763 compat=0
[M8T] OUT2 e2e8=08f9
[M8T] OUT2 e2e8=1042
[M8T] OUT2 e2e8=2084
[M8T] OUT2 e2e8=0000
[M8T] IN2 9aee=8000
[M8T] IN2 9aee=0000
[M8T] OUT2 daee=0000
[M8T] OUT2 deee=0000
[M8T] OUT2 e2ee=05ff
[M8T] OUT2 e6ee=05ff
[M8T] IN2 9aee=f000
[M8T] IN2 9aee=0000
[M8T] OUT2 a6e8=0707
[M8T] OUT2 86e8=0030
[M8T] OUT2 82e8=0042
[M8B] start cur=48,66 dyend=67 dpc=2211 dpitch=1024 doff=0 clip 0,0-1535,1535 compat=0
[M8B] end cur=48,67
[M8T] IN2 9aee=0000
[M8T] OUT2 a6e8=f8f8
[M8T] OUT2 86e8=0042
[M8T] OUT2 82e8=0030
[M8B] start cur=66,48 dyend=66 dpc=2211 dpitch=1024 doff=0 clip 0,0-1535,1535 compat=0
[M8B] end cur=66,66
[M8T] IN2 9aee=0000
[M8T] OUT2 daee=0042
[M8T] OUT2 deee=0030
[M8T] OUT2 e2ee=027d
[M8T] OUT2 e6ee=0041
[M8T] IN2 9aee=f000
[M8T] IN2 9aee=0000
[M8T] OUT2 a6e8=00f8
[M8T] IN2 9aee=e000
[M8T] IN2 9aee=0000
[M8T] OUT2 86e8=0044
[M8T] OUT2 82e8=0032
[M8B] start cur=68,50 dyend=63 dpc=2211 dpitch=1024 doff=0 clip 66,48-637,65 compat=0
[M8B] end cur=68,63
[M8T] IN2 9aee=0000
[M8T] OUT2 a6e8=0007
[M8T] IN2 9aee=f800
[M8T] IN2 9aee=0000
[M8T] OUT2 daee=0000
[M8T] OUT2 deee=0000
[M8T] OUT2 e2ee=05ff
[M8T] OUT2 e6ee=05ff
[M8T] IN2 9aee=f000
[M8T] IN2 9aee=0000
[M8T] OUT2 daee=0042
[M8T] OUT2 deee=0030
[M8T] OUT2 e2ee=027d
[M8T] OUT2 e6ee=0041
[M8T] IN2 9aee=f000
[M8T] IN2 9aee=0000
[M8T] OUT2 a6e8=00f8
[M8T] IN2 9aee=e000
[M8T] IN2 9aee=0000
[M8T] OUT2 86e8=0045
[M8T] OUT2 82e8=0032
[M8B] start cur=69,50 dyend=63 dpc=2211 dpitch=1024 doff=0 clip 66,48-637,65 compat=0
[M8B] end cur=69,63
[M8T] IN2 9aee=0000
[M8T] OUT2 a6e8=0007
[M8T] IN2 9aee=f800
[M8T] IN2 9aee=0000
[M8T] OUT2 86e8=0046
[M8T] OUT2 82e8=0034
[M8B] start cur=70,52 dyend=61 dpc=3251 dpitch=1024 doff=0 clip 66,48-637,65 compat=0
[M8T] IN2 9aee=0000
[M8T] OUT2 e2e8=6174
[M8T] OUT2 e2e8=0407
[M8T] OUT2 e2e8=7031
[M8T] OUT2 e2e8=0000
[M8T] IN2 9aee=8000
[M8T] IN2 9aee=0000
[M8T] OUT2 86e8=004e
[M8T] OUT2 82e8=0034
[M8B] start cur=78,52 dyend=61 dpc=3251 dpitch=1024 doff=0 clip 66,48-637,65 compat=0
[M8T] IN2 9aee=0000
[M8T] OUT2 e2e8=08f9
[M8T] OUT2 e2e8=1042
[M8T] OUT2 e2e8=2084
[M8T] OUT2 e2e8=0000
[M8T] IN2 9aee=8000
[M8T] IN2 9aee=0000
[M8T] OUT2 86e8=0055
[M8T] OUT2 82e8=0034
[M8B] start cur=85,52 dyend=61 dpc=3251 dpitch=1024 doff=0 clip 66,48-637,65 compat=0
[M8T] IN2 9aee=0000
[M8T] OUT2 e2e8=2010
[M8T] OUT2 e2e8=44a1
[M8T] OUT2 e2e8=9f48
[M8T] OUT2 e2e8=8241
[M8T] IN2 9aee=0000
[M8T] OUT2 86e8=005e
[M8T] OUT2 82e8=0034
[M8B] start cur=94,52 dyend=61 dpc=3251 dpitch=1024 doff=0 clip 66,48-637,65 compat=0
[M8T] IN2 9aee=0000
[M8T] OUT2 e2e8=18fa
[M8T] OUT2 e2e8=fa61
[M8T] OUT2 e2e8=6118
[M8T] OUT2 e2e8=0084
[M8T] IN2 9aee=0000
[M8T] OUT2 86e8=0067
[M8T] OUT2 82e8=0034
[M8B] start cur=103,52 dyend=61 dpc=3251 dpitch=1024 doff=0 clip 66,48-637,65 compat=0
[M8T] IN2 9aee=0000
[M8T] OUT2 e2e8=08f9
[M8T] OUT2 e2e8=1042
[M8T] OUT2 e2e8=2084
[M8T] OUT2 e2e8=0000
[M8T] IN2 9aee=8000
[M8T] IN2 9aee=0000
[M8T] OUT2 86e8=0073
[M8T] OUT2 82e8=0034
[M8B] start cur=115,52 dyend=61 dpc=3251 dpitch=1024 doff=0 clip 66,48-637,65 compat=0
[M8T] IN2 9aee=0000
[M8T] OUT2 e2e8=1211
[M8T] OUT2 e2e8=4824
[M8T] OUT2 e2e8=0080
[M8T] OUT2 e2e8=0000
[M8T] IN2 9aee=8000
[M8T] IN2 9aee=0000
[M8T] OUT2 86e8=0079
[M8T] OUT2 82e8=0034
[M8B] start cur=121,52 dyend=61 dpc=3251 dpitch=1024 doff=0 clip 66,48-637,65 compat=0
[M8T] IN2 9aee=0000
[M8T] OUT2 e2e8=1211
[M8T] OUT2 e2e8=4824
[M8T] OUT2 e2e8=0080
[M8T] OUT2 e2e8=0000
[M8T] IN2 9aee=8000
[M8T] IN2 9aee=0000
[M8T] OUT2 86e8=0083
[M8T] OUT2 82e8=0034
[M8B] start cur=131,52 dyend=61 dpc=3251 dpitch=1024 doff=0 clip 66,48-637,65 compat=0
[M8T] IN2 9aee=0000
[M8T] OUT2 e2e8=187a
[M8T] OUT2 e2e8=8220
[M8T] OUT2 e2e8=2108
[M8T] OUT2 e2e8=0078
[M8T] IN2 9aee=0000
[M8T] OUT2 86e8=008b
[M8T] OUT2 82e8=0037
[M8B] start cur=139,55 dyend=61 dpc=3251 dpitch=1024 doff=0 clip 66,48-637,65 compat=0
[M8T] IN2 9aee=0000
[M8T] OUT2 e2e8=0084
[M8T] OUT2 e2e8=0000
[M8T] IN2 9aee=8000
[M8T] IN2 9aee=0000
[M8T] OUT2 86e8=008f
[M8T] OUT2 82e8=0034
[M8B] start cur=143,52 dyend=61 dpc=3251 dpitch=1024 doff=0 clip 66,48-637,65 compat=0
[M8T] IN2 9aee=0000
[M8T] OUT2 e2e8=8488
[M8T] OUT2 e2e8=2142
[M8T] OUT2 e2e8=0010
[M8T] OUT2 e2e8=0000
[M8T] IN2 9aee=8000
[M8T] IN2 9aee=0000
[M8T] OUT2 86e8=0094
[M8T] OUT2 82e8=0034
[M8B] start cur=148,52 dyend=61 dpc=3251 dpitch=1024 doff=0 clip 66,48-637,65 compat=0
[M8T] IN2 9aee=0000
[M8T] OUT2 e2e8=3080
[M8T] OUT2 e2e8=1105
[M8T] OUT2 e2e8=2422
[M8T] OUT2 e2e8=5544
[M8T] IN2 9aee=0000
[M8T] OUT2 e2e8=a00a
[M8T] OUT2 e2e8=1188
[M8T] OUT2 e2e8=0000
*** 1 repeats ***
[M8T] IN2 9aee=8000
[M8T] IN2 9aee=0000
[M8T] OUT2 86e8=00a1
[M8T] OUT2 82e8=0034
[M8B] start cur=161,52 dyend=61 dpc=3251 dpitch=1024 doff=0 clip 66,48-637,65 compat=0
[M8T] IN2 9aee=0000
[M8T] OUT2 e2e8=80ff
[M8T] OUT2 e2e8=0000
[M8T] IN2 9aee=8000
[M8T] IN2 9aee=0000
[M8T] OUT2 86e8=00a5
[M8T] OUT2 82e8=0034
[M8B] start cur=165,52 dyend=61 dpc=3251 dpitch=1024 doff=0 clip 66,48-637,65 compat=0
[M8T] IN2 9aee=0000
[M8T] OUT2 e2e8=1c87
[M8T] OUT2 e2e8=a669
[M8T] OUT2 e2e8=e358
[M8T] OUT2 e2e8=0084
[M8T] IN2 9aee=0000
[M8T] OUT2 86e8=00ae
[M8T] OUT2 82e8=0034
[M8B] start cur=174,52 dyend=61 dpc=3251 dpitch=1024 doff=0 clip 66,48-637,65 compat=0
[M8T] IN2 9aee=0000
[M8T] OUT2 e2e8=28f2
[M8T] OUT2 e2e8=8661
[M8T] OUT2 e2e8=6218
[M8T] OUT2 e2e8=00f0
[M8T] IN2 9aee=0000
[M8T] OUT2 86e8=00b7
[M8T] OUT2 82e8=0034
[M8B] start cur=183,52 dyend=61 dpc=3251 dpitch=1024 doff=0 clip 66,48-637,65 compat=0
[M8T] IN2 9aee=0000
[M8T] OUT2 e2e8=187a
[M8T] OUT2 e2e8=8661
[M8T] OUT2 e2e8=6118
[M8T] OUT2 e2e8=0078
[M8T] IN2 9aee=0000
[M8T] OUT2 86e8=00bf
[M8T] OUT2 82e8=0034
[M8B] start cur=191,52 dyend=61 dpc=3251 dpitch=1024 doff=0 clip 66,48-637,65 compat=0
[M8T] IN2 9aee=0000
[M8T] OUT2 e2e8=3080
[M8T] OUT2 e2e8=1105
[M8T] OUT2 e2e8=2422
[M8T] OUT2 e2e8=5544
[M8T] IN2 9aee=0000
[M8T] OUT2 e2e8=a00a
[M8T] OUT2 e2e8=1188
[M8T] OUT2 e2e8=0000
*** 1 repeats ***
[M8T] IN2 9aee=8000
[M8T] IN2 9aee=0000
[M8T] OUT2 86e8=00cc
[M8T] OUT2 82e8=0034
[M8B] start cur=204,52 dyend=61 dpc=3251 dpitch=1024 doff=0 clip 66,48-637,65 compat=0
[M8T] IN2 9aee=0000
[M8T] OUT2 e2e8=6174
[M8T] OUT2 e2e8=0407
[M8T] OUT2 e2e8=7031
[M8T] OUT2 e2e8=0000
[M8T] IN2 9aee=8000
[M8T] IN2 9aee=0000
[M8T] OUT2 86e8=00d4
[M8T] OUT2 82e8=0034
[M8B] start cur=212,52 dyend=61 dpc=3251 dpitch=1024 doff=0 clip 66,48-637,65 compat=0
[M8T] IN2 9aee=0000
[M8T] OUT2 e2e8=8488
[M8T] OUT2 e2e8=2142
[M8T] OUT2 e2e8=0010
[M8T] OUT2 e2e8=0000
[M8T] IN2 9aee=8000
[M8T] IN2 9aee=0000
[M8T] OUT2 86e8=00da
[M8T] OUT2 82e8=0034
[M8B] start cur=218,52 dyend=61 dpc=3251 dpitch=1024 doff=0 clip 66,48-637,65 compat=0
[M8T] IN2 9aee=0000
[M8T] OUT2 e2e8=18fa
[M8T] OUT2 e2e8=fa61
[M8T] OUT2 e2e8=6118
[M8T] OUT2 e2e8=0084
[M8T] IN2 9aee=0000
[M8T] OUT2 86e8=00e3
[M8T] OUT2 82e8=0034
[M8B] start cur=227,52 dyend=61 dpc=3251 dpitch=1024 doff=0 clip 66,48-637,65 compat=0
[M8T] IN2 9aee=0000
[M8T] OUT2 e2e8=1886
[M8T] OUT2 e2e8=8661
[M8T] OUT2 e2e8=6118
[M8T] OUT2 e2e8=0078
[M8T] IN2 9aee=0000
[M8T] OUT2 86e8=00ec
[M8T] OUT2 82e8=0034
[M8B] start cur=236,52 dyend=61 dpc=3251 dpitch=1024 doff=0 clip 66,48-637,65 compat=0
[M8T] IN2 9aee=0000
[M8T] OUT2 e2e8=1c87
[M8T] OUT2 e2e8=a669
[M8T] OUT2 e2e8=e358
[M8T] OUT2 e2e8=0084
[M8T] IN2 9aee=0000
[M8T] OUT2 86e8=00f5
[M8T] OUT2 82e8=0034
[M8B] start cur=245,52 dyend=61 dpc=3251 dpitch=1024 doff=0 clip 66,48-637,65 compat=0
[M8T] IN2 9aee=0000
[M8T] OUT2 e2e8=28f2
[M8T] OUT2 e2e8=8661
[M8T] OUT2 e2e8=6218
[M8T] OUT2 e2e8=00f0
[M8T] IN2 9aee=0000
[M8T] OUT2 86e8=00fe
[M8T] OUT2 82e8=0034
[M8B] start cur=254,52 dyend=61 dpc=3251 dpitch=1024 doff=0 clip 66,48-637,65 compat=0
[M8T] IN2 9aee=0000
[M8T] OUT2 e2e8=2184
[M8T] OUT2 e2e8=4208
[M8T] OUT2 e2e8=f810
[M8T] OUT2 e2e8=0000
[M8T] IN2 9aee=8000
[M8T] IN2 9aee=0000
[M8T] OUT2 86e8=0105
[M8T] OUT2 82e8=0034
[M8B] start cur=261,52 dyend=61 dpc=3251 dpitch=1024 doff=0 clip 66,48-637,65 compat=0
[M8T] IN2 9aee=0000
[M8T] OUT2 e2e8=2184
[M8T] OUT2 e2e8=4208
[M8T] OUT2 e2e8=f810
[M8T] OUT2 e2e8=0000
[M8T] IN2 9aee=8000
[M8T] IN2 9aee=0000
[M8T] OUT2 86e8=010c
[M8T] OUT2 82e8=0034
[M8B] start cur=268,52 dyend=61 dpc=3251 dpitch=1024 doff=0 clip 66,48-637,65 compat=0
[M8T] IN2 9aee=0000
[M8T] OUT2 e2e8=4274
[M8T] OUT2 e2e8=0413
[M8T] OUT2 e2e8=7031
[M8T] OUT2 e2e8=0000
[M8T] IN2 9aee=8000
[M8T] IN2 9aee=0000
[M8T] OUT2 86e8=0113
[M8T] OUT2 82e8=0034
[M8B] start cur=275,52 dyend=61 dpc=3251 dpitch=1024 doff=0 clip 66,48-637,65 compat=0
[M8T] IN2 9aee=0000
[M8T] OUT2 e2e8=4274
[M8T] OUT2 e2e8=1111
[M8T] OUT2 e2e8=f810
[M8T] OUT2 e2e8=0000
[M8T] IN2 9aee=8000
[M8T] IN2 9aee=0000
[M8T] OUT2 86e8=011a
[M8T] OUT2 82e8=003c
[M8B] start cur=282,60 dyend=61 dpc=3251 dpitch=1024 doff=0 clip 66,48-637,65 compat=0
[M8T] IN2 9aee=0000
[M8T] OUT2 e2e8=0080
[M8T] OUT2 e2e8=0000
[M8T] IN2 9aee=8000
[M8T] IN2 9aee=0000
[M8T] OUT2 86e8=011e
[M8T] OUT2 82e8=0034
[M8B] start cur=286,52 dyend=61 dpc=3251 dpitch=1024 doff=0 clip 66,48-637,65 compat=0
[M8T] IN2 9aee=0000
[M8T] OUT2 e2e8=21fc
[M8T] OUT2 e2e8=420f
[M8T] OUT2 e2e8=f810
[M8T] OUT2 e2e8=0000
[M8T] IN2 9aee=8000
[M8T] IN2 9aee=0000
[M8T] OUT2 86e8=0125
[M8T] OUT2 82e8=0034
[M8B] start cur=293,52 dyend=61 dpc=3251 dpitch=1024 doff=0 clip 66,48-637,65 compat=0
[M8T] IN2 9aee=0000
[M8T] OUT2 e2e8=0583
[M8T] OUT2 e2e8=4111
[M8T] OUT2 e2e8=1105
[M8T] OUT2 e2e8=8241
[M8T] IN2 9aee=0000
[M8T] OUT2 86e8=012e
[M8T] OUT2 82e8=0034
[M8B] start cur=302,52 dyend=61 dpc=3251 dpitch=1024 doff=0 clip 66,48-637,65 compat=0
[M8T] IN2 9aee=0000
[M8T] OUT2 e2e8=21fc
[M8T] OUT2 e2e8=420f
[M8T] OUT2 e2e8=f810
[M8T] OUT2 e2e8=0000
[M8T] IN2 9aee=8000
[M8T] IN2 9aee=0000
[M8T] OUT2 86e8=013a
[M8T] OUT2 82e8=0034
[M8B] start cur=314,52 dyend=61 dpc=3251 dpitch=1024 doff=0 clip 66,48-637,65 compat=0
[M8T] IN2 9aee=0000
[M8T] OUT2 e2e8=1886
[M8T] OUT2 e2e8=8661
[M8T] OUT2 e2e8=6118
[M8T] OUT2 e2e8=0078
[M8T] IN2 9aee=0000
[M8T] OUT2 86e8=0143
[M8T] OUT2 82e8=0034
[M8B] start cur=323,52 dyend=61 dpc=3251 dpitch=1024 doff=0 clip 66,48-637,65 compat=0
[M8T] IN2 9aee=0000
[M8T] OUT2 e2e8=6174
[M8T] OUT2 e2e8=0407
[M8T] OUT2 e2e8=7031
[M8T] OUT2 e2e8=0000
[M8T] IN2 9aee=8000
[M8T] IN2 9aee=0000
[M8T] OUT2 86e8=014b
[M8T] OUT2 82e8=0034
[M8B] start cur=331,52 dyend=61 dpc=3251 dpitch=1024 doff=0 clip 66,48-637,65 compat=0
[M8T] IN2 9aee=0000
[M8T] OUT2 e2e8=21fc
[M8T] OUT2 e2e8=420f
[M8T] OUT2 e2e8=f810
[M8T] OUT2 e2e8=0000
[M8T] IN2 9aee=8000
[M8T] IN2 9aee=0000
[M8T] OUT2 86e8=0153
[M8T] OUT2 82e8=0034
[M8B] start cur=339,52 dyend=61 dpc=3251 dpitch=1024 doff=0 clip 66,48-637,65 compat=0
[M8T] IN2 9aee=0000
[M8T] OUT2 e2e8=18fa
[M8T] OUT2 e2e8=fa61
[M8T] OUT2 e2e8=6118
[M8T] OUT2 e2e8=0084
[M8T] IN2 9aee=0000
[M8T] OUT2 86e8=015c
[M8T] OUT2 82e8=003c
[M8B] start cur=348,60 dyend=61 dpc=3251 dpitch=1024 doff=0 clip 66,48-637,65 compat=0
[M8T] IN2 9aee=0000
[M8T] OUT2 e2e8=0080
[M8T] OUT2 e2e8=0000
[M8T] IN2 9aee=8000
[M8T] IN2 9aee=0000
[M8T] OUT2 86e8=0160
[M8T] OUT2 82e8=0034
[M8B] start cur=352,52 dyend=61 dpc=3251 dpitch=1024 doff=0 clip 66,48-637,65 compat=0
[M8T] IN2 9aee=0000
[M8T] OUT2 e2e8=21fc
[M8T] OUT2 e2e8=420f
[M8T] OUT2 e2e8=f810
[M8T] OUT2 e2e8=0000
[M8T] IN2 9aee=8000
[M8T] IN2 9aee=0000
[M8T] OUT2 86e8=0167
[M8T] OUT2 82e8=0034
[M8B] start cur=359,52 dyend=61 dpc=3251 dpitch=1024 doff=0 clip 66,48-637,65 compat=0
[M8T] IN2 9aee=0000
[M8T] OUT2 e2e8=0583
[M8T] OUT2 e2e8=4111
[M8T] OUT2 e2e8=1105
[M8T] OUT2 e2e8=8241
[M8T] IN2 9aee=0000
[M8T] OUT2 86e8=0170
[M8T] OUT2 82e8=0034
[M8B] start cur=368,52 dyend=61 dpc=3251 dpitch=1024 doff=0 clip 66,48-637,65 compat=0
[M8T] IN2 9aee=0000
[M8T] OUT2 e2e8=21fc
[M8T] OUT2 e2e8=420f
[M8T] OUT2 e2e8=f810
[M8T] OUT2 e2e8=0000
[M8T] IN2 9aee=8000
[M8T] IN2 9aee=0000
[M8T] OUT2 86e8=0178
[M8T] OUT2 82e8=003c
[M8B] start cur=376,60 dyend=62 dpc=3251 dpitch=1024 doff=0 clip 66,48-637,65 compat=0
[M8T] IN2 9aee=0000
[M8T] OUT2 e2e8=0060
[M8T] OUT2 e2e8=0000
[M8T] IN2 9aee=8000
[M8T] IN2 9aee=0000
[M8T] OUT2 86e8=017c
[M8T] OUT2 82e8=0034
[M8B] start cur=380,52 dyend=61 dpc=3251 dpitch=1024 doff=0 clip 66,48-637,65 compat=0
[M8T] IN2 9aee=0000
[M8T] OUT2 e2e8=21fc
[M8T] OUT2 e2e8=420f
[M8T] OUT2 e2e8=f810
[M8T] OUT2 e2e8=0000
[M8T] IN2 9aee=8000
[M8T] IN2 9aee=0000
[M8T] OUT2 86e8=0184
[M8T] OUT2 82e8=0037
[M8B] start cur=388,55 dyend=61 dpc=3251 dpitch=1024 doff=0 clip 66,48-637,65 compat=0
[M8T] IN2 9aee=0000
[M8T] OUT2 e2e8=6699
[M8T] OUT2 e2e8=0099
[M8T] IN2 9aee=0000
[M8T] OUT2 86e8=018a
[M8T] OUT2 82e8=0034
[M8B] start cur=394,52 dyend=61 dpc=3251 dpitch=1024 doff=0 clip 66,48-637,65 compat=0
[M8T] IN2 9aee=0000
[M8T] OUT2 e2e8=809f
[M8T] OUT2 e2e8=0000
[M8T] IN2 9aee=8000
[M8T] IN2 9aee=0000
[M8T] OUT2 86e8=018d
[M8T] OUT2 82e8=0035
[M8B] start cur=397,53 dyend=61 dpc=3251 dpitch=1024 doff=0 clip 66,48-637,65 compat=0
[M8T] IN2 9aee=0000
[M8T] OUT2 e2e8=a9ae
[M8T] OUT2 e2e8=0000
[M8T] IN2 9aee=8000
[M8T] IN2 9aee=0000
[M8T] OUT2 86e8=0190
[M8T] OUT2 82e8=0034
[M8B] start cur=400,52 dyend=61 dpc=3251 dpitch=1024 doff=0 clip 66,48-637,65 compat=0
[M8T] IN2 9aee=0000
[M8T] OUT2 e2e8=3080
[M8T] OUT2 e2e8=1105
[M8T] OUT2 e2e8=2422
[M8T] OUT2 e2e8=5544
[M8T] IN2 9aee=0000
[M8T] OUT2 e2e8=a00a
[M8T] OUT2 e2e8=1188
[M8T] OUT2 e2e8=0000
*** 1 repeats ***
[M8T] IN2 9aee=8000
[M8T] IN2 9aee=0000
[M8T] OUT2 86e8=019d
[M8T] OUT2 82e8=0034
[M8B] start cur=413,52 dyend=61 dpc=3251 dpitch=1024 doff=0 clip 66,48-637,65 compat=0
[M8T] IN2 9aee=0000
[M8T] OUT2 e2e8=809f
[M8T] OUT2 e2e8=0000
[M8T] IN2 9aee=8000
[M8T] IN2 9aee=0000
[M8T] OUT2 86e8=01a0
[M8T] OUT2 82e8=0037
[M8B] start cur=416,55 dyend=61 dpc=3251 dpitch=1024 doff=0 clip 66,48-637,65 compat=0
[M8T] IN2 9aee=0000
[M8T] OUT2 e2e8=63b6
[M8T] OUT2 e2e8=c418
[M8T] IN2 9aee=0000
[M8T] OUT2 86e8=01a7
[M8T] OUT2 82e8=0034
[M8B] start cur=423,52 dyend=61 dpc=3251 dpitch=1024 doff=0 clip 66,48-637,65 compat=0
[M8T] IN2 9aee=0000
[M8T] OUT2 e2e8=4208
[M8T] OUT2 e2e8=c6f8
[M8T] OUT2 e2e8=7831
[M8T] OUT2 e2e8=0000
[M8T] IN2 9aee=8000
[M8T] IN2 9aee=0000
[M8T] OUT2 86e8=01ae
[M8T] OUT2 82e8=0037
[M8B] start cur=430,55 dyend=61 dpc=3251 dpitch=1024 doff=0 clip 66,48-637,65 compat=0
[M8T] IN2 9aee=0000
[M8T] OUT2 e2e8=6374
[M8T] OUT2 e2e8=b818
[M8T] IN2 9aee=0000
[M8T] OUT2 86e8=01b5
[M8T] OUT2 82e8=0037
[M8B] start cur=437,55 dyend=61 dpc=3251 dpitch=1024 doff=0 clip 66,48-637,65 compat=0
[M8T] IN2 9aee=0000
[M8T] OUT2 e2e8=2693
[M8T] OUT2 e2e8=54ad
[M8T] OUT2 e2e8=8048
[M8T] OUT2 e2e8=0000
[M8T] IN2 9aee=8000
[M8T] IN2 9aee=0000
[M8T] OUT2 86e8=01be
[M8T] OUT2 82e8=0037
[M8B] start cur=446,55 dyend=61 dpc=3251 dpitch=1024 doff=0 clip 66,48-637,65 compat=0
[M8T] IN2 9aee=0000
[M8T] OUT2 e2e8=4269
[M8T] OUT2 e2e8=0096
[M8T] IN2 9aee=0000
[M8T] OUT2 daee=0000
[M8T] OUT2 deee=0000
[M8T] OUT2 e2ee=05ff
[M8T] OUT2 e6ee=05ff
[M8T] IN2 9aee=f000
[M8T] IN2 9aee=0000
[M8T] OUT2 daee=0042
[M8T] OUT2 deee=0030
[M8T] OUT2 e2ee=027d
[M8T] OUT2 e6ee=0041
[M8T] IN2 9aee=f000
[M8T] IN2 9aee=0000
[M8T] OUT2 a6e8=0007
[M8T] IN2 9aee=f800
[M8T] IN2 9aee=0000
[M8T] OUT2 86e8=0045
[M8T] OUT2 82e8=0034
[M8B] start cur=69,52 dyend=61 dpc=3251 dpitch=1024 doff=0 clip 66,48-637,65 compat=0
[M8T] IN2 9aee=0000
[M8T] OUT2 e2e8=6174
[M8T] OUT2 e2e8=0407
[M8T] OUT2 e2e8=7031
[M8T] OUT2 e2e8=0000
[M8T] IN2 9aee=8000
[M8T] IN2 9aee=0000
[M8T] OUT2 86e8=004d
[M8T] OUT2 82e8=0034
[M8B] start cur=77,52 dyend=61 dpc=3251 dpitch=1024 doff=0 clip 66,48-637,65 compat=0
[M8T] IN2 9aee=0000
[M8T] OUT2 e2e8=08f9
[M8T] OUT2 e2e8=1042
[M8T] OUT2 e2e8=2084
[M8T] OUT2 e2e8=0000
[M8T] IN2 9aee=8000
[M8T] IN2 9aee=0000
[M8T] OUT2 86e8=0054
[M8T] OUT2 82e8=0034
[M8B] start cur=84,52 dyend=61 dpc=3251 dpitch=1024 doff=0 clip 66,48-637,65 compat=0
[M8T] IN2 9aee=0000
[M8T] OUT2 e2e8=2010
[M8T] OUT2 e2e8=44a1
[M8T] OUT2 e2e8=9f48
[M8T] OUT2 e2e8=8241
[M8T] IN2 9aee=0000
[M8T] OUT2 86e8=005d
[M8T] OUT2 82e8=0034
[M8B] start cur=93,52 dyend=61 dpc=3251 dpitch=1024 doff=0 clip 66,48-637,65 compat=0
[M8T] IN2 9aee=0000
[M8T] OUT2 e2e8=18fa
[M8T] OUT2 e2e8=fa61
[M8T] OUT2 e2e8=6118
[M8T] OUT2 e2e8=0084
[M8T] IN2 9aee=0000
[M8T] OUT2 86e8=0066
[M8T] OUT2 82e8=0034
[M8B] start cur=102,52 dyend=61 dpc=3251 dpitch=1024 doff=0 clip 66,48-637,65 compat=0
[M8T] IN2 9aee=0000
[M8T] OUT2 e2e8=08f9
[M8T] OUT2 e2e8=1042
[M8T] OUT2 e2e8=2084
[M8T] OUT2 e2e8=0000
[M8T] IN2 9aee=8000
[M8T] IN2 9aee=0000
[M8T] OUT2 86e8=0072
[M8T] OUT2 82e8=0034
[M8B] start cur=114,52 dyend=61 dpc=3251 dpitch=1024 doff=0 clip 66,48-637,65 compat=0
[M8T] IN2 9aee=0000
[M8T] OUT2 e2e8=1211
[M8T] OUT2 e2e8=4824
[M8T] OUT2 e2e8=0080
[M8T] OUT2 e2e8=0000
[M8T] IN2 9aee=8000
[M8T] IN2 9aee=0000
[M8T] OUT2 86e8=0078
[M8T] OUT2 82e8=0034
[M8B] start cur=120,52 dyend=61 dpc=3251 dpitch=1024 doff=0 clip 66,48-637,65 compat=0
[M8T] IN2 9aee=0000
[M8T] OUT2 e2e8=1211
[M8T] OUT2 e2e8=4824
[M8T] OUT2 e2e8=0080
[M8T] OUT2 e2e8=0000
[M8T] IN2 9aee=8000
[M8T] IN2 9aee=0000
[M8T] OUT2 86e8=0082
[M8T] OUT2 82e8=0034
[M8B] start cur=130,52 dyend=61 dpc=3251 dpitch=1024 doff=0 clip 66,48-637,65 compat=0
[M8T] IN2 9aee=0000
[M8T] OUT2 e2e8=187a
[M8T] OUT2 e2e8=8220
[M8T] OUT2 e2e8=2108
[M8T] OUT2 e2e8=0078
[M8T] IN2 9aee=0000
[M8T] OUT2 86e8=008a
[M8T] OUT2 82e8=0037
[M8B] start cur=138,55 dyend=61 dpc=3251 dpitch=1024 doff=0 clip 66,48-637,65 compat=0
[M8T] IN2 9aee=0000
[M8T] OUT2 e2e8=0084
[M8T] OUT2 e2e8=0000
[M8T] IN2 9aee=8000
[M8T] IN2 9aee=0000
[M8T] OUT2 86e8=008e
[M8T] OUT2 82e8=0034
[M8B] start cur=142,52 dyend=61 dpc=3251 dpitch=1024 doff=0 clip 66,48-637,65 compat=0
[M8T] IN2 9aee=0000
[M8T] OUT2 e2e8=8488
[M8T] OUT2 e2e8=2142
[M8T] OUT2 e2e8=0010
[M8T] OUT2 e2e8=0000
[M8T] IN2 9aee=8000
[M8T] IN2 9aee=0000
[M8T] OUT2 86e8=0093
[M8T] OUT2 82e8=0034
[M8B] start cur=147,52 dyend=61 dpc=3251 dpitch=1024 doff=0 clip 66,48-637,65 compat=0
[M8T] IN2 9aee=0000
[M8T] OUT2 e2e8=3080
[M8T] OUT2 e2e8=1105
[M8T] OUT2 e2e8=2422
[M8T] OUT2 e2e8=5544
[M8T] IN2 9aee=0000
[M8T] OUT2 e2e8=a00a
[M8T] OUT2 e2e8=1188
[M8T] OUT2 e2e8=0000
*** 1 repeats ***
[M8T] IN2 9aee=8000
[M8T] IN2 9aee=0000
[M8T] OUT2 86e8=00a0
[M8T] OUT2 82e8=0034
[M8B] start cur=160,52 dyend=61 dpc=3251 dpitch=1024 doff=0 clip 66,48-637,65 compat=0
[M8T] IN2 9aee=0000
[M8T] OUT2 e2e8=80ff
[M8T] OUT2 e2e8=0000
[M8T] IN2 9aee=8000
[M8T] IN2 9aee=0000
[M8T] OUT2 86e8=00a4
[M8T] OUT2 82e8=0034
[M8B] start cur=164,52 dyend=61 dpc=3251 dpitch=1024 doff=0 clip 66,48-637,65 compat=0
[M8T] IN2 9aee=0000
[M8T] OUT2 e2e8=1c87
[M8T] OUT2 e2e8=a669
[M8T] OUT2 e2e8=e358
[M8T] OUT2 e2e8=0084
[M8T] IN2 9aee=0000
[M8T] OUT2 86e8=00ad
[M8T] OUT2 82e8=0034
[M8B] start cur=173,52 dyend=61 dpc=3251 dpitch=1024 doff=0 clip 66,48-637,65 compat=0
[M8T] IN2 9aee=0000
[M8T] OUT2 e2e8=28f2
[M8T] OUT2 e2e8=8661
[M8T] OUT2 e2e8=6218
[M8T] OUT2 e2e8=00f0
[M8T] IN2 9aee=0000
[M8T] OUT2 86e8=00b6
[M8T] OUT2 82e8=0034
[M8B] start cur=182,52 dyend=61 dpc=3251 dpitch=1024 doff=0 clip 66,48-637,65 compat=0
[M8T] IN2 9aee=0000
[M8T] OUT2 e2e8=187a
[M8T] OUT2 e2e8=8661
[M8T] OUT2 e2e8=6118
[M8T] OUT2 e2e8=0078
[M8T] IN2 9aee=0000
[M8T] OUT2 86e8=00be
[M8T] OUT2 82e8=0034
[M8B] start cur=190,52 dyend=61 dpc=3251 dpitch=1024 doff=0 clip 66,48-637,65 compat=0
[M8T] IN2 9aee=0000
[M8T] OUT2 e2e8=3080
[M8T] OUT2 e2e8=1105
[M8T] OUT2 e2e8=2422
[M8T] OUT2 e2e8=5544
[M8T] IN2 9aee=0000
[M8T] OUT2 e2e8=a00a
[M8T] OUT2 e2e8=1188
[M8T] OUT2 e2e8=0000
*** 1 repeats ***
[M8T] IN2 9aee=8000
[M8T] IN2 9aee=0000
[M8T] OUT2 86e8=00cb
[M8T] OUT2 82e8=0034
[M8B] start cur=203,52 dyend=61 dpc=3251 dpitch=1024 doff=0 clip 66,48-637,65 compat=0
[M8T] IN2 9aee=0000
[M8T] OUT2 e2e8=6174
[M8T] OUT2 e2e8=0407
[M8T] OUT2 e2e8=7031
[M8T] OUT2 e2e8=0000
[M8T] IN2 9aee=8000
[M8T] IN2 9aee=0000
[M8T] OUT2 86e8=00d3
[M8T] OUT2 82e8=0034
[M8B] start cur=211,52 dyend=61 dpc=3251 dpitch=1024 doff=0 clip 66,48-637,65 compat=0
[M8T] IN2 9aee=0000
[M8T] OUT2 e2e8=8488
[M8T] OUT2 e2e8=2142
[M8T] OUT2 e2e8=0010
[M8T] OUT2 e2e8=0000
[M8T] IN2 9aee=8000
[M8T] IN2 9aee=0000
[M8T] OUT2 86e8=00d9
[M8T] OUT2 82e8=0034
[M8B] start cur=217,52 dyend=61 dpc=3251 dpitch=1024 doff=0 clip 66,48-637,65 compat=0
[M8T] IN2 9aee=0000
[M8T] OUT2 e2e8=18fa
[M8T] OUT2 e2e8=fa61
[M8T] OUT2 e2e8=6118
[M8T] OUT2 e2e8=0084
[M8T] IN2 9aee=0000
[M8T] OUT2 86e8=00e2
[M8T] OUT2 82e8=0034
[M8B] start cur=226,52 dyend=61 dpc=3251 dpitch=1024 doff=0 clip 66,48-637,65 compat=0
[M8T] IN2 9aee=0000
[M8T] OUT2 e2e8=1886
[M8T] OUT2 e2e8=8661
[M8T] OUT2 e2e8=6118
[M8T] OUT2 e2e8=0078
[M8T] IN2 9aee=0000
[M8T] OUT2 86e8=00eb
[M8T] OUT2 82e8=0034
[M8B] start cur=235,52 dyend=61 dpc=3251 dpitch=1024 doff=0 clip 66,48-637,65 compat=0
[M8T] IN2 9aee=0000
[M8T] OUT2 e2e8=1c87
[M8T] OUT2 e2e8=a669
[M8T] OUT2 e2e8=e358
[M8T] OUT2 e2e8=0084
[M8T] IN2 9aee=0000
[M8T] OUT2 86e8=00f4
[M8T] OUT2 82e8=0034
[M8B] start cur=244,52 dyend=61 dpc=3251 dpitch=1024 doff=0 clip 66,48-637,65 compat=0
[M8T] IN2 9aee=0000
[M8T] OUT2 e2e8=28f2
[M8T] OUT2 e2e8=8661
[M8T] OUT2 e2e8=6218
[M8T] OUT2 e2e8=00f0
[M8T] IN2 9aee=0000
[M8T] OUT2 86e8=00fd
[M8T] OUT2 82e8=0034
[M8B] start cur=253,52 dyend=61 dpc=3251 dpitch=1024 doff=0 clip 66,48-637,65 compat=0
[M8T] IN2 9aee=0000
[M8T] OUT2 e2e8=2184
[M8T] OUT2 e2e8=4208
[M8T] OUT2 e2e8=f810
[M8T] OUT2 e2e8=0000
[M8T] IN2 9aee=8000
[M8T] IN2 9aee=0000
[M8T] OUT2 86e8=0104
[M8T] OUT2 82e8=0034
[M8B] start cur=260,52 dyend=61 dpc=3251 dpitch=1024 doff=0 clip 66,48-637,65 compat=0
[M8T] IN2 9aee=0000
[M8T] OUT2 e2e8=2184
[M8T] OUT2 e2e8=4208
[M8T] OUT2 e2e8=f810
[M8T] OUT2 e2e8=0000
[M8T] IN2 9aee=8000
[M8T] IN2 9aee=0000
[M8T] OUT2 86e8=010b
[M8T] OUT2 82e8=0034
[M8B] start cur=267,52 dyend=61 dpc=3251 dpitch=1024 doff=0 clip 66,48-637,65 compat=0
[M8T] IN2 9aee=0000
[M8T] OUT2 e2e8=4274
[M8T] OUT2 e2e8=0413
[M8T] OUT2 e2e8=7031
[M8T] OUT2 e2e8=0000
[M8T] IN2 9aee=8000
[M8T] IN2 9aee=0000
[M8T] OUT2 86e8=0112
[M8T] OUT2 82e8=0034
[M8B] start cur=274,52 dyend=61 dpc=3251 dpitch=1024 doff=0 clip 66,48-637,65 compat=0
[M8T] IN2 9aee=0000
[M8T] OUT2 e2e8=4274
[M8T] OUT2 e2e8=1111
[M8T] OUT2 e2e8=f810
[M8T] OUT2 e2e8=0000
[M8T] IN2 9aee=8000
[M8T] IN2 9aee=0000
[M8T] OUT2 86e8=0119
[M8T] OUT2 82e8=003c
[M8B] start cur=281,60 dyend=61 dpc=3251 dpitch=1024 doff=0 clip 66,48-637,65 compat=0
[M8T] IN2 9aee=0000
[M8T] OUT2 e2e8=0080
[M8T] OUT2 e2e8=0000
[M8T] IN2 9aee=8000
[M8T] IN2 9aee=0000
[M8T] OUT2 86e8=011d
[M8T] OUT2 82e8=0034
[M8B] start cur=285,52 dyend=61 dpc=3251 dpitch=1024 doff=0 clip 66,48-637,65 compat=0
[M8T] IN2 9aee=0000
[M8T] OUT2 e2e8=21fc
[M8T] OUT2 e2e8=420f
[M8T] OUT2 e2e8=f810
[M8T] OUT2 e2e8=0000
[M8T] IN2 9aee=8000
[M8T] IN2 9aee=0000
[M8T] OUT2 86e8=0124
[M8T] OUT2 82e8=0034
[M8B] start cur=292,52 dyend=61 dpc=3251 dpitch=1024 doff=0 clip 66,48-637,65 compat=0
[M8T] IN2 9aee=0000
[M8T] OUT2 e2e8=0583
[M8T] OUT2 e2e8=4111
[M8T] OUT2 e2e8=1105
[M8T] OUT2 e2e8=8241
[M8T] IN2 9aee=0000
[M8T] OUT2 86e8=012d
[M8T] OUT2 82e8=0034
[M8B] start cur=301,52 dyend=61 dpc=3251 dpitch=1024 doff=0 clip 66,48-637,65 compat=0
[M8T] IN2 9aee=0000
[M8T] OUT2 e2e8=21fc
[M8T] OUT2 e2e8=420f
[M8T] OUT2 e2e8=f810
[M8T] OUT2 e2e8=0000
[M8T] IN2 9aee=8000
[M8T] IN2 9aee=0000
[M8T] OUT2 86e8=0139
[M8T] OUT2 82e8=0034
[M8B] start cur=313,52 dyend=61 dpc=3251 dpitch=1024 doff=0 clip 66,48-637,65 compat=0
[M8T] IN2 9aee=0000
[M8T] OUT2 e2e8=1886
[M8T] OUT2 e2e8=8661
[M8T] OUT2 e2e8=6118
[M8T] OUT2 e2e8=0078
[M8T] IN2 9aee=0000
[M8T] OUT2 86e8=0142
[M8T] OUT2 82e8=0034
[M8B] start cur=322,52 dyend=61 dpc=3251 dpitch=1024 doff=0 clip 66,48-637,65 compat=0
[M8T] IN2 9aee=0000
[M8T] OUT2 e2e8=6174
[M8T] OUT2 e2e8=0407
[M8T] OUT2 e2e8=7031
[M8T] OUT2 e2e8=0000
[M8T] IN2 9aee=8000
[M8T] IN2 9aee=0000
[M8T] OUT2 86e8=014a
[M8T] OUT2 82e8=0034
[M8B] start cur=330,52 dyend=61 dpc=3251 dpitch=1024 doff=0 clip 66,48-637,65 compat=0
[M8T] IN2 9aee=0000
[M8T] OUT2 e2e8=21fc
[M8T] OUT2 e2e8=420f
[M8T] OUT2 e2e8=f810
[M8T] OUT2 e2e8=0000
[M8T] IN2 9aee=8000
[M8T] IN2 9aee=0000
[M8T] OUT2 86e8=0152
[M8T] OUT2 82e8=0034
[M8B] start cur=338,52 dyend=61 dpc=3251 dpitch=1024 doff=0 clip 66,48-637,65 compat=0
[M8T] IN2 9aee=0000
[M8T] OUT2 e2e8=18fa
[M8T] OUT2 e2e8=fa61
[M8T] OUT2 e2e8=6118
[M8T] OUT2 e2e8=0084
[M8T] IN2 9aee=0000
[M8T] OUT2 86e8=015b
[M8T] OUT2 82e8=003c
[M8B] start cur=347,60 dyend=61 dpc=3251 dpitch=1024 doff=0 clip 66,48-637,65 compat=0
[M8T] IN2 9aee=0000
[M8T] OUT2 e2e8=0080
[M8T] OUT2 e2e8=0000
[M8T] IN2 9aee=8000
[M8T] IN2 9aee=0000
[M8T] OUT2 86e8=015f
[M8T] OUT2 82e8=0034
[M8B] start cur=351,52 dyend=61 dpc=3251 dpitch=1024 doff=0 clip 66,48-637,65 compat=0
[M8T] IN2 9aee=0000
[M8T] OUT2 e2e8=21fc
[M8T] OUT2 e2e8=420f
[M8T] OUT2 e2e8=f810
[M8T] OUT2 e2e8=0000
[M8T] IN2 9aee=8000
[M8T] IN2 9aee=0000
[M8T] OUT2 86e8=0166
[M8T] OUT2 82e8=0034
[M8B] start cur=358,52 dyend=61 dpc=3251 dpitch=1024 doff=0 clip 66,48-637,65 compat=0
[M8T] IN2 9aee=0000
[M8T] OUT2 e2e8=0583
[M8T] OUT2 e2e8=4111
[M8T] OUT2 e2e8=1105
[M8T] OUT2 e2e8=8241
[M8T] IN2 9aee=0000
[M8T] OUT2 86e8=016f
[M8T] OUT2 82e8=0034
[M8B] start cur=367,52 dyend=61 dpc=3251 dpitch=1024 doff=0 clip 66,48-637,65 compat=0
[M8T] IN2 9aee=0000
[M8T] OUT2 e2e8=21fc
[M8T] OUT2 e2e8=420f
[M8T] OUT2 e2e8=f810
[M8T] OUT2 e2e8=0000
[M8T] IN2 9aee=8000
[M8T] IN2 9aee=0000
[M8T] OUT2 86e8=0177
[M8T] OUT2 82e8=003c
[M8B] start cur=375,60 dyend=62 dpc=3251 dpitch=1024 doff=0 clip 66,48-637,65 compat=0
[M8T] IN2 9aee=0000
[M8T] OUT2 e2e8=0060
[M8T] OUT2 e2e8=0000
[M8T] IN2 9aee=8000
[M8T] IN2 9aee=0000
[M8T] OUT2 86e8=017b
[M8T] OUT2 82e8=0034
[M8B] start cur=379,52 dyend=61 dpc=3251 dpitch=1024 doff=0 clip 66,48-637,65 compat=0
[M8T] IN2 9aee=0000
[M8T] OUT2 e2e8=21fc
[M8T] OUT2 e2e8=420f
[M8T] OUT2 e2e8=f810
[M8T] OUT2 e2e8=0000
[M8T] IN2 9aee=8000
[M8T] IN2 9aee=0000
[M8T] OUT2 86e8=0183
[M8T] OUT2 82e8=0037
[M8B] start cur=387,55 dyend=61 dpc=3251 dpitch=1024 doff=0 clip 66,48-637,65 compat=0
[M8T] IN2 9aee=0000
[M8T] OUT2 e2e8=6699
[M8T] OUT2 e2e8=0099
[M8T] IN2 9aee=0000
[M8T] OUT2 86e8=0189
[M8T] OUT2 82e8=0034
[M8B] start cur=393,52 dyend=61 dpc=3251 dpitch=1024 doff=0 clip 66,48-637,65 compat=0
[M8T] IN2 9aee=0000
[M8T] OUT2 e2e8=809f
[M8T] OUT2 e2e8=0000
[M8T] IN2 9aee=8000
[M8T] IN2 9aee=0000
[M8T] OUT2 86e8=018c
[M8T] OUT2 82e8=0035
[M8B] start cur=396,53 dyend=61 dpc=3251 dpitch=1024 doff=0 clip 66,48-637,65 compat=0
[M8T] IN2 9aee=0000
[M8T] OUT2 e2e8=a9ae
[M8T] OUT2 e2e8=0000
[M8T] IN2 9aee=8000
[M8T] IN2 9aee=0000
[M8T] OUT2 86e8=018f
[M8T] OUT2 82e8=0034
[M8B] start cur=399,52 dyend=61 dpc=3251 dpitch=1024 doff=0 clip 66,48-637,65 compat=0
[M8T] IN2 9aee=0000
[M8T] OUT2 e2e8=3080
[M8T] OUT2 e2e8=1105
[M8T] OUT2 e2e8=2422
[M8T] OUT2 e2e8=5544
[M8T] IN2 9aee=0000
[M8T] OUT2 e2e8=a00a
[M8T] OUT2 e2e8=1188
[M8T] OUT2 e2e8=0000
*** 1 repeats ***
[M8T] IN2 9aee=8000
[M8T] IN2 9aee=0000
[M8T] OUT2 86e8=019c
[M8T] OUT2 82e8=0034
[M8B] start cur=412,52 dyend=61 dpc=3251 dpitch=1024 doff=0 clip 66,48-637,65 compat=0
[M8T] IN2 9aee=0000
[M8T] OUT2 e2e8=809f
[M8T] OUT2 e2e8=0000
[M8T] IN2 9aee=8000
[M8T] IN2 9aee=0000
[M8T] OUT2 86e8=019f
[M8T] OUT2 82e8=0037
[M8B] start cur=415,55 dyend=61 dpc=3251 dpitch=1024 doff=0 clip 66,48-637,65 compat=0
[M8T] IN2 9aee=0000
[M8T] OUT2 e2e8=63b6
[M8T] OUT2 e2e8=c418
[M8T] IN2 9aee=0000
[M8T] OUT2 86e8=01a6
[M8T] OUT2 82e8=0034
[M8B] start cur=422,52 dyend=61 dpc=3251 dpitch=1024 doff=0 clip 66,48-637,65 compat=0
[M8T] IN2 9aee=0000
[M8T] OUT2 e2e8=4208
[M8T] OUT2 e2e8=c6f8
[M8T] OUT2 e2e8=7831
[M8T] OUT2 e2e8=0000
[M8T] IN2 9aee=8000
[M8T] IN2 9aee=0000
[M8T] OUT2 86e8=01ad
[M8T] OUT2 82e8=0037
[M8B] start cur=429,55 dyend=61 dpc=3251 dpitch=1024 doff=0 clip 66,48-637,65 compat=0
[M8T] IN2 9aee=0000
[M8T] OUT2 e2e8=6374
[M8T] OUT2 e2e8=b818
[M8T] IN2 9aee=0000
[M8T] OUT2 86e8=01b4
[M8T] OUT2 82e8=0037
[M8B] start cur=436,55 dyend=61 dpc=3251 dpitch=1024 doff=0 clip 66,48-637,65 compat=0
[M8T] IN2 9aee=0000
[M8T] OUT2 e2e8=2693
[M8T] OUT2 e2e8=54ad
[M8T] OUT2 e2e8=8048
[M8T] OUT2 e2e8=0000
[M8T] IN2 9aee=8000
[M8T] IN2 9aee=0000
[M8T] OUT2 86e8=01bd
[M8T] OUT2 82e8=0037
[M8B] start cur=445,55 dyend=61 dpc=3251 dpitch=1024 doff=0 clip 66,48-637,65 compat=0
[M8T] IN2 9aee=0000
[M8T] OUT2 e2e8=4269
[M8T] OUT2 e2e8=0096
[M8T] IN2 9aee=0000
[M8T] OUT2 daee=0000
[M8T] OUT2 deee=0000
[M8T] OUT2 e2ee=05ff
[M8T] OUT2 e6ee=05ff
[M8T] IN2 9aee=f000
[M8T] IN2 9aee=0000
[M8T] IN2 9ae8=0000
[M8T] OUT2 daee=003e
[M8T] OUT2 e2ee=004f
[M8T] OUT2 86e8=003e
[M8T] OUT2 82e8=02ea
[M8B] start cur=62,746 dyend=764 dpc=5211 dpitch=1024 doff=0 clip 62,0-79,1535 compat=0
[M8T] OUT2 e2e8=0707
*** 9 repeats ***
[M8T] OUT2 e2e8=0007
[M8T] OUT2 e2e8=0000
[M8T] OUT2 e2e8=0707
[M8T] OUT2 e2e8=0000
*** 3 repeats ***
[M8T] OUT2 e2e8=0707
*** 1 repeats ***
[M8T] OUT2 e2e8=0007
[M8T] OUT2 e2e8=00f7
[M8T] OUT2 e2e8=0007
[M8T] OUT2 e2e8=f7f8
[M8T] OUT2 e2e8=0000
[M8T] OUT2 e2e8=00f8
[M8T] OUT2 e2e8=f700
[M8T] OUT2 e2e8=0700
[M8T] OUT2 e2e8=0707
[M8T] OUT2 e2e8=0007
[M8T] OUT2 e2e8=f8f8
[M8T] OUT2 e2e8=0000
[M8T] OUT2 e2e8=f7f7
[M8T] OUT2 e2e8=0000
*** 2 repeats ***
[M8T] OUT2 e2e8=0700
[M8T] OUT2 e2e8=0707
[M8T] OUT2 e2e8=0007
[M8T] OUT2 e2e8=f800
*** 1 repeats ***
[M8T] OUT2 e2e8=f700
[M8T] OUT2 e2e8=0000
*** 1 repeats ***
[M8T] OUT2 e2e8=00f8
[M8T] OUT2 e2e8=0707
*** 1 repeats ***
[M8T] OUT2 e2e8=0007
[M8T] OUT2 e2e8=0000
[M8T] OUT2 e2e8=f8f8
[M8T] OUT2 e2e8=f700
[M8T] OUT2 e2e8=0000
[M8T] OUT2 e2e8=0700
[M8T] OUT2 e2e8=f700
[M8T] OUT2 e2e8=0700
[M8T] OUT2 e2e8=0707
[M8T] OUT2 e2e8=0007
[M8T] OUT2 e2e8=0000
[M8T] OUT2 e2e8=00f8
[M8T] OUT2 e2e8=f700
[M8T] OUT2 e2e8=0000
[M8T] OUT2 e2e8=00f8
[M8T] OUT2 e2e8=f8f8
[M8T] OUT2 e2e8=0700
[M8T] OUT2 e2e8=0707
[M8T] OUT2 e2e8=0100
[M8T] OUT2 e2e8=0101
[M8T] OUT2 e2e8=0001
[M8T] OUT2 e2e8=0404
[M8T] OUT2 e2e8=0004
[M8T] OUT2 e2e8=0303
[M8T] OUT2 e2e8=0003
[M8T] OUT2 e2e8=0700
[M8T] OUT2 e2e8=0707
[M8T] OUT2 e2e8=f900
[M8T] OUT2 e2e8=f9f9
[M8T] OUT2 e2e8=0401
[M8T] OUT2 e2e8=fcfc
[M8T] OUT2 e2e8=0304
[M8T] OUT2 e2e8=fbfb
*** 1 repeats ***
[M8T] OUT2 e2e8=0003
[M8T] OUT2 e2e8=0707
[M8T] OUT2 e2e8=f900
[M8T] OUT2 e2e8=0101
[M8T] OUT2 e2e8=fc00
[M8T] OUT2 e2e8=0000
[M8T] OUT2 e2e8=fb00
[M8T] OUT2 e2e8=0400
[M8T] OUT2 e2e8=0300
[M8T] OUT2 e2e8=0003
[M8T] OUT2 e2e8=0707
[M8T] OUT2 e2e8=f900
[M8T] OUT2 e2e8=0001
[M8T] OUT2 e2e8=0404
[M8T] OUT2 e2e8=0101
[M8T] OUT2 e2e8=fb00
[M8T] OUT2 e2e8=fc00
[M8T] OUT2 e2e8=0000
[M8T] OUT2 e2e8=0700
[M8T] OUT2 e2e8=0707
[M8T] OUT2 e2e8=f900
[M8T] OUT2 e2e8=0701
[M8T] OUT2 e2e8=0404
[M8T] OUT2 e2e8=0101
[M8T] OUT2 e2e8=0007
[M8T] OUT2 e2e8=fc00
[M8T] OUT2 e2e8=0303
[M8T] OUT2 e2e8=0700
[M8T] OUT2 e2e8=0707
[M8T] OUT2 e2e8=f900
[M8T] OUT2 e2e8=0701
[M8T] OUT2 e2e8=0404
[M8T] OUT2 e2e8=0101
[M8T] OUT2 e2e8=0007
[M8T] OUT2 e2e8=fc00
[M8T] OUT2 e2e8=fb00
[M8T] OUT2 e2e8=00fb
[M8T] OUT2 e2e8=0707
[M8T] OUT2 e2e8=f900
[M8T] OUT2 e2e8=0001
[M8T] OUT2 e2e8=0100
[M8T] OUT2 e2e8=00f9
[M8T] OUT2 e2e8=fb00
[M8T] OUT2 e2e8=0003
[M8T] OUT2 e2e8=0300
[M8T] OUT2 e2e8=00fb
[M8T] OUT2 e2e8=0707
[M8T] OUT2 e2e8=f900
[M8T] OUT2 e2e8=f9f9
*** 1 repeats ***
[M8T] OUT2 e2e8=0400
[M8T] OUT2 e2e8=0304
[M8T] OUT2 e2e8=fbfb
*** 1 repeats ***
[M8T] OUT2 e2e8=0003
[M8T] OUT2 e2e8=0707
[M8T] OUT2 e2e8=f900
[M8T] OUT2 e2e8=0101
*** 1 repeats ***
[M8T] OUT2 e2e8=0400
[M8T] OUT2 e2e8=0004
[M8T] OUT2 e2e8=0303
*** 1 repeats ***
[M8T] OUT2 e2e8=0000
[M8T] OUT2 e2e8=0707
[M8T] OUT2 e2e8=0000
*** 6 repeats ***
[M8T] OUT2 e2e8=0700
[M8T] OUT2 e2e8=0707
*** 8 repeats ***
[M8B] end cur=62,764
[M8T] IN2 9aee=0000
[M8T] OUT2 daee=0000
[M8T] OUT2 e2ee=05ff
[M8T] IN2 9aee=c000
[M8T] IN2 9aee=0000
[M8T] OUT2 a6e8=0707
[M8T] OUT2 86e8=0050
[M8T] OUT2 82e8=02ea
[M8B] start cur=80,746 dyend=764 dpc=2211 dpitch=1024 doff=0 clip 0,0-1535,1535 compat=0
[M8B] end cur=80,764
[M8T] IN2 9aee=0000
[M8T] OUT2 daee=0050
[M8T] OUT2 deee=02ec
[M8T] OUT2 e2ee=00d9
[M8T] OUT2 e6ee=02f8
[M8T] IN2 9aee=f000
[M8T] IN2 9aee=0000
[M8T] OUT2 a6e8=0007
[M8T] IN2 9aee=e000
[M8T] IN2 9aee=0000
[M8T] OUT2 86e8=0052
[M8T] OUT2 82e8=02ec
[M8B] start cur=82,748 dyend=761 dpc=2211 dpitch=1024 doff=0 clip 80,748-217,760 compat=0
[M8B] end cur=82,761
[M8T] IN2 9aee=0000
[M8T] OUT2 a6e8=0000
[M8T] IN2 9aee=f800
[M8T] IN2 9aee=0000
[M8T] OUT2 86e8=0053
[M8T] OUT2 82e8=02ee
[M8B] start cur=83,750 dyend=759 dpc=3251 dpitch=1024 doff=0 clip 80,748-217,760 compat=0
[M8T] OUT2 e2e8=6174
[M8T] OUT2 e2e8=0407
[M8T] OUT2 e2e8=7031
[M8T] OUT2 e2e8=0000
[M8T] OUT2 86e8=005a
[M8T] OUT2 82e8=02ee
[M8B] start cur=90,750 dyend=759 dpc=3251 dpitch=1024 doff=0 clip 80,748-217,760 compat=0
[M8T] OUT2 e2e8=08f9
[M8T] OUT2 e2e8=1042
[M8T] IN2 9aee=0000
[M8T] OUT2 e2e8=2084
[M8T] OUT2 e2e8=0000
[M8T] OUT2 86e8=0060
[M8T] OUT2 82e8=02ee
[M8B] start cur=96,750 dyend=759 dpc=3251 dpitch=1024 doff=0 clip 80,748-217,760 compat=0
[M8T] OUT2 e2e8=2010
[M8T] OUT2 e2e8=44a1
[M8T] OUT2 e2e8=9f48
[M8T] OUT2 e2e8=8241
[M8T] OUT2 86e8=0068
[M8T] OUT2 82e8=02ee
[M8B] start cur=104,750 dyend=759 dpc=3251 dpitch=1024 doff=0 clip 80,748-217,760 compat=0
[M8T] IN2 9aee=0000
[M8T] OUT2 e2e8=18fa
[M8T] OUT2 e2e8=fa61
[M8T] OUT2 e2e8=6118
[M8T] OUT2 e2e8=0084
[M8T] OUT2 86e8=0070
[M8T] OUT2 82e8=02ee
[M8B] start cur=112,750 dyend=759 dpc=3251 dpitch=1024 doff=0 clip 80,748-217,760 compat=0
[M8T] OUT2 e2e8=08f9
[M8T] OUT2 e2e8=1042
[M8T] OUT2 e2e8=2084
[M8T] OUT2 e2e8=0000
[M8T] IN2 9aee=8000
[M8T] IN2 9aee=0000
[M8T] OUT2 86e8=007a
[M8T] OUT2 82e8=02ee
[M8B] start cur=122,750 dyend=759 dpc=3251 dpitch=1024 doff=0 clip 80,748-217,760 compat=0
[M8T] OUT2 e2e8=1211
[M8T] OUT2 e2e8=4824
[M8T] OUT2 e2e8=0080
[M8T] OUT2 e2e8=0000
[M8T] OUT2 86e8=007f
[M8T] OUT2 82e8=02ee
[M8B] start cur=127,750 dyend=759 dpc=3251 dpitch=1024 doff=0 clip 80,748-217,760 compat=0
[M8T] OUT2 e2e8=1211
[M8T] OUT2 e2e8=4824
[M8T] IN2 9aee=0000
[M8T] OUT2 e2e8=0080
[M8T] OUT2 e2e8=0000
[M8T] OUT2 86e8=0087
[M8T] OUT2 82e8=02ee
[M8B] start cur=135,750 dyend=759 dpc=3251 dpitch=1024 doff=0 clip 80,748-217,760 compat=0
[M8T] OUT2 e2e8=187a
[M8T] OUT2 e2e8=8220
[M8T] OUT2 e2e8=2108
[M8T] OUT2 e2e8=0078
[M8T] OUT2 86e8=008e
[M8T] OUT2 82e8=02f1
[M8B] start cur=142,753 dyend=759 dpc=3251 dpitch=1024 doff=0 clip 80,748-217,760 compat=0
[M8T] IN2 9aee=0000
[M8T] OUT2 e2e8=0084
[M8T] OUT2 e2e8=0000
[M8T] OUT2 86e8=0091
[M8T] OUT2 82e8=02ee
[M8B] start cur=145,750 dyend=759 dpc=3251 dpitch=1024 doff=0 clip 80,748-217,760 compat=0
[M8T] OUT2 e2e8=8488
[M8T] OUT2 e2e8=2142
[M8T] OUT2 e2e8=0010
[M8T] OUT2 e2e8=0000
[M8T] OUT2 86e8=0095
[M8T] OUT2 82e8=02ee
[M8B] start cur=149,750 dyend=759 dpc=3251 dpitch=1024 doff=0 clip 80,748-217,760 compat=0
[M8T] IN2 9aee=0000
[M8T] OUT2 e2e8=3080
[M8T] OUT2 e2e8=1105
[M8T] OUT2 e2e8=2422
[M8T] OUT2 e2e8=5544
[M8T] OUT2 e2e8=a00a
[M8T] OUT2 e2e8=1188
[M8T] OUT2 e2e8=0000
*** 1 repeats ***
[M8T] OUT2 86e8=00a1
[M8T] OUT2 82e8=02ee
[M8B] start cur=161,750 dyend=759 dpc=3251 dpitch=1024 doff=0 clip 80,748-217,760 compat=0
[M8T] OUT2 e2e8=80ff
[M8T] OUT2 e2e8=0000
[M8T] IN2 9aee=8000
[M8T] IN2 9aee=0000
[M8T] OUT2 86e8=00a4
[M8T] OUT2 82e8=02ee
[M8B] start cur=164,750 dyend=759 dpc=3251 dpitch=1024 doff=0 clip 80,748-217,760 compat=0
[M8T] OUT2 e2e8=1c87
[M8T] OUT2 e2e8=a669
[M8T] OUT2 e2e8=e358
[M8T] OUT2 e2e8=0084
[M8T] OUT2 86e8=00ac
[M8T] OUT2 82e8=02ee
[M8B] start cur=172,750 dyend=759 dpc=3251 dpitch=1024 doff=0 clip 80,748-217,760 compat=0
[M8T] OUT2 e2e8=28f2
[M8T] OUT2 e2e8=8661
[M8T] IN2 9aee=0000
[M8T] OUT2 e2e8=6218
[M8T] OUT2 e2e8=00f0
[M8T] OUT2 86e8=00b4
[M8T] OUT2 82e8=02ee
[M8B] start cur=180,750 dyend=759 dpc=3251 dpitch=1024 doff=0 clip 80,748-217,760 compat=0
[M8T] OUT2 e2e8=187a
[M8T] OUT2 e2e8=8661
[M8T] OUT2 e2e8=6118
[M8T] OUT2 e2e8=0078
[M8T] OUT2 86e8=00bb
[M8T] OUT2 82e8=02ee
[M8B] start cur=187,750 dyend=759 dpc=3251 dpitch=1024 doff=0 clip 80,748-217,760 compat=0
[M8T] IN2 9aee=0000
[M8T] OUT2 e2e8=3080
[M8T] OUT2 e2e8=1105
[M8T] OUT2 e2e8=2422
[M8T] OUT2 e2e8=5544
[M8T] OUT2 e2e8=a00a
[M8T] OUT2 e2e8=1188
[M8T] OUT2 e2e8=0000
*** 1 repeats ***
[M8T] OUT2 86e8=00c7
[M8T] OUT2 82e8=02ee
[M8B] start cur=199,750 dyend=759 dpc=3251 dpitch=1024 doff=0 clip 80,748-217,760 compat=0
[M8T] OUT2 e2e8=6174
[M8T] OUT2 e2e8=0407
[M8T] IN2 9aee=0000
[M8T] OUT2 e2e8=7031
[M8T] OUT2 e2e8=0000
[M8T] OUT2 86e8=00ce
[M8T] OUT2 82e8=02f6
[M8B] start cur=206,758 dyend=759 dpc=3251 dpitch=1024 doff=0 clip 80,748-217,760 compat=0
[M8T] OUT2 e2e8=0080
[M8T] OUT2 e2e8=0000
[M8T] OUT2 86e8=00d1
[M8T] OUT2 82e8=02f6
[M8B] start cur=209,758 dyend=759 dpc=3251 dpitch=1024 doff=0 clip 80,748-217,760 compat=0
[M8T] OUT2 e2e8=0080
[M8T] OUT2 e2e8=0000
[M8T] IN2 9aee=8000
[M8T] IN2 9aee=0000
[M8T] OUT2 86e8=00d4
[M8T] OUT2 82e8=02f6
[M8B] start cur=212,758 dyend=759 dpc=3251 dpitch=1024 doff=0 clip 80,748-217,760 compat=0
[M8T] OUT2 e2e8=0080
[M8T] OUT2 e2e8=0000
[M8T] IN2 9aee=8000
[M8T] IN2 9aee=0000
[M8T] OUT2 daee=0000
[M8T] OUT2 deee=0000
[M8T] OUT2 e2ee=05ff
[M8T] OUT2 e6ee=05ff
[M8T] IN2 9aee=f000
[M8T] IN2 9aee=0000
[M8T] OUT2 a6e8=0707
[M8T] OUT2 86e8=0030
[M8T] OUT2 82e8=0042
[M8B] start cur=48,66 dyend=67 dpc=2211 dpitch=1024 doff=0 clip 0,0-1535,1535 compat=0
[M8B] end cur=48,67
[M8T] IN2 9aee=0000
[M8T] OUT2 a6e8=f8f8
[M8T] OUT2 86e8=0042
[M8T] OUT2 82e8=0030
[M8B] start cur=66,48 dyend=66 dpc=2211 dpitch=1024 doff=0 clip 0,0-1535,1535 compat=0
[M8B] end cur=66,66
[M8T] IN2 9aee=0000
[M8T] OUT2 daee=0042
[M8T] OUT2 deee=0030
[M8T] OUT2 e2ee=027d
[M8T] OUT2 e6ee=0041
[M8T] IN2 9aee=f000
[M8T] IN2 9aee=0000
[M8T] OUT2 a6e8=00f8
[M8T] IN2 9aee=e000
[M8T] IN2 9aee=0000
[M8T] OUT2 86e8=0044
[M8T] OUT2 82e8=0032
[M8B] start cur=68,50 dyend=63 dpc=2211 dpitch=1024 doff=0 clip 66,48-637,65 compat=0
[M8B] end cur=68,63
[M8T] IN2 9aee=0000
[M8T] OUT2 a6e8=0007
[M8T] IN2 9aee=f800
[M8T] IN2 9aee=0000
[M8T] OUT2 daee=0000
[M8T] OUT2 deee=0000
[M8T] OUT2 e2ee=05ff
[M8T] OUT2 e6ee=05ff
[M8T] IN2 9aee=f000
[M8T] IN2 9aee=0000
[M8T] OUT2 daee=0042
[M8T] OUT2 deee=0030
[M8T] OUT2 e2ee=027d
[M8T] OUT2 e6ee=0041
[M8T] IN2 9aee=f000
[M8T] IN2 9aee=0000
[M8T] OUT2 a6e8=00f8
[M8T] IN2 9aee=e000
[M8T] IN2 9aee=0000
[M8T] OUT2 86e8=0045
[M8T] OUT2 82e8=0032
[M8B] start cur=69,50 dyend=63 dpc=2211 dpitch=1024 doff=0 clip 66,48-637,65 compat=0
[M8B] end cur=69,63
[M8T] IN2 9aee=0000
[M8T] OUT2 a6e8=0007
[M8T] IN2 9aee=f800
[M8T] IN2 9aee=0000
[M8T] OUT2 86e8=0046
[M8T] OUT2 82e8=0034
[M8B] start cur=70,52 dyend=61 dpc=3251 dpitch=1024 doff=0 clip 66,48-637,65 compat=0
[M8T] IN2 9aee=0000
[M8T] OUT2 e2e8=187a
[M8T] OUT2 e2e8=8220
[M8T] OUT2 e2e8=2108
[M8T] OUT2 e2e8=0078
[M8T] IN2 9aee=0000
[M8T] OUT2 86e8=004e
[M8T] OUT2 82e8=0037
[M8B] start cur=78,55 dyend=61 dpc=3251 dpitch=1024 doff=0 clip 66,48-637,65 compat=0
[M8T] IN2 9aee=0000
[M8T] OUT2 e2e8=0084
[M8T] OUT2 e2e8=0000
[M8T] IN2 9aee=8000
[M8T] IN2 9aee=0000
[M8T] OUT2 86e8=0052
[M8T] OUT2 82e8=0034
[M8B] start cur=82,52 dyend=61 dpc=3251 dpitch=1024 doff=0 clip 66,48-637,65 compat=0
[M8T] IN2 9aee=0000
[M8T] OUT2 e2e8=8488
[M8T] OUT2 e2e8=2142
[M8T] OUT2 e2e8=0010
[M8T] OUT2 e2e8=0000
[M8T] IN2 9aee=8000
[M8T] IN2 9aee=0000
[M8T] OUT2 86e8=0057
[M8T] OUT2 82e8=0034
[M8B] start cur=87,52 dyend=61 dpc=3251 dpitch=1024 doff=0 clip 66,48-637,65 compat=0
[M8T] IN2 9aee=0000
[M8T] OUT2 e2e8=3080
[M8T] OUT2 e2e8=1105
[M8T] OUT2 e2e8=2422
[M8T] OUT2 e2e8=5544
[M8T] IN2 9aee=0000
[M8T] OUT2 e2e8=a00a
[M8T] OUT2 e2e8=1188
[M8T] OUT2 e2e8=0000
*** 1 repeats ***
[M8T] IN2 9aee=8000
[M8T] IN2 9aee=0000
[M8T] OUT2 86e8=0064
[M8T] OUT2 82e8=0034
[M8B] start cur=100,52 dyend=61 dpc=3251 dpitch=1024 doff=0 clip 66,48-637,65 compat=0
[M8T] IN2 9aee=0000
[M8T] OUT2 e2e8=80ff
[M8T] OUT2 e2e8=0000
[M8T] IN2 9aee=8000
[M8T] IN2 9aee=0000
[M8T] OUT2 86e8=0068
[M8T] OUT2 82e8=0034
[M8B] start cur=104,52 dyend=61 dpc=3251 dpitch=1024 doff=0 clip 66,48-637,65 compat=0
[M8T] IN2 9aee=0000
[M8T] OUT2 e2e8=1c87
[M8T] OUT2 e2e8=a669
[M8T] OUT2 e2e8=e358
[M8T] OUT2 e2e8=0084
[M8T] IN2 9aee=0000
[M8T] OUT2 86e8=0071
[M8T] OUT2 82e8=0034
[M8B] start cur=113,52 dyend=61 dpc=3251 dpitch=1024 doff=0 clip 66,48-637,65 compat=0
[M8T] IN2 9aee=0000
[M8T] OUT2 e2e8=28f2
[M8T] OUT2 e2e8=8661
[M8T] OUT2 e2e8=6218
[M8T] OUT2 e2e8=00f0
[M8T] IN2 9aee=0000
[M8T] OUT2 86e8=007a
[M8T] OUT2 82e8=0034
[M8B] start cur=122,52 dyend=61 dpc=3251 dpitch=1024 doff=0 clip 66,48-637,65 compat=0
[M8T] IN2 9aee=0000
[M8T] OUT2 e2e8=187a
[M8T] OUT2 e2e8=8661
[M8T] OUT2 e2e8=6118
[M8T] OUT2 e2e8=0078
[M8T] IN2 9aee=0000
[M8T] OUT2 86e8=0082
[M8T] OUT2 82e8=0034
[M8B] start cur=130,52 dyend=61 dpc=3251 dpitch=1024 doff=0 clip 66,48-637,65 compat=0
[M8T] IN2 9aee=0000
[M8T] OUT2 e2e8=3080
[M8T] OUT2 e2e8=1105
[M8T] OUT2 e2e8=2422
[M8T] OUT2 e2e8=5544
[M8T] IN2 9aee=0000
[M8T] OUT2 e2e8=a00a
[M8T] OUT2 e2e8=1188
[M8T] OUT2 e2e8=0000
*** 1 repeats ***
[M8T] IN2 9aee=8000
[M8T] IN2 9aee=0000
[M8T] OUT2 86e8=008f
[M8T] OUT2 82e8=0034
[M8B] start cur=143,52 dyend=61 dpc=3251 dpitch=1024 doff=0 clip 66,48-637,65 compat=0
[M8T] IN2 9aee=0000
[M8T] OUT2 e2e8=6174
[M8T] OUT2 e2e8=0407
[M8T] OUT2 e2e8=7031
[M8T] OUT2 e2e8=0000
[M8T] IN2 9aee=8000
[M8T] IN2 9aee=0000
[M8T] OUT2 86e8=0097
[M8T] OUT2 82e8=0034
[M8B] start cur=151,52 dyend=61 dpc=3251 dpitch=1024 doff=0 clip 66,48-637,65 compat=0
[M8T] IN2 9aee=0000
[M8T] OUT2 e2e8=8488
[M8T] OUT2 e2e8=2142
[M8T] OUT2 e2e8=0010
[M8T] OUT2 e2e8=0000
[M8T] IN2 9aee=8000
[M8T] IN2 9aee=0000
[M8T] OUT2 86e8=009d
[M8T] OUT2 82e8=0034
[M8B] start cur=157,52 dyend=61 dpc=3251 dpitch=1024 doff=0 clip 66,48-637,65 compat=0
[M8T] IN2 9aee=0000
[M8T] OUT2 e2e8=18fa
[M8T] OUT2 e2e8=fa61
[M8T] OUT2 e2e8=6118
[M8T] OUT2 e2e8=0084
[M8T] IN2 9aee=0000
[M8T] OUT2 86e8=00a6
[M8T] OUT2 82e8=0034
[M8B] start cur=166,52 dyend=61 dpc=3251 dpitch=1024 doff=0 clip 66,48-637,65 compat=0
[M8T] IN2 9aee=0000
[M8T] OUT2 e2e8=1886
[M8T] OUT2 e2e8=8661
[M8T] OUT2 e2e8=6118
[M8T] OUT2 e2e8=0078
[M8T] IN2 9aee=0000
[M8T] OUT2 86e8=00af
[M8T] OUT2 82e8=0034
[M8B] start cur=175,52 dyend=61 dpc=3251 dpitch=1024 doff=0 clip 66,48-637,65 compat=0
[M8T] IN2 9aee=0000
[M8T] OUT2 e2e8=1c87
[M8T] OUT2 e2e8=a669
[M8T] OUT2 e2e8=e358
[M8T] OUT2 e2e8=0084
[M8T] IN2 9aee=0000
[M8T] OUT2 86e8=00b8
[M8T] OUT2 82e8=0034
[M8B] start cur=184,52 dyend=61 dpc=3251 dpitch=1024 doff=0 clip 66,48-637,65 compat=0
[M8T] IN2 9aee=0000
[M8T] OUT2 e2e8=28f2
[M8T] OUT2 e2e8=8661
[M8T] OUT2 e2e8=6218
[M8T] OUT2 e2e8=00f0
[M8T] IN2 9aee=0000
[M8T] OUT2 86e8=00c1
[M8T] OUT2 82e8=0034
[M8B] start cur=193,52 dyend=61 dpc=3251 dpitch=1024 doff=0 clip 66,48-637,65 compat=0
[M8T] IN2 9aee=0000
[M8T] OUT2 e2e8=2184
[M8T] OUT2 e2e8=4208
[M8T] OUT2 e2e8=f810
[M8T] OUT2 e2e8=0000
[M8T] IN2 9aee=8000
[M8T] IN2 9aee=0000
[M8T] OUT2 86e8=00c8
[M8T] OUT2 82e8=0034
[M8B] start cur=200,52 dyend=61 dpc=3251 dpitch=1024 doff=0 clip 66,48-637,65 compat=0
[M8T] IN2 9aee=0000
[M8T] OUT2 e2e8=2184
[M8T] OUT2 e2e8=4208
[M8T] OUT2 e2e8=f810
[M8T] OUT2 e2e8=0000
[M8T] IN2 9aee=8000
[M8T] IN2 9aee=0000
[M8T] OUT2 86e8=00cf
[M8T] OUT2 82e8=0034
[M8B] start cur=207,52 dyend=61 dpc=3251 dpitch=1024 doff=0 clip 66,48-637,65 compat=0
[M8T] IN2 9aee=0000
[M8T] OUT2 e2e8=4274
[M8T] OUT2 e2e8=0413
[M8T] OUT2 e2e8=7031
[M8T] OUT2 e2e8=0000
[M8T] IN2 9aee=8000
[M8T] IN2 9aee=0000
[M8T] OUT2 86e8=00d6
[M8T] OUT2 82e8=0034
[M8B] start cur=214,52 dyend=61 dpc=3251 dpitch=1024 doff=0 clip 66,48-637,65 compat=0
[M8T] IN2 9aee=0000
[M8T] OUT2 e2e8=4274
[M8T] OUT2 e2e8=1111
[M8T] OUT2 e2e8=f810
[M8T] OUT2 e2e8=0000
[M8T] IN2 9aee=8000
[M8T] IN2 9aee=0000
[M8T] OUT2 86e8=00dd
[M8T] OUT2 82e8=003c
[M8B] start cur=221,60 dyend=61 dpc=3251 dpitch=1024 doff=0 clip 66,48-637,65 compat=0
[M8T] IN2 9aee=0000
[M8T] OUT2 e2e8=0080
[M8T] OUT2 e2e8=0000
[M8T] IN2 9aee=8000
[M8T] IN2 9aee=0000
[M8T] OUT2 86e8=00e1
[M8T] OUT2 82e8=0034
[M8B] start cur=225,52 dyend=61 dpc=3251 dpitch=1024 doff=0 clip 66,48-637,65 compat=0
[M8T] IN2 9aee=0000
[M8T] OUT2 e2e8=21fc
[M8T] OUT2 e2e8=420f
[M8T] OUT2 e2e8=f810
[M8T] OUT2 e2e8=0000
[M8T] IN2 9aee=8000
[M8T] IN2 9aee=0000
[M8T] OUT2 86e8=00e8
[M8T] OUT2 82e8=0034
[M8B] start cur=232,52 dyend=61 dpc=3251 dpitch=1024 doff=0 clip 66,48-637,65 compat=0
[M8T] IN2 9aee=0000
[M8T] OUT2 e2e8=0583
[M8T] OUT2 e2e8=4111
[M8T] OUT2 e2e8=1105
[M8T] OUT2 e2e8=8241
[M8T] IN2 9aee=0000
[M8T] OUT2 86e8=00f1
[M8T] OUT2 82e8=0034
[M8B] start cur=241,52 dyend=61 dpc=3251 dpitch=1024 doff=0 clip 66,48-637,65 compat=0
[M8T] IN2 9aee=0000
[M8T] OUT2 e2e8=21fc
[M8T] OUT2 e2e8=420f
[M8T] OUT2 e2e8=f810
[M8T] OUT2 e2e8=0000
[M8T] IN2 9aee=8000
[M8T] IN2 9aee=0000
[M8T] OUT2 86e8=00fd
[M8T] OUT2 82e8=0034
[M8B] start cur=253,52 dyend=61 dpc=3251 dpitch=1024 doff=0 clip 66,48-637,65 compat=0
[M8T] IN2 9aee=0000
[M8T] OUT2 e2e8=1886
[M8T] OUT2 e2e8=8661
[M8T] OUT2 e2e8=6118
[M8T] OUT2 e2e8=0078
[M8T] IN2 9aee=0000
[M8T] OUT2 86e8=0106
[M8T] OUT2 82e8=0034
[M8B] start cur=262,52 dyend=61 dpc=3251 dpitch=1024 doff=0 clip 66,48-637,65 compat=0
[M8T] IN2 9aee=0000
[M8T] OUT2 e2e8=6174
[M8T] OUT2 e2e8=0407
[M8T] OUT2 e2e8=7031
[M8T] OUT2 e2e8=0000
[M8T] IN2 9aee=8000
[M8T] IN2 9aee=0000
[M8T] OUT2 86e8=010e
[M8T] OUT2 82e8=0034
[M8B] start cur=270,52 dyend=61 dpc=3251 dpitch=1024 doff=0 clip 66,48-637,65 compat=0
[M8T] IN2 9aee=0000
[M8T] OUT2 e2e8=21fc
[M8T] OUT2 e2e8=420f
[M8T] OUT2 e2e8=f810
[M8T] OUT2 e2e8=0000
[M8T] IN2 9aee=8000
[M8T] IN2 9aee=0000
[M8T] OUT2 86e8=0116
[M8T] OUT2 82e8=0034
[M8B] start cur=278,52 dyend=61 dpc=3251 dpitch=1024 doff=0 clip 66,48-637,65 compat=0
[M8T] IN2 9aee=0000
[M8T] OUT2 e2e8=18fa
[M8T] OUT2 e2e8=fa61
[M8T] OUT2 e2e8=6118
[M8T] OUT2 e2e8=0084
[M8T] IN2 9aee=0000
[M8T] OUT2 86e8=011f
[M8T] OUT2 82e8=003c
[M8B] start cur=287,60 dyend=61 dpc=3251 dpitch=1024 doff=0 clip 66,48-637,65 compat=0
[M8T] IN2 9aee=0000
[M8T] OUT2 e2e8=0080
[M8T] OUT2 e2e8=0000
[M8T] IN2 9aee=8000
[M8T] IN2 9aee=0000
[M8T] OUT2 86e8=0123
[M8T] OUT2 82e8=0034
[M8B] start cur=291,52 dyend=61 dpc=3251 dpitch=1024 doff=0 clip 66,48-637,65 compat=0
[M8T] IN2 9aee=0000
[M8T] OUT2 e2e8=21fc
[M8T] OUT2 e2e8=420f
[M8T] OUT2 e2e8=f810
[M8T] OUT2 e2e8=0000
[M8T] IN2 9aee=8000
[M8T] IN2 9aee=0000
[M8T] OUT2 86e8=012a
[M8T] OUT2 82e8=0034
[M8B] start cur=298,52 dyend=61 dpc=3251 dpitch=1024 doff=0 clip 66,48-637,65 compat=0
[M8T] IN2 9aee=0000
[M8T] OUT2 e2e8=0583
[M8T] OUT2 e2e8=4111
[M8T] OUT2 e2e8=1105
[M8T] OUT2 e2e8=8241
[M8T] IN2 9aee=0000
[M8T] OUT2 86e8=0133
[M8T] OUT2 82e8=0034
[M8B] start cur=307,52 dyend=61 dpc=3251 dpitch=1024 doff=0 clip 66,48-637,65 compat=0
[M8T] IN2 9aee=0000
[M8T] OUT2 e2e8=21fc
[M8T] OUT2 e2e8=420f
[M8T] OUT2 e2e8=f810
[M8T] OUT2 e2e8=0000
[M8T] IN2 9aee=8000
[M8T] IN2 9aee=0000
[M8T] OUT2 86e8=013b
[M8T] OUT2 82e8=003c
[M8B] start cur=315,60 dyend=62 dpc=3251 dpitch=1024 doff=0 clip 66,48-637,65 compat=0
[M8T] IN2 9aee=0000
[M8T] OUT2 e2e8=0060
[M8T] OUT2 e2e8=0000
[M8T] IN2 9aee=8000
[M8T] IN2 9aee=0000
[M8T] OUT2 86e8=013f
[M8T] OUT2 82e8=0034
[M8B] start cur=319,52 dyend=61 dpc=3251 dpitch=1024 doff=0 clip 66,48-637,65 compat=0
[M8T] IN2 9aee=0000
[M8T] OUT2 e2e8=21fc
[M8T] OUT2 e2e8=420f
[M8T] OUT2 e2e8=f810
[M8T] OUT2 e2e8=0000
[M8T] IN2 9aee=8000
[M8T] IN2 9aee=0000
[M8T] OUT2 86e8=0147
[M8T] OUT2 82e8=0037
[M8B] start cur=327,55 dyend=61 dpc=3251 dpitch=1024 doff=0 clip 66,48-637,65 compat=0
[M8T] IN2 9aee=0000
[M8T] OUT2 e2e8=6699
[M8T] OUT2 e2e8=0099
[M8T] IN2 9aee=0000
[M8T] OUT2 86e8=014d
[M8T] OUT2 82e8=0034
[M8B] start cur=333,52 dyend=61 dpc=3251 dpitch=1024 doff=0 clip 66,48-637,65 compat=0
[M8T] IN2 9aee=0000
[M8T] OUT2 e2e8=809f
[M8T] OUT2 e2e8=0000
[M8T] IN2 9aee=8000
[M8T] IN2 9aee=0000
[M8T] OUT2 86e8=0150
[M8T] OUT2 82e8=0035
[M8B] start cur=336,53 dyend=61 dpc=3251 dpitch=1024 doff=0 clip 66,48-637,65 compat=0
[M8T] IN2 9aee=0000
[M8T] OUT2 e2e8=a9ae
[M8T] OUT2 e2e8=0000
[M8T] IN2 9aee=8000
[M8T] IN2 9aee=0000
[M8T] OUT2 86e8=0153
[M8T] OUT2 82e8=0034
[M8B] start cur=339,52 dyend=61 dpc=3251 dpitch=1024 doff=0 clip 66,48-637,65 compat=0
[M8T] IN2 9aee=0000
[M8T] OUT2 e2e8=3080
[M8T] OUT2 e2e8=1105
[M8T] OUT2 e2e8=2422
[M8T] OUT2 e2e8=5544
[M8T] IN2 9aee=0000
[M8T] OUT2 e2e8=a00a
[M8T] OUT2 e2e8=1188
[M8T] OUT2 e2e8=0000
*** 1 repeats ***
[M8T] IN2 9aee=8000
[M8T] IN2 9aee=0000
[M8T] OUT2 86e8=0160
[M8T] OUT2 82e8=0034
[M8B] start cur=352,52 dyend=61 dpc=3251 dpitch=1024 doff=0 clip 66,48-637,65 compat=0
[M8T] IN2 9aee=0000
[M8T] OUT2 e2e8=809f
[M8T] OUT2 e2e8=0000
[M8T] IN2 9aee=8000
[M8T] IN2 9aee=0000
[M8T] OUT2 86e8=0163
[M8T] OUT2 82e8=0037
[M8B] start cur=355,55 dyend=61 dpc=3251 dpitch=1024 doff=0 clip 66,48-637,65 compat=0
[M8T] IN2 9aee=0000
[M8T] OUT2 e2e8=63b6
[M8T] OUT2 e2e8=c418
[M8T] IN2 9aee=0000
[M8T] OUT2 86e8=016a
[M8T] OUT2 82e8=0034
[M8B] start cur=362,52 dyend=61 dpc=3251 dpitch=1024 doff=0 clip 66,48-637,65 compat=0
[M8T] IN2 9aee=0000
[M8T] OUT2 e2e8=4208
[M8T] OUT2 e2e8=c6f8
[M8T] OUT2 e2e8=7831
[M8T] OUT2 e2e8=0000
[M8T] IN2 9aee=8000
[M8T] IN2 9aee=0000
[M8T] OUT2 86e8=0171
[M8T] OUT2 82e8=0037
[M8B] start cur=369,55 dyend=61 dpc=3251 dpitch=1024 doff=0 clip 66,48-637,65 compat=0
[M8T] IN2 9aee=0000
[M8T] OUT2 e2e8=6374
[M8T] OUT2 e2e8=b818
[M8T] IN2 9aee=0000
[M8T] OUT2 86e8=0178
[M8T] OUT2 82e8=0037
[M8B] start cur=376,55 dyend=61 dpc=3251 dpitch=1024 doff=0 clip 66,48-637,65 compat=0
[M8T] IN2 9aee=0000
[M8T] OUT2 e2e8=2693
[M8T] OUT2 e2e8=54ad
[M8T] OUT2 e2e8=8048
[M8T] OUT2 e2e8=0000
[M8T] IN2 9aee=8000
[M8T] IN2 9aee=0000
[M8T] OUT2 86e8=0181
[M8T] OUT2 82e8=0037
[M8B] start cur=385,55 dyend=61 dpc=3251 dpitch=1024 doff=0 clip 66,48-637,65 compat=0
[M8T] IN2 9aee=0000
[M8T] OUT2 e2e8=4269
[M8T] OUT2 e2e8=0096
[M8T] IN2 9aee=0000
[M8T] OUT2 daee=0000
[M8T] OUT2 deee=0000
[M8T] OUT2 e2ee=05ff
[M8T] OUT2 e6ee=05ff
[M8T] IN2 9aee=f000
[M8T] IN2 9aee=0000
[M8T] OUT2 daee=0042
[M8T] OUT2 deee=0030
[M8T] OUT2 e2ee=027d
[M8T] OUT2 e6ee=0041
[M8T] IN2 9aee=f000
[M8T] IN2 9aee=0000
[M8T] OUT2 a6e8=0007
[M8T] IN2 9aee=f800
[M8T] IN2 9aee=0000
[M8T] OUT2 86e8=0045
[M8T] OUT2 82e8=0034
[M8B] start cur=69,52 dyend=61 dpc=3251 dpitch=1024 doff=0 clip 66,48-637,65 compat=0
[M8T] IN2 9aee=0000
[M8T] OUT2 e2e8=187a
[M8T] OUT2 e2e8=8220
[M8T] OUT2 e2e8=2108
[M8T] OUT2 e2e8=0078
[M8T] IN2 9aee=0000
[M8T] OUT2 86e8=004d
[M8T] OUT2 82e8=0037
[M8B] start cur=77,55 dyend=61 dpc=3251 dpitch=1024 doff=0 clip 66,48-637,65 compat=0
[M8T] IN2 9aee=0000
[M8T] OUT2 e2e8=0084
[M8T] OUT2 e2e8=0000
[M8T] IN2 9aee=8000
[M8T] IN2 9aee=0000
[M8T] OUT2 86e8=0051
[M8T] OUT2 82e8=0034
[M8B] start cur=81,52 dyend=61 dpc=3251 dpitch=1024 doff=0 clip 66,48-637,65 compat=0
[M8T] IN2 9aee=0000
[M8T] OUT2 e2e8=8488
[M8T] OUT2 e2e8=2142
[M8T] OUT2 e2e8=0010
[M8T] OUT2 e2e8=0000
[M8T] IN2 9aee=8000
[M8T] IN2 9aee=0000
[M8T] OUT2 86e8=0056
[M8T] OUT2 82e8=0034
[M8B] start cur=86,52 dyend=61 dpc=3251 dpitch=1024 doff=0 clip 66,48-637,65 compat=0
[M8T] IN2 9aee=0000
[M8T] OUT2 e2e8=3080
[M8T] OUT2 e2e8=1105
[M8T] OUT2 e2e8=2422
[M8T] OUT2 e2e8=5544
[M8T] IN2 9aee=0000
[M8T] OUT2 e2e8=a00a
[M8T] OUT2 e2e8=1188
[M8T] OUT2 e2e8=0000
*** 1 repeats ***
[M8T] IN2 9aee=8000
[M8T] IN2 9aee=0000
[M8T] OUT2 86e8=0063
[M8T] OUT2 82e8=0034
[M8B] start cur=99,52 dyend=61 dpc=3251 dpitch=1024 doff=0 clip 66,48-637,65 compat=0
[M8T] IN2 9aee=0000
[M8T] OUT2 e2e8=80ff
[M8T] OUT2 e2e8=0000
[M8T] IN2 9aee=8000
[M8T] IN2 9aee=0000
[M8T] OUT2 86e8=0067
[M8T] OUT2 82e8=0034
[M8B] start cur=103,52 dyend=61 dpc=3251 dpitch=1024 doff=0 clip 66,48-637,65 compat=0
[M8T] IN2 9aee=0000
[M8T] OUT2 e2e8=1c87
[M8T] OUT2 e2e8=a669
[M8T] OUT2 e2e8=e358
[M8T] OUT2 e2e8=0084
[M8T] IN2 9aee=0000
[M8T] OUT2 86e8=0070
[M8T] OUT2 82e8=0034
[M8B] start cur=112,52 dyend=61 dpc=3251 dpitch=1024 doff=0 clip 66,48-637,65 compat=0
[M8T] IN2 9aee=0000
[M8T] OUT2 e2e8=28f2
[M8T] OUT2 e2e8=8661
[M8T] OUT2 e2e8=6218
[M8T] OUT2 e2e8=00f0
[M8T] IN2 9aee=0000
[M8T] OUT2 86e8=0079
[M8T] OUT2 82e8=0034
[M8B] start cur=121,52 dyend=61 dpc=3251 dpitch=1024 doff=0 clip 66,48-637,65 compat=0
[M8T] IN2 9aee=0000
[M8T] OUT2 e2e8=187a
[M8T] OUT2 e2e8=8661
[M8T] OUT2 e2e8=6118
[M8T] OUT2 e2e8=0078
[M8T] IN2 9aee=0000
[M8T] OUT2 86e8=0081
[M8T] OUT2 82e8=0034
[M8B] start cur=129,52 dyend=61 dpc=3251 dpitch=1024 doff=0 clip 66,48-637,65 compat=0
[M8T] IN2 9aee=0000
[M8T] OUT2 e2e8=3080
[M8T] OUT2 e2e8=1105
[M8T] OUT2 e2e8=2422
[M8T] OUT2 e2e8=5544
[M8T] IN2 9aee=0000
[M8T] OUT2 e2e8=a00a
[M8T] OUT2 e2e8=1188
[M8T] OUT2 e2e8=0000
*** 1 repeats ***
[M8T] IN2 9aee=8000
[M8T] IN2 9aee=0000
[M8T] OUT2 86e8=008e
[M8T] OUT2 82e8=0034
[M8B] start cur=142,52 dyend=61 dpc=3251 dpitch=1024 doff=0 clip 66,48-637,65 compat=0
[M8T] IN2 9aee=0000
[M8T] OUT2 e2e8=6174
[M8T] OUT2 e2e8=0407
[M8T] OUT2 e2e8=7031
[M8T] OUT2 e2e8=0000
[M8T] IN2 9aee=8000
[M8T] IN2 9aee=0000
[M8T] OUT2 86e8=0096
[M8T] OUT2 82e8=0034
[M8B] start cur=150,52 dyend=61 dpc=3251 dpitch=1024 doff=0 clip 66,48-637,65 compat=0
[M8T] IN2 9aee=0000
[M8T] OUT2 e2e8=8488
[M8T] OUT2 e2e8=2142
[M8T] OUT2 e2e8=0010
[M8T] OUT2 e2e8=0000
[M8T] IN2 9aee=8000
[M8T] IN2 9aee=0000
[M8T] OUT2 86e8=009c
[M8T] OUT2 82e8=0034
[M8B] start cur=156,52 dyend=61 dpc=3251 dpitch=1024 doff=0 clip 66,48-637,65 compat=0
[M8T] IN2 9aee=0000
[M8T] OUT2 e2e8=18fa
[M8T] OUT2 e2e8=fa61
[M8T] OUT2 e2e8=6118
[M8T] OUT2 e2e8=0084
[M8T] IN2 9aee=0000
[M8T] OUT2 86e8=00a5
[M8T] OUT2 82e8=0034
[M8B] start cur=165,52 dyend=61 dpc=3251 dpitch=1024 doff=0 clip 66,48-637,65 compat=0
[M8T] IN2 9aee=0000
[M8T] OUT2 e2e8=1886
[M8T] OUT2 e2e8=8661
[M8T] OUT2 e2e8=6118
[M8T] OUT2 e2e8=0078
[M8T] IN2 9aee=0000
[M8T] OUT2 86e8=00ae
[M8T] OUT2 82e8=0034
[M8B] start cur=174,52 dyend=61 dpc=3251 dpitch=1024 doff=0 clip 66,48-637,65 compat=0
[M8T] IN2 9aee=0000
[M8T] OUT2 e2e8=1c87
[M8T] OUT2 e2e8=a669
[M8T] OUT2 e2e8=e358
[M8T] OUT2 e2e8=0084
[M8T] IN2 9aee=0000
[M8T] OUT2 86e8=00b7
[M8T] OUT2 82e8=0034
[M8B] start cur=183,52 dyend=61 dpc=3251 dpitch=1024 doff=0 clip 66,48-637,65 compat=0
[M8T] IN2 9aee=0000
[M8T] OUT2 e2e8=28f2
[M8T] OUT2 e2e8=8661
[M8T] OUT2 e2e8=6218
[M8T] OUT2 e2e8=00f0
[M8T] IN2 9aee=0000
[M8T] OUT2 86e8=00c0
[M8T] OUT2 82e8=0034
[M8B] start cur=192,52 dyend=61 dpc=3251 dpitch=1024 doff=0 clip 66,48-637,65 compat=0
[M8T] IN2 9aee=0000
[M8T] OUT2 e2e8=2184
[M8T] OUT2 e2e8=4208
[M8T] OUT2 e2e8=f810
[M8T] OUT2 e2e8=0000
[M8T] IN2 9aee=8000
[M8T] IN2 9aee=0000
[M8T] OUT2 86e8=00c7
[M8T] OUT2 82e8=0034
[M8B] start cur=199,52 dyend=61 dpc=3251 dpitch=1024 doff=0 clip 66,48-637,65 compat=0
[M8T] IN2 9aee=0000
[M8T] OUT2 e2e8=2184
[M8T] OUT2 e2e8=4208
[M8T] OUT2 e2e8=f810
[M8T] OUT2 e2e8=0000
[M8T] IN2 9aee=8000
[M8T] IN2 9aee=0000
[M8T] OUT2 86e8=00ce
[M8T] OUT2 82e8=0034
[M8B] start cur=206,52 dyend=61 dpc=3251 dpitch=1024 doff=0 clip 66,48-637,65 compat=0
[M8T] IN2 9aee=0000
[M8T] OUT2 e2e8=4274
[M8T] OUT2 e2e8=0413
[M8T] OUT2 e2e8=7031
[M8T] OUT2 e2e8=0000
[M8T] IN2 9aee=8000
[M8T] IN2 9aee=0000
[M8T] OUT2 86e8=00d5
[M8T] OUT2 82e8=0034
[M8B] start cur=213,52 dyend=61 dpc=3251 dpitch=1024 doff=0 clip 66,48-637,65 compat=0
[M8T] IN2 9aee=0000
[M8T] OUT2 e2e8=4274
[M8T] OUT2 e2e8=1111
[M8T] OUT2 e2e8=f810
[M8T] OUT2 e2e8=0000
[M8T] IN2 9aee=8000
[M8T] IN2 9aee=0000
[M8T] OUT2 86e8=00dc
[M8T] OUT2 82e8=003c
[M8B] start cur=220,60 dyend=61 dpc=3251 dpitch=1024 doff=0 clip 66,48-637,65 compat=0
[M8T] IN2 9aee=0000
[M8T] OUT2 e2e8=0080
[M8T] OUT2 e2e8=0000
[M8T] IN2 9aee=8000
[M8T] IN2 9aee=0000
[M8T] OUT2 86e8=00e0
[M8T] OUT2 82e8=0034
[M8B] start cur=224,52 dyend=61 dpc=3251 dpitch=1024 doff=0 clip 66,48-637,65 compat=0
[M8T] IN2 9aee=0000
[M8T] OUT2 e2e8=21fc
[M8T] OUT2 e2e8=420f
[M8T] OUT2 e2e8=f810
[M8T] OUT2 e2e8=0000
[M8T] IN2 9aee=8000
[M8T] IN2 9aee=0000
[M8T] OUT2 86e8=00e7
[M8T] OUT2 82e8=0034
[M8B] start cur=231,52 dyend=61 dpc=3251 dpitch=1024 doff=0 clip 66,48-637,65 compat=0
[M8T] IN2 9aee=0000
[M8T] OUT2 e2e8=0583
[M8T] OUT2 e2e8=4111
[M8T] OUT2 e2e8=1105
[M8T] OUT2 e2e8=8241
[M8T] IN2 9aee=0000
[M8T] OUT2 86e8=00f0
[M8T] OUT2 82e8=0034
[M8B] start cur=240,52 dyend=61 dpc=3251 dpitch=1024 doff=0 clip 66,48-637,65 compat=0
[M8T] IN2 9aee=0000
[M8T] OUT2 e2e8=21fc
[M8T] OUT2 e2e8=420f
[M8T] OUT2 e2e8=f810
[M8T] OUT2 e2e8=0000
[M8T] IN2 9aee=8000
[M8T] IN2 9aee=0000
[M8T] OUT2 86e8=00fc
[M8T] OUT2 82e8=0034
[M8B] start cur=252,52 dyend=61 dpc=3251 dpitch=1024 doff=0 clip 66,48-637,65 compat=0
[M8T] IN2 9aee=0000
[M8T] OUT2 e2e8=1886
[M8T] OUT2 e2e8=8661
[M8T] OUT2 e2e8=6118
[M8T] OUT2 e2e8=0078
[M8T] IN2 9aee=0000
[M8T] OUT2 86e8=0105
[M8T] OUT2 82e8=0034
[M8B] start cur=261,52 dyend=61 dpc=3251 dpitch=1024 doff=0 clip 66,48-637,65 compat=0
[M8T] IN2 9aee=0000
[M8T] OUT2 e2e8=6174
[M8T] OUT2 e2e8=0407
[M8T] OUT2 e2e8=7031
[M8T] OUT2 e2e8=0000
[M8T] IN2 9aee=8000
[M8T] IN2 9aee=0000
[M8T] OUT2 86e8=010d
[M8T] OUT2 82e8=0034
[M8B] start cur=269,52 dyend=61 dpc=3251 dpitch=1024 doff=0 clip 66,48-637,65 compat=0
[M8T] IN2 9aee=0000
[M8T] OUT2 e2e8=21fc
[M8T] OUT2 e2e8=420f
[M8T] OUT2 e2e8=f810
[M8T] OUT2 e2e8=0000
[M8T] IN2 9aee=8000
[M8T] IN2 9aee=0000
[M8T] OUT2 86e8=0115
[M8T] OUT2 82e8=0034
[M8B] start cur=277,52 dyend=61 dpc=3251 dpitch=1024 doff=0 clip 66,48-637,65 compat=0
[M8T] IN2 9aee=0000
[M8T] OUT2 e2e8=18fa
[M8T] OUT2 e2e8=fa61
[M8T] OUT2 e2e8=6118
[M8T] OUT2 e2e8=0084
[M8T] IN2 9aee=0000
[M8T] OUT2 86e8=011e
[M8T] OUT2 82e8=003c
[M8B] start cur=286,60 dyend=61 dpc=3251 dpitch=1024 doff=0 clip 66,48-637,65 compat=0
[M8T] IN2 9aee=0000
[M8T] OUT2 e2e8=0080
[M8T] OUT2 e2e8=0000
[M8T] IN2 9aee=8000
[M8T] IN2 9aee=0000
[M8T] OUT2 86e8=0122
[M8T] OUT2 82e8=0034
[M8B] start cur=290,52 dyend=61 dpc=3251 dpitch=1024 doff=0 clip 66,48-637,65 compat=0
[M8T] IN2 9aee=0000
[M8T] OUT2 e2e8=21fc
[M8T] OUT2 e2e8=420f
[M8T] OUT2 e2e8=f810
[M8T] OUT2 e2e8=0000
[M8T] IN2 9aee=8000
[M8T] IN2 9aee=0000
[M8T] OUT2 86e8=0129
[M8T] OUT2 82e8=0034
[M8B] start cur=297,52 dyend=61 dpc=3251 dpitch=1024 doff=0 clip 66,48-637,65 compat=0
[M8T] IN2 9aee=0000
[M8T] OUT2 e2e8=0583
[M8T] OUT2 e2e8=4111
[M8T] OUT2 e2e8=1105
[M8T] OUT2 e2e8=8241
[M8T] IN2 9aee=0000
[M8T] OUT2 86e8=0132
[M8T] OUT2 82e8=0034
[M8B] start cur=306,52 dyend=61 dpc=3251 dpitch=1024 doff=0 clip 66,48-637,65 compat=0
[M8T] IN2 9aee=0000
[M8T] OUT2 e2e8=21fc
[M8T] OUT2 e2e8=420f
[M8T] OUT2 e2e8=f810
[M8T] OUT2 e2e8=0000
[M8T] IN2 9aee=8000
[M8T] IN2 9aee=0000
[M8T] OUT2 86e8=013a
[M8T] OUT2 82e8=003c
[M8B] start cur=314,60 dyend=62 dpc=3251 dpitch=1024 doff=0 clip 66,48-637,65 compat=0
[M8T] IN2 9aee=0000
[M8T] OUT2 e2e8=0060
[M8T] OUT2 e2e8=0000
[M8T] IN2 9aee=8000
[M8T] IN2 9aee=0000
[M8T] OUT2 86e8=013e
[M8T] OUT2 82e8=0034
[M8B] start cur=318,52 dyend=61 dpc=3251 dpitch=1024 doff=0 clip 66,48-637,65 compat=0
[M8T] IN2 9aee=0000
[M8T] OUT2 e2e8=21fc
[M8T] OUT2 e2e8=420f
[M8T] OUT2 e2e8=f810
[M8T] OUT2 e2e8=0000
[M8T] IN2 9aee=8000
[M8T] IN2 9aee=0000
[M8T] OUT2 86e8=0146
[M8T] OUT2 82e8=0037
[M8B] start cur=326,55 dyend=61 dpc=3251 dpitch=1024 doff=0 clip 66,48-637,65 compat=0
[M8T] IN2 9aee=0000
[M8T] OUT2 e2e8=6699
[M8T] OUT2 e2e8=0099
[M8T] IN2 9aee=0000
[M8T] OUT2 86e8=014c
[M8T] OUT2 82e8=0034
[M8B] start cur=332,52 dyend=61 dpc=3251 dpitch=1024 doff=0 clip 66,48-637,65 compat=0
[M8T] IN2 9aee=0000
[M8T] OUT2 e2e8=809f
[M8T] OUT2 e2e8=0000
[M8T] IN2 9aee=8000
[M8T] IN2 9aee=0000
[M8T] OUT2 86e8=014f
[M8T] OUT2 82e8=0035
[M8B] start cur=335,53 dyend=61 dpc=3251 dpitch=1024 doff=0 clip 66,48-637,65 compat=0
[M8T] IN2 9aee=0000
[M8T] OUT2 e2e8=a9ae
[M8T] OUT2 e2e8=0000
[M8T] IN2 9aee=8000
[M8T] IN2 9aee=0000
[M8T] OUT2 86e8=0152
[M8T] OUT2 82e8=0034
[M8B] start cur=338,52 dyend=61 dpc=3251 dpitch=1024 doff=0 clip 66,48-637,65 compat=0
[M8T] IN2 9aee=0000
[M8T] OUT2 e2e8=3080
[M8T] OUT2 e2e8=1105
[M8T] OUT2 e2e8=2422
[M8T] OUT2 e2e8=5544
[M8T] IN2 9aee=0000
[M8T] OUT2 e2e8=a00a
[M8T] OUT2 e2e8=1188
[M8T] OUT2 e2e8=0000
*** 1 repeats ***
[M8T] IN2 9aee=8000
[M8T] IN2 9aee=0000
[M8T] OUT2 86e8=015f
[M8T] OUT2 82e8=0034
[M8B] start cur=351,52 dyend=61 dpc=3251 dpitch=1024 doff=0 clip 66,48-637,65 compat=0
[M8T] IN2 9aee=0000
[M8T] OUT2 e2e8=809f
[M8T] OUT2 e2e8=0000
[M8T] IN2 9aee=8000
[M8T] IN2 9aee=0000
[M8T] OUT2 86e8=0162
[M8T] OUT2 82e8=0037
[M8B] start cur=354,55 dyend=61 dpc=3251 dpitch=1024 doff=0 clip 66,48-637,65 compat=0
[M8T] IN2 9aee=0000
[M8T] OUT2 e2e8=63b6
[M8T] OUT2 e2e8=c418
[M8T] IN2 9aee=0000
[M8T] OUT2 86e8=0169
[M8T] OUT2 82e8=0034
[M8B] start cur=361,52 dyend=61 dpc=3251 dpitch=1024 doff=0 clip 66,48-637,65 compat=0
[M8T] IN2 9aee=0000
[M8T] OUT2 e2e8=4208
[M8T] OUT2 e2e8=c6f8
[M8T] OUT2 e2e8=7831
[M8T] OUT2 e2e8=0000
[M8T] IN2 9aee=8000
[M8T] IN2 9aee=0000
[M8T] OUT2 86e8=0170
[M8T] OUT2 82e8=0037
[M8B] start cur=368,55 dyend=61 dpc=3251 dpitch=1024 doff=0 clip 66,48-637,65 compat=0
[M8T] IN2 9aee=0000
[M8T] OUT2 e2e8=6374
[M8T] OUT2 e2e8=b818
[M8T] IN2 9aee=0000
[M8T] OUT2 86e8=0177
[M8T] OUT2 82e8=0037
[M8B] start cur=375,55 dyend=61 dpc=3251 dpitch=1024 doff=0 clip 66,48-637,65 compat=0
[M8T] IN2 9aee=0000
[M8T] OUT2 e2e8=2693
[M8T] OUT2 e2e8=54ad
[M8T] OUT2 e2e8=8048
[M8T] OUT2 e2e8=0000
[M8T] IN2 9aee=8000
[M8T] IN2 9aee=0000
[M8T] OUT2 86e8=0180
[M8T] OUT2 82e8=0037
[M8B] start cur=384,55 dyend=61 dpc=3251 dpitch=1024 doff=0 clip 66,48-637,65 compat=0
[M8T] IN2 9aee=0000
[M8T] OUT2 e2e8=4269
[M8T] OUT2 e2e8=0096
[M8T] IN2 9aee=0000
[M8T] OUT2 daee=0000
[M8T] OUT2 deee=0000
[M8T] OUT2 e2ee=05ff
[M8T] OUT2 e6ee=05ff
[M8T] IN2 9aee=f000
[M8T] IN2 9aee=0000
[M8T] IN2 9ae8=0000
[M8T] OUT2 daee=003e
[M8T] OUT2 e2ee=004f
[M8T] OUT2 86e8=003e
[M8T] OUT2 82e8=02ea
[M8B] start cur=62,746 dyend=764 dpc=5211 dpitch=1024 doff=0 clip 62,0-79,1535 compat=0
[M8T] OUT2 e2e8=0707
*** 9 repeats ***
[M8T] OUT2 e2e8=0007
[M8T] OUT2 e2e8=0000
[M8T] OUT2 e2e8=0707
[M8T] OUT2 e2e8=0000
*** 3 repeats ***
[M8T] OUT2 e2e8=0707
*** 1 repeats ***
[M8T] OUT2 e2e8=0007
[M8T] OUT2 e2e8=00f7
[M8T] OUT2 e2e8=0007
[M8T] OUT2 e2e8=f7f8
[M8T] OUT2 e2e8=0000
[M8T] OUT2 e2e8=00f8
[M8T] OUT2 e2e8=f700
[M8T] OUT2 e2e8=0700
[M8T] OUT2 e2e8=0707
[M8T] OUT2 e2e8=0007
[M8T] OUT2 e2e8=f8f8
[M8T] OUT2 e2e8=0000
[M8T] OUT2 e2e8=f7f7
[M8T] OUT2 e2e8=0000
*** 2 repeats ***
[M8T] OUT2 e2e8=0700
[M8T] OUT2 e2e8=0707
[M8T] OUT2 e2e8=0007
[M8T] OUT2 e2e8=f800
*** 1 repeats ***
[M8T] OUT2 e2e8=f700
[M8T] OUT2 e2e8=0000
*** 1 repeats ***
[M8T] OUT2 e2e8=00f8
[M8T] OUT2 e2e8=0707
*** 1 repeats ***
[M8T] OUT2 e2e8=0007
[M8T] OUT2 e2e8=0000
[M8T] OUT2 e2e8=f8f8
[M8T] OUT2 e2e8=f700
[M8T] OUT2 e2e8=0000
[M8T] OUT2 e2e8=0700
[M8T] OUT2 e2e8=f700
[M8T] OUT2 e2e8=0700
[M8T] OUT2 e2e8=0707
[M8T] OUT2 e2e8=0007
[M8T] OUT2 e2e8=0000
[M8T] OUT2 e2e8=00f8
[M8T] OUT2 e2e8=f700
[M8T] OUT2 e2e8=0000
[M8T] OUT2 e2e8=00f8
[M8T] OUT2 e2e8=f8f8
[M8T] OUT2 e2e8=0700
[M8T] OUT2 e2e8=0707
[M8T] OUT2 e2e8=0100
[M8T] OUT2 e2e8=0101
[M8T] OUT2 e2e8=0001
[M8T] OUT2 e2e8=0404
[M8T] OUT2 e2e8=0004
[M8T] OUT2 e2e8=0303
[M8T] OUT2 e2e8=0003
[M8T] OUT2 e2e8=0700
[M8T] OUT2 e2e8=0707
[M8T] OUT2 e2e8=f900
[M8T] OUT2 e2e8=f9f9
[M8T] OUT2 e2e8=0401
[M8T] OUT2 e2e8=fcfc
[M8T] OUT2 e2e8=0304
[M8T] OUT2 e2e8=fbfb
*** 1 repeats ***
[M8T] OUT2 e2e8=0003
[M8T] OUT2 e2e8=0707
[M8T] OUT2 e2e8=f900
[M8T] OUT2 e2e8=0101
[M8T] OUT2 e2e8=fc00
[M8T] OUT2 e2e8=0000
[M8T] OUT2 e2e8=fb00
[M8T] OUT2 e2e8=0400
[M8T] OUT2 e2e8=0300
[M8T] OUT2 e2e8=0003
[M8T] OUT2 e2e8=0707
[M8T] OUT2 e2e8=f900
[M8T] OUT2 e2e8=0001
[M8T] OUT2 e2e8=0404
[M8T] OUT2 e2e8=0101
[M8T] OUT2 e2e8=fb00
[M8T] OUT2 e2e8=fc00
[M8T] OUT2 e2e8=0000
[M8T] OUT2 e2e8=0700
[M8T] OUT2 e2e8=0707
[M8T] OUT2 e2e8=f900
[M8T] OUT2 e2e8=0701
[M8T] OUT2 e2e8=0404
[M8T] OUT2 e2e8=0101
[M8T] OUT2 e2e8=0007
[M8T] OUT2 e2e8=fc00
[M8T] OUT2 e2e8=0303
[M8T] OUT2 e2e8=0700
[M8T] OUT2 e2e8=0707
[M8T] OUT2 e2e8=f900
[M8T] OUT2 e2e8=0701
[M8T] OUT2 e2e8=0404
[M8T] OUT2 e2e8=0101
[M8T] OUT2 e2e8=0007
[M8T] OUT2 e2e8=fc00
[M8T] OUT2 e2e8=fb00
[M8T] OUT2 e2e8=00fb
[M8T] OUT2 e2e8=0707
[M8T] OUT2 e2e8=f900
[M8T] OUT2 e2e8=0001
[M8T] OUT2 e2e8=0100
[M8T] OUT2 e2e8=00f9
[M8T] OUT2 e2e8=fb00
[M8T] OUT2 e2e8=0003
[M8T] OUT2 e2e8=0300
[M8T] OUT2 e2e8=00fb
[M8T] OUT2 e2e8=0707
[M8T] OUT2 e2e8=f900
[M8T] OUT2 e2e8=f9f9
*** 1 repeats ***
[M8T] OUT2 e2e8=0400
[M8T] OUT2 e2e8=0304
[M8T] OUT2 e2e8=fbfb
*** 1 repeats ***
[M8T] OUT2 e2e8=0003
[M8T] OUT2 e2e8=0707
[M8T] OUT2 e2e8=f900
[M8T] OUT2 e2e8=0101
*** 1 repeats ***
[M8T] OUT2 e2e8=0400
[M8T] OUT2 e2e8=0004
[M8T] OUT2 e2e8=0303
*** 1 repeats ***
[M8T] OUT2 e2e8=0000
[M8T] OUT2 e2e8=0707
[M8T] OUT2 e2e8=0000
*** 6 repeats ***
[M8T] OUT2 e2e8=0700
[M8T] OUT2 e2e8=0707
*** 8 repeats ***
[M8B] end cur=62,764
[M8T] IN2 9aee=0000
[M8T] OUT2 daee=0000
[M8T] OUT2 e2ee=05ff
[M8T] IN2 9aee=c000
[M8T] IN2 9aee=0000
[M8T] OUT2 a6e8=0707
[M8T] OUT2 86e8=0050
[M8T] OUT2 82e8=02ea
[M8B] start cur=80,746 dyend=764 dpc=2211 dpitch=1024 doff=0 clip 0,0-1535,1535 compat=0
[M8B] end cur=80,764
[M8T] IN2 9aee=0000
[M8T] OUT2 daee=0050
[M8T] OUT2 deee=02ec
[M8T] OUT2 e2ee=00d9
[M8T] OUT2 e6ee=02f8
[M8T] IN2 9aee=f000
[M8T] IN2 9aee=0000
[M8T] OUT2 a6e8=0007
[M8T] IN2 9aee=e000
[M8T] IN2 9aee=0000
[M8T] OUT2 86e8=0052
[M8T] OUT2 82e8=02ec
[M8B] start cur=82,748 dyend=761 dpc=2211 dpitch=1024 doff=0 clip 80,748-217,760 compat=0
[M8B] end cur=82,761
[M8T] IN2 9aee=0000
[M8T] OUT2 a6e8=0000
[M8T] IN2 9aee=f800
[M8T] IN2 9aee=0000
[M8T] OUT2 86e8=0053
[M8T] OUT2 82e8=02ee
[M8B] start cur=83,750 dyend=759 dpc=3251 dpitch=1024 doff=0 clip 80,748-217,760 compat=0
[M8T] OUT2 e2e8=187a
[M8T] OUT2 e2e8=8220
[M8T] OUT2 e2e8=2108
[M8T] OUT2 e2e8=0078
[M8T] OUT2 86e8=005a
[M8T] OUT2 82e8=02f1
[M8B] start cur=90,753 dyend=759 dpc=3251 dpitch=1024 doff=0 clip 80,748-217,760 compat=0
[M8T] OUT2 e2e8=0084
[M8T] OUT2 e2e8=0000
[M8T] IN2 9aee=8000
[M8T] IN2 9aee=0000
[M8T] OUT2 86e8=005d
[M8T] OUT2 82e8=02ee
[M8B] start cur=93,750 dyend=759 dpc=3251 dpitch=1024 doff=0 clip 80,748-217,760 compat=0
[M8T] OUT2 e2e8=8488
[M8T] OUT2 e2e8=2142
[M8T] OUT2 e2e8=0010
[M8T] OUT2 e2e8=0000
[M8T] OUT2 86e8=0061
[M8T] OUT2 82e8=02ee
[M8B] start cur=97,750 dyend=759 dpc=3251 dpitch=1024 doff=0 clip 80,748-217,760 compat=0
[M8T] OUT2 e2e8=3080
[M8T] OUT2 e2e8=1105
[M8T] IN2 9aee=0000
[M8T] OUT2 e2e8=2422
[M8T] OUT2 e2e8=5544
[M8T] OUT2 e2e8=a00a
[M8T] OUT2 e2e8=1188
[M8T] OUT2 e2e8=0000
*** 1 repeats ***
[M8T] OUT2 86e8=006d
[M8T] OUT2 82e8=02ee
[M8B] start cur=109,750 dyend=759 dpc=3251 dpitch=1024 doff=0 clip 80,748-217,760 compat=0
[M8T] OUT2 e2e8=80ff
[M8T] OUT2 e2e8=0000
[M8T] IN2 9aee=8000
[M8T] IN2 9aee=0000
[M8T] OUT2 86e8=0070
[M8T] OUT2 82e8=02ee
[M8B] start cur=112,750 dyend=759 dpc=3251 dpitch=1024 doff=0 clip 80,748-217,760 compat=0
[M8T] OUT2 e2e8=1c87
[M8T] OUT2 e2e8=a669
[M8T] OUT2 e2e8=e358
[M8T] OUT2 e2e8=0084
[M8T] OUT2 86e8=0078
[M8T] OUT2 82e8=02ee
[M8B] start cur=120,750 dyend=759 dpc=3251 dpitch=1024 doff=0 clip 80,748-217,760 compat=0
[M8T] OUT2 e2e8=28f2
[M8T] OUT2 e2e8=8661
[M8T] IN2 9aee=0000
[M8T] OUT2 e2e8=6218
[M8T] OUT2 e2e8=00f0
[M8T] OUT2 86e8=0080
[M8T] OUT2 82e8=02ee
[M8B] start cur=128,750 dyend=759 dpc=3251 dpitch=1024 doff=0 clip 80,748-217,760 compat=0
[M8T] OUT2 e2e8=187a
[M8T] OUT2 e2e8=8661
[M8T] OUT2 e2e8=6118
[M8T] OUT2 e2e8=0078
[M8T] OUT2 86e8=0087
[M8T] OUT2 82e8=02ee
[M8B] start cur=135,750 dyend=759 dpc=3251 dpitch=1024 doff=0 clip 80,748-217,760 compat=0
[M8T] IN2 9aee=0000
[M8T] OUT2 e2e8=3080
[M8T] OUT2 e2e8=1105
[M8T] OUT2 e2e8=2422
[M8T] OUT2 e2e8=5544
[M8T] OUT2 e2e8=a00a
[M8T] OUT2 e2e8=1188
[M8T] OUT2 e2e8=0000
*** 1 repeats ***
[M8T] OUT2 86e8=0093
[M8T] OUT2 82e8=02ee
[M8B] start cur=147,750 dyend=759 dpc=3251 dpitch=1024 doff=0 clip 80,748-217,760 compat=0
[M8T] OUT2 e2e8=6174
[M8T] OUT2 e2e8=0407
[M8T] IN2 9aee=0000
[M8T] OUT2 e2e8=7031
[M8T] OUT2 e2e8=0000
[M8T] OUT2 86e8=009a
[M8T] OUT2 82e8=02ee
[M8B] start cur=154,750 dyend=759 dpc=3251 dpitch=1024 doff=0 clip 80,748-217,760 compat=0
[M8T] OUT2 e2e8=8488
[M8T] OUT2 e2e8=2142
[M8T] OUT2 e2e8=0010
[M8T] OUT2 e2e8=0000
[M8T] OUT2 86e8=009f
[M8T] OUT2 82e8=02ee
[M8B] start cur=159,750 dyend=759 dpc=3251 dpitch=1024 doff=0 clip 80,748-217,760 compat=0
[M8T] IN2 9aee=0000
[M8T] OUT2 e2e8=18fa
[M8T] OUT2 e2e8=fa61
[M8T] OUT2 e2e8=6118
[M8T] OUT2 e2e8=0084
[M8T] OUT2 86e8=00a7
[M8T] OUT2 82e8=02ee
[M8B] start cur=167,750 dyend=759 dpc=3251 dpitch=1024 doff=0 clip 80,748-217,760 compat=0
[M8T] OUT2 e2e8=1886
[M8T] OUT2 e2e8=8661
[M8T] OUT2 e2e8=6118
[M8T] OUT2 e2e8=0078
[M8T] IN2 9aee=0000
[M8T] OUT2 86e8=00af
[M8T] OUT2 82e8=02ee
[M8B] start cur=175,750 dyend=759 dpc=3251 dpitch=1024 doff=0 clip 80,748-217,760 compat=0
[M8T] OUT2 e2e8=1c87
[M8T] OUT2 e2e8=a669
[M8T] OUT2 e2e8=e358
[M8T] OUT2 e2e8=0084
[M8T] OUT2 86e8=00b7
[M8T] OUT2 82e8=02ee
[M8B] start cur=183,750 dyend=759 dpc=3251 dpitch=1024 doff=0 clip 80,748-217,760 compat=0
[M8T] OUT2 e2e8=28f2
[M8T] OUT2 e2e8=8661
[M8T] IN2 9aee=0000
[M8T] OUT2 e2e8=6218
[M8T] OUT2 e2e8=00f0
[M8T] OUT2 86e8=00bf
[M8T] OUT2 82e8=02ee
[M8B] start cur=191,750 dyend=759 dpc=3251 dpitch=1024 doff=0 clip 80,748-217,760 compat=0
[M8T] OUT2 e2e8=2184
[M8T] OUT2 e2e8=4208
[M8T] OUT2 e2e8=f810
[M8T] OUT2 e2e8=0000
[M8T] OUT2 86e8=00c5
[M8T] OUT2 82e8=02ee
[M8B] start cur=197,750 dyend=759 dpc=3251 dpitch=1024 doff=0 clip 80,748-217,760 compat=0
[M8T] IN2 9aee=0000
[M8T] OUT2 e2e8=2184
[M8T] OUT2 e2e8=4208
[M8T] OUT2 e2e8=f810
[M8T] OUT2 e2e8=0000
[M8T] OUT2 86e8=00cb
[M8T] OUT2 82e8=02ee
[M8B] start cur=203,750 dyend=759 dpc=3251 dpitch=1024 doff=0 clip 80,748-217,760 compat=0
[M8T] OUT2 e2e8=4274
[M8T] OUT2 e2e8=0413
[M8T] OUT2 e2e8=7031
[M8T] OUT2 e2e8=0000
[M8T] IN2 9aee=8000
[M8T] IN2 9aee=0000
[M8T] OUT2 86e8=00d1
[M8T] OUT2 82e8=02f6
[M8B] start cur=209,758 dyend=759 dpc=3251 dpitch=1024 doff=0 clip 80,748-217,760 compat=0
[M8T] OUT2 e2e8=0080
[M8T] OUT2 e2e8=0000
[M8T] OUT2 86e8=00d4
[M8T] OUT2 82e8=02f6
[M8B] start cur=212,758 dyend=759 dpc=3251 dpitch=1024 doff=0 clip 80,748-217,760 compat=0
[M8T] OUT2 e2e8=0080
[M8T] OUT2 e2e8=0000
[M8T] IN2 9aee=8000
[M8T] IN2 9aee=0000
[M8T] OUT2 86e8=00d7
[M8T] OUT2 82e8=02f6
[M8B] start cur=215,758 dyend=759 dpc=3251 dpitch=1024 doff=0 clip 80,748-217,760 compat=0
[M8T] OUT2 e2e8=0080
[M8T] OUT2 e2e8=0000
[M8T] IN2 9aee=8000
[M8T] IN2 9aee=0000
[M8T] OUT2 daee=0000
[M8T] OUT2 deee=0000
[M8T] OUT2 e2ee=05ff
[M8T] OUT2 e6ee=05ff
[M8T] IN2 9aee=f000
[M8T] IN2 9aee=0000
[M8T] OUT2 daee=0000
[M8T] OUT2 deee=0000
[M8T] OUT2 e2ee=03ff
[M8T] OUT2 e6ee=02ff
[M8T] IN2 9aee=fc00
[M8T] IN2 9aee=0000
[M8T] OUT2 8ee8=0010
[M8T] OUT2 8ae8=0300
[M8T] OUT2 86e8=0200
[M8T] OUT2 82e8=0180
[M8B] start cur=512,384 dyend=416 dpc=6211 dpitch=1024 doff=0 clip 0,0-1023,767 compat=0
[M8B] end cur=512,416
[M8T] OUT2 e2ee=05ff
[M8T] OUT2 e6ee=05ff
[M8T] IN2 9aee=c000
[M8T] IN2 9aee=0000
[M8T] IN2 9aee=e000
[M8T] IN2 9aee=0000
[M8T] OUT2 86e8=0010
[M8T] OUT2 82e8=0301
[M8B] start cur=16,769 dyend=770 dpc=3251 dpitch=1024 doff=0 clip 0,0-1535,1535 compat=0
[M8T] IN2 9aee=0000
[M8T] OUT2 e2e8=ff7f
[M8T] OUT2 e2e8=ffff
[M8T] OUT2 e2e8=ff3f
[M8T] OUT2 e2e8=ffff
[M8T] OUT2 e2e8=ff1f
[M8T] OUT2 e2e8=ffff
[M8T] OUT2 e2e8=ff0f
[M8T] OUT2 e2e8=ffff
[M8T] OUT2 e2e8=ff07
[M8T] OUT2 e2e8=ffff
[M8T] OUT2 e2e8=ff03
[M8T] OUT2 e2e8=ffff
[M8T] OUT2 e2e8=ff01
[M8T] OUT2 e2e8=ffff
[M8T] OUT2 e2e8=ff00
[M8T] OUT2 e2e8=ffff
[M8T] OUT2 e2e8=7f00
[M8T] OUT2 e2e8=ffff
[M8T] OUT2 e2e8=3f00
[M8T] OUT2 e2e8=ffff
[M8T] OUT2 e2e8=1f00
[M8T] OUT2 e2e8=ffff
[M8T] OUT2 e2e8=ff01
[M8T] OUT2 e2e8=ffff
[M8T] OUT2 e2e8=ff10
[M8T] OUT2 e2e8=ffff
[M8T] OUT2 e2e8=ff30
[M8T] OUT2 e2e8=ffff
[M8T] OUT2 e2e8=7f78
[M8T] OUT2 e2e8=ffff
[M8T] OUT2 e2e8=7ff8
[M8T] OUT2 e2e8=ffff
[M8T] OUT2 e2e8=3ffc
[M8T] OUT2 e2e8=ffff
[M8T] OUT2 e2e8=3ffc
[M8T] OUT2 e2e8=ffff
[M8T] OUT2 e2e8=7ffe
[M8T] OUT2 e2e8=ffff
*** 25 repeats ***
[M8T] IN2 9aee=0000
[M8T] OUT2 86e8=0000
[M8T] OUT2 82e8=0302
[M8T] OUT2 caee=0010
[M8X] scan cur=0,770 to=16 compat=0 dpc=3251 dp_compat=0 frgd_sel=1 bkgd_sel=0 mono=2 fmix=02 cmd_back=0 pixw=1 pitch=1024 off=0 dstp=1024
[M8T] IN2 9aee=0000
[M8T] OUT2 e2e8=ffff
[M8T] IN2 9aee=0000
[M8T] OUT2 86e8=0010
[M8T] OUT2 82e8=0301
[M8B] start cur=16,769 dyend=770 dpc=3251 dpitch=1024 doff=0 clip 0,0-1535,1535 compat=0
[M8T] IN2 9aee=0000
[M8T] OUT2 e2e8=0000
*** 3 repeats ***
[M8T] OUT2 e2e8=0040
[M8T] OUT2 e2e8=0000
[M8T] OUT2 e2e8=0060
[M8T] OUT2 e2e8=0000
[M8T] OUT2 e2e8=0070
[M8T] OUT2 e2e8=0000
[M8T] OUT2 e2e8=0078
[M8T] OUT2 e2e8=0000
[M8T] OUT2 e2e8=007c
[M8T] OUT2 e2e8=0000
[M8T] OUT2 e2e8=007e
[M8T] OUT2 e2e8=0000
[M8T] OUT2 e2e8=007f
[M8T] OUT2 e2e8=0000
[M8T] OUT2 e2e8=807f
[M8T] OUT2 e2e8=0000
[M8T] OUT2 e2e8=007c
[M8T] OUT2 e2e8=0000
[M8T] OUT2 e2e8=006c
[M8T] OUT2 e2e8=0000
[M8T] OUT2 e2e8=0046
[M8T] OUT2 e2e8=0000
[M8T] OUT2 e2e8=0006
[M8T] OUT2 e2e8=0000
[M8T] OUT2 e2e8=0003
[M8T] OUT2 e2e8=0000
[M8T] OUT2 e2e8=0003
[M8T] OUT2 e2e8=0000
[M8T] OUT2 e2e8=8001
[M8T] OUT2 e2e8=0000
[M8T] OUT2 e2e8=8001
[M8T] OUT2 e2e8=0000
*** 27 repeats ***
[M8T] IN2 9aee=0000
[M8T] OUT2 86e8=0000
[M8T] OUT2 82e8=0302
[M8T] OUT2 caee=0010
[M8X] scan cur=0,770 to=16 compat=0 dpc=3251 dp_compat=0 frgd_sel=1 bkgd_sel=0 mono=2 fmix=02 cmd_back=0 pixw=1 pitch=1024 off=0 dstp=1024
[M8T] IN2 9aee=0000
[M8T] OUT2 e2e8=0000
[M8T] IN2 9aee=0000
[M8T] IN2 9aee=8000
[M8T] IN2 9aee=0000
[M8T] OUT2 8ee8=0200
[M8T] OUT2 8ae8=0180
[M8T] IN2 9aee=fe00
[M8T] IN2 9aee=0000
[M8T] OUT2 86e8=0010
[M8T] OUT2 82e8=0300
[M8B] start cur=16,768 dyend=769 dpc=6211 dpitch=1024 doff=0 clip 0,0-1535,1535 compat=0
[M8B] end cur=0,769
[M8T] IN2 9aee=0000
[M8T] OUT2 8ae8=019f
[M8T] OUT2 8ee8=0210
[M8T] IN2 9aee=f000
[M8T] IN2 9aee=0000
[M8T] OUT2 86e8=0000
[M8T] OUT2 82e8=0301
[M8T] OUT2 caee=0010
[M8X] scan cur=0,769 to=16 compat=0 dpc=6211 dp_compat=0 frgd_sel=3 bkgd_sel=0 mono=0 fmix=07 cmd_back=1 pixw=1 pitch=1024 off=0 dstp=1024
[M8Y] count=-1 width=16 dx=0 dy=769 dest=0c0400 clip l=0 t=0 r=1535 b=1535 cmp=0 fc=00000000 wm=000000ff
[M8T] IN2 9aee=0000
[M8T] OUT2 daee=0000
[M8T] OUT2 deee=0000
[M8T] OUT2 e2ee=03ff
[M8T] OUT2 e6ee=02ff
[M8T] OUT2 a6e8=ffff
[M8T] IN2 9aee=ff00
[M8T] IN2 9aee=0000
[M8T] OUT2 8ae8=0301
[M8T] OUT2 8ee8=0010
[M8T] OUT2 82e8=0180
[M8T] OUT2 86e8=0200
[M8B] start cur=512,384 dyend=416 dpc=2071 dpitch=1024 doff=0 clip 0,0-1023,767 compat=0
[M8T] IN2 9aee=0000
[M8T] OUT2 8ae8=0301
[M8T] OUT2 8ee8=0010
[M8T] OUT2 82e8=0180
[M8T] OUT2 86e8=0200
[M8B] start cur=512,384 dyend=416 dpc=2071 dpitch=1024 doff=0 clip 0,0-1023,767 compat=0
[M8T] OUT2 e2ee=05ff
[M8T] OUT2 e6ee=05ff
[M8T] IN2 9aee=c000
[M8T] IN2 9aee=0000
[M8T] OUT2 daee=0000
[M8T] OUT2 deee=0000
[M8T] OUT2 e2ee=03ff
[M8T] OUT2 e6ee=02ff
[M8T] IN2 9aee=fc00
[M8T] IN2 9aee=0000
[M8T] OUT2 8ee8=0010
[M8T] OUT2 8ae8=0300
[M8T] OUT2 86e8=0200
[M8T] OUT2 82e8=0180
[M8B] start cur=512,384 dyend=416 dpc=6211 dpitch=1024 doff=0 clip 0,0-1023,767 compat=0
[M8B] end cur=512,416
[M8T] OUT2 e2ee=05ff
[M8T] OUT2 e6ee=05ff
[M8T] IN2 9aee=c000
[M8T] IN2 9aee=0000
[M8T] IN2 9aee=e000
[M8T] IN2 9aee=0000
[M8T] OUT2 86e8=0010
[M8T] OUT2 82e8=0301
[M8B] start cur=16,769 dyend=770 dpc=3251 dpitch=1024 doff=0 clip 0,0-1535,1535 compat=0
[M8T] IN2 9aee=0000
[M8T] OUT2 e2e8=ff7f
[M8T] OUT2 e2e8=ffff
[M8T] OUT2 e2e8=f03f
[M8T] OUT2 e2e8=ff03
[M8T] OUT2 e2e8=f01f
[M8T] OUT2 e2e8=ff03
[M8T] OUT2 e2e8=f00f
[M8T] OUT2 e2e8=ff03
[M8T] OUT2 e2e8=f807
[M8T] OUT2 e2e8=ff07
[M8T] OUT2 e2e8=f803
[M8T] OUT2 e2e8=ff07
[M8T] OUT2 e2e8=f801
[M8T] OUT2 e2e8=ff07
[M8T] OUT2 e2e8=f800
[M8T] OUT2 e2e8=ff07
[M8T] OUT2 e2e8=7c00
[M8T] OUT2 e2e8=ff0f
[M8T] OUT2 e2e8=3e00
[M8T] OUT2 e2e8=ff1f
[M8T] OUT2 e2e8=1c00
[M8T] OUT2 e2e8=ff0f
[M8T] OUT2 e2e8=f801
[M8T] OUT2 e2e8=ff07
[M8T] OUT2 e2e8=f810
[M8T] OUT2 e2e8=ff07
[M8T] OUT2 e2e8=f830
[M8T] OUT2 e2e8=ff07
[M8T] OUT2 e2e8=7878
[M8T] OUT2 e2e8=ff07
[M8T] OUT2 e2e8=70f8
[M8T] OUT2 e2e8=ff03
[M8T] OUT2 e2e8=30fc
[M8T] OUT2 e2e8=ff03
[M8T] OUT2 e2e8=30fc
[M8T] OUT2 e2e8=ff03
[M8T] OUT2 e2e8=7ffe
[M8T] OUT2 e2e8=ffff
*** 25 repeats ***
[M8T] IN2 9aee=0000
[M8T] OUT2 86e8=0000
[M8T] OUT2 82e8=0302
[M8T] OUT2 caee=0010
[M8X] scan cur=0,770 to=16 compat=0 dpc=3251 dp_compat=0 frgd_sel=1 bkgd_sel=0 mono=2 fmix=02 cmd_back=0 pixw=1 pitch=1024 off=0 dstp=1024
[M8T] IN2 9aee=0000
[M8T] OUT2 e2e8=ffff
[M8T] IN2 9aee=0000
[M8T] OUT2 86e8=0010
[M8T] OUT2 82e8=0301
[M8B] start cur=16,769 dyend=770 dpc=3251 dpitch=1024 doff=0 clip 0,0-1535,1535 compat=0
[M8T] IN2 9aee=0000
[M8T] OUT2 e2e8=0000
*** 3 repeats ***
[M8T] OUT2 e2e8=0340
[M8T] OUT2 e2e8=00f0
[M8T] OUT2 e2e8=0060
[M8T] OUT2 e2e8=0000
[M8T] OUT2 e2e8=0370
[M8T] OUT2 e2e8=00f0
[M8T] OUT2 e2e8=0378
[M8T] OUT2 e2e8=00f0
[M8T] OUT2 e2e8=037c
[M8T] OUT2 e2e8=00b0
[M8T] OUT2 e2e8=017e
[M8T] OUT2 e2e8=0060
[M8T] OUT2 e2e8=007f
[M8T] OUT2 e2e8=00c0
[M8T] OUT2 e2e8=807f
[M8T] OUT2 e2e8=0040
[M8T] OUT2 e2e8=007c
[M8T] OUT2 e2e8=00c0
[M8T] OUT2 e2e8=016c
[M8T] OUT2 e2e8=00e0
[M8T] OUT2 e2e8=0346
[M8T] OUT2 e2e8=0070
[M8T] OUT2 e2e8=0206
[M8T] OUT2 e2e8=00b0
[M8T] OUT2 e2e8=0103
[M8T] OUT2 e2e8=0050
[M8T] OUT2 e2e8=0003
[M8T] OUT2 e2e8=0000
[M8T] OUT2 e2e8=8301
[M8T] OUT2 e2e8=00f0
[M8T] OUT2 e2e8=8001
[M8T] OUT2 e2e8=0000
*** 27 repeats ***
[M8T] IN2 9aee=0000
[M8T] OUT2 86e8=0000
[M8T] OUT2 82e8=0302
[M8T] OUT2 caee=0010
[M8X] scan cur=0,770 to=16 compat=0 dpc=3251 dp_compat=0 frgd_sel=1 bkgd_sel=0 mono=2 fmix=02 cmd_back=0 pixw=1 pitch=1024 off=0 dstp=1024
[M8T] IN2 9aee=0000
[M8T] OUT2 e2e8=0000
[M8T] IN2 9aee=0000
[M8T] IN2 9aee=8000
[M8T] IN2 9aee=0000
[M8T] OUT2 8ee8=0200
[M8T] OUT2 8ae8=0180
[M8T] IN2 9aee=fe00
[M8T] IN2 9aee=0000
[M8T] OUT2 86e8=0010
[M8T] OUT2 82e8=0300
[M8B] start cur=16,768 dyend=769 dpc=6211 dpitch=1024 doff=0 clip 0,0-1535,1535 compat=0
[M8B] end cur=0,769
[M8T] IN2 9aee=0000
[M8T] OUT2 8ae8=019f
[M8T] OUT2 8ee8=0210
[M8T] IN2 9aee=f000
[M8T] IN2 9aee=0000
[M8T] OUT2 86e8=0000
[M8T] OUT2 82e8=0301
[M8T] OUT2 caee=0010
[M8X] scan cur=0,769 to=16 compat=0 dpc=6211 dp_compat=0 frgd_sel=3 bkgd_sel=0 mono=0 fmix=07 cmd_back=1 pixw=1 pitch=1024 off=0 dstp=1024
[M8Y] count=-1 width=16 dx=0 dy=769 dest=0c0400 clip l=0 t=0 r=1535 b=1535 cmp=0 fc=000000ff wm=000000ff
[M8T] IN2 9aee=0000
[M8T] OUT2 daee=0000
[M8T] OUT2 deee=0000
[M8T] OUT2 e2ee=03ff
[M8T] OUT2 e6ee=02ff
[M8T] OUT2 a6e8=ffff
[M8T] IN2 9aee=ff00
[M8T] IN2 9aee=0000
[M8T] OUT2 8ae8=0301
[M8T] OUT2 8ee8=0010
[M8T] OUT2 82e8=0180
[M8T] OUT2 86e8=0200
[M8B] start cur=512,384 dyend=416 dpc=2071 dpitch=1024 doff=0 clip 0,0-1023,767 compat=0
[M8T] IN2 9aee=0000
[M8T] OUT2 8ae8=0301
[M8T] OUT2 8ee8=0010
[M8T] OUT2 82e8=0180
[M8T] OUT2 86e8=0200
[M8B] start cur=512,384 dyend=416 dpc=2071 dpitch=1024 doff=0 clip 0,0-1023,767 compat=0
[M8T] OUT2 e2ee=05ff
[M8T] OUT2 e6ee=05ff
[M8T] IN2 9aee=c000
[M8T] IN2 9aee=0000
[M8T] OUT2 a6e8=ffff
[M8T] OUT2 86e8=0032
[M8T] OUT2 82e8=006b
[M8B] start cur=50,107 dyend=109 dpc=2211 dpitch=1024 doff=0 clip 0,0-1535,1535 compat=0
[M8B] end cur=50,109
[M8T] IN2 9aee=0000
[M8T] OUT2 daee=0000
[M8T] OUT2 deee=0000
[M8T] OUT2 e2ee=03ff
[M8T] OUT2 e6ee=02ff
[M8T] IN2 9aee=fc00
[M8T] IN2 9aee=0000
[M8T] OUT2 8ee8=0010
[M8T] OUT2 8ae8=0300
[M8T] OUT2 86e8=0200
[M8T] OUT2 82e8=0180
[M8B] start cur=512,384 dyend=416 dpc=6211 dpitch=1024 doff=0 clip 0,0-1023,767 compat=0
[M8B] end cur=512,416
[M8T] OUT2 e2ee=05ff
[M8T] OUT2 e6ee=05ff
[M8T] IN2 9aee=c000
[M8T] IN2 9aee=0000
[M8T] IN2 9aee=e000
[M8T] IN2 9aee=0000
[M8T] OUT2 86e8=0010
[M8T] OUT2 82e8=0301
[M8B] start cur=16,769 dyend=770 dpc=3251 dpitch=1024 doff=0 clip 0,0-1535,1535 compat=0
[M8T] IN2 9aee=0000
[M8T] OUT2 e2e8=ff7f
[M8T] OUT2 e2e8=ffff
[M8T] OUT2 e2e8=ff3f
[M8T] OUT2 e2e8=ffff
[M8T] OUT2 e2e8=ff1f
[M8T] OUT2 e2e8=ffff
[M8T] OUT2 e2e8=ff0f
[M8T] OUT2 e2e8=ffff
[M8T] OUT2 e2e8=ff07
[M8T] OUT2 e2e8=ffff
[M8T] OUT2 e2e8=ff03
[M8T] OUT2 e2e8=ffff
[M8T] OUT2 e2e8=ff01
[M8T] OUT2 e2e8=ffff
[M8T] OUT2 e2e8=ff00
[M8T] OUT2 e2e8=ffff
[M8T] OUT2 e2e8=7f00
[M8T] OUT2 e2e8=ffff
[M8T] OUT2 e2e8=3f00
[M8T] OUT2 e2e8=ffff
[M8T] OUT2 e2e8=1f00
[M8T] OUT2 e2e8=ffff
[M8T] OUT2 e2e8=ff01
[M8T] OUT2 e2e8=ffff
[M8T] OUT2 e2e8=ff10
[M8T] OUT2 e2e8=ffff
[M8T] OUT2 e2e8=ff30
[M8T] OUT2 e2e8=ffff
[M8T] OUT2 e2e8=7f78
[M8T] OUT2 e2e8=ffff
[M8T] OUT2 e2e8=7ff8
[M8T] OUT2 e2e8=ffff
[M8T] OUT2 e2e8=3ffc
[M8T] OUT2 e2e8=ffff
[M8T] OUT2 e2e8=3ffc
[M8T] OUT2 e2e8=ffff
[M8T] OUT2 e2e8=7ffe
[M8T] OUT2 e2e8=ffff
*** 25 repeats ***
[M8T] IN2 9aee=0000
[M8T] OUT2 86e8=0000
[M8T] OUT2 82e8=0302
[M8T] OUT2 caee=0010
[M8X] scan cur=0,770 to=16 compat=0 dpc=3251 dp_compat=0 frgd_sel=1 bkgd_sel=0 mono=2 fmix=02 cmd_back=0 pixw=1 pitch=1024 off=0 dstp=1024
[M8T] IN2 9aee=0000
[M8T] OUT2 e2e8=ffff
[M8T] IN2 9aee=0000
[M8T] OUT2 86e8=0010
[M8T] OUT2 82e8=0301
[M8B] start cur=16,769 dyend=770 dpc=3251 dpitch=1024 doff=0 clip 0,0-1535,1535 compat=0
[M8T] IN2 9aee=0000
[M8T] OUT2 e2e8=0000
*** 3 repeats ***
[M8T] OUT2 e2e8=0040
[M8T] OUT2 e2e8=0000
[M8T] OUT2 e2e8=0060
[M8T] OUT2 e2e8=0000
[M8T] OUT2 e2e8=0070
[M8T] OUT2 e2e8=0000
[M8T] OUT2 e2e8=0078
[M8T] OUT2 e2e8=0000
[M8T] OUT2 e2e8=007c
[M8T] OUT2 e2e8=0000
[M8T] OUT2 e2e8=007e
[M8T] OUT2 e2e8=0000
[M8T] OUT2 e2e8=007f
[M8T] OUT2 e2e8=0000
[M8T] OUT2 e2e8=807f
[M8T] OUT2 e2e8=0000
[M8T] OUT2 e2e8=007c
[M8T] OUT2 e2e8=0000
[M8T] OUT2 e2e8=006c
[M8T] OUT2 e2e8=0000
[M8T] OUT2 e2e8=0046
[M8T] OUT2 e2e8=0000
[M8T] OUT2 e2e8=0006
[M8T] OUT2 e2e8=0000
[M8T] OUT2 e2e8=0003
[M8T] OUT2 e2e8=0000
[M8T] OUT2 e2e8=0003
[M8T] OUT2 e2e8=0000
[M8T] OUT2 e2e8=8001
[M8T] OUT2 e2e8=0000
[M8T] OUT2 e2e8=8001
[M8T] OUT2 e2e8=0000
*** 27 repeats ***
[M8T] IN2 9aee=0000
[M8T] OUT2 86e8=0000
[M8T] OUT2 82e8=0302
[M8T] OUT2 caee=0010
[M8X] scan cur=0,770 to=16 compat=0 dpc=3251 dp_compat=0 frgd_sel=1 bkgd_sel=0 mono=2 fmix=02 cmd_back=0 pixw=1 pitch=1024 off=0 dstp=1024
[M8T] IN2 9aee=0000
[M8T] OUT2 e2e8=0000
[M8T] IN2 9aee=0000
[M8T] IN2 9aee=8000
[M8T] IN2 9aee=0000
[M8T] OUT2 8ee8=0200
[M8T] OUT2 8ae8=0180
[M8T] IN2 9aee=fe00
[M8T] IN2 9aee=0000
[M8T] OUT2 86e8=0010
[M8T] OUT2 82e8=0300
[M8B] start cur=16,768 dyend=769 dpc=6211 dpitch=1024 doff=0 clip 0,0-1535,1535 compat=0
[M8B] end cur=0,769
[M8T] IN2 9aee=0000
[M8T] OUT2 8ae8=019f
[M8T] OUT2 8ee8=0210
[M8T] IN2 9aee=f000
[M8T] IN2 9aee=0000
[M8T] OUT2 86e8=0000
[M8T] OUT2 82e8=0301
[M8T] OUT2 caee=0010
[M8X] scan cur=0,769 to=16 compat=0 dpc=6211 dp_compat=0 frgd_sel=3 bkgd_sel=0 mono=0 fmix=07 cmd_back=1 pixw=1 pitch=1024 off=0 dstp=1024
[M8Y] count=-1 width=16 dx=0 dy=769 dest=0c0400 clip l=0 t=0 r=1535 b=1535 cmp=0 fc=000000ff wm=000000ff
[M8T] IN2 9aee=0000
[M8T] OUT2 daee=0000
[M8T] OUT2 deee=0000
[M8T] OUT2 e2ee=03ff
[M8T] OUT2 e6ee=02ff
[M8T] OUT2 a6e8=ffff
[M8T] IN2 9aee=ff00
[M8T] IN2 9aee=0000
[M8T] OUT2 8ae8=0301
[M8T] OUT2 8ee8=0010
[M8T] OUT2 82e8=0180
[M8T] OUT2 86e8=0200
[M8B] start cur=512,384 dyend=416 dpc=2071 dpitch=1024 doff=0 clip 0,0-1023,767 compat=0
[M8T] IN2 9aee=0000
[M8T] OUT2 8ae8=0301
[M8T] OUT2 8ee8=0010
[M8T] OUT2 82e8=0180
[M8T] OUT2 86e8=0200
[M8B] start cur=512,384 dyend=416 dpc=2071 dpitch=1024 doff=0 clip 0,0-1023,767 compat=0
[M8T] OUT2 e2ee=05ff
[M8T] OUT2 e6ee=05ff
[M8T] IN2 9aee=c000
[M8T] IN2 9aee=0000
[M8T] IN2 9ae8=0000
[M8T] IN2 9aee=0000
[M8T] OUT2 daee=001d
[M8T] OUT2 e2ee=003c
[M8T] OUT2 86e8=001d
[M8T] OUT2 82e8=0022
[M8B] start cur=29,34 dyend=2 dpc=5211 dpitch=1024 doff=0 clip 29,0-60,1535 compat=0
[M8T] OUT2 e2e8=0006
[M8T] OUT2 e2e8=0000
*** 10 repeats ***
[M8T] OUT2 e2e8=0600
[M8T] OUT2 e2e8=0606
*** 2 repeats ***
[M8T] OUT2 e2e8=07f8
[M8T] OUT2 e2e8=0707
*** 10 repeats ***
[M8T] OUT2 e2e8=00f8
[M8T] OUT2 e2e8=0606
*** 2 repeats ***
[M8T] OUT2 e2e8=fff8
[M8T] OUT2 e2e8=ffff
*** 10 repeats ***
[M8T] OUT2 e2e8=f807
[M8T] OUT2 e2e8=0600
[M8T] OUT2 e2e8=0606
*** 1 repeats ***
[M8T] OUT2 e2e8=f806
[M8T] OUT2 e2e8=f8ff
[M8T] OUT2 e2e8=f800
[M8T] OUT2 e2e8=00f8
[M8T] OUT2 e2e8=f8f8
[M8T] OUT2 e2e8=f800
[M8T] OUT2 e2e8=00f8
[M8T] OUT2 e2e8=f8f8
[M8T] OUT2 e2e8=f800
[M8T] OUT2 e2e8=00f8
[M8T] OUT2 e2e8=f8f8
[M8T] OUT2 e2e8=f800
[M8T] OUT2 e2e8=f8f8
[M8T] OUT2 e2e8=00f8
[M8T] OUT2 e2e8=0606
*** 2 repeats ***
[M8T] OUT2 e2e8=fff8
[M8T] OUT2 e2e8=00f8
[M8T] OUT2 e2e8=f8ff
[M8T] OUT2 e2e8=ff00
[M8T] OUT2 e2e8=00f8
[M8T] OUT2 e2e8=f8ff
[M8T] OUT2 e2e8=ff00
[M8T] OUT2 e2e8=00f8
[M8T] OUT2 e2e8=f8ff
[M8T] OUT2 e2e8=ff00
[M8T] OUT2 e2e8=00f8
[M8T] OUT2 e2e8=f8ff
[M8T] OUT2 e2e8=00f8
[M8T] OUT2 e2e8=0600
[M8T] OUT2 e2e8=0606
*** 1 repeats ***
[M8T] OUT2 e2e8=f806
[M8T] OUT2 e2e8=f8f8
[M8T] OUT2 e2e8=ff00
[M8T] OUT2 e2e8=00f8
[M8T] OUT2 e2e8=f8ff
[M8T] OUT2 e2e8=ff00
[M8T] OUT2 e2e8=00f8
[M8T] OUT2 e2e8=f8ff
[M8T] OUT2 e2e8=ff00
[M8T] OUT2 e2e8=00f8
[M8T] OUT2 e2e8=f8ff
[M8T] OUT2 e2e8=ff00
[M8T] OUT2 e2e8=f800
[M8T] OUT2 e2e8=00f8
[M8T] OUT2 e2e8=0606
*** 1 repeats ***
[M8T] OUT2 e2e8=f806
[M8T] OUT2 e2e8=07ff
[M8T] OUT2 e2e8=0707
*** 9 repeats ***
[M8T] OUT2 e2e8=f807
[M8T] OUT2 e2e8=f8f8
[M8T] OUT2 e2e8=0600
[M8T] OUT2 e2e8=0606
[M8T] OUT2 e2e8=f806
[M8T] OUT2 e2e8=07ff
[M8T] OUT2 e2e8=0207
[M8T] OUT2 e2e8=0702
[M8T] OUT2 e2e8=0707
*** 4 repeats ***
[M8T] OUT2 e2e8=f807
[M8T] OUT2 e2e8=0707
*** 1 repeats ***
[M8T] OUT2 e2e8=f807
[M8T] OUT2 e2e8=f8f8
[M8T] OUT2 e2e8=0600
[M8T] OUT2 e2e8=0606
[M8T] OUT2 e2e8=f806
[M8T] OUT2 e2e8=07ff
[M8T] OUT2 e2e8=fa07
[M8T] OUT2 e2e8=07fa
[M8T] OUT2 e2e8=0707
*** 1 repeats ***
[M8T] OUT2 e2e8=0007
[M8T] OUT2 e2e8=0000
*** 3 repeats ***
[M8T] OUT2 e2e8=0700
[M8T] OUT2 e2e8=f807
[M8T] OUT2 e2e8=f8f8
[M8T] OUT2 e2e8=0600
[M8T] OUT2 e2e8=0606
[M8T] OUT2 e2e8=f806
[M8T] OUT2 e2e8=07ff
[M8T] OUT2 e2e8=0707
*** 3 repeats ***
[M8T] OUT2 e2e8=f807
[M8T] OUT2 e2e8=f8f8
*** 3 repeats ***
[M8T] OUT2 e2e8=07f8
[M8T] OUT2 e2e8=f807
[M8T] OUT2 e2e8=f8f8
[M8T] OUT2 e2e8=0600
[M8T] OUT2 e2e8=0606
[M8T] OUT2 e2e8=f806
[M8T] OUT2 e2e8=07ff
[M8T] OUT2 e2e8=0707
*** 9 repeats ***
[M8T] OUT2 e2e8=f807
[M8T] OUT2 e2e8=f8f8
[M8T] OUT2 e2e8=0600
[M8T] OUT2 e2e8=0606
[M8T] OUT2 e2e8=f806
[M8T] OUT2 e2e8=ffff
*** 10 repeats ***
[M8T] OUT2 e2e8=f8ff
[M8T] OUT2 e2e8=f8f8
[M8T] OUT2 e2e8=0600
[M8T] OUT2 e2e8=0606
*** 1 repeats ***
[M8T] OUT2 e2e8=f8f8
*** 10 repeats ***
[M8T] OUT2 e2e8=07f8
[M8T] OUT2 e2e8=f8f8
[M8T] OUT2 e2e8=0600
[M8T] OUT2 e2e8=0606
*** 2 repeats ***
[M8T] OUT2 e2e8=0000
*** 9 repeats ***
[M8T] OUT2 e2e8=f8f8
[M8T] OUT2 e2e8=f807
[M8T] OUT2 e2e8=0600
[M8T] OUT2 e2e8=0606
*** 2 repeats ***
[M8T] OUT2 e2e8=f8f8
*** 9 repeats ***
[M8T] OUT2 e2e8=f800
[M8T] OUT2 e2e8=07f8
[M8T] OUT2 e2e8=0600
[M8T] OUT2 e2e8=0606
*** 2 repeats ***
[M8T] OUT2 e2e8=fff8
[M8T] OUT2 e2e8=0707
*** 7 repeats ***
[M8T] OUT2 e2e8=f807
[M8T] OUT2 e2e8=00f8
[M8T] OUT2 e2e8=f8f8
[M8T] OUT2 e2e8=0606
*** 3 repeats ***
[M8T] OUT2 e2e8=fff8
[M8T] OUT2 e2e8=ff07
[M8T] OUT2 e2e8=ffff
*** 6 repeats ***
[M8T] OUT2 e2e8=f807
[M8T] OUT2 e2e8=00f8
[M8T] OUT2 e2e8=0606
*** 4 repeats ***
[M8T] OUT2 e2e8=fff8
[M8T] OUT2 e2e8=f807
[M8T] OUT2 e2e8=f8f8
*** 5 repeats ***
[M8T] OUT2 e2e8=fff8
[M8T] OUT2 e2e8=f807
[M8T] OUT2 e2e8=00f8
[M8T] OUT2 e2e8=0606
*** 4 repeats ***
[M8T] OUT2 e2e8=fff8
[M8T] OUT2 e2e8=0007
[M8T] OUT2 e2e8=0606
*** 1 repeats ***
[M8T] OUT2 e2e8=0000
*** 2 repeats ***
[M8T] OUT2 e2e8=0606
[M8T] OUT2 e2e8=fff8
[M8T] OUT2 e2e8=f807
[M8T] OUT2 e2e8=00f8
[M8T] OUT2 e2e8=0606
*** 4 repeats ***
[M8T] OUT2 e2e8=fff8
[M8T] OUT2 e2e8=0007
[M8T] OUT2 e2e8=0606
*** 1 repeats ***
[M8T] OUT2 e2e8=fff8
[M8T] OUT2 e2e8=ffff
[M8T] OUT2 e2e8=00ff
[M8T] OUT2 e2e8=0606
[M8T] OUT2 e2e8=fff8
[M8T] OUT2 e2e8=f807
[M8T] OUT2 e2e8=00f8
[M8T] OUT2 e2e8=0606
*** 4 repeats ***
[M8T] OUT2 e2e8=fff8
[M8T] OUT2 e2e8=0007
[M8T] OUT2 e2e8=0606
[M8T] OUT2 e2e8=0000
[M8T] OUT2 e2e8=fff8
[M8T] OUT2 e2e8=ffff
[M8T] OUT2 e2e8=00ff
[M8T] OUT2 e2e8=0606
[M8T] OUT2 e2e8=fff8
[M8T] OUT2 e2e8=f807
[M8T] OUT2 e2e8=00f8
[M8T] OUT2 e2e8=0606
*** 4 repeats ***
[M8T] OUT2 e2e8=fff8
[M8T] OUT2 e2e8=0007
[M8T] OUT2 e2e8=0606
[M8T] OUT2 e2e8=fff8
*** 1 repeats ***
[M8T] OUT2 e2e8=ffff
[M8T] OUT2 e2e8=00ff
[M8T] OUT2 e2e8=0606
[M8T] OUT2 e2e8=fff8
[M8T] OUT2 e2e8=f807
[M8T] OUT2 e2e8=00f8
[M8T] OUT2 e2e8=0606
*** 4 repeats ***
[M8T] OUT2 e2e8=fff8
[M8T] OUT2 e2e8=0007
[M8T] OUT2 e2e8=0606
[M8T] OUT2 e2e8=fff8
[M8T] OUT2 e2e8=fc04
[M8T] OUT2 e2e8=fcfc
[M8T] OUT2 e2e8=00fc
[M8T] OUT2 e2e8=0606
[M8T] OUT2 e2e8=fff8
[M8T] OUT2 e2e8=f807
[M8T] OUT2 e2e8=00f8
[M8T] OUT2 e2e8=0606
*** 4 repeats ***
[M8T] OUT2 e2e8=fff8
[M8T] OUT2 e2e8=0007
[M8T] OUT2 e2e8=fe06
[M8T] OUT2 e2e8=fff8
[M8T] OUT2 e2e8=ffff
[M8T] OUT2 e2e8=00ff
[M8T] OUT2 e2e8=0606
*** 1 repeats ***
[M8T] OUT2 e2e8=fff8
[M8T] OUT2 e2e8=f807
[M8T] OUT2 e2e8=00f8
[M8T] OUT2 e2e8=0606
*** 4 repeats ***
[M8T] OUT2 e2e8=fff8
[M8T] OUT2 e2e8=0007
[M8T] OUT2 e2e8=fe06
[M8T] OUT2 e2e8=0000
*** 2 repeats ***
[M8T] OUT2 e2e8=0606
*** 1 repeats ***
[M8T] OUT2 e2e8=fff8
[M8T] OUT2 e2e8=f807
[M8T] OUT2 e2e8=00f8
[M8T] OUT2 e2e8=0606
*** 4 repeats ***
[M8T] OUT2 e2e8=fff8
[M8T] OUT2 e2e8=0007
[M8T] OUT2 e2e8=0606
*** 5 repeats ***
[M8T] OUT2 e2e8=fff8
[M8T] OUT2 e2e8=f807
[M8T] OUT2 e2e8=00f8
[M8T] OUT2 e2e8=0606
*** 4 repeats ***
[M8T] OUT2 e2e8=fff8
[M8T] OUT2 e2e8=0007
[M8T] OUT2 e2e8=0000
*** 5 repeats ***
[M8T] OUT2 e2e8=fff8
[M8T] OUT2 e2e8=f807
[M8T] OUT2 e2e8=00f8
[M8T] OUT2 e2e8=0606
*** 4 repeats ***
[M8T] OUT2 e2e8=fff8
[M8T] OUT2 e2e8=f807
[M8T] OUT2 e2e8=f8f8
*** 5 repeats ***
[M8T] OUT2 e2e8=fff8
[M8T] OUT2 e2e8=f807
[M8T] OUT2 e2e8=00f8
[M8T] OUT2 e2e8=0606
*** 4 repeats ***
[M8T] OUT2 e2e8=fff8
[M8T] OUT2 e2e8=0707
*** 7 repeats ***
[M8T] OUT2 e2e8=f807
[M8T] OUT2 e2e8=00f8
[M8T] OUT2 e2e8=0606
*** 4 repeats ***
[M8T] OUT2 e2e8=f806
[M8T] OUT2 e2e8=ffff
*** 7 repeats ***
[M8T] OUT2 e2e8=f8ff
[M8T] OUT2 e2e8=00f8
[M8T] OUT2 e2e8=0606
*** 5 repeats ***
[M8T] OUT2 e2e8=07f8
[M8T] OUT2 e2e8=0707
*** 6 repeats ***
[M8T] OUT2 e2e8=ff07
[M8T] OUT2 e2e8=00f8
[M8T] OUT2 e2e8=0606
*** 5 repeats ***
[M8T] OUT2 e2e8=f806
[M8T] OUT2 e2e8=f8f8
*** 7 repeats ***
[M8T] OUT2 e2e8=06f8
[M8T] OUT2 e2e8=0606
*** 1 repeats ***
[M8B] end cur=29,2
[M8T] IN2 9aee=0000
[M8T] IN2 9aee=8000
[M8T] IN2 9aee=0000
[M8T] OUT2 daee=0000
[M8T] OUT2 e2ee=05ff
[M8T] IN2 9aee=c000
[M8T] IN2 9aee=0000
[M8T] OUT2 daee=000c
[M8T] OUT2 deee=0027
[M8T] OUT2 e2ee=004d
[M8T] OUT2 e6ee=002b
[M8T] IN2 9aee=f000
[M8T] IN2 9aee=0000
[M8T] OUT2 a6e8=0006
[M8T] IN2 9aee=e000
[M8T] IN2 9aee=0000
[M8T] OUT2 86e8=000c
[M8T] OUT2 82e8=0027
[M8B] start cur=12,39 dyend=52 dpc=2211 dpitch=1024 doff=0 clip 12,39-77,43 compat=0
[M8B] end cur=12,52
[M8T] IN2 9aee=0000
[M8T] OUT2 a6e8=ffff
[M8T] IN2 9aee=f800
[M8T] IN2 9aee=0000
[M8T] OUT2 86e8=000f
[M8T] OUT2 82e8=0029
[M8B] start cur=15,41 dyend=50 dpc=3251 dpitch=1024 doff=0 clip 12,39-77,43 compat=0
[M8T] OUT2 e2e8=0783
[M8T] OUT2 e2e8=3a1e
[M8T] OUT2 e2e8=64b5
[M8T] OUT2 e2e8=82c9
[M8T] OUT2 86e8=0017
[M8T] OUT2 82e8=002c
[M8B] start cur=23,44 dyend=52 dpc=3251 dpitch=1024 doff=0 clip 12,39-77,43 compat=0
[M8T] OUT2 e2e8=524a
[M8T] OUT2 e2e8=1093
[M8T] IN2 9aee=0000
[M8T] OUT2 e2e8=0098
[M8T] OUT2 e2e8=0000
[M8T] OUT2 86e8=0020
[M8T] OUT2 82e8=0029
[M8B] start cur=32,41 dyend=50 dpc=3251 dpitch=1024 doff=0 clip 12,39-77,43 compat=0
[M8T] OUT2 e2e8=187a
[M8T] OUT2 e2e8=8220
[M8T] OUT2 e2e8=2108
[M8T] OUT2 e2e8=0078
[M8T] OUT2 86e8=0027
[M8T] OUT2 82e8=002c
[M8B] start cur=39,44 dyend=50 dpc=3251 dpitch=1024 doff=0 clip 12,39-77,43 compat=0
[M8T] IN2 9aee=0000
[M8T] OUT2 e2e8=6374
[M8T] OUT2 e2e8=b818
[M8T] OUT2 86e8=002d
[M8T] OUT2 82e8=002c
[M8B] start cur=45,44 dyend=50 dpc=3251 dpitch=1024 doff=0 clip 12,39-77,43 compat=0
[M8T] OUT2 e2e8=26ed
[M8T] OUT2 e2e8=994c
[M8T] OUT2 e2e8=4032
[M8T] OUT2 e2e8=0000
[M8T] OUT2 86e8=0035
[M8T] OUT2 82e8=002c
[M8B] start cur=53,44 dyend=52 dpc=3251 dpitch=1024 doff=0 clip 12,39-77,43 compat=0
[M8T] IN2 9aee=0000
[M8T] OUT2 e2e8=63f4
[M8T] OUT2 e2e8=fa18
[M8T] OUT2 e2e8=0010
[M8T] OUT2 e2e8=0000
[M8T] OUT2 86e8=003b
[M8T] OUT2 82e8=002c
[M8B] start cur=59,44 dyend=50 dpc=3251 dpitch=1024 doff=0 clip 12,39-77,43 compat=0
[M8T] OUT2 e2e8=638c
[M8T] OUT2 e2e8=b419
[M8T] OUT2 86e8=0041
[M8T] OUT2 82e8=002a
[M8B] start cur=65,42 dyend=50 dpc=3251 dpitch=1024 doff=0 clip 12,39-77,43 compat=0
[M8T] IN2 9aee=0000
[M8T] OUT2 e2e8=a9ae
[M8T] OUT2 e2e8=0000
[M8T] OUT2 86e8=0044
[M8T] OUT2 82e8=002c
[M8B] start cur=68,44 dyend=50 dpc=3251 dpitch=1024 doff=0 clip 12,39-77,43 compat=0
[M8T] OUT2 e2e8=7f74
[M8T] OUT2 e2e8=b808
[M8T] OUT2 86e8=004a
[M8T] OUT2 82e8=002c
[M8B] start cur=74,44 dyend=50 dpc=3251 dpitch=1024 doff=0 clip 12,39-77,43 compat=0
[M8T] OUT2 e2e8=a0ea
[M8T] OUT2 e2e8=0000
[M8T] IN2 9aee=8000
[M8T] IN2 9aee=0000
[M8T] OUT2 daee=0000
[M8T] OUT2 deee=0000
[M8T] OUT2 e2ee=05ff
[M8T] OUT2 e6ee=05ff
[M8T] IN2 9aee=f000
[M8T] IN2 9aee=0000
[M8T] OUT2 daee=000c
[M8T] OUT2 deee=002c
[M8T] OUT2 e2ee=002b
[M8T] OUT2 e6ee=0033
[M8T] IN2 9aee=f000
[M8T] IN2 9aee=0000
[M8T] OUT2 a6e8=0006
[M8T] IN2 9aee=e000
[M8T] IN2 9aee=0000
[M8T] OUT2 86e8=000c
[M8T] OUT2 82e8=0027
[M8B] start cur=12,39 dyend=52 dpc=2211 dpitch=1024 doff=0 clip 12,44-43,51 compat=0
[M8B] end cur=12,52
[M8T] IN2 9aee=0000
[M8T] OUT2 a6e8=ffff
[M8T] IN2 9aee=f800
[M8T] IN2 9aee=0000
[M8T] OUT2 86e8=000f
[M8T] OUT2 82e8=0029
[M8B] start cur=15,41 dyend=50 dpc=3251 dpitch=1024 doff=0 clip 12,44-43,51 compat=0
[M8T] OUT2 e2e8=0783
[M8T] OUT2 e2e8=3a1e
[M8T] OUT2 e2e8=64b5
[M8T] OUT2 e2e8=82c9
[M8T] OUT2 86e8=0017
[M8T] OUT2 82e8=002c
[M8B] start cur=23,44 dyend=52 dpc=3251 dpitch=1024 doff=0 clip 12,44-43,51 compat=0
[M8T] OUT2 e2e8=524a
[M8T] OUT2 e2e8=1093
[M8T] IN2 9aee=0000
[M8T] OUT2 e2e8=0098
[M8T] OUT2 e2e8=0000
[M8T] OUT2 86e8=0020
[M8T] OUT2 82e8=0029
[M8B] start cur=32,41 dyend=50 dpc=3251 dpitch=1024 doff=0 clip 12,44-43,51 compat=0
[M8T] OUT2 e2e8=187a
[M8T] OUT2 e2e8=8220
[M8T] OUT2 e2e8=2108
[M8T] OUT2 e2e8=0078
[M8T] OUT2 86e8=0027
[M8T] OUT2 82e8=002c
[M8B] start cur=39,44 dyend=50 dpc=3251 dpitch=1024 doff=0 clip 12,44-43,51 compat=0
[M8T] IN2 9aee=0000
[M8T] OUT2 e2e8=6374
[M8T] OUT2 e2e8=b818
[M8T] OUT2 86e8=002d
[M8T] OUT2 82e8=002c
[M8B] start cur=45,44 dyend=50 dpc=3251 dpitch=1024 doff=0 clip 12,44-43,51 compat=0
[M8T] OUT2 e2e8=26ed
[M8T] OUT2 e2e8=994c
[M8T] OUT2 e2e8=4032
[M8T] OUT2 e2e8=0000
[M8T] OUT2 86e8=0035
[M8T] OUT2 82e8=002c
[M8B] start cur=53,44 dyend=52 dpc=3251 dpitch=1024 doff=0 clip 12,44-43,51 compat=0
[M8T] IN2 9aee=0000
[M8T] OUT2 e2e8=63f4
[M8T] OUT2 e2e8=fa18
[M8T] OUT2 e2e8=0010
[M8T] OUT2 e2e8=0000
[M8T] OUT2 86e8=003b
[M8T] OUT2 82e8=002c
[M8B] start cur=59,44 dyend=50 dpc=3251 dpitch=1024 doff=0 clip 12,44-43,51 compat=0
[M8T] OUT2 e2e8=638c
[M8T] OUT2 e2e8=b419
[M8T] OUT2 86e8=0041
[M8T] OUT2 82e8=002a
[M8B] start cur=65,42 dyend=50 dpc=3251 dpitch=1024 doff=0 clip 12,44-43,51 compat=0
[M8T] IN2 9aee=0000
[M8T] OUT2 e2e8=a9ae
[M8T] OUT2 e2e8=0000
[M8T] OUT2 86e8=0044
[M8T] OUT2 82e8=002c
[M8B] start cur=68,44 dyend=50 dpc=3251 dpitch=1024 doff=0 clip 12,44-43,51 compat=0
[M8T] OUT2 e2e8=7f74
[M8T] OUT2 e2e8=b808
[M8T] OUT2 86e8=004a
[M8T] OUT2 82e8=002c
[M8B] start cur=74,44 dyend=50 dpc=3251 dpitch=1024 doff=0 clip 12,44-43,51 compat=0
[M8T] OUT2 e2e8=a0ea
[M8T] OUT2 e2e8=0000
[M8T] IN2 9aee=8000
[M8T] IN2 9aee=0000
[M8T] OUT2 daee=0000
[M8T] OUT2 deee=0000
[M8T] OUT2 e2ee=05ff
[M8T] OUT2 e6ee=05ff
[M8T] IN2 9aee=f000
[M8T] IN2 9aee=0000
[M8T] OUT2 a6e8=ffff
[M8T] OUT2 86e8=000c
[M8T] OUT2 82e8=0027
[M8T] IN2 9aee=ffe0
[M8T] IN2 9aee=0000
[M8B] start cur=12,39 dyend=40 dpc=2231 dpitch=1024 doff=0 clip 0,0-1535,1535 compat=0
[M8B] end cur=12,40
[M8T] IN2 9aee=0000
[M8T] OUT2 a6e8=ffff
[M8T] OUT2 86e8=000c
[M8T] OUT2 82e8=0033
[M8T] IN2 9aee=ffe0
[M8T] IN2 9aee=0000
[M8B] start cur=12,51 dyend=52 dpc=2231 dpitch=1024 doff=0 clip 0,0-1535,1535 compat=0
[M8B] end cur=12,52
[M8T] IN2 9aee=0000
[M8T] OUT2 a6e8=ffff
[M8T] OUT2 86e8=000c
[M8T] OUT2 82e8=0028
[M8T] IN2 9aee=ffe0
[M8T] IN2 9aee=0000
[M8B] start cur=12,40 dyend=41 dpc=2231 dpitch=1024 doff=0 clip 0,0-1535,1535 compat=0
[M8B] end cur=12,41
[M8B] start cur=12,41 dyend=42 dpc=2231 dpitch=1024 doff=0 clip 0,0-1535,1535 compat=0
[M8B] end cur=12,42
[M8B] start cur=12,42 dyend=43 dpc=2231 dpitch=1024 doff=0 clip 0,0-1535,1535 compat=0
[M8B] end cur=12,43
[M8B] start cur=12,43 dyend=44 dpc=2231 dpitch=1024 doff=0 clip 0,0-1535,1535 compat=0
[M8B] end cur=12,44
[M8T] IN2 9aee=0000
[M8T] OUT2 a6e8=ffff
[M8T] OUT2 86e8=000c
[M8T] OUT2 82e8=002c
[M8T] IN2 9aee=ffe0
[M8T] IN2 9aee=0000
[M8B] start cur=12,44 dyend=45 dpc=2231 dpitch=1024 doff=0 clip 0,0-1535,1535 compat=0
[M8B] end cur=12,45
[M8B] start cur=12,45 dyend=46 dpc=2231 dpitch=1024 doff=0 clip 0,0-1535,1535 compat=0
[M8B] end cur=12,46
[M8B] start cur=12,46 dyend=47 dpc=2231 dpitch=1024 doff=0 clip 0,0-1535,1535 compat=0
[M8B] end cur=12,47
[M8B] start cur=12,47 dyend=48 dpc=2231 dpitch=1024 doff=0 clip 0,0-1535,1535 compat=0
[M8B] end cur=12,48
[M8T] IN2 9aee=0000
[M8B] start cur=12,48 dyend=49 dpc=2231 dpitch=1024 doff=0 clip 0,0-1535,1535 compat=0
[M8B] end cur=12,49
[M8B] start cur=12,49 dyend=50 dpc=2231 dpitch=1024 doff=0 clip 0,0-1535,1535 compat=0
[M8B] end cur=12,50
[M8B] start cur=12,50 dyend=51 dpc=2231 dpitch=1024 doff=0 clip 0,0-1535,1535 compat=0
[M8B] end cur=12,51
[M8T] IN2 9aee=0000
[M8T] OUT2 a6e8=ffff
[M8T] OUT2 86e8=004d
[M8T] OUT2 82e8=0028
[M8T] IN2 9aee=ffe0
[M8T] IN2 9aee=0000
[M8B] start cur=77,40 dyend=41 dpc=2231 dpitch=1024 doff=0 clip 0,0-1535,1535 compat=0
[M8B] end cur=77,41
[M8B] start cur=77,41 dyend=42 dpc=2231 dpitch=1024 doff=0 clip 0,0-1535,1535 compat=0
[M8B] end cur=77,42
[M8B] start cur=77,42 dyend=43 dpc=2231 dpitch=1024 doff=0 clip 0,0-1535,1535 compat=0
[M8B] end cur=77,43
[M8B] start cur=77,43 dyend=44 dpc=2231 dpitch=1024 doff=0 clip 0,0-1535,1535 compat=0
[M8B] end cur=77,44
[M8T] IN2 9aee=0000
[M8T] OUT2 a6e8=ffff
[M8T] OUT2 86e8=0032
[M8T] OUT2 82e8=006b
[M8B] start cur=50,107 dyend=109 dpc=2211 dpitch=1024 doff=0 clip 0,0-1535,1535 compat=0
[M8B] end cur=50,109
[M8T] IN2 9aee=0000
[M8T] OUT2 8ee8=03d4
[M8T] OUT2 86e8=03c3
[M8T] OUT2 8ae8=02ea
[M8T] OUT2 82e8=02ea
[M8B] start cur=963,746 dyend=765 dpc=6211 dpitch=1024 doff=0 clip 0,0-1535,1535 compat=0
[M8B] end cur=963,765
[M8T] IN2 9aee=0000
[M8T] OUT2 a6e8=0707
[M8T] OUT2 86e8=03ed
[M8T] OUT2 82e8=02ea
[M8B] start cur=1005,746 dyend=747 dpc=2211 dpitch=1024 doff=0 clip 0,0-1535,1535 compat=0
[M8B] end cur=1005,747
[M8T] IN2 9aee=0000
[M8T] OUT2 a6e8=0707
[M8T] OUT2 86e8=03b2
[M8T] OUT2 82e8=02eb
[M8B] start cur=946,747 dyend=764 dpc=2211 dpitch=1024 doff=0 clip 0,0-1535,1535 compat=0
[M8B] end cur=946,764
[M8T] IN2 9aee=0000
[M8T] OUT2 a6e8=0707
[M8T] OUT2 86e8=03ed
[M8T] OUT2 82e8=02eb
[M8B] start cur=1005,747 dyend=764 dpc=2211 dpitch=1024 doff=0 clip 0,0-1535,1535 compat=0
[M8B] end cur=1005,764
[M8T] IN2 9aee=0000
[M8T] OUT2 a6e8=0707
[M8T] OUT2 86e8=03ed
[M8T] OUT2 82e8=02fc
[M8B] start cur=1005,764 dyend=765 dpc=2211 dpitch=1024 doff=0 clip 0,0-1535,1535 compat=0
[M8B] end cur=1005,765
[M8T] IN2 9aee=0000
[M8T] OUT2 a6e8=0707
[M8T] OUT2 86e8=03ec
[M8T] OUT2 82e8=02ea
[M8B] start cur=1004,746 dyend=765 dpc=2211 dpitch=1024 doff=0 clip 0,0-1535,1535 compat=0
[M8B] end cur=1004,765
[M8T] IN2 9aee=0000
[M8T] OUT2 a6e8=ffff
[M8T] OUT2 86e8=03af
[M8T] OUT2 82e8=02fd
[M8B] start cur=943,765 dyend=766 dpc=2211 dpitch=1024 doff=0 clip 0,0-1535,1535 compat=0
[M8B] end cur=943,766
[M8T] IN2 9aee=0000
[M8T] OUT2 a6e8=f8f8
[M8T] OUT2 86e8=03af
[M8T] OUT2 82e8=02e8
[M8B] start cur=943,744 dyend=746 dpc=2211 dpitch=1024 doff=0 clip 0,0-1535,1535 compat=0
[M8B] end cur=943,746
[M8T] IN2 9aee=0000
[M8T] OUT2 a6e8=f8f8
[M8T] OUT2 86e8=03af
[M8T] OUT2 82e8=02ea
[M8B] start cur=943,746 dyend=747 dpc=2211 dpitch=1024 doff=0 clip 0,0-1535,1535 compat=0
[M8B] end cur=943,747
[M8T] IN2 9aee=0000
[M8T] OUT2 a6e8=f8f8
[M8T] OUT2 86e8=03af
[M8T] OUT2 82e8=02eb
[M8B] start cur=943,747 dyend=764 dpc=2211 dpitch=1024 doff=0 clip 0,0-1535,1535 compat=0
[M8B] end cur=943,764
[M8T] IN2 9aee=0000
[M8T] OUT2 a6e8=f8f8
[M8T] OUT2 86e8=03af
[M8T] OUT2 82e8=02fc
[M8B] start cur=943,764 dyend=765 dpc=2211 dpitch=1024 doff=0 clip 0,0-1535,1535 compat=0
[M8B] end cur=943,765
[M8T] IN2 9aee=0000
[M8T] OUT2 a6e8=f8f8
[M8T] OUT2 86e8=03b0
[M8T] OUT2 82e8=02e8
[M8B] start cur=944,744 dyend=745 dpc=2211 dpitch=1024 doff=0 clip 0,0-1535,1535 compat=0
[M8B] end cur=944,745
[M8T] IN2 9aee=0000
[M8T] OUT2 a6e8=0707
[M8T] OUT2 86e8=03b0
[M8T] OUT2 82e8=02e9
[M8B] start cur=944,745 dyend=746 dpc=2211 dpitch=1024 doff=0 clip 0,0-1535,1535 compat=0
[M8B] end cur=944,746
[M8T] IN2 9aee=0000
[M8T] OUT2 a6e8=0707
[M8T] OUT2 86e8=03b0
[M8T] OUT2 82e8=02ea
[M8B] start cur=944,746 dyend=747 dpc=2211 dpitch=1024 doff=0 clip 0,0-1535,1535 compat=0
[M8B] end cur=944,747
[M8T] IN2 9aee=0000
[M8T] OUT2 a6e8=0707
[M8T] OUT2 86e8=03ed
[M8T] OUT2 82e8=02ea
[M8B] start cur=1005,746 dyend=747 dpc=2211 dpitch=1024 doff=0 clip 0,0-1535,1535 compat=0
[M8B] end cur=1005,747
[M8T] IN2 9aee=0000
[M8T] OUT2 a6e8=0707
[M8T] OUT2 86e8=03b0
[M8T] OUT2 82e8=02eb
[M8B] start cur=944,747 dyend=764 dpc=2211 dpitch=1024 doff=0 clip 0,0-1535,1535 compat=0
[M8B] end cur=944,764
[M8T] IN2 9aee=0000
[M8T] OUT2 a6e8=0707
[M8T] OUT2 86e8=03ed
[M8T] OUT2 82e8=02eb
[M8B] start cur=1005,747 dyend=764 dpc=2211 dpitch=1024 doff=0 clip 0,0-1535,1535 compat=0
[M8B] end cur=1005,764
[M8T] IN2 9aee=0000
[M8T] OUT2 a6e8=0707
[M8T] OUT2 86e8=03b0
[M8T] OUT2 82e8=02fc
[M8B] start cur=944,764 dyend=765 dpc=2211 dpitch=1024 doff=0 clip 0,0-1535,1535 compat=0
[M8B] end cur=944,765
[M8T] IN2 9aee=0000
[M8T] OUT2 a6e8=0707
[M8T] OUT2 86e8=03ed
[M8T] OUT2 82e8=02fc
[M8B] start cur=1005,764 dyend=765 dpc=2211 dpitch=1024 doff=0 clip 0,0-1535,1535 compat=0
[M8B] end cur=1005,765
[M8T] IN2 9aee=0000
[M8T] OUT2 a6e8=0707
[M8T] OUT2 86e8=03ab
[M8T] OUT2 82e8=02e8
[M8B] start cur=939,744 dyend=766 dpc=2211 dpitch=1024 doff=0 clip 0,0-1535,1535 compat=0
[M8B] end cur=939,766
[M8T] IN2 9aee=0000
[M8T] OUT2 a6e8=0707
[M8T] OUT2 86e8=003c
[M8T] OUT2 82e8=02e8
[M8B] start cur=60,744 dyend=766 dpc=2211 dpitch=1024 doff=0 clip 0,0-1535,1535 compat=0
[M8B] end cur=60,766
[M8T] IN2 9aee=0000
[M8T] OUT2 8ee8=03ec
[M8T] OUT2 86e8=03fd
[M8T] OUT2 8ae8=02e9
[M8T] OUT2 82e8=02e9
[M8B] start cur=1021,745 dyend=747 dpc=6211 dpitch=1024 doff=0 clip 0,0-1535,1535 compat=0
[M8B] end cur=1020,747
[M8T] IN2 9aee=0000
[M8T] OUT2 8ee8=03ec
[M8T] OUT2 86e8=03fd
[M8T] OUT2 8ae8=02eb
[M8T] OUT2 82e8=02eb
[M8B] start cur=1021,747 dyend=764 dpc=6211 dpitch=1024 doff=0 clip 0,0-1535,1535 compat=0
[M8B] end cur=1020,764
[M8T] IN2 9aee=0000
[M8T] OUT2 8ee8=03ec
[M8T] OUT2 86e8=03fd
[M8T] OUT2 8ae8=02fc
[M8T] OUT2 82e8=02fc
[M8B] start cur=1021,764 dyend=765 dpc=6211 dpitch=1024 doff=0 clip 0,0-1535,1535 compat=0
[M8B] end cur=1020,765
[M8T] IN2 9aee=0000
[M8T] OUT2 a6e8=0707
[M8T] OUT2 86e8=03bc
[M8T] OUT2 82e8=02e8
[M8B] start cur=956,744 dyend=766 dpc=2211 dpitch=1024 doff=0 clip 0,0-1535,1535 compat=0
[M8B] end cur=956,766
[M8T] IN2 9aee=0000
[M8T] OUT2 a6e8=ffff
[M8T] OUT2 86e8=03fd
[M8T] OUT2 82e8=02e8
[M8B] start cur=1021,744 dyend=745 dpc=2211 dpitch=1024 doff=0 clip 0,0-1535,1535 compat=0
[M8B] end cur=1021,745
[M8T] IN2 9aee=0000
[M8T] OUT2 a6e8=ffff
[M8T] OUT2 86e8=03fd
[M8T] OUT2 82e8=02e9
[M8B] start cur=1021,745 dyend=747 dpc=2211 dpitch=1024 doff=0 clip 0,0-1535,1535 compat=0
[M8B] end cur=1021,747
[M8T] IN2 9aee=0000
[M8T] OUT2 a6e8=ffff
[M8T] OUT2 86e8=03fd
[M8T] OUT2 82e8=02eb
[M8B] start cur=1021,747 dyend=764 dpc=2211 dpitch=1024 doff=0 clip 0,0-1535,1535 compat=0
[M8B] end cur=1021,764
[M8T] IN2 9aee=0000
[M8T] OUT2 a6e8=ffff
[M8T] OUT2 86e8=03fd
[M8T] OUT2 82e8=02fc
[M8B] start cur=1021,764 dyend=765 dpc=2211 dpitch=1024 doff=0 clip 0,0-1535,1535 compat=0
[M8B] end cur=1021,765
[M8T] IN2 9aee=0000
[M8T] OUT2 a6e8=ffff
[M8T] OUT2 86e8=03fd
[M8T] OUT2 82e8=02fd
[M8B] start cur=1021,765 dyend=766 dpc=2211 dpitch=1024 doff=0 clip 0,0-1535,1535 compat=0
[M8B] end cur=1021,766
[M8T] IN2 9aee=0000
[M8T] OUT2 a6e8=ffff
[M8T] OUT2 86e8=03c0
[M8T] OUT2 82e8=02fd
[M8B] start cur=960,765 dyend=766 dpc=2211 dpitch=1024 doff=0 clip 0,0-1535,1535 compat=0
[M8B] end cur=960,766
[M8T] IN2 9aee=0000
[M8T] OUT2 a6e8=f8f8
[M8T] OUT2 86e8=03c0
[M8T] OUT2 82e8=02e8
[M8B] start cur=960,744 dyend=745 dpc=2211 dpitch=1024 doff=0 clip 0,0-1535,1535 compat=0
[M8B] end cur=960,745
[M8T] IN2 9aee=0000
[M8T] OUT2 a6e8=f8f8
[M8T] OUT2 86e8=03c0
[M8T] OUT2 82e8=02e9
[M8B] start cur=960,745 dyend=747 dpc=2211 dpitch=1024 doff=0 clip 0,0-1535,1535 compat=0
[M8B] end cur=960,747
[M8T] IN2 9aee=0000
[M8T] OUT2 a6e8=f8f8
[M8T] OUT2 86e8=03c0
[M8T] OUT2 82e8=02eb
[M8B] start cur=960,747 dyend=764 dpc=2211 dpitch=1024 doff=0 clip 0,0-1535,1535 compat=0
[M8B] end cur=960,764
[M8T] IN2 9aee=0000
[M8T] OUT2 a6e8=f8f8
[M8T] OUT2 86e8=03c0
[M8T] OUT2 82e8=02fc
[M8B] start cur=960,764 dyend=765 dpc=2211 dpitch=1024 doff=0 clip 0,0-1535,1535 compat=0
[M8B] end cur=960,765
[M8T] IN2 9aee=0000
[M8T] OUT2 a6e8=f8f8
[M8T] OUT2 86e8=03c1
[M8T] OUT2 82e8=02e8
[M8B] start cur=961,744 dyend=745 dpc=2211 dpitch=1024 doff=0 clip 0,0-1535,1535 compat=0
[M8B] end cur=961,745
[M8T] IN2 9aee=0000
[M8T] OUT2 a6e8=0707
[M8T] OUT2 86e8=03c1
[M8T] OUT2 82e8=02e9
[M8B] start cur=961,745 dyend=747 dpc=2211 dpitch=1024 doff=0 clip 0,0-1535,1535 compat=0
[M8B] end cur=961,747
[M8T] IN2 9aee=0000
[M8T] OUT2 a6e8=0707
[M8T] OUT2 86e8=03c1
[M8T] OUT2 82e8=02eb
[M8B] start cur=961,747 dyend=764 dpc=2211 dpitch=1024 doff=0 clip 0,0-1535,1535 compat=0
[M8B] end cur=961,764
[M8T] IN2 9aee=0000
[M8T] OUT2 a6e8=0707
[M8T] OUT2 86e8=03c1
[M8T] OUT2 82e8=02fc
[M8B] start cur=961,764 dyend=765 dpc=2211 dpitch=1024 doff=0 clip 0,0-1535,1535 compat=0
[M8B] end cur=961,765
[M8T] IN2 9aee=0000
[M8T] OUT2 a6e8=0707
[M8T] OUT2 86e8=03d4
[M8T] OUT2 82e8=02eb
[M8B] start cur=980,747 dyend=764 dpc=2211 dpitch=1024 doff=0 clip 0,0-1535,1535 compat=0
[M8B] end cur=980,764
[M8T] IN2 9aee=0000
[M8T] OUT2 a6e8=0707
[M8T] OUT2 86e8=003c
[M8T] OUT2 82e8=02e8
[M8B] start cur=60,744 dyend=766 dpc=2211 dpitch=1024 doff=0 clip 0,0-1535,1535 compat=0
[M8B] end cur=60,766
[M8T] IN2 9aee=0000
[M8T] OUT2 daee=03d4
[M8T] OUT2 deee=02ea
[M8T] OUT2 e2ee=03fc
[M8T] OUT2 e6ee=02fc
[M8T] IN2 9aee=f000
[M8T] IN2 9aee=0000
[M8T] OUT2 a6e8=0007
[M8T] IN2 9aee=e000
[M8T] IN2 9aee=0000
[M8T] OUT2 86e8=03d4
[M8T] OUT2 82e8=02ea
[M8B] start cur=980,746 dyend=766 dpc=2211 dpitch=1024 doff=0 clip 980,746-1020,764 compat=0
[M8B] end cur=980,766
[M8T] IN2 9aee=0000
[M8T] OUT2 a6e8=0000
[M8T] IN2 9aee=f800
[M8T] IN2 9aee=0000
[M8T] OUT2 86e8=03dc
[M8T] OUT2 82e8=02ef
[M8B] start cur=988,751 dyend=760 dpc=3251 dpitch=1024 doff=0 clip 980,746-1020,764 compat=0
[M8T] OUT2 e2e8=6374
[M8T] OUT2 e2e8=c618
[M8T] OUT2 e2e8=7031
[M8T] OUT2 e2e8=0000
[M8T] OUT2 86e8=03e2
[M8T] OUT2 82e8=02ef
[M8B] start cur=994,751 dyend=760 dpc=3251 dpitch=1024 doff=0 clip 980,746-1020,764 compat=0
[M8T] OUT2 e2e8=6374
[M8T] OUT2 e2e8=c618
[M8T] IN2 9aee=0000
[M8T] OUT2 e2e8=7031
[M8T] OUT2 e2e8=0000
[M8T] OUT2 86e8=03e8
[M8T] OUT2 82e8=02f2
[M8B] start cur=1000,754 dyend=760 dpc=3251 dpitch=1024 doff=0 clip 980,746-1020,764 compat=0
[M8T] OUT2 e2e8=0084
[M8T] OUT2 e2e8=0000
[M8T] OUT2 86e8=03eb
[M8T] OUT2 82e8=02ef
[M8B] start cur=1003,751 dyend=760 dpc=3251 dpitch=1024 doff=0 clip 980,746-1020,764 compat=0
[M8T] OUT2 e2e8=6374
[M8T] OUT2 e2e8=c618
[M8T] IN2 9aee=0000
[M8T] OUT2 e2e8=7031
[M8T] OUT2 e2e8=0000
[M8T] OUT2 86e8=03f1
[M8T] OUT2 82e8=02ef
[M8B] start cur=1009,751 dyend=760 dpc=3251 dpitch=1024 doff=0 clip 980,746-1020,764 compat=0
[M8T] OUT2 e2e8=923c
[M8T] OUT2 e2e8=2049
[M8T] IN2 9aee=0000
[M8T] OUT2 daee=0000
[M8T] OUT2 deee=0000
[M8T] OUT2 e2ee=05ff
[M8T] OUT2 e6ee=05ff
[M8T] IN2 9aee=f000
[M8T] IN2 9aee=0000
[M8T] OUT2 a6e8=0707
[M8T] OUT2 86e8=0030
[M8T] OUT2 82e8=0042
[M8B] start cur=48,66 dyend=67 dpc=2211 dpitch=1024 doff=0 clip 0,0-1535,1535 compat=0
[M8B] end cur=48,67
[M8T] IN2 9aee=0000
[M8T] IN2 9ae8=0000
[M8T] OUT2 daee=027e
[M8T] OUT2 e2ee=02b3
[M8T] OUT2 86e8=027e
[M8T] OUT2 82e8=0030
[M8B] start cur=638,48 dyend=66 dpc=5211 dpitch=1024 doff=0 clip 638,0-691,1535 compat=0
[M8T] OUT2 e2e8=0404
*** 54 repeats ***
[M8T] OUT2 e2e8=ffff
*** 6 repeats ***
[M8T] OUT2 e2e8=00ff
[M8T] OUT2 e2e8=ffff
*** 6 repeats ***
[M8T] OUT2 e2e8=00ff
[M8T] OUT2 e2e8=0404
[M8T] OUT2 e2e8=ffff
*** 6 repeats ***
[M8T] OUT2 e2e8=00ff
[M8T] OUT2 e2e8=0404
*** 1 repeats ***
[M8T] OUT2 e2e8=07ff
[M8T] OUT2 e2e8=0707
*** 5 repeats ***
[M8T] OUT2 e2e8=00f8
[M8T] OUT2 e2e8=07ff
[M8T] OUT2 e2e8=0707
*** 5 repeats ***
[M8T] OUT2 e2e8=00f8
[M8T] OUT2 e2e8=0404
[M8T] OUT2 e2e8=07ff
[M8T] OUT2 e2e8=0707
*** 5 repeats ***
[M8T] OUT2 e2e8=00f8
[M8T] OUT2 e2e8=0404
*** 1 repeats ***
[M8T] OUT2 e2e8=07ff
[M8T] OUT2 e2e8=0707
*** 5 repeats ***
[M8T] OUT2 e2e8=00f8
[M8T] OUT2 e2e8=07ff
[M8T] OUT2 e2e8=0007
[M8T] OUT2 e2e8=0000
*** 3 repeats ***
[M8T] OUT2 e2e8=0707
[M8T] OUT2 e2e8=00f8
[M8T] OUT2 e2e8=0404
[M8T] OUT2 e2e8=07ff
[M8T] OUT2 e2e8=0707
*** 5 repeats ***
[M8T] OUT2 e2e8=00f8
[M8T] OUT2 e2e8=0404
*** 1 repeats ***
[M8T] OUT2 e2e8=07ff
[M8T] OUT2 e2e8=0707
*** 5 repeats ***
[M8T] OUT2 e2e8=00f8
[M8T] OUT2 e2e8=07ff
[M8T] OUT2 e2e8=0007
[M8T] OUT2 e2e8=0000
*** 3 repeats ***
[M8T] OUT2 e2e8=0707
[M8T] OUT2 e2e8=00f8
[M8T] OUT2 e2e8=0404
[M8T] OUT2 e2e8=07ff
[M8T] OUT2 e2e8=0707
[M8T] OUT2 e2e8=0000
[M8T] OUT2 e2e8=0707
*** 1 repeats ***
[M8T] OUT2 e2e8=0000
[M8T] OUT2 e2e8=0707
[M8T] OUT2 e2e8=00f8
[M8T] OUT2 e2e8=0404
*** 1 repeats ***
[M8T] OUT2 e2e8=07ff
[M8T] OUT2 e2e8=0707
*** 5 repeats ***
[M8T] OUT2 e2e8=00f8
[M8T] OUT2 e2e8=07ff
[M8T] OUT2 e2e8=0007
[M8T] OUT2 e2e8=0707
*** 2 repeats ***
[M8T] OUT2 e2e8=0007
[M8T] OUT2 e2e8=0707
[M8T] OUT2 e2e8=00f8
[M8T] OUT2 e2e8=0404
[M8T] OUT2 e2e8=07ff
[M8T] OUT2 e2e8=0707
[M8T] OUT2 e2e8=0007
[M8T] OUT2 e2e8=0700
[M8T] OUT2 e2e8=0007
[M8T] OUT2 e2e8=0700
[M8T] OUT2 e2e8=0707
[M8T] OUT2 e2e8=00f8
[M8T] OUT2 e2e8=0404
*** 1 repeats ***
[M8T] OUT2 e2e8=07ff
[M8T] OUT2 e2e8=0707
*** 5 repeats ***
[M8T] OUT2 e2e8=00f8
[M8T] OUT2 e2e8=07ff
[M8T] OUT2 e2e8=0007
[M8T] OUT2 e2e8=0707
*** 2 repeats ***
[M8T] OUT2 e2e8=0007
[M8T] OUT2 e2e8=0707
[M8T] OUT2 e2e8=00f8
[M8T] OUT2 e2e8=0404
[M8T] OUT2 e2e8=07ff
[M8T] OUT2 e2e8=0707
*** 1 repeats ***
[M8T] OUT2 e2e8=0000
*** 1 repeats ***
[M8T] OUT2 e2e8=0707
*** 1 repeats ***
[M8T] OUT2 e2e8=00f8
[M8T] OUT2 e2e8=0404
*** 1 repeats ***
[M8T] OUT2 e2e8=07ff
[M8T] OUT2 e2e8=0707
*** 5 repeats ***
[M8T] OUT2 e2e8=00f8
[M8T] OUT2 e2e8=07ff
[M8T] OUT2 e2e8=0007
[M8T] OUT2 e2e8=0707
*** 2 repeats ***
[M8T] OUT2 e2e8=0007
[M8T] OUT2 e2e8=0707
[M8T] OUT2 e2e8=00f8
[M8T] OUT2 e2e8=0404
[M8T] OUT2 e2e8=07ff
[M8T] OUT2 e2e8=0707
*** 1 repeats ***
[M8T] OUT2 e2e8=0007
[M8T] OUT2 e2e8=0700
[M8T] OUT2 e2e8=0707
*** 1 repeats ***
[M8T] OUT2 e2e8=00f8
[M8T] OUT2 e2e8=0404
*** 1 repeats ***
[M8T] OUT2 e2e8=07ff
[M8T] OUT2 e2e8=0707
*** 5 repeats ***
[M8T] OUT2 e2e8=00f8
[M8T] OUT2 e2e8=07ff
[M8T] OUT2 e2e8=0007
[M8T] OUT2 e2e8=0707
*** 2 repeats ***
[M8T] OUT2 e2e8=0007
[M8T] OUT2 e2e8=0707
[M8T] OUT2 e2e8=00f8
[M8T] OUT2 e2e8=0404
[M8T] OUT2 e2e8=07ff
[M8T] OUT2 e2e8=0707
*** 1 repeats ***
[M8T] OUT2 e2e8=0000
*** 1 repeats ***
[M8T] OUT2 e2e8=0707
*** 1 repeats ***
[M8T] OUT2 e2e8=00f8
[M8T] OUT2 e2e8=0404
*** 1 repeats ***
[M8T] OUT2 e2e8=07ff
[M8T] OUT2 e2e8=0707
*** 5 repeats ***
[M8T] OUT2 e2e8=00f8
[M8T] OUT2 e2e8=07ff
[M8T] OUT2 e2e8=0007
[M8T] OUT2 e2e8=0707
*** 2 repeats ***
[M8T] OUT2 e2e8=0007
[M8T] OUT2 e2e8=0707
[M8T] OUT2 e2e8=00f8
[M8T] OUT2 e2e8=0404
[M8T] OUT2 e2e8=07ff
[M8T] OUT2 e2e8=0707
[M8T] OUT2 e2e8=0007
[M8T] OUT2 e2e8=0700
[M8T] OUT2 e2e8=0007
[M8T] OUT2 e2e8=0700
[M8T] OUT2 e2e8=0707
[M8T] OUT2 e2e8=00f8
[M8T] OUT2 e2e8=0404
*** 1 repeats ***
[M8T] OUT2 e2e8=07ff
[M8T] OUT2 e2e8=0707
[M8T] OUT2 e2e8=0000
*** 2 repeats ***
[M8T] OUT2 e2e8=0707
*** 1 repeats ***
[M8T] OUT2 e2e8=00f8
[M8T] OUT2 e2e8=07ff
[M8T] OUT2 e2e8=0007
[M8T] OUT2 e2e8=0707
*** 2 repeats ***
[M8T] OUT2 e2e8=0007
[M8T] OUT2 e2e8=0707
[M8T] OUT2 e2e8=00f8
[M8T] OUT2 e2e8=0404
[M8T] OUT2 e2e8=07ff
[M8T] OUT2 e2e8=0707
[M8T] OUT2 e2e8=0000
[M8T] OUT2 e2e8=0707
*** 1 repeats ***
[M8T] OUT2 e2e8=0000
[M8T] OUT2 e2e8=0707
[M8T] OUT2 e2e8=00f8
[M8T] OUT2 e2e8=0404
*** 1 repeats ***
[M8T] OUT2 e2e8=07ff
[M8T] OUT2 e2e8=0707
[M8T] OUT2 e2e8=0000
*** 2 repeats ***
[M8T] OUT2 e2e8=0707
*** 1 repeats ***
[M8T] OUT2 e2e8=00f8
[M8T] OUT2 e2e8=07ff
[M8T] OUT2 e2e8=0007
[M8T] OUT2 e2e8=0000
*** 3 repeats ***
[M8T] OUT2 e2e8=0707
[M8T] OUT2 e2e8=00f8
[M8T] OUT2 e2e8=0404
[M8T] OUT2 e2e8=07ff
[M8T] OUT2 e2e8=0707
*** 5 repeats ***
[M8T] OUT2 e2e8=00f8
[M8T] OUT2 e2e8=0404
*** 1 repeats ***
[M8T] OUT2 e2e8=07ff
[M8T] OUT2 e2e8=0707
*** 5 repeats ***
[M8T] OUT2 e2e8=00f8
[M8T] OUT2 e2e8=07ff
[M8T] OUT2 e2e8=0707
*** 5 repeats ***
[M8T] OUT2 e2e8=00f8
[M8T] OUT2 e2e8=0404
[M8T] OUT2 e2e8=07ff
[M8T] OUT2 e2e8=0707
*** 5 repeats ***
[M8T] OUT2 e2e8=00f8
[M8T] OUT2 e2e8=0404
*** 1 repeats ***
[M8T] OUT2 e2e8=f8ff
[M8T] OUT2 e2e8=f8f8
*** 5 repeats ***
[M8T] OUT2 e2e8=00f8
[M8T] OUT2 e2e8=f8ff
[M8T] OUT2 e2e8=f8f8
*** 5 repeats ***
[M8T] OUT2 e2e8=00f8
[M8T] OUT2 e2e8=0404
[M8T] OUT2 e2e8=f8ff
[M8T] OUT2 e2e8=f8f8
*** 5 repeats ***
[M8T] OUT2 e2e8=00f8
[M8T] OUT2 e2e8=0404
*** 1 repeats ***
[M8T] OUT2 e2e8=0000
*** 15 repeats ***
[M8T] OUT2 e2e8=0404
[M8T] OUT2 e2e8=0000
*** 7 repeats ***
[M8T] OUT2 e2e8=0404
*** 54 repeats ***
[M8B] end cur=638,66
[M8T] IN2 9aee=0000
[M8T] OUT2 daee=0000
[M8T] OUT2 e2ee=05ff
[M8T] IN2 9aee=c000
[M8T] IN2 9aee=0000
[M8T] IN2 9ae8=0000
[M8T] OUT2 daee=0030
[M8T] OUT2 e2ee=0041
[M8T] OUT2 86e8=0030
[M8T] OUT2 82e8=0030
[M8B] start cur=48,48 dyend=66 dpc=5211 dpitch=1024 doff=0 clip 48,0-65,1535 compat=0
[M8T] OUT2 e2e8=0404
*** 9 repeats ***
[M8T] OUT2 e2e8=0004
[M8T] OUT2 e2e8=0000
[M8T] OUT2 e2e8=0404
[M8T] OUT2 e2e8=0000
*** 3 repeats ***
[M8T] OUT2 e2e8=0404
*** 1 repeats ***
[M8T] OUT2 e2e8=0004
[M8T] OUT2 e2e8=00f7
[M8T] OUT2 e2e8=0004
[M8T] OUT2 e2e8=f7f8
[M8T] OUT2 e2e8=0000
[M8T] OUT2 e2e8=00f8
[M8T] OUT2 e2e8=f700
[M8T] OUT2 e2e8=0400
[M8T] OUT2 e2e8=0404
[M8T] OUT2 e2e8=0004
[M8T] OUT2 e2e8=f8f8
[M8T] OUT2 e2e8=0000
[M8T] OUT2 e2e8=f7f7
[M8T] OUT2 e2e8=0000
*** 2 repeats ***
[M8T] OUT2 e2e8=0400
[M8T] OUT2 e2e8=0404
[M8T] OUT2 e2e8=0004
[M8T] OUT2 e2e8=f800
*** 1 repeats ***
[M8T] OUT2 e2e8=f700
[M8T] OUT2 e2e8=0000
*** 1 repeats ***
[M8T] OUT2 e2e8=00f8
[M8T] OUT2 e2e8=0404
*** 1 repeats ***
[M8T] OUT2 e2e8=0004
[M8T] OUT2 e2e8=0000
[M8T] OUT2 e2e8=f8f8
[M8T] OUT2 e2e8=f700
[M8T] OUT2 e2e8=0000
[M8T] OUT2 e2e8=0400
[M8T] OUT2 e2e8=f700
[M8T] OUT2 e2e8=0400
[M8T] OUT2 e2e8=0404
[M8T] OUT2 e2e8=0004
[M8T] OUT2 e2e8=0000
[M8T] OUT2 e2e8=00f8
[M8T] OUT2 e2e8=f700
[M8T] OUT2 e2e8=0000
[M8T] OUT2 e2e8=00f8
[M8T] OUT2 e2e8=f8f8
[M8T] OUT2 e2e8=0400
[M8T] OUT2 e2e8=0404
[M8T] OUT2 e2e8=0100
[M8T] OUT2 e2e8=0101
[M8T] OUT2 e2e8=0001
[M8T] OUT2 e2e8=0404
[M8T] OUT2 e2e8=0004
[M8T] OUT2 e2e8=0303
[M8T] OUT2 e2e8=0003
[M8T] OUT2 e2e8=0400
[M8T] OUT2 e2e8=0404
[M8T] OUT2 e2e8=f900
[M8T] OUT2 e2e8=f9f9
[M8T] OUT2 e2e8=0401
[M8T] OUT2 e2e8=fcfc
[M8T] OUT2 e2e8=0304
[M8T] OUT2 e2e8=fbfb
*** 1 repeats ***
[M8T] OUT2 e2e8=0003
[M8T] OUT2 e2e8=0404
[M8T] OUT2 e2e8=f900
[M8T] OUT2 e2e8=0101
[M8T] OUT2 e2e8=fc00
[M8T] OUT2 e2e8=0000
[M8T] OUT2 e2e8=fb00
[M8T] OUT2 e2e8=0400
[M8T] OUT2 e2e8=0300
[M8T] OUT2 e2e8=0003
[M8T] OUT2 e2e8=0404
[M8T] OUT2 e2e8=f900
[M8T] OUT2 e2e8=0001
[M8T] OUT2 e2e8=0404
[M8T] OUT2 e2e8=0101
[M8T] OUT2 e2e8=fb00
[M8T] OUT2 e2e8=fc00
[M8T] OUT2 e2e8=0000
[M8T] OUT2 e2e8=0400
[M8T] OUT2 e2e8=0404
[M8T] OUT2 e2e8=f900
[M8T] OUT2 e2e8=0401
[M8T] OUT2 e2e8=0404
[M8T] OUT2 e2e8=0101
[M8T] OUT2 e2e8=0004
[M8T] OUT2 e2e8=fc00
[M8T] OUT2 e2e8=0303
[M8T] OUT2 e2e8=0400
[M8T] OUT2 e2e8=0404
[M8T] OUT2 e2e8=f900
[M8T] OUT2 e2e8=0401
[M8T] OUT2 e2e8=0404
[M8T] OUT2 e2e8=0101
[M8T] OUT2 e2e8=0004
[M8T] OUT2 e2e8=fc00
[M8T] OUT2 e2e8=fb00
[M8T] OUT2 e2e8=00fb
[M8T] OUT2 e2e8=0404
[M8T] OUT2 e2e8=f900
[M8T] OUT2 e2e8=0001
[M8T] OUT2 e2e8=0100
[M8T] OUT2 e2e8=00f9
[M8T] OUT2 e2e8=fb00
[M8T] OUT2 e2e8=0003
[M8T] OUT2 e2e8=0300
[M8T] OUT2 e2e8=00fb
[M8T] OUT2 e2e8=0404
[M8T] OUT2 e2e8=f900
[M8T] OUT2 e2e8=f9f9
*** 1 repeats ***
[M8T] OUT2 e2e8=0400
[M8T] OUT2 e2e8=0304
[M8T] OUT2 e2e8=fbfb
*** 1 repeats ***
[M8T] OUT2 e2e8=0003
[M8T] OUT2 e2e8=0404
[M8T] OUT2 e2e8=f900
[M8T] OUT2 e2e8=0101
*** 1 repeats ***
[M8T] OUT2 e2e8=0400
[M8T] OUT2 e2e8=0004
[M8T] OUT2 e2e8=0303
*** 1 repeats ***
[M8T] OUT2 e2e8=0000
[M8T] OUT2 e2e8=0404
[M8T] OUT2 e2e8=0000
*** 6 repeats ***
[M8T] OUT2 e2e8=0400
[M8T] OUT2 e2e8=0404
*** 8 repeats ***
[M8B] end cur=48,66
[M8T] IN2 9aee=0000
[M8T] OUT2 daee=0000
[M8T] OUT2 e2ee=05ff
[M8T] IN2 9aee=c000
[M8T] IN2 9aee=0000
[M8T] OUT2 a6e8=0404
[M8T] OUT2 86e8=0042
[M8T] OUT2 82e8=0030
[M8B] start cur=66,48 dyend=66 dpc=2211 dpitch=1024 doff=0 clip 0,0-1535,1535 compat=0
[M8B] end cur=66,66
[M8T] IN2 9aee=0000
[M8T] OUT2 daee=0042
[M8T] OUT2 deee=0030
[M8T] OUT2 e2ee=027d
[M8T] OUT2 e6ee=0041
[M8T] IN2 9aee=f000
[M8T] IN2 9aee=0000
[M8T] OUT2 a6e8=0004
[M8T] IN2 9aee=e000
[M8T] IN2 9aee=0000
[M8T] OUT2 86e8=0044
[M8T] OUT2 82e8=0032
[M8B] start cur=68,50 dyend=63 dpc=2211 dpitch=1024 doff=0 clip 66,48-637,65 compat=0
[M8B] end cur=68,63
[M8T] IN2 9aee=0000
[M8T] OUT2 a6e8=ffff
[M8T] IN2 9aee=f800
[M8T] IN2 9aee=0000
[M8T] OUT2 daee=0000
[M8T] OUT2 deee=0000
[M8T] OUT2 e2ee=05ff
[M8T] OUT2 e6ee=05ff
[M8T] IN2 9aee=f000
[M8T] IN2 9aee=0000
[M8T] OUT2 daee=0042
[M8T] OUT2 deee=0030
[M8T] OUT2 e2ee=027d
[M8T] OUT2 e6ee=0041
[M8T] IN2 9aee=f000
[M8T] IN2 9aee=0000
[M8T] OUT2 a6e8=0004
[M8T] IN2 9aee=e000
[M8T] IN2 9aee=0000
[M8T] OUT2 86e8=0045
[M8T] OUT2 82e8=0032
[M8B] start cur=69,50 dyend=63 dpc=2211 dpitch=1024 doff=0 clip 66,48-637,65 compat=0
[M8B] end cur=69,63
[M8T] IN2 9aee=0000
[M8T] OUT2 a6e8=ffff
[M8T] IN2 9aee=f800
[M8T] IN2 9aee=0000
[M8T] OUT2 86e8=0046
[M8T] OUT2 82e8=0034
[M8B] start cur=70,52 dyend=61 dpc=3251 dpitch=1024 doff=0 clip 66,48-637,65 compat=0
[M8T] IN2 9aee=0000
[M8T] OUT2 e2e8=187a
[M8T] OUT2 e2e8=8220
[M8T] OUT2 e2e8=2108
[M8T] OUT2 e2e8=0078
[M8T] IN2 9aee=0000
[M8T] OUT2 86e8=004e
[M8T] OUT2 82e8=0037
[M8B] start cur=78,55 dyend=61 dpc=3251 dpitch=1024 doff=0 clip 66,48-637,65 compat=0
[M8T] IN2 9aee=0000
[M8T] OUT2 e2e8=0084
[M8T] OUT2 e2e8=0000
[M8T] IN2 9aee=8000
[M8T] IN2 9aee=0000
[M8T] OUT2 86e8=0052
[M8T] OUT2 82e8=0034
[M8B] start cur=82,52 dyend=61 dpc=3251 dpitch=1024 doff=0 clip 66,48-637,65 compat=0
[M8T] IN2 9aee=0000
[M8T] OUT2 e2e8=8488
[M8T] OUT2 e2e8=2142
[M8T] OUT2 e2e8=0010
[M8T] OUT2 e2e8=0000
[M8T] IN2 9aee=8000
[M8T] IN2 9aee=0000
[M8T] OUT2 86e8=0057
[M8T] OUT2 82e8=0034
[M8B] start cur=87,52 dyend=61 dpc=3251 dpitch=1024 doff=0 clip 66,48-637,65 compat=0
[M8T] IN2 9aee=0000
[M8T] OUT2 e2e8=3080
[M8T] OUT2 e2e8=1105
[M8T] OUT2 e2e8=2422
[M8T] OUT2 e2e8=5544
[M8T] IN2 9aee=0000
[M8T] OUT2 e2e8=a00a
[M8T] OUT2 e2e8=1188
[M8T] OUT2 e2e8=0000
*** 1 repeats ***
[M8T] IN2 9aee=8000
[M8T] IN2 9aee=0000
[M8T] OUT2 86e8=0064
[M8T] OUT2 82e8=0034
[M8B] start cur=100,52 dyend=61 dpc=3251 dpitch=1024 doff=0 clip 66,48-637,65 compat=0
[M8T] IN2 9aee=0000
[M8T] OUT2 e2e8=80ff
[M8T] OUT2 e2e8=0000
[M8T] IN2 9aee=8000
[M8T] IN2 9aee=0000
[M8T] OUT2 86e8=0068
[M8T] OUT2 82e8=0034
[M8B] start cur=104,52 dyend=61 dpc=3251 dpitch=1024 doff=0 clip 66,48-637,65 compat=0
[M8T] IN2 9aee=0000
[M8T] OUT2 e2e8=1c87
[M8T] OUT2 e2e8=a669
[M8T] OUT2 e2e8=e358
[M8T] OUT2 e2e8=0084
[M8T] IN2 9aee=0000
[M8T] OUT2 86e8=0071
[M8T] OUT2 82e8=0034
[M8B] start cur=113,52 dyend=61 dpc=3251 dpitch=1024 doff=0 clip 66,48-637,65 compat=0
[M8T] IN2 9aee=0000
[M8T] OUT2 e2e8=28f2
[M8T] OUT2 e2e8=8661
[M8T] OUT2 e2e8=6218
[M8T] OUT2 e2e8=00f0
[M8T] IN2 9aee=0000
[M8T] OUT2 86e8=007a
[M8T] OUT2 82e8=0034
[M8B] start cur=122,52 dyend=61 dpc=3251 dpitch=1024 doff=0 clip 66,48-637,65 compat=0
[M8T] IN2 9aee=0000
[M8T] OUT2 e2e8=187a
[M8T] OUT2 e2e8=8661
[M8T] OUT2 e2e8=6118
[M8T] OUT2 e2e8=0078
[M8T] IN2 9aee=0000
[M8T] OUT2 86e8=0082
[M8T] OUT2 82e8=0034
[M8B] start cur=130,52 dyend=61 dpc=3251 dpitch=1024 doff=0 clip 66,48-637,65 compat=0
[M8T] IN2 9aee=0000
[M8T] OUT2 e2e8=3080
[M8T] OUT2 e2e8=1105
[M8T] OUT2 e2e8=2422
[M8T] OUT2 e2e8=5544
[M8T] IN2 9aee=0000
[M8T] OUT2 e2e8=a00a
[M8T] OUT2 e2e8=1188
[M8T] OUT2 e2e8=0000
*** 1 repeats ***
[M8T] IN2 9aee=8000
[M8T] IN2 9aee=0000
[M8T] OUT2 86e8=008f
[M8T] OUT2 82e8=0034
[M8B] start cur=143,52 dyend=61 dpc=3251 dpitch=1024 doff=0 clip 66,48-637,65 compat=0
[M8T] IN2 9aee=0000
[M8T] OUT2 e2e8=6174
[M8T] OUT2 e2e8=0407
[M8T] OUT2 e2e8=7031
[M8T] OUT2 e2e8=0000
[M8T] IN2 9aee=8000
[M8T] IN2 9aee=0000
[M8T] OUT2 86e8=0097
[M8T] OUT2 82e8=0034
[M8B] start cur=151,52 dyend=61 dpc=3251 dpitch=1024 doff=0 clip 66,48-637,65 compat=0
[M8T] IN2 9aee=0000
[M8T] OUT2 e2e8=8488
[M8T] OUT2 e2e8=2142
[M8T] OUT2 e2e8=0010
[M8T] OUT2 e2e8=0000
[M8T] IN2 9aee=8000
[M8T] IN2 9aee=0000
[M8T] OUT2 86e8=009d
[M8T] OUT2 82e8=0034
[M8B] start cur=157,52 dyend=61 dpc=3251 dpitch=1024 doff=0 clip 66,48-637,65 compat=0
[M8T] IN2 9aee=0000
[M8T] OUT2 e2e8=18fa
[M8T] OUT2 e2e8=fa61
[M8T] OUT2 e2e8=6118
[M8T] OUT2 e2e8=0084
[M8T] IN2 9aee=0000
[M8T] OUT2 86e8=00a6
[M8T] OUT2 82e8=0034
[M8B] start cur=166,52 dyend=61 dpc=3251 dpitch=1024 doff=0 clip 66,48-637,65 compat=0
[M8T] IN2 9aee=0000
[M8T] OUT2 e2e8=1886
[M8T] OUT2 e2e8=8661
[M8T] OUT2 e2e8=6118
[M8T] OUT2 e2e8=0078
[M8T] IN2 9aee=0000
[M8T] OUT2 86e8=00af
[M8T] OUT2 82e8=0034
[M8B] start cur=175,52 dyend=61 dpc=3251 dpitch=1024 doff=0 clip 66,48-637,65 compat=0
[M8T] IN2 9aee=0000
[M8T] OUT2 e2e8=1c87
[M8T] OUT2 e2e8=a669
[M8T] OUT2 e2e8=e358
[M8T] OUT2 e2e8=0084
[M8T] IN2 9aee=0000
[M8T] OUT2 86e8=00b8
[M8T] OUT2 82e8=0034
[M8B] start cur=184,52 dyend=61 dpc=3251 dpitch=1024 doff=0 clip 66,48-637,65 compat=0
[M8T] IN2 9aee=0000
[M8T] OUT2 e2e8=28f2
[M8T] OUT2 e2e8=8661
[M8T] OUT2 e2e8=6218
[M8T] OUT2 e2e8=00f0
[M8T] IN2 9aee=0000
[M8T] OUT2 86e8=00c1
[M8T] OUT2 82e8=0034
[M8B] start cur=193,52 dyend=61 dpc=3251 dpitch=1024 doff=0 clip 66,48-637,65 compat=0
[M8T] IN2 9aee=0000
[M8T] OUT2 e2e8=2184
[M8T] OUT2 e2e8=4208
[M8T] OUT2 e2e8=f810
[M8T] OUT2 e2e8=0000
[M8T] IN2 9aee=8000
[M8T] IN2 9aee=0000
[M8T] OUT2 86e8=00c8
[M8T] OUT2 82e8=0034
[M8B] start cur=200,52 dyend=61 dpc=3251 dpitch=1024 doff=0 clip 66,48-637,65 compat=0
[M8T] IN2 9aee=0000
[M8T] OUT2 e2e8=2184
[M8T] OUT2 e2e8=4208
[M8T] OUT2 e2e8=f810
[M8T] OUT2 e2e8=0000
[M8T] IN2 9aee=8000
[M8T] IN2 9aee=0000
[M8T] OUT2 86e8=00cf
[M8T] OUT2 82e8=0034
[M8B] start cur=207,52 dyend=61 dpc=3251 dpitch=1024 doff=0 clip 66,48-637,65 compat=0
[M8T] IN2 9aee=0000
[M8T] OUT2 e2e8=4274
[M8T] OUT2 e2e8=0413
[M8T] OUT2 e2e8=7031
[M8T] OUT2 e2e8=0000
[M8T] IN2 9aee=8000
[M8T] IN2 9aee=0000
[M8T] OUT2 86e8=00d6
[M8T] OUT2 82e8=0034
[M8B] start cur=214,52 dyend=61 dpc=3251 dpitch=1024 doff=0 clip 66,48-637,65 compat=0
[M8T] IN2 9aee=0000
[M8T] OUT2 e2e8=4274
[M8T] OUT2 e2e8=1111
[M8T] OUT2 e2e8=f810
[M8T] OUT2 e2e8=0000
[M8T] IN2 9aee=8000
[M8T] IN2 9aee=0000
[M8T] OUT2 86e8=00dd
[M8T] OUT2 82e8=003c
[M8B] start cur=221,60 dyend=61 dpc=3251 dpitch=1024 doff=0 clip 66,48-637,65 compat=0
[M8T] IN2 9aee=0000
[M8T] OUT2 e2e8=0080
[M8T] OUT2 e2e8=0000
[M8T] IN2 9aee=8000
[M8T] IN2 9aee=0000
[M8T] OUT2 86e8=00e1
[M8T] OUT2 82e8=0034
[M8B] start cur=225,52 dyend=61 dpc=3251 dpitch=1024 doff=0 clip 66,48-637,65 compat=0
[M8T] IN2 9aee=0000
[M8T] OUT2 e2e8=21fc
[M8T] OUT2 e2e8=420f
[M8T] OUT2 e2e8=f810
[M8T] OUT2 e2e8=0000
[M8T] IN2 9aee=8000
[M8T] IN2 9aee=0000
[M8T] OUT2 86e8=00e8
[M8T] OUT2 82e8=0034
[M8B] start cur=232,52 dyend=61 dpc=3251 dpitch=1024 doff=0 clip 66,48-637,65 compat=0
[M8T] IN2 9aee=0000
[M8T] OUT2 e2e8=0583
[M8T] OUT2 e2e8=4111
[M8T] OUT2 e2e8=1105
[M8T] OUT2 e2e8=8241
[M8T] IN2 9aee=0000
[M8T] OUT2 86e8=00f1
[M8T] OUT2 82e8=0034
[M8B] start cur=241,52 dyend=61 dpc=3251 dpitch=1024 doff=0 clip 66,48-637,65 compat=0
[M8T] IN2 9aee=0000
[M8T] OUT2 e2e8=21fc
[M8T] OUT2 e2e8=420f
[M8T] OUT2 e2e8=f810
[M8T] OUT2 e2e8=0000
[M8T] IN2 9aee=8000
[M8T] IN2 9aee=0000
[M8T] OUT2 86e8=00fd
[M8T] OUT2 82e8=0034
[M8B] start cur=253,52 dyend=61 dpc=3251 dpitch=1024 doff=0 clip 66,48-637,65 compat=0
[M8T] IN2 9aee=0000
[M8T] OUT2 e2e8=1886
[M8T] OUT2 e2e8=8661
[M8T] OUT2 e2e8=6118
[M8T] OUT2 e2e8=0078
[M8T] IN2 9aee=0000
[M8T] OUT2 86e8=0106
[M8T] OUT2 82e8=0034
[M8B] start cur=262,52 dyend=61 dpc=3251 dpitch=1024 doff=0 clip 66,48-637,65 compat=0
[M8T] IN2 9aee=0000
[M8T] OUT2 e2e8=6174
[M8T] OUT2 e2e8=0407
[M8T] OUT2 e2e8=7031
[M8T] OUT2 e2e8=0000
[M8T] IN2 9aee=8000
[M8T] IN2 9aee=0000
[M8T] OUT2 86e8=010e
[M8T] OUT2 82e8=0034
[M8B] start cur=270,52 dyend=61 dpc=3251 dpitch=1024 doff=0 clip 66,48-637,65 compat=0
[M8T] IN2 9aee=0000
[M8T] OUT2 e2e8=21fc
[M8T] OUT2 e2e8=420f
[M8T] OUT2 e2e8=f810
[M8T] OUT2 e2e8=0000
[M8T] IN2 9aee=8000
[M8T] IN2 9aee=0000
[M8T] OUT2 86e8=0116
[M8T] OUT2 82e8=0034
[M8B] start cur=278,52 dyend=61 dpc=3251 dpitch=1024 doff=0 clip 66,48-637,65 compat=0
[M8T] IN2 9aee=0000
[M8T] OUT2 e2e8=18fa
[M8T] OUT2 e2e8=fa61
[M8T] OUT2 e2e8=6118
[M8T] OUT2 e2e8=0084
[M8T] IN2 9aee=0000
[M8T] OUT2 86e8=011f
[M8T] OUT2 82e8=003c
[M8B] start cur=287,60 dyend=61 dpc=3251 dpitch=1024 doff=0 clip 66,48-637,65 compat=0
[M8T] IN2 9aee=0000
[M8T] OUT2 e2e8=0080
[M8T] OUT2 e2e8=0000
[M8T] IN2 9aee=8000
[M8T] IN2 9aee=0000
[M8T] OUT2 86e8=0123
[M8T] OUT2 82e8=0034
[M8B] start cur=291,52 dyend=61 dpc=3251 dpitch=1024 doff=0 clip 66,48-637,65 compat=0
[M8T] IN2 9aee=0000
[M8T] OUT2 e2e8=21fc
[M8T] OUT2 e2e8=420f
[M8T] OUT2 e2e8=f810
[M8T] OUT2 e2e8=0000
[M8T] IN2 9aee=8000
[M8T] IN2 9aee=0000
[M8T] OUT2 86e8=012a
[M8T] OUT2 82e8=0034
[M8B] start cur=298,52 dyend=61 dpc=3251 dpitch=1024 doff=0 clip 66,48-637,65 compat=0
[M8T] IN2 9aee=0000
[M8T] OUT2 e2e8=0583
[M8T] OUT2 e2e8=4111
[M8T] OUT2 e2e8=1105
[M8T] OUT2 e2e8=8241
[M8T] IN2 9aee=0000
[M8T] OUT2 86e8=0133
[M8T] OUT2 82e8=0034
[M8B] start cur=307,52 dyend=61 dpc=3251 dpitch=1024 doff=0 clip 66,48-637,65 compat=0
[M8T] IN2 9aee=0000
[M8T] OUT2 e2e8=21fc
[M8T] OUT2 e2e8=420f
[M8T] OUT2 e2e8=f810
[M8T] OUT2 e2e8=0000
[M8T] IN2 9aee=8000
[M8T] IN2 9aee=0000
[M8T] OUT2 86e8=013b
[M8T] OUT2 82e8=003c
[M8B] start cur=315,60 dyend=62 dpc=3251 dpitch=1024 doff=0 clip 66,48-637,65 compat=0
[M8T] IN2 9aee=0000
[M8T] OUT2 e2e8=0060
[M8T] OUT2 e2e8=0000
[M8T] IN2 9aee=8000
[M8T] IN2 9aee=0000
[M8T] OUT2 86e8=013f
[M8T] OUT2 82e8=0034
[M8B] start cur=319,52 dyend=61 dpc=3251 dpitch=1024 doff=0 clip 66,48-637,65 compat=0
[M8T] IN2 9aee=0000
[M8T] OUT2 e2e8=21fc
[M8T] OUT2 e2e8=420f
[M8T] OUT2 e2e8=f810
[M8T] OUT2 e2e8=0000
[M8T] IN2 9aee=8000
[M8T] IN2 9aee=0000
[M8T] OUT2 86e8=0147
[M8T] OUT2 82e8=0037
[M8B] start cur=327,55 dyend=61 dpc=3251 dpitch=1024 doff=0 clip 66,48-637,65 compat=0
[M8T] IN2 9aee=0000
[M8T] OUT2 e2e8=6699
[M8T] OUT2 e2e8=0099
[M8T] IN2 9aee=0000
[M8T] OUT2 86e8=014d
[M8T] OUT2 82e8=0034
[M8B] start cur=333,52 dyend=61 dpc=3251 dpitch=1024 doff=0 clip 66,48-637,65 compat=0
[M8T] IN2 9aee=0000
[M8T] OUT2 e2e8=809f
[M8T] OUT2 e2e8=0000
[M8T] IN2 9aee=8000
[M8T] IN2 9aee=0000
[M8T] OUT2 86e8=0150
[M8T] OUT2 82e8=0035
[M8B] start cur=336,53 dyend=61 dpc=3251 dpitch=1024 doff=0 clip 66,48-637,65 compat=0
[M8T] IN2 9aee=0000
[M8T] OUT2 e2e8=a9ae
[M8T] OUT2 e2e8=0000
[M8T] IN2 9aee=8000
[M8T] IN2 9aee=0000
[M8T] OUT2 86e8=0153
[M8T] OUT2 82e8=0034
[M8B] start cur=339,52 dyend=61 dpc=3251 dpitch=1024 doff=0 clip 66,48-637,65 compat=0
[M8T] IN2 9aee=0000
[M8T] OUT2 e2e8=3080
[M8T] OUT2 e2e8=1105
[M8T] OUT2 e2e8=2422
[M8T] OUT2 e2e8=5544
[M8T] IN2 9aee=0000
[M8T] OUT2 e2e8=a00a
[M8T] OUT2 e2e8=1188
[M8T] OUT2 e2e8=0000
*** 1 repeats ***
[M8T] IN2 9aee=8000
[M8T] IN2 9aee=0000
[M8T] OUT2 86e8=0160
[M8T] OUT2 82e8=0034
[M8B] start cur=352,52 dyend=61 dpc=3251 dpitch=1024 doff=0 clip 66,48-637,65 compat=0
[M8T] IN2 9aee=0000
[M8T] OUT2 e2e8=809f
[M8T] OUT2 e2e8=0000
[M8T] IN2 9aee=8000
[M8T] IN2 9aee=0000
[M8T] OUT2 86e8=0163
[M8T] OUT2 82e8=0037
[M8B] start cur=355,55 dyend=61 dpc=3251 dpitch=1024 doff=0 clip 66,48-637,65 compat=0
[M8T] IN2 9aee=0000
[M8T] OUT2 e2e8=63b6
[M8T] OUT2 e2e8=c418
[M8T] IN2 9aee=0000
[M8T] OUT2 86e8=016a
[M8T] OUT2 82e8=0034
[M8B] start cur=362,52 dyend=61 dpc=3251 dpitch=1024 doff=0 clip 66,48-637,65 compat=0
[M8T] IN2 9aee=0000
[M8T] OUT2 e2e8=4208
[M8T] OUT2 e2e8=c6f8
[M8T] OUT2 e2e8=7831
[M8T] OUT2 e2e8=0000
[M8T] IN2 9aee=8000
[M8T] IN2 9aee=0000
[M8T] OUT2 86e8=0171
[M8T] OUT2 82e8=0037
[M8B] start cur=369,55 dyend=61 dpc=3251 dpitch=1024 doff=0 clip 66,48-637,65 compat=0
[M8T] IN2 9aee=0000
[M8T] OUT2 e2e8=6374
[M8T] OUT2 e2e8=b818
[M8T] IN2 9aee=0000
[M8T] OUT2 86e8=0178
[M8T] OUT2 82e8=0037
[M8B] start cur=376,55 dyend=61 dpc=3251 dpitch=1024 doff=0 clip 66,48-637,65 compat=0
[M8T] IN2 9aee=0000
[M8T] OUT2 e2e8=2693
[M8T] OUT2 e2e8=54ad
[M8T] OUT2 e2e8=8048
[M8T] OUT2 e2e8=0000
[M8T] IN2 9aee=8000
[M8T] IN2 9aee=0000
[M8T] OUT2 86e8=0181
[M8T] OUT2 82e8=0037
[M8B] start cur=385,55 dyend=61 dpc=3251 dpitch=1024 doff=0 clip 66,48-637,65 compat=0
[M8T] IN2 9aee=0000
[M8T] OUT2 e2e8=4269
[M8T] OUT2 e2e8=0096
[M8T] IN2 9aee=0000
[M8T] OUT2 daee=0000
[M8T] OUT2 deee=0000
[M8T] OUT2 e2ee=05ff
[M8T] OUT2 e6ee=05ff
[M8T] IN2 9aee=f000
[M8T] IN2 9aee=0000
[M8T] OUT2 daee=0042
[M8T] OUT2 deee=0030
[M8T] OUT2 e2ee=027d
[M8T] OUT2 e6ee=0041
[M8T] IN2 9aee=f000
[M8T] IN2 9aee=0000
[M8T] OUT2 a6e8=ffff
[M8T] IN2 9aee=f800
[M8T] IN2 9aee=0000
[M8T] OUT2 86e8=0045
[M8T] OUT2 82e8=0034
[M8B] start cur=69,52 dyend=61 dpc=3251 dpitch=1024 doff=0 clip 66,48-637,65 compat=0
[M8T] IN2 9aee=0000
[M8T] OUT2 e2e8=187a
[M8T] OUT2 e2e8=8220
[M8T] OUT2 e2e8=2108
[M8T] OUT2 e2e8=0078
[M8T] IN2 9aee=0000
[M8T] OUT2 86e8=004d
[M8T] OUT2 82e8=0037
[M8B] start cur=77,55 dyend=61 dpc=3251 dpitch=1024 doff=0 clip 66,48-637,65 compat=0
[M8T] IN2 9aee=0000
[M8T] OUT2 e2e8=0084
[M8T] OUT2 e2e8=0000
[M8T] IN2 9aee=8000
[M8T] IN2 9aee=0000
[M8T] OUT2 86e8=0051
[M8T] OUT2 82e8=0034
[M8B] start cur=81,52 dyend=61 dpc=3251 dpitch=1024 doff=0 clip 66,48-637,65 compat=0
[M8T] IN2 9aee=0000
[M8T] OUT2 e2e8=8488
[M8T] OUT2 e2e8=2142
[M8T] OUT2 e2e8=0010
[M8T] OUT2 e2e8=0000
[M8T] IN2 9aee=8000
[M8T] IN2 9aee=0000
[M8T] OUT2 86e8=0056
[M8T] OUT2 82e8=0034
[M8B] start cur=86,52 dyend=61 dpc=3251 dpitch=1024 doff=0 clip 66,48-637,65 compat=0
[M8T] IN2 9aee=0000
[M8T] OUT2 e2e8=3080
[M8T] OUT2 e2e8=1105
[M8T] OUT2 e2e8=2422
[M8T] OUT2 e2e8=5544
[M8T] IN2 9aee=0000
[M8T] OUT2 e2e8=a00a
[M8T] OUT2 e2e8=1188
[M8T] OUT2 e2e8=0000
*** 1 repeats ***
[M8T] IN2 9aee=8000
[M8T] IN2 9aee=0000
[M8T] OUT2 86e8=0063
[M8T] OUT2 82e8=0034
[M8B] start cur=99,52 dyend=61 dpc=3251 dpitch=1024 doff=0 clip 66,48-637,65 compat=0
[M8T] IN2 9aee=0000
[M8T] OUT2 e2e8=80ff
[M8T] OUT2 e2e8=0000
[M8T] IN2 9aee=8000
[M8T] IN2 9aee=0000
[M8T] OUT2 86e8=0067
[M8T] OUT2 82e8=0034
[M8B] start cur=103,52 dyend=61 dpc=3251 dpitch=1024 doff=0 clip 66,48-637,65 compat=0
[M8T] IN2 9aee=0000
[M8T] OUT2 e2e8=1c87
[M8T] OUT2 e2e8=a669
[M8T] OUT2 e2e8=e358
[M8T] OUT2 e2e8=0084
[M8T] IN2 9aee=0000
[M8T] OUT2 86e8=0070
[M8T] OUT2 82e8=0034
[M8B] start cur=112,52 dyend=61 dpc=3251 dpitch=1024 doff=0 clip 66,48-637,65 compat=0
[M8T] IN2 9aee=0000
[M8T] OUT2 e2e8=28f2
[M8T] OUT2 e2e8=8661
[M8T] OUT2 e2e8=6218
[M8T] OUT2 e2e8=00f0
[M8T] IN2 9aee=0000
[M8T] OUT2 86e8=0079
[M8T] OUT2 82e8=0034
[M8B] start cur=121,52 dyend=61 dpc=3251 dpitch=1024 doff=0 clip 66,48-637,65 compat=0
[M8T] IN2 9aee=0000
[M8T] OUT2 e2e8=187a
[M8T] OUT2 e2e8=8661
[M8T] OUT2 e2e8=6118
[M8T] OUT2 e2e8=0078
[M8T] IN2 9aee=0000
[M8T] OUT2 86e8=0081
[M8T] OUT2 82e8=0034
[M8B] start cur=129,52 dyend=61 dpc=3251 dpitch=1024 doff=0 clip 66,48-637,65 compat=0
[M8T] IN2 9aee=0000
[M8T] OUT2 e2e8=3080
[M8T] OUT2 e2e8=1105
[M8T] OUT2 e2e8=2422
[M8T] OUT2 e2e8=5544
[M8T] IN2 9aee=0000
[M8T] OUT2 e2e8=a00a
[M8T] OUT2 e2e8=1188
[M8T] OUT2 e2e8=0000
*** 1 repeats ***
[M8T] IN2 9aee=8000
[M8T] IN2 9aee=0000
[M8T] OUT2 86e8=008e
[M8T] OUT2 82e8=0034
[M8B] start cur=142,52 dyend=61 dpc=3251 dpitch=1024 doff=0 clip 66,48-637,65 compat=0
[M8T] IN2 9aee=0000
[M8T] OUT2 e2e8=6174
[M8T] OUT2 e2e8=0407
[M8T] OUT2 e2e8=7031
[M8T] OUT2 e2e8=0000
[M8T] IN2 9aee=8000
[M8T] IN2 9aee=0000
[M8T] OUT2 86e8=0096
[M8T] OUT2 82e8=0034
[M8B] start cur=150,52 dyend=61 dpc=3251 dpitch=1024 doff=0 clip 66,48-637,65 compat=0
[M8T] IN2 9aee=0000
[M8T] OUT2 e2e8=8488
[M8T] OUT2 e2e8=2142
[M8T] OUT2 e2e8=0010
[M8T] OUT2 e2e8=0000
[M8T] IN2 9aee=8000
[M8T] IN2 9aee=0000
[M8T] OUT2 86e8=009c
[M8T] OUT2 82e8=0034
[M8B] start cur=156,52 dyend=61 dpc=3251 dpitch=1024 doff=0 clip 66,48-637,65 compat=0
[M8T] IN2 9aee=0000
[M8T] OUT2 e2e8=18fa
[M8T] OUT2 e2e8=fa61
[M8T] OUT2 e2e8=6118
[M8T] OUT2 e2e8=0084
[M8T] IN2 9aee=0000
[M8T] OUT2 86e8=00a5
[M8T] OUT2 82e8=0034
[M8B] start cur=165,52 dyend=61 dpc=3251 dpitch=1024 doff=0 clip 66,48-637,65 compat=0
[M8T] IN2 9aee=0000
[M8T] OUT2 e2e8=1886
[M8T] OUT2 e2e8=8661
[M8T] OUT2 e2e8=6118
[M8T] OUT2 e2e8=0078
[M8T] IN2 9aee=0000
[M8T] OUT2 86e8=00ae
[M8T] OUT2 82e8=0034
[M8B] start cur=174,52 dyend=61 dpc=3251 dpitch=1024 doff=0 clip 66,48-637,65 compat=0
[M8T] IN2 9aee=0000
[M8T] OUT2 e2e8=1c87
[M8T] OUT2 e2e8=a669
[M8T] OUT2 e2e8=e358
[M8T] OUT2 e2e8=0084
[M8T] IN2 9aee=0000
[M8T] OUT2 86e8=00b7
[M8T] OUT2 82e8=0034
[M8B] start cur=183,52 dyend=61 dpc=3251 dpitch=1024 doff=0 clip 66,48-637,65 compat=0
[M8T] IN2 9aee=0000
[M8T] OUT2 e2e8=28f2
[M8T] OUT2 e2e8=8661
[M8T] OUT2 e2e8=6218
[M8T] OUT2 e2e8=00f0
[M8T] IN2 9aee=0000
[M8T] OUT2 86e8=00c0
[M8T] OUT2 82e8=0034
[M8B] start cur=192,52 dyend=61 dpc=3251 dpitch=1024 doff=0 clip 66,48-637,65 compat=0
[M8T] IN2 9aee=0000
[M8T] OUT2 e2e8=2184
[M8T] OUT2 e2e8=4208
[M8T] OUT2 e2e8=f810
[M8T] OUT2 e2e8=0000
[M8T] IN2 9aee=8000
[M8T] IN2 9aee=0000
[M8T] OUT2 86e8=00c7
[M8T] OUT2 82e8=0034
[M8B] start cur=199,52 dyend=61 dpc=3251 dpitch=1024 doff=0 clip 66,48-637,65 compat=0
[M8T] IN2 9aee=0000
[M8T] OUT2 e2e8=2184
[M8T] OUT2 e2e8=4208
[M8T] OUT2 e2e8=f810
[M8T] OUT2 e2e8=0000
[M8T] IN2 9aee=8000
[M8T] IN2 9aee=0000
[M8T] OUT2 86e8=00ce
[M8T] OUT2 82e8=0034
[M8B] start cur=206,52 dyend=61 dpc=3251 dpitch=1024 doff=0 clip 66,48-637,65 compat=0
[M8T] IN2 9aee=0000
[M8T] OUT2 e2e8=4274
[M8T] OUT2 e2e8=0413
[M8T] OUT2 e2e8=7031
[M8T] OUT2 e2e8=0000
[M8T] IN2 9aee=8000
[M8T] IN2 9aee=0000
[M8T] OUT2 86e8=00d5
[M8T] OUT2 82e8=0034
[M8B] start cur=213,52 dyend=61 dpc=3251 dpitch=1024 doff=0 clip 66,48-637,65 compat=0
[M8T] IN2 9aee=0000
[M8T] OUT2 e2e8=4274
[M8T] OUT2 e2e8=1111
[M8T] OUT2 e2e8=f810
[M8T] OUT2 e2e8=0000
[M8T] IN2 9aee=8000
[M8T] IN2 9aee=0000
[M8T] OUT2 86e8=00dc
[M8T] OUT2 82e8=003c
[M8B] start cur=220,60 dyend=61 dpc=3251 dpitch=1024 doff=0 clip 66,48-637,65 compat=0
[M8T] IN2 9aee=0000
[M8T] OUT2 e2e8=0080
[M8T] OUT2 e2e8=0000
[M8T] IN2 9aee=8000
[M8T] IN2 9aee=0000
[M8T] OUT2 86e8=00e0
[M8T] OUT2 82e8=0034
[M8B] start cur=224,52 dyend=61 dpc=3251 dpitch=1024 doff=0 clip 66,48-637,65 compat=0
[M8T] IN2 9aee=0000
[M8T] OUT2 e2e8=21fc
[M8T] OUT2 e2e8=420f
[M8T] OUT2 e2e8=f810
[M8T] OUT2 e2e8=0000
[M8T] IN2 9aee=8000
[M8T] IN2 9aee=0000
[M8T] OUT2 86e8=00e7
[M8T] OUT2 82e8=0034
[M8B] start cur=231,52 dyend=61 dpc=3251 dpitch=1024 doff=0 clip 66,48-637,65 compat=0
[M8T] IN2 9aee=0000
[M8T] OUT2 e2e8=0583
[M8T] OUT2 e2e8=4111
[M8T] OUT2 e2e8=1105
[M8T] OUT2 e2e8=8241
[M8T] IN2 9aee=0000
[M8T] OUT2 86e8=00f0
[M8T] OUT2 82e8=0034
[M8B] start cur=240,52 dyend=61 dpc=3251 dpitch=1024 doff=0 clip 66,48-637,65 compat=0
[M8T] IN2 9aee=0000
[M8T] OUT2 e2e8=21fc
[M8T] OUT2 e2e8=420f
[M8T] OUT2 e2e8=f810
[M8T] OUT2 e2e8=0000
[M8T] IN2 9aee=8000
[M8T] IN2 9aee=0000
[M8T] OUT2 86e8=00fc
[M8T] OUT2 82e8=0034
[M8B] start cur=252,52 dyend=61 dpc=3251 dpitch=1024 doff=0 clip 66,48-637,65 compat=0
[M8T] IN2 9aee=0000
[M8T] OUT2 e2e8=1886
[M8T] OUT2 e2e8=8661
[M8T] OUT2 e2e8=6118
[M8T] OUT2 e2e8=0078
[M8T] IN2 9aee=0000
[M8T] OUT2 86e8=0105
[M8T] OUT2 82e8=0034
[M8B] start cur=261,52 dyend=61 dpc=3251 dpitch=1024 doff=0 clip 66,48-637,65 compat=0
[M8T] IN2 9aee=0000
[M8T] OUT2 e2e8=6174
[M8T] OUT2 e2e8=0407
[M8T] OUT2 e2e8=7031
[M8T] OUT2 e2e8=0000
[M8T] IN2 9aee=8000
[M8T] IN2 9aee=0000
[M8T] OUT2 86e8=010d
[M8T] OUT2 82e8=0034
[M8B] start cur=269,52 dyend=61 dpc=3251 dpitch=1024 doff=0 clip 66,48-637,65 compat=0
[M8T] IN2 9aee=0000
[M8T] OUT2 e2e8=21fc
[M8T] OUT2 e2e8=420f
[M8T] OUT2 e2e8=f810
[M8T] OUT2 e2e8=0000
[M8T] IN2 9aee=8000
[M8T] IN2 9aee=0000
[M8T] OUT2 86e8=0115
[M8T] OUT2 82e8=0034
[M8B] start cur=277,52 dyend=61 dpc=3251 dpitch=1024 doff=0 clip 66,48-637,65 compat=0
[M8T] IN2 9aee=0000
[M8T] OUT2 e2e8=18fa
[M8T] OUT2 e2e8=fa61
[M8T] OUT2 e2e8=6118
[M8T] OUT2 e2e8=0084
[M8T] IN2 9aee=0000
[M8T] OUT2 86e8=011e
[M8T] OUT2 82e8=003c
[M8B] start cur=286,60 dyend=61 dpc=3251 dpitch=1024 doff=0 clip 66,48-637,65 compat=0
[M8T] IN2 9aee=0000
[M8T] OUT2 e2e8=0080
[M8T] OUT2 e2e8=0000
[M8T] IN2 9aee=8000
[M8T] IN2 9aee=0000
[M8T] OUT2 86e8=0122
[M8T] OUT2 82e8=0034
[M8B] start cur=290,52 dyend=61 dpc=3251 dpitch=1024 doff=0 clip 66,48-637,65 compat=0
[M8T] IN2 9aee=0000
[M8T] OUT2 e2e8=21fc
[M8T] OUT2 e2e8=420f
[M8T] OUT2 e2e8=f810
[M8T] OUT2 e2e8=0000
[M8T] IN2 9aee=8000
[M8T] IN2 9aee=0000
[M8T] OUT2 86e8=0129
[M8T] OUT2 82e8=0034
[M8B] start cur=297,52 dyend=61 dpc=3251 dpitch=1024 doff=0 clip 66,48-637,65 compat=0
[M8T] IN2 9aee=0000
[M8T] OUT2 e2e8=0583
[M8T] OUT2 e2e8=4111
[M8T] OUT2 e2e8=1105
[M8T] OUT2 e2e8=8241
[M8T] IN2 9aee=0000
[M8T] OUT2 86e8=0132
[M8T] OUT2 82e8=0034
[M8B] start cur=306,52 dyend=61 dpc=3251 dpitch=1024 doff=0 clip 66,48-637,65 compat=0
[M8T] IN2 9aee=0000
[M8T] OUT2 e2e8=21fc
[M8T] OUT2 e2e8=420f
[M8T] OUT2 e2e8=f810
[M8T] OUT2 e2e8=0000
[M8T] IN2 9aee=8000
[M8T] IN2 9aee=0000
[M8T] OUT2 86e8=013a
[M8T] OUT2 82e8=003c
[M8B] start cur=314,60 dyend=62 dpc=3251 dpitch=1024 doff=0 clip 66,48-637,65 compat=0
[M8T] IN2 9aee=0000
[M8T] OUT2 e2e8=0060
[M8T] OUT2 e2e8=0000
[M8T] IN2 9aee=8000
[M8T] IN2 9aee=0000
[M8T] OUT2 86e8=013e
[M8T] OUT2 82e8=0034
[M8B] start cur=318,52 dyend=61 dpc=3251 dpitch=1024 doff=0 clip 66,48-637,65 compat=0
[M8T] IN2 9aee=0000
[M8T] OUT2 e2e8=21fc
[M8T] OUT2 e2e8=420f
[M8T] OUT2 e2e8=f810
[M8T] OUT2 e2e8=0000
[M8T] IN2 9aee=8000
[M8T] IN2 9aee=0000
[M8T] OUT2 86e8=0146
[M8T] OUT2 82e8=0037
[M8B] start cur=326,55 dyend=61 dpc=3251 dpitch=1024 doff=0 clip 66,48-637,65 compat=0
[M8T] IN2 9aee=0000
[M8T] OUT2 e2e8=6699
[M8T] OUT2 e2e8=0099
[M8T] IN2 9aee=0000
[M8T] OUT2 86e8=014c
[M8T] OUT2 82e8=0034
[M8B] start cur=332,52 dyend=61 dpc=3251 dpitch=1024 doff=0 clip 66,48-637,65 compat=0
[M8T] IN2 9aee=0000
[M8T] OUT2 e2e8=809f
[M8T] OUT2 e2e8=0000
[M8T] IN2 9aee=8000
[M8T] IN2 9aee=0000
[M8T] OUT2 86e8=014f
[M8T] OUT2 82e8=0035
[M8B] start cur=335,53 dyend=61 dpc=3251 dpitch=1024 doff=0 clip 66,48-637,65 compat=0
[M8T] IN2 9aee=0000
[M8T] OUT2 e2e8=a9ae
[M8T] OUT2 e2e8=0000
[M8T] IN2 9aee=8000
[M8T] IN2 9aee=0000
[M8T] OUT2 86e8=0152
[M8T] OUT2 82e8=0034
[M8B] start cur=338,52 dyend=61 dpc=3251 dpitch=1024 doff=0 clip 66,48-637,65 compat=0
[M8T] IN2 9aee=0000
[M8T] OUT2 e2e8=3080
[M8T] OUT2 e2e8=1105
[M8T] OUT2 e2e8=2422
[M8T] OUT2 e2e8=5544
[M8T] IN2 9aee=0000
[M8T] OUT2 e2e8=a00a
[M8T] OUT2 e2e8=1188
[M8T] OUT2 e2e8=0000
*** 1 repeats ***
[M8T] IN2 9aee=8000
[M8T] IN2 9aee=0000
[M8T] OUT2 86e8=015f
[M8T] OUT2 82e8=0034
[M8B] start cur=351,52 dyend=61 dpc=3251 dpitch=1024 doff=0 clip 66,48-637,65 compat=0
[M8T] IN2 9aee=0000
[M8T] OUT2 e2e8=809f
[M8T] OUT2 e2e8=0000
[M8T] IN2 9aee=8000
[M8T] IN2 9aee=0000
[M8T] OUT2 86e8=0162
[M8T] OUT2 82e8=0037
[M8B] start cur=354,55 dyend=61 dpc=3251 dpitch=1024 doff=0 clip 66,48-637,65 compat=0
[M8T] IN2 9aee=0000
[M8T] OUT2 e2e8=63b6
[M8T] OUT2 e2e8=c418
[M8T] IN2 9aee=0000
[M8T] OUT2 86e8=0169
[M8T] OUT2 82e8=0034
[M8B] start cur=361,52 dyend=61 dpc=3251 dpitch=1024 doff=0 clip 66,48-637,65 compat=0
[M8T] IN2 9aee=0000
[M8T] OUT2 e2e8=4208
[M8T] OUT2 e2e8=c6f8
[M8T] OUT2 e2e8=7831
[M8T] OUT2 e2e8=0000
[M8T] IN2 9aee=8000
[M8T] IN2 9aee=0000
[M8T] OUT2 86e8=0170
[M8T] OUT2 82e8=0037
[M8B] start cur=368,55 dyend=61 dpc=3251 dpitch=1024 doff=0 clip 66,48-637,65 compat=0
[M8T] IN2 9aee=0000
[M8T] OUT2 e2e8=6374
[M8T] OUT2 e2e8=b818
[M8T] IN2 9aee=0000
[M8T] OUT2 86e8=0177
[M8T] OUT2 82e8=0037
[M8B] start cur=375,55 dyend=61 dpc=3251 dpitch=1024 doff=0 clip 66,48-637,65 compat=0
[M8T] IN2 9aee=0000
[M8T] OUT2 e2e8=2693
[M8T] OUT2 e2e8=54ad
[M8T] OUT2 e2e8=8048
[M8T] OUT2 e2e8=0000
[M8T] IN2 9aee=8000
[M8T] IN2 9aee=0000
[M8T] OUT2 86e8=0180
[M8T] OUT2 82e8=0037
[M8B] start cur=384,55 dyend=61 dpc=3251 dpitch=1024 doff=0 clip 66,48-637,65 compat=0
[M8T] IN2 9aee=0000
[M8T] OUT2 e2e8=4269
[M8T] OUT2 e2e8=0096
[M8T] IN2 9aee=0000
[M8T] OUT2 daee=0000
[M8T] OUT2 deee=0000
[M8T] OUT2 e2ee=05ff
[M8T] OUT2 e6ee=05ff
[M8T] IN2 9aee=f000
[M8T] IN2 9aee=0000
[M8T] OUT2 a6e8=ffff
[M8T] OUT2 86e8=0032
[M8T] OUT2 82e8=006c
[M8B] start cur=50,108 dyend=109 dpc=2211 dpitch=1024 doff=0 clip 0,0-1535,1535 compat=0
[M8B] end cur=50,109
[M8T] IN2 9aee=0000
[M8T] OUT2 daee=0000
[M8T] OUT2 deee=0000
[M8T] OUT2 e2ee=03ff
[M8T] OUT2 e6ee=02ff
[M8T] IN2 9aee=fc00
[M8T] IN2 9aee=0000
[M8T] OUT2 8ee8=0010
[M8T] OUT2 8ae8=0300
[M8T] OUT2 86e8=0200
[M8T] OUT2 82e8=0180
[M8B] start cur=512,384 dyend=416 dpc=6211 dpitch=1024 doff=0 clip 0,0-1023,767 compat=0
[M8B] end cur=512,416
[M8T] OUT2 e2ee=05ff
[M8T] OUT2 e6ee=05ff
[M8T] IN2 9aee=c000
[M8T] IN2 9aee=0000
[M8T] IN2 9aee=e000
[M8T] IN2 9aee=0000
[M8T] OUT2 86e8=0010
[M8T] OUT2 82e8=0301
[M8B] start cur=16,769 dyend=770 dpc=3251 dpitch=1024 doff=0 clip 0,0-1535,1535 compat=0
[M8T] IN2 9aee=0000
[M8T] OUT2 e2e8=ff7f
[M8T] OUT2 e2e8=ffff
[M8T] OUT2 e2e8=ff3f
[M8T] OUT2 e2e8=ffff
[M8T] OUT2 e2e8=ff1f
[M8T] OUT2 e2e8=ffff
[M8T] OUT2 e2e8=ff0f
[M8T] OUT2 e2e8=ffff
[M8T] OUT2 e2e8=ff07
[M8T] OUT2 e2e8=ffff
[M8T] OUT2 e2e8=ff03
[M8T] OUT2 e2e8=ffff
[M8T] OUT2 e2e8=ff01
[M8T] OUT2 e2e8=ffff
[M8T] OUT2 e2e8=ff00
[M8T] OUT2 e2e8=ffff
[M8T] OUT2 e2e8=7f00
[M8T] OUT2 e2e8=ffff
[M8T] OUT2 e2e8=3f00
[M8T] OUT2 e2e8=ffff
[M8T] OUT2 e2e8=1f00
[M8T] OUT2 e2e8=ffff
[M8T] OUT2 e2e8=ff01
[M8T] OUT2 e2e8=ffff
[M8T] OUT2 e2e8=ff10
[M8T] OUT2 e2e8=ffff
[M8T] OUT2 e2e8=ff30
[M8T] OUT2 e2e8=ffff
[M8T] OUT2 e2e8=7f78
[M8T] OUT2 e2e8=ffff
[M8T] OUT2 e2e8=7ff8
[M8T] OUT2 e2e8=ffff
[M8T] OUT2 e2e8=3ffc
[M8T] OUT2 e2e8=ffff
[M8T] OUT2 e2e8=3ffc
[M8T] OUT2 e2e8=ffff
[M8T] OUT2 e2e8=7ffe
[M8T] OUT2 e2e8=ffff
*** 25 repeats ***
[M8T] IN2 9aee=0000
[M8T] OUT2 86e8=0000
[M8T] OUT2 82e8=0302
[M8T] OUT2 caee=0010
[M8X] scan cur=0,770 to=16 compat=0 dpc=3251 dp_compat=0 frgd_sel=1 bkgd_sel=0 mono=2 fmix=02 cmd_back=0 pixw=1 pitch=1024 off=0 dstp=1024
[M8T] IN2 9aee=0000
[M8T] OUT2 e2e8=ffff
[M8T] IN2 9aee=0000
[M8T] OUT2 86e8=0010
[M8T] OUT2 82e8=0301
[M8B] start cur=16,769 dyend=770 dpc=3251 dpitch=1024 doff=0 clip 0,0-1535,1535 compat=0
[M8T] IN2 9aee=0000
[M8T] OUT2 e2e8=0000
*** 3 repeats ***
[M8T] OUT2 e2e8=0040
[M8T] OUT2 e2e8=0000
[M8T] OUT2 e2e8=0060
[M8T] OUT2 e2e8=0000
[M8T] OUT2 e2e8=0070
[M8T] OUT2 e2e8=0000
[M8T] OUT2 e2e8=0078
[M8T] OUT2 e2e8=0000
[M8T] OUT2 e2e8=007c
[M8T] OUT2 e2e8=0000
[M8T] OUT2 e2e8=007e
[M8T] OUT2 e2e8=0000
[M8T] OUT2 e2e8=007f
[M8T] OUT2 e2e8=0000
[M8T] OUT2 e2e8=807f
[M8T] OUT2 e2e8=0000
[M8T] OUT2 e2e8=007c
[M8T] OUT2 e2e8=0000
[M8T] OUT2 e2e8=006c
[M8T] OUT2 e2e8=0000
[M8T] OUT2 e2e8=0046
[M8T] OUT2 e2e8=0000
[M8T] OUT2 e2e8=0006
[M8T] OUT2 e2e8=0000
[M8T] OUT2 e2e8=0003
[M8T] OUT2 e2e8=0000
[M8T] OUT2 e2e8=0003
[M8T] OUT2 e2e8=0000
[M8T] OUT2 e2e8=8001
[M8T] OUT2 e2e8=0000
[M8T] OUT2 e2e8=8001
[M8T] OUT2 e2e8=0000
*** 27 repeats ***
[M8T] IN2 9aee=0000
[M8T] OUT2 86e8=0000
[M8T] OUT2 82e8=0302
[M8T] OUT2 caee=0010
[M8X] scan cur=0,770 to=16 compat=0 dpc=3251 dp_compat=0 frgd_sel=1 bkgd_sel=0 mono=2 fmix=02 cmd_back=0 pixw=1 pitch=1024 off=0 dstp=1024
[M8T] IN2 9aee=0000
[M8T] OUT2 e2e8=0000
[M8T] IN2 9aee=0000
[M8T] IN2 9aee=8000
[M8T] IN2 9aee=0000
[M8T] OUT2 8ee8=0200
[M8T] OUT2 8ae8=0180
[M8T] IN2 9aee=fe00
[M8T] IN2 9aee=0000
[M8T] OUT2 86e8=0010
[M8T] OUT2 82e8=0300
[M8B] start cur=16,768 dyend=769 dpc=6211 dpitch=1024 doff=0 clip 0,0-1535,1535 compat=0
[M8B] end cur=0,769
[M8T] IN2 9aee=0000
[M8T] OUT2 8ae8=019f
[M8T] OUT2 8ee8=0210
[M8T] IN2 9aee=f000
[M8T] IN2 9aee=0000
[M8T] OUT2 86e8=0000
[M8T] OUT2 82e8=0301
[M8T] OUT2 caee=0010
[M8X] scan cur=0,769 to=16 compat=0 dpc=6211 dp_compat=0 frgd_sel=3 bkgd_sel=0 mono=0 fmix=07 cmd_back=1 pixw=1 pitch=1024 off=0 dstp=1024
[M8Y] count=-1 width=16 dx=0 dy=769 dest=0c0400 clip l=0 t=0 r=1535 b=1535 cmp=0 fc=000000ff wm=000000ff
[M8T] IN2 9aee=0000
[M8T] OUT2 daee=0000
[M8T] OUT2 deee=0000
[M8T] OUT2 e2ee=03ff
[M8T] OUT2 e6ee=02ff
[M8T] OUT2 a6e8=ffff
[M8T] IN2 9aee=ff00
[M8T] IN2 9aee=0000
[M8T] OUT2 8ae8=0301
[M8T] OUT2 8ee8=0010
[M8T] OUT2 82e8=0180
[M8T] OUT2 86e8=0200
[M8B] start cur=512,384 dyend=416 dpc=2071 dpitch=1024 doff=0 clip 0,0-1023,767 compat=0
[M8T] IN2 9aee=0000
[M8T] OUT2 8ae8=0301
[M8T] OUT2 8ee8=0010
[M8T] OUT2 82e8=0180
[M8T] OUT2 86e8=0200
[M8B] start cur=512,384 dyend=416 dpc=2071 dpitch=1024 doff=0 clip 0,0-1023,767 compat=0
[M8T] OUT2 e2ee=05ff
[M8T] OUT2 e6ee=05ff
[M8T] IN2 9aee=c000
[M8T] IN2 9aee=0000
[M8T] OUT2 a6e8=ffff
[M8T] OUT2 86e8=0032
[M8T] OUT2 82e8=006c
[M8B] start cur=50,108 dyend=109 dpc=2211 dpitch=1024 doff=0 clip 0,0-1535,1535 compat=0
[M8B] end cur=50,109
[M8T] IN2 9aee=0000
[M8T] OUT2 a6e8=ffff
[M8T] OUT2 86e8=0032
[M8T] OUT2 82e8=006c
[M8B] start cur=50,108 dyend=109 dpc=2211 dpitch=1024 doff=0 clip 0,0-1535,1535 compat=0
[M8B] end cur=50,109
[M8T] IN2 9aee=0000
[M8T] OUT2 daee=0000
[M8T] OUT2 deee=0000
[M8T] OUT2 e2ee=03ff
[M8T] OUT2 e6ee=02ff
[M8T] IN2 9aee=fc00
[M8T] IN2 9aee=0000
[M8T] OUT2 8ee8=0010
[M8T] OUT2 8ae8=0300
[M8T] OUT2 86e8=0200
[M8T] OUT2 82e8=0180
[M8B] start cur=512,384 dyend=416 dpc=6211 dpitch=1024 doff=0 clip 0,0-1023,767 compat=0
[M8B] end cur=512,416
[M8T] OUT2 e2ee=05ff
[M8T] OUT2 e6ee=05ff
[M8T] IN2 9aee=c000
[M8T] IN2 9aee=0000
[M8T] IN2 9aee=e000
[M8T] IN2 9aee=0000
[M8T] OUT2 86e8=0010
[M8T] OUT2 82e8=0301
[M8B] start cur=16,769 dyend=770 dpc=3251 dpitch=1024 doff=0 clip 0,0-1535,1535 compat=0
[M8T] IN2 9aee=0000
[M8T] OUT2 e2e8=ff7f
[M8T] OUT2 e2e8=ffff
[M8T] OUT2 e2e8=ff3f
[M8T] OUT2 e2e8=ffff
[M8T] OUT2 e2e8=ff1f
[M8T] OUT2 e2e8=ffff
[M8T] OUT2 e2e8=ff0f
[M8T] OUT2 e2e8=ffff
[M8T] OUT2 e2e8=ff07
[M8T] OUT2 e2e8=ffff
[M8T] OUT2 e2e8=ff03
[M8T] OUT2 e2e8=ffff
[M8T] OUT2 e2e8=ff01
[M8T] OUT2 e2e8=ffff
[M8T] OUT2 e2e8=ff00
[M8T] OUT2 e2e8=ffff
[M8T] OUT2 e2e8=7f00
[M8T] OUT2 e2e8=ffff
[M8T] OUT2 e2e8=3f00
[M8T] OUT2 e2e8=ffff
[M8T] OUT2 e2e8=1f00
[M8T] OUT2 e2e8=ffff
[M8T] OUT2 e2e8=ff01
[M8T] OUT2 e2e8=ffff
[M8T] OUT2 e2e8=ff10
[M8T] OUT2 e2e8=ffff
[M8T] OUT2 e2e8=ff30
[M8T] OUT2 e2e8=ffff
[M8T] OUT2 e2e8=7f78
[M8T] OUT2 e2e8=ffff
[M8T] OUT2 e2e8=7ff8
[M8T] OUT2 e2e8=ffff
[M8T] OUT2 e2e8=3ffc
[M8T] OUT2 e2e8=ffff
[M8T] OUT2 e2e8=3ffc
[M8T] OUT2 e2e8=ffff
[M8T] OUT2 e2e8=7ffe
[M8T] OUT2 e2e8=ffff
*** 25 repeats ***
[M8T] IN2 9aee=0000
[M8T] OUT2 86e8=0000
[M8T] OUT2 82e8=0302
[M8T] OUT2 caee=0010
[M8X] scan cur=0,770 to=16 compat=0 dpc=3251 dp_compat=0 frgd_sel=1 bkgd_sel=0 mono=2 fmix=02 cmd_back=0 pixw=1 pitch=1024 off=0 dstp=1024
[M8T] IN2 9aee=0000
[M8T] OUT2 e2e8=ffff
[M8T] IN2 9aee=0000
[M8T] OUT2 86e8=0010
[M8T] OUT2 82e8=0301
[M8B] start cur=16,769 dyend=770 dpc=3251 dpitch=1024 doff=0 clip 0,0-1535,1535 compat=0
[M8T] IN2 9aee=0000
[M8T] OUT2 e2e8=0000
*** 3 repeats ***
[M8T] OUT2 e2e8=0040
[M8T] OUT2 e2e8=0000
[M8T] OUT2 e2e8=0060
[M8T] OUT2 e2e8=0000
[M8T] OUT2 e2e8=0070
[M8T] OUT2 e2e8=0000
[M8T] OUT2 e2e8=0078
[M8T] OUT2 e2e8=0000
[M8T] OUT2 e2e8=007c
[M8T] OUT2 e2e8=0000
[M8T] OUT2 e2e8=007e
[M8T] OUT2 e2e8=0000
[M8T] OUT2 e2e8=007f
[M8T] OUT2 e2e8=0000
[M8T] OUT2 e2e8=807f
[M8T] OUT2 e2e8=0000
[M8T] OUT2 e2e8=007c
[M8T] OUT2 e2e8=0000
[M8T] OUT2 e2e8=006c
[M8T] OUT2 e2e8=0000
[M8T] OUT2 e2e8=0046
[M8T] OUT2 e2e8=0000
[M8T] OUT2 e2e8=0006
[M8T] OUT2 e2e8=0000
[M8T] OUT2 e2e8=0003
[M8T] OUT2 e2e8=0000
[M8T] OUT2 e2e8=0003
[M8T] OUT2 e2e8=0000
[M8T] OUT2 e2e8=8001
[M8T] OUT2 e2e8=0000
[M8T] OUT2 e2e8=8001
[M8T] OUT2 e2e8=0000
*** 27 repeats ***
[M8T] IN2 9aee=0000
[M8T] OUT2 86e8=0000
[M8T] OUT2 82e8=0302
[M8T] OUT2 caee=0010
[M8X] scan cur=0,770 to=16 compat=0 dpc=3251 dp_compat=0 frgd_sel=1 bkgd_sel=0 mono=2 fmix=02 cmd_back=0 pixw=1 pitch=1024 off=0 dstp=1024
[M8T] IN2 9aee=0000
[M8T] OUT2 e2e8=0000
[M8T] IN2 9aee=0000
[M8T] IN2 9aee=8000
[M8T] IN2 9aee=0000
[M8T] OUT2 8ee8=0200
[M8T] OUT2 8ae8=0180
[M8T] IN2 9aee=fe00
[M8T] IN2 9aee=0000
[M8T] OUT2 86e8=0010
[M8T] OUT2 82e8=0300
[M8B] start cur=16,768 dyend=769 dpc=6211 dpitch=1024 doff=0 clip 0,0-1535,1535 compat=0
[M8B] end cur=0,769
[M8T] IN2 9aee=0000
[M8T] OUT2 8ae8=019f
[M8T] OUT2 8ee8=0210
[M8T] IN2 9aee=f000
[M8T] IN2 9aee=0000
[M8T] OUT2 86e8=0000
[M8T] OUT2 82e8=0301
[M8T] OUT2 caee=0010
[M8X] scan cur=0,769 to=16 compat=0 dpc=6211 dp_compat=0 frgd_sel=3 bkgd_sel=0 mono=0 fmix=07 cmd_back=1 pixw=1 pitch=1024 off=0 dstp=1024
[M8Y] count=-1 width=16 dx=0 dy=769 dest=0c0400 clip l=0 t=0 r=1535 b=1535 cmp=0 fc=000000ff wm=000000ff
[M8T] IN2 9aee=0000
[M8T] OUT2 daee=0000
[M8T] OUT2 deee=0000
[M8T] OUT2 e2ee=03ff
[M8T] OUT2 e6ee=02ff
[M8T] OUT2 a6e8=ffff
[M8T] IN2 9aee=ff00
[M8T] IN2 9aee=0000
[M8T] OUT2 8ae8=0301
[M8T] OUT2 8ee8=0010
[M8T] OUT2 82e8=0180
[M8T] OUT2 86e8=0200
[M8B] start cur=512,384 dyend=416 dpc=2071 dpitch=1024 doff=0 clip 0,0-1023,767 compat=0
[M8T] IN2 9aee=0000
[M8T] OUT2 8ae8=0301
[M8T] OUT2 8ee8=0010
[M8T] OUT2 82e8=0180
[M8T] OUT2 86e8=0200
[M8B] start cur=512,384 dyend=416 dpc=2071 dpitch=1024 doff=0 clip 0,0-1023,767 compat=0
[M8T] OUT2 e2ee=05ff
[M8T] OUT2 e6ee=05ff
[M8T] IN2 9aee=c000
[M8T] IN2 9aee=0000
[M8T] OUT2 a6e8=ffff
[M8T] OUT2 86e8=0032
[M8T] OUT2 82e8=006c
[M8B] start cur=50,108 dyend=109 dpc=2211 dpitch=1024 doff=0 clip 0,0-1535,1535 compat=0
[M8B] end cur=50,109
[M8T] IN2 9aee=0000
[M8T] OUT2 a6e8=0707
[M8T] OUT2 86e8=0030
[M8T] OUT2 82e8=0042
[M8B] start cur=48,66 dyend=67 dpc=2211 dpitch=1024 doff=0 clip 0,0-1535,1535 compat=0
[M8B] end cur=48,67
[M8T] IN2 9aee=0000
[M8T] IN2 9ae8=0000
[M8T] OUT2 daee=027e
[M8T] OUT2 e2ee=02b3
[M8T] OUT2 86e8=027e
[M8T] OUT2 82e8=0030
[M8B] start cur=638,48 dyend=66 dpc=5211 dpitch=1024 doff=0 clip 638,0-691,1535 compat=0
[M8T] OUT2 e2e8=f8f8
*** 54 repeats ***
[M8T] OUT2 e2e8=ffff
*** 6 repeats ***
[M8T] OUT2 e2e8=00ff
[M8T] OUT2 e2e8=ffff
*** 6 repeats ***
[M8T] OUT2 e2e8=00ff
[M8T] OUT2 e2e8=f8f8
[M8T] OUT2 e2e8=ffff
*** 6 repeats ***
[M8T] OUT2 e2e8=00ff
[M8T] OUT2 e2e8=f8f8
*** 1 repeats ***
[M8T] OUT2 e2e8=07ff
[M8T] OUT2 e2e8=0707
*** 5 repeats ***
[M8T] OUT2 e2e8=00f8
[M8T] OUT2 e2e8=07ff
[M8T] OUT2 e2e8=0707
*** 5 repeats ***
[M8T] OUT2 e2e8=00f8
[M8T] OUT2 e2e8=f8f8
[M8T] OUT2 e2e8=07ff
[M8T] OUT2 e2e8=0707
*** 5 repeats ***
[M8T] OUT2 e2e8=00f8
[M8T] OUT2 e2e8=f8f8
*** 1 repeats ***
[M8T] OUT2 e2e8=07ff
[M8T] OUT2 e2e8=0707
*** 5 repeats ***
[M8T] OUT2 e2e8=00f8
[M8T] OUT2 e2e8=07ff
[M8T] OUT2 e2e8=0007
[M8T] OUT2 e2e8=0000
*** 3 repeats ***
[M8T] OUT2 e2e8=0707
[M8T] OUT2 e2e8=00f8
[M8T] OUT2 e2e8=f8f8
[M8T] OUT2 e2e8=07ff
[M8T] OUT2 e2e8=0707
*** 5 repeats ***
[M8T] OUT2 e2e8=00f8
[M8T] OUT2 e2e8=f8f8
*** 1 repeats ***
[M8T] OUT2 e2e8=07ff
[M8T] OUT2 e2e8=0707
*** 5 repeats ***
[M8T] OUT2 e2e8=00f8
[M8T] OUT2 e2e8=07ff
[M8T] OUT2 e2e8=0007
[M8T] OUT2 e2e8=0000
*** 3 repeats ***
[M8T] OUT2 e2e8=0707
[M8T] OUT2 e2e8=00f8
[M8T] OUT2 e2e8=f8f8
[M8T] OUT2 e2e8=07ff
[M8T] OUT2 e2e8=0707
[M8T] OUT2 e2e8=0000
[M8T] OUT2 e2e8=0707
*** 1 repeats ***
[M8T] OUT2 e2e8=0000
[M8T] OUT2 e2e8=0707
[M8T] OUT2 e2e8=00f8
[M8T] OUT2 e2e8=f8f8
*** 1 repeats ***
[M8T] OUT2 e2e8=07ff
[M8T] OUT2 e2e8=0707
*** 5 repeats ***
[M8T] OUT2 e2e8=00f8
[M8T] OUT2 e2e8=07ff
[M8T] OUT2 e2e8=0007
[M8T] OUT2 e2e8=0707
*** 2 repeats ***
[M8T] OUT2 e2e8=0007
[M8T] OUT2 e2e8=0707
[M8T] OUT2 e2e8=00f8
[M8T] OUT2 e2e8=f8f8
[M8T] OUT2 e2e8=07ff
[M8T] OUT2 e2e8=0707
[M8T] OUT2 e2e8=0007
[M8T] OUT2 e2e8=0700
[M8T] OUT2 e2e8=0007
[M8T] OUT2 e2e8=0700
[M8T] OUT2 e2e8=0707
[M8T] OUT2 e2e8=00f8
[M8T] OUT2 e2e8=f8f8
*** 1 repeats ***
[M8T] OUT2 e2e8=07ff
[M8T] OUT2 e2e8=0707
*** 5 repeats ***
[M8T] OUT2 e2e8=00f8
[M8T] OUT2 e2e8=07ff
[M8T] OUT2 e2e8=0007
[M8T] OUT2 e2e8=0707
*** 2 repeats ***
[M8T] OUT2 e2e8=0007
[M8T] OUT2 e2e8=0707
[M8T] OUT2 e2e8=00f8
[M8T] OUT2 e2e8=f8f8
[M8T] OUT2 e2e8=07ff
[M8T] OUT2 e2e8=0707
*** 1 repeats ***
[M8T] OUT2 e2e8=0000
*** 1 repeats ***
[M8T] OUT2 e2e8=0707
*** 1 repeats ***
[M8T] OUT2 e2e8=00f8
[M8T] OUT2 e2e8=f8f8
*** 1 repeats ***
[M8T] OUT2 e2e8=07ff
[M8T] OUT2 e2e8=0707
*** 5 repeats ***
[M8T] OUT2 e2e8=00f8
[M8T] OUT2 e2e8=07ff
[M8T] OUT2 e2e8=0007
[M8T] OUT2 e2e8=0707
*** 2 repeats ***
[M8T] OUT2 e2e8=0007
[M8T] OUT2 e2e8=0707
[M8T] OUT2 e2e8=00f8
[M8T] OUT2 e2e8=f8f8
[M8T] OUT2 e2e8=07ff
[M8T] OUT2 e2e8=0707
*** 1 repeats ***
[M8T] OUT2 e2e8=0007
[M8T] OUT2 e2e8=0700
[M8T] OUT2 e2e8=0707
*** 1 repeats ***
[M8T] OUT2 e2e8=00f8
[M8T] OUT2 e2e8=f8f8
*** 1 repeats ***
[M8T] OUT2 e2e8=07ff
[M8T] OUT2 e2e8=0707
*** 5 repeats ***
[M8T] OUT2 e2e8=00f8
[M8T] OUT2 e2e8=07ff
[M8T] OUT2 e2e8=0007
[M8T] OUT2 e2e8=0707
*** 2 repeats ***
[M8T] OUT2 e2e8=0007
[M8T] OUT2 e2e8=0707
[M8T] OUT2 e2e8=00f8
[M8T] OUT2 e2e8=f8f8
[M8T] OUT2 e2e8=07ff
[M8T] OUT2 e2e8=0707
*** 1 repeats ***
[M8T] OUT2 e2e8=0000
*** 1 repeats ***
[M8T] OUT2 e2e8=0707
*** 1 repeats ***
[M8T] OUT2 e2e8=00f8
[M8T] OUT2 e2e8=f8f8
*** 1 repeats ***
[M8T] OUT2 e2e8=07ff
[M8T] OUT2 e2e8=0707
*** 5 repeats ***
[M8T] OUT2 e2e8=00f8
[M8T] OUT2 e2e8=07ff
[M8T] OUT2 e2e8=0007
[M8T] OUT2 e2e8=0707
*** 2 repeats ***
[M8T] OUT2 e2e8=0007
[M8T] OUT2 e2e8=0707
[M8T] OUT2 e2e8=00f8
[M8T] OUT2 e2e8=f8f8
[M8T] OUT2 e2e8=07ff
[M8T] OUT2 e2e8=0707
[M8T] OUT2 e2e8=0007
[M8T] OUT2 e2e8=0700
[M8T] OUT2 e2e8=0007
[M8T] OUT2 e2e8=0700
[M8T] OUT2 e2e8=0707
[M8T] OUT2 e2e8=00f8
[M8T] OUT2 e2e8=f8f8
*** 1 repeats ***
[M8T] OUT2 e2e8=07ff
[M8T] OUT2 e2e8=0707
[M8T] OUT2 e2e8=0000
*** 2 repeats ***
[M8T] OUT2 e2e8=0707
*** 1 repeats ***
[M8T] OUT2 e2e8=00f8
[M8T] OUT2 e2e8=07ff
[M8T] OUT2 e2e8=0007
[M8T] OUT2 e2e8=0707
*** 2 repeats ***
[M8T] OUT2 e2e8=0007
[M8T] OUT2 e2e8=0707
[M8T] OUT2 e2e8=00f8
[M8T] OUT2 e2e8=f8f8
[M8T] OUT2 e2e8=07ff
[M8T] OUT2 e2e8=0707
[M8T] OUT2 e2e8=0000
[M8T] OUT2 e2e8=0707
*** 1 repeats ***
[M8T] OUT2 e2e8=0000
[M8T] OUT2 e2e8=0707
[M8T] OUT2 e2e8=00f8
[M8T] OUT2 e2e8=f8f8
*** 1 repeats ***
[M8T] OUT2 e2e8=07ff
[M8T] OUT2 e2e8=0707
[M8T] OUT2 e2e8=0000
*** 2 repeats ***
[M8T] OUT2 e2e8=0707
*** 1 repeats ***
[M8T] OUT2 e2e8=00f8
[M8T] OUT2 e2e8=07ff
[M8T] OUT2 e2e8=0007
[M8T] OUT2 e2e8=0000
*** 3 repeats ***
[M8T] OUT2 e2e8=0707
[M8T] OUT2 e2e8=00f8
[M8T] OUT2 e2e8=f8f8
[M8T] OUT2 e2e8=07ff
[M8T] OUT2 e2e8=0707
*** 5 repeats ***
[M8T] OUT2 e2e8=00f8
[M8T] OUT2 e2e8=f8f8
*** 1 repeats ***
[M8T] OUT2 e2e8=07ff
[M8T] OUT2 e2e8=0707
*** 5 repeats ***
[M8T] OUT2 e2e8=00f8
[M8T] OUT2 e2e8=07ff
[M8T] OUT2 e2e8=0707
*** 5 repeats ***
[M8T] OUT2 e2e8=00f8
[M8T] OUT2 e2e8=f8f8
[M8T] OUT2 e2e8=07ff
[M8T] OUT2 e2e8=0707
*** 5 repeats ***
[M8T] OUT2 e2e8=00f8
[M8T] OUT2 e2e8=f8f8
*** 1 repeats ***
[M8T] OUT2 e2e8=f8ff
[M8T] OUT2 e2e8=f8f8
*** 5 repeats ***
[M8T] OUT2 e2e8=00f8
[M8T] OUT2 e2e8=f8ff
[M8T] OUT2 e2e8=f8f8
*** 5 repeats ***
[M8T] OUT2 e2e8=00f8
[M8T] OUT2 e2e8=f8f8
[M8T] OUT2 e2e8=f8ff
[M8T] OUT2 e2e8=f8f8
*** 5 repeats ***
[M8T] OUT2 e2e8=00f8
[M8T] OUT2 e2e8=f8f8
*** 1 repeats ***
[M8T] OUT2 e2e8=0000
*** 15 repeats ***
[M8T] OUT2 e2e8=f8f8
[M8T] OUT2 e2e8=0000
*** 7 repeats ***
[M8T] OUT2 e2e8=f8f8
*** 54 repeats ***
[M8B] end cur=638,66
[M8T] IN2 9aee=0000
[M8T] OUT2 daee=0000
[M8T] OUT2 e2ee=05ff
[M8T] IN2 9aee=c000
[M8T] IN2 9aee=0000
[M8T] IN2 9ae8=0000
[M8T] OUT2 daee=0030
[M8T] OUT2 e2ee=0041
[M8T] OUT2 86e8=0030
[M8T] OUT2 82e8=0030
[M8B] start cur=48,48 dyend=66 dpc=5211 dpitch=1024 doff=0 clip 48,0-65,1535 compat=0
[M8T] OUT2 e2e8=f8f8
*** 9 repeats ***
[M8T] OUT2 e2e8=00f8
[M8T] OUT2 e2e8=0000
[M8T] OUT2 e2e8=f8f8
[M8T] OUT2 e2e8=0000
*** 3 repeats ***
[M8T] OUT2 e2e8=f8f8
*** 1 repeats ***
[M8T] OUT2 e2e8=00f8
[M8T] OUT2 e2e8=00f7
[M8T] OUT2 e2e8=00f8
[M8T] OUT2 e2e8=f7f8
[M8T] OUT2 e2e8=0000
[M8T] OUT2 e2e8=00f8
[M8T] OUT2 e2e8=f700
[M8T] OUT2 e2e8=f800
[M8T] OUT2 e2e8=f8f8
[M8T] OUT2 e2e8=00f8
[M8T] OUT2 e2e8=f8f8
[M8T] OUT2 e2e8=0000
[M8T] OUT2 e2e8=f7f7
[M8T] OUT2 e2e8=0000
*** 2 repeats ***
[M8T] OUT2 e2e8=f800
[M8T] OUT2 e2e8=f8f8
[M8T] OUT2 e2e8=00f8
[M8T] OUT2 e2e8=f800
*** 1 repeats ***
[M8T] OUT2 e2e8=f700
[M8T] OUT2 e2e8=0000
*** 1 repeats ***
[M8T] OUT2 e2e8=00f8
[M8T] OUT2 e2e8=f8f8
*** 1 repeats ***
[M8T] OUT2 e2e8=00f8
[M8T] OUT2 e2e8=0000
[M8T] OUT2 e2e8=f8f8
[M8T] OUT2 e2e8=f700
[M8T] OUT2 e2e8=0000
[M8T] OUT2 e2e8=f800
[M8T] OUT2 e2e8=f700
[M8T] OUT2 e2e8=f800
[M8T] OUT2 e2e8=f8f8
[M8T] OUT2 e2e8=00f8
[M8T] OUT2 e2e8=0000
[M8T] OUT2 e2e8=00f8
[M8T] OUT2 e2e8=f700
[M8T] OUT2 e2e8=0000
[M8T] OUT2 e2e8=00f8
[M8T] OUT2 e2e8=f8f8
[M8T] OUT2 e2e8=f800
[M8T] OUT2 e2e8=f8f8
[M8T] OUT2 e2e8=0100
[M8T] OUT2 e2e8=0101
[M8T] OUT2 e2e8=0001
[M8T] OUT2 e2e8=0404
[M8T] OUT2 e2e8=0004
[M8T] OUT2 e2e8=0303
[M8T] OUT2 e2e8=0003
[M8T] OUT2 e2e8=f800
[M8T] OUT2 e2e8=f8f8
[M8T] OUT2 e2e8=f900
[M8T] OUT2 e2e8=f9f9
[M8T] OUT2 e2e8=0401
[M8T] OUT2 e2e8=fcfc
[M8T] OUT2 e2e8=0304
[M8T] OUT2 e2e8=fbfb
*** 1 repeats ***
[M8T] OUT2 e2e8=0003
[M8T] OUT2 e2e8=f8f8
[M8T] OUT2 e2e8=f900
[M8T] OUT2 e2e8=0101
[M8T] OUT2 e2e8=fc00
[M8T] OUT2 e2e8=0000
[M8T] OUT2 e2e8=fb00
[M8T] OUT2 e2e8=0400
[M8T] OUT2 e2e8=0300
[M8T] OUT2 e2e8=0003
[M8T] OUT2 e2e8=f8f8
[M8T] OUT2 e2e8=f900
[M8T] OUT2 e2e8=0001
[M8T] OUT2 e2e8=0404
[M8T] OUT2 e2e8=0101
[M8T] OUT2 e2e8=fb00
[M8T] OUT2 e2e8=fc00
[M8T] OUT2 e2e8=0000
[M8T] OUT2 e2e8=f800
[M8T] OUT2 e2e8=f8f8
[M8T] OUT2 e2e8=f900
[M8T] OUT2 e2e8=f801
[M8T] OUT2 e2e8=0404
[M8T] OUT2 e2e8=0101
[M8T] OUT2 e2e8=00f8
[M8T] OUT2 e2e8=fc00
[M8T] OUT2 e2e8=0303
[M8T] OUT2 e2e8=f800
[M8T] OUT2 e2e8=f8f8
[M8T] OUT2 e2e8=f900
[M8T] OUT2 e2e8=f801
[M8T] OUT2 e2e8=0404
[M8T] OUT2 e2e8=0101
[M8T] OUT2 e2e8=00f8
[M8T] OUT2 e2e8=fc00
[M8T] OUT2 e2e8=fb00
[M8T] OUT2 e2e8=00fb
[M8T] OUT2 e2e8=f8f8
[M8T] OUT2 e2e8=f900
[M8T] OUT2 e2e8=0001
[M8T] OUT2 e2e8=0100
[M8T] OUT2 e2e8=00f9
[M8T] OUT2 e2e8=fb00
[M8T] OUT2 e2e8=0003
[M8T] OUT2 e2e8=0300
[M8T] OUT2 e2e8=00fb
[M8T] OUT2 e2e8=f8f8
[M8T] OUT2 e2e8=f900
[M8T] OUT2 e2e8=f9f9
*** 1 repeats ***
[M8T] OUT2 e2e8=0400
[M8T] OUT2 e2e8=0304
[M8T] OUT2 e2e8=fbfb
*** 1 repeats ***
[M8T] OUT2 e2e8=0003
[M8T] OUT2 e2e8=f8f8
[M8T] OUT2 e2e8=f900
[M8T] OUT2 e2e8=0101
*** 1 repeats ***
[M8T] OUT2 e2e8=0400
[M8T] OUT2 e2e8=0004
[M8T] OUT2 e2e8=0303
*** 1 repeats ***
[M8T] OUT2 e2e8=0000
[M8T] OUT2 e2e8=f8f8
[M8T] OUT2 e2e8=0000
*** 6 repeats ***
[M8T] OUT2 e2e8=f800
[M8T] OUT2 e2e8=f8f8
*** 8 repeats ***
[M8B] end cur=48,66
[M8T] IN2 9aee=0000
[M8T] OUT2 daee=0000
[M8T] OUT2 e2ee=05ff
[M8T] IN2 9aee=c000
[M8T] IN2 9aee=0000
[M8T] OUT2 a6e8=f8f8
[M8T] OUT2 86e8=0042
[M8T] OUT2 82e8=0030
[M8B] start cur=66,48 dyend=66 dpc=2211 dpitch=1024 doff=0 clip 0,0-1535,1535 compat=0
[M8B] end cur=66,66
[M8T] IN2 9aee=0000
[M8T] OUT2 daee=0042
[M8T] OUT2 deee=0030
[M8T] OUT2 e2ee=027d
[M8T] OUT2 e6ee=0041
[M8T] IN2 9aee=f000
[M8T] IN2 9aee=0000
[M8T] OUT2 a6e8=00f8
[M8T] IN2 9aee=e000
[M8T] IN2 9aee=0000
[M8T] OUT2 86e8=0044
[M8T] OUT2 82e8=0032
[M8B] start cur=68,50 dyend=63 dpc=2211 dpitch=1024 doff=0 clip 66,48-637,65 compat=0
[M8B] end cur=68,63
[M8T] IN2 9aee=0000
[M8T] OUT2 a6e8=0007
[M8T] IN2 9aee=f800
[M8T] IN2 9aee=0000
[M8T] OUT2 daee=0000
[M8T] OUT2 deee=0000
[M8T] OUT2 e2ee=05ff
[M8T] OUT2 e6ee=05ff
[M8T] IN2 9aee=f000
[M8T] IN2 9aee=0000
[M8T] OUT2 daee=0042
[M8T] OUT2 deee=0030
[M8T] OUT2 e2ee=027d
[M8T] OUT2 e6ee=0041
[M8T] IN2 9aee=f000
[M8T] IN2 9aee=0000
[M8T] OUT2 a6e8=00f8
[M8T] IN2 9aee=e000
[M8T] IN2 9aee=0000
[M8T] OUT2 86e8=0045
[M8T] OUT2 82e8=0032
[M8B] start cur=69,50 dyend=63 dpc=2211 dpitch=1024 doff=0 clip 66,48-637,65 compat=0
[M8B] end cur=69,63
[M8T] IN2 9aee=0000
[M8T] OUT2 a6e8=0007
[M8T] IN2 9aee=f800
[M8T] IN2 9aee=0000
[M8T] OUT2 86e8=0046
[M8T] OUT2 82e8=0034
[M8B] start cur=70,52 dyend=61 dpc=3251 dpitch=1024 doff=0 clip 66,48-637,65 compat=0
[M8T] IN2 9aee=0000
[M8T] OUT2 e2e8=187a
[M8T] OUT2 e2e8=8220
[M8T] OUT2 e2e8=2108
[M8T] OUT2 e2e8=0078
[M8T] IN2 9aee=0000
[M8T] OUT2 86e8=004e
[M8T] OUT2 82e8=0037
[M8B] start cur=78,55 dyend=61 dpc=3251 dpitch=1024 doff=0 clip 66,48-637,65 compat=0
[M8T] IN2 9aee=0000
[M8T] OUT2 e2e8=0084
[M8T] OUT2 e2e8=0000
[M8T] IN2 9aee=8000
[M8T] IN2 9aee=0000
[M8T] OUT2 86e8=0052
[M8T] OUT2 82e8=0034
[M8B] start cur=82,52 dyend=61 dpc=3251 dpitch=1024 doff=0 clip 66,48-637,65 compat=0
[M8T] IN2 9aee=0000
[M8T] OUT2 e2e8=8488
[M8T] OUT2 e2e8=2142
[M8T] OUT2 e2e8=0010
[M8T] OUT2 e2e8=0000
[M8T] IN2 9aee=8000
[M8T] IN2 9aee=0000
[M8T] OUT2 86e8=0057
[M8T] OUT2 82e8=0034
[M8B] start cur=87,52 dyend=61 dpc=3251 dpitch=1024 doff=0 clip 66,48-637,65 compat=0
[M8T] IN2 9aee=0000
[M8T] OUT2 e2e8=3080
[M8T] OUT2 e2e8=1105
[M8T] OUT2 e2e8=2422
[M8T] OUT2 e2e8=5544
[M8T] IN2 9aee=0000
[M8T] OUT2 e2e8=a00a
[M8T] OUT2 e2e8=1188
[M8T] OUT2 e2e8=0000
*** 1 repeats ***
[M8T] IN2 9aee=8000
[M8T] IN2 9aee=0000
[M8T] OUT2 86e8=0064
[M8T] OUT2 82e8=0034
[M8B] start cur=100,52 dyend=61 dpc=3251 dpitch=1024 doff=0 clip 66,48-637,65 compat=0
[M8T] IN2 9aee=0000
[M8T] OUT2 e2e8=80ff
[M8T] OUT2 e2e8=0000
[M8T] IN2 9aee=8000
[M8T] IN2 9aee=0000
[M8T] OUT2 86e8=0068
[M8T] OUT2 82e8=0034
[M8B] start cur=104,52 dyend=61 dpc=3251 dpitch=1024 doff=0 clip 66,48-637,65 compat=0
[M8T] IN2 9aee=0000
[M8T] OUT2 e2e8=1c87
[M8T] OUT2 e2e8=a669
[M8T] OUT2 e2e8=e358
[M8T] OUT2 e2e8=0084
[M8T] IN2 9aee=0000
[M8T] OUT2 86e8=0071
[M8T] OUT2 82e8=0034
[M8B] start cur=113,52 dyend=61 dpc=3251 dpitch=1024 doff=0 clip 66,48-637,65 compat=0
[M8T] IN2 9aee=0000
[M8T] OUT2 e2e8=28f2
[M8T] OUT2 e2e8=8661
[M8T] OUT2 e2e8=6218
[M8T] OUT2 e2e8=00f0
[M8T] IN2 9aee=0000
[M8T] OUT2 86e8=007a
[M8T] OUT2 82e8=0034
[M8B] start cur=122,52 dyend=61 dpc=3251 dpitch=1024 doff=0 clip 66,48-637,65 compat=0
[M8T] IN2 9aee=0000
[M8T] OUT2 e2e8=187a
[M8T] OUT2 e2e8=8661
[M8T] OUT2 e2e8=6118
[M8T] OUT2 e2e8=0078
[M8T] IN2 9aee=0000
[M8T] OUT2 86e8=0082
[M8T] OUT2 82e8=0034
[M8B] start cur=130,52 dyend=61 dpc=3251 dpitch=1024 doff=0 clip 66,48-637,65 compat=0
[M8T] IN2 9aee=0000
[M8T] OUT2 e2e8=3080
[M8T] OUT2 e2e8=1105
[M8T] OUT2 e2e8=2422
[M8T] OUT2 e2e8=5544
[M8T] IN2 9aee=0000
[M8T] OUT2 e2e8=a00a
[M8T] OUT2 e2e8=1188
[M8T] OUT2 e2e8=0000
*** 1 repeats ***
[M8T] IN2 9aee=8000
[M8T] IN2 9aee=0000
[M8T] OUT2 86e8=008f
[M8T] OUT2 82e8=0034
[M8B] start cur=143,52 dyend=61 dpc=3251 dpitch=1024 doff=0 clip 66,48-637,65 compat=0
[M8T] IN2 9aee=0000
[M8T] OUT2 e2e8=6174
[M8T] OUT2 e2e8=0407
[M8T] OUT2 e2e8=7031
[M8T] OUT2 e2e8=0000
[M8T] IN2 9aee=8000
[M8T] IN2 9aee=0000
[M8T] OUT2 86e8=0097
[M8T] OUT2 82e8=0034
[M8B] start cur=151,52 dyend=61 dpc=3251 dpitch=1024 doff=0 clip 66,48-637,65 compat=0
[M8T] IN2 9aee=0000
[M8T] OUT2 e2e8=8488
[M8T] OUT2 e2e8=2142
[M8T] OUT2 e2e8=0010
[M8T] OUT2 e2e8=0000
[M8T] IN2 9aee=8000
[M8T] IN2 9aee=0000
[M8T] OUT2 86e8=009d
[M8T] OUT2 82e8=0034
[M8B] start cur=157,52 dyend=61 dpc=3251 dpitch=1024 doff=0 clip 66,48-637,65 compat=0
[M8T] IN2 9aee=0000
[M8T] OUT2 e2e8=18fa
[M8T] OUT2 e2e8=fa61
[M8T] OUT2 e2e8=6118
[M8T] OUT2 e2e8=0084
[M8T] IN2 9aee=0000
[M8T] OUT2 86e8=00a6
[M8T] OUT2 82e8=0034
[M8B] start cur=166,52 dyend=61 dpc=3251 dpitch=1024 doff=0 clip 66,48-637,65 compat=0
[M8T] IN2 9aee=0000
[M8T] OUT2 e2e8=1886
[M8T] OUT2 e2e8=8661
[M8T] OUT2 e2e8=6118
[M8T] OUT2 e2e8=0078
[M8T] IN2 9aee=0000
[M8T] OUT2 86e8=00af
[M8T] OUT2 82e8=0034
[M8B] start cur=175,52 dyend=61 dpc=3251 dpitch=1024 doff=0 clip 66,48-637,65 compat=0
[M8T] IN2 9aee=0000
[M8T] OUT2 e2e8=1c87
[M8T] OUT2 e2e8=a669
[M8T] OUT2 e2e8=e358
[M8T] OUT2 e2e8=0084
[M8T] IN2 9aee=0000
[M8T] OUT2 86e8=00b8
[M8T] OUT2 82e8=0034
[M8B] start cur=184,52 dyend=61 dpc=3251 dpitch=1024 doff=0 clip 66,48-637,65 compat=0
[M8T] IN2 9aee=0000
[M8T] OUT2 e2e8=28f2
[M8T] OUT2 e2e8=8661
[M8T] OUT2 e2e8=6218
[M8T] OUT2 e2e8=00f0
[M8T] IN2 9aee=0000
[M8T] OUT2 86e8=00c1
[M8T] OUT2 82e8=0034
[M8B] start cur=193,52 dyend=61 dpc=3251 dpitch=1024 doff=0 clip 66,48-637,65 compat=0
[M8T] IN2 9aee=0000
[M8T] OUT2 e2e8=2184
[M8T] OUT2 e2e8=4208
[M8T] OUT2 e2e8=f810
[M8T] OUT2 e2e8=0000
[M8T] IN2 9aee=8000
[M8T] IN2 9aee=0000
[M8T] OUT2 86e8=00c8
[M8T] OUT2 82e8=0034
[M8B] start cur=200,52 dyend=61 dpc=3251 dpitch=1024 doff=0 clip 66,48-637,65 compat=0
[M8T] IN2 9aee=0000
[M8T] OUT2 e2e8=2184
[M8T] OUT2 e2e8=4208
[M8T] OUT2 e2e8=f810
[M8T] OUT2 e2e8=0000
[M8T] IN2 9aee=8000
[M8T] IN2 9aee=0000
[M8T] OUT2 86e8=00cf
[M8T] OUT2 82e8=0034
[M8B] start cur=207,52 dyend=61 dpc=3251 dpitch=1024 doff=0 clip 66,48-637,65 compat=0
[M8T] IN2 9aee=0000
[M8T] OUT2 e2e8=4274
[M8T] OUT2 e2e8=0413
[M8T] OUT2 e2e8=7031
[M8T] OUT2 e2e8=0000
[M8T] IN2 9aee=8000
[M8T] IN2 9aee=0000
[M8T] OUT2 86e8=00d6
[M8T] OUT2 82e8=0034
[M8B] start cur=214,52 dyend=61 dpc=3251 dpitch=1024 doff=0 clip 66,48-637,65 compat=0
[M8T] IN2 9aee=0000
[M8T] OUT2 e2e8=4274
[M8T] OUT2 e2e8=1111
[M8T] OUT2 e2e8=f810
[M8T] OUT2 e2e8=0000
[M8T] IN2 9aee=8000
[M8T] IN2 9aee=0000
[M8T] OUT2 86e8=00dd
[M8T] OUT2 82e8=003c
[M8B] start cur=221,60 dyend=61 dpc=3251 dpitch=1024 doff=0 clip 66,48-637,65 compat=0
[M8T] IN2 9aee=0000
[M8T] OUT2 e2e8=0080
[M8T] OUT2 e2e8=0000
[M8T] IN2 9aee=8000
[M8T] IN2 9aee=0000
[M8T] OUT2 86e8=00e1
[M8T] OUT2 82e8=0034
[M8B] start cur=225,52 dyend=61 dpc=3251 dpitch=1024 doff=0 clip 66,48-637,65 compat=0
[M8T] IN2 9aee=0000
[M8T] OUT2 e2e8=21fc
[M8T] OUT2 e2e8=420f
[M8T] OUT2 e2e8=f810
[M8T] OUT2 e2e8=0000
[M8T] IN2 9aee=8000
[M8T] IN2 9aee=0000
[M8T] OUT2 86e8=00e8
[M8T] OUT2 82e8=0034
[M8B] start cur=232,52 dyend=61 dpc=3251 dpitch=1024 doff=0 clip 66,48-637,65 compat=0
[M8T] IN2 9aee=0000
[M8T] OUT2 e2e8=0583
[M8T] OUT2 e2e8=4111
[M8T] OUT2 e2e8=1105
[M8T] OUT2 e2e8=8241
[M8T] IN2 9aee=0000
[M8T] OUT2 86e8=00f1
[M8T] OUT2 82e8=0034
[M8B] start cur=241,52 dyend=61 dpc=3251 dpitch=1024 doff=0 clip 66,48-637,65 compat=0
[M8T] IN2 9aee=0000
[M8T] OUT2 e2e8=21fc
[M8T] OUT2 e2e8=420f
[M8T] OUT2 e2e8=f810
[M8T] OUT2 e2e8=0000
[M8T] IN2 9aee=8000
[M8T] IN2 9aee=0000
[M8T] OUT2 86e8=00fd
[M8T] OUT2 82e8=0034
[M8B] start cur=253,52 dyend=61 dpc=3251 dpitch=1024 doff=0 clip 66,48-637,65 compat=0
[M8T] IN2 9aee=0000
[M8T] OUT2 e2e8=1886
[M8T] OUT2 e2e8=8661
[M8T] OUT2 e2e8=6118
[M8T] OUT2 e2e8=0078
[M8T] IN2 9aee=0000
[M8T] OUT2 86e8=0106
[M8T] OUT2 82e8=0034
[M8B] start cur=262,52 dyend=61 dpc=3251 dpitch=1024 doff=0 clip 66,48-637,65 compat=0
[M8T] IN2 9aee=0000
[M8T] OUT2 e2e8=6174
[M8T] OUT2 e2e8=0407
[M8T] OUT2 e2e8=7031
[M8T] OUT2 e2e8=0000
[M8T] IN2 9aee=8000
[M8T] IN2 9aee=0000
[M8T] OUT2 86e8=010e
[M8T] OUT2 82e8=0034
[M8B] start cur=270,52 dyend=61 dpc=3251 dpitch=1024 doff=0 clip 66,48-637,65 compat=0
[M8T] IN2 9aee=0000
[M8T] OUT2 e2e8=21fc
[M8T] OUT2 e2e8=420f
[M8T] OUT2 e2e8=f810
[M8T] OUT2 e2e8=0000
[M8T] IN2 9aee=8000
[M8T] IN2 9aee=0000
[M8T] OUT2 86e8=0116
[M8T] OUT2 82e8=0034
[M8B] start cur=278,52 dyend=61 dpc=3251 dpitch=1024 doff=0 clip 66,48-637,65 compat=0
[M8T] IN2 9aee=0000
[M8T] OUT2 e2e8=18fa
[M8T] OUT2 e2e8=fa61
[M8T] OUT2 e2e8=6118
[M8T] OUT2 e2e8=0084
[M8T] IN2 9aee=0000
[M8T] OUT2 86e8=011f
[M8T] OUT2 82e8=003c
[M8B] start cur=287,60 dyend=61 dpc=3251 dpitch=1024 doff=0 clip 66,48-637,65 compat=0
[M8T] IN2 9aee=0000
[M8T] OUT2 e2e8=0080
[M8T] OUT2 e2e8=0000
[M8T] IN2 9aee=8000
[M8T] IN2 9aee=0000
[M8T] OUT2 86e8=0123
[M8T] OUT2 82e8=0034
[M8B] start cur=291,52 dyend=61 dpc=3251 dpitch=1024 doff=0 clip 66,48-637,65 compat=0
[M8T] IN2 9aee=0000
[M8T] OUT2 e2e8=21fc
[M8T] OUT2 e2e8=420f
[M8T] OUT2 e2e8=f810
[M8T] OUT2 e2e8=0000
[M8T] IN2 9aee=8000
[M8T] IN2 9aee=0000
[M8T] OUT2 86e8=012a
[M8T] OUT2 82e8=0034
[M8B] start cur=298,52 dyend=61 dpc=3251 dpitch=1024 doff=0 clip 66,48-637,65 compat=0
[M8T] IN2 9aee=0000
[M8T] OUT2 e2e8=0583
[M8T] OUT2 e2e8=4111
[M8T] OUT2 e2e8=1105
[M8T] OUT2 e2e8=8241
[M8T] IN2 9aee=0000
[M8T] OUT2 86e8=0133
[M8T] OUT2 82e8=0034
[M8B] start cur=307,52 dyend=61 dpc=3251 dpitch=1024 doff=0 clip 66,48-637,65 compat=0
[M8T] IN2 9aee=0000
[M8T] OUT2 e2e8=21fc
[M8T] OUT2 e2e8=420f
[M8T] OUT2 e2e8=f810
[M8T] OUT2 e2e8=0000
[M8T] IN2 9aee=8000
[M8T] IN2 9aee=0000
[M8T] OUT2 86e8=013b
[M8T] OUT2 82e8=003c
[M8B] start cur=315,60 dyend=62 dpc=3251 dpitch=1024 doff=0 clip 66,48-637,65 compat=0
[M8T] IN2 9aee=0000
[M8T] OUT2 e2e8=0060
[M8T] OUT2 e2e8=0000
[M8T] IN2 9aee=8000
[M8T] IN2 9aee=0000
[M8T] OUT2 86e8=013f
[M8T] OUT2 82e8=0034
[M8B] start cur=319,52 dyend=61 dpc=3251 dpitch=1024 doff=0 clip 66,48-637,65 compat=0
[M8T] IN2 9aee=0000
[M8T] OUT2 e2e8=21fc
[M8T] OUT2 e2e8=420f
[M8T] OUT2 e2e8=f810
[M8T] OUT2 e2e8=0000
[M8T] IN2 9aee=8000
[M8T] IN2 9aee=0000
[M8T] OUT2 86e8=0147
[M8T] OUT2 82e8=0037
[M8B] start cur=327,55 dyend=61 dpc=3251 dpitch=1024 doff=0 clip 66,48-637,65 compat=0
[M8T] IN2 9aee=0000
[M8T] OUT2 e2e8=6699
[M8T] OUT2 e2e8=0099
[M8T] IN2 9aee=0000
[M8T] OUT2 86e8=014d
[M8T] OUT2 82e8=0034
[M8B] start cur=333,52 dyend=61 dpc=3251 dpitch=1024 doff=0 clip 66,48-637,65 compat=0
[M8T] IN2 9aee=0000
[M8T] OUT2 e2e8=809f
[M8T] OUT2 e2e8=0000
[M8T] IN2 9aee=8000
[M8T] IN2 9aee=0000
[M8T] OUT2 86e8=0150
[M8T] OUT2 82e8=0035
[M8B] start cur=336,53 dyend=61 dpc=3251 dpitch=1024 doff=0 clip 66,48-637,65 compat=0
[M8T] IN2 9aee=0000
[M8T] OUT2 e2e8=a9ae
[M8T] OUT2 e2e8=0000
[M8T] IN2 9aee=8000
[M8T] IN2 9aee=0000
[M8T] OUT2 86e8=0153
[M8T] OUT2 82e8=0034
[M8B] start cur=339,52 dyend=61 dpc=3251 dpitch=1024 doff=0 clip 66,48-637,65 compat=0
[M8T] IN2 9aee=0000
[M8T] OUT2 e2e8=3080
[M8T] OUT2 e2e8=1105
[M8T] OUT2 e2e8=2422
[M8T] OUT2 e2e8=5544
[M8T] IN2 9aee=0000
[M8T] OUT2 e2e8=a00a
[M8T] OUT2 e2e8=1188
[M8T] OUT2 e2e8=0000
*** 1 repeats ***
[M8T] IN2 9aee=8000
[M8T] IN2 9aee=0000
[M8T] OUT2 86e8=0160
[M8T] OUT2 82e8=0034
[M8B] start cur=352,52 dyend=61 dpc=3251 dpitch=1024 doff=0 clip 66,48-637,65 compat=0
[M8T] IN2 9aee=0000
[M8T] OUT2 e2e8=809f
[M8T] OUT2 e2e8=0000
[M8T] IN2 9aee=8000
[M8T] IN2 9aee=0000
[M8T] OUT2 86e8=0163
[M8T] OUT2 82e8=0037
[M8B] start cur=355,55 dyend=61 dpc=3251 dpitch=1024 doff=0 clip 66,48-637,65 compat=0
[M8T] IN2 9aee=0000
[M8T] OUT2 e2e8=63b6
[M8T] OUT2 e2e8=c418
[M8T] IN2 9aee=0000
[M8T] OUT2 86e8=016a
[M8T] OUT2 82e8=0034
[M8B] start cur=362,52 dyend=61 dpc=3251 dpitch=1024 doff=0 clip 66,48-637,65 compat=0
[M8T] IN2 9aee=0000
[M8T] OUT2 e2e8=4208
[M8T] OUT2 e2e8=c6f8
[M8T] OUT2 e2e8=7831
[M8T] OUT2 e2e8=0000
[M8T] IN2 9aee=8000
[M8T] IN2 9aee=0000
[M8T] OUT2 86e8=0171
[M8T] OUT2 82e8=0037
[M8B] start cur=369,55 dyend=61 dpc=3251 dpitch=1024 doff=0 clip 66,48-637,65 compat=0
[M8T] IN2 9aee=0000
[M8T] OUT2 e2e8=6374
[M8T] OUT2 e2e8=b818
[M8T] IN2 9aee=0000
[M8T] OUT2 86e8=0178
[M8T] OUT2 82e8=0037
[M8B] start cur=376,55 dyend=61 dpc=3251 dpitch=1024 doff=0 clip 66,48-637,65 compat=0
[M8T] IN2 9aee=0000
[M8T] OUT2 e2e8=2693
[M8T] OUT2 e2e8=54ad
[M8T] OUT2 e2e8=8048
[M8T] OUT2 e2e8=0000
[M8T] IN2 9aee=8000
[M8T] IN2 9aee=0000
[M8T] OUT2 86e8=0181
[M8T] OUT2 82e8=0037
[M8B] start cur=385,55 dyend=61 dpc=3251 dpitch=1024 doff=0 clip 66,48-637,65 compat=0
[M8T] IN2 9aee=0000
[M8T] OUT2 e2e8=4269
[M8T] OUT2 e2e8=0096
[M8T] IN2 9aee=0000
[M8T] OUT2 daee=0000
[M8T] OUT2 deee=0000
[M8T] OUT2 e2ee=05ff
[M8T] OUT2 e6ee=05ff
[M8T] IN2 9aee=f000
[M8T] IN2 9aee=0000
[M8T] OUT2 daee=0042
[M8T] OUT2 deee=0030
[M8T] OUT2 e2ee=027d
[M8T] OUT2 e6ee=0041
[M8T] IN2 9aee=f000
[M8T] IN2 9aee=0000
[M8T] OUT2 a6e8=0007
[M8T] IN2 9aee=f800
[M8T] IN2 9aee=0000
[M8T] OUT2 86e8=0045
[M8T] OUT2 82e8=0034
[M8B] start cur=69,52 dyend=61 dpc=3251 dpitch=1024 doff=0 clip 66,48-637,65 compat=0
[M8T] IN2 9aee=0000
[M8T] OUT2 e2e8=187a
[M8T] OUT2 e2e8=8220
[M8T] OUT2 e2e8=2108
[M8T] OUT2 e2e8=0078
[M8T] IN2 9aee=0000
[M8T] OUT2 86e8=004d
[M8T] OUT2 82e8=0037
[M8B] start cur=77,55 dyend=61 dpc=3251 dpitch=1024 doff=0 clip 66,48-637,65 compat=0
[M8T] IN2 9aee=0000
[M8T] OUT2 e2e8=0084
[M8T] OUT2 e2e8=0000
[M8T] IN2 9aee=8000
[M8T] IN2 9aee=0000
[M8T] OUT2 86e8=0051
[M8T] OUT2 82e8=0034
[M8B] start cur=81,52 dyend=61 dpc=3251 dpitch=1024 doff=0 clip 66,48-637,65 compat=0
[M8T] IN2 9aee=0000
[M8T] OUT2 e2e8=8488
[M8T] OUT2 e2e8=2142
[M8T] OUT2 e2e8=0010
[M8T] OUT2 e2e8=0000
[M8T] IN2 9aee=8000
[M8T] IN2 9aee=0000
[M8T] OUT2 86e8=0056
[M8T] OUT2 82e8=0034
[M8B] start cur=86,52 dyend=61 dpc=3251 dpitch=1024 doff=0 clip 66,48-637,65 compat=0
[M8T] IN2 9aee=0000
[M8T] OUT2 e2e8=3080
[M8T] OUT2 e2e8=1105
[M8T] OUT2 e2e8=2422
[M8T] OUT2 e2e8=5544
[M8T] IN2 9aee=0000
[M8T] OUT2 e2e8=a00a
[M8T] OUT2 e2e8=1188
[M8T] OUT2 e2e8=0000
*** 1 repeats ***
[M8T] IN2 9aee=8000
[M8T] IN2 9aee=0000
[M8T] OUT2 86e8=0063
[M8T] OUT2 82e8=0034
[M8B] start cur=99,52 dyend=61 dpc=3251 dpitch=1024 doff=0 clip 66,48-637,65 compat=0
[M8T] IN2 9aee=0000
[M8T] OUT2 e2e8=80ff
[M8T] OUT2 e2e8=0000
[M8T] IN2 9aee=8000
[M8T] IN2 9aee=0000
[M8T] OUT2 86e8=0067
[M8T] OUT2 82e8=0034
[M8B] start cur=103,52 dyend=61 dpc=3251 dpitch=1024 doff=0 clip 66,48-637,65 compat=0
[M8T] IN2 9aee=0000
[M8T] OUT2 e2e8=1c87
[M8T] OUT2 e2e8=a669
[M8T] OUT2 e2e8=e358
[M8T] OUT2 e2e8=0084
[M8T] IN2 9aee=0000
[M8T] OUT2 86e8=0070
[M8T] OUT2 82e8=0034
[M8B] start cur=112,52 dyend=61 dpc=3251 dpitch=1024 doff=0 clip 66,48-637,65 compat=0
[M8T] IN2 9aee=0000
[M8T] OUT2 e2e8=28f2
[M8T] OUT2 e2e8=8661
[M8T] OUT2 e2e8=6218
[M8T] OUT2 e2e8=00f0
[M8T] IN2 9aee=0000
[M8T] OUT2 86e8=0079
[M8T] OUT2 82e8=0034
[M8B] start cur=121,52 dyend=61 dpc=3251 dpitch=1024 doff=0 clip 66,48-637,65 compat=0
[M8T] IN2 9aee=0000
[M8T] OUT2 e2e8=187a
[M8T] OUT2 e2e8=8661
[M8T] OUT2 e2e8=6118
[M8T] OUT2 e2e8=0078
[M8T] IN2 9aee=0000
[M8T] OUT2 86e8=0081
[M8T] OUT2 82e8=0034
[M8B] start cur=129,52 dyend=61 dpc=3251 dpitch=1024 doff=0 clip 66,48-637,65 compat=0
[M8T] IN2 9aee=0000
[M8T] OUT2 e2e8=3080
[M8T] OUT2 e2e8=1105
[M8T] OUT2 e2e8=2422
[M8T] OUT2 e2e8=5544
[M8T] IN2 9aee=0000
[M8T] OUT2 e2e8=a00a
[M8T] OUT2 e2e8=1188
[M8T] OUT2 e2e8=0000
*** 1 repeats ***
[M8T] IN2 9aee=8000
[M8T] IN2 9aee=0000
[M8T] OUT2 86e8=008e
[M8T] OUT2 82e8=0034
[M8B] start cur=142,52 dyend=61 dpc=3251 dpitch=1024 doff=0 clip 66,48-637,65 compat=0
[M8T] IN2 9aee=0000
[M8T] OUT2 e2e8=6174
[M8T] OUT2 e2e8=0407
[M8T] OUT2 e2e8=7031
[M8T] OUT2 e2e8=0000
[M8T] IN2 9aee=8000
[M8T] IN2 9aee=0000
[M8T] OUT2 86e8=0096
[M8T] OUT2 82e8=0034
[M8B] start cur=150,52 dyend=61 dpc=3251 dpitch=1024 doff=0 clip 66,48-637,65 compat=0
[M8T] IN2 9aee=0000
[M8T] OUT2 e2e8=8488
[M8T] OUT2 e2e8=2142
[M8T] OUT2 e2e8=0010
[M8T] OUT2 e2e8=0000
[M8T] IN2 9aee=8000
[M8T] IN2 9aee=0000
[M8T] OUT2 86e8=009c
[M8T] OUT2 82e8=0034
[M8B] start cur=156,52 dyend=61 dpc=3251 dpitch=1024 doff=0 clip 66,48-637,65 compat=0
[M8T] IN2 9aee=0000
[M8T] OUT2 e2e8=18fa
[M8T] OUT2 e2e8=fa61
[M8T] OUT2 e2e8=6118
[M8T] OUT2 e2e8=0084
[M8T] IN2 9aee=0000
[M8T] OUT2 86e8=00a5
[M8T] OUT2 82e8=0034
[M8B] start cur=165,52 dyend=61 dpc=3251 dpitch=1024 doff=0 clip 66,48-637,65 compat=0
[M8T] IN2 9aee=0000
[M8T] OUT2 e2e8=1886
[M8T] OUT2 e2e8=8661
[M8T] OUT2 e2e8=6118
[M8T] OUT2 e2e8=0078
[M8T] IN2 9aee=0000
[M8T] OUT2 86e8=00ae
[M8T] OUT2 82e8=0034
[M8B] start cur=174,52 dyend=61 dpc=3251 dpitch=1024 doff=0 clip 66,48-637,65 compat=0
[M8T] IN2 9aee=0000
[M8T] OUT2 e2e8=1c87
[M8T] OUT2 e2e8=a669
[M8T] OUT2 e2e8=e358
[M8T] OUT2 e2e8=0084
[M8T] IN2 9aee=0000
[M8T] OUT2 86e8=00b7
[M8T] OUT2 82e8=0034
[M8B] start cur=183,52 dyend=61 dpc=3251 dpitch=1024 doff=0 clip 66,48-637,65 compat=0
[M8T] IN2 9aee=0000
[M8T] OUT2 e2e8=28f2
[M8T] OUT2 e2e8=8661
[M8T] OUT2 e2e8=6218
[M8T] OUT2 e2e8=00f0
[M8T] IN2 9aee=0000
[M8T] OUT2 86e8=00c0
[M8T] OUT2 82e8=0034
[M8B] start cur=192,52 dyend=61 dpc=3251 dpitch=1024 doff=0 clip 66,48-637,65 compat=0
[M8T] IN2 9aee=0000
[M8T] OUT2 e2e8=2184
[M8T] OUT2 e2e8=4208
[M8T] OUT2 e2e8=f810
[M8T] OUT2 e2e8=0000
[M8T] IN2 9aee=8000
[M8T] IN2 9aee=0000
[M8T] OUT2 86e8=00c7
[M8T] OUT2 82e8=0034
[M8B] start cur=199,52 dyend=61 dpc=3251 dpitch=1024 doff=0 clip 66,48-637,65 compat=0
[M8T] IN2 9aee=0000
[M8T] OUT2 e2e8=2184
[M8T] OUT2 e2e8=4208
[M8T] OUT2 e2e8=f810
[M8T] OUT2 e2e8=0000
[M8T] IN2 9aee=8000
[M8T] IN2 9aee=0000
[M8T] OUT2 86e8=00ce
[M8T] OUT2 82e8=0034
[M8B] start cur=206,52 dyend=61 dpc=3251 dpitch=1024 doff=0 clip 66,48-637,65 compat=0
[M8T] IN2 9aee=0000
[M8T] OUT2 e2e8=4274
[M8T] OUT2 e2e8=0413
[M8T] OUT2 e2e8=7031
[M8T] OUT2 e2e8=0000
[M8T] IN2 9aee=8000
[M8T] IN2 9aee=0000
[M8T] OUT2 86e8=00d5
[M8T] OUT2 82e8=0034
[M8B] start cur=213,52 dyend=61 dpc=3251 dpitch=1024 doff=0 clip 66,48-637,65 compat=0
[M8T] IN2 9aee=0000
[M8T] OUT2 e2e8=4274
[M8T] OUT2 e2e8=1111
[M8T] OUT2 e2e8=f810
[M8T] OUT2 e2e8=0000
[M8T] IN2 9aee=8000
[M8T] IN2 9aee=0000
[M8T] OUT2 86e8=00dc
[M8T] OUT2 82e8=003c
[M8B] start cur=220,60 dyend=61 dpc=3251 dpitch=1024 doff=0 clip 66,48-637,65 compat=0
[M8T] IN2 9aee=0000
[M8T] OUT2 e2e8=0080
[M8T] OUT2 e2e8=0000
[M8T] IN2 9aee=8000
[M8T] IN2 9aee=0000
[M8T] OUT2 86e8=00e0
[M8T] OUT2 82e8=0034
[M8B] start cur=224,52 dyend=61 dpc=3251 dpitch=1024 doff=0 clip 66,48-637,65 compat=0
[M8T] IN2 9aee=0000
[M8T] OUT2 e2e8=21fc
[M8T] OUT2 e2e8=420f
[M8T] OUT2 e2e8=f810
[M8T] OUT2 e2e8=0000
[M8T] IN2 9aee=8000
[M8T] IN2 9aee=0000
[M8T] OUT2 86e8=00e7
[M8T] OUT2 82e8=0034
[M8B] start cur=231,52 dyend=61 dpc=3251 dpitch=1024 doff=0 clip 66,48-637,65 compat=0
[M8T] IN2 9aee=0000
[M8T] OUT2 e2e8=0583
[M8T] OUT2 e2e8=4111
[M8T] OUT2 e2e8=1105
[M8T] OUT2 e2e8=8241
[M8T] IN2 9aee=0000
[M8T] OUT2 86e8=00f0
[M8T] OUT2 82e8=0034
[M8B] start cur=240,52 dyend=61 dpc=3251 dpitch=1024 doff=0 clip 66,48-637,65 compat=0
[M8T] IN2 9aee=0000
[M8T] OUT2 e2e8=21fc
[M8T] OUT2 e2e8=420f
[M8T] OUT2 e2e8=f810
[M8T] OUT2 e2e8=0000
[M8T] IN2 9aee=8000
[M8T] IN2 9aee=0000
[M8T] OUT2 86e8=00fc
[M8T] OUT2 82e8=0034
[M8B] start cur=252,52 dyend=61 dpc=3251 dpitch=1024 doff=0 clip 66,48-637,65 compat=0
[M8T] IN2 9aee=0000
[M8T] OUT2 e2e8=1886
[M8T] OUT2 e2e8=8661
[M8T] OUT2 e2e8=6118
[M8T] OUT2 e2e8=0078
[M8T] IN2 9aee=0000
[M8T] OUT2 86e8=0105
[M8T] OUT2 82e8=0034
[M8B] start cur=261,52 dyend=61 dpc=3251 dpitch=1024 doff=0 clip 66,48-637,65 compat=0
[M8T] IN2 9aee=0000
[M8T] OUT2 e2e8=6174
[M8T] OUT2 e2e8=0407
[M8T] OUT2 e2e8=7031
[M8T] OUT2 e2e8=0000
[M8T] IN2 9aee=8000
[M8T] IN2 9aee=0000
[M8T] OUT2 86e8=010d
[M8T] OUT2 82e8=0034
[M8B] start cur=269,52 dyend=61 dpc=3251 dpitch=1024 doff=0 clip 66,48-637,65 compat=0
[M8T] IN2 9aee=0000
[M8T] OUT2 e2e8=21fc
[M8T] OUT2 e2e8=420f
[M8T] OUT2 e2e8=f810
[M8T] OUT2 e2e8=0000
[M8T] IN2 9aee=8000
[M8T] IN2 9aee=0000
[M8T] OUT2 86e8=0115
[M8T] OUT2 82e8=0034
[M8B] start cur=277,52 dyend=61 dpc=3251 dpitch=1024 doff=0 clip 66,48-637,65 compat=0
[M8T] IN2 9aee=0000
[M8T] OUT2 e2e8=18fa
[M8T] OUT2 e2e8=fa61
[M8T] OUT2 e2e8=6118
[M8T] OUT2 e2e8=0084
[M8T] IN2 9aee=0000
[M8T] OUT2 86e8=011e
[M8T] OUT2 82e8=003c
[M8B] start cur=286,60 dyend=61 dpc=3251 dpitch=1024 doff=0 clip 66,48-637,65 compat=0
[M8T] IN2 9aee=0000
[M8T] OUT2 e2e8=0080
[M8T] OUT2 e2e8=0000
[M8T] IN2 9aee=8000
[M8T] IN2 9aee=0000
[M8T] OUT2 86e8=0122
[M8T] OUT2 82e8=0034
[M8B] start cur=290,52 dyend=61 dpc=3251 dpitch=1024 doff=0 clip 66,48-637,65 compat=0
[M8T] IN2 9aee=0000
[M8T] OUT2 e2e8=21fc
[M8T] OUT2 e2e8=420f
[M8T] OUT2 e2e8=f810
[M8T] OUT2 e2e8=0000
[M8T] IN2 9aee=8000
[M8T] IN2 9aee=0000
[M8T] OUT2 86e8=0129
[M8T] OUT2 82e8=0034
[M8B] start cur=297,52 dyend=61 dpc=3251 dpitch=1024 doff=0 clip 66,48-637,65 compat=0
[M8T] IN2 9aee=0000
[M8T] OUT2 e2e8=0583
[M8T] OUT2 e2e8=4111
[M8T] OUT2 e2e8=1105
[M8T] OUT2 e2e8=8241
[M8T] IN2 9aee=0000
[M8T] OUT2 86e8=0132
[M8T] OUT2 82e8=0034
[M8B] start cur=306,52 dyend=61 dpc=3251 dpitch=1024 doff=0 clip 66,48-637,65 compat=0
[M8T] IN2 9aee=0000
[M8T] OUT2 e2e8=21fc
[M8T] OUT2 e2e8=420f
[M8T] OUT2 e2e8=f810
[M8T] OUT2 e2e8=0000
[M8T] IN2 9aee=8000
[M8T] IN2 9aee=0000
[M8T] OUT2 86e8=013a
[M8T] OUT2 82e8=003c
[M8B] start cur=314,60 dyend=62 dpc=3251 dpitch=1024 doff=0 clip 66,48-637,65 compat=0
[M8T] IN2 9aee=0000
[M8T] OUT2 e2e8=0060
[M8T] OUT2 e2e8=0000
[M8T] IN2 9aee=8000
[M8T] IN2 9aee=0000
[M8T] OUT2 86e8=013e
[M8T] OUT2 82e8=0034
[M8B] start cur=318,52 dyend=61 dpc=3251 dpitch=1024 doff=0 clip 66,48-637,65 compat=0
[M8T] IN2 9aee=0000
[M8T] OUT2 e2e8=21fc
[M8T] OUT2 e2e8=420f
[M8T] OUT2 e2e8=f810
[M8T] OUT2 e2e8=0000
[M8T] IN2 9aee=8000
[M8T] IN2 9aee=0000
[M8T] OUT2 86e8=0146
[M8T] OUT2 82e8=0037
[M8B] start cur=326,55 dyend=61 dpc=3251 dpitch=1024 doff=0 clip 66,48-637,65 compat=0
[M8T] IN2 9aee=0000
[M8T] OUT2 e2e8=6699
[M8T] OUT2 e2e8=0099
[M8T] IN2 9aee=0000
[M8T] OUT2 86e8=014c
[M8T] OUT2 82e8=0034
[M8B] start cur=332,52 dyend=61 dpc=3251 dpitch=1024 doff=0 clip 66,48-637,65 compat=0
[M8T] IN2 9aee=0000
[M8T] OUT2 e2e8=809f
[M8T] OUT2 e2e8=0000
[M8T] IN2 9aee=8000
[M8T] IN2 9aee=0000
[M8T] OUT2 86e8=014f
[M8T] OUT2 82e8=0035
[M8B] start cur=335,53 dyend=61 dpc=3251 dpitch=1024 doff=0 clip 66,48-637,65 compat=0
[M8T] IN2 9aee=0000
[M8T] OUT2 e2e8=a9ae
[M8T] OUT2 e2e8=0000
[M8T] IN2 9aee=8000
[M8T] IN2 9aee=0000
[M8T] OUT2 86e8=0152
[M8T] OUT2 82e8=0034
[M8B] start cur=338,52 dyend=61 dpc=3251 dpitch=1024 doff=0 clip 66,48-637,65 compat=0
[M8T] IN2 9aee=0000
[M8T] OUT2 e2e8=3080
[M8T] OUT2 e2e8=1105
[M8T] OUT2 e2e8=2422
[M8T] OUT2 e2e8=5544
[M8T] IN2 9aee=0000
[M8T] OUT2 e2e8=a00a
[M8T] OUT2 e2e8=1188
[M8T] OUT2 e2e8=0000
*** 1 repeats ***
[M8T] IN2 9aee=8000
[M8T] IN2 9aee=0000
[M8T] OUT2 86e8=015f
[M8T] OUT2 82e8=0034
[M8B] start cur=351,52 dyend=61 dpc=3251 dpitch=1024 doff=0 clip 66,48-637,65 compat=0
[M8T] IN2 9aee=0000
[M8T] OUT2 e2e8=809f
[M8T] OUT2 e2e8=0000
[M8T] IN2 9aee=8000
[M8T] IN2 9aee=0000
[M8T] OUT2 86e8=0162
[M8T] OUT2 82e8=0037
[M8B] start cur=354,55 dyend=61 dpc=3251 dpitch=1024 doff=0 clip 66,48-637,65 compat=0
[M8T] IN2 9aee=0000
[M8T] OUT2 e2e8=63b6
[M8T] OUT2 e2e8=c418
[M8T] IN2 9aee=0000
[M8T] OUT2 86e8=0169
[M8T] OUT2 82e8=0034
[M8B] start cur=361,52 dyend=61 dpc=3251 dpitch=1024 doff=0 clip 66,48-637,65 compat=0
[M8T] IN2 9aee=0000
[M8T] OUT2 e2e8=4208
[M8T] OUT2 e2e8=c6f8
[M8T] OUT2 e2e8=7831
[M8T] OUT2 e2e8=0000
[M8T] IN2 9aee=8000
[M8T] IN2 9aee=0000
[M8T] OUT2 86e8=0170
[M8T] OUT2 82e8=0037
[M8B] start cur=368,55 dyend=61 dpc=3251 dpitch=1024 doff=0 clip 66,48-637,65 compat=0
[M8T] IN2 9aee=0000
[M8T] OUT2 e2e8=6374
[M8T] OUT2 e2e8=b818
[M8T] IN2 9aee=0000
[M8T] OUT2 86e8=0177
[M8T] OUT2 82e8=0037
[M8B] start cur=375,55 dyend=61 dpc=3251 dpitch=1024 doff=0 clip 66,48-637,65 compat=0
[M8T] IN2 9aee=0000
[M8T] OUT2 e2e8=2693
[M8T] OUT2 e2e8=54ad
[M8T] OUT2 e2e8=8048
[M8T] OUT2 e2e8=0000
[M8T] IN2 9aee=8000
[M8T] IN2 9aee=0000
[M8T] OUT2 86e8=0180
[M8T] OUT2 82e8=0037
[M8B] start cur=384,55 dyend=61 dpc=3251 dpitch=1024 doff=0 clip 66,48-637,65 compat=0
[M8T] IN2 9aee=0000
[M8T] OUT2 e2e8=4269
[M8T] OUT2 e2e8=0096
[M8T] IN2 9aee=0000
[M8T] OUT2 daee=0000
[M8T] OUT2 deee=0000
[M8T] OUT2 e2ee=05ff
[M8T] OUT2 e6ee=05ff
[M8T] IN2 9aee=f000
[M8T] IN2 9aee=0000
[M8T] OUT2 daee=03d4
[M8T] OUT2 deee=02ea
[M8T] OUT2 e2ee=03fc
[M8T] OUT2 e6ee=02fc
[M8T] IN2 9aee=f000
[M8T] IN2 9aee=0000
[M8T] OUT2 a6e8=0007
[M8T] IN2 9aee=e000
[M8T] IN2 9aee=0000
[M8T] OUT2 86e8=03d4
[M8T] OUT2 82e8=02ea
[M8B] start cur=980,746 dyend=766 dpc=2211 dpitch=1024 doff=0 clip 980,746-1020,764 compat=0
[M8B] end cur=980,766
[M8T] IN2 9aee=0000
[M8T] OUT2 a6e8=0000
[M8T] IN2 9aee=f800
[M8T] IN2 9aee=0000
[M8T] OUT2 86e8=03dc
[M8T] OUT2 82e8=02ef
[M8B] start cur=988,751 dyend=760 dpc=3251 dpitch=1024 doff=0 clip 980,746-1020,764 compat=0
[M8T] OUT2 e2e8=6374
[M8T] OUT2 e2e8=c618
[M8T] OUT2 e2e8=7031
[M8T] OUT2 e2e8=0000
[M8T] OUT2 86e8=03e2
[M8T] OUT2 82e8=02ef
[M8B] start cur=994,751 dyend=760 dpc=3251 dpitch=1024 doff=0 clip 980,746-1020,764 compat=0
[M8T] OUT2 e2e8=6374
[M8T] OUT2 e2e8=c618
[M8T] IN2 9aee=0000
[M8T] OUT2 e2e8=7031
[M8T] OUT2 e2e8=0000
[M8T] OUT2 86e8=03e8
[M8T] OUT2 82e8=02f2
[M8B] start cur=1000,754 dyend=760 dpc=3251 dpitch=1024 doff=0 clip 980,746-1020,764 compat=0
[M8T] OUT2 e2e8=0084
[M8T] OUT2 e2e8=0000
[M8T] OUT2 86e8=03eb
[M8T] OUT2 82e8=02ef
[M8B] start cur=1003,751 dyend=760 dpc=3251 dpitch=1024 doff=0 clip 980,746-1020,764 compat=0
[M8T] OUT2 e2e8=6374
[M8T] OUT2 e2e8=c618
[M8T] IN2 9aee=0000
[M8T] OUT2 e2e8=7031
[M8T] OUT2 e2e8=0000
[M8T] OUT2 86e8=03f1
[M8T] OUT2 82e8=02ef
[M8B] start cur=1009,751 dyend=760 dpc=3251 dpitch=1024 doff=0 clip 980,746-1020,764 compat=0
[M8T] OUT2 e2e8=923c
[M8T] OUT2 e2e8=2049
[M8T] IN2 9aee=0000
[M8T] OUT2 daee=0000
[M8T] OUT2 deee=0000
[M8T] OUT2 e2ee=05ff
[M8T] OUT2 e6ee=05ff
[M8T] IN2 9aee=f000
[M8T] IN2 9aee=0000
[M8T] OUT2 a6e8=ffff
[M8T] OUT2 86e8=003e
[M8T] OUT2 82e8=02eb
[M8T] IN2 9aee=ffe0
[M8T] IN2 9aee=0000
[M8B] start cur=62,747 dyend=748 dpc=2231 dpitch=1024 doff=0 clip 0,0-1535,1535 compat=0
[M8B] end cur=62,748
[M8B] start cur=62,748 dyend=749 dpc=2231 dpitch=1024 doff=0 clip 0,0-1535,1535 compat=0
[M8B] end cur=62,749
[M8B] start cur=62,749 dyend=750 dpc=2231 dpitch=1024 doff=0 clip 0,0-1535,1535 compat=0
[M8B] end cur=62,750
[M8B] start cur=62,750 dyend=751 dpc=2231 dpitch=1024 doff=0 clip 0,0-1535,1535 compat=0
[M8B] end cur=62,751
[M8T] IN2 9aee=0000
[M8B] start cur=62,751 dyend=752 dpc=2231 dpitch=1024 doff=0 clip 0,0-1535,1535 compat=0
[M8B] end cur=62,752
[M8B] start cur=62,752 dyend=753 dpc=2231 dpitch=1024 doff=0 clip 0,0-1535,1535 compat=0
[M8B] end cur=62,753
[M8B] start cur=62,753 dyend=754 dpc=2231 dpitch=1024 doff=0 clip 0,0-1535,1535 compat=0
[M8B] end cur=62,754
[M8B] start cur=62,754 dyend=755 dpc=2231 dpitch=1024 doff=0 clip 0,0-1535,1535 compat=0
[M8B] end cur=62,755
[M8T] IN2 9aee=0000
[M8T] OUT2 86e8=003e
[M8T] OUT2 8ee8=003e
[M8T] OUT2 82e8=02f3
[M8T] OUT2 8ae8=02eb
[M8B] start cur=62,755 dyend=765 dpc=6211 dpitch=1024 doff=0 clip 0,0-1535,1535 compat=0
[M8B] end cur=62,765
[M8T] IN2 9aee=0000
[M8T] IN2 9ae8=0000
[M8T] OUT2 a6e8=ffff
[M8T] OUT2 daee=0040
[M8T] OUT2 e2ee=004f
[M8T] OUT2 86e8=0040
[M8T] OUT2 82e8=02ec
[M8B] start cur=64,748 dyend=764 dpc=3251 dpitch=1024 doff=0 clip 64,0-79,1535 compat=0
[M8T] OUT2 e2e8=038c
[M8T] OUT2 e2e8=0188
[M8T] OUT2 e2e8=0180
[M8T] OUT2 e2e8=0380
[M8T] OUT2 e2e8=1180
[M8T] OUT2 e2e8=0180
[M8T] OUT2 e2e8=0100
[M8T] OUT2 e2e8=0000
*** 1 repeats ***
[M8T] OUT2 e2e8=0100
[M8T] OUT2 e2e8=8110
[M8T] OUT2 e2e8=8010
[M8T] OUT2 e2e8=0000
*** 2 repeats ***
[M8T] OUT2 e2e8=0100
[M8T] IN2 9aee=0000
[M8T] OUT2 daee=0000
[M8T] OUT2 e2ee=05ff
[M8T] IN2 9aee=c000
[M8T] IN2 9aee=0000
[M8T] IN2 9ae8=0000
[M8T] OUT2 daee=0040
[M8T] OUT2 e2ee=004f
[M8T] OUT2 86e8=0040
[M8T] OUT2 82e8=02ec
[M8B] start cur=64,748 dyend=764 dpc=5211 dpitch=1024 doff=0 clip 64,0-79,1535 compat=0
[M8T] OUT2 e2e8=0000
*** 8 repeats ***
[M8T] OUT2 e2e8=00f7
[M8T] OUT2 e2e8=0000
[M8T] OUT2 e2e8=f7f8
[M8T] OUT2 e2e8=0000
[M8T] OUT2 e2e8=00f8
[M8T] OUT2 e2e8=f700
[M8T] OUT2 e2e8=0000
*** 1 repeats ***
[M8T] OUT2 e2e8=f8f8
[M8T] OUT2 e2e8=0000
[M8T] OUT2 e2e8=f7f7
[M8T] OUT2 e2e8=0000
*** 4 repeats ***
[M8T] OUT2 e2e8=f800
*** 1 repeats ***
[M8T] OUT2 e2e8=f700
[M8T] OUT2 e2e8=0000
*** 1 repeats ***
[M8T] OUT2 e2e8=00f8
[M8T] OUT2 e2e8=0000
*** 2 repeats ***
[M8T] OUT2 e2e8=f8f8
[M8T] OUT2 e2e8=f700
[M8T] OUT2 e2e8=0000
*** 1 repeats ***
[M8T] OUT2 e2e8=f700
[M8T] OUT2 e2e8=0000
*** 2 repeats ***
[M8T] OUT2 e2e8=00f8
[M8T] OUT2 e2e8=f700
[M8T] OUT2 e2e8=0000
[M8T] OUT2 e2e8=00f8
[M8T] OUT2 e2e8=f8f8
[M8T] OUT2 e2e8=0000
[M8T] OUT2 e2e8=0100
[M8T] OUT2 e2e8=0101
[M8T] OUT2 e2e8=0001
[M8T] OUT2 e2e8=0404
[M8T] OUT2 e2e8=0004
[M8T] OUT2 e2e8=0303
[M8T] OUT2 e2e8=0003
[M8T] OUT2 e2e8=0000
[M8T] OUT2 e2e8=f900
[M8T] OUT2 e2e8=f9f9
[M8T] OUT2 e2e8=0401
[M8T] OUT2 e2e8=fcfc
[M8T] OUT2 e2e8=0304
[M8T] OUT2 e2e8=fbfb
*** 1 repeats ***
[M8T] OUT2 e2e8=0003
[M8T] OUT2 e2e8=f900
[M8T] OUT2 e2e8=0101
[M8T] OUT2 e2e8=fc00
[M8T] OUT2 e2e8=0000
[M8T] OUT2 e2e8=fb00
[M8T] OUT2 e2e8=0400
[M8T] OUT2 e2e8=0300
[M8T] OUT2 e2e8=0003
[M8T] OUT2 e2e8=f900
[M8T] OUT2 e2e8=0001
[M8T] OUT2 e2e8=0404
[M8T] OUT2 e2e8=0101
[M8T] OUT2 e2e8=fb00
[M8T] OUT2 e2e8=fc00
[M8T] OUT2 e2e8=0000
*** 1 repeats ***
[M8T] OUT2 e2e8=f900
[M8T] OUT2 e2e8=0001
[M8T] OUT2 e2e8=0404
[M8T] OUT2 e2e8=0101
[M8T] OUT2 e2e8=0000
[M8T] OUT2 e2e8=fc00
[M8T] OUT2 e2e8=0303
[M8T] OUT2 e2e8=0000
[M8T] OUT2 e2e8=f900
[M8T] OUT2 e2e8=0001
[M8T] OUT2 e2e8=0404
[M8T] OUT2 e2e8=0101
[M8T] OUT2 e2e8=0000
[M8T] OUT2 e2e8=fc00
[M8T] OUT2 e2e8=fb00
[M8T] OUT2 e2e8=00fb
[M8T] OUT2 e2e8=f900
[M8T] OUT2 e2e8=0001
[M8T] OUT2 e2e8=0100
[M8T] OUT2 e2e8=00f9
[M8T] OUT2 e2e8=fb00
[M8T] OUT2 e2e8=0003
[M8T] OUT2 e2e8=0300
[M8T] OUT2 e2e8=00fb
[M8T] OUT2 e2e8=f900
[M8T] OUT2 e2e8=f9f9
*** 1 repeats ***
[M8T] OUT2 e2e8=0400
[M8T] OUT2 e2e8=0304
[M8T] OUT2 e2e8=fbfb
*** 1 repeats ***
[M8T] OUT2 e2e8=0003
[M8T] OUT2 e2e8=f900
[M8T] OUT2 e2e8=0101
*** 1 repeats ***
[M8T] OUT2 e2e8=0400
[M8T] OUT2 e2e8=0004
[M8T] OUT2 e2e8=0303
*** 1 repeats ***
[M8T] OUT2 e2e8=0000
*** 8 repeats ***
[M8B] end cur=64,764
[M8T] IN2 9aee=0000
[M8T] OUT2 daee=0000
[M8T] OUT2 e2ee=05ff
[M8T] IN2 9aee=c000
[M8T] IN2 9aee=0000
[M8T] OUT2 a6e8=ffff
[M8T] OUT2 86e8=0050
[M8T] OUT2 82e8=02eb
[M8T] IN2 9aee=ffe0
[M8T] IN2 9aee=0000
[M8B] start cur=80,747 dyend=748 dpc=2231 dpitch=1024 doff=0 clip 0,0-1535,1535 compat=0
[M8B] end cur=80,748
[M8B] start cur=80,748 dyend=749 dpc=2231 dpitch=1024 doff=0 clip 0,0-1535,1535 compat=0
[M8B] end cur=80,749
[M8B] start cur=80,749 dyend=750 dpc=2231 dpitch=1024 doff=0 clip 0,0-1535,1535 compat=0
[M8B] end cur=80,750
[M8B] start cur=80,750 dyend=751 dpc=2231 dpitch=1024 doff=0 clip 0,0-1535,1535 compat=0
[M8B] end cur=80,751
[M8T] IN2 9aee=0000
[M8B] start cur=80,751 dyend=752 dpc=2231 dpitch=1024 doff=0 clip 0,0-1535,1535 compat=0
[M8B] end cur=80,752
[M8B] start cur=80,752 dyend=753 dpc=2231 dpitch=1024 doff=0 clip 0,0-1535,1535 compat=0
[M8B] end cur=80,753
[M8B] start cur=80,753 dyend=754 dpc=2231 dpitch=1024 doff=0 clip 0,0-1535,1535 compat=0
[M8B] end cur=80,754
[M8B] start cur=80,754 dyend=755 dpc=2231 dpitch=1024 doff=0 clip 0,0-1535,1535 compat=0
[M8B] end cur=80,755
[M8T] IN2 9aee=0000
[M8B] start cur=80,755 dyend=756 dpc=2231 dpitch=1024 doff=0 clip 0,0-1535,1535 compat=0
[M8B] end cur=80,756
[M8B] start cur=80,756 dyend=757 dpc=2231 dpitch=1024 doff=0 clip 0,0-1535,1535 compat=0
[M8B] end cur=80,757
[M8B] start cur=80,757 dyend=758 dpc=2231 dpitch=1024 doff=0 clip 0,0-1535,1535 compat=0
[M8B] end cur=80,758
[M8B] start cur=80,758 dyend=759 dpc=2231 dpitch=1024 doff=0 clip 0,0-1535,1535 compat=0
[M8B] end cur=80,759
[M8T] IN2 9aee=0000
[M8B] start cur=80,759 dyend=760 dpc=2231 dpitch=1024 doff=0 clip 0,0-1535,1535 compat=0
[M8B] end cur=80,760
[M8B] start cur=80,760 dyend=761 dpc=2231 dpitch=1024 doff=0 clip 0,0-1535,1535 compat=0
[M8B] end cur=80,761
[M8B] start cur=80,761 dyend=762 dpc=2231 dpitch=1024 doff=0 clip 0,0-1535,1535 compat=0
[M8B] end cur=80,762
[M8B] start cur=80,762 dyend=763 dpc=2231 dpitch=1024 doff=0 clip 0,0-1535,1535 compat=0
[M8B] end cur=80,763
[M8T] IN2 9aee=0000
[M8B] start cur=80,763 dyend=764 dpc=2231 dpitch=1024 doff=0 clip 0,0-1535,1535 compat=0
[M8B] end cur=80,764
[M8B] start cur=80,764 dyend=765 dpc=2231 dpitch=1024 doff=0 clip 0,0-1535,1535 compat=0
[M8B] end cur=80,765
[M8T] IN2 9aee=0000
[M8T] OUT2 daee=0050
[M8T] OUT2 deee=02eb
[M8T] OUT2 e2ee=00d9
[M8T] OUT2 e6ee=02fc
[M8T] IN2 9aee=f000
[M8T] IN2 9aee=0000
[M8T] OUT2 a6e8=0000
[M8T] IN2 9aee=f800
[M8T] IN2 9aee=0000
[M8T] OUT2 86e8=0054
[M8T] OUT2 82e8=02ef
[M8B] start cur=84,751 dyend=760 dpc=3251 dpitch=1024 doff=0 clip 80,747-217,764 compat=0
[M8T] IN2 9aee=0000
[M8T] OUT2 e2e8=187a
[M8T] OUT2 e2e8=8220
[M8T] OUT2 e2e8=2108
[M8T] OUT2 e2e8=0078
[M8T] IN2 9aee=0000
[M8T] OUT2 86e8=005c
[M8T] OUT2 82e8=02f2
[M8B] start cur=92,754 dyend=760 dpc=3251 dpitch=1024 doff=0 clip 80,747-217,764 compat=0
[M8T] IN2 9aee=0000
[M8T] OUT2 e2e8=0084
[M8T] OUT2 e2e8=0000
[M8T] IN2 9aee=8000
[M8T] IN2 9aee=0000
[M8T] OUT2 86e8=0060
[M8T] OUT2 82e8=02ef
[M8B] start cur=96,751 dyend=760 dpc=3251 dpitch=1024 doff=0 clip 80,747-217,764 compat=0
[M8T] IN2 9aee=0000
[M8T] OUT2 e2e8=8488
[M8T] OUT2 e2e8=2142
[M8T] OUT2 e2e8=0010
[M8T] OUT2 e2e8=0000
[M8T] IN2 9aee=8000
[M8T] IN2 9aee=0000
[M8T] OUT2 86e8=0065
[M8T] OUT2 82e8=02ef
[M8B] start cur=101,751 dyend=760 dpc=3251 dpitch=1024 doff=0 clip 80,747-217,764 compat=0
[M8T] IN2 9aee=0000
[M8T] OUT2 e2e8=3080
[M8T] OUT2 e2e8=1105
[M8T] OUT2 e2e8=2422
[M8T] OUT2 e2e8=5544
[M8T] IN2 9aee=0000
[M8T] OUT2 e2e8=a00a
[M8T] OUT2 e2e8=1188
[M8T] OUT2 e2e8=0000
*** 1 repeats ***
[M8T] IN2 9aee=8000
[M8T] IN2 9aee=0000
[M8T] OUT2 86e8=0072
[M8T] OUT2 82e8=02ef
[M8B] start cur=114,751 dyend=760 dpc=3251 dpitch=1024 doff=0 clip 80,747-217,764 compat=0
[M8T] IN2 9aee=0000
[M8T] OUT2 e2e8=80ff
[M8T] OUT2 e2e8=0000
[M8T] IN2 9aee=8000
[M8T] IN2 9aee=0000
[M8T] OUT2 86e8=0076
[M8T] OUT2 82e8=02ef
[M8B] start cur=118,751 dyend=760 dpc=3251 dpitch=1024 doff=0 clip 80,747-217,764 compat=0
[M8T] IN2 9aee=0000
[M8T] OUT2 e2e8=1c87
[M8T] OUT2 e2e8=a669
[M8T] OUT2 e2e8=e358
[M8T] OUT2 e2e8=0084
[M8T] IN2 9aee=0000
[M8T] OUT2 86e8=007f
[M8T] OUT2 82e8=02ef
[M8B] start cur=127,751 dyend=760 dpc=3251 dpitch=1024 doff=0 clip 80,747-217,764 compat=0
[M8T] IN2 9aee=0000
[M8T] OUT2 e2e8=28f2
[M8T] OUT2 e2e8=8661
[M8T] OUT2 e2e8=6218
[M8T] OUT2 e2e8=00f0
[M8T] IN2 9aee=0000
[M8T] OUT2 86e8=0088
[M8T] OUT2 82e8=02ef
[M8B] start cur=136,751 dyend=760 dpc=3251 dpitch=1024 doff=0 clip 80,747-217,764 compat=0
[M8T] IN2 9aee=0000
[M8T] OUT2 e2e8=187a
[M8T] OUT2 e2e8=8661
[M8T] OUT2 e2e8=6118
[M8T] OUT2 e2e8=0078
[M8T] IN2 9aee=0000
[M8T] OUT2 86e8=0090
[M8T] OUT2 82e8=02ef
[M8B] start cur=144,751 dyend=760 dpc=3251 dpitch=1024 doff=0 clip 80,747-217,764 compat=0
[M8T] IN2 9aee=0000
[M8T] OUT2 e2e8=3080
[M8T] OUT2 e2e8=1105
[M8T] OUT2 e2e8=2422
[M8T] OUT2 e2e8=5544
[M8T] IN2 9aee=0000
[M8T] OUT2 e2e8=a00a
[M8T] OUT2 e2e8=1188
[M8T] OUT2 e2e8=0000
*** 1 repeats ***
[M8T] IN2 9aee=8000
[M8T] IN2 9aee=0000
[M8T] OUT2 86e8=009d
[M8T] OUT2 82e8=02ef
[M8B] start cur=157,751 dyend=760 dpc=3251 dpitch=1024 doff=0 clip 80,747-217,764 compat=0
[M8T] IN2 9aee=0000
[M8T] OUT2 e2e8=6174
[M8T] OUT2 e2e8=0407
[M8T] OUT2 e2e8=7031
[M8T] OUT2 e2e8=0000
[M8T] IN2 9aee=8000
[M8T] IN2 9aee=0000
[M8T] OUT2 86e8=00a5
[M8T] OUT2 82e8=02ef
[M8B] start cur=165,751 dyend=760 dpc=3251 dpitch=1024 doff=0 clip 80,747-217,764 compat=0
[M8T] IN2 9aee=0000
[M8T] OUT2 e2e8=8488
[M8T] OUT2 e2e8=2142
[M8T] OUT2 e2e8=0010
[M8T] OUT2 e2e8=0000
[M8T] IN2 9aee=8000
[M8T] IN2 9aee=0000
[M8T] OUT2 86e8=00ab
[M8T] OUT2 82e8=02ef
[M8B] start cur=171,751 dyend=760 dpc=3251 dpitch=1024 doff=0 clip 80,747-217,764 compat=0
[M8T] IN2 9aee=0000
[M8T] OUT2 e2e8=18fa
[M8T] OUT2 e2e8=fa61
[M8T] OUT2 e2e8=6118
[M8T] OUT2 e2e8=0084
[M8T] IN2 9aee=0000
[M8T] OUT2 86e8=00b4
[M8T] OUT2 82e8=02ef
[M8B] start cur=180,751 dyend=760 dpc=3251 dpitch=1024 doff=0 clip 80,747-217,764 compat=0
[M8T] IN2 9aee=0000
[M8T] OUT2 e2e8=1886
[M8T] OUT2 e2e8=8661
[M8T] OUT2 e2e8=6118
[M8T] OUT2 e2e8=0078
[M8T] IN2 9aee=0000
[M8T] OUT2 86e8=00bd
[M8T] OUT2 82e8=02ef
[M8B] start cur=189,751 dyend=760 dpc=3251 dpitch=1024 doff=0 clip 80,747-217,764 compat=0
[M8T] IN2 9aee=0000
[M8T] OUT2 e2e8=1c87
[M8T] OUT2 e2e8=a669
[M8T] OUT2 e2e8=e358
[M8T] OUT2 e2e8=0084
[M8T] IN2 9aee=0000
[M8T] OUT2 86e8=00c6
[M8T] OUT2 82e8=02ef
[M8B] start cur=198,751 dyend=760 dpc=3251 dpitch=1024 doff=0 clip 80,747-217,764 compat=0
[M8T] IN2 9aee=0000
[M8T] OUT2 e2e8=28f2
[M8T] OUT2 e2e8=8661
[M8T] OUT2 e2e8=6218
[M8T] OUT2 e2e8=00f0
[M8T] IN2 9aee=0000
[M8T] OUT2 86e8=00cf
[M8T] OUT2 82e8=02f7
[M8B] start cur=207,759 dyend=760 dpc=3251 dpitch=1024 doff=0 clip 80,747-217,764 compat=0
[M8T] IN2 9aee=0000
[M8T] OUT2 e2e8=0080
[M8T] OUT2 e2e8=0000
[M8T] IN2 9aee=8000
[M8T] IN2 9aee=0000
[M8T] OUT2 86e8=00d3
[M8T] OUT2 82e8=02f7
[M8B] start cur=211,759 dyend=760 dpc=3251 dpitch=1024 doff=0 clip 80,747-217,764 compat=0
[M8T] IN2 9aee=0000
[M8T] OUT2 e2e8=0080
[M8T] OUT2 e2e8=0000
[M8T] IN2 9aee=8000
[M8T] IN2 9aee=0000
[M8T] OUT2 86e8=00d7
[M8T] OUT2 82e8=02f7
[M8B] start cur=215,759 dyend=760 dpc=3251 dpitch=1024 doff=0 clip 80,747-217,764 compat=0
[M8T] IN2 9aee=0000
[M8T] OUT2 e2e8=0080
[M8T] OUT2 e2e8=0000
[M8T] IN2 9aee=8000
[M8T] IN2 9aee=0000
[M8T] OUT2 daee=0000
[M8T] OUT2 deee=0000
[M8T] OUT2 e2ee=05ff
[M8T] OUT2 e6ee=05ff
[M8T] IN2 9aee=f000
[M8T] IN2 9aee=0000
[M8T] OUT2 daee=0050
[M8T] OUT2 deee=02eb
[M8T] OUT2 e2ee=00d9
[M8T] OUT2 e6ee=02fc
[M8T] IN2 9aee=f000
[M8T] IN2 9aee=0000
[M8T] OUT2 a6e8=0000
[M8T] IN2 9aee=f800
[M8T] IN2 9aee=0000
[M8T] OUT2 86e8=0053
[M8T] OUT2 82e8=02ef
[M8B] start cur=83,751 dyend=760 dpc=3251 dpitch=1024 doff=0 clip 80,747-217,764 compat=0
[M8T] IN2 9aee=0000
[M8T] OUT2 e2e8=187a
[M8T] OUT2 e2e8=8220
[M8T] OUT2 e2e8=2108
[M8T] OUT2 e2e8=0078
[M8T] IN2 9aee=0000
[M8T] OUT2 86e8=005b
[M8T] OUT2 82e8=02f2
[M8B] start cur=91,754 dyend=760 dpc=3251 dpitch=1024 doff=0 clip 80,747-217,764 compat=0
[M8T] IN2 9aee=0000
[M8T] OUT2 e2e8=0084
[M8T] OUT2 e2e8=0000
[M8T] IN2 9aee=8000
[M8T] IN2 9aee=0000
[M8T] OUT2 86e8=005f
[M8T] OUT2 82e8=02ef
[M8B] start cur=95,751 dyend=760 dpc=3251 dpitch=1024 doff=0 clip 80,747-217,764 compat=0
[M8T] IN2 9aee=0000
[M8T] OUT2 e2e8=8488
[M8T] OUT2 e2e8=2142
[M8T] OUT2 e2e8=0010
[M8T] OUT2 e2e8=0000
[M8T] IN2 9aee=8000
[M8T] IN2 9aee=0000
[M8T] OUT2 86e8=0064
[M8T] OUT2 82e8=02ef
[M8B] start cur=100,751 dyend=760 dpc=3251 dpitch=1024 doff=0 clip 80,747-217,764 compat=0
[M8T] IN2 9aee=0000
[M8T] OUT2 e2e8=3080
[M8T] OUT2 e2e8=1105
[M8T] OUT2 e2e8=2422
[M8T] OUT2 e2e8=5544
[M8T] IN2 9aee=0000
[M8T] OUT2 e2e8=a00a
[M8T] OUT2 e2e8=1188
[M8T] OUT2 e2e8=0000
*** 1 repeats ***
[M8T] IN2 9aee=8000
[M8T] IN2 9aee=0000
[M8T] OUT2 86e8=0071
[M8T] OUT2 82e8=02ef
[M8B] start cur=113,751 dyend=760 dpc=3251 dpitch=1024 doff=0 clip 80,747-217,764 compat=0
[M8T] IN2 9aee=0000
[M8T] OUT2 e2e8=80ff
[M8T] OUT2 e2e8=0000
[M8T] IN2 9aee=8000
[M8T] IN2 9aee=0000
[M8T] OUT2 86e8=0075
[M8T] OUT2 82e8=02ef
[M8B] start cur=117,751 dyend=760 dpc=3251 dpitch=1024 doff=0 clip 80,747-217,764 compat=0
[M8T] IN2 9aee=0000
[M8T] OUT2 e2e8=1c87
[M8T] OUT2 e2e8=a669
[M8T] OUT2 e2e8=e358
[M8T] OUT2 e2e8=0084
[M8T] IN2 9aee=0000
[M8T] OUT2 86e8=007e
[M8T] OUT2 82e8=02ef
[M8B] start cur=126,751 dyend=760 dpc=3251 dpitch=1024 doff=0 clip 80,747-217,764 compat=0
[M8T] IN2 9aee=0000
[M8T] OUT2 e2e8=28f2
[M8T] OUT2 e2e8=8661
[M8T] OUT2 e2e8=6218
[M8T] OUT2 e2e8=00f0
[M8T] IN2 9aee=0000
[M8T] OUT2 86e8=0087
[M8T] OUT2 82e8=02ef
[M8B] start cur=135,751 dyend=760 dpc=3251 dpitch=1024 doff=0 clip 80,747-217,764 compat=0
[M8T] IN2 9aee=0000
[M8T] OUT2 e2e8=187a
[M8T] OUT2 e2e8=8661
[M8T] OUT2 e2e8=6118
[M8T] OUT2 e2e8=0078
[M8T] IN2 9aee=0000
[M8T] OUT2 86e8=008f
[M8T] OUT2 82e8=02ef
[M8B] start cur=143,751 dyend=760 dpc=3251 dpitch=1024 doff=0 clip 80,747-217,764 compat=0
[M8T] IN2 9aee=0000
[M8T] OUT2 e2e8=3080
[M8T] OUT2 e2e8=1105
[M8T] OUT2 e2e8=2422
[M8T] OUT2 e2e8=5544
[M8T] IN2 9aee=0000
[M8T] OUT2 e2e8=a00a
[M8T] OUT2 e2e8=1188
[M8T] OUT2 e2e8=0000
*** 1 repeats ***
[M8T] IN2 9aee=8000
[M8T] IN2 9aee=0000
[M8T] OUT2 86e8=009c
[M8T] OUT2 82e8=02ef
[M8B] start cur=156,751 dyend=760 dpc=3251 dpitch=1024 doff=0 clip 80,747-217,764 compat=0
[M8T] IN2 9aee=0000
[M8T] OUT2 e2e8=6174
[M8T] OUT2 e2e8=0407
[M8T] OUT2 e2e8=7031
[M8T] OUT2 e2e8=0000
[M8T] IN2 9aee=8000
[M8T] IN2 9aee=0000
[M8T] OUT2 86e8=00a4
[M8T] OUT2 82e8=02ef
[M8B] start cur=164,751 dyend=760 dpc=3251 dpitch=1024 doff=0 clip 80,747-217,764 compat=0
[M8T] IN2 9aee=0000
[M8T] OUT2 e2e8=8488
[M8T] OUT2 e2e8=2142
[M8T] OUT2 e2e8=0010
[M8T] OUT2 e2e8=0000
[M8T] IN2 9aee=8000
[M8T] IN2 9aee=0000
[M8T] OUT2 86e8=00aa
[M8T] OUT2 82e8=02ef
[M8B] start cur=170,751 dyend=760 dpc=3251 dpitch=1024 doff=0 clip 80,747-217,764 compat=0
[M8T] IN2 9aee=0000
[M8T] OUT2 e2e8=18fa
[M8T] OUT2 e2e8=fa61
[M8T] OUT2 e2e8=6118
[M8T] OUT2 e2e8=0084
[M8T] IN2 9aee=0000
[M8T] OUT2 86e8=00b3
[M8T] OUT2 82e8=02ef
[M8B] start cur=179,751 dyend=760 dpc=3251 dpitch=1024 doff=0 clip 80,747-217,764 compat=0
[M8T] IN2 9aee=0000
[M8T] OUT2 e2e8=1886
[M8T] OUT2 e2e8=8661
[M8T] OUT2 e2e8=6118
[M8T] OUT2 e2e8=0078
[M8T] IN2 9aee=0000
[M8T] OUT2 86e8=00bc
[M8T] OUT2 82e8=02ef
[M8B] start cur=188,751 dyend=760 dpc=3251 dpitch=1024 doff=0 clip 80,747-217,764 compat=0
[M8T] IN2 9aee=0000
[M8T] OUT2 e2e8=1c87
[M8T] OUT2 e2e8=a669
[M8T] OUT2 e2e8=e358
[M8T] OUT2 e2e8=0084
[M8T] IN2 9aee=0000
[M8T] OUT2 86e8=00c5
[M8T] OUT2 82e8=02ef
[M8B] start cur=197,751 dyend=760 dpc=3251 dpitch=1024 doff=0 clip 80,747-217,764 compat=0
[M8T] IN2 9aee=0000
[M8T] OUT2 e2e8=28f2
[M8T] OUT2 e2e8=8661
[M8T] OUT2 e2e8=6218
[M8T] OUT2 e2e8=00f0
[M8T] IN2 9aee=0000
[M8T] OUT2 86e8=00ce
[M8T] OUT2 82e8=02f7
[M8B] start cur=206,759 dyend=760 dpc=3251 dpitch=1024 doff=0 clip 80,747-217,764 compat=0
[M8T] IN2 9aee=0000
[M8T] OUT2 e2e8=0080
[M8T] OUT2 e2e8=0000
[M8T] IN2 9aee=8000
[M8T] IN2 9aee=0000
[M8T] OUT2 86e8=00d2
[M8T] OUT2 82e8=02f7
[M8B] start cur=210,759 dyend=760 dpc=3251 dpitch=1024 doff=0 clip 80,747-217,764 compat=0
[M8T] IN2 9aee=0000
[M8T] OUT2 e2e8=0080
[M8T] OUT2 e2e8=0000
[M8T] IN2 9aee=8000
[M8T] IN2 9aee=0000
[M8T] OUT2 86e8=00d6
[M8T] OUT2 82e8=02f7
[M8B] start cur=214,759 dyend=760 dpc=3251 dpitch=1024 doff=0 clip 80,747-217,764 compat=0
[M8T] IN2 9aee=0000
[M8T] OUT2 e2e8=0080
[M8T] OUT2 e2e8=0000
[M8T] IN2 9aee=8000
[M8T] IN2 9aee=0000
[M8T] OUT2 daee=0000
[M8T] OUT2 deee=0000
[M8T] OUT2 e2ee=05ff
[M8T] OUT2 e6ee=05ff
[M8T] IN2 9aee=f000
[M8T] IN2 9aee=0000
[M8T] OUT2 daee=003e
[M8T] OUT2 deee=02ea
[M8T] OUT2 e2ee=00d9
[M8T] OUT2 e6ee=02ea
[M8T] IN2 9aee=f000
[M8T] IN2 9aee=0000
[M8T] OUT2 a6e8=ffff
[M8T] IN2 9aee=e000
[M8T] IN2 9aee=0000
[M8T] OUT2 86e8=003e
[M8T] OUT2 82e8=02ea
[M8B] start cur=62,746 dyend=747 dpc=2211 dpitch=1024 doff=0 clip 62,746-217,746 compat=0
[M8B] end cur=62,747
[M8T] IN2 9aee=0000
[M8T] OUT2 daee=0000
[M8T] OUT2 deee=0000
[M8T] OUT2 e2ee=05ff
[M8T] OUT2 e6ee=05ff
[M8T] IN2 9aee=f000
[M8T] IN2 9aee=0000
[M8T] OUT2 a6e8=ffff
[M8T] OUT2 86e8=00db
[M8T] OUT2 82e8=02e8
[M8B] start cur=219,744 dyend=766 dpc=2211 dpitch=1024 doff=0 clip 0,0-1535,1535 compat=0
[M8B] end cur=219,766
[M8T] IN2 9aee=0000
[M8T] OUT2 a6e8=ffff
[M8T] OUT2 86e8=003c
[M8T] OUT2 82e8=02fd
[M8B] start cur=60,765 dyend=766 dpc=2211 dpitch=1024 doff=0 clip 0,0-1535,1535 compat=0
[M8B] end cur=60,766
[M8T] IN2 9aee=0000
[M8T] OUT2 a6e8=0000
[M8T] OUT2 86e8=003c
[M8T] OUT2 82e8=02e8
[M8B] start cur=60,744 dyend=765 dpc=2211 dpitch=1024 doff=0 clip 0,0-1535,1535 compat=0
[M8B] end cur=60,765
[M8T] IN2 9aee=0000
[M8T] OUT2 a6e8=0000
[M8T] OUT2 86e8=003d
[M8T] OUT2 82e8=02e8
[M8B] start cur=61,744 dyend=745 dpc=2211 dpitch=1024 doff=0 clip 0,0-1535,1535 compat=0
[M8B] end cur=61,745
[M8T] IN2 9aee=0000
[M8T] OUT2 a6e8=0707
[M8T] OUT2 86e8=00da
[M8T] OUT2 82e8=02e9
[M8B] start cur=218,745 dyend=765 dpc=2211 dpitch=1024 doff=0 clip 0,0-1535,1535 compat=0
[M8B] end cur=218,765
[M8T] IN2 9aee=0000
[M8T] OUT2 a6e8=0707
[M8T] OUT2 86e8=003d
[M8T] OUT2 82e8=02fc
[M8B] start cur=61,764 dyend=765 dpc=2211 dpitch=1024 doff=0 clip 0,0-1535,1535 compat=0
[M8B] end cur=61,765
[M8T] IN2 9aee=0000
[M8T] OUT2 a6e8=f8f8
[M8T] OUT2 86e8=003d
[M8T] OUT2 82e8=02e9
[M8B] start cur=61,745 dyend=764 dpc=2211 dpitch=1024 doff=0 clip 0,0-1535,1535 compat=0
[M8B] end cur=61,764
[M8T] IN2 9aee=0000
[M8T] OUT2 a6e8=f8f8
[M8T] OUT2 86e8=003e
[M8T] OUT2 82e8=02e9
[M8B] start cur=62,745 dyend=746 dpc=2211 dpitch=1024 doff=0 clip 0,0-1535,1535 compat=0
[M8B] end cur=62,746
[M8T] IN2 9aee=0000
[M8T] IN2 9ae8=0000
[M8T] IN2 9aee=0000
[M8T] OUT2 daee=001d
[M8T] OUT2 e2ee=003c
[M8T] OUT2 86e8=001d
[M8T] OUT2 82e8=0022
[M8B] start cur=29,34 dyend=2 dpc=5211 dpitch=1024 doff=0 clip 29,0-60,1535 compat=0
[M8T] OUT2 e2e8=0006
[M8T] OUT2 e2e8=0000
*** 10 repeats ***
[M8T] OUT2 e2e8=0600
[M8T] OUT2 e2e8=0606
*** 2 repeats ***
[M8T] OUT2 e2e8=07f8
[M8T] OUT2 e2e8=0707
*** 10 repeats ***
[M8T] OUT2 e2e8=00f8
[M8T] OUT2 e2e8=0606
*** 2 repeats ***
[M8T] OUT2 e2e8=fff8
[M8T] OUT2 e2e8=ffff
*** 10 repeats ***
[M8T] OUT2 e2e8=f807
[M8T] OUT2 e2e8=0600
[M8T] OUT2 e2e8=0606
*** 1 repeats ***
[M8T] OUT2 e2e8=f806
[M8T] OUT2 e2e8=f8ff
[M8T] OUT2 e2e8=f800
[M8T] OUT2 e2e8=00f8
[M8T] OUT2 e2e8=f8f8
[M8T] OUT2 e2e8=f800
[M8T] OUT2 e2e8=00f8
[M8T] OUT2 e2e8=f8f8
[M8T] OUT2 e2e8=f800
[M8T] OUT2 e2e8=00f8
[M8T] OUT2 e2e8=f8f8
[M8T] OUT2 e2e8=f800
[M8T] OUT2 e2e8=f8f8
[M8T] OUT2 e2e8=00f8
[M8T] OUT2 e2e8=0606
*** 2 repeats ***
[M8T] OUT2 e2e8=fff8
[M8T] OUT2 e2e8=00f8
[M8T] OUT2 e2e8=f8ff
[M8T] OUT2 e2e8=ff00
[M8T] OUT2 e2e8=00f8
[M8T] OUT2 e2e8=f8ff
[M8T] OUT2 e2e8=ff00
[M8T] OUT2 e2e8=00f8
[M8T] OUT2 e2e8=f8ff
[M8T] OUT2 e2e8=ff00
[M8T] OUT2 e2e8=00f8
[M8T] OUT2 e2e8=f8ff
[M8T] OUT2 e2e8=00f8
[M8T] OUT2 e2e8=0600
[M8T] OUT2 e2e8=0606
*** 1 repeats ***
[M8T] OUT2 e2e8=f806
[M8T] OUT2 e2e8=f8f8
[M8T] OUT2 e2e8=ff00
[M8T] OUT2 e2e8=00f8
[M8T] OUT2 e2e8=f8ff
[M8T] OUT2 e2e8=ff00
[M8T] OUT2 e2e8=00f8
[M8T] OUT2 e2e8=f8ff
[M8T] OUT2 e2e8=ff00
[M8T] OUT2 e2e8=00f8
[M8T] OUT2 e2e8=f8ff
[M8T] OUT2 e2e8=ff00
[M8T] OUT2 e2e8=f800
[M8T] OUT2 e2e8=00f8
[M8T] OUT2 e2e8=0606
*** 1 repeats ***
[M8T] OUT2 e2e8=f806
[M8T] OUT2 e2e8=07ff
[M8T] OUT2 e2e8=0707
*** 9 repeats ***
[M8T] OUT2 e2e8=f807
[M8T] OUT2 e2e8=f8f8
[M8T] OUT2 e2e8=0600
[M8T] OUT2 e2e8=0606
[M8T] OUT2 e2e8=f806
[M8T] OUT2 e2e8=07ff
[M8T] OUT2 e2e8=0207
[M8T] OUT2 e2e8=0702
[M8T] OUT2 e2e8=0707
*** 4 repeats ***
[M8T] OUT2 e2e8=f807
[M8T] OUT2 e2e8=0707
*** 1 repeats ***
[M8T] OUT2 e2e8=f807
[M8T] OUT2 e2e8=f8f8
[M8T] OUT2 e2e8=0600
[M8T] OUT2 e2e8=0606
[M8T] OUT2 e2e8=f806
[M8T] OUT2 e2e8=07ff
[M8T] OUT2 e2e8=fa07
[M8T] OUT2 e2e8=07fa
[M8T] OUT2 e2e8=0707
*** 1 repeats ***
[M8T] OUT2 e2e8=0007
[M8T] OUT2 e2e8=0000
*** 3 repeats ***
[M8T] OUT2 e2e8=0700
[M8T] OUT2 e2e8=f807
[M8T] OUT2 e2e8=f8f8
[M8T] OUT2 e2e8=0600
[M8T] OUT2 e2e8=0606
[M8T] OUT2 e2e8=f806
[M8T] OUT2 e2e8=07ff
[M8T] OUT2 e2e8=0707
*** 3 repeats ***
[M8T] OUT2 e2e8=f807
[M8T] OUT2 e2e8=f8f8
*** 3 repeats ***
[M8T] OUT2 e2e8=07f8
[M8T] OUT2 e2e8=f807
[M8T] OUT2 e2e8=f8f8
[M8T] OUT2 e2e8=0600
[M8T] OUT2 e2e8=0606
[M8T] OUT2 e2e8=f806
[M8T] OUT2 e2e8=07ff
[M8T] OUT2 e2e8=0707
*** 9 repeats ***
[M8T] OUT2 e2e8=f807
[M8T] OUT2 e2e8=f8f8
[M8T] OUT2 e2e8=0600
[M8T] OUT2 e2e8=0606
[M8T] OUT2 e2e8=f806
[M8T] OUT2 e2e8=ffff
*** 10 repeats ***
[M8T] OUT2 e2e8=f8ff
[M8T] OUT2 e2e8=f8f8
[M8T] OUT2 e2e8=0600
[M8T] OUT2 e2e8=0606
*** 1 repeats ***
[M8T] OUT2 e2e8=f8f8
*** 10 repeats ***
[M8T] OUT2 e2e8=07f8
[M8T] OUT2 e2e8=f8f8
[M8T] OUT2 e2e8=0600
[M8T] OUT2 e2e8=0606
*** 2 repeats ***
[M8T] OUT2 e2e8=0000
*** 9 repeats ***
[M8T] OUT2 e2e8=f8f8
[M8T] OUT2 e2e8=f807
[M8T] OUT2 e2e8=0600
[M8T] OUT2 e2e8=0606
*** 2 repeats ***
[M8T] OUT2 e2e8=f8f8
*** 9 repeats ***
[M8T] OUT2 e2e8=f800
[M8T] OUT2 e2e8=07f8
[M8T] OUT2 e2e8=0600
[M8T] OUT2 e2e8=0606
*** 2 repeats ***
[M8T] OUT2 e2e8=fff8
[M8T] OUT2 e2e8=0707
*** 7 repeats ***
[M8T] OUT2 e2e8=f807
[M8T] OUT2 e2e8=00f8
[M8T] OUT2 e2e8=f8f8
[M8T] OUT2 e2e8=0606
*** 3 repeats ***
[M8T] OUT2 e2e8=fff8
[M8T] OUT2 e2e8=ff07
[M8T] OUT2 e2e8=ffff
*** 6 repeats ***
[M8T] OUT2 e2e8=f807
[M8T] OUT2 e2e8=00f8
[M8T] OUT2 e2e8=0606
*** 4 repeats ***
[M8T] OUT2 e2e8=fff8
[M8T] OUT2 e2e8=f807
[M8T] OUT2 e2e8=f8f8
*** 5 repeats ***
[M8T] OUT2 e2e8=fff8
[M8T] OUT2 e2e8=f807
[M8T] OUT2 e2e8=00f8
[M8T] OUT2 e2e8=0606
*** 4 repeats ***
[M8T] OUT2 e2e8=fff8
[M8T] OUT2 e2e8=0007
[M8T] OUT2 e2e8=0606
*** 1 repeats ***
[M8T] OUT2 e2e8=0000
*** 2 repeats ***
[M8T] OUT2 e2e8=0606
[M8T] OUT2 e2e8=fff8
[M8T] OUT2 e2e8=f807
[M8T] OUT2 e2e8=00f8
[M8T] OUT2 e2e8=0606
*** 4 repeats ***
[M8T] OUT2 e2e8=fff8
[M8T] OUT2 e2e8=0007
[M8T] OUT2 e2e8=0606
*** 1 repeats ***
[M8T] OUT2 e2e8=fff8
[M8T] OUT2 e2e8=ffff
[M8T] OUT2 e2e8=00ff
[M8T] OUT2 e2e8=0606
[M8T] OUT2 e2e8=fff8
[M8T] OUT2 e2e8=f807
[M8T] OUT2 e2e8=00f8
[M8T] OUT2 e2e8=0606
*** 4 repeats ***
[M8T] OUT2 e2e8=fff8
[M8T] OUT2 e2e8=0007
[M8T] OUT2 e2e8=0606
[M8T] OUT2 e2e8=0000
[M8T] OUT2 e2e8=fff8
[M8T] OUT2 e2e8=ffff
[M8T] OUT2 e2e8=00ff
[M8T] OUT2 e2e8=0606
[M8T] OUT2 e2e8=fff8
[M8T] OUT2 e2e8=f807
[M8T] OUT2 e2e8=00f8
[M8T] OUT2 e2e8=0606
*** 4 repeats ***
[M8T] OUT2 e2e8=fff8
[M8T] OUT2 e2e8=0007
[M8T] OUT2 e2e8=0606
[M8T] OUT2 e2e8=fff8
*** 1 repeats ***
[M8T] OUT2 e2e8=ffff
[M8T] OUT2 e2e8=00ff
[M8T] OUT2 e2e8=0606
[M8T] OUT2 e2e8=fff8
[M8T] OUT2 e2e8=f807
[M8T] OUT2 e2e8=00f8
[M8T] OUT2 e2e8=0606
*** 4 repeats ***
[M8T] OUT2 e2e8=fff8
[M8T] OUT2 e2e8=0007
[M8T] OUT2 e2e8=0606
[M8T] OUT2 e2e8=fff8
[M8T] OUT2 e2e8=fc04
[M8T] OUT2 e2e8=fcfc
[M8T] OUT2 e2e8=00fc
[M8T] OUT2 e2e8=0606
[M8T] OUT2 e2e8=fff8
[M8T] OUT2 e2e8=f807
[M8T] OUT2 e2e8=00f8
[M8T] OUT2 e2e8=0606
*** 4 repeats ***
[M8T] OUT2 e2e8=fff8
[M8T] OUT2 e2e8=0007
[M8T] OUT2 e2e8=fe06
[M8T] OUT2 e2e8=fff8
[M8T] OUT2 e2e8=ffff
[M8T] OUT2 e2e8=00ff
[M8T] OUT2 e2e8=0606
*** 1 repeats ***
[M8T] OUT2 e2e8=fff8
[M8T] OUT2 e2e8=f807
[M8T] OUT2 e2e8=00f8
[M8T] OUT2 e2e8=0606
*** 4 repeats ***
[M8T] OUT2 e2e8=fff8
[M8T] OUT2 e2e8=0007
[M8T] OUT2 e2e8=fe06
[M8T] OUT2 e2e8=0000
*** 2 repeats ***
[M8T] OUT2 e2e8=0606
*** 1 repeats ***
[M8T] OUT2 e2e8=fff8
[M8T] OUT2 e2e8=f807
[M8T] OUT2 e2e8=00f8
[M8T] OUT2 e2e8=0606
*** 4 repeats ***
[M8T] OUT2 e2e8=fff8
[M8T] OUT2 e2e8=0007
[M8T] OUT2 e2e8=0606
*** 5 repeats ***
[M8T] OUT2 e2e8=fff8
[M8T] OUT2 e2e8=f807
[M8T] OUT2 e2e8=00f8
[M8T] OUT2 e2e8=0606
*** 4 repeats ***
[M8T] OUT2 e2e8=fff8
[M8T] OUT2 e2e8=0007
[M8T] OUT2 e2e8=0000
*** 5 repeats ***
[M8T] OUT2 e2e8=fff8
[M8T] OUT2 e2e8=f807
[M8T] OUT2 e2e8=00f8
[M8T] OUT2 e2e8=0606
*** 4 repeats ***
[M8T] OUT2 e2e8=fff8
[M8T] OUT2 e2e8=f807
[M8T] OUT2 e2e8=f8f8
*** 5 repeats ***
[M8T] OUT2 e2e8=fff8
[M8T] OUT2 e2e8=f807
[M8T] OUT2 e2e8=00f8
[M8T] OUT2 e2e8=0606
*** 4 repeats ***
[M8T] OUT2 e2e8=fff8
[M8T] OUT2 e2e8=0707
*** 7 repeats ***
[M8T] OUT2 e2e8=f807
[M8T] OUT2 e2e8=00f8
[M8T] OUT2 e2e8=0606
*** 4 repeats ***
[M8T] OUT2 e2e8=f806
[M8T] OUT2 e2e8=ffff
*** 7 repeats ***
[M8T] OUT2 e2e8=f8ff
[M8T] OUT2 e2e8=00f8
[M8T] OUT2 e2e8=0606
*** 5 repeats ***
[M8T] OUT2 e2e8=07f8
[M8T] OUT2 e2e8=0707
*** 6 repeats ***
[M8T] OUT2 e2e8=ff07
[M8T] OUT2 e2e8=00f8
[M8T] OUT2 e2e8=0606
*** 5 repeats ***
[M8T] OUT2 e2e8=f806
[M8T] OUT2 e2e8=f8f8
*** 7 repeats ***
[M8T] OUT2 e2e8=06f8
[M8T] OUT2 e2e8=0606
*** 1 repeats ***
[M8B] end cur=29,2
[M8T] IN2 9aee=0000
[M8T] IN2 9aee=8000
[M8T] IN2 9aee=0000
[M8T] OUT2 daee=0000
[M8T] OUT2 e2ee=05ff
[M8T] IN2 9aee=c000
[M8T] IN2 9aee=0000
[M8T] OUT2 daee=000c
[M8T] OUT2 deee=0027
[M8T] OUT2 e2ee=004d
[M8T] OUT2 e6ee=002b
[M8T] IN2 9aee=f000
[M8T] IN2 9aee=0000
[M8T] OUT2 a6e8=0006
[M8T] IN2 9aee=e000
[M8T] IN2 9aee=0000
[M8T] OUT2 86e8=000c
[M8T] OUT2 82e8=0027
[M8B] start cur=12,39 dyend=52 dpc=2211 dpitch=1024 doff=0 clip 12,39-77,43 compat=0
[M8B] end cur=12,52
[M8T] IN2 9aee=0000
[M8T] OUT2 a6e8=ffff
[M8T] IN2 9aee=f800
[M8T] IN2 9aee=0000
[M8T] OUT2 86e8=000f
[M8T] OUT2 82e8=0029
[M8B] start cur=15,41 dyend=50 dpc=3251 dpitch=1024 doff=0 clip 12,39-77,43 compat=0
[M8T] OUT2 e2e8=0783
[M8T] OUT2 e2e8=3a1e
[M8T] OUT2 e2e8=64b5
[M8T] OUT2 e2e8=82c9
[M8T] OUT2 86e8=0017
[M8T] OUT2 82e8=002c
[M8B] start cur=23,44 dyend=52 dpc=3251 dpitch=1024 doff=0 clip 12,39-77,43 compat=0
[M8T] OUT2 e2e8=524a
[M8T] OUT2 e2e8=1093
[M8T] IN2 9aee=0000
[M8T] OUT2 e2e8=0098
[M8T] OUT2 e2e8=0000
[M8T] OUT2 86e8=0020
[M8T] OUT2 82e8=0029
[M8B] start cur=32,41 dyend=50 dpc=3251 dpitch=1024 doff=0 clip 12,39-77,43 compat=0
[M8T] OUT2 e2e8=187a
[M8T] OUT2 e2e8=8220
[M8T] OUT2 e2e8=2108
[M8T] OUT2 e2e8=0078
[M8T] OUT2 86e8=0027
[M8T] OUT2 82e8=002c
[M8B] start cur=39,44 dyend=50 dpc=3251 dpitch=1024 doff=0 clip 12,39-77,43 compat=0
[M8T] IN2 9aee=0000
[M8T] OUT2 e2e8=6374
[M8T] OUT2 e2e8=b818
[M8T] OUT2 86e8=002d
[M8T] OUT2 82e8=002c
[M8B] start cur=45,44 dyend=50 dpc=3251 dpitch=1024 doff=0 clip 12,39-77,43 compat=0
[M8T] OUT2 e2e8=26ed
[M8T] OUT2 e2e8=994c
[M8T] OUT2 e2e8=4032
[M8T] OUT2 e2e8=0000
[M8T] OUT2 86e8=0035
[M8T] OUT2 82e8=002c
[M8B] start cur=53,44 dyend=52 dpc=3251 dpitch=1024 doff=0 clip 12,39-77,43 compat=0
[M8T] IN2 9aee=0000
[M8T] OUT2 e2e8=63f4
[M8T] OUT2 e2e8=fa18
[M8T] OUT2 e2e8=0010
[M8T] OUT2 e2e8=0000
[M8T] OUT2 86e8=003b
[M8T] OUT2 82e8=002c
[M8B] start cur=59,44 dyend=50 dpc=3251 dpitch=1024 doff=0 clip 12,39-77,43 compat=0
[M8T] OUT2 e2e8=638c
[M8T] OUT2 e2e8=b419
[M8T] OUT2 86e8=0041
[M8T] OUT2 82e8=002a
[M8B] start cur=65,42 dyend=50 dpc=3251 dpitch=1024 doff=0 clip 12,39-77,43 compat=0
[M8T] IN2 9aee=0000
[M8T] OUT2 e2e8=a9ae
[M8T] OUT2 e2e8=0000
[M8T] OUT2 86e8=0044
[M8T] OUT2 82e8=002c
[M8B] start cur=68,44 dyend=50 dpc=3251 dpitch=1024 doff=0 clip 12,39-77,43 compat=0
[M8T] OUT2 e2e8=7f74
[M8T] OUT2 e2e8=b808
[M8T] OUT2 86e8=004a
[M8T] OUT2 82e8=002c
[M8B] start cur=74,44 dyend=50 dpc=3251 dpitch=1024 doff=0 clip 12,39-77,43 compat=0
[M8T] OUT2 e2e8=a0ea
[M8T] OUT2 e2e8=0000
[M8T] IN2 9aee=8000
[M8T] IN2 9aee=0000
[M8T] OUT2 daee=0000
[M8T] OUT2 deee=0000
[M8T] OUT2 e2ee=05ff
[M8T] OUT2 e6ee=05ff
[M8T] IN2 9aee=f000
[M8T] IN2 9aee=0000
[M8T] OUT2 daee=000c
[M8T] OUT2 deee=002c
[M8T] OUT2 e2ee=002b
[M8T] OUT2 e6ee=0033
[M8T] IN2 9aee=f000
[M8T] IN2 9aee=0000
[M8T] OUT2 a6e8=0006
[M8T] IN2 9aee=e000
[M8T] IN2 9aee=0000
[M8T] OUT2 86e8=000c
[M8T] OUT2 82e8=0027
[M8B] start cur=12,39 dyend=52 dpc=2211 dpitch=1024 doff=0 clip 12,44-43,51 compat=0
[M8B] end cur=12,52
[M8T] IN2 9aee=0000
[M8T] OUT2 a6e8=ffff
[M8T] IN2 9aee=f800
[M8T] IN2 9aee=0000
[M8T] OUT2 86e8=000f
[M8T] OUT2 82e8=0029
[M8B] start cur=15,41 dyend=50 dpc=3251 dpitch=1024 doff=0 clip 12,44-43,51 compat=0
[M8T] OUT2 e2e8=0783
[M8T] OUT2 e2e8=3a1e
[M8T] OUT2 e2e8=64b5
[M8T] OUT2 e2e8=82c9
[M8T] OUT2 86e8=0017
[M8T] OUT2 82e8=002c
[M8B] start cur=23,44 dyend=52 dpc=3251 dpitch=1024 doff=0 clip 12,44-43,51 compat=0
[M8T] OUT2 e2e8=524a
[M8T] OUT2 e2e8=1093
[M8T] IN2 9aee=0000
[M8T] OUT2 e2e8=0098
[M8T] OUT2 e2e8=0000
[M8T] OUT2 86e8=0020
[M8T] OUT2 82e8=0029
[M8B] start cur=32,41 dyend=50 dpc=3251 dpitch=1024 doff=0 clip 12,44-43,51 compat=0
[M8T] OUT2 e2e8=187a
[M8T] OUT2 e2e8=8220
[M8T] OUT2 e2e8=2108
[M8T] OUT2 e2e8=0078
[M8T] OUT2 86e8=0027
[M8T] OUT2 82e8=002c
[M8B] start cur=39,44 dyend=50 dpc=3251 dpitch=1024 doff=0 clip 12,44-43,51 compat=0
[M8T] IN2 9aee=0000
[M8T] OUT2 e2e8=6374
[M8T] OUT2 e2e8=b818
[M8T] OUT2 86e8=002d
[M8T] OUT2 82e8=002c
[M8B] start cur=45,44 dyend=50 dpc=3251 dpitch=1024 doff=0 clip 12,44-43,51 compat=0
[M8T] OUT2 e2e8=26ed
[M8T] OUT2 e2e8=994c
[M8T] OUT2 e2e8=4032
[M8T] OUT2 e2e8=0000
[M8T] OUT2 86e8=0035
[M8T] OUT2 82e8=002c
[M8B] start cur=53,44 dyend=52 dpc=3251 dpitch=1024 doff=0 clip 12,44-43,51 compat=0
[M8T] IN2 9aee=0000
[M8T] OUT2 e2e8=63f4
[M8T] OUT2 e2e8=fa18
[M8T] OUT2 e2e8=0010
[M8T] OUT2 e2e8=0000
[M8T] OUT2 86e8=003b
[M8T] OUT2 82e8=002c
[M8B] start cur=59,44 dyend=50 dpc=3251 dpitch=1024 doff=0 clip 12,44-43,51 compat=0
[M8T] OUT2 e2e8=638c
[M8T] OUT2 e2e8=b419
[M8T] OUT2 86e8=0041
[M8T] OUT2 82e8=002a
[M8B] start cur=65,42 dyend=50 dpc=3251 dpitch=1024 doff=0 clip 12,44-43,51 compat=0
[M8T] IN2 9aee=0000
[M8T] OUT2 e2e8=a9ae
[M8T] OUT2 e2e8=0000
[M8T] OUT2 86e8=0044
[M8T] OUT2 82e8=002c
[M8B] start cur=68,44 dyend=50 dpc=3251 dpitch=1024 doff=0 clip 12,44-43,51 compat=0
[M8T] OUT2 e2e8=7f74
[M8T] OUT2 e2e8=b808
[M8T] OUT2 86e8=004a
[M8T] OUT2 82e8=002c
[M8B] start cur=74,44 dyend=50 dpc=3251 dpitch=1024 doff=0 clip 12,44-43,51 compat=0
[M8T] OUT2 e2e8=a0ea
[M8T] OUT2 e2e8=0000
[M8T] IN2 9aee=8000
[M8T] IN2 9aee=0000
[M8T] OUT2 daee=0000
[M8T] OUT2 deee=0000
[M8T] OUT2 e2ee=05ff
[M8T] OUT2 e6ee=05ff
[M8T] IN2 9aee=f000
[M8T] IN2 9aee=0000
[M8T] OUT2 daee=0000
[M8T] OUT2 deee=0000
[M8T] OUT2 e2ee=03ff
[M8T] OUT2 e6ee=02ff
[M8T] IN2 9aee=fc00
[M8T] IN2 9aee=0000
[M8T] OUT2 8ee8=0010
[M8T] OUT2 8ae8=0300
[M8T] OUT2 86e8=0200
[M8T] OUT2 82e8=0180
[M8B] start cur=512,384 dyend=416 dpc=6211 dpitch=1024 doff=0 clip 0,0-1023,767 compat=0
[M8B] end cur=512,416
[M8T] OUT2 e2ee=05ff
[M8T] OUT2 e6ee=05ff
[M8T] IN2 9aee=c000
[M8T] IN2 9aee=0000
[M8T] IN2 9ae8=0000
[M8T] OUT2 86e8=00e0
[M8T] OUT2 82e8=0148
[M8B] start cur=224,328 dyend=454 dpc=5210 dpitch=1024 doff=0 clip 0,0-1535,1535 compat=0
[M8T] IN2 9ae8=0300
[M8T] IN2 e2e8=0000
*** 232 repeats ***
[M8T] IN2 e2e8=ff07
[M8T] IN2 e2e8=0707
[M8T] IN2 e2e8=00f8
[M8T] IN2 e2e8=0606
*** 53 repeats ***
[M8T] IN2 e2e8=0000
*** 232 repeats ***
[M8T] IN2 e2e8=ff07
[M8T] IN2 e2e8=0707
[M8T] IN2 e2e8=00f8
[M8T] IN2 e2e8=0606
*** 53 repeats ***
[M8T] IN2 e2e8=0000
*** 232 repeats ***
[M8T] IN2 e2e8=ff07
[M8T] IN2 e2e8=0707
[M8T] IN2 e2e8=00f8
[M8T] IN2 e2e8=0606
*** 53 repeats ***
[M8T] IN2 e2e8=0000
*** 232 repeats ***
[M8T] IN2 e2e8=ff07
[M8T] IN2 e2e8=0707
[M8T] IN2 e2e8=00f8
[M8T] IN2 e2e8=0606
*** 53 repeats ***
[M8T] IN2 e2e8=0000
*** 232 repeats ***
[M8T] IN2 e2e8=ff07
[M8T] IN2 e2e8=0707
[M8T] IN2 e2e8=00f8
[M8T] IN2 e2e8=0606
*** 53 repeats ***
[M8T] IN2 e2e8=0000
*** 232 repeats ***
[M8T] IN2 e2e8=ff07
[M8T] IN2 e2e8=0707
[M8T] IN2 e2e8=00f8
[M8T] IN2 e2e8=0606
*** 53 repeats ***
[M8T] IN2 e2e8=0000
*** 232 repeats ***
[M8T] IN2 e2e8=ff07
[M8T] IN2 e2e8=0707
[M8T] IN2 e2e8=00f8
[M8T] IN2 e2e8=0606
*** 53 repeats ***
[M8T] IN2 e2e8=0000
*** 232 repeats ***
[M8T] IN2 e2e8=ff07
[M8T] IN2 e2e8=0707
[M8T] IN2 e2e8=00f8
[M8T] IN2 e2e8=0606
*** 53 repeats ***
[M8T] IN2 e2e8=0000
*** 232 repeats ***
[M8T] IN2 e2e8=ff07
[M8T] IN2 e2e8=0707
[M8T] IN2 e2e8=00f8
[M8T] IN2 e2e8=0606
*** 53 repeats ***
[M8T] IN2 e2e8=0000
*** 232 repeats ***
[M8T] IN2 e2e8=ff07
[M8T] IN2 e2e8=0707
[M8T] IN2 e2e8=00f8
[M8T] IN2 e2e8=0606
*** 53 repeats ***
[M8T] IN2 e2e8=0000
*** 232 repeats ***
[M8T] IN2 e2e8=ff07
[M8T] IN2 e2e8=0707
[M8T] IN2 e2e8=00f8
[M8T] IN2 e2e8=0606
*** 53 repeats ***
[M8T] IN2 e2e8=0000
*** 232 repeats ***
[M8T] IN2 e2e8=ff07
[M8T] IN2 e2e8=0707
[M8T] IN2 e2e8=00f8
[M8T] IN2 e2e8=0606
*** 53 repeats ***
[M8T] IN2 e2e8=0000
*** 232 repeats ***
[M8T] IN2 e2e8=ff07
[M8T] IN2 e2e8=0707
[M8T] IN2 e2e8=00f8
[M8T] IN2 e2e8=0606
*** 53 repeats ***
[M8T] IN2 e2e8=0000
*** 232 repeats ***
[M8T] IN2 e2e8=ff07
[M8T] IN2 e2e8=0707
[M8T] IN2 e2e8=00f8
[M8T] IN2 e2e8=0606
*** 53 repeats ***
[M8T] IN2 e2e8=0000
*** 232 repeats ***
[M8T] IN2 e2e8=ff07
[M8T] IN2 e2e8=0707
[M8T] IN2 e2e8=00f8
[M8T] IN2 e2e8=0606
*** 53 repeats ***
[M8T] IN2 e2e8=0000
*** 232 repeats ***
[M8T] IN2 e2e8=ff07
[M8T] IN2 e2e8=0707
[M8T] IN2 e2e8=00f8
[M8T] IN2 e2e8=0606
*** 53 repeats ***
[M8T] IN2 e2e8=0000
*** 232 repeats ***
[M8T] IN2 e2e8=ff07
[M8T] IN2 e2e8=0707
[M8T] IN2 e2e8=00f8
[M8T] IN2 e2e8=0606
*** 53 repeats ***
[M8T] IN2 e2e8=0000
*** 232 repeats ***
[M8T] IN2 e2e8=ff07
[M8T] IN2 e2e8=0707
[M8T] IN2 e2e8=00f8
[M8T] IN2 e2e8=0606
*** 53 repeats ***
[M8T] IN2 e2e8=0000
*** 232 repeats ***
[M8T] IN2 e2e8=ff07
[M8T] IN2 e2e8=0707
[M8T] IN2 e2e8=00f8
[M8T] IN2 e2e8=0606
*** 53 repeats ***
[M8T] IN2 e2e8=0000
*** 232 repeats ***
[M8T] IN2 e2e8=ff07
[M8T] IN2 e2e8=0707
[M8T] IN2 e2e8=00f8
[M8T] IN2 e2e8=0606
*** 53 repeats ***
[M8T] IN2 e2e8=0000
*** 232 repeats ***
[M8T] IN2 e2e8=ff07
[M8T] IN2 e2e8=0707
[M8T] IN2 e2e8=00f8
[M8T] IN2 e2e8=0606
*** 53 repeats ***
[M8T] IN2 e2e8=0000
*** 232 repeats ***
[M8T] IN2 e2e8=ff07
[M8T] IN2 e2e8=0707
[M8T] IN2 e2e8=00f8
[M8T] IN2 e2e8=0606
*** 53 repeats ***
[M8T] IN2 e2e8=0000
*** 232 repeats ***
[M8T] IN2 e2e8=ff07
[M8T] IN2 e2e8=0707
[M8T] IN2 e2e8=00f8
[M8T] IN2 e2e8=0606
*** 53 repeats ***
[M8T] IN2 e2e8=0000
*** 232 repeats ***
[M8T] IN2 e2e8=ff07
[M8T] IN2 e2e8=0707
[M8T] IN2 e2e8=00f8
[M8T] IN2 e2e8=0606
*** 53 repeats ***
[M8T] IN2 e2e8=0000
*** 232 repeats ***
[M8T] IN2 e2e8=ff07
[M8T] IN2 e2e8=0707
[M8T] IN2 e2e8=00f8
[M8T] IN2 e2e8=0606
*** 53 repeats ***
[M8T] IN2 e2e8=0000
*** 232 repeats ***
[M8T] IN2 e2e8=ff07
[M8T] IN2 e2e8=0707
[M8T] IN2 e2e8=00f8
[M8T] IN2 e2e8=0606
*** 53 repeats ***
[M8T] IN2 e2e8=0000
*** 232 repeats ***
[M8T] IN2 e2e8=ff07
[M8T] IN2 e2e8=0707
[M8T] IN2 e2e8=00f8
[M8T] IN2 e2e8=0606
*** 53 repeats ***
[M8T] IN2 e2e8=0000
*** 232 repeats ***
[M8T] IN2 e2e8=ff07
[M8T] IN2 e2e8=0707
[M8T] IN2 e2e8=00f8
[M8T] IN2 e2e8=0606
*** 53 repeats ***
[M8T] IN2 e2e8=0000
*** 232 repeats ***
[M8T] IN2 e2e8=ff07
[M8T] IN2 e2e8=0707
[M8T] IN2 e2e8=00f8
[M8T] IN2 e2e8=0606
*** 53 repeats ***
[M8T] IN2 e2e8=0000
*** 232 repeats ***
[M8T] IN2 e2e8=ff07
[M8T] IN2 e2e8=0707
[M8T] IN2 e2e8=00f8
[M8T] IN2 e2e8=0606
*** 53 repeats ***
[M8T] IN2 e2e8=0000
*** 232 repeats ***
[M8T] IN2 e2e8=ff07
[M8T] IN2 e2e8=0707
[M8T] IN2 e2e8=00f8
[M8T] IN2 e2e8=0606
*** 53 repeats ***
[M8T] IN2 e2e8=0000
*** 232 repeats ***
[M8T] IN2 e2e8=ff07
[M8T] IN2 e2e8=0707
[M8T] IN2 e2e8=00f8
[M8T] IN2 e2e8=0606
*** 53 repeats ***
[M8T] IN2 e2e8=0000
*** 232 repeats ***
[M8T] IN2 e2e8=ff07
[M8T] IN2 e2e8=0707
[M8T] IN2 e2e8=00f8
[M8T] IN2 e2e8=0606
*** 53 repeats ***
[M8T] IN2 e2e8=0000
*** 232 repeats ***
[M8T] IN2 e2e8=ff07
[M8T] IN2 e2e8=0707
[M8T] IN2 e2e8=00f8
[M8T] IN2 e2e8=0606
*** 53 repeats ***
[M8T] IN2 e2e8=0000
*** 232 repeats ***
[M8T] IN2 e2e8=ff07
[M8T] IN2 e2e8=0707
[M8T] IN2 e2e8=00f8
[M8T] IN2 e2e8=0606
*** 53 repeats ***
[M8T] IN2 e2e8=0000
*** 232 repeats ***
[M8T] IN2 e2e8=ff07
[M8T] IN2 e2e8=0707
[M8T] IN2 e2e8=00f8
[M8T] IN2 e2e8=0606
*** 53 repeats ***
[M8T] IN2 e2e8=0000
*** 232 repeats ***
[M8T] IN2 e2e8=ff07
[M8T] IN2 e2e8=0707
[M8T] IN2 e2e8=00f8
[M8T] IN2 e2e8=0606
*** 53 repeats ***
[M8T] IN2 e2e8=0000
*** 232 repeats ***
[M8T] IN2 e2e8=ff07
[M8T] IN2 e2e8=0707
[M8T] IN2 e2e8=00f8
[M8T] IN2 e2e8=0606
*** 53 repeats ***
[M8T] IN2 e2e8=0000
*** 81 repeats ***
[M8B] end cur=224,454
[M8B] start cur=801,328 dyend=454 dpc=2211 dpitch=1024 doff=0 clip 0,0-1535,1535 compat=0
[M8B] end cur=801,454
[M8B] start cur=227,453 dyend=454 dpc=2211 dpitch=1024 doff=0 clip 0,0-1535,1535 compat=0
[M8B] end cur=227,454
[M8B] start cur=227,328 dyend=453 dpc=2211 dpitch=1024 doff=0 clip 0,0-1535,1535 compat=0
[M8B] end cur=227,453
[M8B] start cur=228,328 dyend=329 dpc=2211 dpitch=1024 doff=0 clip 0,0-1535,1535 compat=0
[M8B] end cur=228,329
[M8B] start cur=800,329 dyend=453 dpc=2211 dpitch=1024 doff=0 clip 0,0-1535,1535 compat=0
[M8B] end cur=800,453
[M8B] start cur=228,452 dyend=453 dpc=2211 dpitch=1024 doff=0 clip 0,0-1535,1535 compat=0
[M8B] end cur=228,453
[M8B] start cur=228,329 dyend=452 dpc=2211 dpitch=1024 doff=0 clip 0,0-1535,1535 compat=0
[M8B] end cur=228,452
[M8B] start cur=229,329 dyend=330 dpc=2211 dpitch=1024 doff=0 clip 0,0-1535,1535 compat=0
[M8B] end cur=229,330
[M8B] start cur=229,330 dyend=451 dpc=2211 dpitch=1024 doff=0 clip 0,0-1535,1535 compat=0
[M8B] end cur=229,451
[M8B] start cur=230,330 dyend=331 dpc=2211 dpitch=1024 doff=0 clip 0,0-1535,1535 compat=0
[M8B] end cur=230,331
[M8B] start cur=229,451 dyend=452 dpc=2211 dpitch=1024 doff=0 clip 0,0-1535,1535 compat=0
[M8B] end cur=229,452
[M8B] start cur=799,331 dyend=452 dpc=2211 dpitch=1024 doff=0 clip 0,0-1535,1535 compat=0
[M8B] end cur=799,452
[M8B] start cur=230,349 dyend=350 dpc=2211 dpitch=1024 doff=0 clip 0,0-1535,1535 compat=0
[M8B] end cur=230,350
[M8B] start cur=779,331 dyend=349 dpc=5211 dpitch=1024 doff=0 clip 779,0-798,1535 compat=0
[M8B] end cur=779,349
[M8B] start cur=230,331 dyend=349 dpc=2211 dpitch=1024 doff=0 clip 0,0-1535,1535 compat=0
[M8B] end cur=230,349
[M8B] start cur=232,333 dyend=346 dpc=2211 dpitch=1024 doff=0 clip 230,331-778,348 compat=0
[M8B] end cur=232,346
[M8B] start cur=233,333 dyend=346 dpc=2211 dpitch=1024 doff=0 clip 230,331-778,348 compat=0
[M8B] end cur=233,346
[M8B] start cur=234,335 dyend=344 dpc=3251 dpitch=1024 doff=0 clip 230,331-778,348 compat=0
[M8B] start cur=242,338 dyend=344 dpc=3251 dpitch=1024 doff=0 clip 230,331-778,348 compat=0
[M8B] start cur=246,335 dyend=344 dpc=3251 dpitch=1024 doff=0 clip 230,331-778,348 compat=0
[M8B] start cur=251,335 dyend=344 dpc=3251 dpitch=1024 doff=0 clip 230,331-778,348 compat=0
[M8B] start cur=264,335 dyend=344 dpc=3251 dpitch=1024 doff=0 clip 230,331-778,348 compat=0
[M8B] start cur=268,335 dyend=344 dpc=3251 dpitch=1024 doff=0 clip 230,331-778,348 compat=0
[M8B] start cur=277,335 dyend=344 dpc=3251 dpitch=1024 doff=0 clip 230,331-778,348 compat=0
[M8B] start cur=286,335 dyend=344 dpc=3251 dpitch=1024 doff=0 clip 230,331-778,348 compat=0
[M8B] start cur=294,335 dyend=344 dpc=3251 dpitch=1024 doff=0 clip 230,331-778,348 compat=0
[M8B] start cur=307,335 dyend=344 dpc=3251 dpitch=1024 doff=0 clip 230,331-778,348 compat=0
[M8B] start cur=315,335 dyend=344 dpc=3251 dpitch=1024 doff=0 clip 230,331-778,348 compat=0
[M8B] start cur=321,335 dyend=344 dpc=3251 dpitch=1024 doff=0 clip 230,331-778,348 compat=0
[M8B] start cur=330,335 dyend=344 dpc=3251 dpitch=1024 doff=0 clip 230,331-778,348 compat=0
[M8B] start cur=339,335 dyend=344 dpc=3251 dpitch=1024 doff=0 clip 230,331-778,348 compat=0
[M8B] start cur=348,335 dyend=344 dpc=3251 dpitch=1024 doff=0 clip 230,331-778,348 compat=0
[M8B] start cur=357,335 dyend=344 dpc=3251 dpitch=1024 doff=0 clip 230,331-778,348 compat=0
[M8B] start cur=364,335 dyend=344 dpc=3251 dpitch=1024 doff=0 clip 230,331-778,348 compat=0
[M8B] start cur=371,335 dyend=344 dpc=3251 dpitch=1024 doff=0 clip 230,331-778,348 compat=0
[M8B] start cur=378,335 dyend=344 dpc=3251 dpitch=1024 doff=0 clip 230,331-778,348 compat=0
[M8B] start cur=385,343 dyend=344 dpc=3251 dpitch=1024 doff=0 clip 230,331-778,348 compat=0
[M8B] start cur=389,335 dyend=344 dpc=3251 dpitch=1024 doff=0 clip 230,331-778,348 compat=0
[M8B] start cur=396,335 dyend=344 dpc=3251 dpitch=1024 doff=0 clip 230,331-778,348 compat=0
[M8B] start cur=405,335 dyend=344 dpc=3251 dpitch=1024 doff=0 clip 230,331-778,348 compat=0
[M8B] start cur=417,335 dyend=344 dpc=3251 dpitch=1024 doff=0 clip 230,331-778,348 compat=0
[M8B] start cur=426,335 dyend=344 dpc=3251 dpitch=1024 doff=0 clip 230,331-778,348 compat=0
[M8B] start cur=434,335 dyend=344 dpc=3251 dpitch=1024 doff=0 clip 230,331-778,348 compat=0
[M8B] start cur=442,335 dyend=344 dpc=3251 dpitch=1024 doff=0 clip 230,331-778,348 compat=0
[M8B] start cur=451,343 dyend=344 dpc=3251 dpitch=1024 doff=0 clip 230,331-778,348 compat=0
[M8B] start cur=455,335 dyend=344 dpc=3251 dpitch=1024 doff=0 clip 230,331-778,348 compat=0
[M8B] start cur=462,335 dyend=344 dpc=3251 dpitch=1024 doff=0 clip 230,331-778,348 compat=0
[M8B] start cur=471,335 dyend=344 dpc=3251 dpitch=1024 doff=0 clip 230,331-778,348 compat=0
[M8B] start cur=479,343 dyend=345 dpc=3251 dpitch=1024 doff=0 clip 230,331-778,348 compat=0
[M8B] start cur=483,335 dyend=344 dpc=3251 dpitch=1024 doff=0 clip 230,331-778,348 compat=0
[M8B] start cur=491,338 dyend=344 dpc=3251 dpitch=1024 doff=0 clip 230,331-778,348 compat=0
[M8B] start cur=497,335 dyend=344 dpc=3251 dpitch=1024 doff=0 clip 230,331-778,348 compat=0
[M8B] start cur=500,336 dyend=344 dpc=3251 dpitch=1024 doff=0 clip 230,331-778,348 compat=0
[M8B] start cur=503,335 dyend=344 dpc=3251 dpitch=1024 doff=0 clip 230,331-778,348 compat=0
[M8B] start cur=516,335 dyend=344 dpc=3251 dpitch=1024 doff=0 clip 230,331-778,348 compat=0
[M8B] start cur=519,338 dyend=344 dpc=3251 dpitch=1024 doff=0 clip 230,331-778,348 compat=0
[M8B] start cur=526,335 dyend=344 dpc=3251 dpitch=1024 doff=0 clip 230,331-778,348 compat=0
[M8B] start cur=533,338 dyend=344 dpc=3251 dpitch=1024 doff=0 clip 230,331-778,348 compat=0
[M8B] start cur=540,338 dyend=344 dpc=3251 dpitch=1024 doff=0 clip 230,331-778,348 compat=0
[M8B] start cur=549,338 dyend=344 dpc=3251 dpitch=1024 doff=0 clip 230,331-778,348 compat=0
[M8B] start cur=233,335 dyend=344 dpc=3251 dpitch=1024 doff=0 clip 230,331-778,348 compat=0
[M8B] start cur=241,338 dyend=344 dpc=3251 dpitch=1024 doff=0 clip 230,331-778,348 compat=0
[M8B] start cur=245,335 dyend=344 dpc=3251 dpitch=1024 doff=0 clip 230,331-778,348 compat=0
[M8B] start cur=250,335 dyend=344 dpc=3251 dpitch=1024 doff=0 clip 230,331-778,348 compat=0
[M8B] start cur=263,335 dyend=344 dpc=3251 dpitch=1024 doff=0 clip 230,331-778,348 compat=0
[M8B] start cur=267,335 dyend=344 dpc=3251 dpitch=1024 doff=0 clip 230,331-778,348 compat=0
[M8B] start cur=276,335 dyend=344 dpc=3251 dpitch=1024 doff=0 clip 230,331-778,348 compat=0
[M8B] start cur=285,335 dyend=344 dpc=3251 dpitch=1024 doff=0 clip 230,331-778,348 compat=0
[M8B] start cur=293,335 dyend=344 dpc=3251 dpitch=1024 doff=0 clip 230,331-778,348 compat=0
[M8B] start cur=306,335 dyend=344 dpc=3251 dpitch=1024 doff=0 clip 230,331-778,348 compat=0
[M8B] start cur=314,335 dyend=344 dpc=3251 dpitch=1024 doff=0 clip 230,331-778,348 compat=0
[M8B] start cur=320,335 dyend=344 dpc=3251 dpitch=1024 doff=0 clip 230,331-778,348 compat=0
[M8B] start cur=329,335 dyend=344 dpc=3251 dpitch=1024 doff=0 clip 230,331-778,348 compat=0
[M8B] start cur=338,335 dyend=344 dpc=3251 dpitch=1024 doff=0 clip 230,331-778,348 compat=0
[M8B] start cur=347,335 dyend=344 dpc=3251 dpitch=1024 doff=0 clip 230,331-778,348 compat=0
[M8B] start cur=356,335 dyend=344 dpc=3251 dpitch=1024 doff=0 clip 230,331-778,348 compat=0
[M8B] start cur=363,335 dyend=344 dpc=3251 dpitch=1024 doff=0 clip 230,331-778,348 compat=0
[M8B] start cur=370,335 dyend=344 dpc=3251 dpitch=1024 doff=0 clip 230,331-778,348 compat=0
[M8B] start cur=377,335 dyend=344 dpc=3251 dpitch=1024 doff=0 clip 230,331-778,348 compat=0
[M8B] start cur=384,343 dyend=344 dpc=3251 dpitch=1024 doff=0 clip 230,331-778,348 compat=0
[M8B] start cur=388,335 dyend=344 dpc=3251 dpitch=1024 doff=0 clip 230,331-778,348 compat=0
[M8B] start cur=395,335 dyend=344 dpc=3251 dpitch=1024 doff=0 clip 230,331-778,348 compat=0
[M8B] start cur=404,335 dyend=344 dpc=3251 dpitch=1024 doff=0 clip 230,331-778,348 compat=0
[M8B] start cur=416,335 dyend=344 dpc=3251 dpitch=1024 doff=0 clip 230,331-778,348 compat=0
[M8B] start cur=425,335 dyend=344 dpc=3251 dpitch=1024 doff=0 clip 230,331-778,348 compat=0
[M8B] start cur=433,335 dyend=344 dpc=3251 dpitch=1024 doff=0 clip 230,331-778,348 compat=0
[M8B] start cur=441,335 dyend=344 dpc=3251 dpitch=1024 doff=0 clip 230,331-778,348 compat=0
[M8B] start cur=450,343 dyend=344 dpc=3251 dpitch=1024 doff=0 clip 230,331-778,348 compat=0
[M8B] start cur=454,335 dyend=344 dpc=3251 dpitch=1024 doff=0 clip 230,331-778,348 compat=0
[M8B] start cur=461,335 dyend=344 dpc=3251 dpitch=1024 doff=0 clip 230,331-778,348 compat=0
[M8B] start cur=470,335 dyend=344 dpc=3251 dpitch=1024 doff=0 clip 230,331-778,348 compat=0
[M8B] start cur=478,343 dyend=345 dpc=3251 dpitch=1024 doff=0 clip 230,331-778,348 compat=0
[M8B] start cur=482,335 dyend=344 dpc=3251 dpitch=1024 doff=0 clip 230,331-778,348 compat=0
[M8B] start cur=490,338 dyend=344 dpc=3251 dpitch=1024 doff=0 clip 230,331-778,348 compat=0
[M8B] start cur=496,335 dyend=344 dpc=3251 dpitch=1024 doff=0 clip 230,331-778,348 compat=0
[M8B] start cur=499,336 dyend=344 dpc=3251 dpitch=1024 doff=0 clip 230,331-778,348 compat=0
[M8B] start cur=502,335 dyend=344 dpc=3251 dpitch=1024 doff=0 clip 230,331-778,348 compat=0
[M8B] start cur=515,335 dyend=344 dpc=3251 dpitch=1024 doff=0 clip 230,331-778,348 compat=0
[M8B] start cur=518,338 dyend=344 dpc=3251 dpitch=1024 doff=0 clip 230,331-778,348 compat=0
[M8B] start cur=525,335 dyend=344 dpc=3251 dpitch=1024 doff=0 clip 230,331-778,348 compat=0
[M8B] start cur=532,338 dyend=344 dpc=3251 dpitch=1024 doff=0 clip 230,331-778,348 compat=0
[M8B] start cur=539,338 dyend=344 dpc=3251 dpitch=1024 doff=0 clip 230,331-778,348 compat=0
[M8B] start cur=548,338 dyend=344 dpc=3251 dpitch=1024 doff=0 clip 230,331-778,348 compat=0
[M8B] start cur=230,350 dyend=451 dpc=2211 dpitch=1024 doff=0 clip 0,0-1535,1535 compat=0
[M8B] end cur=230,451
[M8B] start cur=436,417 dyend=439 dpc=2211 dpitch=1024 doff=0 clip 0,0-1535,1535 compat=0
[M8B] end cur=436,439
[M8B] start cur=437,417 dyend=418 dpc=2211 dpitch=1024 doff=0 clip 0,0-1535,1535 compat=0
[M8B] end cur=437,418
[M8B] start cur=436,439 dyend=440 dpc=2211 dpitch=1024 doff=0 clip 0,0-1535,1535 compat=0
[M8B] end cur=436,440
[M8B] start cur=510,418 dyend=440 dpc=2211 dpitch=1024 doff=0 clip 0,0-1535,1535 compat=0
[M8B] end cur=510,440
[M8B] start cur=509,418 dyend=439 dpc=2211 dpitch=1024 doff=0 clip 0,0-1535,1535 compat=0
[M8B] end cur=509,439
[M8B] start cur=437,438 dyend=439 dpc=2211 dpitch=1024 doff=0 clip 0,0-1535,1535 compat=0
[M8B] end cur=437,439
[M8B] start cur=437,418 dyend=438 dpc=2211 dpitch=1024 doff=0 clip 0,0-1535,1535 compat=0
[M8B] end cur=437,438
[M8B] start cur=438,418 dyend=419 dpc=2211 dpitch=1024 doff=0 clip 0,0-1535,1535 compat=0
[M8B] end cur=438,419
[M8B] start cur=508,419 dyend=438 dpc=2211 dpitch=1024 doff=0 clip 0,0-1535,1535 compat=0
[M8B] end cur=508,438
[M8B] start cur=438,437 dyend=438 dpc=2211 dpitch=1024 doff=0 clip 0,0-1535,1535 compat=0
[M8B] end cur=438,438
[M8B] start cur=438,419 dyend=437 dpc=2211 dpitch=1024 doff=0 clip 0,0-1535,1535 compat=0
[M8B] end cur=438,437
[M8B] start cur=439,419 dyend=420 dpc=2211 dpitch=1024 doff=0 clip 0,0-1535,1535 compat=0
[M8B] end cur=439,420
[M8B] start cur=439,420 dyend=437 dpc=2211 dpitch=1024 doff=0 clip 0,0-1535,1535 compat=0
[M8B] end cur=439,437
[M8B] start cur=466,421 dyend=434 dpc=2211 dpitch=1024 doff=0 clip 455,421-498,433 compat=0
[M8B] end cur=466,434
[M8B] start cur=467,423 dyend=432 dpc=3251 dpitch=1024 doff=0 clip 455,421-498,433 compat=0
[M8B] start cur=475,423 dyend=432 dpc=3251 dpitch=1024 doff=0 clip 455,421-498,433 compat=0
[M8B] start cur=440,421 dyend=422 dpc=2231 dpitch=1024 doff=0 clip 0,0-1535,1535 compat=0
[M8B] end cur=440,422
[M8B] start cur=440,435 dyend=436 dpc=2231 dpitch=1024 doff=0 clip 0,0-1535,1535 compat=0
[M8B] end cur=440,436
[M8B] start cur=440,422 dyend=423 dpc=2231 dpitch=1024 doff=0 clip 0,0-1535,1535 compat=0
[M8B] end cur=440,423
[M8B] start cur=440,423 dyend=424 dpc=2231 dpitch=1024 doff=0 clip 0,0-1535,1535 compat=0
[M8B] end cur=440,424
[M8B] start cur=440,424 dyend=425 dpc=2231 dpitch=1024 doff=0 clip 0,0-1535,1535 compat=0
[M8B] end cur=440,425
[M8B] start cur=440,425 dyend=426 dpc=2231 dpitch=1024 doff=0 clip 0,0-1535,1535 compat=0
[M8B] end cur=440,426
[M8B] start cur=440,426 dyend=427 dpc=2231 dpitch=1024 doff=0 clip 0,0-1535,1535 compat=0
[M8B] end cur=440,427
[M8B] start cur=440,427 dyend=428 dpc=2231 dpitch=1024 doff=0 clip 0,0-1535,1535 compat=0
[M8B] end cur=440,428
[M8B] start cur=440,428 dyend=429 dpc=2231 dpitch=1024 doff=0 clip 0,0-1535,1535 compat=0
[M8B] end cur=440,429
[M8B] start cur=440,429 dyend=430 dpc=2231 dpitch=1024 doff=0 clip 0,0-1535,1535 compat=0
[M8B] end cur=440,430
[M8B] start cur=440,430 dyend=431 dpc=2231 dpitch=1024 doff=0 clip 0,0-1535,1535 compat=0
[M8B] end cur=440,431
[M8B] start cur=440,431 dyend=432 dpc=2231 dpitch=1024 doff=0 clip 0,0-1535,1535 compat=0
[M8B] end cur=440,432
[M8B] start cur=440,432 dyend=433 dpc=2231 dpitch=1024 doff=0 clip 0,0-1535,1535 compat=0
[M8B] end cur=440,433
[M8B] start cur=440,433 dyend=434 dpc=2231 dpitch=1024 doff=0 clip 0,0-1535,1535 compat=0
[M8B] end cur=440,434
[M8B] start cur=440,434 dyend=435 dpc=2231 dpitch=1024 doff=0 clip 0,0-1535,1535 compat=0
[M8B] end cur=440,435
[M8B] start cur=506,422 dyend=423 dpc=2231 dpitch=1024 doff=0 clip 0,0-1535,1535 compat=0
[M8B] end cur=506,423
[M8B] start cur=506,423 dyend=424 dpc=2231 dpitch=1024 doff=0 clip 0,0-1535,1535 compat=0
[M8B] end cur=506,424
[M8B] start cur=506,424 dyend=425 dpc=2231 dpitch=1024 doff=0 clip 0,0-1535,1535 compat=0
[M8B] end cur=506,425
[M8B] start cur=506,425 dyend=426 dpc=2231 dpitch=1024 doff=0 clip 0,0-1535,1535 compat=0
[M8B] end cur=506,426
[M8B] start cur=506,426 dyend=427 dpc=2231 dpitch=1024 doff=0 clip 0,0-1535,1535 compat=0
[M8B] end cur=506,427
[M8B] start cur=506,427 dyend=428 dpc=2231 dpitch=1024 doff=0 clip 0,0-1535,1535 compat=0
[M8B] end cur=506,428
[M8B] start cur=506,428 dyend=429 dpc=2231 dpitch=1024 doff=0 clip 0,0-1535,1535 compat=0
[M8B] end cur=506,429
[M8B] start cur=506,429 dyend=430 dpc=2231 dpitch=1024 doff=0 clip 0,0-1535,1535 compat=0
[M8B] end cur=506,430
[M8B] start cur=506,430 dyend=431 dpc=2231 dpitch=1024 doff=0 clip 0,0-1535,1535 compat=0
[M8B] end cur=506,431
[M8B] start cur=506,431 dyend=432 dpc=2231 dpitch=1024 doff=0 clip 0,0-1535,1535 compat=0
[M8B] end cur=506,432
[M8B] start cur=506,432 dyend=433 dpc=2231 dpitch=1024 doff=0 clip 0,0-1535,1535 compat=0
[M8B] end cur=506,433
[M8B] start cur=506,433 dyend=434 dpc=2231 dpitch=1024 doff=0 clip 0,0-1535,1535 compat=0
[M8B] end cur=506,434
[M8B] start cur=506,434 dyend=435 dpc=2231 dpitch=1024 doff=0 clip 0,0-1535,1535 compat=0
[M8B] end cur=506,435
[M8B] start cur=591,417 dyend=440 dpc=2211 dpitch=1024 doff=0 clip 0,0-1535,1535 compat=0
[M8B] end cur=591,440
[M8B] start cur=517,439 dyend=440 dpc=2211 dpitch=1024 doff=0 clip 0,0-1535,1535 compat=0
[M8B] end cur=517,440
[M8B] start cur=517,417 dyend=439 dpc=2211 dpitch=1024 doff=0 clip 0,0-1535,1535 compat=0
[M8B] end cur=517,439
[M8B] start cur=518,417 dyend=418 dpc=2211 dpitch=1024 doff=0 clip 0,0-1535,1535 compat=0
[M8B] end cur=518,418
[M8B] start cur=590,418 dyend=439 dpc=2211 dpitch=1024 doff=0 clip 0,0-1535,1535 compat=0
[M8B] end cur=590,439
[M8B] start cur=518,438 dyend=439 dpc=2211 dpitch=1024 doff=0 clip 0,0-1535,1535 compat=0
[M8B] end cur=518,439
[M8B] start cur=518,418 dyend=438 dpc=2211 dpitch=1024 doff=0 clip 0,0-1535,1535 compat=0
[M8B] end cur=518,438
[M8B] start cur=519,418 dyend=419 dpc=2211 dpitch=1024 doff=0 clip 0,0-1535,1535 compat=0
[M8B] end cur=519,419
[M8B] start cur=519,419 dyend=438 dpc=2211 dpitch=1024 doff=0 clip 0,0-1535,1535 compat=0
[M8B] end cur=519,438
[M8B] start cur=538,421 dyend=434 dpc=2211 dpitch=1024 doff=0 clip 527,421-589,433 compat=0
[M8B] end cur=538,434
[M8B] start cur=539,423 dyend=432 dpc=3251 dpitch=1024 doff=0 clip 527,421-589,433 compat=0
[M8B] start cur=546,426 dyend=432 dpc=3251 dpitch=1024 doff=0 clip 527,421-589,433 compat=0
[M8B] start cur=552,426 dyend=432 dpc=3251 dpitch=1024 doff=0 clip 527,421-589,433 compat=0
[M8B] start cur=558,426 dyend=432 dpc=3251 dpitch=1024 doff=0 clip 527,421-589,433 compat=0
[M8B] start cur=564,426 dyend=432 dpc=3251 dpitch=1024 doff=0 clip 527,421-589,433 compat=0
[M8B] start cur=570,423 dyend=432 dpc=3251 dpitch=1024 doff=0 clip 527,421-589,433 compat=0
[M8B] start cur=241,361 dyend=393 dpc=5211 dpitch=1024 doff=0 clip 241,0-272,1535 compat=0
[M8B] end cur=241,393
[M8B] start cur=289,361 dyend=402 dpc=2211 dpitch=1024 doff=0 clip 0,0-1535,1535 compat=0
[M8B] end cur=289,402
[M8B] start cur=289,361 dyend=374 dpc=2211 dpitch=1024 doff=0 clip 289,361-789,373 compat=0
[M8B] end cur=289,374
[M8B] start cur=289,363 dyend=372 dpc=3251 dpitch=1024 doff=0 clip 289,361-789,373 compat=0
[M8B] start cur=297,366 dyend=372 dpc=3251 dpitch=1024 doff=0 clip 289,361-789,373 compat=0
[M8B] start cur=303,366 dyend=372 dpc=3251 dpitch=1024 doff=0 clip 289,361-789,373 compat=0
[M8B] start cur=312,366 dyend=372 dpc=3251 dpitch=1024 doff=0 clip 289,361-789,373 compat=0
[M8B] start cur=320,366 dyend=372 dpc=3251 dpitch=1024 doff=0 clip 289,361-789,373 compat=0
[M8B] start cur=326,366 dyend=372 dpc=3251 dpitch=1024 doff=0 clip 289,361-789,373 compat=0
[M8B] start cur=331,364 dyend=372 dpc=3251 dpitch=1024 doff=0 clip 289,361-789,373 compat=0
[M8B] start cur=337,366 dyend=374 dpc=3251 dpitch=1024 doff=0 clip 289,361-789,373 compat=0
[M8B] start cur=343,366 dyend=372 dpc=3251 dpitch=1024 doff=0 clip 289,361-789,373 compat=0
[M8B] start cur=349,363 dyend=372 dpc=3251 dpitch=1024 doff=0 clip 289,361-789,373 compat=0
[M8B] start cur=351,364 dyend=372 dpc=3251 dpitch=1024 doff=0 clip 289,361-789,373 compat=0
[M8B] start cur=357,364 dyend=372 dpc=3251 dpitch=1024 doff=0 clip 289,361-789,373 compat=0
[M8B] start cur=360,363 dyend=372 dpc=3251 dpitch=1024 doff=0 clip 289,361-789,373 compat=0
[M8B] start cur=366,363 dyend=372 dpc=3251 dpitch=1024 doff=0 clip 289,361-789,373 compat=0
[M8B] start cur=368,366 dyend=372 dpc=3251 dpitch=1024 doff=0 clip 289,361-789,373 compat=0
[M8B] start cur=376,366 dyend=374 dpc=3251 dpitch=1024 doff=0 clip 289,361-789,373 compat=0
[M8B] start cur=382,366 dyend=372 dpc=3251 dpitch=1024 doff=0 clip 289,361-789,373 compat=0
[M8B] start cur=385,366 dyend=372 dpc=3251 dpitch=1024 doff=0 clip 289,361-789,373 compat=0
[M8B] start cur=391,366 dyend=374 dpc=3251 dpitch=1024 doff=0 clip 289,361-789,373 compat=0
[M8B] start cur=397,366 dyend=372 dpc=3251 dpitch=1024 doff=0 clip 289,361-789,373 compat=0
[M8B] start cur=400,366 dyend=372 dpc=3251 dpitch=1024 doff=0 clip 289,361-789,373 compat=0
[M8B] start cur=406,366 dyend=372 dpc=3251 dpitch=1024 doff=0 clip 289,361-789,373 compat=0
[M8B] start cur=417,363 dyend=372 dpc=3251 dpitch=1024 doff=0 clip 289,361-789,373 compat=0
[M8B] start cur=423,366 dyend=372 dpc=3251 dpitch=1024 doff=0 clip 289,361-789,373 compat=0
[M8B] start cur=429,363 dyend=372 dpc=3251 dpitch=1024 doff=0 clip 289,361-789,373 compat=0
[M8B] start cur=432,366 dyend=372 dpc=3251 dpitch=1024 doff=0 clip 289,361-789,373 compat=0
[M8B] start cur=438,366 dyend=372 dpc=3251 dpitch=1024 doff=0 clip 289,361-789,373 compat=0
[M8B] start cur=441,366 dyend=372 dpc=3251 dpitch=1024 doff=0 clip 289,361-789,373 compat=0
[M8B] start cur=449,366 dyend=374 dpc=3251 dpitch=1024 doff=0 clip 289,361-789,373 compat=0
[M8B] start cur=455,366 dyend=372 dpc=3251 dpitch=1024 doff=0 clip 289,361-789,373 compat=0
[M8B] start cur=461,366 dyend=372 dpc=3251 dpitch=1024 doff=0 clip 289,361-789,373 compat=0
[M8B] start cur=470,366 dyend=374 dpc=3251 dpitch=1024 doff=0 clip 289,361-789,373 compat=0
[M8B] start cur=476,366 dyend=372 dpc=3251 dpitch=1024 doff=0 clip 289,361-789,373 compat=0
[M8B] start cur=482,363 dyend=372 dpc=3251 dpitch=1024 doff=0 clip 289,361-789,373 compat=0
[M8B] start cur=484,364 dyend=372 dpc=3251 dpitch=1024 doff=0 clip 289,361-789,373 compat=0
[M8B] start cur=489,363 dyend=372 dpc=3251 dpitch=1024 doff=0 clip 289,361-789,373 compat=0
[M8B] start cur=501,363 dyend=372 dpc=3251 dpitch=1024 doff=0 clip 289,361-789,373 compat=0
[M8B] start cur=503,366 dyend=372 dpc=3251 dpitch=1024 doff=0 clip 289,361-789,373 compat=0
[M8B] start cur=509,363 dyend=372 dpc=3251 dpitch=1024 doff=0 clip 289,361-789,373 compat=0
[M8B] start cur=515,366 dyend=372 dpc=3251 dpitch=1024 doff=0 clip 289,361-789,373 compat=0
[M8B] start cur=521,366 dyend=372 dpc=3251 dpitch=1024 doff=0 clip 289,361-789,373 compat=0
[M8B] start cur=529,366 dyend=372 dpc=3251 dpitch=1024 doff=0 clip 289,361-789,373 compat=0
[M8B] start cur=534,371 dyend=372 dpc=3251 dpitch=1024 doff=0 clip 289,361-789,373 compat=0
[M8B] start cur=289,387 dyend=400 dpc=2211 dpitch=1024 doff=0 clip 289,387-789,399 compat=0
[M8B] end cur=289,400
[M8B] start cur=290,389 dyend=398 dpc=3251 dpitch=1024 doff=0 clip 289,387-789,399 compat=0
[M8B] start cur=297,389 dyend=398 dpc=3251 dpitch=1024 doff=0 clip 289,387-789,399 compat=0
[M8B] start cur=299,389 dyend=398 dpc=3251 dpitch=1024 doff=0 clip 289,387-789,399 compat=0
[M8B] start cur=301,392 dyend=398 dpc=3251 dpitch=1024 doff=0 clip 289,387-789,399 compat=0
[M8B] start cur=307,389 dyend=398 dpc=3251 dpitch=1024 doff=0 clip 289,387-789,399 compat=0
[M8B] start cur=316,389 dyend=398 dpc=3251 dpitch=1024 doff=0 clip 289,387-789,399 compat=0
[M8B] start cur=324,389 dyend=398 dpc=3251 dpitch=1024 doff=0 clip 289,387-789,399 compat=0
[M8B] start cur=334,390 dyend=398 dpc=3251 dpitch=1024 doff=0 clip 289,387-789,399 compat=0
[M8B] start cur=337,392 dyend=398 dpc=3251 dpitch=1024 doff=0 clip 289,387-789,399 compat=0
[M8B] start cur=346,392 dyend=400 dpc=3251 dpitch=1024 doff=0 clip 289,387-789,399 compat=0
[M8B] start cur=352,392 dyend=398 dpc=3251 dpitch=1024 doff=0 clip 289,387-789,399 compat=0
[M8B] start cur=358,389 dyend=398 dpc=3251 dpitch=1024 doff=0 clip 289,387-789,399 compat=0
[M8B] start cur=360,390 dyend=398 dpc=3251 dpitch=1024 doff=0 clip 289,387-789,399 compat=0
[M8B] start cur=366,390 dyend=398 dpc=3251 dpitch=1024 doff=0 clip 289,387-789,399 compat=0
[M8B] start cur=369,389 dyend=398 dpc=3251 dpitch=1024 doff=0 clip 289,387-789,399 compat=0
[M8B] start cur=375,392 dyend=398 dpc=3251 dpitch=1024 doff=0 clip 289,387-789,399 compat=0
[M8B] start cur=384,392 dyend=400 dpc=3251 dpitch=1024 doff=0 clip 289,387-789,399 compat=0
[M8B] start cur=390,392 dyend=398 dpc=3251 dpitch=1024 doff=0 clip 289,387-789,399 compat=0
[M8B] start cur=393,392 dyend=398 dpc=3251 dpitch=1024 doff=0 clip 289,387-789,399 compat=0
[M8B] start cur=399,392 dyend=400 dpc=3251 dpitch=1024 doff=0 clip 289,387-789,399 compat=0
[M8B] start cur=405,392 dyend=398 dpc=3251 dpitch=1024 doff=0 clip 289,387-789,399 compat=0
[M8B] start cur=408,392 dyend=398 dpc=3251 dpitch=1024 doff=0 clip 289,387-789,399 compat=0
[M8B] start cur=414,392 dyend=398 dpc=3251 dpitch=1024 doff=0 clip 289,387-789,399 compat=0
[M8B] start cur=425,392 dyend=398 dpc=3251 dpitch=1024 doff=0 clip 289,387-789,399 compat=0
[M8B] start cur=431,392 dyend=398 dpc=3251 dpitch=1024 doff=0 clip 289,387-789,399 compat=0
[M8B] start cur=437,389 dyend=398 dpc=3251 dpitch=1024 doff=0 clip 289,387-789,399 compat=0
[M8B] start cur=445,389 dyend=398 dpc=3251 dpitch=1024 doff=0 clip 289,387-789,399 compat=0
[M8B] start cur=457,389 dyend=398 dpc=3251 dpitch=1024 doff=0 clip 289,387-789,399 compat=0
[M8B] start cur=459,392 dyend=398 dpc=3251 dpitch=1024 doff=0 clip 289,387-789,399 compat=0
[M8B] start cur=465,389 dyend=398 dpc=3251 dpitch=1024 doff=0 clip 289,387-789,399 compat=0
[M8B] start cur=471,392 dyend=398 dpc=3251 dpitch=1024 doff=0 clip 289,387-789,399 compat=0
[M8B] start cur=477,392 dyend=398 dpc=3251 dpitch=1024 doff=0 clip 289,387-789,399 compat=0
[M8B] start cur=485,392 dyend=398 dpc=3251 dpitch=1024 doff=0 clip 289,387-789,399 compat=0
[M8B] start cur=490,397 dyend=399 dpc=3251 dpitch=1024 doff=0 clip 289,387-789,399 compat=0
[M8B] start cur=496,392 dyend=398 dpc=3251 dpitch=1024 doff=0 clip 289,387-789,399 compat=0
[M8B] start cur=502,392 dyend=398 dpc=3251 dpitch=1024 doff=0 clip 289,387-789,399 compat=0
[M8B] start cur=508,392 dyend=398 dpc=3251 dpitch=1024 doff=0 clip 289,387-789,399 compat=0
[M8B] start cur=514,389 dyend=398 dpc=3251 dpitch=1024 doff=0 clip 289,387-789,399 compat=0
[M8B] start cur=516,389 dyend=398 dpc=3251 dpitch=1024 doff=0 clip 289,387-789,399 compat=0
[M8B] start cur=518,392 dyend=398 dpc=3251 dpitch=1024 doff=0 clip 289,387-789,399 compat=0
[M8B] start cur=524,389 dyend=398 dpc=3251 dpitch=1024 doff=0 clip 289,387-789,399 compat=0
[M8B] start cur=533,389 dyend=398 dpc=3251 dpitch=1024 doff=0 clip 289,387-789,399 compat=0
[M8B] start cur=540,392 dyend=398 dpc=3251 dpitch=1024 doff=0 clip 289,387-789,399 compat=0
[M8B] start cur=546,392 dyend=398 dpc=3251 dpitch=1024 doff=0 clip 289,387-789,399 compat=0
[M8B] start cur=552,392 dyend=398 dpc=3251 dpitch=1024 doff=0 clip 289,387-789,399 compat=0
[M8B] start cur=558,392 dyend=398 dpc=3251 dpitch=1024 doff=0 clip 289,387-789,399 compat=0
[M8B] start cur=564,389 dyend=398 dpc=3251 dpitch=1024 doff=0 clip 289,387-789,399 compat=0
[M8B] start cur=569,390 dyend=398 dpc=3251 dpitch=1024 doff=0 clip 289,387-789,399 compat=0
[M8B] start cur=572,392 dyend=398 dpc=3251 dpitch=1024 doff=0 clip 289,387-789,399 compat=0
[M8B] start cur=581,392 dyend=398 dpc=3251 dpitch=1024 doff=0 clip 289,387-789,399 compat=0
[M8B] start cur=587,392 dyend=398 dpc=3251 dpitch=1024 doff=0 clip 289,387-789,399 compat=0
[M8B] start cur=593,392 dyend=398 dpc=3251 dpitch=1024 doff=0 clip 289,387-789,399 compat=0
[M8B] start cur=599,390 dyend=398 dpc=3251 dpitch=1024 doff=0 clip 289,387-789,399 compat=0
[M8B] start cur=602,389 dyend=398 dpc=3251 dpitch=1024 doff=0 clip 289,387-789,399 compat=0
[M8B] start cur=604,392 dyend=398 dpc=3251 dpitch=1024 doff=0 clip 289,387-789,399 compat=0
[M8B] start cur=610,392 dyend=398 dpc=3251 dpitch=1024 doff=0 clip 289,387-789,399 compat=0
[M8B] start cur=616,392 dyend=398 dpc=3251 dpitch=1024 doff=0 clip 289,387-789,399 compat=0
[M8B] start cur=625,392 dyend=398 dpc=3251 dpitch=1024 doff=0 clip 289,387-789,399 compat=0
[M8B] start cur=628,392 dyend=398 dpc=3251 dpitch=1024 doff=0 clip 289,387-789,399 compat=0
[M8B] start cur=634,392 dyend=398 dpc=3251 dpitch=1024 doff=0 clip 289,387-789,399 compat=0
[M8B] start cur=640,392 dyend=398 dpc=3251 dpitch=1024 doff=0 clip 289,387-789,399 compat=0
[M8B] start cur=646,389 dyend=398 dpc=3251 dpitch=1024 doff=0 clip 289,387-789,399 compat=0
[M8B] start cur=648,392 dyend=398 dpc=3251 dpitch=1024 doff=0 clip 289,387-789,399 compat=0
[M8B] start cur=654,392 dyend=400 dpc=3251 dpitch=1024 doff=0 clip 289,387-789,399 compat=0
[M8B] start cur=663,390 dyend=398 dpc=3251 dpitch=1024 doff=0 clip 289,387-789,399 compat=0
[M8B] start cur=666,389 dyend=398 dpc=3251 dpitch=1024 doff=0 clip 289,387-789,399 compat=0
[M8B] start cur=672,392 dyend=398 dpc=3251 dpitch=1024 doff=0 clip 289,387-789,399 compat=0
[M8B] start cur=681,392 dyend=400 dpc=3251 dpitch=1024 doff=0 clip 289,387-789,399 compat=0
[M8B] start cur=687,392 dyend=398 dpc=3251 dpitch=1024 doff=0 clip 289,387-789,399 compat=0
[M8B] start cur=690,392 dyend=398 dpc=3251 dpitch=1024 doff=0 clip 289,387-789,399 compat=0
[M8B] start cur=696,392 dyend=400 dpc=3251 dpitch=1024 doff=0 clip 289,387-789,399 compat=0
[M8B] start cur=702,392 dyend=398 dpc=3251 dpitch=1024 doff=0 clip 289,387-789,399 compat=0
[M8B] start cur=705,392 dyend=398 dpc=3251 dpitch=1024 doff=0 clip 289,387-789,399 compat=0
[M8B] start cur=711,392 dyend=398 dpc=3251 dpitch=1024 doff=0 clip 289,387-789,399 compat=0
[M8B] start cur=722,392 dyend=398 dpc=3251 dpitch=1024 doff=0 clip 289,387-789,399 compat=0
[M8B] start cur=728,392 dyend=398 dpc=3251 dpitch=1024 doff=0 clip 289,387-789,399 compat=0
[M8B] start cur=734,389 dyend=398 dpc=3251 dpitch=1024 doff=0 clip 289,387-789,399 compat=0
[M8B] start cur=742,389 dyend=398 dpc=3251 dpitch=1024 doff=0 clip 289,387-789,399 compat=0
[M8B] start cur=754,389 dyend=398 dpc=3251 dpitch=1024 doff=0 clip 289,387-789,399 compat=0
[M8B] start cur=756,392 dyend=398 dpc=3251 dpitch=1024 doff=0 clip 289,387-789,399 compat=0
[M8B] start cur=762,389 dyend=398 dpc=3251 dpitch=1024 doff=0 clip 289,387-789,399 compat=0
[M8B] start cur=768,392 dyend=398 dpc=3251 dpitch=1024 doff=0 clip 289,387-789,399 compat=0
[M8B] start cur=774,392 dyend=398 dpc=3251 dpitch=1024 doff=0 clip 289,387-789,399 compat=0
[M8B] start cur=782,392 dyend=398 dpc=3251 dpitch=1024 doff=0 clip 289,387-789,399 compat=0
[M8B] start cur=787,397 dyend=398 dpc=3251 dpitch=1024 doff=0 clip 289,387-789,399 compat=0
[M8B] start cur=16,768 dyend=769 dpc=6211 dpitch=1024 doff=0 clip 0,0-1535,1535 compat=0
[M8B] end cur=0,769
[M8T] OUT2 caee=0010
[M8X] scan cur=0,769 to=16 compat=0 dpc=6211 dp_compat=0 frgd_sel=3 bkgd_sel=0 mono=0 fmix=07 cmd_back=1 pixw=1 pitch=1024 off=0 dstp=1024
[M8Y] count=-1 width=16 dx=0 dy=769 dest=0c0400 clip l=0 t=0 r=1535 b=1535 cmp=0 fc=00000000 wm=000000ff
[M8T] IN2 9aee=0000
[M8T] OUT2 daee=0000
[M8T] OUT2 deee=0000
[M8T] OUT2 e2ee=03ff
[M8T] OUT2 e6ee=02ff
[M8T] OUT2 a6e8=ffff
[M8T] IN2 9aee=ff00
[M8T] IN2 9aee=0000
[M8T] OUT2 8ae8=0301
[M8T] OUT2 8ee8=0010
[M8T] OUT2 82e8=0180
[M8T] OUT2 86e8=0200
[M8B] start cur=512,384 dyend=416 dpc=2071 dpitch=1024 doff=0 clip 0,0-1023,767 compat=0
[M8T] IN2 9aee=0000
[M8T] OUT2 8ae8=0301
[M8T] OUT2 8ee8=0010
[M8T] OUT2 82e8=0180
[M8T] OUT2 86e8=0200
[M8B] start cur=512,384 dyend=416 dpc=2071 dpitch=1024 doff=0 clip 0,0-1023,767 compat=0
[M8T] OUT2 e2ee=05ff
[M8T] OUT2 e6ee=05ff
[M8T] IN2 9aee=c000
[M8T] IN2 9aee=0000
[M8T] OUT2 a6e8=0707
[M8T] OUT2 86e8=0030
[M8T] OUT2 82e8=0042
[M8B] start cur=48,66 dyend=67 dpc=2211 dpitch=1024 doff=0 clip 0,0-1535,1535 compat=0
[M8B] end cur=48,67
[M8T] IN2 9aee=0000
[M8T] OUT2 a6e8=f8f8
[M8T] OUT2 86e8=0042
[M8T] OUT2 82e8=0030
[M8B] start cur=66,48 dyend=66 dpc=2211 dpitch=1024 doff=0 clip 0,0-1535,1535 compat=0
[M8B] end cur=66,66
[M8T] IN2 9aee=0000
[M8T] OUT2 daee=0042
[M8T] OUT2 deee=0030
[M8T] OUT2 e2ee=027d
[M8T] OUT2 e6ee=0041
[M8T] IN2 9aee=f000
[M8T] IN2 9aee=0000
[M8T] OUT2 a6e8=00f8
[M8T] IN2 9aee=e000
[M8T] IN2 9aee=0000
[M8T] OUT2 86e8=0044
[M8T] OUT2 82e8=0032
[M8B] start cur=68,50 dyend=63 dpc=2211 dpitch=1024 doff=0 clip 66,48-637,65 compat=0
[M8B] end cur=68,63
[M8T] IN2 9aee=0000
[M8T] OUT2 a6e8=0007
[M8T] IN2 9aee=f800
[M8T] IN2 9aee=0000
[M8T] OUT2 daee=0000
[M8T] OUT2 deee=0000
[M8T] OUT2 e2ee=05ff
[M8T] OUT2 e6ee=05ff
[M8T] IN2 9aee=f000
[M8T] IN2 9aee=0000
[M8T] OUT2 daee=0042
[M8T] OUT2 deee=0030
[M8T] OUT2 e2ee=027d
[M8T] OUT2 e6ee=0041
[M8T] IN2 9aee=f000
[M8T] IN2 9aee=0000
[M8T] OUT2 a6e8=00f8
[M8T] IN2 9aee=e000
[M8T] IN2 9aee=0000
[M8T] OUT2 86e8=0045
[M8T] OUT2 82e8=0032
[M8B] start cur=69,50 dyend=63 dpc=2211 dpitch=1024 doff=0 clip 66,48-637,65 compat=0
[M8B] end cur=69,63
[M8T] IN2 9aee=0000
[M8T] OUT2 a6e8=0007
[M8T] IN2 9aee=f800
[M8T] IN2 9aee=0000
[M8T] OUT2 86e8=0045
[M8T] OUT2 82e8=0034
[M8B] start cur=69,52 dyend=61 dpc=3251 dpitch=1024 doff=0 clip 66,48-637,65 compat=0
[M8T] IN2 9aee=0000
[M8T] OUT2 e2e8=3080
[M8T] OUT2 e2e8=1105
[M8T] OUT2 e2e8=2422
[M8T] OUT2 e2e8=5544
[M8T] IN2 9aee=0000
[M8T] OUT2 e2e8=a00a
[M8T] OUT2 e2e8=1188
[M8T] OUT2 e2e8=0000
*** 1 repeats ***
[M8T] IN2 9aee=8000
[M8T] IN2 9aee=0000
[M8T] OUT2 86e8=0052
[M8T] OUT2 82e8=0034
[M8B] start cur=82,52 dyend=61 dpc=3251 dpitch=1024 doff=0 clip 66,48-637,65 compat=0
[M8T] IN2 9aee=0000
[M8T] OUT2 e2e8=18fa
[M8T] OUT2 e2e8=fa61
[M8T] OUT2 e2e8=6118
[M8T] OUT2 e2e8=0084
[M8T] IN2 9aee=0000
[M8T] OUT2 86e8=005b
[M8T] OUT2 82e8=0034
[M8B] start cur=91,52 dyend=61 dpc=3251 dpitch=1024 doff=0 clip 66,48-637,65 compat=0
[M8T] IN2 9aee=0000
[M8T] OUT2 e2e8=08f9
[M8T] OUT2 e2e8=1042
[M8T] OUT2 e2e8=2084
[M8T] OUT2 e2e8=0000
[M8T] IN2 9aee=8000
[M8T] IN2 9aee=0000
[M8T] OUT2 86e8=0063
[M8T] OUT2 82e8=0034
[M8B] start cur=99,52 dyend=61 dpc=3251 dpitch=1024 doff=0 clip 66,48-637,65 compat=0
[M8T] IN2 9aee=0000
[M8T] OUT2 e2e8=21fc
[M8T] OUT2 e2e8=420f
[M8T] OUT2 e2e8=f810
[M8T] OUT2 e2e8=0000
[M8T] IN2 9aee=8000
[M8T] IN2 9aee=0000
[M8T] OUT2 86e8=006b
[M8T] OUT2 82e8=0034
[M8B] start cur=107,52 dyend=61 dpc=3251 dpitch=1024 doff=0 clip 66,48-637,65 compat=0
[M8T] IN2 9aee=0000
[M8T] OUT2 e2e8=6174
[M8T] OUT2 e2e8=0407
[M8T] OUT2 e2e8=7031
[M8T] OUT2 e2e8=0000
[M8T] IN2 9aee=8000
[M8T] IN2 9aee=0000
[M8T] OUT2 86e8=0073
[M8T] OUT2 82e8=0034
[M8B] start cur=115,52 dyend=61 dpc=3251 dpitch=1024 doff=0 clip 66,48-637,65 compat=0
[M8T] IN2 9aee=0000
[M8T] OUT2 e2e8=08f9
[M8T] OUT2 e2e8=1042
[M8T] OUT2 e2e8=2084
[M8T] OUT2 e2e8=0000
[M8T] IN2 9aee=8000
[M8T] IN2 9aee=0000
[M8T] OUT2 daee=0000
[M8T] OUT2 deee=0000
[M8T] OUT2 e2ee=05ff
[M8T] OUT2 e6ee=05ff
[M8T] IN2 9aee=f000
[M8T] IN2 9aee=0000
[M8T] OUT2 daee=0042
[M8T] OUT2 deee=0030
[M8T] OUT2 e2ee=027d
[M8T] OUT2 e6ee=0041
[M8T] IN2 9aee=f000
[M8T] IN2 9aee=0000
[M8T] OUT2 a6e8=0007
[M8T] IN2 9aee=f800
[M8T] IN2 9aee=0000
[M8T] OUT2 86e8=0044
[M8T] OUT2 82e8=0034
[M8B] start cur=68,52 dyend=61 dpc=3251 dpitch=1024 doff=0 clip 66,48-637,65 compat=0
[M8T] IN2 9aee=0000
[M8T] OUT2 e2e8=3080
[M8T] OUT2 e2e8=1105
[M8T] OUT2 e2e8=2422
[M8T] OUT2 e2e8=5544
[M8T] IN2 9aee=0000
[M8T] OUT2 e2e8=a00a
[M8T] OUT2 e2e8=1188
[M8T] OUT2 e2e8=0000
*** 1 repeats ***
[M8T] IN2 9aee=8000
[M8T] IN2 9aee=0000
[M8T] OUT2 86e8=0051
[M8T] OUT2 82e8=0034
[M8B] start cur=81,52 dyend=61 dpc=3251 dpitch=1024 doff=0 clip 66,48-637,65 compat=0
[M8T] IN2 9aee=0000
[M8T] OUT2 e2e8=18fa
[M8T] OUT2 e2e8=fa61
[M8T] OUT2 e2e8=6118
[M8T] OUT2 e2e8=0084
[M8T] IN2 9aee=0000
[M8T] OUT2 86e8=005a
[M8T] OUT2 82e8=0034
[M8B] start cur=90,52 dyend=61 dpc=3251 dpitch=1024 doff=0 clip 66,48-637,65 compat=0
[M8T] IN2 9aee=0000
[M8T] OUT2 e2e8=08f9
[M8T] OUT2 e2e8=1042
[M8T] OUT2 e2e8=2084
[M8T] OUT2 e2e8=0000
[M8T] IN2 9aee=8000
[M8T] IN2 9aee=0000
[M8T] OUT2 86e8=0062
[M8T] OUT2 82e8=0034
[M8B] start cur=98,52 dyend=61 dpc=3251 dpitch=1024 doff=0 clip 66,48-637,65 compat=0
[M8T] IN2 9aee=0000
[M8T] OUT2 e2e8=21fc
[M8T] OUT2 e2e8=420f
[M8T] OUT2 e2e8=f810
[M8T] OUT2 e2e8=0000
[M8T] IN2 9aee=8000
[M8T] IN2 9aee=0000
[M8T] OUT2 86e8=006a
[M8T] OUT2 82e8=0034
[M8B] start cur=106,52 dyend=61 dpc=3251 dpitch=1024 doff=0 clip 66,48-637,65 compat=0
[M8T] IN2 9aee=0000
[M8T] OUT2 e2e8=6174
[M8T] OUT2 e2e8=0407
[M8T] OUT2 e2e8=7031
[M8T] OUT2 e2e8=0000
[M8T] IN2 9aee=8000
[M8T] IN2 9aee=0000
[M8T] OUT2 86e8=0072
[M8T] OUT2 82e8=0034
[M8B] start cur=114,52 dyend=61 dpc=3251 dpitch=1024 doff=0 clip 66,48-637,65 compat=0
[M8T] IN2 9aee=0000
[M8T] OUT2 e2e8=08f9
[M8T] OUT2 e2e8=1042
[M8T] OUT2 e2e8=2084
[M8T] OUT2 e2e8=0000
[M8T] IN2 9aee=8000
[M8T] IN2 9aee=0000
[M8T] OUT2 daee=0000
[M8T] OUT2 deee=0000
[M8T] OUT2 e2ee=05ff
[M8T] OUT2 e6ee=05ff
[M8T] IN2 9aee=f000
[M8T] IN2 9aee=0000
[M8T] OUT2 a6e8=0707
[M8T] OUT2 86e8=0030
[M8T] OUT2 82e8=0042
[M8B] start cur=48,66 dyend=67 dpc=2211 dpitch=1024 doff=0 clip 0,0-1535,1535 compat=0
[M8B] end cur=48,67
[M8T] IN2 9aee=0000
[M8T] OUT2 a6e8=f8f8
[M8T] OUT2 86e8=0042
[M8T] OUT2 82e8=0030
[M8B] start cur=66,48 dyend=66 dpc=2211 dpitch=1024 doff=0 clip 0,0-1535,1535 compat=0
[M8B] end cur=66,66
[M8T] IN2 9aee=0000
[M8T] OUT2 daee=0042
[M8T] OUT2 deee=0030
[M8T] OUT2 e2ee=027d
[M8T] OUT2 e6ee=0041
[M8T] IN2 9aee=f000
[M8T] IN2 9aee=0000
[M8T] OUT2 a6e8=00f8
[M8T] IN2 9aee=e000
[M8T] IN2 9aee=0000
[M8T] OUT2 86e8=0044
[M8T] OUT2 82e8=0032
[M8B] start cur=68,50 dyend=63 dpc=2211 dpitch=1024 doff=0 clip 66,48-637,65 compat=0
[M8B] end cur=68,63
[M8T] IN2 9aee=0000
[M8T] OUT2 a6e8=0007
[M8T] IN2 9aee=f800
[M8T] IN2 9aee=0000
[M8T] OUT2 daee=0000
[M8T] OUT2 deee=0000
[M8T] OUT2 e2ee=05ff
[M8T] OUT2 e6ee=05ff
[M8T] IN2 9aee=f000
[M8T] IN2 9aee=0000
[M8T] OUT2 daee=0042
[M8T] OUT2 deee=0030
[M8T] OUT2 e2ee=027d
[M8T] OUT2 e6ee=0041
[M8T] IN2 9aee=f000
[M8T] IN2 9aee=0000
[M8T] OUT2 a6e8=00f8
[M8T] IN2 9aee=e000
[M8T] IN2 9aee=0000
[M8T] OUT2 86e8=0045
[M8T] OUT2 82e8=0032
[M8B] start cur=69,50 dyend=63 dpc=2211 dpitch=1024 doff=0 clip 66,48-637,65 compat=0
[M8B] end cur=69,63
[M8T] IN2 9aee=0000
[M8T] OUT2 a6e8=0007
[M8T] IN2 9aee=f800
[M8T] IN2 9aee=0000
[M8T] OUT2 86e8=0045
[M8T] OUT2 82e8=0034
[M8B] start cur=69,52 dyend=61 dpc=3251 dpitch=1024 doff=0 clip 66,48-637,65 compat=0
[M8T] IN2 9aee=0000
[M8T] OUT2 e2e8=3080
[M8T] OUT2 e2e8=1105
[M8T] OUT2 e2e8=2422
[M8T] OUT2 e2e8=5544
[M8T] IN2 9aee=0000
[M8T] OUT2 e2e8=a00a
[M8T] OUT2 e2e8=1188
[M8T] OUT2 e2e8=0000
*** 1 repeats ***
[M8T] IN2 9aee=8000
[M8T] IN2 9aee=0000
[M8T] OUT2 86e8=0052
[M8T] OUT2 82e8=0034
[M8B] start cur=82,52 dyend=61 dpc=3251 dpitch=1024 doff=0 clip 66,48-637,65 compat=0
[M8T] IN2 9aee=0000
[M8T] OUT2 e2e8=18fa
[M8T] OUT2 e2e8=fa61
[M8T] OUT2 e2e8=6118
[M8T] OUT2 e2e8=0084
[M8T] IN2 9aee=0000
[M8T] OUT2 86e8=005b
[M8T] OUT2 82e8=0034
[M8B] start cur=91,52 dyend=61 dpc=3251 dpitch=1024 doff=0 clip 66,48-637,65 compat=0
[M8T] IN2 9aee=0000
[M8T] OUT2 e2e8=08f9
[M8T] OUT2 e2e8=1042
[M8T] OUT2 e2e8=2084
[M8T] OUT2 e2e8=0000
[M8T] IN2 9aee=8000
[M8T] IN2 9aee=0000
[M8T] OUT2 86e8=0063
[M8T] OUT2 82e8=0034
[M8B] start cur=99,52 dyend=61 dpc=3251 dpitch=1024 doff=0 clip 66,48-637,65 compat=0
[M8T] IN2 9aee=0000
[M8T] OUT2 e2e8=21fc
[M8T] OUT2 e2e8=420f
[M8T] OUT2 e2e8=f810
[M8T] OUT2 e2e8=0000
[M8T] IN2 9aee=8000
[M8T] IN2 9aee=0000
[M8T] OUT2 86e8=006b
[M8T] OUT2 82e8=0034
[M8B] start cur=107,52 dyend=61 dpc=3251 dpitch=1024 doff=0 clip 66,48-637,65 compat=0
[M8T] IN2 9aee=0000
[M8T] OUT2 e2e8=6174
[M8T] OUT2 e2e8=0407
[M8T] OUT2 e2e8=7031
[M8T] OUT2 e2e8=0000
[M8T] IN2 9aee=8000
[M8T] IN2 9aee=0000
[M8T] OUT2 86e8=0073
[M8T] OUT2 82e8=0034
[M8B] start cur=115,52 dyend=61 dpc=3251 dpitch=1024 doff=0 clip 66,48-637,65 compat=0
[M8T] IN2 9aee=0000
[M8T] OUT2 e2e8=08f9
[M8T] OUT2 e2e8=1042
[M8T] OUT2 e2e8=2084
[M8T] OUT2 e2e8=0000
[M8T] IN2 9aee=8000
[M8T] IN2 9aee=0000
[M8T] OUT2 daee=0000
[M8T] OUT2 deee=0000
[M8T] OUT2 e2ee=05ff
[M8T] OUT2 e6ee=05ff
[M8T] IN2 9aee=f000
[M8T] IN2 9aee=0000
[M8T] OUT2 daee=0042
[M8T] OUT2 deee=0030
[M8T] OUT2 e2ee=027d
[M8T] OUT2 e6ee=0041
[M8T] IN2 9aee=f000
[M8T] IN2 9aee=0000
[M8T] OUT2 a6e8=0007
[M8T] IN2 9aee=f800
[M8T] IN2 9aee=0000
[M8T] OUT2 86e8=0044
[M8T] OUT2 82e8=0034
[M8B] start cur=68,52 dyend=61 dpc=3251 dpitch=1024 doff=0 clip 66,48-637,65 compat=0
[M8T] IN2 9aee=0000
[M8T] OUT2 e2e8=3080
[M8T] OUT2 e2e8=1105
[M8T] OUT2 e2e8=2422
[M8T] OUT2 e2e8=5544
[M8T] IN2 9aee=0000
[M8T] OUT2 e2e8=a00a
[M8T] OUT2 e2e8=1188
[M8T] OUT2 e2e8=0000
*** 1 repeats ***
[M8T] IN2 9aee=8000
[M8T] IN2 9aee=0000
[M8T] OUT2 86e8=0051
[M8T] OUT2 82e8=0034
[M8B] start cur=81,52 dyend=61 dpc=3251 dpitch=1024 doff=0 clip 66,48-637,65 compat=0
[M8T] IN2 9aee=0000
[M8T] OUT2 e2e8=18fa
[M8T] OUT2 e2e8=fa61
[M8T] OUT2 e2e8=6118
[M8T] OUT2 e2e8=0084
[M8T] IN2 9aee=0000
[M8T] OUT2 86e8=005a
[M8T] OUT2 82e8=0034
[M8B] start cur=90,52 dyend=61 dpc=3251 dpitch=1024 doff=0 clip 66,48-637,65 compat=0
[M8T] IN2 9aee=0000
[M8T] OUT2 e2e8=08f9
[M8T] OUT2 e2e8=1042
[M8T] OUT2 e2e8=2084
[M8T] OUT2 e2e8=0000
[M8T] IN2 9aee=8000
[M8T] IN2 9aee=0000
[M8T] OUT2 86e8=0062
[M8T] OUT2 82e8=0034
[M8B] start cur=98,52 dyend=61 dpc=3251 dpitch=1024 doff=0 clip 66,48-637,65 compat=0
[M8T] IN2 9aee=0000
[M8T] OUT2 e2e8=21fc
[M8T] OUT2 e2e8=420f
[M8T] OUT2 e2e8=f810
[M8T] OUT2 e2e8=0000
[M8T] IN2 9aee=8000
[M8T] IN2 9aee=0000
[M8T] OUT2 86e8=006a
[M8T] OUT2 82e8=0034
[M8B] start cur=106,52 dyend=61 dpc=3251 dpitch=1024 doff=0 clip 66,48-637,65 compat=0
[M8T] IN2 9aee=0000
[M8T] OUT2 e2e8=6174
[M8T] OUT2 e2e8=0407
[M8T] OUT2 e2e8=7031
[M8T] OUT2 e2e8=0000
[M8T] IN2 9aee=8000
[M8T] IN2 9aee=0000
[M8T] OUT2 86e8=0072
[M8T] OUT2 82e8=0034
[M8B] start cur=114,52 dyend=61 dpc=3251 dpitch=1024 doff=0 clip 66,48-637,65 compat=0
[M8T] IN2 9aee=0000
[M8T] OUT2 e2e8=08f9
[M8T] OUT2 e2e8=1042
[M8T] OUT2 e2e8=2084
[M8T] OUT2 e2e8=0000
[M8T] IN2 9aee=8000
[M8T] IN2 9aee=0000
[M8T] OUT2 daee=0000
[M8T] OUT2 deee=0000
[M8T] OUT2 e2ee=05ff
[M8T] OUT2 e6ee=05ff
[M8T] IN2 9aee=f000
[M8T] IN2 9aee=0000
[M8T] OUT2 a6e8=0707
[M8T] OUT2 86e8=0030
[M8T] OUT2 82e8=0042
[M8B] start cur=48,66 dyend=67 dpc=2211 dpitch=1024 doff=0 clip 0,0-1535,1535 compat=0
[M8B] end cur=48,67
[M8T] IN2 9aee=0000
[M8T] OUT2 a6e8=f8f8
[M8T] OUT2 86e8=0042
[M8T] OUT2 82e8=0030
[M8B] start cur=66,48 dyend=66 dpc=2211 dpitch=1024 doff=0 clip 0,0-1535,1535 compat=0
[M8B] end cur=66,66
[M8T] IN2 9aee=0000
[M8T] OUT2 daee=0042
[M8T] OUT2 deee=0030
[M8T] OUT2 e2ee=027d
[M8T] OUT2 e6ee=0041
[M8T] IN2 9aee=f000
[M8T] IN2 9aee=0000
[M8T] OUT2 a6e8=00f8
[M8T] IN2 9aee=e000
[M8T] IN2 9aee=0000
[M8T] OUT2 86e8=0044
[M8T] OUT2 82e8=0032
[M8B] start cur=68,50 dyend=63 dpc=2211 dpitch=1024 doff=0 clip 66,48-637,65 compat=0
[M8B] end cur=68,63
[M8T] IN2 9aee=0000
[M8T] OUT2 a6e8=0007
[M8T] IN2 9aee=f800
[M8T] IN2 9aee=0000
[M8T] OUT2 daee=0000
[M8T] OUT2 deee=0000
[M8T] OUT2 e2ee=05ff
[M8T] OUT2 e6ee=05ff
[M8T] IN2 9aee=f000
[M8T] IN2 9aee=0000
[M8T] OUT2 daee=0042
[M8T] OUT2 deee=0030
[M8T] OUT2 e2ee=027d
[M8T] OUT2 e6ee=0041
[M8T] IN2 9aee=f000
[M8T] IN2 9aee=0000
[M8T] OUT2 a6e8=00f8
[M8T] IN2 9aee=e000
[M8T] IN2 9aee=0000
[M8T] OUT2 86e8=0045
[M8T] OUT2 82e8=0032
[M8B] start cur=69,50 dyend=63 dpc=2211 dpitch=1024 doff=0 clip 66,48-637,65 compat=0
[M8B] end cur=69,63
[M8T] IN2 9aee=0000
[M8T] OUT2 a6e8=0007
[M8T] IN2 9aee=f800
[M8T] IN2 9aee=0000
[M8T] OUT2 86e8=0045
[M8T] OUT2 82e8=0034
[M8B] start cur=69,52 dyend=61 dpc=3251 dpitch=1024 doff=0 clip 66,48-637,65 compat=0
[M8T] IN2 9aee=0000
[M8T] OUT2 e2e8=3080
[M8T] OUT2 e2e8=1105
[M8T] OUT2 e2e8=2422
[M8T] OUT2 e2e8=5544
[M8T] IN2 9aee=0000
[M8T] OUT2 e2e8=a00a
[M8T] OUT2 e2e8=1188
[M8T] OUT2 e2e8=0000
*** 1 repeats ***
[M8T] IN2 9aee=8000
[M8T] IN2 9aee=0000
[M8T] OUT2 86e8=0052
[M8T] OUT2 82e8=0034
[M8B] start cur=82,52 dyend=61 dpc=3251 dpitch=1024 doff=0 clip 66,48-637,65 compat=0
[M8T] IN2 9aee=0000
[M8T] OUT2 e2e8=18fa
[M8T] OUT2 e2e8=fa61
[M8T] OUT2 e2e8=6118
[M8T] OUT2 e2e8=0084
[M8T] IN2 9aee=0000
[M8T] OUT2 86e8=005b
[M8T] OUT2 82e8=0034
[M8B] start cur=91,52 dyend=61 dpc=3251 dpitch=1024 doff=0 clip 66,48-637,65 compat=0
[M8T] IN2 9aee=0000
[M8T] OUT2 e2e8=08f9
[M8T] OUT2 e2e8=1042
[M8T] OUT2 e2e8=2084
[M8T] OUT2 e2e8=0000
[M8T] IN2 9aee=8000
[M8T] IN2 9aee=0000
[M8T] OUT2 86e8=0063
[M8T] OUT2 82e8=0034
[M8B] start cur=99,52 dyend=61 dpc=3251 dpitch=1024 doff=0 clip 66,48-637,65 compat=0
[M8T] IN2 9aee=0000
[M8T] OUT2 e2e8=21fc
[M8T] OUT2 e2e8=420f
[M8T] OUT2 e2e8=f810
[M8T] OUT2 e2e8=0000
[M8T] IN2 9aee=8000
[M8T] IN2 9aee=0000
[M8T] OUT2 86e8=006b
[M8T] OUT2 82e8=0034
[M8B] start cur=107,52 dyend=61 dpc=3251 dpitch=1024 doff=0 clip 66,48-637,65 compat=0
[M8T] IN2 9aee=0000
[M8T] OUT2 e2e8=6174
[M8T] OUT2 e2e8=0407
[M8T] OUT2 e2e8=7031
[M8T] OUT2 e2e8=0000
[M8T] IN2 9aee=8000
[M8T] IN2 9aee=0000
[M8T] OUT2 86e8=0073
[M8T] OUT2 82e8=0034
[M8B] start cur=115,52 dyend=61 dpc=3251 dpitch=1024 doff=0 clip 66,48-637,65 compat=0
[M8T] IN2 9aee=0000
[M8T] OUT2 e2e8=08f9
[M8T] OUT2 e2e8=1042
[M8T] OUT2 e2e8=2084
[M8T] OUT2 e2e8=0000
[M8T] IN2 9aee=8000
[M8T] IN2 9aee=0000
[M8T] OUT2 daee=0000
[M8T] OUT2 deee=0000
[M8T] OUT2 e2ee=05ff
[M8T] OUT2 e6ee=05ff
[M8T] IN2 9aee=f000
[M8T] IN2 9aee=0000
[M8T] OUT2 daee=0042
[M8T] OUT2 deee=0030
[M8T] OUT2 e2ee=027d
[M8T] OUT2 e6ee=0041
[M8T] IN2 9aee=f000
[M8T] IN2 9aee=0000
[M8T] OUT2 a6e8=0007
[M8T] IN2 9aee=f800
[M8T] IN2 9aee=0000
[M8T] OUT2 86e8=0044
[M8T] OUT2 82e8=0034
[M8B] start cur=68,52 dyend=61 dpc=3251 dpitch=1024 doff=0 clip 66,48-637,65 compat=0
[M8T] IN2 9aee=0000
[M8T] OUT2 e2e8=3080
[M8T] OUT2 e2e8=1105
[M8T] OUT2 e2e8=2422
[M8T] OUT2 e2e8=5544
[M8T] IN2 9aee=0000
[M8T] OUT2 e2e8=a00a
[M8T] OUT2 e2e8=1188
[M8T] OUT2 e2e8=0000
*** 1 repeats ***
[M8T] IN2 9aee=8000
[M8T] IN2 9aee=0000
[M8T] OUT2 86e8=0051
[M8T] OUT2 82e8=0034
[M8B] start cur=81,52 dyend=61 dpc=3251 dpitch=1024 doff=0 clip 66,48-637,65 compat=0
[M8T] IN2 9aee=0000
[M8T] OUT2 e2e8=18fa
[M8T] OUT2 e2e8=fa61
[M8T] OUT2 e2e8=6118
[M8T] OUT2 e2e8=0084
[M8T] IN2 9aee=0000
[M8T] OUT2 86e8=005a
[M8T] OUT2 82e8=0034
[M8B] start cur=90,52 dyend=61 dpc=3251 dpitch=1024 doff=0 clip 66,48-637,65 compat=0
[M8T] IN2 9aee=0000
[M8T] OUT2 e2e8=08f9
[M8T] OUT2 e2e8=1042
[M8T] OUT2 e2e8=2084
[M8T] OUT2 e2e8=0000
[M8T] IN2 9aee=8000
[M8T] IN2 9aee=0000
[M8T] OUT2 86e8=0062
[M8T] OUT2 82e8=0034
[M8B] start cur=98,52 dyend=61 dpc=3251 dpitch=1024 doff=0 clip 66,48-637,65 compat=0
[M8T] IN2 9aee=0000
[M8T] OUT2 e2e8=21fc
[M8T] OUT2 e2e8=420f
[M8T] OUT2 e2e8=f810
[M8T] OUT2 e2e8=0000
[M8T] IN2 9aee=8000
[M8T] IN2 9aee=0000
[M8T] OUT2 86e8=006a
[M8T] OUT2 82e8=0034
[M8B] start cur=106,52 dyend=61 dpc=3251 dpitch=1024 doff=0 clip 66,48-637,65 compat=0
[M8T] IN2 9aee=0000
[M8T] OUT2 e2e8=6174
[M8T] OUT2 e2e8=0407
[M8T] OUT2 e2e8=7031
[M8T] OUT2 e2e8=0000
[M8T] IN2 9aee=8000
[M8T] IN2 9aee=0000
[M8T] OUT2 86e8=0072
[M8T] OUT2 82e8=0034
[M8B] start cur=114,52 dyend=61 dpc=3251 dpitch=1024 doff=0 clip 66,48-637,65 compat=0
[M8T] IN2 9aee=0000
[M8T] OUT2 e2e8=08f9
[M8T] OUT2 e2e8=1042
[M8T] OUT2 e2e8=2084
[M8T] OUT2 e2e8=0000
[M8T] IN2 9aee=8000
[M8T] IN2 9aee=0000
[M8T] OUT2 daee=0000
[M8T] OUT2 deee=0000
[M8T] OUT2 e2ee=05ff
[M8T] OUT2 e6ee=05ff
[M8T] IN2 9aee=f000
[M8T] IN2 9aee=0000
[M8T] OUT2 a6e8=0707
[M8T] OUT2 86e8=0030
[M8T] OUT2 82e8=0042
[M8B] start cur=48,66 dyend=67 dpc=2211 dpitch=1024 doff=0 clip 0,0-1535,1535 compat=0
[M8B] end cur=48,67
[M8T] IN2 9aee=0000
[M8T] IN2 9ae8=0000
[M8T] OUT2 daee=027e
[M8T] OUT2 e2ee=02b3
[M8T] OUT2 86e8=027e
[M8T] OUT2 82e8=0030
[M8B] start cur=638,48 dyend=66 dpc=5211 dpitch=1024 doff=0 clip 638,0-691,1535 compat=0
[M8T] OUT2 e2e8=f8f8
*** 54 repeats ***
[M8T] OUT2 e2e8=ffff
*** 6 repeats ***
[M8T] OUT2 e2e8=00ff
[M8T] OUT2 e2e8=ffff
*** 6 repeats ***
[M8T] OUT2 e2e8=00ff
[M8T] OUT2 e2e8=f8f8
[M8T] OUT2 e2e8=ffff
*** 6 repeats ***
[M8T] OUT2 e2e8=00ff
[M8T] OUT2 e2e8=f8f8
*** 1 repeats ***
[M8T] OUT2 e2e8=07ff
[M8T] OUT2 e2e8=0707
*** 5 repeats ***
[M8T] OUT2 e2e8=00f8
[M8T] OUT2 e2e8=07ff
[M8T] OUT2 e2e8=0707
*** 5 repeats ***
[M8T] OUT2 e2e8=00f8
[M8T] OUT2 e2e8=f8f8
[M8T] OUT2 e2e8=07ff
[M8T] OUT2 e2e8=0707
*** 5 repeats ***
[M8T] OUT2 e2e8=00f8
[M8T] OUT2 e2e8=f8f8
*** 1 repeats ***
[M8T] OUT2 e2e8=07ff
[M8T] OUT2 e2e8=0707
*** 5 repeats ***
[M8T] OUT2 e2e8=00f8
[M8T] OUT2 e2e8=07ff
[M8T] OUT2 e2e8=0007
[M8T] OUT2 e2e8=0000
*** 3 repeats ***
[M8T] OUT2 e2e8=0707
[M8T] OUT2 e2e8=00f8
[M8T] OUT2 e2e8=f8f8
[M8T] OUT2 e2e8=07ff
[M8T] OUT2 e2e8=0707
*** 5 repeats ***
[M8T] OUT2 e2e8=00f8
[M8T] OUT2 e2e8=f8f8
*** 1 repeats ***
[M8T] OUT2 e2e8=07ff
[M8T] OUT2 e2e8=0707
*** 5 repeats ***
[M8T] OUT2 e2e8=00f8
[M8T] OUT2 e2e8=07ff
[M8T] OUT2 e2e8=0007
[M8T] OUT2 e2e8=0000
*** 3 repeats ***
[M8T] OUT2 e2e8=0707
[M8T] OUT2 e2e8=00f8
[M8T] OUT2 e2e8=f8f8
[M8T] OUT2 e2e8=07ff
[M8T] OUT2 e2e8=0707
[M8T] OUT2 e2e8=0000
[M8T] OUT2 e2e8=0707
*** 1 repeats ***
[M8T] OUT2 e2e8=0000
[M8T] OUT2 e2e8=0707
[M8T] OUT2 e2e8=00f8
[M8T] OUT2 e2e8=f8f8
*** 1 repeats ***
[M8T] OUT2 e2e8=07ff
[M8T] OUT2 e2e8=0707
*** 5 repeats ***
[M8T] OUT2 e2e8=00f8
[M8T] OUT2 e2e8=07ff
[M8T] OUT2 e2e8=0007
[M8T] OUT2 e2e8=0707
*** 2 repeats ***
[M8T] OUT2 e2e8=0007
[M8T] OUT2 e2e8=0707
[M8T] OUT2 e2e8=00f8
[M8T] OUT2 e2e8=f8f8
[M8T] OUT2 e2e8=07ff
[M8T] OUT2 e2e8=0707
[M8T] OUT2 e2e8=0007
[M8T] OUT2 e2e8=0700
[M8T] OUT2 e2e8=0007
[M8T] OUT2 e2e8=0700
[M8T] OUT2 e2e8=0707
[M8T] OUT2 e2e8=00f8
[M8T] OUT2 e2e8=f8f8
*** 1 repeats ***
[M8T] OUT2 e2e8=07ff
[M8T] OUT2 e2e8=0707
*** 5 repeats ***
[M8T] OUT2 e2e8=00f8
[M8T] OUT2 e2e8=07ff
[M8T] OUT2 e2e8=0007
[M8T] OUT2 e2e8=0707
*** 2 repeats ***
[M8T] OUT2 e2e8=0007
[M8T] OUT2 e2e8=0707
[M8T] OUT2 e2e8=00f8
[M8T] OUT2 e2e8=f8f8
[M8T] OUT2 e2e8=07ff
[M8T] OUT2 e2e8=0707
*** 1 repeats ***
[M8T] OUT2 e2e8=0000
*** 1 repeats ***
[M8T] OUT2 e2e8=0707
*** 1 repeats ***
[M8T] OUT2 e2e8=00f8
[M8T] OUT2 e2e8=f8f8
*** 1 repeats ***
[M8T] OUT2 e2e8=07ff
[M8T] OUT2 e2e8=0707
*** 5 repeats ***
[M8T] OUT2 e2e8=00f8
[M8T] OUT2 e2e8=07ff
[M8T] OUT2 e2e8=0007
[M8T] OUT2 e2e8=0707
*** 2 repeats ***
[M8T] OUT2 e2e8=0007
[M8T] OUT2 e2e8=0707
[M8T] OUT2 e2e8=00f8
[M8T] OUT2 e2e8=f8f8
[M8T] OUT2 e2e8=07ff
[M8T] OUT2 e2e8=0707
*** 1 repeats ***
[M8T] OUT2 e2e8=0007
[M8T] OUT2 e2e8=0700
[M8T] OUT2 e2e8=0707
*** 1 repeats ***
[M8T] OUT2 e2e8=00f8
[M8T] OUT2 e2e8=f8f8
*** 1 repeats ***
[M8T] OUT2 e2e8=07ff
[M8T] OUT2 e2e8=0707
*** 5 repeats ***
[M8T] OUT2 e2e8=00f8
[M8T] OUT2 e2e8=07ff
[M8T] OUT2 e2e8=0007
[M8T] OUT2 e2e8=0707
*** 2 repeats ***
[M8T] OUT2 e2e8=0007
[M8T] OUT2 e2e8=0707
[M8T] OUT2 e2e8=00f8
[M8T] OUT2 e2e8=f8f8
[M8T] OUT2 e2e8=07ff
[M8T] OUT2 e2e8=0707
*** 1 repeats ***
[M8T] OUT2 e2e8=0000
*** 1 repeats ***
[M8T] OUT2 e2e8=0707
*** 1 repeats ***
[M8T] OUT2 e2e8=00f8
[M8T] OUT2 e2e8=f8f8
*** 1 repeats ***
[M8T] OUT2 e2e8=07ff
[M8T] OUT2 e2e8=0707
*** 5 repeats ***
[M8T] OUT2 e2e8=00f8
[M8T] OUT2 e2e8=07ff
[M8T] OUT2 e2e8=0007
[M8T] OUT2 e2e8=0707
*** 2 repeats ***
[M8T] OUT2 e2e8=0007
[M8T] OUT2 e2e8=0707
[M8T] OUT2 e2e8=00f8
[M8T] OUT2 e2e8=f8f8
[M8T] OUT2 e2e8=07ff
[M8T] OUT2 e2e8=0707
[M8T] OUT2 e2e8=0007
[M8T] OUT2 e2e8=0700
[M8T] OUT2 e2e8=0007
[M8T] OUT2 e2e8=0700
[M8T] OUT2 e2e8=0707
[M8T] OUT2 e2e8=00f8
[M8T] OUT2 e2e8=f8f8
*** 1 repeats ***
[M8T] OUT2 e2e8=07ff
[M8T] OUT2 e2e8=0707
[M8T] OUT2 e2e8=0000
*** 2 repeats ***
[M8T] OUT2 e2e8=0707
*** 1 repeats ***
[M8T] OUT2 e2e8=00f8
[M8T] OUT2 e2e8=07ff
[M8T] OUT2 e2e8=0007
[M8T] OUT2 e2e8=0707
*** 2 repeats ***
[M8T] OUT2 e2e8=0007
[M8T] OUT2 e2e8=0707
[M8T] OUT2 e2e8=00f8
[M8T] OUT2 e2e8=f8f8
[M8T] OUT2 e2e8=07ff
[M8T] OUT2 e2e8=0707
[M8T] OUT2 e2e8=0000
[M8T] OUT2 e2e8=0707
*** 1 repeats ***
[M8T] OUT2 e2e8=0000
[M8T] OUT2 e2e8=0707
[M8T] OUT2 e2e8=00f8
[M8T] OUT2 e2e8=f8f8
*** 1 repeats ***
[M8T] OUT2 e2e8=07ff
[M8T] OUT2 e2e8=0707
[M8T] OUT2 e2e8=0000
*** 2 repeats ***
[M8T] OUT2 e2e8=0707
*** 1 repeats ***
[M8T] OUT2 e2e8=00f8
[M8T] OUT2 e2e8=07ff
[M8T] OUT2 e2e8=0007
[M8T] OUT2 e2e8=0000
*** 3 repeats ***
[M8T] OUT2 e2e8=0707
[M8T] OUT2 e2e8=00f8
[M8T] OUT2 e2e8=f8f8
[M8T] OUT2 e2e8=07ff
[M8T] OUT2 e2e8=0707
*** 5 repeats ***
[M8T] OUT2 e2e8=00f8
[M8T] OUT2 e2e8=f8f8
*** 1 repeats ***
[M8T] OUT2 e2e8=07ff
[M8T] OUT2 e2e8=0707
*** 5 repeats ***
[M8T] OUT2 e2e8=00f8
[M8T] OUT2 e2e8=07ff
[M8T] OUT2 e2e8=0707
*** 5 repeats ***
[M8T] OUT2 e2e8=00f8
[M8T] OUT2 e2e8=f8f8
[M8T] OUT2 e2e8=07ff
[M8T] OUT2 e2e8=0707
*** 5 repeats ***
[M8T] OUT2 e2e8=00f8
[M8T] OUT2 e2e8=f8f8
*** 1 repeats ***
[M8T] OUT2 e2e8=f8ff
[M8T] OUT2 e2e8=f8f8
*** 5 repeats ***
[M8T] OUT2 e2e8=00f8
[M8T] OUT2 e2e8=f8ff
[M8T] OUT2 e2e8=f8f8
*** 5 repeats ***
[M8T] OUT2 e2e8=00f8
[M8T] OUT2 e2e8=f8f8
[M8T] OUT2 e2e8=f8ff
[M8T] OUT2 e2e8=f8f8
*** 5 repeats ***
[M8T] OUT2 e2e8=00f8
[M8T] OUT2 e2e8=f8f8
*** 1 repeats ***
[M8T] OUT2 e2e8=0000
*** 15 repeats ***
[M8T] OUT2 e2e8=f8f8
[M8T] OUT2 e2e8=0000
*** 7 repeats ***
[M8T] OUT2 e2e8=f8f8
*** 54 repeats ***
[M8B] end cur=638,66
[M8T] IN2 9aee=0000
[M8T] OUT2 daee=0000
[M8T] OUT2 e2ee=05ff
[M8T] IN2 9aee=c000
[M8T] IN2 9aee=0000
[M8T] OUT2 a6e8=0707
[M8T] OUT2 86e8=0030
[M8T] OUT2 82e8=0042
[M8B] start cur=48,66 dyend=67 dpc=2211 dpitch=1024 doff=0 clip 0,0-1535,1535 compat=0
[M8B] end cur=48,67
[M8T] IN2 9aee=0000
[M8T] IN2 9ae8=0000
[M8T] OUT2 daee=027e
[M8T] OUT2 e2ee=02b3
[M8T] OUT2 86e8=027e
[M8T] OUT2 82e8=0030
[M8B] start cur=638,48 dyend=66 dpc=5211 dpitch=1024 doff=0 clip 638,0-691,1535 compat=0
[M8T] OUT2 e2e8=f8f8
*** 54 repeats ***
[M8T] OUT2 e2e8=ffff
*** 6 repeats ***
[M8T] OUT2 e2e8=00ff
[M8T] OUT2 e2e8=ffff
*** 6 repeats ***
[M8T] OUT2 e2e8=00ff
[M8T] OUT2 e2e8=f8f8
[M8T] OUT2 e2e8=ffff
*** 6 repeats ***
[M8T] OUT2 e2e8=00ff
[M8T] OUT2 e2e8=f8f8
*** 1 repeats ***
[M8T] OUT2 e2e8=07ff
[M8T] OUT2 e2e8=0707
*** 5 repeats ***
[M8T] OUT2 e2e8=00f8
[M8T] OUT2 e2e8=07ff
[M8T] OUT2 e2e8=0707
*** 5 repeats ***
[M8T] OUT2 e2e8=00f8
[M8T] OUT2 e2e8=f8f8
[M8T] OUT2 e2e8=07ff
[M8T] OUT2 e2e8=0707
*** 5 repeats ***
[M8T] OUT2 e2e8=00f8
[M8T] OUT2 e2e8=f8f8
*** 1 repeats ***
[M8T] OUT2 e2e8=07ff
[M8T] OUT2 e2e8=0707
*** 5 repeats ***
[M8T] OUT2 e2e8=00f8
[M8T] OUT2 e2e8=07ff
[M8T] OUT2 e2e8=0007
[M8T] OUT2 e2e8=0000
*** 3 repeats ***
[M8T] OUT2 e2e8=0707
[M8T] OUT2 e2e8=00f8
[M8T] OUT2 e2e8=f8f8
[M8T] OUT2 e2e8=07ff
[M8T] OUT2 e2e8=0707
*** 5 repeats ***
[M8T] OUT2 e2e8=00f8
[M8T] OUT2 e2e8=f8f8
*** 1 repeats ***
[M8T] OUT2 e2e8=07ff
[M8T] OUT2 e2e8=0707
*** 5 repeats ***
[M8T] OUT2 e2e8=00f8
[M8T] OUT2 e2e8=07ff
[M8T] OUT2 e2e8=0007
[M8T] OUT2 e2e8=0000
*** 3 repeats ***
[M8T] OUT2 e2e8=0707
[M8T] OUT2 e2e8=00f8
[M8T] OUT2 e2e8=f8f8
[M8T] OUT2 e2e8=07ff
[M8T] OUT2 e2e8=0707
[M8T] OUT2 e2e8=0000
[M8T] OUT2 e2e8=0707
*** 1 repeats ***
[M8T] OUT2 e2e8=0000
[M8T] OUT2 e2e8=0707
[M8T] OUT2 e2e8=00f8
[M8T] OUT2 e2e8=f8f8
*** 1 repeats ***
[M8T] OUT2 e2e8=07ff
[M8T] OUT2 e2e8=0707
*** 5 repeats ***
[M8T] OUT2 e2e8=00f8
[M8T] OUT2 e2e8=07ff
[M8T] OUT2 e2e8=0007
[M8T] OUT2 e2e8=0707
*** 2 repeats ***
[M8T] OUT2 e2e8=0007
[M8T] OUT2 e2e8=0707
[M8T] OUT2 e2e8=00f8
[M8T] OUT2 e2e8=f8f8
[M8T] OUT2 e2e8=07ff
[M8T] OUT2 e2e8=0707
[M8T] OUT2 e2e8=0007
[M8T] OUT2 e2e8=0700
[M8T] OUT2 e2e8=0007
[M8T] OUT2 e2e8=0700
[M8T] OUT2 e2e8=0707
[M8T] OUT2 e2e8=00f8
[M8T] OUT2 e2e8=f8f8
*** 1 repeats ***
[M8T] OUT2 e2e8=07ff
[M8T] OUT2 e2e8=0707
*** 5 repeats ***
[M8T] OUT2 e2e8=00f8
[M8T] OUT2 e2e8=07ff
[M8T] OUT2 e2e8=0007
[M8T] OUT2 e2e8=0707
*** 2 repeats ***
[M8T] OUT2 e2e8=0007
[M8T] OUT2 e2e8=0707
[M8T] OUT2 e2e8=00f8
[M8T] OUT2 e2e8=f8f8
[M8T] OUT2 e2e8=07ff
[M8T] OUT2 e2e8=0707
*** 1 repeats ***
[M8T] OUT2 e2e8=0000
*** 1 repeats ***
[M8T] OUT2 e2e8=0707
*** 1 repeats ***
[M8T] OUT2 e2e8=00f8
[M8T] OUT2 e2e8=f8f8
*** 1 repeats ***
[M8T] OUT2 e2e8=07ff
[M8T] OUT2 e2e8=0707
*** 5 repeats ***
[M8T] OUT2 e2e8=00f8
[M8T] OUT2 e2e8=07ff
[M8T] OUT2 e2e8=0007
[M8T] OUT2 e2e8=0707
*** 2 repeats ***
[M8T] OUT2 e2e8=0007
[M8T] OUT2 e2e8=0707
[M8T] OUT2 e2e8=00f8
[M8T] OUT2 e2e8=f8f8
[M8T] OUT2 e2e8=07ff
[M8T] OUT2 e2e8=0707
*** 1 repeats ***
[M8T] OUT2 e2e8=0007
[M8T] OUT2 e2e8=0700
[M8T] OUT2 e2e8=0707
*** 1 repeats ***
[M8T] OUT2 e2e8=00f8
[M8T] OUT2 e2e8=f8f8
*** 1 repeats ***
[M8T] OUT2 e2e8=07ff
[M8T] OUT2 e2e8=0707
*** 5 repeats ***
[M8T] OUT2 e2e8=00f8
[M8T] OUT2 e2e8=07ff
[M8T] OUT2 e2e8=0007
[M8T] OUT2 e2e8=0707
*** 2 repeats ***
[M8T] OUT2 e2e8=0007
[M8T] OUT2 e2e8=0707
[M8T] OUT2 e2e8=00f8
[M8T] OUT2 e2e8=f8f8
[M8T] OUT2 e2e8=07ff
[M8T] OUT2 e2e8=0707
*** 1 repeats ***
[M8T] OUT2 e2e8=0000
*** 1 repeats ***
[M8T] OUT2 e2e8=0707
*** 1 repeats ***
[M8T] OUT2 e2e8=00f8
[M8T] OUT2 e2e8=f8f8
*** 1 repeats ***
[M8T] OUT2 e2e8=07ff
[M8T] OUT2 e2e8=0707
*** 5 repeats ***
[M8T] OUT2 e2e8=00f8
[M8T] OUT2 e2e8=07ff
[M8T] OUT2 e2e8=0007
[M8T] OUT2 e2e8=0707
*** 2 repeats ***
[M8T] OUT2 e2e8=0007
[M8T] OUT2 e2e8=0707
[M8T] OUT2 e2e8=00f8
[M8T] OUT2 e2e8=f8f8
[M8T] OUT2 e2e8=07ff
[M8T] OUT2 e2e8=0707
[M8T] OUT2 e2e8=0007
[M8T] OUT2 e2e8=0700
[M8T] OUT2 e2e8=0007
[M8T] OUT2 e2e8=0700
[M8T] OUT2 e2e8=0707
[M8T] OUT2 e2e8=00f8
[M8T] OUT2 e2e8=f8f8
*** 1 repeats ***
[M8T] OUT2 e2e8=07ff
[M8T] OUT2 e2e8=0707
[M8T] OUT2 e2e8=0000
*** 2 repeats ***
[M8T] OUT2 e2e8=0707
*** 1 repeats ***
[M8T] OUT2 e2e8=00f8
[M8T] OUT2 e2e8=07ff
[M8T] OUT2 e2e8=0007
[M8T] OUT2 e2e8=0707
*** 2 repeats ***
[M8T] OUT2 e2e8=0007
[M8T] OUT2 e2e8=0707
[M8T] OUT2 e2e8=00f8
[M8T] OUT2 e2e8=f8f8
[M8T] OUT2 e2e8=07ff
[M8T] OUT2 e2e8=0707
[M8T] OUT2 e2e8=0000
[M8T] OUT2 e2e8=0707
*** 1 repeats ***
[M8T] OUT2 e2e8=0000
[M8T] OUT2 e2e8=0707
[M8T] OUT2 e2e8=00f8
[M8T] OUT2 e2e8=f8f8
*** 1 repeats ***
[M8T] OUT2 e2e8=07ff
[M8T] OUT2 e2e8=0707
[M8T] OUT2 e2e8=0000
*** 2 repeats ***
[M8T] OUT2 e2e8=0707
*** 1 repeats ***
[M8T] OUT2 e2e8=00f8
[M8T] OUT2 e2e8=07ff
[M8T] OUT2 e2e8=0007
[M8T] OUT2 e2e8=0000
*** 3 repeats ***
[M8T] OUT2 e2e8=0707
[M8T] OUT2 e2e8=00f8
[M8T] OUT2 e2e8=f8f8
[M8T] OUT2 e2e8=07ff
[M8T] OUT2 e2e8=0707
*** 5 repeats ***
[M8T] OUT2 e2e8=00f8
[M8T] OUT2 e2e8=f8f8
*** 1 repeats ***
[M8T] OUT2 e2e8=07ff
[M8T] OUT2 e2e8=0707
*** 5 repeats ***
[M8T] OUT2 e2e8=00f8
[M8T] OUT2 e2e8=07ff
[M8T] OUT2 e2e8=0707
*** 5 repeats ***
[M8T] OUT2 e2e8=00f8
[M8T] OUT2 e2e8=f8f8
[M8T] OUT2 e2e8=07ff
[M8T] OUT2 e2e8=0707
*** 5 repeats ***
[M8T] OUT2 e2e8=00f8
[M8T] OUT2 e2e8=f8f8
*** 1 repeats ***
[M8T] OUT2 e2e8=f8ff
[M8T] OUT2 e2e8=f8f8
*** 5 repeats ***
[M8T] OUT2 e2e8=00f8
[M8T] OUT2 e2e8=f8ff
[M8T] OUT2 e2e8=f8f8
*** 5 repeats ***
[M8T] OUT2 e2e8=00f8
[M8T] OUT2 e2e8=f8f8
[M8T] OUT2 e2e8=f8ff
[M8T] OUT2 e2e8=f8f8
*** 5 repeats ***
[M8T] OUT2 e2e8=00f8
[M8T] OUT2 e2e8=f8f8
*** 1 repeats ***
[M8T] OUT2 e2e8=0000
*** 15 repeats ***
[M8T] OUT2 e2e8=f8f8
[M8T] OUT2 e2e8=0000
*** 7 repeats ***
[M8T] OUT2 e2e8=f8f8
*** 54 repeats ***
[M8B] end cur=638,66
[M8T] IN2 9aee=0000
[M8T] OUT2 daee=0000
[M8T] OUT2 e2ee=05ff
[M8T] IN2 9aee=c000
[M8T] IN2 9aee=0000
[M8T] OUT2 a6e8=0707
[M8T] OUT2 86e8=0030
[M8T] OUT2 82e8=0042
[M8B] start cur=48,66 dyend=67 dpc=2211 dpitch=1024 doff=0 clip 0,0-1535,1535 compat=0
[M8B] end cur=48,67
[M8T] IN2 9aee=0000
[M8T] IN2 9ae8=0000
[M8T] OUT2 daee=027e
[M8T] OUT2 e2ee=02b3
[M8T] OUT2 86e8=027e
[M8T] OUT2 82e8=0030
[M8B] start cur=638,48 dyend=66 dpc=5211 dpitch=1024 doff=0 clip 638,0-691,1535 compat=0
[M8T] OUT2 e2e8=f8f8
*** 54 repeats ***
[M8T] OUT2 e2e8=ffff
*** 6 repeats ***
[M8T] OUT2 e2e8=00ff
[M8T] OUT2 e2e8=ffff
*** 6 repeats ***
[M8T] OUT2 e2e8=00ff
[M8T] OUT2 e2e8=f8f8
[M8T] OUT2 e2e8=ffff
*** 6 repeats ***
[M8T] OUT2 e2e8=00ff
[M8T] OUT2 e2e8=f8f8
*** 1 repeats ***
[M8T] OUT2 e2e8=07ff
[M8T] OUT2 e2e8=0707
*** 5 repeats ***
[M8T] OUT2 e2e8=00f8
[M8T] OUT2 e2e8=07ff
[M8T] OUT2 e2e8=0707
*** 5 repeats ***
[M8T] OUT2 e2e8=00f8
[M8T] OUT2 e2e8=f8f8
[M8T] OUT2 e2e8=07ff
[M8T] OUT2 e2e8=0707
*** 5 repeats ***
[M8T] OUT2 e2e8=00f8
[M8T] OUT2 e2e8=f8f8
*** 1 repeats ***
[M8T] OUT2 e2e8=07ff
[M8T] OUT2 e2e8=0707
*** 5 repeats ***
[M8T] OUT2 e2e8=00f8
[M8T] OUT2 e2e8=07ff
[M8T] OUT2 e2e8=0007
[M8T] OUT2 e2e8=0000
*** 3 repeats ***
[M8T] OUT2 e2e8=0707
[M8T] OUT2 e2e8=00f8
[M8T] OUT2 e2e8=f8f8
[M8T] OUT2 e2e8=07ff
[M8T] OUT2 e2e8=0707
*** 5 repeats ***
[M8T] OUT2 e2e8=00f8
[M8T] OUT2 e2e8=f8f8
*** 1 repeats ***
[M8T] OUT2 e2e8=07ff
[M8T] OUT2 e2e8=0707
*** 5 repeats ***
[M8T] OUT2 e2e8=00f8
[M8T] OUT2 e2e8=07ff
[M8T] OUT2 e2e8=0007
[M8T] OUT2 e2e8=0000
*** 3 repeats ***
[M8T] OUT2 e2e8=0707
[M8T] OUT2 e2e8=00f8
[M8T] OUT2 e2e8=f8f8
[M8T] OUT2 e2e8=07ff
[M8T] OUT2 e2e8=0707
[M8T] OUT2 e2e8=0000
[M8T] OUT2 e2e8=0707
*** 1 repeats ***
[M8T] OUT2 e2e8=0000
[M8T] OUT2 e2e8=0707
[M8T] OUT2 e2e8=00f8
[M8T] OUT2 e2e8=f8f8
*** 1 repeats ***
[M8T] OUT2 e2e8=07ff
[M8T] OUT2 e2e8=0707
*** 5 repeats ***
[M8T] OUT2 e2e8=00f8
[M8T] OUT2 e2e8=07ff
[M8T] OUT2 e2e8=0007
[M8T] OUT2 e2e8=0707
*** 2 repeats ***
[M8T] OUT2 e2e8=0007
[M8T] OUT2 e2e8=0707
[M8T] OUT2 e2e8=00f8
[M8T] OUT2 e2e8=f8f8
[M8T] OUT2 e2e8=07ff
[M8T] OUT2 e2e8=0707
[M8T] OUT2 e2e8=0007
[M8T] OUT2 e2e8=0700
[M8T] OUT2 e2e8=0007
[M8T] OUT2 e2e8=0700
[M8T] OUT2 e2e8=0707
[M8T] OUT2 e2e8=00f8
[M8T] OUT2 e2e8=f8f8
*** 1 repeats ***
[M8T] OUT2 e2e8=07ff
[M8T] OUT2 e2e8=0707
*** 5 repeats ***
[M8T] OUT2 e2e8=00f8
[M8T] OUT2 e2e8=07ff
[M8T] OUT2 e2e8=0007
[M8T] OUT2 e2e8=0707
*** 2 repeats ***
[M8T] OUT2 e2e8=0007
[M8T] OUT2 e2e8=0707
[M8T] OUT2 e2e8=00f8
[M8T] OUT2 e2e8=f8f8
[M8T] OUT2 e2e8=07ff
[M8T] OUT2 e2e8=0707
*** 1 repeats ***
[M8T] OUT2 e2e8=0000
*** 1 repeats ***
[M8T] OUT2 e2e8=0707
*** 1 repeats ***
[M8T] OUT2 e2e8=00f8
[M8T] OUT2 e2e8=f8f8
*** 1 repeats ***
[M8T] OUT2 e2e8=07ff
[M8T] OUT2 e2e8=0707
*** 5 repeats ***
[M8T] OUT2 e2e8=00f8
[M8T] OUT2 e2e8=07ff
[M8T] OUT2 e2e8=0007
[M8T] OUT2 e2e8=0707
*** 2 repeats ***
[M8T] OUT2 e2e8=0007
[M8T] OUT2 e2e8=0707
[M8T] OUT2 e2e8=00f8
[M8T] OUT2 e2e8=f8f8
[M8T] OUT2 e2e8=07ff
[M8T] OUT2 e2e8=0707
*** 1 repeats ***
[M8T] OUT2 e2e8=0007
[M8T] OUT2 e2e8=0700
[M8T] OUT2 e2e8=0707
*** 1 repeats ***
[M8T] OUT2 e2e8=00f8
[M8T] OUT2 e2e8=f8f8
*** 1 repeats ***
[M8T] OUT2 e2e8=07ff
[M8T] OUT2 e2e8=0707
*** 5 repeats ***
[M8T] OUT2 e2e8=00f8
[M8T] OUT2 e2e8=07ff
[M8T] OUT2 e2e8=0007
[M8T] OUT2 e2e8=0707
*** 2 repeats ***
[M8T] OUT2 e2e8=0007
[M8T] OUT2 e2e8=0707
[M8T] OUT2 e2e8=00f8
[M8T] OUT2 e2e8=f8f8
[M8T] OUT2 e2e8=07ff
[M8T] OUT2 e2e8=0707
*** 1 repeats ***
[M8T] OUT2 e2e8=0000
*** 1 repeats ***
[M8T] OUT2 e2e8=0707
*** 1 repeats ***
[M8T] OUT2 e2e8=00f8
[M8T] OUT2 e2e8=f8f8
*** 1 repeats ***
[M8T] OUT2 e2e8=07ff
[M8T] OUT2 e2e8=0707
*** 5 repeats ***
[M8T] OUT2 e2e8=00f8
[M8T] OUT2 e2e8=07ff
[M8T] OUT2 e2e8=0007
[M8T] OUT2 e2e8=0707
*** 2 repeats ***
[M8T] OUT2 e2e8=0007
[M8T] OUT2 e2e8=0707
[M8T] OUT2 e2e8=00f8
[M8T] OUT2 e2e8=f8f8
[M8T] OUT2 e2e8=07ff
[M8T] OUT2 e2e8=0707
[M8T] OUT2 e2e8=0007
[M8T] OUT2 e2e8=0700
[M8T] OUT2 e2e8=0007
[M8T] OUT2 e2e8=0700
[M8T] OUT2 e2e8=0707
[M8T] OUT2 e2e8=00f8
[M8T] OUT2 e2e8=f8f8
*** 1 repeats ***
[M8T] OUT2 e2e8=07ff
[M8T] OUT2 e2e8=0707
[M8T] OUT2 e2e8=0000
*** 2 repeats ***
[M8T] OUT2 e2e8=0707
*** 1 repeats ***
[M8T] OUT2 e2e8=00f8
[M8T] OUT2 e2e8=07ff
[M8T] OUT2 e2e8=0007
[M8T] OUT2 e2e8=0707
*** 2 repeats ***
[M8T] OUT2 e2e8=0007
[M8T] OUT2 e2e8=0707
[M8T] OUT2 e2e8=00f8
[M8T] OUT2 e2e8=f8f8
[M8T] OUT2 e2e8=07ff
[M8T] OUT2 e2e8=0707
[M8T] OUT2 e2e8=0000
[M8T] OUT2 e2e8=0707
*** 1 repeats ***
[M8T] OUT2 e2e8=0000
[M8T] OUT2 e2e8=0707
[M8T] OUT2 e2e8=00f8
[M8T] OUT2 e2e8=f8f8
*** 1 repeats ***
[M8T] OUT2 e2e8=07ff
[M8T] OUT2 e2e8=0707
[M8T] OUT2 e2e8=0000
*** 2 repeats ***
[M8T] OUT2 e2e8=0707
*** 1 repeats ***
[M8T] OUT2 e2e8=00f8
[M8T] OUT2 e2e8=07ff
[M8T] OUT2 e2e8=0007
[M8T] OUT2 e2e8=0000
*** 3 repeats ***
[M8T] OUT2 e2e8=0707
[M8T] OUT2 e2e8=00f8
[M8T] OUT2 e2e8=f8f8
[M8T] OUT2 e2e8=07ff
[M8T] OUT2 e2e8=0707
*** 5 repeats ***
[M8T] OUT2 e2e8=00f8
[M8T] OUT2 e2e8=f8f8
*** 1 repeats ***
[M8T] OUT2 e2e8=07ff
[M8T] OUT2 e2e8=0707
*** 5 repeats ***
[M8T] OUT2 e2e8=00f8
[M8T] OUT2 e2e8=07ff
[M8T] OUT2 e2e8=0707
*** 5 repeats ***
[M8T] OUT2 e2e8=00f8
[M8T] OUT2 e2e8=f8f8
[M8T] OUT2 e2e8=07ff
[M8T] OUT2 e2e8=0707
*** 5 repeats ***
[M8T] OUT2 e2e8=00f8
[M8T] OUT2 e2e8=f8f8
*** 1 repeats ***
[M8T] OUT2 e2e8=f8ff
[M8T] OUT2 e2e8=f8f8
*** 5 repeats ***
[M8T] OUT2 e2e8=00f8
[M8T] OUT2 e2e8=f8ff
[M8T] OUT2 e2e8=f8f8
*** 5 repeats ***
[M8T] OUT2 e2e8=00f8
[M8T] OUT2 e2e8=f8f8
[M8T] OUT2 e2e8=f8ff
[M8T] OUT2 e2e8=f8f8
*** 5 repeats ***
[M8T] OUT2 e2e8=00f8
[M8T] OUT2 e2e8=f8f8
*** 1 repeats ***
[M8T] OUT2 e2e8=0000
*** 15 repeats ***
[M8T] OUT2 e2e8=f8f8
[M8T] OUT2 e2e8=0000
*** 7 repeats ***
[M8T] OUT2 e2e8=f8f8
*** 54 repeats ***
[M8B] end cur=638,66
[M8T] IN2 9aee=0000
[M8T] OUT2 daee=0000
[M8T] OUT2 e2ee=05ff
[M8T] IN2 9aee=c000
[M8T] IN2 9aee=0000
[M8T] OUT2 daee=0032
[M8T] OUT2 deee=0061
[M8T] OUT2 e2ee=02b1
[M8T] OUT2 e6ee=006c
[M8T] IN2 9aee=f000
[M8T] IN2 9aee=0000
[M8T] OUT2 a6e8=0000
[M8T] IN2 9aee=e000
[M8T] IN2 9aee=0000
[M8T] OUT2 86e8=0032
[M8T] OUT2 82e8=0061
[M8B] start cur=50,97 dyend=109 dpc=2211 dpitch=1024 doff=0 clip 50,97-689,108 compat=0
[M8B] end cur=50,109
[M8T] IN2 9aee=0000
[M8T] OUT2 daee=0000
[M8T] OUT2 deee=0000
[M8T] OUT2 e2ee=05ff
[M8T] OUT2 e6ee=05ff
[M8T] IN2 9aee=f000
[M8T] IN2 9aee=0000
[M8T] OUT2 daee=0032
[M8T] OUT2 deee=006d
[M8T] OUT2 e2ee=02b1
[M8T] OUT2 e6ee=0078
[M8T] IN2 9aee=f000
[M8T] IN2 9aee=0000
[M8T] OUT2 a6e8=0000
[M8T] IN2 9aee=e000
[M8T] IN2 9aee=0000
[M8T] OUT2 86e8=0032
[M8T] OUT2 82e8=006d
[M8B] start cur=50,109 dyend=121 dpc=2211 dpitch=1024 doff=0 clip 50,109-689,120 compat=0
[M8B] end cur=50,121
[M8T] IN2 9aee=0000
[M8T] OUT2 daee=0000
[M8T] OUT2 deee=0000
[M8T] OUT2 e2ee=05ff
[M8T] OUT2 e6ee=05ff
[M8T] IN2 9aee=f000
[M8T] IN2 9aee=0000
[M8T] OUT2 daee=0032
[M8T] OUT2 deee=0079
[M8T] OUT2 e2ee=02b1
[M8T] OUT2 e6ee=0084
[M8T] IN2 9aee=f000
[M8T] IN2 9aee=0000
[M8T] OUT2 a6e8=0000
[M8T] IN2 9aee=e000
[M8T] IN2 9aee=0000
[M8T] OUT2 86e8=0032
[M8T] OUT2 82e8=0079
[M8B] start cur=50,121 dyend=133 dpc=2211 dpitch=1024 doff=0 clip 50,121-689,132 compat=0
[M8B] end cur=50,133
[M8T] IN2 9aee=0000
[M8T] OUT2 daee=0000
[M8T] OUT2 deee=0000
[M8T] OUT2 e2ee=05ff
[M8T] OUT2 e6ee=05ff
[M8T] IN2 9aee=f000
[M8T] IN2 9aee=0000
[M8T] OUT2 daee=0032
[M8T] OUT2 deee=0085
[M8T] OUT2 e2ee=02b1
[M8T] OUT2 e6ee=0090
[M8T] IN2 9aee=f000
[M8T] IN2 9aee=0000
[M8T] OUT2 a6e8=0000
[M8T] IN2 9aee=e000
[M8T] IN2 9aee=0000
[M8T] OUT2 86e8=0032
[M8T] OUT2 82e8=0085
[M8B] start cur=50,133 dyend=145 dpc=2211 dpitch=1024 doff=0 clip 50,133-689,144 compat=0
[M8B] end cur=50,145
[M8T] IN2 9aee=0000
[M8T] OUT2 daee=0000
[M8T] OUT2 deee=0000
[M8T] OUT2 e2ee=05ff
[M8T] OUT2 e6ee=05ff
[M8T] IN2 9aee=f000
[M8T] IN2 9aee=0000
[M8T] OUT2 daee=0032
[M8T] OUT2 deee=0091
[M8T] OUT2 e2ee=02b1
[M8T] OUT2 e6ee=009c
[M8T] IN2 9aee=f000
[M8T] IN2 9aee=0000
[M8T] OUT2 a6e8=0000
[M8T] IN2 9aee=e000
[M8T] IN2 9aee=0000
[M8T] OUT2 86e8=0032
[M8T] OUT2 82e8=0091
[M8B] start cur=50,145 dyend=157 dpc=2211 dpitch=1024 doff=0 clip 50,145-689,156 compat=0
[M8B] end cur=50,157
[M8T] IN2 9aee=0000
[M8T] OUT2 daee=0000
[M8T] OUT2 deee=0000
[M8T] OUT2 e2ee=05ff
[M8T] OUT2 e6ee=05ff
[M8T] IN2 9aee=f000
[M8T] IN2 9aee=0000
[M8T] OUT2 daee=0032
[M8T] OUT2 deee=009d
[M8T] OUT2 e2ee=02b1
[M8T] OUT2 e6ee=00a8
[M8T] IN2 9aee=f000
[M8T] IN2 9aee=0000
[M8T] OUT2 a6e8=0000
[M8T] IN2 9aee=e000
[M8T] IN2 9aee=0000
[M8T] OUT2 86e8=0032
[M8T] OUT2 82e8=009d
[M8B] start cur=50,157 dyend=169 dpc=2211 dpitch=1024 doff=0 clip 50,157-689,168 compat=0
[M8B] end cur=50,169
[M8T] IN2 9aee=0000
[M8T] OUT2 daee=0000
[M8T] OUT2 deee=0000
[M8T] OUT2 e2ee=05ff
[M8T] OUT2 e6ee=05ff
[M8T] IN2 9aee=f000
[M8T] IN2 9aee=0000
[M8T] OUT2 daee=0032
[M8T] OUT2 deee=00a9
[M8T] OUT2 e2ee=02b1
[M8T] OUT2 e6ee=00b4
[M8T] IN2 9aee=f000
[M8T] IN2 9aee=0000
[M8T] OUT2 a6e8=0000
[M8T] IN2 9aee=e000
[M8T] IN2 9aee=0000
[M8T] OUT2 86e8=0032
[M8T] OUT2 82e8=00a9
[M8B] start cur=50,169 dyend=181 dpc=2211 dpitch=1024 doff=0 clip 50,169-689,180 compat=0
[M8B] end cur=50,181
[M8T] IN2 9aee=0000
[M8T] OUT2 daee=0000
[M8T] OUT2 deee=0000
[M8T] OUT2 e2ee=05ff
[M8T] OUT2 e6ee=05ff
[M8T] IN2 9aee=f000
[M8T] IN2 9aee=0000
[M8T] OUT2 daee=0032
[M8T] OUT2 deee=00b5
[M8T] OUT2 e2ee=02b1
[M8T] OUT2 e6ee=00c0
[M8T] IN2 9aee=f000
[M8T] IN2 9aee=0000
[M8T] OUT2 a6e8=0000
[M8T] IN2 9aee=e000
[M8T] IN2 9aee=0000
[M8T] OUT2 86e8=0032
[M8T] OUT2 82e8=00b5
[M8B] start cur=50,181 dyend=193 dpc=2211 dpitch=1024 doff=0 clip 50,181-689,192 compat=0
[M8B] end cur=50,193
[M8T] IN2 9aee=0000
[M8T] OUT2 daee=0000
[M8T] OUT2 deee=0000
[M8T] OUT2 e2ee=05ff
[M8T] OUT2 e6ee=05ff
[M8T] IN2 9aee=f000
[M8T] IN2 9aee=0000
[M8T] OUT2 daee=0032
[M8T] OUT2 deee=00c1
[M8T] OUT2 e2ee=02b1
[M8T] OUT2 e6ee=00cc
[M8T] IN2 9aee=f000
[M8T] IN2 9aee=0000
[M8T] OUT2 a6e8=0000
[M8T] IN2 9aee=e000
[M8T] IN2 9aee=0000
[M8T] OUT2 86e8=0032
[M8T] OUT2 82e8=00c1
[M8B] start cur=50,193 dyend=205 dpc=2211 dpitch=1024 doff=0 clip 50,193-689,204 compat=0
[M8B] end cur=50,205
[M8T] IN2 9aee=0000
[M8T] OUT2 daee=0000
[M8T] OUT2 deee=0000
[M8T] OUT2 e2ee=05ff
[M8T] OUT2 e6ee=05ff
[M8T] IN2 9aee=f000
[M8T] IN2 9aee=0000
[M8T] OUT2 daee=0032
[M8T] OUT2 deee=00cd
[M8T] OUT2 e2ee=02b1
[M8T] OUT2 e6ee=00d8
[M8T] IN2 9aee=f000
[M8T] IN2 9aee=0000
[M8T] OUT2 a6e8=0000
[M8T] IN2 9aee=e000
[M8T] IN2 9aee=0000
[M8T] OUT2 86e8=0032
[M8T] OUT2 82e8=00cd
[M8B] start cur=50,205 dyend=217 dpc=2211 dpitch=1024 doff=0 clip 50,205-689,216 compat=0
[M8B] end cur=50,217
[M8T] IN2 9aee=0000
[M8T] OUT2 daee=0000
[M8T] OUT2 deee=0000
[M8T] OUT2 e2ee=05ff
[M8T] OUT2 e6ee=05ff
[M8T] IN2 9aee=f000
[M8T] IN2 9aee=0000
[M8T] OUT2 daee=0032
[M8T] OUT2 deee=00d9
[M8T] OUT2 e2ee=02b1
[M8T] OUT2 e6ee=00e4
[M8T] IN2 9aee=f000
[M8T] IN2 9aee=0000
[M8T] OUT2 a6e8=0000
[M8T] IN2 9aee=e000
[M8T] IN2 9aee=0000
[M8T] OUT2 86e8=0032
[M8T] OUT2 82e8=00d9
[M8B] start cur=50,217 dyend=229 dpc=2211 dpitch=1024 doff=0 clip 50,217-689,228 compat=0
[M8B] end cur=50,229
[M8T] IN2 9aee=0000
[M8T] OUT2 daee=0000
[M8T] OUT2 deee=0000
[M8T] OUT2 e2ee=05ff
[M8T] OUT2 e6ee=05ff
[M8T] IN2 9aee=f000
[M8T] IN2 9aee=0000
[M8T] OUT2 daee=0032
[M8T] OUT2 deee=00e5
[M8T] OUT2 e2ee=02b1
[M8T] OUT2 e6ee=00f0
[M8T] IN2 9aee=f000
[M8T] IN2 9aee=0000
[M8T] OUT2 a6e8=0000
[M8T] IN2 9aee=e000
[M8T] IN2 9aee=0000
[M8T] OUT2 86e8=0032
[M8T] OUT2 82e8=00e5
[M8B] start cur=50,229 dyend=241 dpc=2211 dpitch=1024 doff=0 clip 50,229-689,240 compat=0
[M8B] end cur=50,241
[M8T] IN2 9aee=0000
[M8T] OUT2 daee=0000
[M8T] OUT2 deee=0000
[M8T] OUT2 e2ee=05ff
[M8T] OUT2 e6ee=05ff
[M8T] IN2 9aee=f000
[M8T] IN2 9aee=0000
[M8T] OUT2 daee=0032
[M8T] OUT2 deee=00f1
[M8T] OUT2 e2ee=02b1
[M8T] OUT2 e6ee=00fc
[M8T] IN2 9aee=f000
[M8T] IN2 9aee=0000
[M8T] OUT2 a6e8=0000
[M8T] IN2 9aee=e000
[M8T] IN2 9aee=0000
[M8T] OUT2 86e8=0032
[M8T] OUT2 82e8=00f1
[M8B] start cur=50,241 dyend=253 dpc=2211 dpitch=1024 doff=0 clip 50,241-689,252 compat=0
[M8B] end cur=50,253
[M8T] IN2 9aee=0000
[M8T] OUT2 daee=0000
[M8T] OUT2 deee=0000
[M8T] OUT2 e2ee=05ff
[M8T] OUT2 e6ee=05ff
[M8T] IN2 9aee=f000
[M8T] IN2 9aee=0000
[M8T] OUT2 daee=0032
[M8T] OUT2 deee=00fd
[M8T] OUT2 e2ee=02b1
[M8T] OUT2 e6ee=0108
[M8T] IN2 9aee=f000
[M8T] IN2 9aee=0000
[M8T] OUT2 a6e8=0000
[M8T] IN2 9aee=e000
[M8T] IN2 9aee=0000
[M8T] OUT2 86e8=0032
[M8T] OUT2 82e8=00fd
[M8B] start cur=50,253 dyend=265 dpc=2211 dpitch=1024 doff=0 clip 50,253-689,264 compat=0
[M8B] end cur=50,265
[M8T] IN2 9aee=0000
[M8T] OUT2 daee=0000
[M8T] OUT2 deee=0000
[M8T] OUT2 e2ee=05ff
[M8T] OUT2 e6ee=05ff
[M8T] IN2 9aee=f000
[M8T] IN2 9aee=0000
[M8T] OUT2 daee=0032
[M8T] OUT2 deee=0109
[M8T] OUT2 e2ee=02b1
[M8T] OUT2 e6ee=0114
[M8T] IN2 9aee=f000
[M8T] IN2 9aee=0000
[M8T] OUT2 a6e8=0000
[M8T] IN2 9aee=e000
[M8T] IN2 9aee=0000
[M8T] OUT2 86e8=0032
[M8T] OUT2 82e8=0109
[M8B] start cur=50,265 dyend=277 dpc=2211 dpitch=1024 doff=0 clip 50,265-689,276 compat=0
[M8B] end cur=50,277
[M8T] IN2 9aee=0000
[M8T] OUT2 daee=0000
[M8T] OUT2 deee=0000
[M8T] OUT2 e2ee=05ff
[M8T] OUT2 e6ee=05ff
[M8T] IN2 9aee=f000
[M8T] IN2 9aee=0000
[M8T] OUT2 daee=0032
[M8T] OUT2 deee=0115
[M8T] OUT2 e2ee=02b1
[M8T] OUT2 e6ee=0120
[M8T] IN2 9aee=f000
[M8T] IN2 9aee=0000
[M8T] OUT2 a6e8=0000
[M8T] IN2 9aee=e000
[M8T] IN2 9aee=0000
[M8T] OUT2 86e8=0032
[M8T] OUT2 82e8=0115
[M8B] start cur=50,277 dyend=289 dpc=2211 dpitch=1024 doff=0 clip 50,277-689,288 compat=0
[M8B] end cur=50,289
[M8T] IN2 9aee=0000
[M8T] OUT2 daee=0000
[M8T] OUT2 deee=0000
[M8T] OUT2 e2ee=05ff
[M8T] OUT2 e6ee=05ff
[M8T] IN2 9aee=f000
[M8T] IN2 9aee=0000
[M8T] OUT2 daee=0032
[M8T] OUT2 deee=0121
[M8T] OUT2 e2ee=02b1
[M8T] OUT2 e6ee=012c
[M8T] IN2 9aee=f000
[M8T] IN2 9aee=0000
[M8T] OUT2 a6e8=0000
[M8T] IN2 9aee=e000
[M8T] IN2 9aee=0000
[M8T] OUT2 86e8=0032
[M8T] OUT2 82e8=0121
[M8B] start cur=50,289 dyend=301 dpc=2211 dpitch=1024 doff=0 clip 50,289-689,300 compat=0
[M8B] end cur=50,301
[M8T] IN2 9aee=0000
[M8T] OUT2 daee=0000
[M8T] OUT2 deee=0000
[M8T] OUT2 e2ee=05ff
[M8T] OUT2 e6ee=05ff
[M8T] IN2 9aee=f000
[M8T] IN2 9aee=0000
[M8T] OUT2 daee=0032
[M8T] OUT2 deee=012d
[M8T] OUT2 e2ee=02b1
[M8T] OUT2 e6ee=0138
[M8T] IN2 9aee=f000
[M8T] IN2 9aee=0000
[M8T] OUT2 a6e8=0000
[M8T] IN2 9aee=e000
[M8T] IN2 9aee=0000
[M8T] OUT2 86e8=0032
[M8T] OUT2 82e8=012d
[M8B] start cur=50,301 dyend=313 dpc=2211 dpitch=1024 doff=0 clip 50,301-689,312 compat=0
[M8B] end cur=50,313
[M8T] IN2 9aee=0000
[M8T] OUT2 daee=0000
[M8T] OUT2 deee=0000
[M8T] OUT2 e2ee=05ff
[M8T] OUT2 e6ee=05ff
[M8T] IN2 9aee=f000
[M8T] IN2 9aee=0000
[M8T] OUT2 daee=0032
[M8T] OUT2 deee=0139
[M8T] OUT2 e2ee=02b1
[M8T] OUT2 e6ee=0144
[M8T] IN2 9aee=f000
[M8T] IN2 9aee=0000
[M8T] OUT2 a6e8=0000
[M8T] IN2 9aee=e000
[M8T] IN2 9aee=0000
[M8T] OUT2 86e8=0032
[M8T] OUT2 82e8=0139
[M8B] start cur=50,313 dyend=325 dpc=2211 dpitch=1024 doff=0 clip 50,313-689,324 compat=0
[M8B] end cur=50,325
[M8T] IN2 9aee=0000
[M8T] OUT2 daee=0000
[M8T] OUT2 deee=0000
[M8T] OUT2 e2ee=05ff
[M8T] OUT2 e6ee=05ff
[M8T] IN2 9aee=f000
[M8T] IN2 9aee=0000
[M8T] OUT2 daee=0032
[M8T] OUT2 deee=0145
[M8T] OUT2 e2ee=02b1
[M8T] OUT2 e6ee=0147
[M8T] IN2 9aee=f000
[M8T] IN2 9aee=0000
[M8T] OUT2 a6e8=0000
[M8T] IN2 9aee=e000
[M8T] IN2 9aee=0000
[M8T] OUT2 86e8=0032
[M8T] OUT2 82e8=0145
[M8B] start cur=50,325 dyend=337 dpc=2211 dpitch=1024 doff=0 clip 50,325-689,327 compat=0
[M8B] end cur=50,337
[M8T] IN2 9aee=0000
[M8T] OUT2 daee=0000
[M8T] OUT2 deee=0000
[M8T] OUT2 e2ee=05ff
[M8T] OUT2 e6ee=05ff
[M8T] IN2 9aee=f000
[M8T] IN2 9aee=0000
[M8T] OUT2 daee=0032
[M8T] OUT2 deee=0148
[M8T] OUT2 e2ee=00e2
[M8T] OUT2 e6ee=0150
[M8T] IN2 9aee=f000
[M8T] IN2 9aee=0000
[M8T] OUT2 a6e8=0000
[M8T] IN2 9aee=e000
[M8T] IN2 9aee=0000
[M8T] OUT2 86e8=0032
[M8T] OUT2 82e8=0145
[M8B] start cur=50,325 dyend=337 dpc=2211 dpitch=1024 doff=0 clip 50,328-226,336 compat=0
[M8B] end cur=50,337
[M8T] IN2 9aee=0000
[M8T] OUT2 daee=0000
[M8T] OUT2 deee=0000
[M8T] OUT2 e2ee=05ff
[M8T] OUT2 e6ee=05ff
[M8T] IN2 9aee=f000
[M8T] IN2 9aee=0000
[M8T] OUT2 daee=0032
[M8T] OUT2 deee=0151
[M8T] OUT2 e2ee=00e2
[M8T] OUT2 e6ee=015c
[M8T] IN2 9aee=f000
[M8T] IN2 9aee=0000
[M8T] OUT2 a6e8=0000
[M8T] IN2 9aee=e000
[M8T] IN2 9aee=0000
[M8T] OUT2 86e8=0032
[M8T] OUT2 82e8=0151
[M8B] start cur=50,337 dyend=349 dpc=2211 dpitch=1024 doff=0 clip 50,337-226,348 compat=0
[M8B] end cur=50,349
[M8T] IN2 9aee=0000
[M8T] OUT2 daee=0000
[M8T] OUT2 deee=0000
[M8T] OUT2 e2ee=05ff
[M8T] OUT2 e6ee=05ff
[M8T] IN2 9aee=f000
[M8T] IN2 9aee=0000
[M8T] OUT2 daee=0032
[M8T] OUT2 deee=015d
[M8T] OUT2 e2ee=00e2
[M8T] OUT2 e6ee=0168
[M8T] IN2 9aee=f000
[M8T] IN2 9aee=0000
[M8T] OUT2 a6e8=0000
[M8T] IN2 9aee=e000
[M8T] IN2 9aee=0000
[M8T] OUT2 86e8=0032
[M8T] OUT2 82e8=015d
[M8B] start cur=50,349 dyend=361 dpc=2211 dpitch=1024 doff=0 clip 50,349-226,360 compat=0
[M8B] end cur=50,361
[M8T] IN2 9aee=0000
[M8T] OUT2 daee=0000
[M8T] OUT2 deee=0000
[M8T] OUT2 e2ee=05ff
[M8T] OUT2 e6ee=05ff
[M8T] IN2 9aee=f000
[M8T] IN2 9aee=0000
[M8T] OUT2 daee=0032
[M8T] OUT2 deee=0169
[M8T] OUT2 e2ee=00e2
[M8T] OUT2 e6ee=0174
[M8T] IN2 9aee=f000
[M8T] IN2 9aee=0000
[M8T] OUT2 a6e8=0000
[M8T] IN2 9aee=e000
[M8T] IN2 9aee=0000
[M8T] OUT2 86e8=0032
[M8T] OUT2 82e8=0169
[M8B] start cur=50,361 dyend=373 dpc=2211 dpitch=1024 doff=0 clip 50,361-226,372 compat=0
[M8B] end cur=50,373
[M8T] IN2 9aee=0000
[M8T] OUT2 daee=0000
[M8T] OUT2 deee=0000
[M8T] OUT2 e2ee=05ff
[M8T] OUT2 e6ee=05ff
[M8T] IN2 9aee=f000
[M8T] IN2 9aee=0000
[M8T] OUT2 daee=0032
[M8T] OUT2 deee=0175
[M8T] OUT2 e2ee=00e2
[M8T] OUT2 e6ee=0180
[M8T] IN2 9aee=f000
[M8T] IN2 9aee=0000
[M8T] OUT2 a6e8=0000
[M8T] IN2 9aee=e000
[M8T] IN2 9aee=0000
[M8T] OUT2 86e8=0032
[M8T] OUT2 82e8=0175
[M8B] start cur=50,373 dyend=385 dpc=2211 dpitch=1024 doff=0 clip 50,373-226,384 compat=0
[M8B] end cur=50,385
[M8T] IN2 9aee=0000
[M8T] OUT2 daee=0000
[M8T] OUT2 deee=0000
[M8T] OUT2 e2ee=05ff
[M8T] OUT2 e6ee=05ff
[M8T] IN2 9aee=f000
[M8T] IN2 9aee=0000
[M8T] OUT2 daee=0032
[M8T] OUT2 deee=0181
[M8T] OUT2 e2ee=00e2
[M8T] OUT2 e6ee=018c
[M8T] IN2 9aee=f000
[M8T] IN2 9aee=0000
[M8T] OUT2 a6e8=0000
[M8T] IN2 9aee=e000
[M8T] IN2 9aee=0000
[M8T] OUT2 86e8=0032
[M8T] OUT2 82e8=0181
[M8B] start cur=50,385 dyend=397 dpc=2211 dpitch=1024 doff=0 clip 50,385-226,396 compat=0
[M8B] end cur=50,397
[M8T] IN2 9aee=0000
[M8T] OUT2 daee=0000
[M8T] OUT2 deee=0000
[M8T] OUT2 e2ee=05ff
[M8T] OUT2 e6ee=05ff
[M8T] IN2 9aee=f000
[M8T] IN2 9aee=0000
[M8T] IN2 9ae8=0000
[M8T] OUT2 daee=00c2
[M8T] OUT2 e2ee=00d8
[M8T] OUT2 86e8=00c2
[M8T] OUT2 82e8=0047
[M8B] start cur=194,71 dyend=93 dpc=5211 dpitch=1024 doff=0 clip 194,0-216,1535 compat=0
[M8T] OUT2 e2e8=ffff
*** 10 repeats ***
[M8T] OUT2 e2e8=ff00
[M8T] OUT2 e2e8=07ff
[M8T] OUT2 e2e8=0707
*** 8 repeats ***
[M8T] OUT2 e2e8=f807
[M8T] OUT2 e2e8=ff00
[M8T] OUT2 e2e8=07ff
[M8T] OUT2 e2e8=0707
*** 8 repeats ***
[M8T] OUT2 e2e8=f807
[M8T] OUT2 e2e8=ff00
[M8T] OUT2 e2e8=07ff
[M8T] OUT2 e2e8=0707
*** 8 repeats ***
[M8T] OUT2 e2e8=f807
[M8T] OUT2 e2e8=ff00
[M8T] OUT2 e2e8=07ff
[M8T] OUT2 e2e8=0707
*** 2 repeats ***
[M8T] OUT2 e2e8=f8f8
*** 1 repeats ***
[M8T] OUT2 e2e8=0707
*** 3 repeats ***
[M8T] OUT2 e2e8=f807
[M8T] OUT2 e2e8=ff00
[M8T] OUT2 e2e8=07ff
[M8T] OUT2 e2e8=0707
[M8T] OUT2 e2e8=f8f8
*** 5 repeats ***
[M8T] OUT2 e2e8=0707
*** 1 repeats ***
[M8T] OUT2 e2e8=f807
[M8T] OUT2 e2e8=ff00
[M8T] OUT2 e2e8=07ff
[M8T] OUT2 e2e8=f807
[M8T] OUT2 e2e8=f8f8
*** 5 repeats ***
[M8T] OUT2 e2e8=07f8
[M8T] OUT2 e2e8=0707
[M8T] OUT2 e2e8=f807
[M8T] OUT2 e2e8=ff00
[M8T] OUT2 e2e8=07ff
[M8T] OUT2 e2e8=f807
[M8T] OUT2 e2e8=f8f8
[M8T] OUT2 e2e8=fff8
[M8T] OUT2 e2e8=ffff
*** 1 repeats ***
[M8T] OUT2 e2e8=f8ff
[M8T] OUT2 e2e8=f8f8
[M8T] OUT2 e2e8=fff8
[M8T] OUT2 e2e8=0707
[M8T] OUT2 e2e8=f807
[M8T] OUT2 e2e8=ff00
[M8T] OUT2 e2e8=07ff
[M8T] OUT2 e2e8=f807
[M8T] OUT2 e2e8=f8f8
*** 5 repeats ***
[M8T] OUT2 e2e8=fff8
[M8T] OUT2 e2e8=0707
[M8T] OUT2 e2e8=f807
[M8T] OUT2 e2e8=ff00
[M8T] OUT2 e2e8=07ff
[M8T] OUT2 e2e8=f807
[M8T] OUT2 e2e8=f8f8
*** 5 repeats ***
[M8T] OUT2 e2e8=fff8
[M8T] OUT2 e2e8=0707
[M8T] OUT2 e2e8=f807
[M8T] OUT2 e2e8=ff00
[M8T] OUT2 e2e8=07ff
[M8T] OUT2 e2e8=f807
[M8T] OUT2 e2e8=f8f8
*** 5 repeats ***
[M8T] OUT2 e2e8=fff8
[M8T] OUT2 e2e8=0707
[M8T] OUT2 e2e8=f807
[M8T] OUT2 e2e8=ff00
[M8T] OUT2 e2e8=07ff
[M8T] OUT2 e2e8=f807
[M8T] OUT2 e2e8=f8f8
*** 2 repeats ***
[M8T] OUT2 e2e8=ffff
*** 1 repeats ***
[M8T] OUT2 e2e8=f8ff
[M8T] OUT2 e2e8=fff8
[M8T] OUT2 e2e8=0707
[M8T] OUT2 e2e8=f807
[M8T] OUT2 e2e8=ff00
[M8T] OUT2 e2e8=07ff
[M8T] OUT2 e2e8=f807
[M8T] OUT2 e2e8=f8f8
*** 2 repeats ***
[M8T] OUT2 e2e8=07ff
[M8T] OUT2 e2e8=0707
[M8T] OUT2 e2e8=f807
[M8T] OUT2 e2e8=f8ff
[M8T] OUT2 e2e8=0707
[M8T] OUT2 e2e8=f807
[M8T] OUT2 e2e8=ff00
[M8T] OUT2 e2e8=07ff
[M8T] OUT2 e2e8=f807
[M8T] OUT2 e2e8=f8f8
*** 2 repeats ***
[M8T] OUT2 e2e8=f8ff
[M8T] OUT2 e2e8=f8f8
[M8T] OUT2 e2e8=f807
[M8T] OUT2 e2e8=f8f8
[M8T] OUT2 e2e8=07f8
[M8T] OUT2 e2e8=f807
[M8T] OUT2 e2e8=ff00
[M8T] OUT2 e2e8=07ff
[M8T] OUT2 e2e8=f807
[M8T] OUT2 e2e8=f8f8
*** 2 repeats ***
[M8T] OUT2 e2e8=07ff
[M8T] OUT2 e2e8=ffff
[M8T] OUT2 e2e8=07ff
[M8T] OUT2 e2e8=ffff
[M8T] OUT2 e2e8=fff8
[M8T] OUT2 e2e8=f807
[M8T] OUT2 e2e8=ff00
[M8T] OUT2 e2e8=07ff
[M8T] OUT2 e2e8=f807
[M8T] OUT2 e2e8=f8f8
*** 2 repeats ***
[M8T] OUT2 e2e8=f8ff
[M8T] OUT2 e2e8=f8f8
*** 1 repeats ***
[M8T] OUT2 e2e8=07f8
[M8T] OUT2 e2e8=fff8
[M8T] OUT2 e2e8=f807
[M8T] OUT2 e2e8=ff00
[M8T] OUT2 e2e8=07ff
[M8T] OUT2 e2e8=0707
[M8T] OUT2 e2e8=f8f8
*** 2 repeats ***
[M8T] OUT2 e2e8=07ff
[M8T] OUT2 e2e8=ffff
*** 2 repeats ***
[M8T] OUT2 e2e8=fff8
[M8T] OUT2 e2e8=f807
[M8T] OUT2 e2e8=ff00
[M8T] OUT2 e2e8=07ff
[M8T] OUT2 e2e8=0707
[M8T] OUT2 e2e8=ff07
[M8T] OUT2 e2e8=ffff
[M8T] OUT2 e2e8=f8ff
[M8T] OUT2 e2e8=f8f8
*** 3 repeats ***
[M8T] OUT2 e2e8=fff8
[M8T] OUT2 e2e8=f807
[M8T] OUT2 e2e8=ff00
[M8T] OUT2 e2e8=07ff
[M8T] OUT2 e2e8=0707
*** 3 repeats ***
[M8T] OUT2 e2e8=ffff
*** 4 repeats ***
[M8T] OUT2 e2e8=f807
[M8T] OUT2 e2e8=ff00
[M8T] OUT2 e2e8=07ff
[M8T] OUT2 e2e8=0707
*** 8 repeats ***
[M8T] OUT2 e2e8=f807
[M8T] OUT2 e2e8=ff00
[M8T] OUT2 e2e8=f8ff
[M8T] OUT2 e2e8=f8f8
*** 9 repeats ***
[M8T] OUT2 e2e8=ff00
[M8T] OUT2 e2e8=0000
*** 11 repeats ***
[M8B] end cur=194,93
[M8T] IN2 9aee=0000
[M8T] OUT2 daee=0000
[M8T] OUT2 e2ee=05ff
[M8T] IN2 9aee=c000
[M8T] IN2 9aee=0000
[M8T] IN2 9ae8=0000
[M8T] OUT2 daee=0117
[M8T] OUT2 e2ee=012d
[M8T] OUT2 86e8=0116
[M8T] OUT2 82e8=0047
[M8B] start cur=278,71 dyend=93 dpc=5211 dpitch=1024 doff=0 clip 279,0-301,1535 compat=0
[M8T] OUT2 e2e8=0000
*** 10 repeats ***
[M8T] OUT2 e2e8=ff00
[M8T] OUT2 e2e8=0000
[M8T] OUT2 e2e8=f8f8
*** 9 repeats ***
[M8T] OUT2 e2e8=ff07
[M8T] OUT2 e2e8=0000
[M8T] OUT2 e2e8=fff8
[M8T] OUT2 e2e8=ff07
*** 9 repeats ***
[M8T] OUT2 e2e8=0000
[M8T] OUT2 e2e8=07f8
[M8T] OUT2 e2e8=07ff
*** 8 repeats ***
[M8T] OUT2 e2e8=ff07
[M8T] OUT2 e2e8=0000
[M8T] OUT2 e2e8=fff8
[M8T] OUT2 e2e8=ff07
*** 1 repeats ***
[M8T] OUT2 e2e8=f8f8
*** 5 repeats ***
[M8T] OUT2 e2e8=fff8
[M8T] OUT2 e2e8=ff07
[M8T] OUT2 e2e8=0000
[M8T] OUT2 e2e8=07f8
[M8T] OUT2 e2e8=07ff
*** 1 repeats ***
[M8T] OUT2 e2e8=f8f8
*** 5 repeats ***
[M8T] OUT2 e2e8=fff8
[M8T] OUT2 e2e8=ff07
[M8T] OUT2 e2e8=0000
[M8T] OUT2 e2e8=fff8
[M8T] OUT2 e2e8=ff07
*** 1 repeats ***
[M8T] OUT2 e2e8=fff8
[M8T] OUT2 e2e8=ffff
*** 4 repeats ***
[M8T] OUT2 e2e8=fff8
[M8T] OUT2 e2e8=ff07
[M8T] OUT2 e2e8=0000
[M8T] OUT2 e2e8=07f8
[M8T] OUT2 e2e8=07ff
*** 1 repeats ***
[M8T] OUT2 e2e8=fff8
[M8T] OUT2 e2e8=07ff
*** 1 repeats ***
[M8T] OUT2 e2e8=07f8
[M8T] OUT2 e2e8=07ff
*** 1 repeats ***
[M8T] OUT2 e2e8=fff8
[M8T] OUT2 e2e8=ff07
[M8T] OUT2 e2e8=0000
[M8T] OUT2 e2e8=fff8
[M8T] OUT2 e2e8=ff07
*** 1 repeats ***
[M8T] OUT2 e2e8=fff8
[M8T] OUT2 e2e8=ff07
[M8T] OUT2 e2e8=fff8
*** 2 repeats ***
[M8T] OUT2 e2e8=ff07
[M8T] OUT2 e2e8=fff8
[M8T] OUT2 e2e8=ff07
[M8T] OUT2 e2e8=0000
[M8T] OUT2 e2e8=07f8
[M8T] OUT2 e2e8=07ff
*** 1 repeats ***
[M8T] OUT2 e2e8=fff8
[M8T] OUT2 e2e8=07ff
[M8T] OUT2 e2e8=f8ff
*** 1 repeats ***
[M8T] OUT2 e2e8=ffff
[M8T] OUT2 e2e8=07ff
[M8T] OUT2 e2e8=fff8
[M8T] OUT2 e2e8=ff07
[M8T] OUT2 e2e8=0000
[M8T] OUT2 e2e8=fff8
[M8T] OUT2 e2e8=f807
[M8T] OUT2 e2e8=f8f8
*** 5 repeats ***
[M8T] OUT2 e2e8=ff07
[M8T] OUT2 e2e8=fff8
[M8T] OUT2 e2e8=ff07
[M8T] OUT2 e2e8=0000
[M8T] OUT2 e2e8=07f8
[M8T] OUT2 e2e8=f8ff
[M8T] OUT2 e2e8=f8f8
*** 5 repeats ***
[M8T] OUT2 e2e8=07ff
[M8T] OUT2 e2e8=fff8
[M8T] OUT2 e2e8=ff07
[M8T] OUT2 e2e8=0000
[M8T] OUT2 e2e8=fff8
[M8T] OUT2 e2e8=f807
[M8T] OUT2 e2e8=ffff
*** 4 repeats ***
[M8T] OUT2 e2e8=f8ff
[M8T] OUT2 e2e8=ffff
[M8T] OUT2 e2e8=fff8
[M8T] OUT2 e2e8=ff07
[M8T] OUT2 e2e8=0000
[M8T] OUT2 e2e8=07f8
[M8T] OUT2 e2e8=f8ff
[M8T] OUT2 e2e8=07ff
*** 4 repeats ***
[M8T] OUT2 e2e8=f8ff
[M8T] OUT2 e2e8=f8f8
[M8T] OUT2 e2e8=fff8
[M8T] OUT2 e2e8=ff07
[M8T] OUT2 e2e8=0000
[M8T] OUT2 e2e8=fff8
[M8T] OUT2 e2e8=f807
[M8T] OUT2 e2e8=ffff
[M8T] OUT2 e2e8=ff07
*** 3 repeats ***
[M8T] OUT2 e2e8=f807
[M8T] OUT2 e2e8=ffff
*** 1 repeats ***
[M8T] OUT2 e2e8=ff07
[M8T] OUT2 e2e8=0000
[M8T] OUT2 e2e8=07f8
[M8T] OUT2 e2e8=f8ff
[M8T] OUT2 e2e8=07ff
*** 4 repeats ***
[M8T] OUT2 e2e8=f8ff
[M8T] OUT2 e2e8=07ff
*** 1 repeats ***
[M8T] OUT2 e2e8=ff07
[M8T] OUT2 e2e8=0000
[M8T] OUT2 e2e8=fff8
[M8T] OUT2 e2e8=f807
[M8T] OUT2 e2e8=ffff
[M8T] OUT2 e2e8=ff07
*** 3 repeats ***
[M8T] OUT2 e2e8=f807
[M8T] OUT2 e2e8=ffff
[M8T] OUT2 e2e8=ff07
*** 1 repeats ***
[M8T] OUT2 e2e8=0000
[M8T] OUT2 e2e8=07f8
[M8T] OUT2 e2e8=f8ff
[M8T] OUT2 e2e8=07ff
*** 4 repeats ***
[M8T] OUT2 e2e8=f8ff
[M8T] OUT2 e2e8=07ff
*** 1 repeats ***
[M8T] OUT2 e2e8=ff07
[M8T] OUT2 e2e8=0000
[M8T] OUT2 e2e8=fff8
[M8T] OUT2 e2e8=f807
[M8T] OUT2 e2e8=f8f8
*** 5 repeats ***
[M8T] OUT2 e2e8=ffff
[M8T] OUT2 e2e8=ff07
*** 1 repeats ***
[M8T] OUT2 e2e8=0000
[M8T] OUT2 e2e8=07f8
[M8T] OUT2 e2e8=07ff
[M8T] OUT2 e2e8=ffff
*** 5 repeats ***
[M8T] OUT2 e2e8=07ff
*** 1 repeats ***
[M8T] OUT2 e2e8=ff07
[M8T] OUT2 e2e8=0000
[M8T] OUT2 e2e8=0707
*** 9 repeats ***
[M8T] OUT2 e2e8=ff07
[M8T] OUT2 e2e8=ff00
[M8T] OUT2 e2e8=ffff
*** 10 repeats ***
[M8B] end cur=278,93
[M8T] IN2 9aee=0000
[M8T] OUT2 daee=0000
[M8T] OUT2 e2ee=05ff
[M8T] IN2 9aee=c000
[M8T] IN2 9aee=0000
[M8T] OUT2 daee=03d4
[M8T] OUT2 deee=02ea
[M8T] OUT2 e2ee=03fc
[M8T] OUT2 e6ee=02fc
[M8T] IN2 9aee=f000
[M8T] IN2 9aee=0000
[M8T] OUT2 a6e8=0007
[M8T] IN2 9aee=e000
[M8T] IN2 9aee=0000
[M8T] OUT2 86e8=03d4
[M8T] OUT2 82e8=02ea
[M8B] start cur=980,746 dyend=766 dpc=2211 dpitch=1024 doff=0 clip 980,746-1020,764 compat=0
[M8B] end cur=980,766
[M8T] IN2 9aee=0000
[M8T] OUT2 a6e8=0000
[M8T] IN2 9aee=f800
[M8T] IN2 9aee=0000
[M8T] OUT2 86e8=03dc
[M8T] OUT2 82e8=02ef
[M8B] start cur=988,751 dyend=760 dpc=3251 dpitch=1024 doff=0 clip 980,746-1020,764 compat=0
[M8T] OUT2 e2e8=6374
[M8T] OUT2 e2e8=c618
[M8T] OUT2 e2e8=7031
[M8T] OUT2 e2e8=0000
[M8T] OUT2 86e8=03e2
[M8T] OUT2 82e8=02ef
[M8B] start cur=994,751 dyend=760 dpc=3251 dpitch=1024 doff=0 clip 980,746-1020,764 compat=0
[M8T] OUT2 e2e8=6374
[M8T] OUT2 e2e8=c618
[M8T] IN2 9aee=0000
[M8T] OUT2 e2e8=7031
[M8T] OUT2 e2e8=0000
[M8T] OUT2 86e8=03e8
[M8T] OUT2 82e8=02f2
[M8B] start cur=1000,754 dyend=760 dpc=3251 dpitch=1024 doff=0 clip 980,746-1020,764 compat=0
[M8T] OUT2 e2e8=0084
[M8T] OUT2 e2e8=0000
[M8T] OUT2 86e8=03eb
[M8T] OUT2 82e8=02ef
[M8B] start cur=1003,751 dyend=760 dpc=3251 dpitch=1024 doff=0 clip 980,746-1020,764 compat=0
[M8T] OUT2 e2e8=6374
[M8T] OUT2 e2e8=c618
[M8T] IN2 9aee=0000
[M8T] OUT2 e2e8=7031
[M8T] OUT2 e2e8=0000
[M8T] OUT2 86e8=03f1
[M8T] OUT2 82e8=02ef
[M8B] start cur=1009,751 dyend=760 dpc=3251 dpitch=1024 doff=0 clip 980,746-1020,764 compat=0
[M8T] OUT2 e2e8=4274
[M8T] OUT2 e2e8=1111
[M8T] OUT2 e2e8=f810
[M8T] OUT2 e2e8=0000
[M8T] IN2 9aee=8000
[M8T] IN2 9aee=0000
[M8T] OUT2 daee=0000
[M8T] OUT2 deee=0000
[M8T] OUT2 e2ee=05ff
[M8T] OUT2 e6ee=05ff
[M8T] IN2 9aee=f000
[M8T] IN2 9aee=0000
[M8T] OUT2 a6e8=0707
[M8T] OUT2 86e8=00e6
[M8T] OUT2 82e8=015d
[M8B] start cur=230,349 dyend=350 dpc=2211 dpitch=1024 doff=0 clip 0,0-1535,1535 compat=0
[M8B] end cur=230,350
[M8T] IN2 9aee=0000
[M8T] IN2 9ae8=0000
[M8T] OUT2 daee=030b
[M8T] OUT2 e2ee=031e
[M8T] OUT2 86e8=030b
[M8T] OUT2 82e8=014b
[M8B] start cur=779,331 dyend=349 dpc=5211 dpitch=1024 doff=0 clip 779,0-798,1535 compat=0
[M8T] OUT2 e2e8=f8f8
*** 20 repeats ***
[M8T] OUT2 e2e8=ffff
*** 6 repeats ***
[M8T] OUT2 e2e8=00ff
[M8T] OUT2 e2e8=f8f8
*** 1 repeats ***
[M8T] OUT2 e2e8=07ff
[M8T] OUT2 e2e8=0707
*** 5 repeats ***
[M8T] OUT2 e2e8=00f8
[M8T] OUT2 e2e8=f8f8
*** 1 repeats ***
[M8T] OUT2 e2e8=07ff
[M8T] OUT2 e2e8=0707
*** 5 repeats ***
[M8T] OUT2 e2e8=00f8
[M8T] OUT2 e2e8=f8f8
*** 1 repeats ***
[M8T] OUT2 e2e8=07ff
[M8T] OUT2 e2e8=0707
[M8T] OUT2 e2e8=0000
[M8T] OUT2 e2e8=0707
*** 1 repeats ***
[M8T] OUT2 e2e8=0000
[M8T] OUT2 e2e8=0707
[M8T] OUT2 e2e8=00f8
[M8T] OUT2 e2e8=f8f8
*** 1 repeats ***
[M8T] OUT2 e2e8=07ff
[M8T] OUT2 e2e8=0707
[M8T] OUT2 e2e8=0007
[M8T] OUT2 e2e8=0700
[M8T] OUT2 e2e8=0007
[M8T] OUT2 e2e8=0700
[M8T] OUT2 e2e8=0707
[M8T] OUT2 e2e8=00f8
[M8T] OUT2 e2e8=f8f8
*** 1 repeats ***
[M8T] OUT2 e2e8=07ff
[M8T] OUT2 e2e8=0707
*** 1 repeats ***
[M8T] OUT2 e2e8=0000
*** 1 repeats ***
[M8T] OUT2 e2e8=0707
*** 1 repeats ***
[M8T] OUT2 e2e8=00f8
[M8T] OUT2 e2e8=f8f8
*** 1 repeats ***
[M8T] OUT2 e2e8=07ff
[M8T] OUT2 e2e8=0707
*** 1 repeats ***
[M8T] OUT2 e2e8=0007
[M8T] OUT2 e2e8=0700
[M8T] OUT2 e2e8=0707
*** 1 repeats ***
[M8T] OUT2 e2e8=00f8
[M8T] OUT2 e2e8=f8f8
*** 1 repeats ***
[M8T] OUT2 e2e8=07ff
[M8T] OUT2 e2e8=0707
*** 1 repeats ***
[M8T] OUT2 e2e8=0000
*** 1 repeats ***
[M8T] OUT2 e2e8=0707
*** 1 repeats ***
[M8T] OUT2 e2e8=00f8
[M8T] OUT2 e2e8=f8f8
*** 1 repeats ***
[M8T] OUT2 e2e8=07ff
[M8T] OUT2 e2e8=0707
[M8T] OUT2 e2e8=0007
[M8T] OUT2 e2e8=0700
[M8T] OUT2 e2e8=0007
[M8T] OUT2 e2e8=0700
[M8T] OUT2 e2e8=0707
[M8T] OUT2 e2e8=00f8
[M8T] OUT2 e2e8=f8f8
*** 1 repeats ***
[M8T] OUT2 e2e8=07ff
[M8T] OUT2 e2e8=0707
[M8T] OUT2 e2e8=0000
[M8T] OUT2 e2e8=0707
*** 1 repeats ***
[M8T] OUT2 e2e8=0000
[M8T] OUT2 e2e8=0707
[M8T] OUT2 e2e8=00f8
[M8T] OUT2 e2e8=f8f8
*** 1 repeats ***
[M8T] OUT2 e2e8=07ff
[M8T] OUT2 e2e8=0707
*** 5 repeats ***
[M8T] OUT2 e2e8=00f8
[M8T] OUT2 e2e8=f8f8
*** 1 repeats ***
[M8T] OUT2 e2e8=07ff
[M8T] OUT2 e2e8=0707
*** 5 repeats ***
[M8T] OUT2 e2e8=00f8
[M8T] OUT2 e2e8=f8f8
*** 1 repeats ***
[M8T] OUT2 e2e8=f8ff
[M8T] OUT2 e2e8=f8f8
*** 5 repeats ***
[M8T] OUT2 e2e8=00f8
[M8T] OUT2 e2e8=f8f8
*** 1 repeats ***
[M8T] OUT2 e2e8=0000
*** 7 repeats ***
[M8T] OUT2 e2e8=f8f8
*** 20 repeats ***
[M8B] end cur=779,349
[M8T] IN2 9aee=0000
[M8T] OUT2 daee=0000
[M8T] OUT2 e2ee=05ff
[M8T] IN2 9aee=c000
[M8T] IN2 9aee=0000
[M8T] OUT2 a6e8=f8f8
[M8T] OUT2 86e8=00e6
[M8T] OUT2 82e8=014b
[M8B] start cur=230,331 dyend=349 dpc=2211 dpitch=1024 doff=0 clip 0,0-1535,1535 compat=0
[M8B] end cur=230,349
[M8T] IN2 9aee=0000
[M8T] OUT2 daee=00e6
[M8T] OUT2 deee=014b
[M8T] OUT2 e2ee=030a
[M8T] OUT2 e6ee=015c
[M8T] IN2 9aee=f000
[M8T] IN2 9aee=0000
[M8T] OUT2 a6e8=00f8
[M8T] IN2 9aee=e000
[M8T] IN2 9aee=0000
[M8T] OUT2 86e8=00e8
[M8T] OUT2 82e8=014d
[M8B] start cur=232,333 dyend=346 dpc=2211 dpitch=1024 doff=0 clip 230,331-778,348 compat=0
[M8B] end cur=232,346
[M8T] IN2 9aee=0000
[M8T] OUT2 a6e8=0007
[M8T] IN2 9aee=f800
[M8T] IN2 9aee=0000
[M8T] OUT2 daee=0000
[M8T] OUT2 deee=0000
[M8T] OUT2 e2ee=05ff
[M8T] OUT2 e6ee=05ff
[M8T] IN2 9aee=f000
[M8T] IN2 9aee=0000
[M8T] OUT2 daee=00e6
[M8T] OUT2 deee=014b
[M8T] OUT2 e2ee=030a
[M8T] OUT2 e6ee=015c
[M8T] IN2 9aee=f000
[M8T] IN2 9aee=0000
[M8T] OUT2 a6e8=00f8
[M8T] IN2 9aee=e000
[M8T] IN2 9aee=0000
[M8T] OUT2 86e8=00e9
[M8T] OUT2 82e8=014d
[M8B] start cur=233,333 dyend=346 dpc=2211 dpitch=1024 doff=0 clip 230,331-778,348 compat=0
[M8B] end cur=233,346
[M8T] IN2 9aee=0000
[M8T] OUT2 a6e8=0007
[M8T] IN2 9aee=f800
[M8T] IN2 9aee=0000
[M8T] OUT2 86e8=00ea
[M8T] OUT2 82e8=014f
[M8B] start cur=234,335 dyend=344 dpc=3251 dpitch=1024 doff=0 clip 230,331-778,348 compat=0
[M8T] IN2 9aee=0000
[M8T] OUT2 e2e8=187a
[M8T] OUT2 e2e8=8220
[M8T] OUT2 e2e8=2108
[M8T] OUT2 e2e8=0078
[M8T] IN2 9aee=0000
[M8T] OUT2 86e8=00f2
[M8T] OUT2 82e8=0152
[M8B] start cur=242,338 dyend=344 dpc=3251 dpitch=1024 doff=0 clip 230,331-778,348 compat=0
[M8T] IN2 9aee=0000
[M8T] OUT2 e2e8=0084
[M8T] OUT2 e2e8=0000
[M8T] IN2 9aee=8000
[M8T] IN2 9aee=0000
[M8T] OUT2 86e8=00f6
[M8T] OUT2 82e8=014f
[M8B] start cur=246,335 dyend=344 dpc=3251 dpitch=1024 doff=0 clip 230,331-778,348 compat=0
[M8T] IN2 9aee=0000
[M8T] OUT2 e2e8=8488
[M8T] OUT2 e2e8=2142
[M8T] OUT2 e2e8=0010
[M8T] OUT2 e2e8=0000
[M8T] IN2 9aee=8000
[M8T] IN2 9aee=0000
[M8T] OUT2 86e8=00fb
[M8T] OUT2 82e8=014f
[M8B] start cur=251,335 dyend=344 dpc=3251 dpitch=1024 doff=0 clip 230,331-778,348 compat=0
[M8T] IN2 9aee=0000
[M8T] OUT2 e2e8=3080
[M8T] OUT2 e2e8=1105
[M8T] OUT2 e2e8=2422
[M8T] OUT2 e2e8=5544
[M8T] IN2 9aee=0000
[M8T] OUT2 e2e8=a00a
[M8T] OUT2 e2e8=1188
[M8T] OUT2 e2e8=0000
*** 1 repeats ***
[M8T] IN2 9aee=8000
[M8T] IN2 9aee=0000
[M8T] OUT2 86e8=0108
[M8T] OUT2 82e8=014f
[M8B] start cur=264,335 dyend=344 dpc=3251 dpitch=1024 doff=0 clip 230,331-778,348 compat=0
[M8T] IN2 9aee=0000
[M8T] OUT2 e2e8=80ff
[M8T] OUT2 e2e8=0000
[M8T] IN2 9aee=8000
[M8T] IN2 9aee=0000
[M8T] OUT2 86e8=010c
[M8T] OUT2 82e8=014f
[M8B] start cur=268,335 dyend=344 dpc=3251 dpitch=1024 doff=0 clip 230,331-778,348 compat=0
[M8T] IN2 9aee=0000
[M8T] OUT2 e2e8=1c87
[M8T] OUT2 e2e8=a669
[M8T] OUT2 e2e8=e358
[M8T] OUT2 e2e8=0084
[M8T] IN2 9aee=0000
[M8T] OUT2 86e8=0115
[M8T] OUT2 82e8=014f
[M8B] start cur=277,335 dyend=344 dpc=3251 dpitch=1024 doff=0 clip 230,331-778,348 compat=0
[M8T] IN2 9aee=0000
[M8T] OUT2 e2e8=28f2
[M8T] OUT2 e2e8=8661
[M8T] OUT2 e2e8=6218
[M8T] OUT2 e2e8=00f0
[M8T] IN2 9aee=0000
[M8T] OUT2 86e8=011e
[M8T] OUT2 82e8=014f
[M8B] start cur=286,335 dyend=344 dpc=3251 dpitch=1024 doff=0 clip 230,331-778,348 compat=0
[M8T] IN2 9aee=0000
[M8T] OUT2 e2e8=187a
[M8T] OUT2 e2e8=8661
[M8T] OUT2 e2e8=6118
[M8T] OUT2 e2e8=0078
[M8T] IN2 9aee=0000
[M8T] OUT2 86e8=0126
[M8T] OUT2 82e8=014f
[M8B] start cur=294,335 dyend=344 dpc=3251 dpitch=1024 doff=0 clip 230,331-778,348 compat=0
[M8T] IN2 9aee=0000
[M8T] OUT2 e2e8=3080
[M8T] OUT2 e2e8=1105
[M8T] OUT2 e2e8=2422
[M8T] OUT2 e2e8=5544
[M8T] IN2 9aee=0000
[M8T] OUT2 e2e8=a00a
[M8T] OUT2 e2e8=1188
[M8T] OUT2 e2e8=0000
*** 1 repeats ***
[M8T] IN2 9aee=8000
[M8T] IN2 9aee=0000
[M8T] OUT2 86e8=0133
[M8T] OUT2 82e8=014f
[M8B] start cur=307,335 dyend=344 dpc=3251 dpitch=1024 doff=0 clip 230,331-778,348 compat=0
[M8T] IN2 9aee=0000
[M8T] OUT2 e2e8=6174
[M8T] OUT2 e2e8=0407
[M8T] OUT2 e2e8=7031
[M8T] OUT2 e2e8=0000
[M8T] IN2 9aee=8000
[M8T] IN2 9aee=0000
[M8T] OUT2 86e8=013b
[M8T] OUT2 82e8=014f
[M8B] start cur=315,335 dyend=344 dpc=3251 dpitch=1024 doff=0 clip 230,331-778,348 compat=0
[M8T] IN2 9aee=0000
[M8T] OUT2 e2e8=8488
[M8T] OUT2 e2e8=2142
[M8T] OUT2 e2e8=0010
[M8T] OUT2 e2e8=0000
[M8T] IN2 9aee=8000
[M8T] IN2 9aee=0000
[M8T] OUT2 86e8=0141
[M8T] OUT2 82e8=014f
[M8B] start cur=321,335 dyend=344 dpc=3251 dpitch=1024 doff=0 clip 230,331-778,348 compat=0
[M8T] IN2 9aee=0000
[M8T] OUT2 e2e8=18fa
[M8T] OUT2 e2e8=fa61
[M8T] OUT2 e2e8=6118
[M8T] OUT2 e2e8=0084
[M8T] IN2 9aee=0000
[M8T] OUT2 86e8=014a
[M8T] OUT2 82e8=014f
[M8B] start cur=330,335 dyend=344 dpc=3251 dpitch=1024 doff=0 clip 230,331-778,348 compat=0
[M8T] IN2 9aee=0000
[M8T] OUT2 e2e8=1886
[M8T] OUT2 e2e8=8661
[M8T] OUT2 e2e8=6118
[M8T] OUT2 e2e8=0078
[M8T] IN2 9aee=0000
[M8T] OUT2 86e8=0153
[M8T] OUT2 82e8=014f
[M8B] start cur=339,335 dyend=344 dpc=3251 dpitch=1024 doff=0 clip 230,331-778,348 compat=0
[M8T] IN2 9aee=0000
[M8T] OUT2 e2e8=1c87
[M8T] OUT2 e2e8=a669
[M8T] OUT2 e2e8=e358
[M8T] OUT2 e2e8=0084
[M8T] IN2 9aee=0000
[M8T] OUT2 86e8=015c
[M8T] OUT2 82e8=014f
[M8B] start cur=348,335 dyend=344 dpc=3251 dpitch=1024 doff=0 clip 230,331-778,348 compat=0
[M8T] IN2 9aee=0000
[M8T] OUT2 e2e8=28f2
[M8T] OUT2 e2e8=8661
[M8T] OUT2 e2e8=6218
[M8T] OUT2 e2e8=00f0
[M8T] IN2 9aee=0000
[M8T] OUT2 86e8=0165
[M8T] OUT2 82e8=014f
[M8B] start cur=357,335 dyend=344 dpc=3251 dpitch=1024 doff=0 clip 230,331-778,348 compat=0
[M8T] IN2 9aee=0000
[M8T] OUT2 e2e8=2184
[M8T] OUT2 e2e8=4208
[M8T] OUT2 e2e8=f810
[M8T] OUT2 e2e8=0000
[M8T] IN2 9aee=8000
[M8T] IN2 9aee=0000
[M8T] OUT2 86e8=016c
[M8T] OUT2 82e8=014f
[M8B] start cur=364,335 dyend=344 dpc=3251 dpitch=1024 doff=0 clip 230,331-778,348 compat=0
[M8T] IN2 9aee=0000
[M8T] OUT2 e2e8=2184
[M8T] OUT2 e2e8=4208
[M8T] OUT2 e2e8=f810
[M8T] OUT2 e2e8=0000
[M8T] IN2 9aee=8000
[M8T] IN2 9aee=0000
[M8T] OUT2 86e8=0173
[M8T] OUT2 82e8=014f
[M8B] start cur=371,335 dyend=344 dpc=3251 dpitch=1024 doff=0 clip 230,331-778,348 compat=0
[M8T] IN2 9aee=0000
[M8T] OUT2 e2e8=4274
[M8T] OUT2 e2e8=0413
[M8T] OUT2 e2e8=7031
[M8T] OUT2 e2e8=0000
[M8T] IN2 9aee=8000
[M8T] IN2 9aee=0000
[M8T] OUT2 86e8=017a
[M8T] OUT2 82e8=014f
[M8B] start cur=378,335 dyend=344 dpc=3251 dpitch=1024 doff=0 clip 230,331-778,348 compat=0
[M8T] IN2 9aee=0000
[M8T] OUT2 e2e8=4274
[M8T] OUT2 e2e8=1111
[M8T] OUT2 e2e8=f810
[M8T] OUT2 e2e8=0000
[M8T] IN2 9aee=8000
[M8T] IN2 9aee=0000
[M8T] OUT2 86e8=0181
[M8T] OUT2 82e8=0157
[M8B] start cur=385,343 dyend=344 dpc=3251 dpitch=1024 doff=0 clip 230,331-778,348 compat=0
[M8T] IN2 9aee=0000
[M8T] OUT2 e2e8=0080
[M8T] OUT2 e2e8=0000
[M8T] IN2 9aee=8000
[M8T] IN2 9aee=0000
[M8T] OUT2 86e8=0185
[M8T] OUT2 82e8=014f
[M8B] start cur=389,335 dyend=344 dpc=3251 dpitch=1024 doff=0 clip 230,331-778,348 compat=0
[M8T] IN2 9aee=0000
[M8T] OUT2 e2e8=21fc
[M8T] OUT2 e2e8=420f
[M8T] OUT2 e2e8=f810
[M8T] OUT2 e2e8=0000
[M8T] IN2 9aee=8000
[M8T] IN2 9aee=0000
[M8T] OUT2 86e8=018c
[M8T] OUT2 82e8=014f
[M8B] start cur=396,335 dyend=344 dpc=3251 dpitch=1024 doff=0 clip 230,331-778,348 compat=0
[M8T] IN2 9aee=0000
[M8T] OUT2 e2e8=0583
[M8T] OUT2 e2e8=4111
[M8T] OUT2 e2e8=1105
[M8T] OUT2 e2e8=8241
[M8T] IN2 9aee=0000
[M8T] OUT2 86e8=0195
[M8T] OUT2 82e8=014f
[M8B] start cur=405,335 dyend=344 dpc=3251 dpitch=1024 doff=0 clip 230,331-778,348 compat=0
[M8T] IN2 9aee=0000
[M8T] OUT2 e2e8=21fc
[M8T] OUT2 e2e8=420f
[M8T] OUT2 e2e8=f810
[M8T] OUT2 e2e8=0000
[M8T] IN2 9aee=8000
[M8T] IN2 9aee=0000
[M8T] OUT2 86e8=01a1
[M8T] OUT2 82e8=014f
[M8B] start cur=417,335 dyend=344 dpc=3251 dpitch=1024 doff=0 clip 230,331-778,348 compat=0
[M8T] IN2 9aee=0000
[M8T] OUT2 e2e8=1886
[M8T] OUT2 e2e8=8661
[M8T] OUT2 e2e8=6118
[M8T] OUT2 e2e8=0078
[M8T] IN2 9aee=0000
[M8T] OUT2 86e8=01aa
[M8T] OUT2 82e8=014f
[M8B] start cur=426,335 dyend=344 dpc=3251 dpitch=1024 doff=0 clip 230,331-778,348 compat=0
[M8T] IN2 9aee=0000
[M8T] OUT2 e2e8=6174
[M8T] OUT2 e2e8=0407
[M8T] OUT2 e2e8=7031
[M8T] OUT2 e2e8=0000
[M8T] IN2 9aee=8000
[M8T] IN2 9aee=0000
[M8T] OUT2 86e8=01b2
[M8T] OUT2 82e8=014f
[M8B] start cur=434,335 dyend=344 dpc=3251 dpitch=1024 doff=0 clip 230,331-778,348 compat=0
[M8T] IN2 9aee=0000
[M8T] OUT2 e2e8=21fc
[M8T] OUT2 e2e8=420f
[M8T] OUT2 e2e8=f810
[M8T] OUT2 e2e8=0000
[M8T] IN2 9aee=8000
[M8T] IN2 9aee=0000
[M8T] OUT2 86e8=01ba
[M8T] OUT2 82e8=014f
[M8B] start cur=442,335 dyend=344 dpc=3251 dpitch=1024 doff=0 clip 230,331-778,348 compat=0
[M8T] IN2 9aee=0000
[M8T] OUT2 e2e8=18fa
[M8T] OUT2 e2e8=fa61
[M8T] OUT2 e2e8=6118
[M8T] OUT2 e2e8=0084
[M8T] IN2 9aee=0000
[M8T] OUT2 86e8=01c3
[M8T] OUT2 82e8=0157
[M8B] start cur=451,343 dyend=344 dpc=3251 dpitch=1024 doff=0 clip 230,331-778,348 compat=0
[M8T] IN2 9aee=0000
[M8T] OUT2 e2e8=0080
[M8T] OUT2 e2e8=0000
[M8T] IN2 9aee=8000
[M8T] IN2 9aee=0000
[M8T] OUT2 86e8=01c7
[M8T] OUT2 82e8=014f
[M8B] start cur=455,335 dyend=344 dpc=3251 dpitch=1024 doff=0 clip 230,331-778,348 compat=0
[M8T] IN2 9aee=0000
[M8T] OUT2 e2e8=21fc
[M8T] OUT2 e2e8=420f
[M8T] OUT2 e2e8=f810
[M8T] OUT2 e2e8=0000
[M8T] IN2 9aee=8000
[M8T] IN2 9aee=0000
[M8T] OUT2 86e8=01ce
[M8T] OUT2 82e8=014f
[M8B] start cur=462,335 dyend=344 dpc=3251 dpitch=1024 doff=0 clip 230,331-778,348 compat=0
[M8T] IN2 9aee=0000
[M8T] OUT2 e2e8=0583
[M8T] OUT2 e2e8=4111
[M8T] OUT2 e2e8=1105
[M8T] OUT2 e2e8=8241
[M8T] IN2 9aee=0000
[M8T] OUT2 86e8=01d7
[M8T] OUT2 82e8=014f
[M8B] start cur=471,335 dyend=344 dpc=3251 dpitch=1024 doff=0 clip 230,331-778,348 compat=0
[M8T] IN2 9aee=0000
[M8T] OUT2 e2e8=21fc
[M8T] OUT2 e2e8=420f
[M8T] OUT2 e2e8=f810
[M8T] OUT2 e2e8=0000
[M8T] IN2 9aee=8000
[M8T] IN2 9aee=0000
[M8T] OUT2 86e8=01df
[M8T] OUT2 82e8=0157
[M8B] start cur=479,343 dyend=345 dpc=3251 dpitch=1024 doff=0 clip 230,331-778,348 compat=0
[M8T] IN2 9aee=0000
[M8T] OUT2 e2e8=0060
[M8T] OUT2 e2e8=0000
[M8T] IN2 9aee=8000
[M8T] IN2 9aee=0000
[M8T] OUT2 86e8=01e3
[M8T] OUT2 82e8=014f
[M8B] start cur=483,335 dyend=344 dpc=3251 dpitch=1024 doff=0 clip 230,331-778,348 compat=0
[M8T] IN2 9aee=0000
[M8T] OUT2 e2e8=21fc
[M8T] OUT2 e2e8=420f
[M8T] OUT2 e2e8=f810
[M8T] OUT2 e2e8=0000
[M8T] IN2 9aee=8000
[M8T] IN2 9aee=0000
[M8T] OUT2 86e8=01eb
[M8T] OUT2 82e8=0152
[M8B] start cur=491,338 dyend=344 dpc=3251 dpitch=1024 doff=0 clip 230,331-778,348 compat=0
[M8T] IN2 9aee=0000
[M8T] OUT2 e2e8=6699
[M8T] OUT2 e2e8=0099
[M8T] IN2 9aee=0000
[M8T] OUT2 86e8=01f1
[M8T] OUT2 82e8=014f
[M8B] start cur=497,335 dyend=344 dpc=3251 dpitch=1024 doff=0 clip 230,331-778,348 compat=0
[M8T] IN2 9aee=0000
[M8T] OUT2 e2e8=809f
[M8T] OUT2 e2e8=0000
[M8T] IN2 9aee=8000
[M8T] IN2 9aee=0000
[M8T] OUT2 86e8=01f4
[M8T] OUT2 82e8=0150
[M8B] start cur=500,336 dyend=344 dpc=3251 dpitch=1024 doff=0 clip 230,331-778,348 compat=0
[M8T] IN2 9aee=0000
[M8T] OUT2 e2e8=a9ae
[M8T] OUT2 e2e8=0000
[M8T] IN2 9aee=8000
[M8T] IN2 9aee=0000
[M8T] OUT2 86e8=01f7
[M8T] OUT2 82e8=014f
[M8B] start cur=503,335 dyend=344 dpc=3251 dpitch=1024 doff=0 clip 230,331-778,348 compat=0
[M8T] IN2 9aee=0000
[M8T] OUT2 e2e8=3080
[M8T] OUT2 e2e8=1105
[M8T] OUT2 e2e8=2422
[M8T] OUT2 e2e8=5544
[M8T] IN2 9aee=0000
[M8T] OUT2 e2e8=a00a
[M8T] OUT2 e2e8=1188
[M8T] OUT2 e2e8=0000
*** 1 repeats ***
[M8T] IN2 9aee=8000
[M8T] IN2 9aee=0000
[M8T] OUT2 86e8=0204
[M8T] OUT2 82e8=014f
[M8B] start cur=516,335 dyend=344 dpc=3251 dpitch=1024 doff=0 clip 230,331-778,348 compat=0
[M8T] IN2 9aee=0000
[M8T] OUT2 e2e8=809f
[M8T] OUT2 e2e8=0000
[M8T] IN2 9aee=8000
[M8T] IN2 9aee=0000
[M8T] OUT2 86e8=0207
[M8T] OUT2 82e8=0152
[M8B] start cur=519,338 dyend=344 dpc=3251 dpitch=1024 doff=0 clip 230,331-778,348 compat=0
[M8T] IN2 9aee=0000
[M8T] OUT2 e2e8=63b6
[M8T] OUT2 e2e8=c418
[M8T] IN2 9aee=0000
[M8T] OUT2 86e8=020e
[M8T] OUT2 82e8=014f
[M8B] start cur=526,335 dyend=344 dpc=3251 dpitch=1024 doff=0 clip 230,331-778,348 compat=0
[M8T] IN2 9aee=0000
[M8T] OUT2 e2e8=4208
[M8T] OUT2 e2e8=c6f8
[M8T] OUT2 e2e8=7831
[M8T] OUT2 e2e8=0000
[M8T] IN2 9aee=8000
[M8T] IN2 9aee=0000
[M8T] OUT2 86e8=0215
[M8T] OUT2 82e8=0152
[M8B] start cur=533,338 dyend=344 dpc=3251 dpitch=1024 doff=0 clip 230,331-778,348 compat=0
[M8T] IN2 9aee=0000
[M8T] OUT2 e2e8=6374
[M8T] OUT2 e2e8=b818
[M8T] IN2 9aee=0000
[M8T] OUT2 86e8=021c
[M8T] OUT2 82e8=0152
[M8B] start cur=540,338 dyend=344 dpc=3251 dpitch=1024 doff=0 clip 230,331-778,348 compat=0
[M8T] IN2 9aee=0000
[M8T] OUT2 e2e8=2693
[M8T] OUT2 e2e8=54ad
[M8T] OUT2 e2e8=8048
[M8T] OUT2 e2e8=0000
[M8T] IN2 9aee=8000
[M8T] IN2 9aee=0000
[M8T] OUT2 86e8=0225
[M8T] OUT2 82e8=0152
[M8B] start cur=549,338 dyend=344 dpc=3251 dpitch=1024 doff=0 clip 230,331-778,348 compat=0
[M8T] IN2 9aee=0000
[M8T] OUT2 e2e8=4269
[M8T] OUT2 e2e8=0096
[M8T] IN2 9aee=0000
[M8T] OUT2 daee=0000
[M8T] OUT2 deee=0000
[M8T] OUT2 e2ee=05ff
[M8T] OUT2 e6ee=05ff
[M8T] IN2 9aee=f000
[M8T] IN2 9aee=0000
[M8T] OUT2 daee=00e6
[M8T] OUT2 deee=014b
[M8T] OUT2 e2ee=030a
[M8T] OUT2 e6ee=015c
[M8T] IN2 9aee=f000
[M8T] IN2 9aee=0000
[M8T] OUT2 a6e8=0007
[M8T] IN2 9aee=f800
[M8T] IN2 9aee=0000
[M8T] OUT2 86e8=00e9
[M8T] OUT2 82e8=014f
[M8B] start cur=233,335 dyend=344 dpc=3251 dpitch=1024 doff=0 clip 230,331-778,348 compat=0
[M8T] IN2 9aee=0000
[M8T] OUT2 e2e8=187a
[M8T] OUT2 e2e8=8220
[M8T] OUT2 e2e8=2108
[M8T] OUT2 e2e8=0078
[M8T] IN2 9aee=0000
[M8T] OUT2 86e8=00f1
[M8T] OUT2 82e8=0152
[M8B] start cur=241,338 dyend=344 dpc=3251 dpitch=1024 doff=0 clip 230,331-778,348 compat=0
[M8T] IN2 9aee=0000
[M8T] OUT2 e2e8=0084
[M8T] OUT2 e2e8=0000
[M8T] IN2 9aee=8000
[M8T] IN2 9aee=0000
[M8T] OUT2 86e8=00f5
[M8T] OUT2 82e8=014f
[M8B] start cur=245,335 dyend=344 dpc=3251 dpitch=1024 doff=0 clip 230,331-778,348 compat=0
[M8T] IN2 9aee=0000
[M8T] OUT2 e2e8=8488
[M8T] OUT2 e2e8=2142
[M8T] OUT2 e2e8=0010
[M8T] OUT2 e2e8=0000
[M8T] IN2 9aee=8000
[M8T] IN2 9aee=0000
[M8T] OUT2 86e8=00fa
[M8T] OUT2 82e8=014f
[M8B] start cur=250,335 dyend=344 dpc=3251 dpitch=1024 doff=0 clip 230,331-778,348 compat=0
[M8T] IN2 9aee=0000
[M8T] OUT2 e2e8=3080
[M8T] OUT2 e2e8=1105
[M8T] OUT2 e2e8=2422
[M8T] OUT2 e2e8=5544
[M8T] IN2 9aee=0000
[M8T] OUT2 e2e8=a00a
[M8T] OUT2 e2e8=1188
[M8T] OUT2 e2e8=0000
*** 1 repeats ***
[M8T] IN2 9aee=8000
[M8T] IN2 9aee=0000
[M8T] OUT2 86e8=0107
[M8T] OUT2 82e8=014f
[M8B] start cur=263,335 dyend=344 dpc=3251 dpitch=1024 doff=0 clip 230,331-778,348 compat=0
[M8T] IN2 9aee=0000
[M8T] OUT2 e2e8=80ff
[M8T] OUT2 e2e8=0000
[M8T] IN2 9aee=8000
[M8T] IN2 9aee=0000
[M8T] OUT2 86e8=010b
[M8T] OUT2 82e8=014f
[M8B] start cur=267,335 dyend=344 dpc=3251 dpitch=1024 doff=0 clip 230,331-778,348 compat=0
[M8T] IN2 9aee=0000
[M8T] OUT2 e2e8=1c87
[M8T] OUT2 e2e8=a669
[M8T] OUT2 e2e8=e358
[M8T] OUT2 e2e8=0084
[M8T] IN2 9aee=0000
[M8T] OUT2 86e8=0114
[M8T] OUT2 82e8=014f
[M8B] start cur=276,335 dyend=344 dpc=3251 dpitch=1024 doff=0 clip 230,331-778,348 compat=0
[M8T] IN2 9aee=0000
[M8T] OUT2 e2e8=28f2
[M8T] OUT2 e2e8=8661
[M8T] OUT2 e2e8=6218
[M8T] OUT2 e2e8=00f0
[M8T] IN2 9aee=0000
[M8T] OUT2 86e8=011d
[M8T] OUT2 82e8=014f
[M8B] start cur=285,335 dyend=344 dpc=3251 dpitch=1024 doff=0 clip 230,331-778,348 compat=0
[M8T] IN2 9aee=0000
[M8T] OUT2 e2e8=187a
[M8T] OUT2 e2e8=8661
[M8T] OUT2 e2e8=6118
[M8T] OUT2 e2e8=0078
[M8T] IN2 9aee=0000
[M8T] OUT2 86e8=0125
[M8T] OUT2 82e8=014f
[M8B] start cur=293,335 dyend=344 dpc=3251 dpitch=1024 doff=0 clip 230,331-778,348 compat=0
[M8T] IN2 9aee=0000
[M8T] OUT2 e2e8=3080
[M8T] OUT2 e2e8=1105
[M8T] OUT2 e2e8=2422
[M8T] OUT2 e2e8=5544
[M8T] IN2 9aee=0000
[M8T] OUT2 e2e8=a00a
[M8T] OUT2 e2e8=1188
[M8T] OUT2 e2e8=0000
*** 1 repeats ***
[M8T] IN2 9aee=8000
[M8T] IN2 9aee=0000
[M8T] OUT2 86e8=0132
[M8T] OUT2 82e8=014f
[M8B] start cur=306,335 dyend=344 dpc=3251 dpitch=1024 doff=0 clip 230,331-778,348 compat=0
[M8T] IN2 9aee=0000
[M8T] OUT2 e2e8=6174
[M8T] OUT2 e2e8=0407
[M8T] OUT2 e2e8=7031
[M8T] OUT2 e2e8=0000
[M8T] IN2 9aee=8000
[M8T] IN2 9aee=0000
[M8T] OUT2 86e8=013a
[M8T] OUT2 82e8=014f
[M8B] start cur=314,335 dyend=344 dpc=3251 dpitch=1024 doff=0 clip 230,331-778,348 compat=0
[M8T] IN2 9aee=0000
[M8T] OUT2 e2e8=8488
[M8T] OUT2 e2e8=2142
[M8T] OUT2 e2e8=0010
[M8T] OUT2 e2e8=0000
[M8T] IN2 9aee=8000
[M8T] IN2 9aee=0000
[M8T] OUT2 86e8=0140
[M8T] OUT2 82e8=014f
[M8B] start cur=320,335 dyend=344 dpc=3251 dpitch=1024 doff=0 clip 230,331-778,348 compat=0
[M8T] IN2 9aee=0000
[M8T] OUT2 e2e8=18fa
[M8T] OUT2 e2e8=fa61
[M8T] OUT2 e2e8=6118
[M8T] OUT2 e2e8=0084
[M8T] IN2 9aee=0000
[M8T] OUT2 86e8=0149
[M8T] OUT2 82e8=014f
[M8B] start cur=329,335 dyend=344 dpc=3251 dpitch=1024 doff=0 clip 230,331-778,348 compat=0
[M8T] IN2 9aee=0000
[M8T] OUT2 e2e8=1886
[M8T] OUT2 e2e8=8661
[M8T] OUT2 e2e8=6118
[M8T] OUT2 e2e8=0078
[M8T] IN2 9aee=0000
[M8T] OUT2 86e8=0152
[M8T] OUT2 82e8=014f
[M8B] start cur=338,335 dyend=344 dpc=3251 dpitch=1024 doff=0 clip 230,331-778,348 compat=0
[M8T] IN2 9aee=0000
[M8T] OUT2 e2e8=1c87
[M8T] OUT2 e2e8=a669
[M8T] OUT2 e2e8=e358
[M8T] OUT2 e2e8=0084
[M8T] IN2 9aee=0000
[M8T] OUT2 86e8=015b
[M8T] OUT2 82e8=014f
[M8B] start cur=347,335 dyend=344 dpc=3251 dpitch=1024 doff=0 clip 230,331-778,348 compat=0
[M8T] IN2 9aee=0000
[M8T] OUT2 e2e8=28f2
[M8T] OUT2 e2e8=8661
[M8T] OUT2 e2e8=6218
[M8T] OUT2 e2e8=00f0
[M8T] IN2 9aee=0000
[M8T] OUT2 86e8=0164
[M8T] OUT2 82e8=014f
[M8B] start cur=356,335 dyend=344 dpc=3251 dpitch=1024 doff=0 clip 230,331-778,348 compat=0
[M8T] IN2 9aee=0000
[M8T] OUT2 e2e8=2184
[M8T] OUT2 e2e8=4208
[M8T] OUT2 e2e8=f810
[M8T] OUT2 e2e8=0000
[M8T] IN2 9aee=8000
[M8T] IN2 9aee=0000
[M8T] OUT2 86e8=016b
[M8T] OUT2 82e8=014f
[M8B] start cur=363,335 dyend=344 dpc=3251 dpitch=1024 doff=0 clip 230,331-778,348 compat=0
[M8T] IN2 9aee=0000
[M8T] OUT2 e2e8=2184
[M8T] OUT2 e2e8=4208
[M8T] OUT2 e2e8=f810
[M8T] OUT2 e2e8=0000
[M8T] IN2 9aee=8000
[M8T] IN2 9aee=0000
[M8T] OUT2 86e8=0172
[M8T] OUT2 82e8=014f
[M8B] start cur=370,335 dyend=344 dpc=3251 dpitch=1024 doff=0 clip 230,331-778,348 compat=0
[M8T] IN2 9aee=0000
[M8T] OUT2 e2e8=4274
[M8T] OUT2 e2e8=0413
[M8T] OUT2 e2e8=7031
[M8T] OUT2 e2e8=0000
[M8T] IN2 9aee=8000
[M8T] IN2 9aee=0000
[M8T] OUT2 86e8=0179
[M8T] OUT2 82e8=014f
[M8B] start cur=377,335 dyend=344 dpc=3251 dpitch=1024 doff=0 clip 230,331-778,348 compat=0
[M8T] IN2 9aee=0000
[M8T] OUT2 e2e8=4274
[M8T] OUT2 e2e8=1111
[M8T] OUT2 e2e8=f810
[M8T] OUT2 e2e8=0000
[M8T] IN2 9aee=8000
[M8T] IN2 9aee=0000
[M8T] OUT2 86e8=0180
[M8T] OUT2 82e8=0157
[M8B] start cur=384,343 dyend=344 dpc=3251 dpitch=1024 doff=0 clip 230,331-778,348 compat=0
[M8T] IN2 9aee=0000
[M8T] OUT2 e2e8=0080
[M8T] OUT2 e2e8=0000
[M8T] IN2 9aee=8000
[M8T] IN2 9aee=0000
[M8T] OUT2 86e8=0184
[M8T] OUT2 82e8=014f
[M8B] start cur=388,335 dyend=344 dpc=3251 dpitch=1024 doff=0 clip 230,331-778,348 compat=0
[M8T] IN2 9aee=0000
[M8T] OUT2 e2e8=21fc
[M8T] OUT2 e2e8=420f
[M8T] OUT2 e2e8=f810
[M8T] OUT2 e2e8=0000
[M8T] IN2 9aee=8000
[M8T] IN2 9aee=0000
[M8T] OUT2 86e8=018b
[M8T] OUT2 82e8=014f
[M8B] start cur=395,335 dyend=344 dpc=3251 dpitch=1024 doff=0 clip 230,331-778,348 compat=0
[M8T] IN2 9aee=0000
[M8T] OUT2 e2e8=0583
[M8T] OUT2 e2e8=4111
[M8T] OUT2 e2e8=1105
[M8T] OUT2 e2e8=8241
[M8T] IN2 9aee=0000
[M8T] OUT2 86e8=0194
[M8T] OUT2 82e8=014f
[M8B] start cur=404,335 dyend=344 dpc=3251 dpitch=1024 doff=0 clip 230,331-778,348 compat=0
[M8T] IN2 9aee=0000
[M8T] OUT2 e2e8=21fc
[M8T] OUT2 e2e8=420f
[M8T] OUT2 e2e8=f810
[M8T] OUT2 e2e8=0000
[M8T] IN2 9aee=8000
[M8T] IN2 9aee=0000
[M8T] OUT2 86e8=01a0
[M8T] OUT2 82e8=014f
[M8B] start cur=416,335 dyend=344 dpc=3251 dpitch=1024 doff=0 clip 230,331-778,348 compat=0
[M8T] IN2 9aee=0000
[M8T] OUT2 e2e8=1886
[M8T] OUT2 e2e8=8661
[M8T] OUT2 e2e8=6118
[M8T] OUT2 e2e8=0078
[M8T] IN2 9aee=0000
[M8T] OUT2 86e8=01a9
[M8T] OUT2 82e8=014f
[M8B] start cur=425,335 dyend=344 dpc=3251 dpitch=1024 doff=0 clip 230,331-778,348 compat=0
[M8T] IN2 9aee=0000
[M8T] OUT2 e2e8=6174
[M8T] OUT2 e2e8=0407
[M8T] OUT2 e2e8=7031
[M8T] OUT2 e2e8=0000
[M8T] IN2 9aee=8000
[M8T] IN2 9aee=0000
[M8T] OUT2 86e8=01b1
[M8T] OUT2 82e8=014f
[M8B] start cur=433,335 dyend=344 dpc=3251 dpitch=1024 doff=0 clip 230,331-778,348 compat=0
[M8T] IN2 9aee=0000
[M8T] OUT2 e2e8=21fc
[M8T] OUT2 e2e8=420f
[M8T] OUT2 e2e8=f810
[M8T] OUT2 e2e8=0000
[M8T] IN2 9aee=8000
[M8T] IN2 9aee=0000
[M8T] OUT2 86e8=01b9
[M8T] OUT2 82e8=014f
[M8B] start cur=441,335 dyend=344 dpc=3251 dpitch=1024 doff=0 clip 230,331-778,348 compat=0
[M8T] IN2 9aee=0000
[M8T] OUT2 e2e8=18fa
[M8T] OUT2 e2e8=fa61
[M8T] OUT2 e2e8=6118
[M8T] OUT2 e2e8=0084
[M8T] IN2 9aee=0000
[M8T] OUT2 86e8=01c2
[M8T] OUT2 82e8=0157
[M8B] start cur=450,343 dyend=344 dpc=3251 dpitch=1024 doff=0 clip 230,331-778,348 compat=0
[M8T] IN2 9aee=0000
[M8T] OUT2 e2e8=0080
[M8T] OUT2 e2e8=0000
[M8T] IN2 9aee=8000
[M8T] IN2 9aee=0000
[M8T] OUT2 86e8=01c6
[M8T] OUT2 82e8=014f
[M8B] start cur=454,335 dyend=344 dpc=3251 dpitch=1024 doff=0 clip 230,331-778,348 compat=0
[M8T] IN2 9aee=0000
[M8T] OUT2 e2e8=21fc
[M8T] OUT2 e2e8=420f
[M8T] OUT2 e2e8=f810
[M8T] OUT2 e2e8=0000
[M8T] IN2 9aee=8000
[M8T] IN2 9aee=0000
[M8T] OUT2 86e8=01cd
[M8T] OUT2 82e8=014f
[M8B] start cur=461,335 dyend=344 dpc=3251 dpitch=1024 doff=0 clip 230,331-778,348 compat=0
[M8T] IN2 9aee=0000
[M8T] OUT2 e2e8=0583
[M8T] OUT2 e2e8=4111
[M8T] OUT2 e2e8=1105
[M8T] OUT2 e2e8=8241
[M8T] IN2 9aee=0000
[M8T] OUT2 86e8=01d6
[M8T] OUT2 82e8=014f
[M8B] start cur=470,335 dyend=344 dpc=3251 dpitch=1024 doff=0 clip 230,331-778,348 compat=0
[M8T] IN2 9aee=0000
[M8T] OUT2 e2e8=21fc
[M8T] OUT2 e2e8=420f
[M8T] OUT2 e2e8=f810
[M8T] OUT2 e2e8=0000
[M8T] IN2 9aee=8000
[M8T] IN2 9aee=0000
[M8T] OUT2 86e8=01de
[M8T] OUT2 82e8=0157
[M8B] start cur=478,343 dyend=345 dpc=3251 dpitch=1024 doff=0 clip 230,331-778,348 compat=0
[M8T] IN2 9aee=0000
[M8T] OUT2 e2e8=0060
[M8T] OUT2 e2e8=0000
[M8T] IN2 9aee=8000
[M8T] IN2 9aee=0000
[M8T] OUT2 86e8=01e2
[M8T] OUT2 82e8=014f
[M8B] start cur=482,335 dyend=344 dpc=3251 dpitch=1024 doff=0 clip 230,331-778,348 compat=0
[M8T] IN2 9aee=0000
[M8T] OUT2 e2e8=21fc
[M8T] OUT2 e2e8=420f
[M8T] OUT2 e2e8=f810
[M8T] OUT2 e2e8=0000
[M8T] IN2 9aee=8000
[M8T] IN2 9aee=0000
[M8T] OUT2 86e8=01ea
[M8T] OUT2 82e8=0152
[M8B] start cur=490,338 dyend=344 dpc=3251 dpitch=1024 doff=0 clip 230,331-778,348 compat=0
[M8T] IN2 9aee=0000
[M8T] OUT2 e2e8=6699
[M8T] OUT2 e2e8=0099
[M8T] IN2 9aee=0000
[M8T] OUT2 86e8=01f0
[M8T] OUT2 82e8=014f
[M8B] start cur=496,335 dyend=344 dpc=3251 dpitch=1024 doff=0 clip 230,331-778,348 compat=0
[M8T] IN2 9aee=0000
[M8T] OUT2 e2e8=809f
[M8T] OUT2 e2e8=0000
[M8T] IN2 9aee=8000
[M8T] IN2 9aee=0000
[M8T] OUT2 86e8=01f3
[M8T] OUT2 82e8=0150
[M8B] start cur=499,336 dyend=344 dpc=3251 dpitch=1024 doff=0 clip 230,331-778,348 compat=0
[M8T] IN2 9aee=0000
[M8T] OUT2 e2e8=a9ae
[M8T] OUT2 e2e8=0000
[M8T] IN2 9aee=8000
[M8T] IN2 9aee=0000
[M8T] OUT2 86e8=01f6
[M8T] OUT2 82e8=014f
[M8B] start cur=502,335 dyend=344 dpc=3251 dpitch=1024 doff=0 clip 230,331-778,348 compat=0
[M8T] IN2 9aee=0000
[M8T] OUT2 e2e8=3080
[M8T] OUT2 e2e8=1105
[M8T] OUT2 e2e8=2422
[M8T] OUT2 e2e8=5544
[M8T] IN2 9aee=0000
[M8T] OUT2 e2e8=a00a
[M8T] OUT2 e2e8=1188
[M8T] OUT2 e2e8=0000
*** 1 repeats ***
[M8T] IN2 9aee=8000
[M8T] IN2 9aee=0000
[M8T] OUT2 86e8=0203
[M8T] OUT2 82e8=014f
[M8B] start cur=515,335 dyend=344 dpc=3251 dpitch=1024 doff=0 clip 230,331-778,348 compat=0
[M8T] IN2 9aee=0000
[M8T] OUT2 e2e8=809f
[M8T] OUT2 e2e8=0000
[M8T] IN2 9aee=8000
[M8T] IN2 9aee=0000
[M8T] OUT2 86e8=0206
[M8T] OUT2 82e8=0152
[M8B] start cur=518,338 dyend=344 dpc=3251 dpitch=1024 doff=0 clip 230,331-778,348 compat=0
[M8T] IN2 9aee=0000
[M8T] OUT2 e2e8=63b6
[M8T] OUT2 e2e8=c418
[M8T] IN2 9aee=0000
[M8T] OUT2 86e8=020d
[M8T] OUT2 82e8=014f
[M8B] start cur=525,335 dyend=344 dpc=3251 dpitch=1024 doff=0 clip 230,331-778,348 compat=0
[M8T] IN2 9aee=0000
[M8T] OUT2 e2e8=4208
[M8T] OUT2 e2e8=c6f8
[M8T] OUT2 e2e8=7831
[M8T] OUT2 e2e8=0000
[M8T] IN2 9aee=8000
[M8T] IN2 9aee=0000
[M8T] OUT2 86e8=0214
[M8T] OUT2 82e8=0152
[M8B] start cur=532,338 dyend=344 dpc=3251 dpitch=1024 doff=0 clip 230,331-778,348 compat=0
[M8T] IN2 9aee=0000
[M8T] OUT2 e2e8=6374
[M8T] OUT2 e2e8=b818
[M8T] IN2 9aee=0000
[M8T] OUT2 86e8=021b
[M8T] OUT2 82e8=0152
[M8B] start cur=539,338 dyend=344 dpc=3251 dpitch=1024 doff=0 clip 230,331-778,348 compat=0
[M8T] IN2 9aee=0000
[M8T] OUT2 e2e8=2693
[M8T] OUT2 e2e8=54ad
[M8T] OUT2 e2e8=8048
[M8T] OUT2 e2e8=0000
[M8T] IN2 9aee=8000
[M8T] IN2 9aee=0000
[M8T] OUT2 86e8=0224
[M8T] OUT2 82e8=0152
[M8B] start cur=548,338 dyend=344 dpc=3251 dpitch=1024 doff=0 clip 230,331-778,348 compat=0
[M8T] IN2 9aee=0000
[M8T] OUT2 e2e8=4269
[M8T] OUT2 e2e8=0096
[M8T] IN2 9aee=0000
[M8T] OUT2 daee=0000
[M8T] OUT2 deee=0000
[M8T] OUT2 e2ee=05ff
[M8T] OUT2 e6ee=05ff
[M8T] IN2 9aee=f000
[M8T] IN2 9aee=0000
[M8T] OUT2 a6e8=0007
[M8T] OUT2 86e8=01b7
[M8T] OUT2 82e8=01a4
[M8T] IN2 9aee=ffe0
[M8T] IN2 9aee=0000
[M8B] start cur=439,420 dyend=421 dpc=2231 dpitch=1024 doff=0 clip 0,0-1535,1535 compat=0
[M8B] end cur=439,421
[M8T] IN2 9aee=0000
[M8T] OUT2 a6e8=0007
[M8T] OUT2 86e8=01b7
[M8T] OUT2 82e8=01b4
[M8T] IN2 9aee=ffe0
[M8T] IN2 9aee=0000
[M8B] start cur=439,436 dyend=437 dpc=2231 dpitch=1024 doff=0 clip 0,0-1535,1535 compat=0
[M8B] end cur=439,437
[M8T] IN2 9aee=0000
[M8T] OUT2 a6e8=0007
[M8T] OUT2 86e8=01b7
[M8T] OUT2 82e8=01a5
[M8T] IN2 9aee=ffe0
[M8T] IN2 9aee=0000
[M8B] start cur=439,421 dyend=422 dpc=2231 dpitch=1024 doff=0 clip 0,0-1535,1535 compat=0
[M8B] end cur=439,422
[M8B] start cur=439,422 dyend=423 dpc=2231 dpitch=1024 doff=0 clip 0,0-1535,1535 compat=0
[M8B] end cur=439,423
[M8B] start cur=439,423 dyend=424 dpc=2231 dpitch=1024 doff=0 clip 0,0-1535,1535 compat=0
[M8B] end cur=439,424
[M8B] start cur=439,424 dyend=425 dpc=2231 dpitch=1024 doff=0 clip 0,0-1535,1535 compat=0
[M8B] end cur=439,425
[M8T] IN2 9aee=0000
[M8B] start cur=439,425 dyend=426 dpc=2231 dpitch=1024 doff=0 clip 0,0-1535,1535 compat=0
[M8B] end cur=439,426
[M8B] start cur=439,426 dyend=427 dpc=2231 dpitch=1024 doff=0 clip 0,0-1535,1535 compat=0
[M8B] end cur=439,427
[M8B] start cur=439,427 dyend=428 dpc=2231 dpitch=1024 doff=0 clip 0,0-1535,1535 compat=0
[M8B] end cur=439,428
[M8B] start cur=439,428 dyend=429 dpc=2231 dpitch=1024 doff=0 clip 0,0-1535,1535 compat=0
[M8B] end cur=439,429
[M8T] IN2 9aee=0000
[M8B] start cur=439,429 dyend=430 dpc=2231 dpitch=1024 doff=0 clip 0,0-1535,1535 compat=0
[M8B] end cur=439,430
[M8B] start cur=439,430 dyend=431 dpc=2231 dpitch=1024 doff=0 clip 0,0-1535,1535 compat=0
[M8B] end cur=439,431
[M8B] start cur=439,431 dyend=432 dpc=2231 dpitch=1024 doff=0 clip 0,0-1535,1535 compat=0
[M8B] end cur=439,432
[M8B] start cur=439,432 dyend=433 dpc=2231 dpitch=1024 doff=0 clip 0,0-1535,1535 compat=0
[M8B] end cur=439,433
[M8T] IN2 9aee=0000
[M8B] start cur=439,433 dyend=434 dpc=2231 dpitch=1024 doff=0 clip 0,0-1535,1535 compat=0
[M8B] end cur=439,434
[M8B] start cur=439,434 dyend=435 dpc=2231 dpitch=1024 doff=0 clip 0,0-1535,1535 compat=0
[M8B] end cur=439,435
[M8B] start cur=439,435 dyend=436 dpc=2231 dpitch=1024 doff=0 clip 0,0-1535,1535 compat=0
[M8B] end cur=439,436
[M8T] IN2 9aee=0000
[M8T] OUT2 a6e8=0007
[M8T] OUT2 86e8=01fb
[M8T] OUT2 82e8=01a5
[M8T] IN2 9aee=ffe0
[M8T] IN2 9aee=0000
[M8B] start cur=507,421 dyend=422 dpc=2231 dpitch=1024 doff=0 clip 0,0-1535,1535 compat=0
[M8B] end cur=507,422
[M8B] start cur=507,422 dyend=423 dpc=2231 dpitch=1024 doff=0 clip 0,0-1535,1535 compat=0
[M8B] end cur=507,423
[M8B] start cur=507,423 dyend=424 dpc=2231 dpitch=1024 doff=0 clip 0,0-1535,1535 compat=0
[M8B] end cur=507,424
[M8B] start cur=507,424 dyend=425 dpc=2231 dpitch=1024 doff=0 clip 0,0-1535,1535 compat=0
[M8B] end cur=507,425
[M8T] IN2 9aee=0000
[M8B] start cur=507,425 dyend=426 dpc=2231 dpitch=1024 doff=0 clip 0,0-1535,1535 compat=0
[M8B] end cur=507,426
[M8B] start cur=507,426 dyend=427 dpc=2231 dpitch=1024 doff=0 clip 0,0-1535,1535 compat=0
[M8B] end cur=507,427
[M8B] start cur=507,427 dyend=428 dpc=2231 dpitch=1024 doff=0 clip 0,0-1535,1535 compat=0
[M8B] end cur=507,428
[M8B] start cur=507,428 dyend=429 dpc=2231 dpitch=1024 doff=0 clip 0,0-1535,1535 compat=0
[M8B] end cur=507,429
[M8T] IN2 9aee=0000
[M8B] start cur=507,429 dyend=430 dpc=2231 dpitch=1024 doff=0 clip 0,0-1535,1535 compat=0
[M8B] end cur=507,430
[M8B] start cur=507,430 dyend=431 dpc=2231 dpitch=1024 doff=0 clip 0,0-1535,1535 compat=0
[M8B] end cur=507,431
[M8B] start cur=507,431 dyend=432 dpc=2231 dpitch=1024 doff=0 clip 0,0-1535,1535 compat=0
[M8B] end cur=507,432
[M8B] start cur=507,432 dyend=433 dpc=2231 dpitch=1024 doff=0 clip 0,0-1535,1535 compat=0
[M8B] end cur=507,433
[M8T] IN2 9aee=0000
[M8B] start cur=507,433 dyend=434 dpc=2231 dpitch=1024 doff=0 clip 0,0-1535,1535 compat=0
[M8B] end cur=507,434
[M8B] start cur=507,434 dyend=435 dpc=2231 dpitch=1024 doff=0 clip 0,0-1535,1535 compat=0
[M8B] end cur=507,435
[M8B] start cur=507,435 dyend=436 dpc=2231 dpitch=1024 doff=0 clip 0,0-1535,1535 compat=0
[M8B] end cur=507,436
[M8T] IN2 9aee=0000
[M8T] IN2 9ae8=0000
[M8T] OUT2 86e8=001c
[M8T] OUT2 82e8=0021
[M8B] start cur=28,33 dyend=286 dpc=5210 dpitch=1024 doff=0 clip 0,0-1535,1535 compat=0
[M8T] IN2 9ae8=0300
[M8T] IN2 e2e8=f806
[M8T] IN2 e2e8=0707
*** 10 repeats ***
[M8T] IN2 e2e8=f807
[M8T] IN2 e2e8=0600
[M8T] IN2 e2e8=0606
*** 170 repeats ***
[M8T] IN2 e2e8=0000
*** 11 repeats ***
[M8T] IN2 e2e8=0606
*** 1276 repeats ***
[M8T] IN2 e2e8=ff06
[M8T] IN2 e2e8=ffff
[M8T] IN2 e2e8=06ff
[M8T] IN2 e2e8=0606
*** 180 repeats ***
[M8T] IN2 e2e8=06ff
[M8T] IN2 e2e8=0606
[M8T] IN2 e2e8=ff06
[M8T] IN2 e2e8=0606
*** 12 repeats ***
[M8T] IN2 e2e8=ff06
[M8T] IN2 e2e8=0606
*** 166 repeats ***
[M8T] IN2 e2e8=06ff
[M8T] IN2 e2e8=0606
*** 14 repeats ***
[M8T] IN2 e2e8=ff06
[M8T] IN2 e2e8=0606
*** 166 repeats ***
[M8T] IN2 e2e8=06ff
[M8T] IN2 e2e8=0606
*** 2 repeats ***
[M8T] IN2 e2e8=ffff
[M8T] IN2 e2e8=06ff
[M8T] IN2 e2e8=0707
*** 175 repeats ***
[M8T] IN2 e2e8=0606
*** 1 repeats ***
[M8T] IN2 e2e8=06ff
[M8T] IN2 e2e8=0606
*** 1 repeats ***
[M8T] IN2 e2e8=ff06
[M8T] IN2 e2e8=0606
[M8T] IN2 e2e8=ff06
[M8T] IN2 e2e8=ff07
[M8T] IN2 e2e8=ffff
*** 174 repeats ***
[M8T] IN2 e2e8=0606
*** 1 repeats ***
[M8T] IN2 e2e8=06ff
[M8T] IN2 e2e8=0606
*** 1 repeats ***
[M8T] IN2 e2e8=ff06
[M8T] IN2 e2e8=0606
[M8T] IN2 e2e8=ff06
[M8T] IN2 e2e8=ff07
[M8T] IN2 e2e8=0707
*** 174 repeats ***
[M8T] IN2 e2e8=0606
*** 1 repeats ***
[M8T] IN2 e2e8=06ff
[M8T] IN2 e2e8=0606
*** 1 repeats ***
[M8T] IN2 e2e8=ff06
[M8T] IN2 e2e8=0606
[M8T] IN2 e2e8=ff06
[M8T] IN2 e2e8=ff07
[M8T] IN2 e2e8=0707
*** 174 repeats ***
[M8T] IN2 e2e8=0606
*** 1 repeats ***
[M8T] IN2 e2e8=06ff
[M8T] IN2 e2e8=0606
[M8T] IN2 e2e8=ff06
*** 1 repeats ***
[M8T] IN2 e2e8=0606
[M8T] IN2 e2e8=ff06
[M8T] IN2 e2e8=ff07
[M8T] IN2 e2e8=0707
[M8T] IN2 e2e8=f8f8
*** 173 repeats ***
[M8T] IN2 e2e8=0606
*** 1 repeats ***
[M8T] IN2 e2e8=ff06
[M8T] IN2 e2e8=ffff
[M8T] IN2 e2e8=06ff
[M8T] IN2 e2e8=0606
[M8T] IN2 e2e8=ffff
[M8T] IN2 e2e8=06ff
[M8T] IN2 e2e8=ff07
[M8T] IN2 e2e8=0707
[M8T] IN2 e2e8=f8f8
[M8T] IN2 e2e8=00f8
[M8T] IN2 e2e8=0000
[M8T] IN2 e2e8=f8f8
[M8T] IN2 e2e8=0000
*** 3 repeats ***
[M8T] IN2 e2e8=f8f8
*** 165 repeats ***
[M8T] IN2 e2e8=0606
*** 7 repeats ***
[M8T] IN2 e2e8=ff07
[M8T] IN2 e2e8=0707
[M8T] IN2 e2e8=f8f8
[M8T] IN2 e2e8=00f8
[M8T] IN2 e2e8=00f7
[M8T] IN2 e2e8=00f8
[M8T] IN2 e2e8=f7f8
[M8T] IN2 e2e8=0000
[M8T] IN2 e2e8=00f8
[M8T] IN2 e2e8=f700
[M8T] IN2 e2e8=f800
[M8T] IN2 e2e8=f8f8
*** 164 repeats ***
[M8T] IN2 e2e8=0606
*** 7 repeats ***
[M8T] IN2 e2e8=ff07
[M8T] IN2 e2e8=0707
[M8T] IN2 e2e8=f8f8
[M8T] IN2 e2e8=00f8
[M8T] IN2 e2e8=f8f8
[M8T] IN2 e2e8=0000
[M8T] IN2 e2e8=f7f7
[M8T] IN2 e2e8=0000
*** 2 repeats ***
[M8T] IN2 e2e8=f800
[M8T] IN2 e2e8=f8f8
*** 164 repeats ***
[M8T] IN2 e2e8=0606
*** 7 repeats ***
[M8T] IN2 e2e8=ff07
[M8T] IN2 e2e8=0707
[M8T] IN2 e2e8=f8f8
[M8T] IN2 e2e8=00f8
[M8T] IN2 e2e8=f800
*** 1 repeats ***
[M8T] IN2 e2e8=f700
[M8T] IN2 e2e8=0000
*** 1 repeats ***
[M8T] IN2 e2e8=00f8
[M8T] IN2 e2e8=f8f8
*** 1 repeats ***
[M8T] IN2 e2e8=0707
[M8T] IN2 e2e8=f8f8
*** 3 repeats ***
[M8T] IN2 e2e8=0707
[M8T] IN2 e2e8=07f8
[M8T] IN2 e2e8=0707
*** 1 repeats ***
[M8T] IN2 e2e8=f807
[M8T] IN2 e2e8=f8f8
[M8T] IN2 e2e8=0707
*** 2 repeats ***
[M8T] IN2 e2e8=f8f8
[M8T] IN2 e2e8=0707
*** 2 repeats ***
[M8T] IN2 e2e8=f8f8
[M8T] IN2 e2e8=07f8
[M8T] IN2 e2e8=0707
[M8T] IN2 e2e8=f807
[M8T] IN2 e2e8=f8f8
[M8T] IN2 e2e8=0707
*** 2 repeats ***
[M8T] IN2 e2e8=f8f8
*** 137 repeats ***
[M8T] IN2 e2e8=0606
*** 7 repeats ***
[M8T] IN2 e2e8=ff07
[M8T] IN2 e2e8=0707
[M8T] IN2 e2e8=f8f8
[M8T] IN2 e2e8=00f8
[M8T] IN2 e2e8=0000
[M8T] IN2 e2e8=f8f8
[M8T] IN2 e2e8=f700
[M8T] IN2 e2e8=0000
[M8T] IN2 e2e8=f800
[M8T] IN2 e2e8=f700
[M8T] IN2 e2e8=f800
[M8T] IN2 e2e8=f8f8
[M8T] IN2 e2e8=0707
[M8T] IN2 e2e8=f8f8
*** 3 repeats ***
[M8T] IN2 e2e8=0707
[M8T] IN2 e2e8=07f8
[M8T] IN2 e2e8=f807
[M8T] IN2 e2e8=f8f8
[M8T] IN2 e2e8=0707
[M8T] IN2 e2e8=f8f8
*** 1 repeats ***
[M8T] IN2 e2e8=0707
[M8T] IN2 e2e8=f8f8
*** 1 repeats ***
[M8T] IN2 e2e8=0707
[M8T] IN2 e2e8=f8f8
*** 2 repeats ***
[M8T] IN2 e2e8=0707
[M8T] IN2 e2e8=f8f8
[M8T] IN2 e2e8=0707
[M8T] IN2 e2e8=f8f8
*** 1 repeats ***
[M8T] IN2 e2e8=0707
[M8T] IN2 e2e8=f8f8
*** 138 repeats ***
[M8T] IN2 e2e8=0606
*** 7 repeats ***
[M8T] IN2 e2e8=ff07
[M8T] IN2 e2e8=0707
[M8T] IN2 e2e8=f8f8
[M8T] IN2 e2e8=00f8
[M8T] IN2 e2e8=0000
[M8T] IN2 e2e8=00f8
[M8T] IN2 e2e8=f700
[M8T] IN2 e2e8=0000
[M8T] IN2 e2e8=00f8
[M8T] IN2 e2e8=f8f8
[M8T] IN2 e2e8=f800
[M8T] IN2 e2e8=f8f8
[M8T] IN2 e2e8=07f8
[M8T] IN2 e2e8=f807
[M8T] IN2 e2e8=07f8
[M8T] IN2 e2e8=f807
[M8T] IN2 e2e8=07f8
[M8T] IN2 e2e8=f807
[M8T] IN2 e2e8=07f8
[M8T] IN2 e2e8=f807
[M8T] IN2 e2e8=f8f8
[M8T] IN2 e2e8=0707
[M8T] IN2 e2e8=f8f8
*** 1 repeats ***
[M8T] IN2 e2e8=0707
[M8T] IN2 e2e8=f8f8
*** 1 repeats ***
[M8T] IN2 e2e8=0707
[M8T] IN2 e2e8=f8f8
*** 2 repeats ***
[M8T] IN2 e2e8=0707
[M8T] IN2 e2e8=f8f8
*** 3 repeats ***
[M8T] IN2 e2e8=0707
[M8T] IN2 e2e8=f8f8
*** 138 repeats ***
[M8T] IN2 e2e8=0606
*** 7 repeats ***
[M8T] IN2 e2e8=ff07
[M8T] IN2 e2e8=0707
[M8T] IN2 e2e8=f8f8
[M8T] IN2 e2e8=0100
[M8T] IN2 e2e8=0101
[M8T] IN2 e2e8=0001
[M8T] IN2 e2e8=0404
[M8T] IN2 e2e8=0004
[M8T] IN2 e2e8=0303
[M8T] IN2 e2e8=0003
[M8T] IN2 e2e8=f800
[M8T] IN2 e2e8=f8f8
[M8T] IN2 e2e8=07f8
[M8T] IN2 e2e8=f807
[M8T] IN2 e2e8=07f8
[M8T] IN2 e2e8=f807
[M8T] IN2 e2e8=07f8
[M8T] IN2 e2e8=f807
[M8T] IN2 e2e8=07f8
[M8T] IN2 e2e8=f807
[M8T] IN2 e2e8=f8f8
[M8T] IN2 e2e8=0707
[M8T] IN2 e2e8=f8f8
*** 1 repeats ***
[M8T] IN2 e2e8=0707
[M8T] IN2 e2e8=f8f8
*** 1 repeats ***
[M8T] IN2 e2e8=0707
[M8T] IN2 e2e8=f8f8
*** 2 repeats ***
[M8T] IN2 e2e8=0707
[M8T] IN2 e2e8=f8f8
*** 3 repeats ***
[M8T] IN2 e2e8=0707
[M8T] IN2 e2e8=f8f8
*** 138 repeats ***
[M8T] IN2 e2e8=0606
*** 7 repeats ***
[M8T] IN2 e2e8=ff07
[M8T] IN2 e2e8=0707
[M8T] IN2 e2e8=f8f8
[M8T] IN2 e2e8=f900
[M8T] IN2 e2e8=f9f9
[M8T] IN2 e2e8=0401
[M8T] IN2 e2e8=fcfc
[M8T] IN2 e2e8=0304
[M8T] IN2 e2e8=fbfb
*** 1 repeats ***
[M8T] IN2 e2e8=0003
[M8T] IN2 e2e8=f8f8
[M8T] IN2 e2e8=07f8
[M8T] IN2 e2e8=f807
[M8T] IN2 e2e8=07f8
[M8T] IN2 e2e8=f807
[M8T] IN2 e2e8=07f8
[M8T] IN2 e2e8=f807
[M8T] IN2 e2e8=07f8
[M8T] IN2 e2e8=0707
*** 1 repeats ***
[M8T] IN2 e2e8=f807
[M8T] IN2 e2e8=f8f8
*** 1 repeats ***
[M8T] IN2 e2e8=0707
[M8T] IN2 e2e8=f8f8
*** 1 repeats ***
[M8T] IN2 e2e8=0707
*** 1 repeats ***
[M8T] IN2 e2e8=f807
[M8T] IN2 e2e8=f8f8
[M8T] IN2 e2e8=07f8
[M8T] IN2 e2e8=0707
[M8T] IN2 e2e8=f807
[M8T] IN2 e2e8=f8f8
*** 1 repeats ***
[M8T] IN2 e2e8=0707
[M8T] IN2 e2e8=f8f8
*** 138 repeats ***
[M8T] IN2 e2e8=0606
*** 7 repeats ***
[M8T] IN2 e2e8=ff07
[M8T] IN2 e2e8=0707
[M8T] IN2 e2e8=f8f8
[M8T] IN2 e2e8=f900
[M8T] IN2 e2e8=0101
[M8T] IN2 e2e8=fc00
[M8T] IN2 e2e8=0000
[M8T] IN2 e2e8=fb00
[M8T] IN2 e2e8=0400
[M8T] IN2 e2e8=0300
[M8T] IN2 e2e8=0003
[M8T] IN2 e2e8=f8f8
*** 1 repeats ***
[M8T] IN2 e2e8=0707
*** 3 repeats ***
[M8T] IN2 e2e8=f8f8
[M8T] IN2 e2e8=07f8
[M8T] IN2 e2e8=f807
[M8T] IN2 e2e8=f8f8
[M8T] IN2 e2e8=0707
[M8T] IN2 e2e8=f8f8
*** 1 repeats ***
[M8T] IN2 e2e8=0707
[M8T] IN2 e2e8=f8f8
*** 1 repeats ***
[M8T] IN2 e2e8=0707
[M8T] IN2 e2e8=f8f8
*** 4 repeats ***
[M8T] IN2 e2e8=0707
[M8T] IN2 e2e8=f8f8
*** 1 repeats ***
[M8T] IN2 e2e8=0707
[M8T] IN2 e2e8=f8f8
*** 138 repeats ***
[M8T] IN2 e2e8=0606
*** 7 repeats ***
[M8T] IN2 e2e8=ff07
[M8T] IN2 e2e8=0707
[M8T] IN2 e2e8=f8f8
[M8T] IN2 e2e8=f900
[M8T] IN2 e2e8=0001
[M8T] IN2 e2e8=0404
[M8T] IN2 e2e8=0101
[M8T] IN2 e2e8=fb00
[M8T] IN2 e2e8=fc00
[M8T] IN2 e2e8=0000
[M8T] IN2 e2e8=f800
[M8T] IN2 e2e8=f8f8
*** 1 repeats ***
[M8T] IN2 e2e8=0707
*** 3 repeats ***
[M8T] IN2 e2e8=f8f8
[M8T] IN2 e2e8=07f8
[M8T] IN2 e2e8=f807
[M8T] IN2 e2e8=f8f8
[M8T] IN2 e2e8=0707
[M8T] IN2 e2e8=f8f8
*** 1 repeats ***
[M8T] IN2 e2e8=0707
[M8T] IN2 e2e8=f8f8
*** 1 repeats ***
[M8T] IN2 e2e8=0707
[M8T] IN2 e2e8=f8f8
*** 4 repeats ***
[M8T] IN2 e2e8=0707
[M8T] IN2 e2e8=f8f8
*** 1 repeats ***
[M8T] IN2 e2e8=0707
[M8T] IN2 e2e8=f8f8
*** 138 repeats ***
[M8T] IN2 e2e8=0606
*** 7 repeats ***
[M8T] IN2 e2e8=ff07
[M8T] IN2 e2e8=0707
[M8T] IN2 e2e8=f8f8
[M8T] IN2 e2e8=f900
[M8T] IN2 e2e8=f801
[M8T] IN2 e2e8=0404
[M8T] IN2 e2e8=0101
[M8T] IN2 e2e8=00f8
[M8T] IN2 e2e8=fc00
[M8T] IN2 e2e8=0303
[M8T] IN2 e2e8=f800
[M8T] IN2 e2e8=f8f8
*** 1 repeats ***
[M8T] IN2 e2e8=07f8
[M8T] IN2 e2e8=f807
[M8T] IN2 e2e8=07f8
[M8T] IN2 e2e8=f807
[M8T] IN2 e2e8=f8f8
[M8T] IN2 e2e8=07f8
[M8T] IN2 e2e8=f807
[M8T] IN2 e2e8=f8f8
[M8T] IN2 e2e8=0707
[M8T] IN2 e2e8=f8f8
*** 1 repeats ***
[M8T] IN2 e2e8=0707
[M8T] IN2 e2e8=f8f8
*** 1 repeats ***
[M8T] IN2 e2e8=0707
[M8T] IN2 e2e8=f8f8
*** 2 repeats ***
[M8T] IN2 e2e8=0707
[M8T] IN2 e2e8=f8f8
[M8T] IN2 e2e8=0707
[M8T] IN2 e2e8=f8f8
*** 1 repeats ***
[M8T] IN2 e2e8=0707
[M8T] IN2 e2e8=f8f8
*** 138 repeats ***
[M8T] IN2 e2e8=0606
*** 7 repeats ***
[M8T] IN2 e2e8=ff07
[M8T] IN2 e2e8=0707
[M8T] IN2 e2e8=f8f8
[M8T] IN2 e2e8=f900
[M8T] IN2 e2e8=f801
[M8T] IN2 e2e8=0404
[M8T] IN2 e2e8=0101
[M8T] IN2 e2e8=00f8
[M8T] IN2 e2e8=fc00
[M8T] IN2 e2e8=fb00
[M8T] IN2 e2e8=00fb
[M8T] IN2 e2e8=f8f8
*** 1 repeats ***
[M8T] IN2 e2e8=07f8
[M8T] IN2 e2e8=f807
[M8T] IN2 e2e8=07f8
[M8T] IN2 e2e8=f807
[M8T] IN2 e2e8=f8f8
[M8T] IN2 e2e8=07f8
[M8T] IN2 e2e8=f807
[M8T] IN2 e2e8=f8f8
[M8T] IN2 e2e8=0707
[M8T] IN2 e2e8=f8f8
*** 1 repeats ***
[M8T] IN2 e2e8=0707
[M8T] IN2 e2e8=f8f8
*** 1 repeats ***
[M8T] IN2 e2e8=0707
*** 2 repeats ***
[M8T] IN2 e2e8=f8f8
[M8T] IN2 e2e8=07f8
[M8T] IN2 e2e8=0707
[M8T] IN2 e2e8=f807
[M8T] IN2 e2e8=f8f8
*** 1 repeats ***
[M8T] IN2 e2e8=0707
[M8T] IN2 e2e8=f8f8
*** 138 repeats ***
[M8T] IN2 e2e8=0606
*** 7 repeats ***
[M8T] IN2 e2e8=ff07
[M8T] IN2 e2e8=0707
[M8T] IN2 e2e8=f8f8
[M8T] IN2 e2e8=f900
[M8T] IN2 e2e8=0001
[M8T] IN2 e2e8=0100
[M8T] IN2 e2e8=00f9
[M8T] IN2 e2e8=fb00
[M8T] IN2 e2e8=0003
[M8T] IN2 e2e8=0300
[M8T] IN2 e2e8=00fb
[M8T] IN2 e2e8=f8f8
*** 164 repeats ***
[M8T] IN2 e2e8=0606
*** 7 repeats ***
[M8T] IN2 e2e8=ff07
[M8T] IN2 e2e8=0707
[M8T] IN2 e2e8=f8f8
[M8T] IN2 e2e8=f900
[M8T] IN2 e2e8=f9f9
*** 1 repeats ***
[M8T] IN2 e2e8=0400
[M8T] IN2 e2e8=0304
[M8T] IN2 e2e8=fbfb
*** 1 repeats ***
[M8T] IN2 e2e8=0003
[M8T] IN2 e2e8=f8f8
*** 164 repeats ***
[M8T] IN2 e2e8=0606
*** 7 repeats ***
[M8T] IN2 e2e8=ff07
[M8T] IN2 e2e8=0707
[M8T] IN2 e2e8=f8f8
[M8T] IN2 e2e8=f900
[M8T] IN2 e2e8=0101
*** 1 repeats ***
[M8T] IN2 e2e8=0400
[M8T] IN2 e2e8=0004
[M8T] IN2 e2e8=0303
*** 1 repeats ***
[M8T] IN2 e2e8=0000
[M8T] IN2 e2e8=f8f8
*** 164 repeats ***
[M8T] IN2 e2e8=0606
*** 7 repeats ***
[M8T] IN2 e2e8=ff07
[M8T] IN2 e2e8=0707
[M8T] IN2 e2e8=f8f8
[M8T] IN2 e2e8=0000
*** 6 repeats ***
[M8T] IN2 e2e8=f800
[M8T] IN2 e2e8=f8f8
*** 164 repeats ***
[M8T] IN2 e2e8=0606
*** 7 repeats ***
[M8T] IN2 e2e8=ff07
[M8T] IN2 e2e8=0707
[M8T] IN2 e2e8=f8f8
*** 173 repeats ***
[M8T] IN2 e2e8=0606
*** 7 repeats ***
[M8T] IN2 e2e8=ff07
[M8T] IN2 e2e8=0707
*** 174 repeats ***
[M8T] IN2 e2e8=0606
*** 7 repeats ***
[M8T] IN2 e2e8=ff07
[M8T] IN2 e2e8=0707
[M8T] IN2 e2e8=f8f8
*** 173 repeats ***
[M8T] IN2 e2e8=0606
*** 7 repeats ***
[M8T] IN2 e2e8=ff07
[M8T] IN2 e2e8=0707
[M8T] IN2 e2e8=ffff
*** 173 repeats ***
[M8T] IN2 e2e8=0606
*** 7 repeats ***
[M8T] IN2 e2e8=ff07
[M8T] IN2 e2e8=0707
*** 174 repeats ***
[M8T] IN2 e2e8=0606
*** 7 repeats ***
[M8T] IN2 e2e8=ff07
[M8T] IN2 e2e8=0707
*** 174 repeats ***
[M8T] IN2 e2e8=0606
*** 7 repeats ***
[M8T] IN2 e2e8=ff07
[M8T] IN2 e2e8=0707
*** 50 repeats ***
[M8T] IN2 e2e8=ffff
*** 10 repeats ***
[M8T] IN2 e2e8=ff00
[M8T] IN2 e2e8=ffff
*** 9 repeats ***
[M8T] IN2 e2e8=00ff
[M8T] IN2 e2e8=ffff
*** 10 repeats ***
[M8T] IN2 e2e8=0700
[M8T] IN2 e2e8=0707
*** 2 repeats ***
[M8T] IN2 e2e8=ff07
[M8T] IN2 e2e8=ffff
*** 9 repeats ***
[M8T] IN2 e2e8=00ff
[M8T] IN2 e2e8=0707
*** 3 repeats ***
[M8T] IN2 e2e8=ffff
*** 10 repeats ***
[M8T] IN2 e2e8=0000
*** 10 repeats ***
[M8T] IN2 e2e8=ff00
[M8T] IN2 e2e8=0707
*** 3 repeats ***
[M8T] IN2 e2e8=ffff
*** 10 repeats ***
[M8T] IN2 e2e8=0700
[M8T] IN2 e2e8=0707
*** 30 repeats ***
[M8T] IN2 e2e8=0606
*** 7 repeats ***
[M8T] IN2 e2e8=ff07
[M8T] IN2 e2e8=0707
[M8T] IN2 e2e8=f8f8
*** 44 repeats ***
[M8T] IN2 e2e8=fff8
[M8T] IN2 e2e8=0707
*** 3 repeats ***
[M8T] IN2 e2e8=07ff
[M8T] IN2 e2e8=0707
*** 8 repeats ***
[M8T] IN2 e2e8=f807
[M8T] IN2 e2e8=ff00
[M8T] IN2 e2e8=0707
*** 9 repeats ***
[M8T] IN2 e2e8=00f8
[M8T] IN2 e2e8=07ff
[M8T] IN2 e2e8=0707
*** 8 repeats ***
[M8T] IN2 e2e8=f807
[M8T] IN2 e2e8=0700
[M8T] IN2 e2e8=0707
*** 2 repeats ***
[M8T] IN2 e2e8=ff07
[M8T] IN2 e2e8=0707
*** 9 repeats ***
[M8T] IN2 e2e8=00f8
[M8T] IN2 e2e8=0707
*** 3 repeats ***
[M8T] IN2 e2e8=07ff
[M8T] IN2 e2e8=0707
*** 8 repeats ***
[M8T] IN2 e2e8=f807
[M8T] IN2 e2e8=0000
[M8T] IN2 e2e8=f8f8
*** 9 repeats ***
[M8T] IN2 e2e8=ff07
[M8T] IN2 e2e8=0707
*** 3 repeats ***
[M8T] IN2 e2e8=07ff
[M8T] IN2 e2e8=0707
*** 8 repeats ***
[M8T] IN2 e2e8=f807
[M8T] IN2 e2e8=0700
[M8T] IN2 e2e8=0707
*** 30 repeats ***
[M8T] IN2 e2e8=0606
*** 7 repeats ***
[M8T] IN2 e2e8=ff07
[M8T] IN2 e2e8=0707
[M8T] IN2 e2e8=00f8
[M8T] IN2 e2e8=0000
*** 43 repeats ***
[M8T] IN2 e2e8=ff07
[M8T] IN2 e2e8=0707
*** 3 repeats ***
[M8T] IN2 e2e8=07ff
[M8T] IN2 e2e8=0707
*** 8 repeats ***
[M8T] IN2 e2e8=f807
[M8T] IN2 e2e8=ff00
[M8T] IN2 e2e8=0707
*** 9 repeats ***
[M8T] IN2 e2e8=00f8
[M8T] IN2 e2e8=07ff
[M8T] IN2 e2e8=0707
*** 8 repeats ***
[M8T] IN2 e2e8=f807
[M8T] IN2 e2e8=0700
[M8T] IN2 e2e8=0707
*** 2 repeats ***
[M8T] IN2 e2e8=ff07
[M8T] IN2 e2e8=0707
*** 9 repeats ***
[M8T] IN2 e2e8=00f8
[M8T] IN2 e2e8=0707
*** 3 repeats ***
[M8T] IN2 e2e8=07ff
[M8T] IN2 e2e8=0707
*** 8 repeats ***
[M8T] IN2 e2e8=f807
[M8T] IN2 e2e8=0000
[M8T] IN2 e2e8=fff8
[M8T] IN2 e2e8=ff07
*** 9 repeats ***
[M8T] IN2 e2e8=0707
*** 3 repeats ***
[M8T] IN2 e2e8=07ff
[M8T] IN2 e2e8=0707
*** 8 repeats ***
[M8T] IN2 e2e8=f807
[M8T] IN2 e2e8=0700
[M8T] IN2 e2e8=0707
*** 30 repeats ***
[M8T] IN2 e2e8=0606
*** 7 repeats ***
[M8T] IN2 e2e8=ff07
[M8T] IN2 e2e8=0707
[M8T] IN2 e2e8=00f8
[M8T] IN2 e2e8=ffff
*** 35 repeats ***
[M8T] IN2 e2e8=0707
*** 6 repeats ***
[M8T] IN2 e2e8=0007
[M8T] IN2 e2e8=ff07
[M8T] IN2 e2e8=0707
*** 3 repeats ***
[M8T] IN2 e2e8=07ff
[M8T] IN2 e2e8=0707
*** 8 repeats ***
[M8T] IN2 e2e8=f807
[M8T] IN2 e2e8=ff00
[M8T] IN2 e2e8=0707
*** 9 repeats ***
[M8T] IN2 e2e8=00f8
[M8T] IN2 e2e8=07ff
[M8T] IN2 e2e8=0707
*** 8 repeats ***
[M8T] IN2 e2e8=f807
[M8T] IN2 e2e8=0700
[M8T] IN2 e2e8=0707
*** 2 repeats ***
[M8T] IN2 e2e8=ff07
[M8T] IN2 e2e8=0707
[M8T] IN2 e2e8=0404
*** 6 repeats ***
[M8T] IN2 e2e8=0704
[M8T] IN2 e2e8=0707
[M8T] IN2 e2e8=00f8
[M8T] IN2 e2e8=0707
*** 3 repeats ***
[M8T] IN2 e2e8=07ff
[M8T] IN2 e2e8=0707
*** 8 repeats ***
[M8T] IN2 e2e8=f807
[M8T] IN2 e2e8=0000
[M8T] IN2 e2e8=07f8
[M8T] IN2 e2e8=07ff
*** 8 repeats ***
[M8T] IN2 e2e8=ff07
[M8T] IN2 e2e8=0707
*** 3 repeats ***
[M8T] IN2 e2e8=07ff
[M8T] IN2 e2e8=0707
*** 8 repeats ***
[M8T] IN2 e2e8=f807
[M8T] IN2 e2e8=0700
[M8T] IN2 e2e8=0707
*** 30 repeats ***
[M8T] IN2 e2e8=0606
*** 7 repeats ***
[M8T] IN2 e2e8=ff07
[M8T] IN2 e2e8=0707
[M8T] IN2 e2e8=00f8
[M8T] IN2 e2e8=ffff
*** 35 repeats ***
[M8T] IN2 e2e8=ff07
[M8T] IN2 e2e8=ffff
*** 5 repeats ***
[M8T] IN2 e2e8=00f8
[M8T] IN2 e2e8=ff07
[M8T] IN2 e2e8=0707
*** 3 repeats ***
[M8T] IN2 e2e8=07ff
[M8T] IN2 e2e8=0707
[M8T] IN2 e2e8=0000
[M8T] IN2 e2e8=0707
[M8T] IN2 e2e8=0000
[M8T] IN2 e2e8=0707
[M8T] IN2 e2e8=0000
[M8T] IN2 e2e8=0707
[M8T] IN2 e2e8=0000
[M8T] IN2 e2e8=0707
[M8T] IN2 e2e8=f807
[M8T] IN2 e2e8=ff00
[M8T] IN2 e2e8=0707
[M8T] IN2 e2e8=f807
[M8T] IN2 e2e8=f8f8
*** 1 repeats ***
[M8T] IN2 e2e8=07f8
[M8T] IN2 e2e8=0707
*** 4 repeats ***
[M8T] IN2 e2e8=00f8
[M8T] IN2 e2e8=07ff
[M8T] IN2 e2e8=0707
*** 2 repeats ***
[M8T] IN2 e2e8=f8f8
*** 1 repeats ***
[M8T] IN2 e2e8=0707
*** 3 repeats ***
[M8T] IN2 e2e8=f807
[M8T] IN2 e2e8=0700
[M8T] IN2 e2e8=0707
*** 2 repeats ***
[M8T] IN2 e2e8=ff07
[M8T] IN2 e2e8=0707
[M8T] IN2 e2e8=ff04
[M8T] IN2 e2e8=ffff
*** 1 repeats ***
[M8T] IN2 e2e8=01ff
[M8T] IN2 e2e8=ffff
*** 2 repeats ***
[M8T] IN2 e2e8=0704
[M8T] IN2 e2e8=0707
[M8T] IN2 e2e8=00f8
[M8T] IN2 e2e8=0707
*** 3 repeats ***
[M8T] IN2 e2e8=07ff
[M8T] IN2 e2e8=0707
*** 3 repeats ***
[M8T] IN2 e2e8=0000
*** 2 repeats ***
[M8T] IN2 e2e8=0407
[M8T] IN2 e2e8=0704
[M8T] IN2 e2e8=f807
[M8T] IN2 e2e8=0000
[M8T] IN2 e2e8=fff8
[M8T] IN2 e2e8=ff07
*** 1 repeats ***
[M8T] IN2 e2e8=f8f8
*** 5 repeats ***
[M8T] IN2 e2e8=fff8
[M8T] IN2 e2e8=ff07
[M8T] IN2 e2e8=0707
*** 3 repeats ***
[M8T] IN2 e2e8=07ff
[M8T] IN2 e2e8=0707
*** 2 repeats ***
[M8T] IN2 e2e8=0007
[M8T] IN2 e2e8=0707
*** 4 repeats ***
[M8T] IN2 e2e8=f807
[M8T] IN2 e2e8=0700
[M8T] IN2 e2e8=0707
*** 30 repeats ***
[M8T] IN2 e2e8=0606
*** 7 repeats ***
[M8T] IN2 e2e8=ff07
[M8T] IN2 e2e8=0707
[M8T] IN2 e2e8=00f8
[M8T] IN2 e2e8=ffff
*** 35 repeats ***
[M8T] IN2 e2e8=ff07
[M8T] IN2 e2e8=0707
*** 5 repeats ***
[M8T] IN2 e2e8=00f8
[M8T] IN2 e2e8=ff07
[M8T] IN2 e2e8=0707
*** 3 repeats ***
[M8T] IN2 e2e8=07ff
[M8T] IN2 e2e8=0707
[M8T] IN2 e2e8=0700
[M8T] IN2 e2e8=0707
*** 4 repeats ***
[M8T] IN2 e2e8=0007
[M8T] IN2 e2e8=0707
[M8T] IN2 e2e8=f807
[M8T] IN2 e2e8=ff00
[M8T] IN2 e2e8=0707
[M8T] IN2 e2e8=f807
[M8T] IN2 e2e8=ffff
*** 1 repeats ***
[M8T] IN2 e2e8=f8f8
[M8T] IN2 e2e8=0707
*** 4 repeats ***
[M8T] IN2 e2e8=00f8
[M8T] IN2 e2e8=07ff
[M8T] IN2 e2e8=0707
[M8T] IN2 e2e8=f8f8
*** 5 repeats ***
[M8T] IN2 e2e8=0707
*** 1 repeats ***
[M8T] IN2 e2e8=f807
[M8T] IN2 e2e8=0700
[M8T] IN2 e2e8=0707
*** 2 repeats ***
[M8T] IN2 e2e8=ff07
[M8T] IN2 e2e8=0707
[M8T] IN2 e2e8=ff04
[M8T] IN2 e2e8=ffff
*** 1 repeats ***
[M8T] IN2 e2e8=0101
[M8T] IN2 e2e8=ff01
[M8T] IN2 e2e8=ffff
*** 1 repeats ***
[M8T] IN2 e2e8=0704
[M8T] IN2 e2e8=0707
[M8T] IN2 e2e8=00f8
[M8T] IN2 e2e8=0707
*** 3 repeats ***
[M8T] IN2 e2e8=07ff
[M8T] IN2 e2e8=0707
*** 2 repeats ***
[M8T] IN2 e2e8=0007
[M8T] IN2 e2e8=0707
*** 2 repeats ***
[M8T] IN2 e2e8=0400
[M8T] IN2 e2e8=0704
[M8T] IN2 e2e8=f807
[M8T] IN2 e2e8=0000
[M8T] IN2 e2e8=07f8
[M8T] IN2 e2e8=07ff
*** 1 repeats ***
[M8T] IN2 e2e8=f8f8
*** 5 repeats ***
[M8T] IN2 e2e8=fff8
[M8T] IN2 e2e8=ff07
[M8T] IN2 e2e8=0707
*** 3 repeats ***
[M8T] IN2 e2e8=07ff
[M8T] IN2 e2e8=0707
*** 2 repeats ***
[M8T] IN2 e2e8=0000
[M8T] IN2 e2e8=0700
[M8T] IN2 e2e8=0707
*** 3 repeats ***
[M8T] IN2 e2e8=f807
[M8T] IN2 e2e8=0700
[M8T] IN2 e2e8=0707
*** 30 repeats ***
[M8T] IN2 e2e8=0606
[M8T] IN2 e2e8=f806
[M8T] IN2 e2e8=f8f8
[M8T] IN2 e2e8=f8ff
[M8T] IN2 e2e8=f8f8
*** 2 repeats ***
[M8T] IN2 e2e8=06f8
[M8T] IN2 e2e8=ff07
[M8T] IN2 e2e8=0707
[M8T] IN2 e2e8=00f8
[M8T] IN2 e2e8=ffff
*** 11 repeats ***
[M8T] IN2 e2e8=ff00
[M8T] IN2 e2e8=ffff
*** 22 repeats ***
[M8T] IN2 e2e8=ff07
[M8T] IN2 e2e8=0707
*** 5 repeats ***
[M8T] IN2 e2e8=00f8
[M8T] IN2 e2e8=ff07
[M8T] IN2 e2e8=0707
*** 3 repeats ***
[M8T] IN2 e2e8=07ff
[M8T] IN2 e2e8=0707
*** 8 repeats ***
[M8T] IN2 e2e8=f807
[M8T] IN2 e2e8=ff00
[M8T] IN2 e2e8=0707
[M8T] IN2 e2e8=f807
[M8T] IN2 e2e8=07ff
[M8T] IN2 e2e8=0707
[M8T] IN2 e2e8=fff8
[M8T] IN2 e2e8=07f8
[M8T] IN2 e2e8=0707
*** 3 repeats ***
[M8T] IN2 e2e8=00f8
[M8T] IN2 e2e8=07ff
[M8T] IN2 e2e8=f807
[M8T] IN2 e2e8=f8f8
*** 5 repeats ***
[M8T] IN2 e2e8=07f8
[M8T] IN2 e2e8=0707
[M8T] IN2 e2e8=f807
[M8T] IN2 e2e8=0700
[M8T] IN2 e2e8=0707
*** 2 repeats ***
[M8T] IN2 e2e8=ff07
[M8T] IN2 e2e8=0707
[M8T] IN2 e2e8=ff04
[M8T] IN2 e2e8=ffff
[M8T] IN2 e2e8=01ff
[M8T] IN2 e2e8=0101
*** 1 repeats ***
[M8T] IN2 e2e8=ffff
*** 1 repeats ***
[M8T] IN2 e2e8=0704
[M8T] IN2 e2e8=0707
[M8T] IN2 e2e8=00f8
[M8T] IN2 e2e8=0707
*** 3 repeats ***
[M8T] IN2 e2e8=07ff
[M8T] IN2 e2e8=0707
*** 2 repeats ***
[M8T] IN2 e2e8=0700
*** 1 repeats ***
[M8T] IN2 e2e8=0707
*** 1 repeats ***
[M8T] IN2 e2e8=0407
[M8T] IN2 e2e8=0704
[M8T] IN2 e2e8=f807
[M8T] IN2 e2e8=0000
[M8T] IN2 e2e8=fff8
[M8T] IN2 e2e8=ff07
*** 1 repeats ***
[M8T] IN2 e2e8=fff8
[M8T] IN2 e2e8=ffff
*** 4 repeats ***
[M8T] IN2 e2e8=fff8
[M8T] IN2 e2e8=ff07
[M8T] IN2 e2e8=0707
*** 3 repeats ***
[M8T] IN2 e2e8=07ff
[M8T] IN2 e2e8=0707
*** 2 repeats ***
[M8T] IN2 e2e8=0000
[M8T] IN2 e2e8=0700
[M8T] IN2 e2e8=0707
*** 3 repeats ***
[M8T] IN2 e2e8=f807
[M8T] IN2 e2e8=0700
[M8T] IN2 e2e8=0707
*** 30 repeats ***
[M8T] IN2 e2e8=f806
[M8T] IN2 e2e8=f8f8
[M8T] IN2 e2e8=0707
[M8T] IN2 e2e8=f8f8
[M8T] IN2 e2e8=0706
[M8T] IN2 e2e8=fcf8
[M8T] IN2 e2e8=0606
[M8T] IN2 e2e8=f806
[M8T] IN2 e2e8=ff07
[M8T] IN2 e2e8=0707
[M8T] IN2 e2e8=00f8
[M8T] IN2 e2e8=ffff
*** 11 repeats ***
[M8T] IN2 e2e8=ff00
[M8T] IN2 e2e8=ffff
*** 3 repeats ***
[M8T] IN2 e2e8=00ff
[M8T] IN2 e2e8=ffff
*** 17 repeats ***
[M8T] IN2 e2e8=ff07
[M8T] IN2 e2e8=0707
*** 5 repeats ***
[M8T] IN2 e2e8=00f8
[M8T] IN2 e2e8=ff07
[M8T] IN2 e2e8=0707
*** 3 repeats ***
[M8T] IN2 e2e8=07ff
[M8T] IN2 e2e8=0707
[M8T] IN2 e2e8=0700
[M8T] IN2 e2e8=0707
*** 4 repeats ***
[M8T] IN2 e2e8=0007
[M8T] IN2 e2e8=0707
[M8T] IN2 e2e8=f807
[M8T] IN2 e2e8=ff00
[M8T] IN2 e2e8=0707
[M8T] IN2 e2e8=f807
[M8T] IN2 e2e8=f8ff
[M8T] IN2 e2e8=07f8
[M8T] IN2 e2e8=f8f8
*** 2 repeats ***
[M8T] IN2 e2e8=07f8
[M8T] IN2 e2e8=0707
*** 1 repeats ***
[M8T] IN2 e2e8=00f8
[M8T] IN2 e2e8=07ff
[M8T] IN2 e2e8=f807
[M8T] IN2 e2e8=f8f8
[M8T] IN2 e2e8=fff8
[M8T] IN2 e2e8=ffff
*** 1 repeats ***
[M8T] IN2 e2e8=f8ff
[M8T] IN2 e2e8=f8f8
[M8T] IN2 e2e8=fff8
[M8T] IN2 e2e8=0707
[M8T] IN2 e2e8=f807
[M8T] IN2 e2e8=0700
[M8T] IN2 e2e8=0707
*** 2 repeats ***
[M8T] IN2 e2e8=ff07
[M8T] IN2 e2e8=0707
[M8T] IN2 e2e8=ff04
[M8T] IN2 e2e8=ffff
*** 1 repeats ***
[M8T] IN2 e2e8=01ff
[M8T] IN2 e2e8=ffff
*** 2 repeats ***
[M8T] IN2 e2e8=0704
[M8T] IN2 e2e8=0707
[M8T] IN2 e2e8=00f8
[M8T] IN2 e2e8=0707
*** 3 repeats ***
[M8T] IN2 e2e8=07ff
[M8T] IN2 e2e8=0007
[M8T] IN2 e2e8=0000
*** 1 repeats ***
[M8T] IN2 e2e8=0007
*** 1 repeats ***
[M8T] IN2 e2e8=0707
*** 1 repeats ***
[M8T] IN2 e2e8=0407
[M8T] IN2 e2e8=0704
[M8T] IN2 e2e8=f807
[M8T] IN2 e2e8=0000
[M8T] IN2 e2e8=07f8
[M8T] IN2 e2e8=07ff
*** 1 repeats ***
[M8T] IN2 e2e8=fff8
[M8T] IN2 e2e8=07ff
*** 1 repeats ***
[M8T] IN2 e2e8=07f8
[M8T] IN2 e2e8=07ff
*** 1 repeats ***
[M8T] IN2 e2e8=fff8
[M8T] IN2 e2e8=ff07
[M8T] IN2 e2e8=0707
*** 3 repeats ***
[M8T] IN2 e2e8=07ff
[M8T] IN2 e2e8=0707
*** 2 repeats ***
[M8T] IN2 e2e8=0000
*** 1 repeats ***
[M8T] IN2 e2e8=0707
*** 3 repeats ***
[M8T] IN2 e2e8=f807
[M8T] IN2 e2e8=0700
[M8T] IN2 e2e8=0707
*** 30 repeats ***
[M8T] IN2 e2e8=f8f8
[M8T] IN2 e2e8=0707
[M8T] IN2 e2e8=f8f8
[M8T] IN2 e2e8=0707
[M8T] IN2 e2e8=f8f8
[M8T] IN2 e2e8=0202
[M8T] IN2 e2e8=fc06
[M8T] IN2 e2e8=0202
[M8T] IN2 e2e8=ff07
[M8T] IN2 e2e8=0707
[M8T] IN2 e2e8=00f8
[M8T] IN2 e2e8=ffff
*** 10 repeats ***
[M8T] IN2 e2e8=00ff
*** 1 repeats ***
[M8T] IN2 e2e8=ffff
*** 3 repeats ***
[M8T] IN2 e2e8=00ff
[M8T] IN2 e2e8=ffff
*** 17 repeats ***
[M8T] IN2 e2e8=ff07
[M8T] IN2 e2e8=0707
*** 5 repeats ***
[M8T] IN2 e2e8=00f8
[M8T] IN2 e2e8=ff07
[M8T] IN2 e2e8=0707
*** 3 repeats ***
[M8T] IN2 e2e8=07ff
[M8T] IN2 e2e8=0707
[M8T] IN2 e2e8=0700
[M8T] IN2 e2e8=0707
*** 4 repeats ***
[M8T] IN2 e2e8=0007
[M8T] IN2 e2e8=0707
[M8T] IN2 e2e8=f807
[M8T] IN2 e2e8=ff00
[M8T] IN2 e2e8=0707
[M8T] IN2 e2e8=f807
[M8T] IN2 e2e8=07ff
[M8T] IN2 e2e8=ffff
[M8T] IN2 e2e8=f807
[M8T] IN2 e2e8=ffff
*** 1 repeats ***
[M8T] IN2 e2e8=f8f8
[M8T] IN2 e2e8=0707
*** 1 repeats ***
[M8T] IN2 e2e8=00f8
[M8T] IN2 e2e8=07ff
[M8T] IN2 e2e8=f807
[M8T] IN2 e2e8=f8f8
*** 5 repeats ***
[M8T] IN2 e2e8=fff8
[M8T] IN2 e2e8=0707
[M8T] IN2 e2e8=f807
[M8T] IN2 e2e8=0700
[M8T] IN2 e2e8=0707
*** 2 repeats ***
[M8T] IN2 e2e8=ff07
[M8T] IN2 e2e8=0707
[M8T] IN2 e2e8=ff04
[M8T] IN2 e2e8=01ff
[M8T] IN2 e2e8=ffff
[M8T] IN2 e2e8=01ff
[M8T] IN2 e2e8=ffff
[M8T] IN2 e2e8=01ff
[M8T] IN2 e2e8=ffff
[M8T] IN2 e2e8=0704
[M8T] IN2 e2e8=0707
[M8T] IN2 e2e8=00f8
[M8T] IN2 e2e8=0707
*** 3 repeats ***
[M8T] IN2 e2e8=07ff
[M8T] IN2 e2e8=0007
[M8T] IN2 e2e8=ffff
[M8T] IN2 e2e8=0700
*** 3 repeats ***
[M8T] IN2 e2e8=0707
[M8T] IN2 e2e8=0400
[M8T] IN2 e2e8=0704
[M8T] IN2 e2e8=f807
[M8T] IN2 e2e8=0000
[M8T] IN2 e2e8=fff8
[M8T] IN2 e2e8=ff07
*** 1 repeats ***
[M8T] IN2 e2e8=fff8
[M8T] IN2 e2e8=ff07
[M8T] IN2 e2e8=fff8
*** 2 repeats ***
[M8T] IN2 e2e8=ff07
[M8T] IN2 e2e8=fff8
[M8T] IN2 e2e8=ff07
[M8T] IN2 e2e8=0707
*** 3 repeats ***
[M8T] IN2 e2e8=07ff
[M8T] IN2 e2e8=0707
*** 1 repeats ***
[M8T] IN2 e2e8=0007
*** 1 repeats ***
[M8T] IN2 e2e8=0000
[M8T] IN2 e2e8=0707
*** 3 repeats ***
[M8T] IN2 e2e8=f807
[M8T] IN2 e2e8=0700
[M8T] IN2 e2e8=0707
*** 31 repeats ***
[M8T] IN2 e2e8=f8f8
[M8T] IN2 e2e8=0707
[M8T] IN2 e2e8=f8f8
[M8T] IN2 e2e8=0707
[M8T] IN2 e2e8=f8f8
[M8T] IN2 e2e8=0202
*** 1 repeats ***
[M8T] IN2 e2e8=ff07
[M8T] IN2 e2e8=0707
[M8T] IN2 e2e8=00f8
[M8T] IN2 e2e8=ffff
*** 10 repeats ***
[M8T] IN2 e2e8=00ff
*** 1 repeats ***
[M8T] IN2 e2e8=ffff
[M8T] IN2 e2e8=00ff
[M8T] IN2 e2e8=ffff
[M8T] IN2 e2e8=00ff
*** 1 repeats ***
[M8T] IN2 e2e8=ff00
[M8T] IN2 e2e8=00ff
[M8T] IN2 e2e8=0000
[M8T] IN2 e2e8=ffff
*** 14 repeats ***
[M8T] IN2 e2e8=ff07
[M8T] IN2 e2e8=0707
*** 5 repeats ***
[M8T] IN2 e2e8=00f8
[M8T] IN2 e2e8=ff07
[M8T] IN2 e2e8=0707
*** 3 repeats ***
[M8T] IN2 e2e8=07ff
[M8T] IN2 e2e8=0707
[M8T] IN2 e2e8=0700
[M8T] IN2 e2e8=0707
*** 4 repeats ***
[M8T] IN2 e2e8=0007
[M8T] IN2 e2e8=0707
[M8T] IN2 e2e8=f807
[M8T] IN2 e2e8=ff00
[M8T] IN2 e2e8=0707
[M8T] IN2 e2e8=f807
[M8T] IN2 e2e8=f8ff
[M8T] IN2 e2e8=f8f8
*** 1 repeats ***
[M8T] IN2 e2e8=07ff
[M8T] IN2 e2e8=0707
[M8T] IN2 e2e8=fff8
[M8T] IN2 e2e8=07f8
[M8T] IN2 e2e8=0707
[M8T] IN2 e2e8=00f8
[M8T] IN2 e2e8=07ff
[M8T] IN2 e2e8=f807
[M8T] IN2 e2e8=f8f8
*** 5 repeats ***
[M8T] IN2 e2e8=fff8
[M8T] IN2 e2e8=0707
[M8T] IN2 e2e8=f807
[M8T] IN2 e2e8=0700
[M8T] IN2 e2e8=0707
*** 2 repeats ***
[M8T] IN2 e2e8=ff07
[M8T] IN2 e2e8=0707
[M8T] IN2 e2e8=ff04
[M8T] IN2 e2e8=0101
[M8T] IN2 e2e8=ffff
*** 2 repeats ***
[M8T] IN2 e2e8=01ff
[M8T] IN2 e2e8=ff01
[M8T] IN2 e2e8=0704
[M8T] IN2 e2e8=0707
[M8T] IN2 e2e8=00f8
[M8T] IN2 e2e8=0707
*** 3 repeats ***
[M8T] IN2 e2e8=07ff
[M8T] IN2 e2e8=0007
[M8T] IN2 e2e8=00ff
[M8T] IN2 e2e8=0007
[M8T] IN2 e2e8=00ff
[M8T] IN2 e2e8=0007
*** 1 repeats ***
[M8T] IN2 e2e8=0000
[M8T] IN2 e2e8=0407
[M8T] IN2 e2e8=0704
[M8T] IN2 e2e8=f807
[M8T] IN2 e2e8=0000
[M8T] IN2 e2e8=07f8
[M8T] IN2 e2e8=07ff
*** 1 repeats ***
[M8T] IN2 e2e8=fff8
[M8T] IN2 e2e8=07ff
[M8T] IN2 e2e8=f8ff
*** 1 repeats ***
[M8T] IN2 e2e8=ffff
[M8T] IN2 e2e8=07ff
[M8T] IN2 e2e8=fff8
[M8T] IN2 e2e8=ff07
[M8T] IN2 e2e8=0707
*** 3 repeats ***
[M8T] IN2 e2e8=07ff
[M8T] IN2 e2e8=0707
*** 1 repeats ***
[M8T] IN2 e2e8=0007
*** 1 repeats ***
[M8T] IN2 e2e8=0000
[M8T] IN2 e2e8=0700
[M8T] IN2 e2e8=0707
*** 2 repeats ***
[M8T] IN2 e2e8=f807
[M8T] IN2 e2e8=0700
[M8T] IN2 e2e8=0707
*** 30 repeats ***
[M8T] IN2 e2e8=f9ff
[M8T] IN2 e2e8=0707
[M8T] IN2 e2e8=f8f8
[M8T] IN2 e2e8=0707
[M8T] IN2 e2e8=f8f8
[M8T] IN2 e2e8=0707
[M8T] IN2 e2e8=f8f8
[M8T] IN2 e2e8=0202
[M8T] IN2 e2e8=ff07
[M8T] IN2 e2e8=0707
[M8T] IN2 e2e8=00f8
[M8T] IN2 e2e8=ffff
*** 10 repeats ***
[M8T] IN2 e2e8=ff00
[M8T] IN2 e2e8=ffff
[M8T] IN2 e2e8=ff00
[M8T] IN2 e2e8=00ff
[M8T] IN2 e2e8=ffff
[M8T] IN2 e2e8=00ff
*** 1 repeats ***
[M8T] IN2 e2e8=ffff
[M8T] IN2 e2e8=ff00
[M8T] IN2 e2e8=ffff
[M8T] IN2 e2e8=ff00
[M8T] IN2 e2e8=ffff
*** 13 repeats ***
[M8T] IN2 e2e8=ff07
[M8T] IN2 e2e8=0707
[M8T] IN2 e2e8=0007
[M8T] IN2 e2e8=0000
*** 1 repeats ***
[M8T] IN2 e2e8=0707
*** 1 repeats ***
[M8T] IN2 e2e8=00f8
[M8T] IN2 e2e8=ff07
[M8T] IN2 e2e8=0707
*** 3 repeats ***
[M8T] IN2 e2e8=07ff
[M8T] IN2 e2e8=0707
*** 8 repeats ***
[M8T] IN2 e2e8=f807
[M8T] IN2 e2e8=ff00
[M8T] IN2 e2e8=0707
[M8T] IN2 e2e8=f807
[M8T] IN2 e2e8=07ff
[M8T] IN2 e2e8=ffff
[M8T] IN2 e2e8=f8ff
*** 1 repeats ***
[M8T] IN2 e2e8=07f8
[M8T] IN2 e2e8=f8f8
*** 1 repeats ***
[M8T] IN2 e2e8=0707
[M8T] IN2 e2e8=00f8
[M8T] IN2 e2e8=07ff
[M8T] IN2 e2e8=f807
[M8T] IN2 e2e8=f8f8
*** 5 repeats ***
[M8T] IN2 e2e8=fff8
[M8T] IN2 e2e8=0707
[M8T] IN2 e2e8=f807
[M8T] IN2 e2e8=0700
[M8T] IN2 e2e8=0707
*** 2 repeats ***
[M8T] IN2 e2e8=ff07
[M8T] IN2 e2e8=0707
[M8T] IN2 e2e8=0104
[M8T] IN2 e2e8=0101
*** 1 repeats ***
[M8T] IN2 e2e8=ffff
[M8T] IN2 e2e8=01ff
[M8T] IN2 e2e8=0101
*** 1 repeats ***
[M8T] IN2 e2e8=0704
[M8T] IN2 e2e8=0707
[M8T] IN2 e2e8=00f8
[M8T] IN2 e2e8=0707
*** 3 repeats ***
[M8T] IN2 e2e8=07ff
[M8T] IN2 e2e8=0007
[M8T] IN2 e2e8=00ff
[M8T] IN2 e2e8=ff00
[M8T] IN2 e2e8=ffff
[M8T] IN2 e2e8=0700
[M8T] IN2 e2e8=ff00
[M8T] IN2 e2e8=0700
[M8T] IN2 e2e8=0707
*** 1 repeats ***
[M8T] IN2 e2e8=f807
[M8T] IN2 e2e8=0000
[M8T] IN2 e2e8=fff8
[M8T] IN2 e2e8=f807
[M8T] IN2 e2e8=f8f8
*** 5 repeats ***
[M8T] IN2 e2e8=ff07
[M8T] IN2 e2e8=fff8
[M8T] IN2 e2e8=ff07
[M8T] IN2 e2e8=0707
*** 3 repeats ***
[M8T] IN2 e2e8=07ff
[M8T] IN2 e2e8=0707
*** 1 repeats ***
[M8T] IN2 e2e8=0700
[M8T] IN2 e2e8=0707
[M8T] IN2 e2e8=0000
[M8T] IN2 e2e8=0700
[M8T] IN2 e2e8=0707
*** 2 repeats ***
[M8T] IN2 e2e8=f807
[M8T] IN2 e2e8=0700
[M8T] IN2 e2e8=0707
*** 30 repeats ***
[M8T] IN2 e2e8=01ff
[M8T] IN2 e2e8=01f9
[M8T] IN2 e2e8=0707
[M8T] IN2 e2e8=f8f8
[M8T] IN2 e2e8=0707
[M8T] IN2 e2e8=f8f8
[M8T] IN2 e2e8=0707
[M8T] IN2 e2e8=f8f8
[M8T] IN2 e2e8=ff07
[M8T] IN2 e2e8=0707
[M8T] IN2 e2e8=00f8
[M8T] IN2 e2e8=ffff
*** 10 repeats ***
[M8T] IN2 e2e8=ff00
[M8T] IN2 e2e8=ffff
[M8T] IN2 e2e8=ff00
[M8T] IN2 e2e8=00ff
[M8T] IN2 e2e8=ffff
[M8T] IN2 e2e8=00ff
*** 1 repeats ***
[M8T] IN2 e2e8=ffff
[M8T] IN2 e2e8=ff00
[M8T] IN2 e2e8=ffff
[M8T] IN2 e2e8=ff00
[M8T] IN2 e2e8=ffff
*** 13 repeats ***
[M8T] IN2 e2e8=ff07
[M8T] IN2 e2e8=0707
*** 1 repeats ***
[M8T] IN2 e2e8=0000
[M8T] IN2 e2e8=0700
[M8T] IN2 e2e8=0707
*** 1 repeats ***
[M8T] IN2 e2e8=00f8
[M8T] IN2 e2e8=ff07
[M8T] IN2 e2e8=0707
*** 3 repeats ***
[M8T] IN2 e2e8=07ff
[M8T] IN2 e2e8=0707
[M8T] IN2 e2e8=0700
[M8T] IN2 e2e8=0707
*** 4 repeats ***
[M8T] IN2 e2e8=0007
[M8T] IN2 e2e8=0707
[M8T] IN2 e2e8=f807
[M8T] IN2 e2e8=ff00
[M8T] IN2 e2e8=0707
[M8T] IN2 e2e8=f807
[M8T] IN2 e2e8=f8ff
[M8T] IN2 e2e8=f8f8
*** 1 repeats ***
[M8T] IN2 e2e8=07ff
[M8T] IN2 e2e8=ffff
[M8T] IN2 e2e8=ff07
[M8T] IN2 e2e8=f8ff
[M8T] IN2 e2e8=07ff
[M8T] IN2 e2e8=00f8
[M8T] IN2 e2e8=07ff
[M8T] IN2 e2e8=f807
[M8T] IN2 e2e8=f8f8
*** 2 repeats ***
[M8T] IN2 e2e8=ffff
*** 1 repeats ***
[M8T] IN2 e2e8=f8ff
[M8T] IN2 e2e8=fff8
[M8T] IN2 e2e8=0707
[M8T] IN2 e2e8=f807
[M8T] IN2 e2e8=0700
[M8T] IN2 e2e8=0707
*** 2 repeats ***
[M8T] IN2 e2e8=ff07
[M8T] IN2 e2e8=0707
[M8T] IN2 e2e8=ff04
[M8T] IN2 e2e8=0101
[M8T] IN2 e2e8=ffff
*** 2 repeats ***
[M8T] IN2 e2e8=01ff
[M8T] IN2 e2e8=ff01
[M8T] IN2 e2e8=0704
[M8T] IN2 e2e8=0707
[M8T] IN2 e2e8=00f8
[M8T] IN2 e2e8=0707
*** 3 repeats ***
[M8T] IN2 e2e8=07ff
[M8T] IN2 e2e8=0007
[M8T] IN2 e2e8=ffff
*** 2 repeats ***
[M8T] IN2 e2e8=00ff
[M8T] IN2 e2e8=ffff
[M8T] IN2 e2e8=0700
[M8T] IN2 e2e8=0707
*** 1 repeats ***
[M8T] IN2 e2e8=f807
[M8T] IN2 e2e8=0000
[M8T] IN2 e2e8=07f8
[M8T] IN2 e2e8=f8ff
[M8T] IN2 e2e8=f8f8
*** 5 repeats ***
[M8T] IN2 e2e8=07ff
[M8T] IN2 e2e8=fff8
[M8T] IN2 e2e8=ff07
[M8T] IN2 e2e8=0707
*** 3 repeats ***
[M8T] IN2 e2e8=07ff
[M8T] IN2 e2e8=0707
*** 1 repeats ***
[M8T] IN2 e2e8=0700
[M8T] IN2 e2e8=0707
[M8T] IN2 e2e8=0000
*** 1 repeats ***
[M8T] IN2 e2e8=0707
*** 2 repeats ***
[M8T] IN2 e2e8=f807
[M8T] IN2 e2e8=0700
[M8T] IN2 e2e8=0707
*** 30 repeats ***
[M8T] IN2 e2e8=f9ff
[M8T] IN2 e2e8=f9f9
[M8T] IN2 e2e8=ffff
[M8T] IN2 e2e8=0707
[M8T] IN2 e2e8=f8f8
[M8T] IN2 e2e8=0707
[M8T] IN2 e2e8=f8f8
[M8T] IN2 e2e8=0007
[M8T] IN2 e2e8=ff07
[M8T] IN2 e2e8=0707
[M8T] IN2 e2e8=00f8
[M8T] IN2 e2e8=ffff
*** 10 repeats ***
[M8T] IN2 e2e8=0000
*** 1 repeats ***
[M8T] IN2 e2e8=ff00
[M8T] IN2 e2e8=00ff
[M8T] IN2 e2e8=ffff
[M8T] IN2 e2e8=00ff
*** 1 repeats ***
[M8T] IN2 e2e8=ffff
[M8T] IN2 e2e8=ff00
[M8T] IN2 e2e8=ffff
[M8T] IN2 e2e8=ff00
[M8T] IN2 e2e8=ffff
*** 13 repeats ***
[M8T] IN2 e2e8=ff07
[M8T] IN2 e2e8=0707
*** 1 repeats ***
[M8T] IN2 e2e8=0007
[M8T] IN2 e2e8=0707
*** 2 repeats ***
[M8T] IN2 e2e8=00f8
[M8T] IN2 e2e8=ff07
[M8T] IN2 e2e8=0707
*** 3 repeats ***
[M8T] IN2 e2e8=07ff
[M8T] IN2 e2e8=0707
[M8T] IN2 e2e8=0700
[M8T] IN2 e2e8=0707
*** 4 repeats ***
[M8T] IN2 e2e8=0007
[M8T] IN2 e2e8=0707
[M8T] IN2 e2e8=f807
[M8T] IN2 e2e8=ff00
[M8T] IN2 e2e8=0707
[M8T] IN2 e2e8=f807
[M8T] IN2 e2e8=07ff
[M8T] IN2 e2e8=ffff
[M8T] IN2 e2e8=f8ff
*** 1 repeats ***
[M8T] IN2 e2e8=f8f8
*** 1 repeats ***
[M8T] IN2 e2e8=f807
[M8T] IN2 e2e8=07ff
[M8T] IN2 e2e8=00f8
[M8T] IN2 e2e8=07ff
[M8T] IN2 e2e8=f807
[M8T] IN2 e2e8=f8f8
*** 2 repeats ***
[M8T] IN2 e2e8=07ff
[M8T] IN2 e2e8=0707
[M8T] IN2 e2e8=f807
[M8T] IN2 e2e8=f8ff
[M8T] IN2 e2e8=0707
[M8T] IN2 e2e8=f807
[M8T] IN2 e2e8=0700
[M8T] IN2 e2e8=0707
*** 2 repeats ***
[M8T] IN2 e2e8=ff07
[M8T] IN2 e2e8=0707
[M8T] IN2 e2e8=ff04
[M8T] IN2 e2e8=01ff
[M8T] IN2 e2e8=ffff
[M8T] IN2 e2e8=01ff
[M8T] IN2 e2e8=ffff
[M8T] IN2 e2e8=01ff
[M8T] IN2 e2e8=ffff
[M8T] IN2 e2e8=0704
[M8T] IN2 e2e8=0707
[M8T] IN2 e2e8=00f8
[M8T] IN2 e2e8=0707
*** 3 repeats ***
[M8T] IN2 e2e8=07ff
[M8T] IN2 e2e8=0007
[M8T] IN2 e2e8=ffff
*** 4 repeats ***
[M8T] IN2 e2e8=0700
[M8T] IN2 e2e8=0707
*** 1 repeats ***
[M8T] IN2 e2e8=f807
[M8T] IN2 e2e8=0000
[M8T] IN2 e2e8=fff8
[M8T] IN2 e2e8=f807
[M8T] IN2 e2e8=ffff
*** 4 repeats ***
[M8T] IN2 e2e8=f8ff
[M8T] IN2 e2e8=ffff
[M8T] IN2 e2e8=fff8
[M8T] IN2 e2e8=ff07
[M8T] IN2 e2e8=0707
*** 3 repeats ***
[M8T] IN2 e2e8=07ff
[M8T] IN2 e2e8=0707
*** 1 repeats ***
[M8T] IN2 e2e8=0000
*** 3 repeats ***
[M8T] IN2 e2e8=0707
*** 2 repeats ***
[M8T] IN2 e2e8=f807
[M8T] IN2 e2e8=0700
[M8T] IN2 e2e8=0707
*** 30 repeats ***
[M8T] IN2 e2e8=f9ff
[M8T] IN2 e2e8=f901
[M8T] IN2 e2e8=ffff
*** 1 repeats ***
[M8T] IN2 e2e8=0707
[M8T] IN2 e2e8=f8f8
[M8T] IN2 e2e8=0007
*** 1 repeats ***
[M8T] IN2 e2e8=ff07
[M8T] IN2 e2e8=0707
[M8T] IN2 e2e8=00f8
[M8T] IN2 e2e8=ffff
*** 9 repeats ***
[M8T] IN2 e2e8=00ff
[M8T] IN2 e2e8=ffff
*** 1 repeats ***
[M8T] IN2 e2e8=00ff
*** 1 repeats ***
[M8T] IN2 e2e8=ffff
[M8T] IN2 e2e8=0000
[M8T] IN2 e2e8=00ff
[M8T] IN2 e2e8=ffff
[M8T] IN2 e2e8=ff00
[M8T] IN2 e2e8=ffff
[M8T] IN2 e2e8=ff00
[M8T] IN2 e2e8=ffff
*** 13 repeats ***
[M8T] IN2 e2e8=ff07
[M8T] IN2 e2e8=0707
*** 5 repeats ***
[M8T] IN2 e2e8=00f8
[M8T] IN2 e2e8=ff07
[M8T] IN2 e2e8=0707
*** 3 repeats ***
[M8T] IN2 e2e8=07ff
[M8T] IN2 e2e8=0707
[M8T] IN2 e2e8=0700
[M8T] IN2 e2e8=0707
*** 4 repeats ***
[M8T] IN2 e2e8=0007
[M8T] IN2 e2e8=0707
[M8T] IN2 e2e8=f807
[M8T] IN2 e2e8=ff00
[M8T] IN2 e2e8=0707
[M8T] IN2 e2e8=f807
[M8T] IN2 e2e8=f8f8
*** 2 repeats ***
[M8T] IN2 e2e8=07ff
[M8T] IN2 e2e8=ffff
*** 1 repeats ***
[M8T] IN2 e2e8=f8ff
[M8T] IN2 e2e8=07ff
[M8T] IN2 e2e8=00f8
[M8T] IN2 e2e8=07ff
[M8T] IN2 e2e8=f807
[M8T] IN2 e2e8=f8f8
*** 2 repeats ***
[M8T] IN2 e2e8=f8ff
[M8T] IN2 e2e8=f8f8
[M8T] IN2 e2e8=f807
[M8T] IN2 e2e8=f8f8
[M8T] IN2 e2e8=07f8
[M8T] IN2 e2e8=f807
[M8T] IN2 e2e8=0700
[M8T] IN2 e2e8=0707
*** 2 repeats ***
[M8T] IN2 e2e8=ff07
[M8T] IN2 e2e8=0707
[M8T] IN2 e2e8=ff04
[M8T] IN2 e2e8=ffff
*** 1 repeats ***
[M8T] IN2 e2e8=01ff
[M8T] IN2 e2e8=ffff
*** 2 repeats ***
[M8T] IN2 e2e8=0704
[M8T] IN2 e2e8=0707
[M8T] IN2 e2e8=00f8
[M8T] IN2 e2e8=0707
*** 3 repeats ***
[M8T] IN2 e2e8=07ff
[M8T] IN2 e2e8=0007
[M8T] IN2 e2e8=00ff
[M8T] IN2 e2e8=ff00
[M8T] IN2 e2e8=0000
*** 1 repeats ***
[M8T] IN2 e2e8=ff00
[M8T] IN2 e2e8=0700
[M8T] IN2 e2e8=0707
*** 1 repeats ***
[M8T] IN2 e2e8=f807
[M8T] IN2 e2e8=0000
[M8T] IN2 e2e8=07f8
[M8T] IN2 e2e8=f8ff
[M8T] IN2 e2e8=07ff
*** 4 repeats ***
[M8T] IN2 e2e8=f8ff
[M8T] IN2 e2e8=f8f8
[M8T] IN2 e2e8=fff8
[M8T] IN2 e2e8=ff07
[M8T] IN2 e2e8=0707
*** 3 repeats ***
[M8T] IN2 e2e8=07ff
[M8T] IN2 e2e8=0707
[M8T] IN2 e2e8=0007
[M8T] IN2 e2e8=0707
*** 1 repeats ***
[M8T] IN2 e2e8=0007
[M8T] IN2 e2e8=0000
[M8T] IN2 e2e8=0700
[M8T] IN2 e2e8=0707
*** 1 repeats ***
[M8T] IN2 e2e8=f807
[M8T] IN2 e2e8=0700
[M8T] IN2 e2e8=0707
*** 30 repeats ***
[M8T] IN2 e2e8=ffff
[M8T] IN2 e2e8=01ff
[M8T] IN2 e2e8=ffff
*** 2 repeats ***
[M8T] IN2 e2e8=0007
*** 2 repeats ***
[M8T] IN2 e2e8=ff07
[M8T] IN2 e2e8=0707
[M8T] IN2 e2e8=00f8
[M8T] IN2 e2e8=ffff
*** 9 repeats ***
[M8T] IN2 e2e8=00ff
[M8T] IN2 e2e8=ffff
*** 1 repeats ***
[M8T] IN2 e2e8=00ff
[M8T] IN2 e2e8=ffff
[M8T] IN2 e2e8=0000
[M8T] IN2 e2e8=00ff
[M8T] IN2 e2e8=ffff
[M8T] IN2 e2e8=ff00
[M8T] IN2 e2e8=00ff
[M8T] IN2 e2e8=0000
[M8T] IN2 e2e8=ffff
*** 14 repeats ***
[M8T] IN2 e2e8=ff07
[M8T] IN2 e2e8=0707
*** 5 repeats ***
[M8T] IN2 e2e8=00f8
[M8T] IN2 e2e8=ff07
[M8T] IN2 e2e8=0707
*** 3 repeats ***
[M8T] IN2 e2e8=07ff
[M8T] IN2 e2e8=0707
*** 8 repeats ***
[M8T] IN2 e2e8=f807
[M8T] IN2 e2e8=ff00
[M8T] IN2 e2e8=0707
*** 1 repeats ***
[M8T] IN2 e2e8=ffff
*** 1 repeats ***
[M8T] IN2 e2e8=f8ff
*** 1 repeats ***
[M8T] IN2 e2e8=f8f8
*** 1 repeats ***
[M8T] IN2 e2e8=f807
[M8T] IN2 e2e8=07ff
[M8T] IN2 e2e8=00f8
[M8T] IN2 e2e8=07ff
[M8T] IN2 e2e8=f807
[M8T] IN2 e2e8=f8f8
*** 2 repeats ***
[M8T] IN2 e2e8=07ff
[M8T] IN2 e2e8=ffff
[M8T] IN2 e2e8=07ff
[M8T] IN2 e2e8=ffff
[M8T] IN2 e2e8=fff8
[M8T] IN2 e2e8=f807
[M8T] IN2 e2e8=0700
[M8T] IN2 e2e8=0707
*** 2 repeats ***
[M8T] IN2 e2e8=ff07
[M8T] IN2 e2e8=0707
[M8T] IN2 e2e8=ff04
[M8T] IN2 e2e8=ffff
[M8T] IN2 e2e8=01ff
[M8T] IN2 e2e8=0101
*** 1 repeats ***
[M8T] IN2 e2e8=ffff
*** 1 repeats ***
[M8T] IN2 e2e8=0704
[M8T] IN2 e2e8=0707
[M8T] IN2 e2e8=00f8
[M8T] IN2 e2e8=0707
*** 3 repeats ***
[M8T] IN2 e2e8=07ff
[M8T] IN2 e2e8=0007
[M8T] IN2 e2e8=ffff
*** 4 repeats ***
[M8T] IN2 e2e8=0700
[M8T] IN2 e2e8=0707
*** 1 repeats ***
[M8T] IN2 e2e8=f807
[M8T] IN2 e2e8=0000
[M8T] IN2 e2e8=fff8
[M8T] IN2 e2e8=f807
[M8T] IN2 e2e8=ffff
[M8T] IN2 e2e8=ff07
*** 3 repeats ***
[M8T] IN2 e2e8=f807
[M8T] IN2 e2e8=ffff
*** 1 repeats ***
[M8T] IN2 e2e8=ff07
[M8T] IN2 e2e8=0707
*** 3 repeats ***
[M8T] IN2 e2e8=07ff
[M8T] IN2 e2e8=0707
[M8T] IN2 e2e8=0007
[M8T] IN2 e2e8=0707
*** 2 repeats ***
[M8T] IN2 e2e8=0000
[M8T] IN2 e2e8=0700
[M8T] IN2 e2e8=0707
*** 1 repeats ***
[M8T] IN2 e2e8=f807
[M8T] IN2 e2e8=0700
[M8T] IN2 e2e8=0707
*** 30 repeats ***
[M8T] IN2 e2e8=ffff
*** 4 repeats ***
[M8T] IN2 e2e8=0007
*** 2 repeats ***
[M8T] IN2 e2e8=ff07
[M8T] IN2 e2e8=0707
[M8T] IN2 e2e8=00f8
[M8T] IN2 e2e8=ffff
*** 35 repeats ***
[M8T] IN2 e2e8=ff07
[M8T] IN2 e2e8=0707
*** 5 repeats ***
[M8T] IN2 e2e8=00f8
[M8T] IN2 e2e8=ff07
[M8T] IN2 e2e8=0707
*** 3 repeats ***
[M8T] IN2 e2e8=07ff
[M8T] IN2 e2e8=0707
[M8T] IN2 e2e8=0700
[M8T] IN2 e2e8=0707
*** 4 repeats ***
[M8T] IN2 e2e8=0007
[M8T] IN2 e2e8=0707
[M8T] IN2 e2e8=f807
[M8T] IN2 e2e8=ff00
[M8T] IN2 e2e8=0707
*** 3 repeats ***
[M8T] IN2 e2e8=f807
[M8T] IN2 e2e8=07ff
[M8T] IN2 e2e8=ffff
*** 1 repeats ***
[M8T] IN2 e2e8=f8ff
[M8T] IN2 e2e8=07ff
[M8T] IN2 e2e8=00f8
[M8T] IN2 e2e8=07ff
[M8T] IN2 e2e8=f807
[M8T] IN2 e2e8=f8f8
*** 2 repeats ***
[M8T] IN2 e2e8=f8ff
[M8T] IN2 e2e8=f8f8
*** 1 repeats ***
[M8T] IN2 e2e8=07f8
[M8T] IN2 e2e8=fff8
[M8T] IN2 e2e8=f807
[M8T] IN2 e2e8=0700
[M8T] IN2 e2e8=0707
*** 2 repeats ***
[M8T] IN2 e2e8=ff07
[M8T] IN2 e2e8=0707
[M8T] IN2 e2e8=ff04
[M8T] IN2 e2e8=ffff
*** 1 repeats ***
[M8T] IN2 e2e8=0101
[M8T] IN2 e2e8=ff01
[M8T] IN2 e2e8=ffff
*** 1 repeats ***
[M8T] IN2 e2e8=0704
[M8T] IN2 e2e8=0707
[M8T] IN2 e2e8=00f8
[M8T] IN2 e2e8=0707
*** 3 repeats ***
[M8T] IN2 e2e8=07ff
[M8T] IN2 e2e8=0007
[M8T] IN2 e2e8=00ff
[M8T] IN2 e2e8=ff00
[M8T] IN2 e2e8=0000
*** 1 repeats ***
[M8T] IN2 e2e8=ff00
[M8T] IN2 e2e8=0700
[M8T] IN2 e2e8=0707
*** 1 repeats ***
[M8T] IN2 e2e8=f807
[M8T] IN2 e2e8=0000
[M8T] IN2 e2e8=07f8
[M8T] IN2 e2e8=f8ff
[M8T] IN2 e2e8=07ff
*** 4 repeats ***
[M8T] IN2 e2e8=f8ff
[M8T] IN2 e2e8=07ff
*** 1 repeats ***
[M8T] IN2 e2e8=ff07
[M8T] IN2 e2e8=0707
*** 3 repeats ***
[M8T] IN2 e2e8=07ff
[M8T] IN2 e2e8=0007
[M8T] IN2 e2e8=0000
[M8T] IN2 e2e8=0700
[M8T] IN2 e2e8=0707
[M8T] IN2 e2e8=0000
*** 2 repeats ***
[M8T] IN2 e2e8=0700
[M8T] IN2 e2e8=0707
[M8T] IN2 e2e8=f807
[M8T] IN2 e2e8=0700
[M8T] IN2 e2e8=0707
*** 30 repeats ***
[M8T] IN2 e2e8=ffff
*** 1 repeats ***
[M8T] IN2 e2e8=fcff
[M8T] IN2 e2e8=ffff
*** 1 repeats ***
[M8T] IN2 e2e8=0007
*** 2 repeats ***
[M8T] IN2 e2e8=ff07
[M8T] IN2 e2e8=0707
[M8T] IN2 e2e8=00f8
[M8T] IN2 e2e8=ffff
*** 35 repeats ***
[M8T] IN2 e2e8=f807
[M8T] IN2 e2e8=f8f8
*** 5 repeats ***
[M8T] IN2 e2e8=00f8
[M8T] IN2 e2e8=ff07
[M8T] IN2 e2e8=0707
*** 3 repeats ***
[M8T] IN2 e2e8=07ff
[M8T] IN2 e2e8=0707
[M8T] IN2 e2e8=0000
[M8T] IN2 e2e8=0707
[M8T] IN2 e2e8=0000
[M8T] IN2 e2e8=0707
[M8T] IN2 e2e8=0000
[M8T] IN2 e2e8=0707
[M8T] IN2 e2e8=0000
[M8T] IN2 e2e8=0707
[M8T] IN2 e2e8=f807
[M8T] IN2 e2e8=ff00
[M8T] IN2 e2e8=0707
*** 3 repeats ***
[M8T] IN2 e2e8=f807
[M8T] IN2 e2e8=f8f8
*** 3 repeats ***
[M8T] IN2 e2e8=07ff
[M8T] IN2 e2e8=00f8
[M8T] IN2 e2e8=07ff
[M8T] IN2 e2e8=0707
[M8T] IN2 e2e8=f8f8
*** 2 repeats ***
[M8T] IN2 e2e8=07ff
[M8T] IN2 e2e8=ffff
*** 2 repeats ***
[M8T] IN2 e2e8=fff8
[M8T] IN2 e2e8=f807
[M8T] IN2 e2e8=0700
[M8T] IN2 e2e8=0707
*** 2 repeats ***
[M8T] IN2 e2e8=ff07
[M8T] IN2 e2e8=0707
[M8T] IN2 e2e8=ff04
[M8T] IN2 e2e8=ffff
*** 1 repeats ***
[M8T] IN2 e2e8=01ff
[M8T] IN2 e2e8=ffff
*** 2 repeats ***
[M8T] IN2 e2e8=0704
[M8T] IN2 e2e8=0707
[M8T] IN2 e2e8=00f8
[M8T] IN2 e2e8=0707
*** 3 repeats ***
[M8T] IN2 e2e8=07ff
[M8T] IN2 e2e8=0007
[M8T] IN2 e2e8=ffff
*** 4 repeats ***
[M8T] IN2 e2e8=0700
[M8T] IN2 e2e8=0707
*** 1 repeats ***
[M8T] IN2 e2e8=f807
[M8T] IN2 e2e8=0000
[M8T] IN2 e2e8=fff8
[M8T] IN2 e2e8=f807
[M8T] IN2 e2e8=ffff
[M8T] IN2 e2e8=ff07
*** 3 repeats ***
[M8T] IN2 e2e8=f807
[M8T] IN2 e2e8=ffff
[M8T] IN2 e2e8=ff07
*** 1 repeats ***
[M8T] IN2 e2e8=0707
*** 3 repeats ***
[M8T] IN2 e2e8=07ff
[M8T] IN2 e2e8=0707
*** 8 repeats ***
[M8T] IN2 e2e8=f807
[M8T] IN2 e2e8=0700
[M8T] IN2 e2e8=0707
*** 30 repeats ***
[M8T] IN2 e2e8=ffff
*** 1 repeats ***
[M8T] IN2 e2e8=fcff
[M8T] IN2 e2e8=ffff
*** 1 repeats ***
[M8T] IN2 e2e8=0007
*** 2 repeats ***
[M8T] IN2 e2e8=ff07
[M8T] IN2 e2e8=0707
[M8T] IN2 e2e8=00f8
[M8T] IN2 e2e8=ffff
*** 35 repeats ***
[M8T] IN2 e2e8=0000
*** 7 repeats ***
[M8T] IN2 e2e8=ff07
[M8T] IN2 e2e8=0707
*** 3 repeats ***
[M8T] IN2 e2e8=07ff
[M8T] IN2 e2e8=0707
*** 8 repeats ***
[M8T] IN2 e2e8=f807
[M8T] IN2 e2e8=ff00
[M8T] IN2 e2e8=0707
*** 4 repeats ***
[M8T] IN2 e2e8=ffff
*** 3 repeats ***
[M8T] IN2 e2e8=07ff
[M8T] IN2 e2e8=00f8
[M8T] IN2 e2e8=07ff
[M8T] IN2 e2e8=0707
[M8T] IN2 e2e8=ff07
[M8T] IN2 e2e8=ffff
[M8T] IN2 e2e8=f8ff
[M8T] IN2 e2e8=f8f8
*** 3 repeats ***
[M8T] IN2 e2e8=fff8
[M8T] IN2 e2e8=f807
[M8T] IN2 e2e8=0700
[M8T] IN2 e2e8=0707
*** 2 repeats ***
[M8T] IN2 e2e8=ff07
[M8T] IN2 e2e8=0707
[M8T] IN2 e2e8=0404
*** 6 repeats ***
[M8T] IN2 e2e8=0704
[M8T] IN2 e2e8=0707
[M8T] IN2 e2e8=00f8
[M8T] IN2 e2e8=0707
*** 3 repeats ***
[M8T] IN2 e2e8=07ff
[M8T] IN2 e2e8=0007
[M8T] IN2 e2e8=0000
*** 4 repeats ***
[M8T] IN2 e2e8=0700
[M8T] IN2 e2e8=0707
*** 1 repeats ***
[M8T] IN2 e2e8=f807
[M8T] IN2 e2e8=0000
[M8T] IN2 e2e8=07f8
[M8T] IN2 e2e8=f8ff
[M8T] IN2 e2e8=07ff
*** 4 repeats ***
[M8T] IN2 e2e8=f8ff
[M8T] IN2 e2e8=07ff
*** 1 repeats ***
[M8T] IN2 e2e8=ff07
[M8T] IN2 e2e8=0707
*** 3 repeats ***
[M8T] IN2 e2e8=07ff
[M8T] IN2 e2e8=0707
*** 8 repeats ***
[M8T] IN2 e2e8=f807
[M8T] IN2 e2e8=0700
[M8T] IN2 e2e8=0707
*** 30 repeats ***
[M8T] IN2 e2e8=ffff
*** 1 repeats ***
[M8T] IN2 e2e8=fcff
*** 1 repeats ***
[M8T] IN2 e2e8=ffff
[M8T] IN2 e2e8=0007
*** 2 repeats ***
[M8T] IN2 e2e8=ff07
[M8T] IN2 e2e8=0707
[M8T] IN2 e2e8=07f8
[M8T] IN2 e2e8=0707
*** 43 repeats ***
[M8T] IN2 e2e8=ff07
[M8T] IN2 e2e8=0707
*** 3 repeats ***
[M8T] IN2 e2e8=07ff
[M8T] IN2 e2e8=0707
*** 8 repeats ***
[M8T] IN2 e2e8=f807
[M8T] IN2 e2e8=ff00
[M8T] IN2 e2e8=0707
*** 9 repeats ***
[M8T] IN2 e2e8=00f8
[M8T] IN2 e2e8=07ff
[M8T] IN2 e2e8=0707
*** 3 repeats ***
[M8T] IN2 e2e8=ffff
*** 4 repeats ***
[M8T] IN2 e2e8=f807
[M8T] IN2 e2e8=0700
[M8T] IN2 e2e8=0707
*** 2 repeats ***
[M8T] IN2 e2e8=ff07
[M8T] IN2 e2e8=0707
*** 9 repeats ***
[M8T] IN2 e2e8=00f8
[M8T] IN2 e2e8=0707
*** 3 repeats ***
[M8T] IN2 e2e8=07ff
[M8T] IN2 e2e8=0707
*** 8 repeats ***
[M8T] IN2 e2e8=f807
[M8T] IN2 e2e8=0000
[M8T] IN2 e2e8=fff8
[M8T] IN2 e2e8=f807
[M8T] IN2 e2e8=f8f8
*** 5 repeats ***
[M8T] IN2 e2e8=ffff
[M8T] IN2 e2e8=ff07
*** 1 repeats ***
[M8T] IN2 e2e8=0707
*** 3 repeats ***
[M8T] IN2 e2e8=07ff
[M8T] IN2 e2e8=0707
*** 8 repeats ***
[M8T] IN2 e2e8=f807
[M8T] IN2 e2e8=0700
[M8T] IN2 e2e8=0707
*** 30 repeats ***
[M8T] IN2 e2e8=ffff
*** 1 repeats ***
[M8T] IN2 e2e8=fcff
*** 1 repeats ***
[M8T] IN2 e2e8=ffff
[M8T] IN2 e2e8=0007
*** 2 repeats ***
[M8T] IN2 e2e8=ff07
[M8T] IN2 e2e8=0707
[M8T] IN2 e2e8=ffff
*** 45 repeats ***
[M8T] IN2 e2e8=0707
*** 3 repeats ***
[M8T] IN2 e2e8=07ff
[M8T] IN2 e2e8=0707
*** 8 repeats ***
[M8T] IN2 e2e8=f807
[M8T] IN2 e2e8=ff00
[M8T] IN2 e2e8=0707
*** 9 repeats ***
[M8T] IN2 e2e8=00f8
[M8T] IN2 e2e8=07ff
[M8T] IN2 e2e8=0707
*** 8 repeats ***
[M8T] IN2 e2e8=f807
[M8T] IN2 e2e8=0700
[M8T] IN2 e2e8=0707
*** 2 repeats ***
[M8T] IN2 e2e8=ff07
[M8T] IN2 e2e8=0707
*** 9 repeats ***
[M8T] IN2 e2e8=00f8
[M8T] IN2 e2e8=0707
*** 3 repeats ***
[M8T] IN2 e2e8=07ff
[M8T] IN2 e2e8=0707
*** 8 repeats ***
[M8T] IN2 e2e8=f807
[M8T] IN2 e2e8=0000
[M8T] IN2 e2e8=07f8
[M8T] IN2 e2e8=07ff
[M8T] IN2 e2e8=ffff
*** 5 repeats ***
[M8T] IN2 e2e8=07ff
*** 1 repeats ***
[M8T] IN2 e2e8=ff07
[M8T] IN2 e2e8=0707
*** 3 repeats ***
[M8T] IN2 e2e8=07ff
[M8T] IN2 e2e8=0707
*** 8 repeats ***
[M8T] IN2 e2e8=f807
[M8T] IN2 e2e8=0700
[M8T] IN2 e2e8=0707
*** 30 repeats ***
[M8T] IN2 e2e8=ffff
*** 1 repeats ***
[M8T] IN2 e2e8=fcff
*** 1 repeats ***
[M8T] IN2 e2e8=ffff
[M8T] IN2 e2e8=0007
*** 2 repeats ***
[M8T] IN2 e2e8=ff07
[M8T] IN2 e2e8=0707
*** 50 repeats ***
[M8T] IN2 e2e8=f8ff
[M8T] IN2 e2e8=f8f8
*** 9 repeats ***
[M8T] IN2 e2e8=ff00
[M8T] IN2 e2e8=f8f8
*** 9 repeats ***
[M8T] IN2 e2e8=00f8
[M8T] IN2 e2e8=f8ff
[M8T] IN2 e2e8=f8f8
*** 9 repeats ***
[M8T] IN2 e2e8=0700
[M8T] IN2 e2e8=0707
*** 2 repeats ***
[M8T] IN2 e2e8=ff07
[M8T] IN2 e2e8=f8f8
*** 9 repeats ***
[M8T] IN2 e2e8=00f8
[M8T] IN2 e2e8=0707
*** 3 repeats ***
[M8T] IN2 e2e8=f8ff
[M8T] IN2 e2e8=f8f8
*** 9 repeats ***
[M8T] IN2 e2e8=0000
[M8T] IN2 e2e8=0707
*** 9 repeats ***
[M8T] IN2 e2e8=ff07
[M8T] IN2 e2e8=0707
*** 3 repeats ***
[M8T] IN2 e2e8=f8ff
[M8T] IN2 e2e8=f8f8
*** 9 repeats ***
[M8T] IN2 e2e8=0700
[M8T] IN2 e2e8=0707
*** 30 repeats ***
[M8T] IN2 e2e8=ffff
*** 1 repeats ***
[M8T] IN2 e2e8=fcff
*** 1 repeats ***
[M8T] IN2 e2e8=ffff
[M8T] IN2 e2e8=0007
*** 2 repeats ***
[M8T] IN2 e2e8=ff07
[M8T] IN2 e2e8=0707
*** 50 repeats ***
[M8T] IN2 e2e8=0000
*** 33 repeats ***
[M8T] IN2 e2e8=0700
[M8T] IN2 e2e8=0707
*** 2 repeats ***
[M8T] IN2 e2e8=0007
[M8T] IN2 e2e8=0000
*** 10 repeats ***
[M8T] IN2 e2e8=0707
*** 3 repeats ***
[M8T] IN2 e2e8=0000
*** 10 repeats ***
[M8T] IN2 e2e8=ff00
[M8T] IN2 e2e8=ffff
*** 10 repeats ***
[M8T] IN2 e2e8=0707
*** 3 repeats ***
[M8T] IN2 e2e8=0000
*** 10 repeats ***
[M8T] IN2 e2e8=0700
[M8T] IN2 e2e8=0707
*** 30 repeats ***
[M8T] IN2 e2e8=ffff
*** 1 repeats ***
[M8T] IN2 e2e8=fcff
*** 1 repeats ***
[M8T] IN2 e2e8=ffff
[M8T] IN2 e2e8=0007
*** 2 repeats ***
[M8T] IN2 e2e8=ff07
[M8T] IN2 e2e8=0707
*** 174 repeats ***
[M8T] IN2 e2e8=ffff
*** 1 repeats ***
[M8T] IN2 e2e8=fcff
*** 1 repeats ***
[M8T] IN2 e2e8=ffff
[M8T] IN2 e2e8=0007
*** 2 repeats ***
[M8T] IN2 e2e8=ff07
[M8T] IN2 e2e8=0707
*** 174 repeats ***
[M8T] IN2 e2e8=fcff
[M8T] IN2 e2e8=ffff
[M8T] IN2 e2e8=fcff
*** 1 repeats ***
[M8T] IN2 e2e8=ffff
[M8T] IN2 e2e8=0007
*** 1 repeats ***
[M8T] IN2 e2e8=0707
[M8T] IN2 e2e8=ff07
[M8T] IN2 e2e8=0707
[M8T] IN2 e2e8=f8f8
*** 173 repeats ***
[M8T] IN2 e2e8=fcff
[M8T] IN2 e2e8=ffff
*** 1 repeats ***
[M8T] IN2 e2e8=fcff
[M8T] IN2 e2e8=ffff
[M8T] IN2 e2e8=0007
[M8T] IN2 e2e8=0707
[M8T] IN2 e2e8=ff07
*** 1 repeats ***
[M8T] IN2 e2e8=0707
[M8T] IN2 e2e8=00f8
[M8T] IN2 e2e8=0000
*** 172 repeats ***
[M8T] IN2 e2e8=fcff
[M8T] IN2 e2e8=ffff
*** 3 repeats ***
[M8T] IN2 e2e8=0707
[M8T] IN2 e2e8=ff07
[M8T] IN2 e2e8=f8ff
[M8T] IN2 e2e8=ff07
[M8T] IN2 e2e8=0707
[M8T] IN2 e2e8=00f8
[M8T] IN2 e2e8=0000
*** 172 repeats ***
[M8T] IN2 e2e8=fcff
[M8T] IN2 e2e8=ffff
*** 2 repeats ***
[M8T] IN2 e2e8=07ff
[M8T] IN2 e2e8=ff07
[M8T] IN2 e2e8=f8ff
[M8T] IN2 e2e8=f8f8
[M8T] IN2 e2e8=ff07
[M8T] IN2 e2e8=0707
[M8T] IN2 e2e8=00f8
[M8T] IN2 e2e8=0000
*** 172 repeats ***
[M8T] IN2 e2e8=fcff
[M8T] IN2 e2e8=ffff
[M8T] IN2 e2e8=0707
*** 1 repeats ***
[M8T] IN2 e2e8=ff07
[M8T] IN2 e2e8=f8ff
[M8T] IN2 e2e8=f8f8
*** 1 repeats ***
[M8T] IN2 e2e8=ff07
[M8T] IN2 e2e8=0707
[M8T] IN2 e2e8=00f8
[M8T] IN2 e2e8=0000
*** 172 repeats ***
[M8T] IN2 e2e8=f8f8
[M8T] IN2 e2e8=07ff
[M8T] IN2 e2e8=ffff
*** 1 repeats ***
[M8T] IN2 e2e8=f8ff
[M8T] IN2 e2e8=f8f8
*** 2 repeats ***
[M8T] IN2 e2e8=ff07
[M8T] IN2 e2e8=0707
[M8T] IN2 e2e8=00f8
[M8T] IN2 e2e8=0000
*** 172 repeats ***
[M8T] IN2 e2e8=f8ff
[M8T] IN2 e2e8=fff8
[M8T] IN2 e2e8=0707
*** 1 repeats ***
[M8T] IN2 e2e8=f8f8
*** 3 repeats ***
[M8T] IN2 e2e8=ff07
[M8T] IN2 e2e8=0707
[M8T] IN2 e2e8=00f8
[M8T] IN2 e2e8=0000
*** 172 repeats ***
[M8T] IN2 e2e8=ff07
[M8T] IN2 e2e8=07ff
[M8T] IN2 e2e8=0707
*** 1 repeats ***
[M8T] IN2 e2e8=f8f8
*** 3 repeats ***
[M8T] IN2 e2e8=ff07
[M8T] IN2 e2e8=0707
[M8T] IN2 e2e8=00f8
[M8T] IN2 e2e8=0000
*** 172 repeats ***
[M8T] IN2 e2e8=0707
*** 3 repeats ***
[M8T] IN2 e2e8=f8f8
*** 3 repeats ***
[M8T] IN2 e2e8=ff07
[M8T] IN2 e2e8=0707
[M8T] IN2 e2e8=00f8
[M8T] IN2 e2e8=0000
*** 172 repeats ***
[M8T] IN2 e2e8=0700
[M8T] IN2 e2e8=0707
*** 2 repeats ***
[M8T] IN2 e2e8=f8f8
*** 2 repeats ***
[M8T] IN2 e2e8=00f8
[M8T] IN2 e2e8=ff07
[M8T] IN2 e2e8=0707
[M8T] IN2 e2e8=00f8
[M8T] IN2 e2e8=0000
*** 172 repeats ***
[M8T] IN2 e2e8=0006
[M8T] IN2 e2e8=0700
[M8T] IN2 e2e8=0707
*** 1 repeats ***
[M8T] IN2 e2e8=f8f8
*** 1 repeats ***
[M8T] IN2 e2e8=00f8
[M8T] IN2 e2e8=0600
[M8T] IN2 e2e8=ff07
[M8T] IN2 e2e8=0707
[M8T] IN2 e2e8=00f8
[M8T] IN2 e2e8=0000
*** 172 repeats ***
[M8T] IN2 e2e8=0606
[M8T] IN2 e2e8=0006
[M8T] IN2 e2e8=0700
[M8T] IN2 e2e8=0707
[M8T] IN2 e2e8=f8f8
[M8T] IN2 e2e8=00f8
[M8T] IN2 e2e8=0600
[M8T] IN2 e2e8=0606
[M8T] IN2 e2e8=ff07
[M8T] IN2 e2e8=0707
[M8T] IN2 e2e8=00f8
[M8T] IN2 e2e8=0000
*** 172 repeats ***
[M8T] IN2 e2e8=0606
*** 1 repeats ***
[M8T] IN2 e2e8=0006
[M8T] IN2 e2e8=0700
[M8T] IN2 e2e8=00f8
[M8T] IN2 e2e8=0600
[M8T] IN2 e2e8=0606
*** 1 repeats ***
[M8T] IN2 e2e8=ff07
[M8T] IN2 e2e8=0707
[M8T] IN2 e2e8=00f8
[M8T] IN2 e2e8=0000
*** 172 repeats ***
[M8T] IN2 e2e8=0606
*** 2 repeats ***
[M8T] IN2 e2e8=0006
[M8T] IN2 e2e8=0600
[M8T] IN2 e2e8=0606
*** 2 repeats ***
[M8T] IN2 e2e8=ff07
[M8T] IN2 e2e8=0707
[M8T] IN2 e2e8=00f8
[M8T] IN2 e2e8=0000
*** 172 repeats ***
[M8T] IN2 e2e8=0606
*** 7 repeats ***
[M8T] IN2 e2e8=ff07
[M8T] IN2 e2e8=0707
[M8T] IN2 e2e8=00f8
[M8T] IN2 e2e8=0000
*** 172 repeats ***
[M8T] IN2 e2e8=0606
*** 7 repeats ***
[M8T] IN2 e2e8=ff07
[M8T] IN2 e2e8=0707
[M8T] IN2 e2e8=00f8
[M8T] IN2 e2e8=0000
*** 172 repeats ***
[M8T] IN2 e2e8=0606
*** 7 repeats ***
[M8T] IN2 e2e8=ff07
[M8T] IN2 e2e8=0707
[M8T] IN2 e2e8=00f8
[M8T] IN2 e2e8=0000
*** 172 repeats ***
[M8T] IN2 e2e8=0606
*** 7 repeats ***
[M8T] IN2 e2e8=ff07
[M8T] IN2 e2e8=0707
[M8T] IN2 e2e8=00f8
[M8T] IN2 e2e8=0000
*** 172 repeats ***
[M8T] IN2 e2e8=0606
*** 7 repeats ***
[M8T] IN2 e2e8=ff07
[M8T] IN2 e2e8=0707
[M8T] IN2 e2e8=00f8
[M8T] IN2 e2e8=0000
*** 172 repeats ***
[M8T] IN2 e2e8=0606
*** 7 repeats ***
[M8T] IN2 e2e8=ff07
[M8T] IN2 e2e8=0707
[M8T] IN2 e2e8=00f8
[M8T] IN2 e2e8=0000
*** 172 repeats ***
[M8T] IN2 e2e8=0606
*** 2 repeats ***
[M8T] IN2 e2e8=06ff
[M8T] IN2 e2e8=0606
*** 3 repeats ***
[M8T] IN2 e2e8=ff07
[M8T] IN2 e2e8=0707
[M8T] IN2 e2e8=00f8
[M8T] IN2 e2e8=0000
*** 172 repeats ***
[M8T] IN2 e2e8=0606
*** 2 repeats ***
[M8T] IN2 e2e8=06ff
[M8T] IN2 e2e8=0606
*** 3 repeats ***
[M8T] IN2 e2e8=ff07
[M8T] IN2 e2e8=0707
[M8T] IN2 e2e8=00f8
[M8T] IN2 e2e8=0000
*** 172 repeats ***
[M8T] IN2 e2e8=0606
*** 2 repeats ***
[M8T] IN2 e2e8=06ff
[M8T] IN2 e2e8=0606
*** 3 repeats ***
[M8T] IN2 e2e8=ff07
[M8T] IN2 e2e8=0707
[M8T] IN2 e2e8=00f8
[M8T] IN2 e2e8=0000
*** 172 repeats ***
[M8T] IN2 e2e8=06ff
[M8T] IN2 e2e8=ffff
[M8T] IN2 e2e8=0606
[M8T] IN2 e2e8=ffff
*** 1 repeats ***
[M8T] IN2 e2e8=0606
[M8T] IN2 e2e8=ff06
[M8T] IN2 e2e8=ffff
[M8T] IN2 e2e8=ff07
[M8T] IN2 e2e8=0707
[M8T] IN2 e2e8=00f8
[M8T] IN2 e2e8=0000
*** 172 repeats ***
[M8T] IN2 e2e8=ffff
[M8T] IN2 e2e8=0606
[M8T] IN2 e2e8=06ff
*** 1 repeats ***
[M8T] IN2 e2e8=0606
[M8T] IN2 e2e8=06ff
*** 1 repeats ***
[M8T] IN2 e2e8=0606
[M8T] IN2 e2e8=ff07
[M8T] IN2 e2e8=0707
[M8T] IN2 e2e8=00f8
[M8T] IN2 e2e8=0000
*** 17 repeats ***
[M8B] end cur=28,286
[M8B] start cur=512,384 dyend=416 dpc=6211 dpitch=1024 doff=0 clip 0,0-1023,767 compat=0
[M8B] end cur=512,416
[M8B] start cur=16,769 dyend=770 dpc=3251 dpitch=1024 doff=0 clip 0,0-1535,1535 compat=0
[M8T] OUT2 caee=0010
[M8X] scan cur=0,770 to=16 compat=0 dpc=3251 dp_compat=0 frgd_sel=1 bkgd_sel=0 mono=2 fmix=02 cmd_back=0 pixw=1 pitch=1024 off=0 dstp=1024
[M8T] IN2 9aee=0000
[M8T] OUT2 e2e8=ffff
[M8T] IN2 9aee=0000
[M8T] OUT2 86e8=0010
[M8T] OUT2 82e8=0301
[M8B] start cur=16,769 dyend=770 dpc=3251 dpitch=1024 doff=0 clip 0,0-1535,1535 compat=0
[M8T] IN2 9aee=0000
[M8T] OUT2 e2e8=0000
*** 13 repeats ***
[M8T] OUT2 e2e8=0f00
[M8T] OUT2 e2e8=00f8
[M8T] OUT2 e2e8=0000
*** 1 repeats ***
[M8T] OUT2 e2e8=0f00
[M8T] OUT2 e2e8=00f8
[M8T] OUT2 e2e8=0f00
[M8T] OUT2 e2e8=00f8
[M8T] OUT2 e2e8=0d00
[M8T] OUT2 e2e8=0058
[M8T] OUT2 e2e8=0e00
[M8T] OUT2 e2e8=00b8
[M8T] OUT2 e2e8=0700
[M8T] OUT2 e2e8=0070
[M8T] OUT2 e2e8=0300
[M8T] OUT2 e2e8=00e0
[M8T] OUT2 e2e8=0100
[M8T] OUT2 e2e8=0040
[M8T] OUT2 e2e8=0000
[M8T] OUT2 e2e8=0080
[M8T] OUT2 e2e8=0000
[M8T] OUT2 e2e8=0080
[M8T] OUT2 e2e8=0100
[M8T] OUT2 e2e8=00c0
[M8T] OUT2 e2e8=0300
[M8T] OUT2 e2e8=0060
[M8T] OUT2 e2e8=0700
[M8T] OUT2 e2e8=00f0
[M8T] OUT2 e2e8=0f00
[M8T] OUT2 e2e8=0078
[M8T] OUT2 e2e8=0e00
[M8T] OUT2 e2e8=00b8
[M8T] OUT2 e2e8=0d00
[M8T] OUT2 e2e8=0058
[M8T] OUT2 e2e8=0a00
[M8T] OUT2 e2e8=00a8
[M8T] OUT2 e2e8=0000
*** 1 repeats ***
[M8T] OUT2 e2e8=0f00
[M8T] OUT2 e2e8=00f8
[M8T] OUT2 e2e8=0000
*** 8 repeats ***
[M8T] IN2 9aee=0000
[M8T] OUT2 86e8=0000
[M8T] OUT2 82e8=0302
[M8T] OUT2 caee=0010
[M8X] scan cur=0,770 to=16 compat=0 dpc=3251 dp_compat=0 frgd_sel=1 bkgd_sel=0 mono=2 fmix=02 cmd_back=0 pixw=1 pitch=1024 off=0 dstp=1024
[M8T] IN2 9aee=0000
[M8T] OUT2 e2e8=0000
[M8T] IN2 9aee=0000
[M8T] IN2 9aee=8000
[M8T] IN2 9aee=0000
[M8T] OUT2 8ee8=01f0
[M8T] OUT2 8ae8=0170
[M8T] IN2 9aee=fe00
[M8T] IN2 9aee=0000
[M8T] OUT2 86e8=0010
[M8T] OUT2 82e8=0300
[M8B] start cur=16,768 dyend=769 dpc=6211 dpitch=1024 doff=0 clip 0,0-1535,1535 compat=0
[M8B] end cur=0,769
[M8T] IN2 9aee=0000
[M8T] OUT2 8ae8=018f
[M8T] OUT2 8ee8=0200
[M8T] IN2 9aee=f000
[M8T] IN2 9aee=0000
[M8T] OUT2 86e8=0000
[M8T] OUT2 82e8=0301
[M8T] OUT2 caee=0010
[M8X] scan cur=0,769 to=16 compat=0 dpc=6211 dp_compat=0 frgd_sel=3 bkgd_sel=0 mono=0 fmix=07 cmd_back=1 pixw=1 pitch=1024 off=0 dstp=1024
[M8Y] count=-1 width=16 dx=0 dy=769 dest=0c0400 clip l=0 t=0 r=1535 b=1535 cmp=0 fc=00000007 wm=000000ff
[M8T] IN2 9aee=0000
[M8T] OUT2 daee=0000
[M8T] OUT2 deee=0000
[M8T] OUT2 e2ee=03ff
[M8T] OUT2 e6ee=02ff
[M8T] OUT2 a6e8=ffff
[M8T] IN2 9aee=ff00
[M8T] IN2 9aee=0000
[M8T] OUT2 8ae8=0301
[M8T] OUT2 8ee8=0010
[M8T] OUT2 82e8=0170
[M8T] OUT2 86e8=01f0
[M8B] start cur=496,368 dyend=400 dpc=2071 dpitch=1024 doff=0 clip 0,0-1023,767 compat=0
[M8T] IN2 9aee=0000
[M8T] OUT2 8ae8=0301
[M8T] OUT2 8ee8=0010
[M8T] OUT2 82e8=0170
[M8T] OUT2 86e8=01f0
[M8B] start cur=496,368 dyend=400 dpc=2071 dpitch=1024 doff=0 clip 0,0-1023,767 compat=0
[M8T] OUT2 e2ee=05ff
[M8T] OUT2 e6ee=05ff
[M8T] IN2 9aee=c000
[M8T] IN2 9aee=0000
[M8T] OUT2 a6e8=0000
[M8T] OUT2 86e8=018b
[M8T] OUT2 82e8=0021
[M8B] start cur=395,33 dyend=286 dpc=2211 dpitch=1024 doff=0 clip 0,0-1535,1535 compat=0
[M8B] end cur=395,286
[M8T] IN2 9aee=0000
[M8T] OUT2 a6e8=0000
[M8T] OUT2 86e8=001e
[M8T] OUT2 82e8=011d
[M8B] start cur=30,285 dyend=286 dpc=2211 dpitch=1024 doff=0 clip 0,0-1535,1535 compat=0
[M8B] end cur=30,286
[M8T] IN2 9aee=0000
[M8T] OUT2 a6e8=0707
[M8T] OUT2 86e8=001e
[M8T] OUT2 82e8=0021
[M8B] start cur=30,33 dyend=285 dpc=2211 dpitch=1024 doff=0 clip 0,0-1535,1535 compat=0
[M8B] end cur=30,285
[M8T] IN2 9aee=0000
[M8T] OUT2 a6e8=0707
[M8T] OUT2 86e8=001f
[M8T] OUT2 82e8=0021
[M8B] start cur=31,33 dyend=34 dpc=2211 dpitch=1024 doff=0 clip 0,0-1535,1535 compat=0
[M8B] end cur=31,34
[M8T] IN2 9aee=0000
[M8T] OUT2 a6e8=f8f8
[M8T] OUT2 86e8=018a
[M8T] OUT2 82e8=0022
[M8B] start cur=394,34 dyend=285 dpc=2211 dpitch=1024 doff=0 clip 0,0-1535,1535 compat=0
[M8B] end cur=394,285
[M8T] IN2 9aee=0000
[M8T] OUT2 a6e8=f8f8
[M8T] OUT2 86e8=001f
[M8T] OUT2 82e8=011c
[M8B] start cur=31,284 dyend=285 dpc=2211 dpitch=1024 doff=0 clip 0,0-1535,1535 compat=0
[M8B] end cur=31,285
[M8T] IN2 9aee=0000
[M8T] OUT2 a6e8=ffff
[M8T] OUT2 86e8=001f
[M8T] OUT2 82e8=0022
[M8B] start cur=31,34 dyend=284 dpc=2211 dpitch=1024 doff=0 clip 0,0-1535,1535 compat=0
[M8B] end cur=31,284
[M8T] IN2 9aee=0000
[M8T] OUT2 a6e8=ffff
[M8T] OUT2 86e8=0020
[M8T] OUT2 82e8=0022
[M8B] start cur=32,34 dyend=35 dpc=2211 dpitch=1024 doff=0 clip 0,0-1535,1535 compat=0
[M8B] end cur=32,35
[M8T] IN2 9aee=0000
[M8T] OUT2 a6e8=0707
[M8T] OUT2 86e8=0020
[M8T] OUT2 82e8=0023
[M8B] start cur=32,35 dyend=283 dpc=2211 dpitch=1024 doff=0 clip 0,0-1535,1535 compat=0
[M8B] end cur=32,283
[M8T] IN2 9aee=0000
[M8T] OUT2 a6e8=0707
[M8T] OUT2 86e8=0021
[M8T] OUT2 82e8=0023
[M8B] start cur=33,35 dyend=36 dpc=2211 dpitch=1024 doff=0 clip 0,0-1535,1535 compat=0
[M8B] end cur=33,36
[M8T] IN2 9aee=0000
[M8T] OUT2 a6e8=0707
[M8T] OUT2 86e8=0020
[M8T] OUT2 82e8=011b
[M8B] start cur=32,283 dyend=284 dpc=2211 dpitch=1024 doff=0 clip 0,0-1535,1535 compat=0
[M8B] end cur=32,284
[M8T] IN2 9aee=0000
[M8T] OUT2 a6e8=0707
[M8T] OUT2 86e8=0189
[M8T] OUT2 82e8=0024
[M8B] start cur=393,36 dyend=284 dpc=2211 dpitch=1024 doff=0 clip 0,0-1535,1535 compat=0
[M8B] end cur=393,284
[M8T] IN2 9aee=0000
[M8T] OUT2 a6e8=0707
[M8T] OUT2 86e8=0021
[M8T] OUT2 82e8=0036
[M8B] start cur=33,54 dyend=55 dpc=2211 dpitch=1024 doff=0 clip 0,0-1535,1535 compat=0
[M8B] end cur=33,55
[M8T] IN2 9aee=0000
[M8T] IN2 9ae8=0000
[M8T] OUT2 daee=0175
[M8T] OUT2 e2ee=0188
[M8T] OUT2 86e8=0175
[M8T] OUT2 82e8=0024
[M8B] start cur=373,36 dyend=54 dpc=5211 dpitch=1024 doff=0 clip 373,0-392,1535 compat=0
[M8T] OUT2 e2e8=0404
*** 20 repeats ***
[M8T] OUT2 e2e8=ffff
*** 6 repeats ***
[M8T] OUT2 e2e8=00ff
[M8T] OUT2 e2e8=0404
*** 1 repeats ***
[M8T] OUT2 e2e8=07ff
[M8T] OUT2 e2e8=0707
*** 5 repeats ***
[M8T] OUT2 e2e8=00f8
[M8T] OUT2 e2e8=0404
*** 1 repeats ***
[M8T] OUT2 e2e8=07ff
[M8T] OUT2 e2e8=0707
*** 5 repeats ***
[M8T] OUT2 e2e8=00f8
[M8T] OUT2 e2e8=0404
*** 1 repeats ***
[M8T] OUT2 e2e8=07ff
[M8T] OUT2 e2e8=0707
[M8T] OUT2 e2e8=0000
[M8T] OUT2 e2e8=0707
*** 1 repeats ***
[M8T] OUT2 e2e8=0000
[M8T] OUT2 e2e8=0707
[M8T] OUT2 e2e8=00f8
[M8T] OUT2 e2e8=0404
*** 1 repeats ***
[M8T] OUT2 e2e8=07ff
[M8T] OUT2 e2e8=0707
[M8T] OUT2 e2e8=0007
[M8T] OUT2 e2e8=0700
[M8T] OUT2 e2e8=0007
[M8T] OUT2 e2e8=0700
[M8T] OUT2 e2e8=0707
[M8T] OUT2 e2e8=00f8
[M8T] OUT2 e2e8=0404
*** 1 repeats ***
[M8T] OUT2 e2e8=07ff
[M8T] OUT2 e2e8=0707
*** 1 repeats ***
[M8T] OUT2 e2e8=0000
*** 1 repeats ***
[M8T] OUT2 e2e8=0707
*** 1 repeats ***
[M8T] OUT2 e2e8=00f8
[M8T] OUT2 e2e8=0404
*** 1 repeats ***
[M8T] OUT2 e2e8=07ff
[M8T] OUT2 e2e8=0707
*** 1 repeats ***
[M8T] OUT2 e2e8=0007
[M8T] OUT2 e2e8=0700
[M8T] OUT2 e2e8=0707
*** 1 repeats ***
[M8T] OUT2 e2e8=00f8
[M8T] OUT2 e2e8=0404
*** 1 repeats ***
[M8T] OUT2 e2e8=07ff
[M8T] OUT2 e2e8=0707
*** 1 repeats ***
[M8T] OUT2 e2e8=0000
*** 1 repeats ***
[M8T] OUT2 e2e8=0707
*** 1 repeats ***
[M8T] OUT2 e2e8=00f8
[M8T] OUT2 e2e8=0404
*** 1 repeats ***
[M8T] OUT2 e2e8=07ff
[M8T] OUT2 e2e8=0707
[M8T] OUT2 e2e8=0007
[M8T] OUT2 e2e8=0700
[M8T] OUT2 e2e8=0007
[M8T] OUT2 e2e8=0700
[M8T] OUT2 e2e8=0707
[M8T] OUT2 e2e8=00f8
[M8T] OUT2 e2e8=0404
*** 1 repeats ***
[M8T] OUT2 e2e8=07ff
[M8T] OUT2 e2e8=0707
[M8T] OUT2 e2e8=0000
[M8T] OUT2 e2e8=0707
*** 1 repeats ***
[M8T] OUT2 e2e8=0000
[M8T] OUT2 e2e8=0707
[M8T] OUT2 e2e8=00f8
[M8T] OUT2 e2e8=0404
*** 1 repeats ***
[M8T] OUT2 e2e8=07ff
[M8T] OUT2 e2e8=0707
*** 5 repeats ***
[M8T] OUT2 e2e8=00f8
[M8T] OUT2 e2e8=0404
*** 1 repeats ***
[M8T] OUT2 e2e8=07ff
[M8T] OUT2 e2e8=0707
*** 5 repeats ***
[M8T] OUT2 e2e8=00f8
[M8T] OUT2 e2e8=0404
*** 1 repeats ***
[M8T] OUT2 e2e8=f8ff
[M8T] OUT2 e2e8=f8f8
*** 5 repeats ***
[M8T] OUT2 e2e8=00f8
[M8T] OUT2 e2e8=0404
*** 1 repeats ***
[M8T] OUT2 e2e8=0000
*** 7 repeats ***
[M8T] OUT2 e2e8=0404
*** 20 repeats ***
[M8B] end cur=373,54
[M8T] IN2 9aee=0000
[M8T] OUT2 daee=0000
[M8T] OUT2 e2ee=05ff
[M8T] IN2 9aee=c000
[M8T] IN2 9aee=0000
[M8T] OUT2 a6e8=0404
[M8T] OUT2 86e8=0021
[M8T] OUT2 82e8=0024
[M8B] start cur=33,36 dyend=54 dpc=2211 dpitch=1024 doff=0 clip 0,0-1535,1535 compat=0
[M8B] end cur=33,54
[M8T] IN2 9aee=0000
[M8T] OUT2 daee=0021
[M8T] OUT2 deee=0024
[M8T] OUT2 e2ee=0174
[M8T] OUT2 e6ee=0035
[M8T] IN2 9aee=f000
[M8T] IN2 9aee=0000
[M8T] OUT2 a6e8=0004
[M8T] IN2 9aee=e000
[M8T] IN2 9aee=0000
[M8T] OUT2 86e8=0023
[M8T] OUT2 82e8=0026
[M8B] start cur=35,38 dyend=51 dpc=2211 dpitch=1024 doff=0 clip 33,36-372,53 compat=0
[M8B] end cur=35,51
[M8T] IN2 9aee=0000
[M8T] OUT2 a6e8=ffff
[M8T] IN2 9aee=f800
[M8T] IN2 9aee=0000
[M8T] OUT2 daee=0000
[M8T] OUT2 deee=0000
[M8T] OUT2 e2ee=05ff
[M8T] OUT2 e6ee=05ff
[M8T] IN2 9aee=f000
[M8T] IN2 9aee=0000
[M8T] OUT2 daee=0021
[M8T] OUT2 deee=0024
[M8T] OUT2 e2ee=0174
[M8T] OUT2 e6ee=0035
[M8T] IN2 9aee=f000
[M8T] IN2 9aee=0000
[M8T] OUT2 a6e8=0004
[M8T] IN2 9aee=e000
[M8T] IN2 9aee=0000
[M8T] OUT2 86e8=0024
[M8T] OUT2 82e8=0026
[M8B] start cur=36,38 dyend=51 dpc=2211 dpitch=1024 doff=0 clip 33,36-372,53 compat=0
[M8B] end cur=36,51
[M8T] IN2 9aee=0000
[M8T] OUT2 a6e8=ffff
[M8T] IN2 9aee=f800
[M8T] IN2 9aee=0000
[M8T] OUT2 86e8=0024
[M8T] OUT2 82e8=0028
[M8B] start cur=36,40 dyend=49 dpc=3251 dpitch=1024 doff=0 clip 33,36-372,53 compat=0
[M8T] IN2 9aee=0000
[M8T] OUT2 e2e8=3080
[M8T] OUT2 e2e8=1105
[M8T] OUT2 e2e8=2422
[M8T] OUT2 e2e8=5544
[M8T] IN2 9aee=0000
[M8T] OUT2 e2e8=a00a
[M8T] OUT2 e2e8=1188
[M8T] OUT2 e2e8=0000
*** 1 repeats ***
[M8T] IN2 9aee=8000
[M8T] IN2 9aee=0000
[M8T] OUT2 86e8=0031
[M8T] OUT2 82e8=0028
[M8B] start cur=49,40 dyend=49 dpc=3251 dpitch=1024 doff=0 clip 33,36-372,53 compat=0
[M8T] IN2 9aee=0000
[M8T] OUT2 e2e8=18fa
[M8T] OUT2 e2e8=fa61
[M8T] OUT2 e2e8=6118
[M8T] OUT2 e2e8=0084
[M8T] IN2 9aee=0000
[M8T] OUT2 86e8=003a
[M8T] OUT2 82e8=0028
[M8B] start cur=58,40 dyend=49 dpc=3251 dpitch=1024 doff=0 clip 33,36-372,53 compat=0
[M8T] IN2 9aee=0000
[M8T] OUT2 e2e8=08f9
[M8T] OUT2 e2e8=1042
[M8T] OUT2 e2e8=2084
[M8T] OUT2 e2e8=0000
[M8T] IN2 9aee=8000
[M8T] IN2 9aee=0000
[M8T] OUT2 86e8=0042
[M8T] OUT2 82e8=0028
[M8B] start cur=66,40 dyend=49 dpc=3251 dpitch=1024 doff=0 clip 33,36-372,53 compat=0
[M8T] IN2 9aee=0000
[M8T] OUT2 e2e8=21fc
[M8T] OUT2 e2e8=420f
[M8T] OUT2 e2e8=f810
[M8T] OUT2 e2e8=0000
[M8T] IN2 9aee=8000
[M8T] IN2 9aee=0000
[M8T] OUT2 86e8=004a
[M8T] OUT2 82e8=0028
[M8B] start cur=74,40 dyend=49 dpc=3251 dpitch=1024 doff=0 clip 33,36-372,53 compat=0
[M8T] IN2 9aee=0000
[M8T] OUT2 e2e8=6174
[M8T] OUT2 e2e8=0407
[M8T] OUT2 e2e8=7031
[M8T] OUT2 e2e8=0000
[M8T] IN2 9aee=8000
[M8T] IN2 9aee=0000
[M8T] OUT2 86e8=0052
[M8T] OUT2 82e8=0028
[M8B] start cur=82,40 dyend=49 dpc=3251 dpitch=1024 doff=0 clip 33,36-372,53 compat=0
[M8T] IN2 9aee=0000
[M8T] OUT2 e2e8=08f9
[M8T] OUT2 e2e8=1042
[M8T] OUT2 e2e8=2084
[M8T] OUT2 e2e8=0000
[M8T] IN2 9aee=8000
[M8T] IN2 9aee=0000
[M8T] OUT2 daee=0000
[M8T] OUT2 deee=0000
[M8T] OUT2 e2ee=05ff
[M8T] OUT2 e6ee=05ff
[M8T] IN2 9aee=f000
[M8T] IN2 9aee=0000
[M8T] OUT2 daee=0021
[M8T] OUT2 deee=0024
[M8T] OUT2 e2ee=0174
[M8T] OUT2 e6ee=0035
[M8T] IN2 9aee=f000
[M8T] IN2 9aee=0000
[M8T] OUT2 a6e8=ffff
[M8T] IN2 9aee=f800
[M8T] IN2 9aee=0000
[M8T] OUT2 86e8=0023
[M8T] OUT2 82e8=0028
[M8B] start cur=35,40 dyend=49 dpc=3251 dpitch=1024 doff=0 clip 33,36-372,53 compat=0
[M8T] IN2 9aee=0000
[M8T] OUT2 e2e8=3080
[M8T] OUT2 e2e8=1105
[M8T] OUT2 e2e8=2422
[M8T] OUT2 e2e8=5544
[M8T] IN2 9aee=0000
[M8T] OUT2 e2e8=a00a
[M8T] OUT2 e2e8=1188
[M8T] OUT2 e2e8=0000
*** 1 repeats ***
[M8T] IN2 9aee=8000
[M8T] IN2 9aee=0000
[M8T] OUT2 86e8=0030
[M8T] OUT2 82e8=0028
[M8B] start cur=48,40 dyend=49 dpc=3251 dpitch=1024 doff=0 clip 33,36-372,53 compat=0
[M8T] IN2 9aee=0000
[M8T] OUT2 e2e8=18fa
[M8T] OUT2 e2e8=fa61
[M8T] OUT2 e2e8=6118
[M8T] OUT2 e2e8=0084
[M8T] IN2 9aee=0000
[M8T] OUT2 86e8=0039
[M8T] OUT2 82e8=0028
[M8B] start cur=57,40 dyend=49 dpc=3251 dpitch=1024 doff=0 clip 33,36-372,53 compat=0
[M8T] IN2 9aee=0000
[M8T] OUT2 e2e8=08f9
[M8T] OUT2 e2e8=1042
[M8T] OUT2 e2e8=2084
[M8T] OUT2 e2e8=0000
[M8T] IN2 9aee=8000
[M8T] IN2 9aee=0000
[M8T] OUT2 86e8=0041
[M8T] OUT2 82e8=0028
[M8B] start cur=65,40 dyend=49 dpc=3251 dpitch=1024 doff=0 clip 33,36-372,53 compat=0
[M8T] IN2 9aee=0000
[M8T] OUT2 e2e8=21fc
[M8T] OUT2 e2e8=420f
[M8T] OUT2 e2e8=f810
[M8T] OUT2 e2e8=0000
[M8T] IN2 9aee=8000
[M8T] IN2 9aee=0000
[M8T] OUT2 86e8=0049
[M8T] OUT2 82e8=0028
[M8B] start cur=73,40 dyend=49 dpc=3251 dpitch=1024 doff=0 clip 33,36-372,53 compat=0
[M8T] IN2 9aee=0000
[M8T] OUT2 e2e8=6174
[M8T] OUT2 e2e8=0407
[M8T] OUT2 e2e8=7031
[M8T] OUT2 e2e8=0000
[M8T] IN2 9aee=8000
[M8T] IN2 9aee=0000
[M8T] OUT2 86e8=0051
[M8T] OUT2 82e8=0028
[M8B] start cur=81,40 dyend=49 dpc=3251 dpitch=1024 doff=0 clip 33,36-372,53 compat=0
[M8T] IN2 9aee=0000
[M8T] OUT2 e2e8=08f9
[M8T] OUT2 e2e8=1042
[M8T] OUT2 e2e8=2084
[M8T] OUT2 e2e8=0000
[M8T] IN2 9aee=8000
[M8T] IN2 9aee=0000
[M8T] OUT2 daee=0000
[M8T] OUT2 deee=0000
[M8T] OUT2 e2ee=05ff
[M8T] OUT2 e6ee=05ff
[M8T] IN2 9aee=f000
[M8T] IN2 9aee=0000
[M8T] OUT2 a6e8=0707
[M8T] OUT2 86e8=0021
[M8T] OUT2 82e8=0037
[M8B] start cur=33,55 dyend=283 dpc=2211 dpitch=1024 doff=0 clip 0,0-1535,1535 compat=0
[M8B] end cur=33,283
[M8T] IN2 9aee=0000
[M8T] OUT2 a6e8=0707
[M8T] OUT2 86e8=005d
[M8T] OUT2 82e8=0047
[M8B] start cur=93,71 dyend=104 dpc=2211 dpitch=1024 doff=0 clip 0,0-1535,1535 compat=0
[M8B] end cur=93,104
[M8T] IN2 9aee=0000
[M8T] OUT2 daee=005d
[M8T] OUT2 deee=0047
[M8T] OUT2 e2ee=0173
[M8T] OUT2 e6ee=0053
[M8T] IN2 9aee=f000
[M8T] IN2 9aee=0000
[M8T] OUT2 a6e8=0007
[M8T] IN2 9aee=e000
[M8T] IN2 9aee=0000
[M8T] OUT2 86e8=005d
[M8T] OUT2 82e8=0047
[M8B] start cur=93,71 dyend=84 dpc=2211 dpitch=1024 doff=0 clip 93,71-371,83 compat=0
[M8B] end cur=93,84
[M8T] IN2 9aee=0000
[M8T] OUT2 a6e8=0000
[M8T] IN2 9aee=f800
[M8T] IN2 9aee=0000
[M8T] OUT2 86e8=005e
[M8T] OUT2 82e8=0049
[M8B] start cur=94,73 dyend=82 dpc=3251 dpitch=1024 doff=0 clip 93,71-371,83 compat=0
[M8T] OUT2 e2e8=08f9
[M8T] OUT2 e2e8=1042
[M8T] OUT2 e2e8=2084
[M8T] OUT2 e2e8=0000
[M8T] OUT2 86e8=0065
[M8T] OUT2 82e8=0049
[M8B] start cur=101,73 dyend=82 dpc=3251 dpitch=1024 doff=0 clip 93,71-371,83 compat=0
[M8T] OUT2 e2e8=2184
[M8T] OUT2 e2e8=c66c
[M8T] IN2 9aee=0000
[M8T] OUT2 e2e8=8831
[M8T] OUT2 e2e8=0000
[M8T] OUT2 86e8=006b
[M8T] OUT2 82e8=0049
[M8B] start cur=107,73 dyend=82 dpc=3251 dpitch=1024 doff=0 clip 93,71-371,83 compat=0
[M8T] OUT2 e2e8=809f
[M8T] OUT2 e2e8=0000
[M8T] OUT2 86e8=006d
[M8T] OUT2 82e8=004c
[M8B] start cur=109,76 dyend=82 dpc=3251 dpitch=1024 doff=0 clip 93,71-371,83 compat=0
[M8T] OUT2 e2e8=4269
[M8T] OUT2 e2e8=0096
[M8T] IN2 9aee=0000
[M8T] OUT2 86e8=0075
[M8T] OUT2 82e8=004c
[M8B] start cur=117,76 dyend=84 dpc=3251 dpitch=1024 doff=0 clip 93,71-371,83 compat=0
[M8T] OUT2 e2e8=63f4
[M8T] OUT2 e2e8=fa18
[M8T] OUT2 e2e8=0010
[M8T] OUT2 e2e8=0000
[M8T] OUT2 86e8=007b
[M8T] OUT2 82e8=004c
[M8B] start cur=123,76 dyend=82 dpc=3251 dpitch=1024 doff=0 clip 93,71-371,83 compat=0
[M8T] OUT2 e2e8=a0ea
[M8T] OUT2 e2e8=0000
[M8T] IN2 9aee=8000
[M8T] IN2 9aee=0000
[M8T] OUT2 86e8=007e
[M8T] OUT2 82e8=004c
[M8B] start cur=126,76 dyend=82 dpc=3251 dpitch=1024 doff=0 clip 93,71-371,83 compat=0
[M8T] OUT2 e2e8=6374
[M8T] OUT2 e2e8=b818
[M8T] OUT2 86e8=0084
[M8T] OUT2 82e8=004c
[M8B] start cur=132,76 dyend=84 dpc=3251 dpitch=1024 doff=0 clip 93,71-371,83 compat=0
[M8T] OUT2 e2e8=637c
[M8T] OUT2 e2e8=bc18
[M8T] OUT2 e2e8=003e
[M8T] OUT2 e2e8=0000
[M8T] IN2 9aee=8000
[M8T] IN2 9aee=0000
[M8T] OUT2 86e8=008a
[M8T] OUT2 82e8=004c
[M8B] start cur=138,76 dyend=82 dpc=3251 dpitch=1024 doff=0 clip 93,71-371,83 compat=0
[M8T] OUT2 e2e8=a0ea
[M8T] OUT2 e2e8=0000
[M8T] OUT2 86e8=008d
[M8T] OUT2 82e8=004c
[M8B] start cur=141,76 dyend=82 dpc=3251 dpitch=1024 doff=0 clip 93,71-371,83 compat=0
[M8T] OUT2 e2e8=5f70
[M8T] OUT2 e2e8=bc18
[M8T] IN2 9aee=0000
[M8T] OUT2 86e8=0093
[M8T] OUT2 82e8=004c
[M8B] start cur=147,76 dyend=82 dpc=3251 dpitch=1024 doff=0 clip 93,71-371,83 compat=0
[M8T] OUT2 e2e8=26ed
[M8T] OUT2 e2e8=994c
[M8T] OUT2 e2e8=4032
[M8T] OUT2 e2e8=0000
[M8T] OUT2 86e8=009e
[M8T] OUT2 82e8=0049
[M8B] start cur=158,73 dyend=82 dpc=3251 dpitch=1024 doff=0 clip 93,71-371,83 compat=0
[M8T] OUT2 e2e8=809f
[M8T] OUT2 e2e8=0000
[M8T] IN2 9aee=8000
[M8T] IN2 9aee=0000
[M8T] OUT2 86e8=00a0
[M8T] OUT2 82e8=004c
[M8B] start cur=160,76 dyend=82 dpc=3251 dpitch=1024 doff=0 clip 93,71-371,83 compat=0
[M8T] OUT2 e2e8=4269
[M8T] OUT2 e2e8=0096
[M8T] OUT2 86e8=00a8
[M8T] OUT2 82e8=004c
[M8B] start cur=168,76 dyend=82 dpc=3251 dpitch=1024 doff=0 clip 93,71-371,83 compat=0
[M8T] OUT2 e2e8=63b6
[M8T] OUT2 e2e8=c418
[M8T] IN2 9aee=0000
[M8T] OUT2 86e8=00ae
[M8T] OUT2 82e8=004c
[M8B] start cur=174,76 dyend=82 dpc=3251 dpitch=1024 doff=0 clip 93,71-371,83 compat=0
[M8T] OUT2 e2e8=6374
[M8T] OUT2 e2e8=b818
[M8T] OUT2 86e8=00b4
[M8T] OUT2 82e8=004a
[M8B] start cur=180,74 dyend=82 dpc=3251 dpitch=1024 doff=0 clip 93,71-371,83 compat=0
[M8T] OUT2 e2e8=a9ae
[M8T] OUT2 e2e8=0000
[M8T] IN2 9aee=8000
[M8T] IN2 9aee=0000
[M8T] OUT2 86e8=00ba
[M8T] OUT2 82e8=004c
[M8B] start cur=186,76 dyend=82 dpc=3251 dpitch=1024 doff=0 clip 93,71-371,83 compat=0
[M8T] OUT2 e2e8=a0ea
[M8T] OUT2 e2e8=0000
[M8T] OUT2 86e8=00bd
[M8T] OUT2 82e8=004c
[M8B] start cur=189,76 dyend=82 dpc=3251 dpitch=1024 doff=0 clip 93,71-371,83 compat=0
[M8T] OUT2 e2e8=7f74
[M8T] OUT2 e2e8=b808
[M8T] IN2 9aee=0000
[M8T] OUT2 86e8=00c3
[M8T] OUT2 82e8=004c
[M8B] start cur=195,76 dyend=82 dpc=3251 dpitch=1024 doff=0 clip 93,71-371,83 compat=0
[M8T] OUT2 e2e8=4269
[M8T] OUT2 e2e8=0096
[M8T] OUT2 86e8=00c8
[M8T] OUT2 82e8=004c
[M8B] start cur=200,76 dyend=84 dpc=3251 dpitch=1024 doff=0 clip 93,71-371,83 compat=0
[M8T] OUT2 e2e8=63f4
[M8T] OUT2 e2e8=fa18
[M8T] OUT2 e2e8=0010
[M8T] OUT2 e2e8=0000
[M8T] IN2 9aee=8000
[M8T] IN2 9aee=0000
[M8T] OUT2 86e8=00ce
[M8T] OUT2 82e8=004c
[M8B] start cur=206,76 dyend=82 dpc=3251 dpitch=1024 doff=0 clip 93,71-371,83 compat=0
[M8T] OUT2 e2e8=6374
[M8T] OUT2 e2e8=b818
[M8T] OUT2 86e8=00d4
[M8T] OUT2 82e8=004c
[M8B] start cur=212,76 dyend=82 dpc=3251 dpitch=1024 doff=0 clip 93,71-371,83 compat=0
[M8T] OUT2 e2e8=63b6
[M8T] OUT2 e2e8=c418
[M8T] IN2 9aee=0000
[M8T] OUT2 86e8=00da
[M8T] OUT2 82e8=0049
[M8B] start cur=218,73 dyend=82 dpc=3251 dpitch=1024 doff=0 clip 93,71-371,83 compat=0
[M8T] OUT2 e2e8=4208
[M8T] OUT2 e2e8=c6f8
[M8T] OUT2 e2e8=7831
[M8T] OUT2 e2e8=0000
[M8T] OUT2 86e8=00e0
[M8T] OUT2 82e8=0049
[M8B] start cur=224,73 dyend=82 dpc=3251 dpitch=1024 doff=0 clip 93,71-371,83 compat=0
[M8T] OUT2 e2e8=809f
[M8T] OUT2 e2e8=0000
[M8T] IN2 9aee=8000
[M8T] IN2 9aee=0000
[M8T] OUT2 86e8=00e2
[M8T] OUT2 82e8=004c
[M8B] start cur=226,76 dyend=82 dpc=3251 dpitch=1024 doff=0 clip 93,71-371,83 compat=0
[M8T] OUT2 e2e8=63b6
[M8T] OUT2 e2e8=c418
[M8T] OUT2 86e8=00e8
[M8T] OUT2 82e8=004c
[M8B] start cur=232,76 dyend=84 dpc=3251 dpitch=1024 doff=0 clip 93,71-371,83 compat=0
[M8T] OUT2 e2e8=637c
[M8T] OUT2 e2e8=bc18
[M8T] OUT2 e2e8=003e
[M8T] OUT2 e2e8=0000
[M8T] IN2 9aee=8000
[M8T] IN2 9aee=0000
[M8T] OUT2 86e8=00ee
[M8T] OUT2 82e8=0051
[M8B] start cur=238,81 dyend=82 dpc=3251 dpitch=1024 doff=0 clip 93,71-371,83 compat=0
[M8T] OUT2 e2e8=0080
[M8T] OUT2 e2e8=0000
[M8T] OUT2 86e8=00f4
[M8T] OUT2 82e8=0049
[M8B] start cur=244,73 dyend=82 dpc=3251 dpitch=1024 doff=0 clip 93,71-371,83 compat=0
[M8T] OUT2 e2e8=80ff
[M8T] OUT2 e2e8=0000
[M8T] IN2 9aee=8000
[M8T] IN2 9aee=0000
[M8T] OUT2 86e8=00f7
[M8T] OUT2 82e8=004a
[M8B] start cur=247,74 dyend=82 dpc=3251 dpitch=1024 doff=0 clip 93,71-371,83 compat=0
[M8T] OUT2 e2e8=a9ae
[M8T] OUT2 e2e8=0000
[M8T] OUT2 86e8=00fd
[M8T] OUT2 82e8=004c
[M8B] start cur=253,76 dyend=82 dpc=3251 dpitch=1024 doff=0 clip 93,71-371,83 compat=0
[M8T] OUT2 e2e8=26ed
[M8T] OUT2 e2e8=994c
[M8T] OUT2 e2e8=4032
[M8T] OUT2 e2e8=0000
[M8T] IN2 9aee=8000
[M8T] IN2 9aee=0000
[M8T] OUT2 86e8=0105
[M8T] OUT2 82e8=004c
[M8B] start cur=261,76 dyend=82 dpc=3251 dpitch=1024 doff=0 clip 93,71-371,83 compat=0
[M8T] OUT2 e2e8=5f70
[M8T] OUT2 e2e8=bc18
[M8T] OUT2 86e8=010a
[M8T] OUT2 82e8=004c
[M8B] start cur=266,76 dyend=84 dpc=3251 dpitch=1024 doff=0 clip 93,71-371,83 compat=0
[M8T] OUT2 e2e8=524a
[M8T] OUT2 e2e8=1093
[M8T] OUT2 e2e8=0098
[M8T] OUT2 e2e8=0000
[M8T] IN2 9aee=8000
[M8T] IN2 9aee=0000
[M8T] OUT2 86e8=0113
[M8T] OUT2 82e8=0049
[M8B] start cur=275,73 dyend=82 dpc=3251 dpitch=1024 doff=0 clip 93,71-371,83 compat=0
[M8T] OUT2 e2e8=2184
[M8T] OUT2 e2e8=c6e8
[M8T] OUT2 e2e8=f031
[M8T] OUT2 e2e8=0000
[M8T] OUT2 86e8=0119
[M8T] OUT2 82e8=004c
[M8B] start cur=281,76 dyend=82 dpc=3251 dpitch=1024 doff=0 clip 93,71-371,83 compat=0
[M8T] OUT2 e2e8=7f74
[M8T] OUT2 e2e8=b808
[M8T] IN2 9aee=0000
[M8T] OUT2 86e8=0122
[M8T] OUT2 82e8=0049
[M8B] start cur=290,73 dyend=82 dpc=3251 dpitch=1024 doff=0 clip 93,71-371,83 compat=0
[M8T] OUT2 e2e8=2184
[M8T] OUT2 e2e8=c6e8
[M8T] OUT2 e2e8=f031
[M8T] OUT2 e2e8=0000
[M8T] OUT2 86e8=0128
[M8T] OUT2 82e8=004c
[M8B] start cur=296,76 dyend=82 dpc=3251 dpitch=1024 doff=0 clip 93,71-371,83 compat=0
[M8T] OUT2 e2e8=638c
[M8T] OUT2 e2e8=b419
[M8T] IN2 9aee=0000
[M8T] OUT2 86e8=012e
[M8T] OUT2 82e8=004c
[M8B] start cur=302,76 dyend=82 dpc=3251 dpitch=1024 doff=0 clip 93,71-371,83 compat=0
[M8T] OUT2 e2e8=4269
[M8T] OUT2 e2e8=0096
[M8T] OUT2 86e8=0132
[M8T] OUT2 82e8=004c
[M8B] start cur=306,76 dyend=84 dpc=3251 dpitch=1024 doff=0 clip 93,71-371,83 compat=0
[M8T] OUT2 e2e8=524a
[M8T] OUT2 e2e8=1093
[M8T] OUT2 e2e8=0098
[M8T] OUT2 e2e8=0000
[M8T] IN2 9aee=8000
[M8T] IN2 9aee=0000
[M8T] OUT2 86e8=0138
[M8T] OUT2 82e8=0051
[M8B] start cur=312,81 dyend=83 dpc=3251 dpitch=1024 doff=0 clip 93,71-371,83 compat=0
[M8T] OUT2 e2e8=0060
[M8T] OUT2 e2e8=0000
[M8T] OUT2 86e8=013e
[M8T] OUT2 82e8=004c
[M8B] start cur=318,76 dyend=82 dpc=3251 dpitch=1024 doff=0 clip 93,71-371,83 compat=0
[M8T] OUT2 e2e8=2693
[M8T] OUT2 e2e8=54ad
[M8T] OUT2 e2e8=8048
[M8T] OUT2 e2e8=0000
[M8T] IN2 9aee=8000
[M8T] IN2 9aee=0000
[M8T] OUT2 86e8=0146
[M8T] OUT2 82e8=004c
[M8B] start cur=326,76 dyend=82 dpc=3251 dpitch=1024 doff=0 clip 93,71-371,83 compat=0
[M8T] OUT2 e2e8=5f70
[M8T] OUT2 e2e8=bc18
[M8T] OUT2 86e8=014c
[M8T] OUT2 82e8=0049
[M8B] start cur=332,73 dyend=82 dpc=3251 dpitch=1024 doff=0 clip 93,71-371,83 compat=0
[M8T] OUT2 e2e8=809f
[M8T] OUT2 e2e8=0000
[M8T] IN2 9aee=8000
[M8T] IN2 9aee=0000
[M8T] OUT2 86e8=014e
[M8T] OUT2 82e8=004a
[M8B] start cur=334,74 dyend=82 dpc=3251 dpitch=1024 doff=0 clip 93,71-371,83 compat=0
[M8T] OUT2 e2e8=a9ae
[M8T] OUT2 e2e8=0000
[M8T] OUT2 86e8=0151
[M8T] OUT2 82e8=0049
[M8B] start cur=337,73 dyend=82 dpc=3251 dpitch=1024 doff=0 clip 93,71-371,83 compat=0
[M8T] OUT2 e2e8=809f
[M8T] OUT2 e2e8=0000
[M8T] IN2 9aee=8000
[M8T] IN2 9aee=0000
[M8T] OUT2 86e8=0153
[M8T] OUT2 82e8=004c
[M8B] start cur=339,76 dyend=82 dpc=3251 dpitch=1024 doff=0 clip 93,71-371,83 compat=0
[M8T] OUT2 e2e8=63b6
[M8T] OUT2 e2e8=c418
[M8T] OUT2 86e8=0159
[M8T] OUT2 82e8=004c
[M8B] start cur=345,76 dyend=84 dpc=3251 dpitch=1024 doff=0 clip 93,71-371,83 compat=0
[M8T] OUT2 e2e8=637c
[M8T] OUT2 e2e8=bc18
[M8T] OUT2 e2e8=003e
[M8T] OUT2 e2e8=0000
[M8T] IN2 9aee=8000
[M8T] IN2 9aee=0000
[M8T] OUT2 86e8=0162
[M8T] OUT2 82e8=0049
[M8B] start cur=354,73 dyend=82 dpc=3251 dpitch=1024 doff=0 clip 93,71-371,83 compat=0
[M8T] OUT2 e2e8=aa6b
[M8T] OUT2 e2e8=0080
[M8T] OUT2 86e8=0165
[M8T] OUT2 82e8=004c
[M8B] start cur=357,76 dyend=82 dpc=3251 dpitch=1024 doff=0 clip 93,71-371,83 compat=0
[M8T] OUT2 e2e8=6374
[M8T] OUT2 e2e8=b818
[M8T] IN2 9aee=0000
[M8T] OUT2 86e8=016b
[M8T] OUT2 82e8=004c
[M8B] start cur=363,76 dyend=82 dpc=3251 dpitch=1024 doff=0 clip 93,71-371,83 compat=0
[M8T] OUT2 e2e8=a0ea
[M8T] OUT2 e2e8=0000
[M8T] IN2 9aee=8000
[M8T] IN2 9aee=0000
[M8T] OUT2 daee=0000
[M8T] OUT2 deee=0000
[M8T] OUT2 e2ee=05ff
[M8T] OUT2 e6ee=05ff
[M8T] IN2 9aee=f000
[M8T] IN2 9aee=0000
[M8T] OUT2 daee=005d
[M8T] OUT2 deee=0054
[M8T] OUT2 e2ee=0173
[M8T] OUT2 e6ee=0060
[M8T] IN2 9aee=f000
[M8T] IN2 9aee=0000
[M8T] OUT2 a6e8=0007
[M8T] IN2 9aee=e000
[M8T] IN2 9aee=0000
[M8T] OUT2 86e8=005d
[M8T] OUT2 82e8=0054
[M8B] start cur=93,84 dyend=97 dpc=2211 dpitch=1024 doff=0 clip 93,84-371,96 compat=0
[M8B] end cur=93,97
[M8T] IN2 9aee=0000
[M8T] OUT2 a6e8=0000
[M8T] IN2 9aee=f800
[M8T] IN2 9aee=0000
[M8T] OUT2 86e8=005e
[M8T] OUT2 82e8=0059
[M8B] start cur=94,89 dyend=95 dpc=3251 dpitch=1024 doff=0 clip 93,84-371,96 compat=0
[M8T] OUT2 e2e8=5f70
[M8T] OUT2 e2e8=bc18
[M8T] OUT2 86e8=0067
[M8T] OUT2 82e8=0059
[M8B] start cur=103,89 dyend=95 dpc=3251 dpitch=1024 doff=0 clip 93,84-371,96 compat=0
[M8T] OUT2 e2e8=a0ea
[M8T] OUT2 e2e8=0000
[M8T] IN2 9aee=8000
[M8T] IN2 9aee=0000
[M8T] OUT2 86e8=006a
[M8T] OUT2 82e8=0059
[M8B] start cur=106,89 dyend=95 dpc=3251 dpitch=1024 doff=0 clip 93,84-371,96 compat=0
[M8T] OUT2 e2e8=7f74
[M8T] OUT2 e2e8=b808
[M8T] OUT2 86e8=0070
[M8T] OUT2 82e8=0059
[M8B] start cur=112,89 dyend=95 dpc=3251 dpitch=1024 doff=0 clip 93,84-371,96 compat=0
[M8T] OUT2 e2e8=4269
[M8T] OUT2 e2e8=0096
[M8T] IN2 9aee=0000
[M8T] OUT2 86e8=0075
[M8T] OUT2 82e8=0059
[M8B] start cur=117,89 dyend=97 dpc=3251 dpitch=1024 doff=0 clip 93,84-371,96 compat=0
[M8T] OUT2 e2e8=63f4
[M8T] OUT2 e2e8=fa18
[M8T] OUT2 e2e8=0010
[M8T] OUT2 e2e8=0000
[M8T] OUT2 86e8=007b
[M8T] OUT2 82e8=0059
[M8B] start cur=123,89 dyend=95 dpc=3251 dpitch=1024 doff=0 clip 93,84-371,96 compat=0
[M8T] OUT2 e2e8=6374
[M8T] OUT2 e2e8=b818
[M8T] IN2 9aee=0000
[M8T] OUT2 86e8=0081
[M8T] OUT2 82e8=0059
[M8B] start cur=129,89 dyend=95 dpc=3251 dpitch=1024 doff=0 clip 93,84-371,96 compat=0
[M8T] OUT2 e2e8=63b6
[M8T] OUT2 e2e8=c418
[M8T] OUT2 86e8=0087
[M8T] OUT2 82e8=0059
[M8B] start cur=135,89 dyend=95 dpc=3251 dpitch=1024 doff=0 clip 93,84-371,96 compat=0
[M8T] OUT2 e2e8=4269
[M8T] OUT2 e2e8=0096
[M8T] IN2 9aee=0000
[M8T] OUT2 86e8=008c
[M8T] OUT2 82e8=0059
[M8B] start cur=140,89 dyend=95 dpc=3251 dpitch=1024 doff=0 clip 93,84-371,96 compat=0
[M8T] OUT2 e2e8=7f74
[M8T] OUT2 e2e8=b808
[M8T] OUT2 86e8=0095
[M8T] OUT2 82e8=0056
[M8B] start cur=149,86 dyend=95 dpc=3251 dpitch=1024 doff=0 clip 93,84-371,96 compat=0
[M8T] OUT2 e2e8=aa6b
[M8T] OUT2 e2e8=0080
[M8T] IN2 9aee=0000
[M8T] OUT2 86e8=0098
[M8T] OUT2 82e8=0059
[M8B] start cur=152,89 dyend=95 dpc=3251 dpitch=1024 doff=0 clip 93,84-371,96 compat=0
[M8T] OUT2 e2e8=a0ea
[M8T] OUT2 e2e8=0000
[M8T] OUT2 86e8=009b
[M8T] OUT2 82e8=0059
[M8B] start cur=155,89 dyend=95 dpc=3251 dpitch=1024 doff=0 clip 93,84-371,96 compat=0
[M8T] OUT2 e2e8=6374
[M8T] OUT2 e2e8=b818
[M8T] IN2 9aee=0000
[M8T] OUT2 86e8=00a1
[M8T] OUT2 82e8=0059
[M8B] start cur=161,89 dyend=95 dpc=3251 dpitch=1024 doff=0 clip 93,84-371,96 compat=0
[M8T] OUT2 e2e8=26ed
[M8T] OUT2 e2e8=994c
[M8T] OUT2 e2e8=4032
[M8T] OUT2 e2e8=0000
[M8T] OUT2 86e8=00ab
[M8T] OUT2 82e8=0059
[M8B] start cur=171,89 dyend=97 dpc=3251 dpitch=1024 doff=0 clip 93,84-371,96 compat=0
[M8T] OUT2 e2e8=524a
[M8T] OUT2 e2e8=1093
[M8T] IN2 9aee=0000
[M8T] OUT2 e2e8=0098
[M8T] OUT2 e2e8=0000
[M8T] OUT2 86e8=00b1
[M8T] OUT2 82e8=0059
[M8B] start cur=177,89 dyend=95 dpc=3251 dpitch=1024 doff=0 clip 93,84-371,96 compat=0
[M8T] OUT2 e2e8=6374
[M8T] OUT2 e2e8=b818
[M8T] OUT2 86e8=00b7
[M8T] OUT2 82e8=0059
[M8B] start cur=183,89 dyend=95 dpc=3251 dpitch=1024 doff=0 clip 93,84-371,96 compat=0
[M8T] OUT2 e2e8=638c
[M8T] OUT2 e2e8=b419
[M8T] IN2 9aee=0000
[M8T] OUT2 86e8=00bd
[M8T] OUT2 82e8=005e
[M8B] start cur=189,94 dyend=96 dpc=3251 dpitch=1024 doff=0 clip 93,84-371,96 compat=0
[M8T] OUT2 e2e8=0060
[M8T] OUT2 e2e8=0000
[M8T] OUT2 86e8=00c3
[M8T] OUT2 82e8=0059
[M8B] start cur=195,89 dyend=95 dpc=3251 dpitch=1024 doff=0 clip 93,84-371,96 compat=0
[M8T] OUT2 e2e8=6374
[M8T] OUT2 e2e8=b818
[M8T] IN2 9aee=0000
[M8T] OUT2 86e8=00c9
[M8T] OUT2 82e8=0059
[M8B] start cur=201,89 dyend=95 dpc=3251 dpitch=1024 doff=0 clip 93,84-371,96 compat=0
[M8T] OUT2 e2e8=a0ea
[M8T] OUT2 e2e8=0000
[M8T] OUT2 86e8=00cf
[M8T] OUT2 82e8=0056
[M8B] start cur=207,86 dyend=95 dpc=3251 dpitch=1024 doff=0 clip 93,84-371,96 compat=0
[M8T] OUT2 e2e8=809f
[M8T] OUT2 e2e8=0000
[M8T] IN2 9aee=8000
[M8T] IN2 9aee=0000
[M8T] OUT2 86e8=00d1
[M8T] OUT2 82e8=0057
[M8B] start cur=209,87 dyend=95 dpc=3251 dpitch=1024 doff=0 clip 93,84-371,96 compat=0
[M8T] OUT2 e2e8=a9ae
[M8T] OUT2 e2e8=0000
[M8T] OUT2 86e8=00d7
[M8T] OUT2 82e8=0059
[M8B] start cur=215,89 dyend=95 dpc=3251 dpitch=1024 doff=0 clip 93,84-371,96 compat=0
[M8T] OUT2 e2e8=26ed
[M8T] OUT2 e2e8=994c
[M8T] OUT2 e2e8=4032
[M8T] OUT2 e2e8=0000
[M8T] IN2 9aee=8000
[M8T] IN2 9aee=0000
[M8T] OUT2 86e8=00df
[M8T] OUT2 82e8=0059
[M8B] start cur=223,89 dyend=95 dpc=3251 dpitch=1024 doff=0 clip 93,84-371,96 compat=0
[M8T] OUT2 e2e8=5f70
[M8T] OUT2 e2e8=bc18
[M8T] OUT2 86e8=00e4
[M8T] OUT2 82e8=0059
[M8B] start cur=228,89 dyend=97 dpc=3251 dpitch=1024 doff=0 clip 93,84-371,96 compat=0
[M8T] OUT2 e2e8=524a
[M8T] OUT2 e2e8=1093
[M8T] OUT2 e2e8=0098
[M8T] OUT2 e2e8=0000
[M8T] IN2 9aee=8000
[M8T] IN2 9aee=0000
[M8T] OUT2 86e8=00ed
[M8T] OUT2 82e8=0056
[M8B] start cur=237,86 dyend=95 dpc=3251 dpitch=1024 doff=0 clip 93,84-371,96 compat=0
[M8T] OUT2 e2e8=2184
[M8T] OUT2 e2e8=c66c
[M8T] OUT2 e2e8=8831
[M8T] OUT2 e2e8=0000
[M8T] OUT2 86e8=00f3
[M8T] OUT2 82e8=0059
[M8B] start cur=243,89 dyend=95 dpc=3251 dpitch=1024 doff=0 clip 93,84-371,96 compat=0
[M8T] OUT2 e2e8=5f70
[M8T] OUT2 e2e8=bc18
[M8T] IN2 9aee=0000
[M8T] OUT2 86e8=00f9
[M8T] OUT2 82e8=0059
[M8B] start cur=249,89 dyend=95 dpc=3251 dpitch=1024 doff=0 clip 93,84-371,96 compat=0
[M8T] OUT2 e2e8=548c
[M8T] OUT2 e2e8=10a2
[M8T] OUT2 86e8=00ff
[M8T] OUT2 82e8=0059
[M8B] start cur=255,89 dyend=95 dpc=3251 dpitch=1024 doff=0 clip 93,84-371,96 compat=0
[M8T] OUT2 e2e8=7f74
[M8T] OUT2 e2e8=b808
[M8T] IN2 9aee=0000
[M8T] OUT2 86e8=0108
[M8T] OUT2 82e8=0059
[M8B] start cur=264,89 dyend=95 dpc=3251 dpitch=1024 doff=0 clip 93,84-371,96 compat=0
[M8T] OUT2 e2e8=4269
[M8T] OUT2 e2e8=0096
[M8T] OUT2 86e8=010d
[M8T] OUT2 82e8=0057
[M8B] start cur=269,87 dyend=95 dpc=3251 dpitch=1024 doff=0 clip 93,84-371,96 compat=0
[M8T] OUT2 e2e8=a9ae
[M8T] OUT2 e2e8=0000
[M8T] IN2 9aee=8000
[M8T] IN2 9aee=0000
[M8T] OUT2 86e8=0110
[M8T] OUT2 82e8=0059
[M8B] start cur=272,89 dyend=95 dpc=3251 dpitch=1024 doff=0 clip 93,84-371,96 compat=0
[M8T] OUT2 e2e8=6374
[M8T] OUT2 e2e8=b818
[M8T] OUT2 86e8=0116
[M8T] OUT2 82e8=0059
[M8B] start cur=278,89 dyend=97 dpc=3251 dpitch=1024 doff=0 clip 93,84-371,96 compat=0
[M8T] OUT2 e2e8=63f4
[M8T] OUT2 e2e8=fa18
[M8T] OUT2 e2e8=0010
[M8T] OUT2 e2e8=0000
[M8T] IN2 9aee=8000
[M8T] IN2 9aee=0000
[M8T] OUT2 86e8=011c
[M8T] OUT2 82e8=0059
[M8B] start cur=284,89 dyend=97 dpc=3251 dpitch=1024 doff=0 clip 93,84-371,96 compat=0
[M8T] OUT2 e2e8=63f4
[M8T] OUT2 e2e8=fa18
[M8T] OUT2 e2e8=0010
[M8T] OUT2 e2e8=0000
[M8T] OUT2 86e8=0122
[M8T] OUT2 82e8=0059
[M8B] start cur=290,89 dyend=95 dpc=3251 dpitch=1024 doff=0 clip 93,84-371,96 compat=0
[M8T] OUT2 e2e8=7f74
[M8T] OUT2 e2e8=b808
[M8T] IN2 9aee=0000
[M8T] OUT2 86e8=0128
[M8T] OUT2 82e8=0056
[M8B] start cur=296,86 dyend=95 dpc=3251 dpitch=1024 doff=0 clip 93,84-371,96 compat=0
[M8T] OUT2 e2e8=4208
[M8T] OUT2 e2e8=c6f8
[M8T] OUT2 e2e8=7831
[M8T] OUT2 e2e8=0000
[M8T] OUT2 86e8=0131
[M8T] OUT2 82e8=0059
[M8B] start cur=305,89 dyend=95 dpc=3251 dpitch=1024 doff=0 clip 93,84-371,96 compat=0
[M8T] OUT2 e2e8=a0ea
[M8T] OUT2 e2e8=0000
[M8T] IN2 9aee=8000
[M8T] IN2 9aee=0000
[M8T] OUT2 86e8=0134
[M8T] OUT2 82e8=0059
[M8B] start cur=308,89 dyend=95 dpc=3251 dpitch=1024 doff=0 clip 93,84-371,96 compat=0
[M8T] OUT2 e2e8=638c
[M8T] OUT2 e2e8=b419
[M8T] OUT2 86e8=013a
[M8T] OUT2 82e8=0059
[M8B] start cur=314,89 dyend=95 dpc=3251 dpitch=1024 doff=0 clip 93,84-371,96 compat=0
[M8T] OUT2 e2e8=63b6
[M8T] OUT2 e2e8=c418
[M8T] IN2 9aee=0000
[M8T] OUT2 86e8=0140
[M8T] OUT2 82e8=0059
[M8B] start cur=320,89 dyend=95 dpc=3251 dpitch=1024 doff=0 clip 93,84-371,96 compat=0
[M8T] OUT2 e2e8=63b6
[M8T] OUT2 e2e8=c418
[M8T] OUT2 86e8=0146
[M8T] OUT2 82e8=0056
[M8B] start cur=326,86 dyend=95 dpc=3251 dpitch=1024 doff=0 clip 93,84-371,96 compat=0
[M8T] OUT2 e2e8=809f
[M8T] OUT2 e2e8=0000
[M8T] IN2 9aee=8000
[M8T] IN2 9aee=0000
[M8T] OUT2 86e8=0148
[M8T] OUT2 82e8=0059
[M8B] start cur=328,89 dyend=95 dpc=3251 dpitch=1024 doff=0 clip 93,84-371,96 compat=0
[M8T] OUT2 e2e8=63b6
[M8T] OUT2 e2e8=c418
[M8T] OUT2 86e8=014e
[M8T] OUT2 82e8=0059
[M8B] start cur=334,89 dyend=97 dpc=3251 dpitch=1024 doff=0 clip 93,84-371,96 compat=0
[M8T] OUT2 e2e8=637c
[M8T] OUT2 e2e8=bc18
[M8T] OUT2 e2e8=003e
[M8T] OUT2 e2e8=0000
[M8T] IN2 9aee=8000
[M8T] IN2 9aee=0000
[M8T] OUT2 86e8=0154
[M8T] OUT2 82e8=005e
[M8B] start cur=340,94 dyend=95 dpc=3251 dpitch=1024 doff=0 clip 93,84-371,96 compat=0
[M8T] OUT2 e2e8=0080
[M8T] OUT2 e2e8=0000
[M8T] IN2 9aee=8000
[M8T] IN2 9aee=0000
[M8T] OUT2 daee=0000
[M8T] OUT2 deee=0000
[M8T] OUT2 e2ee=05ff
[M8T] OUT2 e6ee=05ff
[M8T] IN2 9aee=f000
[M8T] IN2 9aee=0000
[M8T] OUT2 a6e8=0707
[M8T] OUT2 86e8=0068
[M8T] OUT2 82e8=0092
[M8B] start cur=104,146 dyend=175 dpc=2211 dpitch=1024 doff=0 clip 0,0-1535,1535 compat=0
[M8B] end cur=104,175
[M8T] IN2 9aee=0000
[M8T] OUT2 daee=0068
[M8T] OUT2 deee=0092
[M8T] OUT2 e2ee=0162
[M8T] OUT2 e6ee=009e
[M8T] IN2 9aee=f000
[M8T] IN2 9aee=0000
[M8T] OUT2 a6e8=0007
[M8T] IN2 9aee=e000
[M8T] IN2 9aee=0000
[M8T] OUT2 86e8=0068
[M8T] OUT2 82e8=0092
[M8B] start cur=104,146 dyend=159 dpc=2211 dpitch=1024 doff=0 clip 104,146-354,158 compat=0
[M8B] end cur=104,159
[M8T] IN2 9aee=0000
[M8T] OUT2 a6e8=0000
[M8T] IN2 9aee=f800
[M8T] IN2 9aee=0000
[M8T] OUT2 86e8=0069
[M8T] OUT2 82e8=0094
[M8B] start cur=105,148 dyend=157 dpc=3251 dpitch=1024 doff=0 clip 104,146-354,158 compat=0
[M8T] OUT2 e2e8=08f9
[M8T] OUT2 e2e8=1042
[M8T] OUT2 e2e8=2084
[M8T] OUT2 e2e8=0000
[M8T] OUT2 86e8=0070
[M8T] OUT2 82e8=0097
[M8B] start cur=112,151 dyend=157 dpc=3251 dpitch=1024 doff=0 clip 104,146-354,158 compat=0
[M8T] OUT2 e2e8=6374
[M8T] OUT2 e2e8=b818
[M8T] IN2 9aee=0000
[M8T] OUT2 86e8=0079
[M8T] OUT2 82e8=0097
[M8B] start cur=121,151 dyend=157 dpc=3251 dpitch=1024 doff=0 clip 104,146-354,158 compat=0
[M8T] OUT2 e2e8=6174
[M8T] OUT2 e2e8=b808
[M8T] OUT2 86e8=007f
[M8T] OUT2 82e8=0094
[M8B] start cur=127,148 dyend=157 dpc=3251 dpitch=1024 doff=0 clip 104,146-354,158 compat=0
[M8T] OUT2 e2e8=80ff
[M8T] OUT2 e2e8=0000
[M8T] IN2 9aee=8000
[M8T] IN2 9aee=0000
[M8T] OUT2 86e8=0081
[M8T] OUT2 82e8=0097
[M8B] start cur=129,151 dyend=157 dpc=3251 dpitch=1024 doff=0 clip 104,146-354,158 compat=0
[M8T] OUT2 e2e8=6374
[M8T] OUT2 e2e8=b818
[M8T] OUT2 86e8=0087
[M8T] OUT2 82e8=0097
[M8B] start cur=135,151 dyend=157 dpc=3251 dpitch=1024 doff=0 clip 104,146-354,158 compat=0
[M8T] OUT2 e2e8=4269
[M8T] OUT2 e2e8=0096
[M8T] IN2 9aee=0000
[M8T] OUT2 86e8=008c
[M8T] OUT2 82e8=0097
[M8B] start cur=140,151 dyend=157 dpc=3251 dpitch=1024 doff=0 clip 104,146-354,158 compat=0
[M8T] OUT2 e2e8=7f74
[M8T] OUT2 e2e8=b808
[M8T] OUT2 86e8=0095
[M8T] OUT2 82e8=0095
[M8B] start cur=149,149 dyend=157 dpc=3251 dpitch=1024 doff=0 clip 104,146-354,158 compat=0
[M8T] OUT2 e2e8=a9ae
[M8T] OUT2 e2e8=0000
[M8T] IN2 9aee=8000
[M8T] IN2 9aee=0000
[M8T] OUT2 86e8=0098
[M8T] OUT2 82e8=0094
[M8B] start cur=152,148 dyend=157 dpc=3251 dpitch=1024 doff=0 clip 104,146-354,158 compat=0
[M8T] OUT2 e2e8=2184
[M8T] OUT2 e2e8=c66c
[M8T] OUT2 e2e8=8831
[M8T] OUT2 e2e8=0000
[M8T] OUT2 86e8=009e
[M8T] OUT2 82e8=0094
[M8B] start cur=158,148 dyend=157 dpc=3251 dpitch=1024 doff=0 clip 104,146-354,158 compat=0
[M8T] OUT2 e2e8=809f
[M8T] OUT2 e2e8=0000
[M8T] IN2 9aee=8000
[M8T] IN2 9aee=0000
[M8T] OUT2 86e8=00a0
[M8T] OUT2 82e8=0097
[M8B] start cur=160,151 dyend=157 dpc=3251 dpitch=1024 doff=0 clip 104,146-354,158 compat=0
[M8T] OUT2 e2e8=4269
[M8T] OUT2 e2e8=0096
[M8T] OUT2 86e8=00a8
[M8T] OUT2 82e8=0097
[M8B] start cur=168,151 dyend=159 dpc=3251 dpitch=1024 doff=0 clip 104,146-354,158 compat=0
[M8T] OUT2 e2e8=63f4
[M8T] OUT2 e2e8=fa18
[M8T] OUT2 e2e8=0010
[M8T] OUT2 e2e8=0000
[M8T] IN2 9aee=8000
[M8T] IN2 9aee=0000
[M8T] OUT2 86e8=00ae
[M8T] OUT2 82e8=0097
[M8B] start cur=174,151 dyend=157 dpc=3251 dpitch=1024 doff=0 clip 104,146-354,158 compat=0
[M8T] OUT2 e2e8=a0ea
[M8T] OUT2 e2e8=0000
[M8T] OUT2 86e8=00b1
[M8T] OUT2 82e8=0097
[M8B] start cur=177,151 dyend=157 dpc=3251 dpitch=1024 doff=0 clip 104,146-354,158 compat=0
[M8T] OUT2 e2e8=6374
[M8T] OUT2 e2e8=b818
[M8T] IN2 9aee=0000
[M8T] OUT2 86e8=00b7
[M8T] OUT2 82e8=0097
[M8B] start cur=183,151 dyend=159 dpc=3251 dpitch=1024 doff=0 clip 104,146-354,158 compat=0
[M8T] OUT2 e2e8=637c
[M8T] OUT2 e2e8=bc18
[M8T] OUT2 e2e8=003e
[M8T] OUT2 e2e8=0000
[M8T] OUT2 86e8=00bd
[M8T] OUT2 82e8=0097
[M8B] start cur=189,151 dyend=157 dpc=3251 dpitch=1024 doff=0 clip 104,146-354,158 compat=0
[M8T] OUT2 e2e8=a0ea
[M8T] OUT2 e2e8=0000
[M8T] IN2 9aee=8000
[M8T] IN2 9aee=0000
[M8T] OUT2 86e8=00c0
[M8T] OUT2 82e8=0097
[M8B] start cur=192,151 dyend=157 dpc=3251 dpitch=1024 doff=0 clip 104,146-354,158 compat=0
[M8T] OUT2 e2e8=5f70
[M8T] OUT2 e2e8=bc18
[M8T] OUT2 86e8=00c6
[M8T] OUT2 82e8=0097
[M8B] start cur=198,151 dyend=157 dpc=3251 dpitch=1024 doff=0 clip 104,146-354,158 compat=0
[M8T] OUT2 e2e8=26ed
[M8T] OUT2 e2e8=994c
[M8T] OUT2 e2e8=4032
[M8T] OUT2 e2e8=0000
[M8T] IN2 9aee=8000
[M8T] IN2 9aee=0000
[M8T] OUT2 86e8=00d1
[M8T] OUT2 82e8=0094
[M8B] start cur=209,148 dyend=157 dpc=3251 dpitch=1024 doff=0 clip 104,146-354,158 compat=0
[M8T] OUT2 e2e8=809f
[M8T] OUT2 e2e8=0000
[M8T] OUT2 86e8=00d3
[M8T] OUT2 82e8=0097
[M8B] start cur=211,151 dyend=157 dpc=3251 dpitch=1024 doff=0 clip 104,146-354,158 compat=0
[M8T] OUT2 e2e8=26ed
[M8T] OUT2 e2e8=994c
[M8T] OUT2 e2e8=4032
[M8T] OUT2 e2e8=0000
[M8T] IN2 9aee=8000
[M8T] IN2 9aee=0000
[M8T] OUT2 86e8=00db
[M8T] OUT2 82e8=0097
[M8B] start cur=219,151 dyend=157 dpc=3251 dpitch=1024 doff=0 clip 104,146-354,158 compat=0
[M8T] OUT2 e2e8=26ed
[M8T] OUT2 e2e8=994c
[M8T] OUT2 e2e8=4032
[M8T] OUT2 e2e8=0000
[M8T] OUT2 86e8=00e3
[M8T] OUT2 82e8=0097
[M8B] start cur=227,151 dyend=157 dpc=3251 dpitch=1024 doff=0 clip 104,146-354,158 compat=0
[M8T] OUT2 e2e8=7f74
[M8T] OUT2 e2e8=b808
[M8T] IN2 9aee=0000
[M8T] OUT2 86e8=00e9
[M8T] OUT2 82e8=0094
[M8B] start cur=233,148 dyend=157 dpc=3251 dpitch=1024 doff=0 clip 104,146-354,158 compat=0
[M8T] OUT2 e2e8=4208
[M8T] OUT2 e2e8=c6f8
[M8T] OUT2 e2e8=7831
[M8T] OUT2 e2e8=0000
[M8T] OUT2 86e8=00ef
[M8T] OUT2 82e8=0094
[M8B] start cur=239,148 dyend=157 dpc=3251 dpitch=1024 doff=0 clip 104,146-354,158 compat=0
[M8T] OUT2 e2e8=809f
[M8T] OUT2 e2e8=0000
[M8T] IN2 9aee=8000
[M8T] IN2 9aee=0000
[M8T] OUT2 86e8=00f1
[M8T] OUT2 82e8=0097
[M8B] start cur=241,151 dyend=157 dpc=3251 dpitch=1024 doff=0 clip 104,146-354,158 compat=0
[M8T] OUT2 e2e8=5f70
[M8T] OUT2 e2e8=bc18
[M8T] OUT2 86e8=00f7
[M8T] OUT2 82e8=0095
[M8B] start cur=247,149 dyend=157 dpc=3251 dpitch=1024 doff=0 clip 104,146-354,158 compat=0
[M8T] OUT2 e2e8=a9ae
[M8T] OUT2 e2e8=0000
[M8T] IN2 9aee=8000
[M8T] IN2 9aee=0000
[M8T] OUT2 86e8=00fa
[M8T] OUT2 82e8=0097
[M8B] start cur=250,151 dyend=157 dpc=3251 dpitch=1024 doff=0 clip 104,146-354,158 compat=0
[M8T] OUT2 e2e8=7f74
[M8T] OUT2 e2e8=b808
[M8T] OUT2 86e8=0100
[M8T] OUT2 82e8=0094
[M8B] start cur=256,148 dyend=157 dpc=3251 dpitch=1024 doff=0 clip 104,146-354,158 compat=0
[M8T] OUT2 e2e8=80ff
[M8T] OUT2 e2e8=0000
[M8T] IN2 9aee=8000
[M8T] IN2 9aee=0000
[M8T] OUT2 86e8=0101
[M8T] OUT2 82e8=0097
[M8B] start cur=257,151 dyend=159 dpc=3251 dpitch=1024 doff=0 clip 104,146-354,158 compat=0
[M8T] OUT2 e2e8=524a
[M8T] OUT2 e2e8=1093
[M8T] OUT2 e2e8=0098
[M8T] OUT2 e2e8=0000
[M8T] OUT2 86e8=0107
[M8T] OUT2 82e8=009c
[M8B] start cur=263,156 dyend=158 dpc=3251 dpitch=1024 doff=0 clip 104,146-354,158 compat=0
[M8T] OUT2 e2e8=0060
[M8T] OUT2 e2e8=0000
[M8T] IN2 9aee=8000
[M8T] IN2 9aee=0000
[M8T] OUT2 86e8=010d
[M8T] OUT2 82e8=0097
[M8B] start cur=269,151 dyend=157 dpc=3251 dpitch=1024 doff=0 clip 104,146-354,158 compat=0
[M8T] OUT2 e2e8=6174
[M8T] OUT2 e2e8=b808
[M8T] OUT2 86e8=0113
[M8T] OUT2 82e8=0094
[M8B] start cur=275,148 dyend=157 dpc=3251 dpitch=1024 doff=0 clip 104,146-354,158 compat=0
[M8T] OUT2 e2e8=80ff
[M8T] OUT2 e2e8=0000
[M8T] IN2 9aee=8000
[M8T] IN2 9aee=0000
[M8T] OUT2 86e8=0115
[M8T] OUT2 82e8=0094
[M8B] start cur=277,148 dyend=157 dpc=3251 dpitch=1024 doff=0 clip 104,146-354,158 compat=0
[M8T] OUT2 e2e8=809f
[M8T] OUT2 e2e8=0000
[M8T] OUT2 86e8=0117
[M8T] OUT2 82e8=0097
[M8B] start cur=279,151 dyend=157 dpc=3251 dpitch=1024 doff=0 clip 104,146-354,158 compat=0
[M8T] OUT2 e2e8=6174
[M8T] OUT2 e2e8=b808
[M8T] IN2 9aee=0000
[M8T] OUT2 86e8=011d
[M8T] OUT2 82e8=0094
[M8B] start cur=285,148 dyend=157 dpc=3251 dpitch=1024 doff=0 clip 104,146-354,158 compat=0
[M8T] OUT2 e2e8=2184
[M8T] OUT2 e2e8=622a
[M8T] OUT2 e2e8=8892
[M8T] OUT2 e2e8=0000
[M8T] OUT2 86e8=0126
[M8T] OUT2 82e8=0094
[M8B] start cur=294,148 dyend=157 dpc=3251 dpitch=1024 doff=0 clip 104,146-354,158 compat=0
[M8T] OUT2 e2e8=21fc
[M8T] OUT2 e2e8=420f
[M8T] IN2 9aee=0000
[M8T] OUT2 e2e8=f810
[M8T] OUT2 e2e8=0000
[M8T] OUT2 86e8=012d
[M8T] OUT2 82e8=0097
[M8B] start cur=301,151 dyend=157 dpc=3251 dpitch=1024 doff=0 clip 104,146-354,158 compat=0
[M8T] OUT2 e2e8=63b6
[M8T] OUT2 e2e8=c418
[M8T] OUT2 86e8=0133
[M8T] OUT2 82e8=0094
[M8B] start cur=307,148 dyend=157 dpc=3251 dpitch=1024 doff=0 clip 104,146-354,158 compat=0
[M8T] OUT2 e2e8=4208
[M8T] OUT2 e2e8=c6f8
[M8T] IN2 9aee=0000
[M8T] OUT2 e2e8=7831
[M8T] OUT2 e2e8=0000
[M8T] OUT2 86e8=013c
[M8T] OUT2 82e8=0094
[M8B] start cur=316,148 dyend=157 dpc=3251 dpitch=1024 doff=0 clip 104,146-354,158 compat=0
[M8T] OUT2 e2e8=08f9
[M8T] OUT2 e2e8=1042
[M8T] OUT2 e2e8=2084
[M8T] OUT2 e2e8=0000
[M8T] OUT2 86e8=0143
[M8T] OUT2 82e8=0097
[M8B] start cur=323,151 dyend=157 dpc=3251 dpitch=1024 doff=0 clip 104,146-354,158 compat=0
[M8T] IN2 9aee=0000
[M8T] OUT2 e2e8=5f70
[M8T] OUT2 e2e8=bc18
[M8T] OUT2 86e8=0149
[M8T] OUT2 82e8=0097
[M8B] start cur=329,151 dyend=157 dpc=3251 dpitch=1024 doff=0 clip 104,146-354,158 compat=0
[M8T] OUT2 e2e8=4269
[M8T] OUT2 e2e8=0096
[M8T] OUT2 86e8=014e
[M8T] OUT2 82e8=0094
[M8B] start cur=334,148 dyend=157 dpc=3251 dpitch=1024 doff=0 clip 104,146-354,158 compat=0
[M8T] OUT2 e2e8=2184
[M8T] OUT2 e2e8=622a
[M8T] IN2 9aee=0000
[M8T] OUT2 e2e8=8892
[M8T] OUT2 e2e8=0000
[M8T] OUT2 86e8=0154
[M8T] OUT2 82e8=009c
[M8B] start cur=340,156 dyend=157 dpc=3251 dpitch=1024 doff=0 clip 104,146-354,158 compat=0
[M8T] OUT2 e2e8=0080
[M8T] OUT2 e2e8=0000
[M8T] IN2 9aee=8000
[M8T] IN2 9aee=0000
[M8T] OUT2 daee=0000
[M8T] OUT2 deee=0000
[M8T] OUT2 e2ee=05ff
[M8T] OUT2 e6ee=05ff
[M8T] IN2 9aee=f000
[M8T] IN2 9aee=0000
[M8T] OUT2 daee=0068
[M8T] OUT2 deee=009f
[M8T] OUT2 e2ee=0162
[M8T] OUT2 e6ee=00ab
[M8T] IN2 9aee=f000
[M8T] IN2 9aee=0000
[M8T] OUT2 a6e8=0007
[M8T] IN2 9aee=e000
[M8T] IN2 9aee=0000
[M8T] OUT2 86e8=0068
[M8T] OUT2 82e8=009f
[M8B] start cur=104,159 dyend=172 dpc=2211 dpitch=1024 doff=0 clip 104,159-354,171 compat=0
[M8B] end cur=104,172
[M8T] IN2 9aee=0000
[M8T] OUT2 a6e8=0000
[M8T] IN2 9aee=f800
[M8T] IN2 9aee=0000
[M8T] OUT2 86e8=0068
[M8T] OUT2 82e8=00a1
[M8B] start cur=104,161 dyend=170 dpc=3251 dpitch=1024 doff=0 clip 104,159-354,171 compat=0
[M8T] OUT2 e2e8=0583
[M8T] OUT2 e2e8=4111
[M8T] OUT2 e2e8=0402
[M8T] OUT2 e2e8=1008
[M8T] OUT2 86e8=0070
[M8T] OUT2 82e8=00a4
[M8B] start cur=112,164 dyend=170 dpc=3251 dpitch=1024 doff=0 clip 104,159-354,171 compat=0
[M8T] OUT2 e2e8=6374
[M8T] OUT2 e2e8=b818
[M8T] IN2 9aee=0000
[M8T] OUT2 86e8=0076
[M8T] OUT2 82e8=00a4
[M8B] start cur=118,164 dyend=170 dpc=3251 dpitch=1024 doff=0 clip 104,159-354,171 compat=0
[M8T] OUT2 e2e8=638c
[M8T] OUT2 e2e8=b419
[M8T] OUT2 86e8=007f
[M8T] OUT2 82e8=00a4
[M8B] start cur=127,164 dyend=170 dpc=3251 dpitch=1024 doff=0 clip 104,159-354,171 compat=0
[M8T] OUT2 e2e8=2693
[M8T] OUT2 e2e8=54ad
[M8T] OUT2 e2e8=8048
[M8T] OUT2 e2e8=0000
[M8T] IN2 9aee=8000
[M8T] IN2 9aee=0000
[M8T] OUT2 86e8=0087
[M8T] OUT2 82e8=00a1
[M8B] start cur=135,161 dyend=170 dpc=3251 dpitch=1024 doff=0 clip 104,159-354,171 compat=0
[M8T] OUT2 e2e8=809f
[M8T] OUT2 e2e8=0000
[M8T] OUT2 86e8=0089
[M8T] OUT2 82e8=00a1
[M8B] start cur=137,161 dyend=170 dpc=3251 dpitch=1024 doff=0 clip 104,159-354,171 compat=0
[M8T] OUT2 e2e8=80ff
[M8T] OUT2 e2e8=0000
[M8T] IN2 9aee=8000
[M8T] IN2 9aee=0000
[M8T] OUT2 86e8=008b
[M8T] OUT2 82e8=00a1
[M8B] start cur=139,161 dyend=170 dpc=3251 dpitch=1024 doff=0 clip 104,159-354,171 compat=0
[M8T] OUT2 e2e8=80ff
[M8T] OUT2 e2e8=0000
[M8T] OUT2 86e8=0090
[M8T] OUT2 82e8=00a1
[M8B] start cur=144,161 dyend=170 dpc=3251 dpitch=1024 doff=0 clip 104,159-354,171 compat=0
[M8T] OUT2 e2e8=80ff
[M8T] OUT2 e2e8=0000
[M8T] IN2 9aee=8000
[M8T] IN2 9aee=0000
[M8T] OUT2 86e8=0092
[M8T] OUT2 82e8=00a4
[M8B] start cur=146,164 dyend=170 dpc=3251 dpitch=1024 doff=0 clip 104,159-354,171 compat=0
[M8T] OUT2 e2e8=6374
[M8T] OUT2 e2e8=b818
[M8T] OUT2 86e8=0098
[M8T] OUT2 82e8=00a4
[M8B] start cur=152,164 dyend=170 dpc=3251 dpitch=1024 doff=0 clip 104,159-354,171 compat=0
[M8T] OUT2 e2e8=4269
[M8T] OUT2 e2e8=0096
[M8T] IN2 9aee=0000
[M8T] OUT2 86e8=009d
[M8T] OUT2 82e8=00a4
[M8B] start cur=157,164 dyend=170 dpc=3251 dpitch=1024 doff=0 clip 104,159-354,171 compat=0
[M8T] OUT2 e2e8=7f74
[M8T] OUT2 e2e8=b808
[M8T] OUT2 86e8=00a6
[M8T] OUT2 82e8=00a4
[M8B] start cur=166,164 dyend=170 dpc=3251 dpitch=1024 doff=0 clip 104,159-354,171 compat=0
[M8T] OUT2 e2e8=5f70
[M8T] OUT2 e2e8=bc18
[M8T] IN2 9aee=0000
[M8T] OUT2 86e8=00ac
[M8T] OUT2 82e8=00a4
[M8B] start cur=172,164 dyend=170 dpc=3251 dpitch=1024 doff=0 clip 104,159-354,171 compat=0
[M8T] OUT2 e2e8=63b6
[M8T] OUT2 e2e8=c418
[M8T] OUT2 86e8=00b1
[M8T] OUT2 82e8=00a4
[M8B] start cur=177,164 dyend=172 dpc=3251 dpitch=1024 doff=0 clip 104,159-354,171 compat=0
[M8T] OUT2 e2e8=524a
[M8T] OUT2 e2e8=1093
[M8T] OUT2 e2e8=0098
[M8T] OUT2 e2e8=0000
[M8T] IN2 9aee=8000
[M8T] IN2 9aee=0000
[M8T] OUT2 86e8=00ba
[M8T] OUT2 82e8=00a4
[M8B] start cur=186,164 dyend=170 dpc=3251 dpitch=1024 doff=0 clip 104,159-354,171 compat=0
[M8T] OUT2 e2e8=638c
[M8T] OUT2 e2e8=b419
[M8T] OUT2 86e8=00c0
[M8T] OUT2 82e8=00a4
[M8B] start cur=192,164 dyend=170 dpc=3251 dpitch=1024 doff=0 clip 104,159-354,171 compat=0
[M8T] OUT2 e2e8=63b6
[M8T] OUT2 e2e8=c418
[M8T] IN2 9aee=0000
[M8T] OUT2 86e8=00c6
[M8T] OUT2 82e8=00a4
[M8B] start cur=198,164 dyend=170 dpc=3251 dpitch=1024 doff=0 clip 104,159-354,171 compat=0
[M8T] OUT2 e2e8=4269
[M8T] OUT2 e2e8=0096
[M8T] OUT2 86e8=00cb
[M8T] OUT2 82e8=00a4
[M8B] start cur=203,164 dyend=170 dpc=3251 dpitch=1024 doff=0 clip 104,159-354,171 compat=0
[M8T] OUT2 e2e8=5f70
[M8T] OUT2 e2e8=bc18
[M8T] IN2 9aee=0000
[M8T] OUT2 86e8=00d1
[M8T] OUT2 82e8=00a4
[M8B] start cur=209,164 dyend=170 dpc=3251 dpitch=1024 doff=0 clip 104,159-354,171 compat=0
[M8T] OUT2 e2e8=548c
[M8T] OUT2 e2e8=10a2
[M8T] OUT2 86e8=00d7
[M8T] OUT2 82e8=00a4
[M8B] start cur=215,164 dyend=170 dpc=3251 dpitch=1024 doff=0 clip 104,159-354,171 compat=0
[M8T] OUT2 e2e8=7f74
[M8T] OUT2 e2e8=b808
[M8T] IN2 9aee=0000
[M8T] OUT2 86e8=00dd
[M8T] OUT2 82e8=00a1
[M8B] start cur=221,161 dyend=170 dpc=3251 dpitch=1024 doff=0 clip 104,159-354,171 compat=0
[M8T] OUT2 e2e8=4208
[M8T] OUT2 e2e8=c6f8
[M8T] OUT2 e2e8=7831
[M8T] OUT2 e2e8=0000
[M8T] OUT2 86e8=00e6
[M8T] OUT2 82e8=00a1
[M8B] start cur=230,161 dyend=170 dpc=3251 dpitch=1024 doff=0 clip 104,159-354,171 compat=0
[M8T] OUT2 e2e8=809f
[M8T] OUT2 e2e8=0000
[M8T] IN2 9aee=8000
[M8T] IN2 9aee=0000
[M8T] OUT2 86e8=00e8
[M8T] OUT2 82e8=00a4
[M8B] start cur=232,164 dyend=170 dpc=3251 dpitch=1024 doff=0 clip 104,159-354,171 compat=0
[M8T] OUT2 e2e8=63b6
[M8T] OUT2 e2e8=c418
[M8T] OUT2 86e8=00ee
[M8T] OUT2 82e8=00a1
[M8B] start cur=238,161 dyend=170 dpc=3251 dpitch=1024 doff=0 clip 104,159-354,171 compat=0
[M8T] OUT2 e2e8=aa6b
[M8T] OUT2 e2e8=0080
[M8T] IN2 9aee=0000
[M8T] OUT2 86e8=00f1
[M8T] OUT2 82e8=00a4
[M8B] start cur=241,164 dyend=170 dpc=3251 dpitch=1024 doff=0 clip 104,159-354,171 compat=0
[M8T] OUT2 e2e8=6374
[M8T] OUT2 e2e8=b818
[M8T] OUT2 86e8=00f7
[M8T] OUT2 82e8=00a4
[M8B] start cur=247,164 dyend=170 dpc=3251 dpitch=1024 doff=0 clip 104,159-354,171 compat=0
[M8T] OUT2 e2e8=a0ea
[M8T] OUT2 e2e8=0000
[M8T] IN2 9aee=8000
[M8T] IN2 9aee=0000
[M8T] OUT2 86e8=00fa
[M8T] OUT2 82e8=00a4
[M8B] start cur=250,164 dyend=170 dpc=3251 dpitch=1024 doff=0 clip 104,159-354,171 compat=0
[M8T] OUT2 e2e8=26ed
[M8T] OUT2 e2e8=994c
[M8T] OUT2 e2e8=4032
[M8T] OUT2 e2e8=0000
[M8T] OUT2 86e8=0102
[M8T] OUT2 82e8=00a4
[M8B] start cur=258,164 dyend=170 dpc=3251 dpitch=1024 doff=0 clip 104,159-354,171 compat=0
[M8T] OUT2 e2e8=5f70
[M8T] OUT2 e2e8=bc18
[M8T] IN2 9aee=0000
[M8T] OUT2 86e8=0108
[M8T] OUT2 82e8=00a2
[M8B] start cur=264,162 dyend=170 dpc=3251 dpitch=1024 doff=0 clip 104,159-354,171 compat=0
[M8T] OUT2 e2e8=a9ae
[M8T] OUT2 e2e8=0000
[M8T] OUT2 86e8=010b
[M8T] OUT2 82e8=00a1
[M8B] start cur=267,161 dyend=170 dpc=3251 dpitch=1024 doff=0 clip 104,159-354,171 compat=0
[M8T] OUT2 e2e8=809f
[M8T] OUT2 e2e8=0000
[M8T] IN2 9aee=8000
[M8T] IN2 9aee=0000
[M8T] OUT2 86e8=010d
[M8T] OUT2 82e8=00a4
[M8B] start cur=269,164 dyend=170 dpc=3251 dpitch=1024 doff=0 clip 104,159-354,171 compat=0
[M8T] OUT2 e2e8=6374
[M8T] OUT2 e2e8=b818
[M8T] OUT2 86e8=0113
[M8T] OUT2 82e8=00a4
[M8B] start cur=275,164 dyend=170 dpc=3251 dpitch=1024 doff=0 clip 104,159-354,171 compat=0
[M8T] OUT2 e2e8=63b6
[M8T] OUT2 e2e8=c418
[M8T] IN2 9aee=0000
[M8T] OUT2 86e8=011c
[M8T] OUT2 82e8=00a1
[M8B] start cur=284,161 dyend=170 dpc=3251 dpitch=1024 doff=0 clip 104,159-354,171 compat=0
[M8T] OUT2 e2e8=809f
[M8T] OUT2 e2e8=0000
[M8T] OUT2 86e8=011e
[M8T] OUT2 82e8=00a4
[M8B] start cur=286,164 dyend=170 dpc=3251 dpitch=1024 doff=0 clip 104,159-354,171 compat=0
[M8T] OUT2 e2e8=63b6
[M8T] OUT2 e2e8=c418
[M8T] IN2 9aee=0000
[M8T] OUT2 86e8=0127
[M8T] OUT2 82e8=00a2
[M8B] start cur=295,162 dyend=170 dpc=3251 dpitch=1024 doff=0 clip 104,159-354,171 compat=0
[M8T] OUT2 e2e8=a9ae
[M8T] OUT2 e2e8=0000
[M8T] OUT2 86e8=012a
[M8T] OUT2 82e8=00a1
[M8B] start cur=298,161 dyend=170 dpc=3251 dpitch=1024 doff=0 clip 104,159-354,171 compat=0
[M8T] OUT2 e2e8=2184
[M8T] OUT2 e2e8=c66c
[M8T] OUT2 e2e8=8831
[M8T] OUT2 e2e8=0000
[M8T] IN2 9aee=8000
[M8T] IN2 9aee=0000
[M8T] OUT2 86e8=0130
[M8T] OUT2 82e8=00a1
[M8B] start cur=304,161 dyend=170 dpc=3251 dpitch=1024 doff=0 clip 104,159-354,171 compat=0
[M8T] OUT2 e2e8=809f
[M8T] OUT2 e2e8=0000
[M8T] OUT2 86e8=0132
[M8T] OUT2 82e8=00a4
[M8B] start cur=306,164 dyend=170 dpc=3251 dpitch=1024 doff=0 clip 104,159-354,171 compat=0
[M8T] OUT2 e2e8=4269
[M8T] OUT2 e2e8=0096
[M8T] IN2 9aee=0000
[M8T] OUT2 86e8=013a
[M8T] OUT2 82e8=00a4
[M8B] start cur=314,164 dyend=172 dpc=3251 dpitch=1024 doff=0 clip 104,159-354,171 compat=0
[M8T] OUT2 e2e8=63f4
[M8T] OUT2 e2e8=fa18
[M8T] OUT2 e2e8=0010
[M8T] OUT2 e2e8=0000
[M8T] OUT2 86e8=0140
[M8T] OUT2 82e8=00a4
[M8B] start cur=320,164 dyend=170 dpc=3251 dpitch=1024 doff=0 clip 104,159-354,171 compat=0
[M8T] OUT2 e2e8=a0ea
[M8T] OUT2 e2e8=0000
[M8T] IN2 9aee=8000
[M8T] IN2 9aee=0000
[M8T] OUT2 86e8=0143
[M8T] OUT2 82e8=00a4
[M8B] start cur=323,164 dyend=170 dpc=3251 dpitch=1024 doff=0 clip 104,159-354,171 compat=0
[M8T] OUT2 e2e8=6374
[M8T] OUT2 e2e8=b818
[M8T] OUT2 86e8=0149
[M8T] OUT2 82e8=00a4
[M8B] start cur=329,164 dyend=172 dpc=3251 dpitch=1024 doff=0 clip 104,159-354,171 compat=0
[M8T] OUT2 e2e8=637c
[M8T] OUT2 e2e8=bc18
[M8T] OUT2 e2e8=003e
[M8T] OUT2 e2e8=0000
[M8T] IN2 9aee=8000
[M8T] IN2 9aee=0000
[M8T] OUT2 86e8=014f
[M8T] OUT2 82e8=00a4
[M8B] start cur=335,164 dyend=170 dpc=3251 dpitch=1024 doff=0 clip 104,159-354,171 compat=0
[M8T] OUT2 e2e8=a0ea
[M8T] OUT2 e2e8=0000
[M8T] OUT2 86e8=0152
[M8T] OUT2 82e8=00a4
[M8B] start cur=338,164 dyend=170 dpc=3251 dpitch=1024 doff=0 clip 104,159-354,171 compat=0
[M8T] OUT2 e2e8=5f70
[M8T] OUT2 e2e8=bc18
[M8T] IN2 9aee=0000
[M8T] OUT2 86e8=0158
[M8T] OUT2 82e8=00a4
[M8B] start cur=344,164 dyend=170 dpc=3251 dpitch=1024 doff=0 clip 104,159-354,171 compat=0
[M8T] OUT2 e2e8=26ed
[M8T] OUT2 e2e8=994c
[M8T] OUT2 e2e8=4032
[M8T] OUT2 e2e8=0000
[M8T] OUT2 86e8=0160
[M8T] OUT2 82e8=00a9
[M8B] start cur=352,169 dyend=170 dpc=3251 dpitch=1024 doff=0 clip 104,159-354,171 compat=0
[M8T] OUT2 e2e8=0080
[M8T] OUT2 e2e8=0000
[M8T] IN2 9aee=8000
[M8T] IN2 9aee=0000
[M8T] OUT2 daee=0000
[M8T] OUT2 deee=0000
[M8T] OUT2 e2ee=05ff
[M8T] OUT2 e6ee=05ff
[M8T] IN2 9aee=f000
[M8T] IN2 9aee=0000
[M8T] OUT2 a6e8=0707
[M8T] OUT2 86e8=0068
[M8T] OUT2 82e8=00be
[M8B] start cur=104,190 dyend=219 dpc=2211 dpitch=1024 doff=0 clip 0,0-1535,1535 compat=0
[M8B] end cur=104,219
[M8T] IN2 9aee=0000
[M8T] OUT2 daee=0068
[M8T] OUT2 deee=00be
[M8T] OUT2 e2ee=0180
[M8T] OUT2 e6ee=00ca
[M8T] IN2 9aee=f000
[M8T] IN2 9aee=0000
[M8T] OUT2 a6e8=0007
[M8T] IN2 9aee=e000
[M8T] IN2 9aee=0000
[M8T] OUT2 86e8=0068
[M8T] OUT2 82e8=00be
[M8B] start cur=104,190 dyend=203 dpc=2211 dpitch=1024 doff=0 clip 104,190-384,202 compat=0
[M8B] end cur=104,203
[M8T] IN2 9aee=0000
[M8T] OUT2 a6e8=0000
[M8T] IN2 9aee=f800
[M8T] IN2 9aee=0000
[M8T] OUT2 86e8=0069
[M8T] OUT2 82e8=00c0
[M8B] start cur=105,192 dyend=201 dpc=3251 dpitch=1024 doff=0 clip 104,190-384,202 compat=0
[M8T] OUT2 e2e8=08f9
[M8T] OUT2 e2e8=1042
[M8T] OUT2 e2e8=2084
[M8T] OUT2 e2e8=0000
[M8T] OUT2 86e8=0070
[M8T] OUT2 82e8=00c3
[M8B] start cur=112,195 dyend=201 dpc=3251 dpitch=1024 doff=0 clip 104,190-384,202 compat=0
[M8T] OUT2 e2e8=6374
[M8T] OUT2 e2e8=b818
[M8T] IN2 9aee=0000
[M8T] OUT2 86e8=0079
[M8T] OUT2 82e8=00c3
[M8B] start cur=121,195 dyend=203 dpc=3251 dpitch=1024 doff=0 clip 104,190-384,202 compat=0
[M8T] OUT2 e2e8=637c
[M8T] OUT2 e2e8=bc18
[M8T] OUT2 e2e8=003e
[M8T] OUT2 e2e8=0000
[M8T] OUT2 86e8=007f
[M8T] OUT2 82e8=00c0
[M8B] start cur=127,192 dyend=201 dpc=3251 dpitch=1024 doff=0 clip 104,190-384,202 compat=0
[M8T] OUT2 e2e8=809f
[M8T] OUT2 e2e8=0000
[M8T] IN2 9aee=8000
[M8T] IN2 9aee=0000
[M8T] OUT2 86e8=0081
[M8T] OUT2 82e8=00c3
[M8B] start cur=129,195 dyend=201 dpc=3251 dpitch=1024 doff=0 clip 104,190-384,202 compat=0
[M8T] OUT2 e2e8=548c
[M8T] OUT2 e2e8=10a2
[M8T] OUT2 86e8=0087
[M8T] OUT2 82e8=00c3
[M8B] start cur=135,195 dyend=201 dpc=3251 dpitch=1024 doff=0 clip 104,190-384,202 compat=0
[M8T] OUT2 e2e8=7f74
[M8T] OUT2 e2e8=b808
[M8T] IN2 9aee=0000
[M8T] OUT2 86e8=0090
[M8T] OUT2 82e8=00c1
[M8B] start cur=144,193 dyend=201 dpc=3251 dpitch=1024 doff=0 clip 104,190-384,202 compat=0
[M8T] OUT2 e2e8=a9ae
[M8T] OUT2 e2e8=0000
[M8T] OUT2 86e8=0093
[M8T] OUT2 82e8=00c0
[M8B] start cur=147,192 dyend=201 dpc=3251 dpitch=1024 doff=0 clip 104,190-384,202 compat=0
[M8T] OUT2 e2e8=2184
[M8T] OUT2 e2e8=c66c
[M8T] OUT2 e2e8=8831
[M8T] OUT2 e2e8=0000
[M8T] IN2 9aee=8000
[M8T] IN2 9aee=0000
[M8T] OUT2 86e8=0099
[M8T] OUT2 82e8=00c3
[M8B] start cur=153,195 dyend=201 dpc=3251 dpitch=1024 doff=0 clip 104,190-384,202 compat=0
[M8T] OUT2 e2e8=7f74
[M8T] OUT2 e2e8=b808
[M8T] OUT2 86e8=00a2
[M8T] OUT2 82e8=00c3
[M8B] start cur=162,195 dyend=203 dpc=3251 dpitch=1024 doff=0 clip 104,190-384,202 compat=0
[M8T] OUT2 e2e8=63f4
[M8T] OUT2 e2e8=fa18
[M8T] OUT2 e2e8=0010
[M8T] OUT2 e2e8=0000
[M8T] IN2 9aee=8000
[M8T] IN2 9aee=0000
[M8T] OUT2 86e8=00a8
[M8T] OUT2 82e8=00c3
[M8B] start cur=168,195 dyend=201 dpc=3251 dpitch=1024 doff=0 clip 104,190-384,202 compat=0
[M8T] OUT2 e2e8=a0ea
[M8T] OUT2 e2e8=0000
[M8T] OUT2 86e8=00ab
[M8T] OUT2 82e8=00c3
[M8B] start cur=171,195 dyend=201 dpc=3251 dpitch=1024 doff=0 clip 104,190-384,202 compat=0
[M8T] OUT2 e2e8=6374
[M8T] OUT2 e2e8=b818
[M8T] IN2 9aee=0000
[M8T] OUT2 86e8=00b1
[M8T] OUT2 82e8=00c3
[M8B] start cur=177,195 dyend=203 dpc=3251 dpitch=1024 doff=0 clip 104,190-384,202 compat=0
[M8T] OUT2 e2e8=637c
[M8T] OUT2 e2e8=bc18
[M8T] OUT2 e2e8=003e
[M8T] OUT2 e2e8=0000
[M8T] OUT2 86e8=00b7
[M8T] OUT2 82e8=00c3
[M8B] start cur=183,195 dyend=201 dpc=3251 dpitch=1024 doff=0 clip 104,190-384,202 compat=0
[M8T] OUT2 e2e8=a0ea
[M8T] OUT2 e2e8=0000
[M8T] IN2 9aee=8000
[M8T] IN2 9aee=0000
[M8T] OUT2 86e8=00ba
[M8T] OUT2 82e8=00c3
[M8B] start cur=186,195 dyend=201 dpc=3251 dpitch=1024 doff=0 clip 104,190-384,202 compat=0
[M8T] OUT2 e2e8=5f70
[M8T] OUT2 e2e8=bc18
[M8T] OUT2 86e8=00c0
[M8T] OUT2 82e8=00c3
[M8B] start cur=192,195 dyend=201 dpc=3251 dpitch=1024 doff=0 clip 104,190-384,202 compat=0
[M8T] OUT2 e2e8=26ed
[M8T] OUT2 e2e8=994c
[M8T] OUT2 e2e8=4032
[M8T] OUT2 e2e8=0000
[M8T] IN2 9aee=8000
[M8T] IN2 9aee=0000
[M8T] OUT2 86e8=00cb
[M8T] OUT2 82e8=00c0
[M8B] start cur=203,192 dyend=201 dpc=3251 dpitch=1024 doff=0 clip 104,190-384,202 compat=0
[M8T] OUT2 e2e8=4274
[M8T] OUT2 e2e8=1111
[M8T] OUT2 e2e8=f810
[M8T] OUT2 e2e8=0000
[M8T] OUT2 86e8=00d1
[M8T] OUT2 82e8=00c0
[M8B] start cur=209,192 dyend=201 dpc=3251 dpitch=1024 doff=0 clip 104,190-384,202 compat=0
[M8T] OUT2 e2e8=6374
[M8T] OUT2 e2e8=c618
[M8T] IN2 9aee=0000
[M8T] OUT2 e2e8=7031
[M8T] OUT2 e2e8=0000
[M8T] OUT2 86e8=00da
[M8T] OUT2 82e8=00c3
[M8B] start cur=218,195 dyend=201 dpc=3251 dpitch=1024 doff=0 clip 104,190-384,202 compat=0
[M8T] OUT2 e2e8=4269
[M8T] OUT2 e2e8=0096
[M8T] OUT2 86e8=00df
[M8T] OUT2 82e8=00c3
[M8B] start cur=223,195 dyend=201 dpc=3251 dpitch=1024 doff=0 clip 104,190-384,202 compat=0
[M8T] OUT2 e2e8=7f74
[M8T] OUT2 e2e8=b808
[M8T] IN2 9aee=0000
[M8T] OUT2 86e8=00e5
[M8T] OUT2 82e8=00c3
[M8B] start cur=229,195 dyend=201 dpc=3251 dpitch=1024 doff=0 clip 104,190-384,202 compat=0
[M8T] OUT2 e2e8=6174
[M8T] OUT2 e2e8=b808
[M8T] OUT2 86e8=00eb
[M8T] OUT2 82e8=00c3
[M8B] start cur=235,195 dyend=201 dpc=3251 dpitch=1024 doff=0 clip 104,190-384,202 compat=0
[M8T] OUT2 e2e8=6374
[M8T] OUT2 e2e8=b818
[M8T] IN2 9aee=0000
[M8T] OUT2 86e8=00f1
[M8T] OUT2 82e8=00c3
[M8B] start cur=241,195 dyend=201 dpc=3251 dpitch=1024 doff=0 clip 104,190-384,202 compat=0
[M8T] OUT2 e2e8=63b6
[M8T] OUT2 e2e8=c418
[M8T] OUT2 86e8=00f7
[M8T] OUT2 82e8=00c0
[M8B] start cur=247,192 dyend=201 dpc=3251 dpitch=1024 doff=0 clip 104,190-384,202 compat=0
[M8T] OUT2 e2e8=4208
[M8T] OUT2 e2e8=c6f8
[M8T] OUT2 e2e8=7831
[M8T] OUT2 e2e8=0000
[M8T] IN2 9aee=8000
[M8T] IN2 9aee=0000
[M8T] OUT2 86e8=00fd
[M8T] OUT2 82e8=00c3
[M8B] start cur=253,195 dyend=201 dpc=3251 dpitch=1024 doff=0 clip 104,190-384,202 compat=0
[M8T] OUT2 e2e8=4269
[M8T] OUT2 e2e8=0096
[M8T] OUT2 86e8=0105
[M8T] OUT2 82e8=00c1
[M8B] start cur=261,193 dyend=201 dpc=3251 dpitch=1024 doff=0 clip 104,190-384,202 compat=0
[M8T] OUT2 e2e8=a9ae
[M8T] OUT2 e2e8=0000
[M8T] IN2 9aee=8000
[M8T] IN2 9aee=0000
[M8T] OUT2 86e8=0108
[M8T] OUT2 82e8=00c3
[M8B] start cur=264,195 dyend=201 dpc=3251 dpitch=1024 doff=0 clip 104,190-384,202 compat=0
[M8T] OUT2 e2e8=6374
[M8T] OUT2 e2e8=b818
[M8T] OUT2 86e8=0111
[M8T] OUT2 82e8=00c0
[M8B] start cur=273,192 dyend=201 dpc=3251 dpitch=1024 doff=0 clip 104,190-384,202 compat=0
[M8T] OUT2 e2e8=aa6b
[M8T] OUT2 e2e8=0080
[M8T] IN2 9aee=0000
[M8T] OUT2 86e8=0114
[M8T] OUT2 82e8=00c0
[M8B] start cur=276,192 dyend=201 dpc=3251 dpitch=1024 doff=0 clip 104,190-384,202 compat=0
[M8T] OUT2 e2e8=809f
[M8T] OUT2 e2e8=0000
[M8T] OUT2 86e8=0116
[M8T] OUT2 82e8=00c3
[M8B] start cur=278,195 dyend=201 dpc=3251 dpitch=1024 doff=0 clip 104,190-384,202 compat=0
[M8T] OUT2 e2e8=63b6
[M8T] OUT2 e2e8=c418
[M8T] IN2 9aee=0000
[M8T] OUT2 86e8=011c
[M8T] OUT2 82e8=00c0
[M8B] start cur=284,192 dyend=201 dpc=3251 dpitch=1024 doff=0 clip 104,190-384,202 compat=0
[M8T] OUT2 e2e8=809f
[M8T] OUT2 e2e8=0000
[M8T] OUT2 86e8=011e
[M8T] OUT2 82e8=00c3
[M8B] start cur=286,195 dyend=201 dpc=3251 dpitch=1024 doff=0 clip 104,190-384,202 compat=0
[M8T] OUT2 e2e8=4269
[M8T] OUT2 e2e8=0096
[M8T] IN2 9aee=0000
[M8T] OUT2 86e8=0123
[M8T] OUT2 82e8=00c0
[M8B] start cur=291,192 dyend=201 dpc=3251 dpitch=1024 doff=0 clip 104,190-384,202 compat=0
[M8T] OUT2 e2e8=2184
[M8T] OUT2 e2e8=c66c
[M8T] OUT2 e2e8=8831
[M8T] OUT2 e2e8=0000
[M8T] OUT2 86e8=012c
[M8T] OUT2 82e8=00c3
[M8B] start cur=300,195 dyend=201 dpc=3251 dpitch=1024 doff=0 clip 104,190-384,202 compat=0
[M8T] OUT2 e2e8=2693
[M8T] OUT2 e2e8=54ad
[M8T] IN2 9aee=0000
[M8T] OUT2 e2e8=8048
[M8T] OUT2 e2e8=0000
[M8T] OUT2 86e8=0134
[M8T] OUT2 82e8=00c0
[M8B] start cur=308,192 dyend=201 dpc=3251 dpitch=1024 doff=0 clip 104,190-384,202 compat=0
[M8T] OUT2 e2e8=2184
[M8T] OUT2 e2e8=c66c
[M8T] OUT2 e2e8=8831
[M8T] OUT2 e2e8=0000
[M8T] OUT2 86e8=013a
[M8T] OUT2 82e8=00c3
[M8B] start cur=314,195 dyend=201 dpc=3251 dpitch=1024 doff=0 clip 104,190-384,202 compat=0
[M8T] IN2 9aee=0000
[M8T] OUT2 e2e8=5f70
[M8T] OUT2 e2e8=bc18
[M8T] OUT2 86e8=0140
[M8T] OUT2 82e8=00c1
[M8B] start cur=320,193 dyend=201 dpc=3251 dpitch=1024 doff=0 clip 104,190-384,202 compat=0
[M8T] OUT2 e2e8=a9ae
[M8T] OUT2 e2e8=0000
[M8T] OUT2 86e8=0146
[M8T] OUT2 82e8=00c0
[M8B] start cur=326,192 dyend=201 dpc=3251 dpitch=1024 doff=0 clip 104,190-384,202 compat=0
[M8T] OUT2 e2e8=809f
[M8T] OUT2 e2e8=0000
[M8T] IN2 9aee=8000
[M8T] IN2 9aee=0000
[M8T] OUT2 86e8=0148
[M8T] OUT2 82e8=00c1
[M8B] start cur=328,193 dyend=201 dpc=3251 dpitch=1024 doff=0 clip 104,190-384,202 compat=0
[M8T] OUT2 e2e8=a9ae
[M8T] OUT2 e2e8=0000
[M8T] OUT2 86e8=014e
[M8T] OUT2 82e8=00c0
[M8B] start cur=334,192 dyend=201 dpc=3251 dpitch=1024 doff=0 clip 104,190-384,202 compat=0
[M8T] OUT2 e2e8=809f
[M8T] OUT2 e2e8=0000
[M8T] IN2 9aee=8000
[M8T] IN2 9aee=0000
[M8T] OUT2 86e8=0150
[M8T] OUT2 82e8=00c3
[M8B] start cur=336,195 dyend=201 dpc=3251 dpitch=1024 doff=0 clip 104,190-384,202 compat=0
[M8T] OUT2 e2e8=4269
[M8T] OUT2 e2e8=0096
[M8T] OUT2 86e8=0158
[M8T] OUT2 82e8=00c0
[M8B] start cur=344,192 dyend=201 dpc=3251 dpitch=1024 doff=0 clip 104,190-384,202 compat=0
[M8T] OUT2 e2e8=4208
[M8T] OUT2 e2e8=c6f8
[M8T] OUT2 e2e8=7831
[M8T] OUT2 e2e8=0000
[M8T] IN2 9aee=8000
[M8T] IN2 9aee=0000
[M8T] OUT2 86e8=015e
[M8T] OUT2 82e8=00c3
[M8B] start cur=350,195 dyend=201 dpc=3251 dpitch=1024 doff=0 clip 104,190-384,202 compat=0
[M8T] OUT2 e2e8=6374
[M8T] OUT2 e2e8=b818
[M8T] OUT2 86e8=0164
[M8T] OUT2 82e8=00c0
[M8B] start cur=356,192 dyend=201 dpc=3251 dpitch=1024 doff=0 clip 104,190-384,202 compat=0
[M8T] OUT2 e2e8=809f
[M8T] OUT2 e2e8=0000
[M8T] IN2 9aee=8000
[M8T] IN2 9aee=0000
[M8T] OUT2 86e8=0166
[M8T] OUT2 82e8=00c3
[M8B] start cur=358,195 dyend=201 dpc=3251 dpitch=1024 doff=0 clip 104,190-384,202 compat=0
[M8T] OUT2 e2e8=63b6
[M8T] OUT2 e2e8=c418
[M8T] OUT2 86e8=016c
[M8T] OUT2 82e8=00c3
[M8B] start cur=364,195 dyend=203 dpc=3251 dpitch=1024 doff=0 clip 104,190-384,202 compat=0
[M8T] OUT2 e2e8=637c
[M8T] OUT2 e2e8=bc18
[M8T] OUT2 e2e8=003e
[M8T] OUT2 e2e8=0000
[M8T] IN2 9aee=8000
[M8T] IN2 9aee=0000
[M8T] OUT2 86e8=0172
[M8T] OUT2 82e8=00c8
[M8B] start cur=370,200 dyend=202 dpc=3251 dpitch=1024 doff=0 clip 104,190-384,202 compat=0
[M8T] OUT2 e2e8=0060
[M8T] OUT2 e2e8=0000
[M8T] IN2 9aee=8000
[M8T] IN2 9aee=0000
[M8T] OUT2 daee=0000
[M8T] OUT2 deee=0000
[M8T] OUT2 e2ee=05ff
[M8T] OUT2 e6ee=05ff
[M8T] IN2 9aee=f000
[M8T] IN2 9aee=0000
[M8T] OUT2 daee=0068
[M8T] OUT2 deee=00cb
[M8T] OUT2 e2ee=0180
[M8T] OUT2 e6ee=00d7
[M8T] IN2 9aee=f000
[M8T] IN2 9aee=0000
[M8T] OUT2 a6e8=0007
[M8T] IN2 9aee=e000
[M8T] IN2 9aee=0000
[M8T] OUT2 86e8=0068
[M8T] OUT2 82e8=00cb
[M8B] start cur=104,203 dyend=216 dpc=2211 dpitch=1024 doff=0 clip 104,203-384,215 compat=0
[M8B] end cur=104,216
[M8T] IN2 9aee=0000
[M8T] OUT2 a6e8=0000
[M8T] IN2 9aee=f800
[M8T] IN2 9aee=0000
[M8T] OUT2 86e8=0069
[M8T] OUT2 82e8=00d0
[M8B] start cur=105,208 dyend=214 dpc=3251 dpitch=1024 doff=0 clip 104,203-384,215 compat=0
[M8T] OUT2 e2e8=6174
[M8T] OUT2 e2e8=b808
[M8T] OUT2 86e8=006f
[M8T] OUT2 82e8=00cd
[M8B] start cur=111,205 dyend=214 dpc=3251 dpitch=1024 doff=0 clip 104,203-384,215 compat=0
[M8T] OUT2 e2e8=80ff
[M8T] OUT2 e2e8=0000
[M8T] IN2 9aee=8000
[M8T] IN2 9aee=0000
[M8T] OUT2 86e8=0071
[M8T] OUT2 82e8=00cd
[M8B] start cur=113,205 dyend=214 dpc=3251 dpitch=1024 doff=0 clip 104,203-384,215 compat=0
[M8T] OUT2 e2e8=809f
[M8T] OUT2 e2e8=0000
[M8T] OUT2 86e8=0073
[M8T] OUT2 82e8=00d0
[M8B] start cur=115,208 dyend=214 dpc=3251 dpitch=1024 doff=0 clip 104,203-384,215 compat=0
[M8T] OUT2 e2e8=6174
[M8T] OUT2 e2e8=b808
[M8T] IN2 9aee=0000
[M8T] OUT2 86e8=0079
[M8T] OUT2 82e8=00cd
[M8B] start cur=121,205 dyend=214 dpc=3251 dpitch=1024 doff=0 clip 104,203-384,215 compat=0
[M8T] OUT2 e2e8=2184
[M8T] OUT2 e2e8=622a
[M8T] OUT2 e2e8=8892
[M8T] OUT2 e2e8=0000
[M8T] OUT2 86e8=0081
[M8T] OUT2 82e8=00cd
[M8B] start cur=129,205 dyend=214 dpc=3251 dpitch=1024 doff=0 clip 104,203-384,215 compat=0
[M8T] OUT2 e2e8=3080
[M8T] OUT2 e2e8=1105
[M8T] IN2 9aee=0000
[M8T] OUT2 e2e8=2422
[M8T] OUT2 e2e8=5544
[M8T] OUT2 e2e8=a00a
[M8T] OUT2 e2e8=1188
[M8T] OUT2 e2e8=0000
*** 1 repeats ***
[M8T] OUT2 86e8=008d
[M8T] OUT2 82e8=00d0
[M8B] start cur=141,208 dyend=214 dpc=3251 dpitch=1024 doff=0 clip 104,203-384,215 compat=0
[M8T] OUT2 e2e8=5f70
[M8T] OUT2 e2e8=bc18
[M8T] IN2 9aee=0000
[M8T] OUT2 86e8=0093
[M8T] OUT2 82e8=00cd
[M8B] start cur=147,205 dyend=214 dpc=3251 dpitch=1024 doff=0 clip 104,203-384,215 compat=0
[M8T] OUT2 e2e8=809f
[M8T] OUT2 e2e8=0000
[M8T] OUT2 86e8=0095
[M8T] OUT2 82e8=00ce
[M8B] start cur=149,206 dyend=214 dpc=3251 dpitch=1024 doff=0 clip 104,203-384,215 compat=0
[M8T] OUT2 e2e8=a9ae
[M8T] OUT2 e2e8=0000
[M8T] IN2 9aee=8000
[M8T] IN2 9aee=0000
[M8T] OUT2 86e8=0098
[M8T] OUT2 82e8=00d5
[M8B] start cur=152,213 dyend=215 dpc=3251 dpitch=1024 doff=0 clip 104,203-384,215 compat=0
[M8T] OUT2 e2e8=0060
[M8T] OUT2 e2e8=0000
[M8T] OUT2 86e8=009e
[M8T] OUT2 82e8=00d0
[M8B] start cur=158,208 dyend=214 dpc=3251 dpitch=1024 doff=0 clip 104,203-384,215 compat=0
[M8T] OUT2 e2e8=5f70
[M8T] OUT2 e2e8=bc18
[M8T] IN2 9aee=0000
[M8T] OUT2 86e8=00a4
[M8T] OUT2 82e8=00d0
[M8B] start cur=164,208 dyend=214 dpc=3251 dpitch=1024 doff=0 clip 104,203-384,215 compat=0
[M8T] OUT2 e2e8=63b6
[M8T] OUT2 e2e8=c418
[M8T] OUT2 86e8=00aa
[M8T] OUT2 82e8=00cd
[M8B] start cur=170,205 dyend=214 dpc=3251 dpitch=1024 doff=0 clip 104,203-384,215 compat=0
[M8T] OUT2 e2e8=4208
[M8T] OUT2 e2e8=c6f8
[M8T] OUT2 e2e8=7831
[M8T] OUT2 e2e8=0000
[M8T] IN2 9aee=8000
[M8T] IN2 9aee=0000
[M8T] OUT2 86e8=00b3
[M8T] OUT2 82e8=00ce
[M8B] start cur=179,206 dyend=214 dpc=3251 dpitch=1024 doff=0 clip 104,203-384,215 compat=0
[M8T] OUT2 e2e8=a9ae
[M8T] OUT2 e2e8=0000
[M8T] OUT2 86e8=00b6
[M8T] OUT2 82e8=00cd
[M8B] start cur=182,205 dyend=214 dpc=3251 dpitch=1024 doff=0 clip 104,203-384,215 compat=0
[M8T] OUT2 e2e8=2184
[M8T] OUT2 e2e8=c66c
[M8T] OUT2 e2e8=8831
[M8T] OUT2 e2e8=0000
[M8T] IN2 9aee=8000
[M8T] IN2 9aee=0000
[M8T] OUT2 86e8=00bc
[M8T] OUT2 82e8=00d0
[M8B] start cur=188,208 dyend=214 dpc=3251 dpitch=1024 doff=0 clip 104,203-384,215 compat=0
[M8T] OUT2 e2e8=7f74
[M8T] OUT2 e2e8=b808
[M8T] OUT2 86e8=00c2
[M8T] OUT2 82e8=00d0
[M8B] start cur=194,208 dyend=214 dpc=3251 dpitch=1024 doff=0 clip 104,203-384,215 compat=0
[M8T] OUT2 e2e8=63b6
[M8T] OUT2 e2e8=c418
[M8T] IN2 9aee=0000
[M8T] OUT2 86e8=00cb
[M8T] OUT2 82e8=00ce
[M8B] start cur=203,206 dyend=214 dpc=3251 dpitch=1024 doff=0 clip 104,203-384,215 compat=0
[M8T] OUT2 e2e8=a9ae
[M8T] OUT2 e2e8=0000
[M8T] OUT2 86e8=00ce
[M8T] OUT2 82e8=00d0
[M8B] start cur=206,208 dyend=214 dpc=3251 dpitch=1024 doff=0 clip 104,203-384,215 compat=0
[M8T] OUT2 e2e8=a0ea
[M8T] OUT2 e2e8=0000
[M8T] IN2 9aee=8000
[M8T] IN2 9aee=0000
[M8T] OUT2 86e8=00d0
[M8T] OUT2 82e8=00d0
[M8B] start cur=208,208 dyend=216 dpc=3251 dpitch=1024 doff=0 clip 104,203-384,215 compat=0
[M8T] OUT2 e2e8=524a
[M8T] OUT2 e2e8=1093
[M8T] OUT2 e2e8=0098
[M8T] OUT2 e2e8=0000
[M8T] OUT2 86e8=00d9
[M8T] OUT2 82e8=00ce
[M8B] start cur=217,206 dyend=214 dpc=3251 dpitch=1024 doff=0 clip 104,203-384,215 compat=0
[M8T] OUT2 e2e8=a9ae
[M8T] OUT2 e2e8=0000
[M8T] IN2 9aee=8000
[M8T] IN2 9aee=0000
[M8T] OUT2 86e8=00dc
[M8T] OUT2 82e8=00d0
[M8B] start cur=220,208 dyend=214 dpc=3251 dpitch=1024 doff=0 clip 104,203-384,215 compat=0
[M8T] OUT2 e2e8=6374
[M8T] OUT2 e2e8=b818
[M8T] OUT2 86e8=00e5
[M8T] OUT2 82e8=00d0
[M8B] start cur=229,208 dyend=214 dpc=3251 dpitch=1024 doff=0 clip 104,203-384,215 compat=0
[M8T] OUT2 e2e8=6174
[M8T] OUT2 e2e8=b808
[M8T] IN2 9aee=0000
[M8T] OUT2 86e8=00eb
[M8T] OUT2 82e8=00cd
[M8B] start cur=235,205 dyend=214 dpc=3251 dpitch=1024 doff=0 clip 104,203-384,215 compat=0
[M8T] OUT2 e2e8=80ff
[M8T] OUT2 e2e8=0000
[M8T] OUT2 86e8=00ed
[M8T] OUT2 82e8=00d0
[M8B] start cur=237,208 dyend=214 dpc=3251 dpitch=1024 doff=0 clip 104,203-384,215 compat=0
[M8T] OUT2 e2e8=6374
[M8T] OUT2 e2e8=b818
[M8T] IN2 9aee=0000
[M8T] OUT2 86e8=00f3
[M8T] OUT2 82e8=00d0
[M8B] start cur=243,208 dyend=214 dpc=3251 dpitch=1024 doff=0 clip 104,203-384,215 compat=0
[M8T] OUT2 e2e8=4269
[M8T] OUT2 e2e8=0096
[M8T] OUT2 86e8=00f8
[M8T] OUT2 82e8=00d0
[M8B] start cur=248,208 dyend=214 dpc=3251 dpitch=1024 doff=0 clip 104,203-384,215 compat=0
[M8T] OUT2 e2e8=7f74
[M8T] OUT2 e2e8=b808
[M8T] IN2 9aee=0000
[M8T] OUT2 86e8=0101
[M8T] OUT2 82e8=00ce
[M8B] start cur=257,206 dyend=214 dpc=3251 dpitch=1024 doff=0 clip 104,203-384,215 compat=0
[M8T] OUT2 e2e8=a9ae
[M8T] OUT2 e2e8=0000
[M8T] OUT2 86e8=0104
[M8T] OUT2 82e8=00cd
[M8B] start cur=260,205 dyend=214 dpc=3251 dpitch=1024 doff=0 clip 104,203-384,215 compat=0
[M8T] OUT2 e2e8=2184
[M8T] OUT2 e2e8=c66c
[M8T] OUT2 e2e8=8831
[M8T] OUT2 e2e8=0000
[M8T] IN2 9aee=8000
[M8T] IN2 9aee=0000
[M8T] OUT2 86e8=010a
[M8T] OUT2 82e8=00d0
[M8B] start cur=266,208 dyend=214 dpc=3251 dpitch=1024 doff=0 clip 104,203-384,215 compat=0
[M8T] OUT2 e2e8=7f74
[M8T] OUT2 e2e8=b808
[M8T] OUT2 86e8=0113
[M8T] OUT2 82e8=00d0
[M8B] start cur=275,208 dyend=216 dpc=3251 dpitch=1024 doff=0 clip 104,203-384,215 compat=0
[M8T] OUT2 e2e8=63f4
[M8T] OUT2 e2e8=fa18
[M8T] OUT2 e2e8=0010
[M8T] OUT2 e2e8=0000
[M8T] IN2 9aee=8000
[M8T] IN2 9aee=0000
[M8T] OUT2 86e8=0119
[M8T] OUT2 82e8=00d0
[M8B] start cur=281,208 dyend=214 dpc=3251 dpitch=1024 doff=0 clip 104,203-384,215 compat=0
[M8T] OUT2 e2e8=a0ea
[M8T] OUT2 e2e8=0000
[M8T] OUT2 86e8=011c
[M8T] OUT2 82e8=00d0
[M8B] start cur=284,208 dyend=214 dpc=3251 dpitch=1024 doff=0 clip 104,203-384,215 compat=0
[M8T] OUT2 e2e8=6374
[M8T] OUT2 e2e8=b818
[M8T] IN2 9aee=0000
[M8T] OUT2 86e8=0122
[M8T] OUT2 82e8=00d0
[M8B] start cur=290,208 dyend=216 dpc=3251 dpitch=1024 doff=0 clip 104,203-384,215 compat=0
[M8T] OUT2 e2e8=637c
[M8T] OUT2 e2e8=bc18
[M8T] OUT2 e2e8=003e
[M8T] OUT2 e2e8=0000
[M8T] OUT2 86e8=0128
[M8T] OUT2 82e8=00d0
[M8B] start cur=296,208 dyend=214 dpc=3251 dpitch=1024 doff=0 clip 104,203-384,215 compat=0
[M8T] OUT2 e2e8=a0ea
[M8T] OUT2 e2e8=0000
[M8T] IN2 9aee=8000
[M8T] IN2 9aee=0000
[M8T] OUT2 86e8=012b
[M8T] OUT2 82e8=00d0
[M8B] start cur=299,208 dyend=214 dpc=3251 dpitch=1024 doff=0 clip 104,203-384,215 compat=0
[M8T] OUT2 e2e8=5f70
[M8T] OUT2 e2e8=bc18
[M8T] OUT2 86e8=0131
[M8T] OUT2 82e8=00d0
[M8B] start cur=305,208 dyend=214 dpc=3251 dpitch=1024 doff=0 clip 104,203-384,215 compat=0
[M8T] OUT2 e2e8=26ed
[M8T] OUT2 e2e8=994c
[M8T] OUT2 e2e8=4032
[M8T] OUT2 e2e8=0000
[M8T] IN2 9aee=8000
[M8T] IN2 9aee=0000
[M8T] OUT2 86e8=013c
[M8T] OUT2 82e8=00d0
[M8B] start cur=316,208 dyend=214 dpc=3251 dpitch=1024 doff=0 clip 104,203-384,215 compat=0
[M8T] OUT2 e2e8=5f70
[M8T] OUT2 e2e8=bc18
[M8T] OUT2 86e8=0142
[M8T] OUT2 82e8=00d0
[M8B] start cur=322,208 dyend=216 dpc=3251 dpitch=1024 doff=0 clip 104,203-384,215 compat=0
[M8T] OUT2 e2e8=637c
[M8T] OUT2 e2e8=bc18
[M8T] OUT2 e2e8=003e
[M8T] OUT2 e2e8=0000
[M8T] IN2 9aee=8000
[M8T] IN2 9aee=0000
[M8T] OUT2 86e8=0148
[M8T] OUT2 82e8=00d0
[M8B] start cur=328,208 dyend=214 dpc=3251 dpitch=1024 doff=0 clip 104,203-384,215 compat=0
[M8T] OUT2 e2e8=5f70
[M8T] OUT2 e2e8=bc18
[M8T] OUT2 86e8=014e
[M8T] OUT2 82e8=00cd
[M8B] start cur=334,205 dyend=214 dpc=3251 dpitch=1024 doff=0 clip 104,203-384,215 compat=0
[M8T] OUT2 e2e8=809f
[M8T] OUT2 e2e8=0000
[M8T] IN2 9aee=8000
[M8T] IN2 9aee=0000
[M8T] OUT2 86e8=0150
[M8T] OUT2 82e8=00d0
[M8B] start cur=336,208 dyend=214 dpc=3251 dpitch=1024 doff=0 clip 104,203-384,215 compat=0
[M8T] OUT2 e2e8=63b6
[M8T] OUT2 e2e8=c418
[M8T] OUT2 86e8=0156
[M8T] OUT2 82e8=00d5
[M8B] start cur=342,213 dyend=214 dpc=3251 dpitch=1024 doff=0 clip 104,203-384,215 compat=0
[M8T] OUT2 e2e8=0080
[M8T] OUT2 e2e8=0000
[M8T] IN2 9aee=8000
[M8T] IN2 9aee=0000
[M8T] OUT2 daee=0000
[M8T] OUT2 deee=0000
[M8T] OUT2 e2ee=05ff
[M8T] OUT2 e6ee=05ff
[M8T] IN2 9aee=f000
[M8T] IN2 9aee=0000
[M8T] OUT2 a6e8=0000
[M8T] OUT2 86e8=005d
[M8T] OUT2 82e8=00f4
[M8B] start cur=93,244 dyend=266 dpc=2211 dpitch=1024 doff=0 clip 0,0-1535,1535 compat=0
[M8B] end cur=93,266
[M8T] IN2 9aee=0000
[M8T] OUT2 a6e8=0000
[M8T] OUT2 86e8=005e
[M8T] OUT2 82e8=00f4
[M8B] start cur=94,244 dyend=245 dpc=2211 dpitch=1024 doff=0 clip 0,0-1535,1535 compat=0
[M8B] end cur=94,245
[M8T] IN2 9aee=0000
[M8T] OUT2 a6e8=0000
[M8T] OUT2 86e8=005d
[M8T] OUT2 82e8=010a
[M8B] start cur=93,266 dyend=267 dpc=2211 dpitch=1024 doff=0 clip 0,0-1535,1535 compat=0
[M8B] end cur=93,267
[M8T] IN2 9aee=0000
[M8T] OUT2 a6e8=0000
[M8T] OUT2 86e8=00b6
[M8T] OUT2 82e8=00f5
[M8B] start cur=182,245 dyend=267 dpc=2211 dpitch=1024 doff=0 clip 0,0-1535,1535 compat=0
[M8B] end cur=182,267
[M8T] IN2 9aee=0000
[M8T] OUT2 a6e8=0000
[M8T] OUT2 86e8=00b5
[M8T] OUT2 82e8=00f5
[M8B] start cur=181,245 dyend=266 dpc=2211 dpitch=1024 doff=0 clip 0,0-1535,1535 compat=0
[M8B] end cur=181,266
[M8T] IN2 9aee=0000
[M8T] OUT2 a6e8=0000
[M8T] OUT2 86e8=005e
[M8T] OUT2 82e8=0109
[M8B] start cur=94,265 dyend=266 dpc=2211 dpitch=1024 doff=0 clip 0,0-1535,1535 compat=0
[M8B] end cur=94,266
[M8T] IN2 9aee=0000
[M8T] OUT2 a6e8=ffff
[M8T] OUT2 86e8=005e
[M8T] OUT2 82e8=00f5
[M8B] start cur=94,245 dyend=265 dpc=2211 dpitch=1024 doff=0 clip 0,0-1535,1535 compat=0
[M8B] end cur=94,265
[M8T] IN2 9aee=0000
[M8T] OUT2 a6e8=ffff
[M8T] OUT2 86e8=005f
[M8T] OUT2 82e8=00f5
[M8B] start cur=95,245 dyend=246 dpc=2211 dpitch=1024 doff=0 clip 0,0-1535,1535 compat=0
[M8B] end cur=95,246
[M8T] IN2 9aee=0000
[M8T] OUT2 a6e8=f8f8
[M8T] OUT2 86e8=00b4
[M8T] OUT2 82e8=00f6
[M8B] start cur=180,246 dyend=265 dpc=2211 dpitch=1024 doff=0 clip 0,0-1535,1535 compat=0
[M8B] end cur=180,265
[M8T] IN2 9aee=0000
[M8T] OUT2 a6e8=f8f8
[M8T] OUT2 86e8=005f
[M8T] OUT2 82e8=0108
[M8B] start cur=95,264 dyend=265 dpc=2211 dpitch=1024 doff=0 clip 0,0-1535,1535 compat=0
[M8B] end cur=95,265
[M8T] IN2 9aee=0000
[M8T] OUT2 a6e8=0707
[M8T] OUT2 86e8=005f
[M8T] OUT2 82e8=00f6
[M8B] start cur=95,246 dyend=264 dpc=2211 dpitch=1024 doff=0 clip 0,0-1535,1535 compat=0
[M8B] end cur=95,264
[M8T] IN2 9aee=0000
[M8T] OUT2 a6e8=0707
[M8T] OUT2 86e8=0060
[M8T] OUT2 82e8=00f6
[M8B] start cur=96,246 dyend=247 dpc=2211 dpitch=1024 doff=0 clip 0,0-1535,1535 compat=0
[M8B] end cur=96,247
[M8T] IN2 9aee=0000
[M8T] OUT2 a6e8=0707
[M8T] OUT2 86e8=0060
[M8T] OUT2 82e8=00f7
[M8B] start cur=96,247 dyend=264 dpc=2211 dpitch=1024 doff=0 clip 0,0-1535,1535 compat=0
[M8B] end cur=96,264
[M8T] IN2 9aee=0000
[M8T] OUT2 daee=0074
[M8T] OUT2 deee=00f8
[M8T] OUT2 e2ee=00b3
[M8T] OUT2 e6ee=0104
[M8T] IN2 9aee=f000
[M8T] IN2 9aee=0000
[M8T] OUT2 a6e8=0007
[M8T] IN2 9aee=e000
[M8T] IN2 9aee=0000
[M8T] OUT2 86e8=007f
[M8T] OUT2 82e8=00f8
[M8B] start cur=127,248 dyend=261 dpc=2211 dpitch=1024 doff=0 clip 116,248-179,260 compat=0
[M8B] end cur=127,261
[M8T] IN2 9aee=0000
[M8T] OUT2 a6e8=0000
[M8T] IN2 9aee=f800
[M8T] IN2 9aee=0000
[M8T] OUT2 86e8=007f
[M8T] OUT2 82e8=00fa
[M8B] start cur=127,250 dyend=259 dpc=3251 dpitch=1024 doff=0 clip 116,248-179,260 compat=0
[M8T] OUT2 e2e8=3080
[M8T] OUT2 e2e8=1105
[M8T] OUT2 e2e8=2422
[M8T] OUT2 e2e8=5544
[M8T] OUT2 e2e8=a00a
[M8T] OUT2 e2e8=1188
[M8T] OUT2 e2e8=0000
*** 1 repeats ***
[M8T] IN2 9aee=8000
[M8T] IN2 9aee=0000
[M8T] OUT2 86e8=008b
[M8T] OUT2 82e8=00fd
[M8B] start cur=139,253 dyend=259 dpc=3251 dpitch=1024 doff=0 clip 116,248-179,260 compat=0
[M8T] OUT2 e2e8=5f70
[M8T] OUT2 e2e8=bc18
[M8T] OUT2 86e8=0091
[M8T] OUT2 82e8=00fa
[M8B] start cur=145,250 dyend=259 dpc=3251 dpitch=1024 doff=0 clip 116,248-179,260 compat=0
[M8T] OUT2 e2e8=809f
[M8T] OUT2 e2e8=0000
[M8T] IN2 9aee=8000
[M8T] IN2 9aee=0000
[M8T] OUT2 86e8=0093
[M8T] OUT2 82e8=00fb
[M8B] start cur=147,251 dyend=259 dpc=3251 dpitch=1024 doff=0 clip 116,248-179,260 compat=0
[M8T] OUT2 e2e8=a9ae
[M8T] OUT2 e2e8=0000
[M8T] IN2 9aee=8000
[M8T] IN2 9aee=0000
[M8T] OUT2 daee=0000
[M8T] OUT2 deee=0000
[M8T] OUT2 e2ee=05ff
[M8T] OUT2 e6ee=05ff
[M8T] IN2 9aee=f000
[M8T] IN2 9aee=0000
[M8T] OUT2 daee=007f
[M8T] OUT2 deee=0104
[M8T] OUT2 e2ee=0089
[M8T] OUT2 e6ee=0104
[M8T] IN2 9aee=f000
[M8T] IN2 9aee=0000
[M8T] OUT2 a6e8=0000
[M8T] IN2 9aee=e000
[M8T] IN2 9aee=0000
[M8T] OUT2 86e8=007f
[M8T] OUT2 82e8=0104
[M8B] start cur=127,260 dyend=261 dpc=2211 dpitch=1024 doff=0 clip 127,260-137,260 compat=0
[M8B] end cur=127,261
[M8T] IN2 9aee=0000
[M8T] OUT2 daee=0000
[M8T] OUT2 deee=0000
[M8T] OUT2 e2ee=05ff
[M8T] OUT2 e6ee=05ff
[M8T] IN2 9aee=f000
[M8T] IN2 9aee=0000
[M8T] OUT2 a6e8=0007
[M8T] OUT2 86e8=0061
[M8T] OUT2 82e8=00f8
[M8T] IN2 9aee=ffe0
[M8T] IN2 9aee=0000
[M8B] start cur=97,248 dyend=249 dpc=2231 dpitch=1024 doff=0 clip 0,0-1535,1535 compat=0
[M8B] end cur=97,249
[M8T] IN2 9aee=0000
[M8T] OUT2 a6e8=0007
[M8T] OUT2 86e8=0061
[M8T] OUT2 82e8=0106
[M8T] IN2 9aee=ffe0
[M8T] IN2 9aee=0000
[M8B] start cur=97,262 dyend=263 dpc=2231 dpitch=1024 doff=0 clip 0,0-1535,1535 compat=0
[M8B] end cur=97,263
[M8T] IN2 9aee=0000
[M8T] OUT2 a6e8=0007
[M8T] OUT2 86e8=0061
[M8T] OUT2 82e8=00f9
[M8T] IN2 9aee=ffe0
[M8T] IN2 9aee=0000
[M8B] start cur=97,249 dyend=250 dpc=2231 dpitch=1024 doff=0 clip 0,0-1535,1535 compat=0
[M8B] end cur=97,250
[M8B] start cur=97,250 dyend=251 dpc=2231 dpitch=1024 doff=0 clip 0,0-1535,1535 compat=0
[M8B] end cur=97,251
[M8B] start cur=97,251 dyend=252 dpc=2231 dpitch=1024 doff=0 clip 0,0-1535,1535 compat=0
[M8B] end cur=97,252
[M8B] start cur=97,252 dyend=253 dpc=2231 dpitch=1024 doff=0 clip 0,0-1535,1535 compat=0
[M8B] end cur=97,253
[M8T] IN2 9aee=0000
[M8B] start cur=97,253 dyend=254 dpc=2231 dpitch=1024 doff=0 clip 0,0-1535,1535 compat=0
[M8B] end cur=97,254
[M8B] start cur=97,254 dyend=255 dpc=2231 dpitch=1024 doff=0 clip 0,0-1535,1535 compat=0
[M8B] end cur=97,255
[M8B] start cur=97,255 dyend=256 dpc=2231 dpitch=1024 doff=0 clip 0,0-1535,1535 compat=0
[M8B] end cur=97,256
[M8B] start cur=97,256 dyend=257 dpc=2231 dpitch=1024 doff=0 clip 0,0-1535,1535 compat=0
[M8B] end cur=97,257
[M8T] IN2 9aee=0000
[M8B] start cur=97,257 dyend=258 dpc=2231 dpitch=1024 doff=0 clip 0,0-1535,1535 compat=0
[M8B] end cur=97,258
[M8B] start cur=97,258 dyend=259 dpc=2231 dpitch=1024 doff=0 clip 0,0-1535,1535 compat=0
[M8B] end cur=97,259
[M8B] start cur=97,259 dyend=260 dpc=2231 dpitch=1024 doff=0 clip 0,0-1535,1535 compat=0
[M8B] end cur=97,260
[M8B] start cur=97,260 dyend=261 dpc=2231 dpitch=1024 doff=0 clip 0,0-1535,1535 compat=0
[M8B] end cur=97,261
[M8T] IN2 9aee=0000
[M8B] start cur=97,261 dyend=262 dpc=2231 dpitch=1024 doff=0 clip 0,0-1535,1535 compat=0
[M8B] end cur=97,262
[M8T] IN2 9aee=0000
[M8T] OUT2 a6e8=0007
[M8T] OUT2 86e8=00b2
[M8T] OUT2 82e8=00f9
[M8T] IN2 9aee=ffe0
[M8T] IN2 9aee=0000
[M8B] start cur=178,249 dyend=250 dpc=2231 dpitch=1024 doff=0 clip 0,0-1535,1535 compat=0
[M8B] end cur=178,250
[M8B] start cur=178,250 dyend=251 dpc=2231 dpitch=1024 doff=0 clip 0,0-1535,1535 compat=0
[M8B] end cur=178,251
[M8B] start cur=178,251 dyend=252 dpc=2231 dpitch=1024 doff=0 clip 0,0-1535,1535 compat=0
[M8B] end cur=178,252
[M8B] start cur=178,252 dyend=253 dpc=2231 dpitch=1024 doff=0 clip 0,0-1535,1535 compat=0
[M8B] end cur=178,253
[M8T] IN2 9aee=0000
[M8B] start cur=178,253 dyend=254 dpc=2231 dpitch=1024 doff=0 clip 0,0-1535,1535 compat=0
[M8B] end cur=178,254
[M8B] start cur=178,254 dyend=255 dpc=2231 dpitch=1024 doff=0 clip 0,0-1535,1535 compat=0
[M8B] end cur=178,255
[M8B] start cur=178,255 dyend=256 dpc=2231 dpitch=1024 doff=0 clip 0,0-1535,1535 compat=0
[M8B] end cur=178,256
[M8B] start cur=178,256 dyend=257 dpc=2231 dpitch=1024 doff=0 clip 0,0-1535,1535 compat=0
[M8B] end cur=178,257
[M8T] IN2 9aee=0000
[M8B] start cur=178,257 dyend=258 dpc=2231 dpitch=1024 doff=0 clip 0,0-1535,1535 compat=0
[M8B] end cur=178,258
[M8B] start cur=178,258 dyend=259 dpc=2231 dpitch=1024 doff=0 clip 0,0-1535,1535 compat=0
[M8B] end cur=178,259
[M8B] start cur=178,259 dyend=260 dpc=2231 dpitch=1024 doff=0 clip 0,0-1535,1535 compat=0
[M8B] end cur=178,260
[M8B] start cur=178,260 dyend=261 dpc=2231 dpitch=1024 doff=0 clip 0,0-1535,1535 compat=0
[M8B] end cur=178,261
[M8T] IN2 9aee=0000
[M8B] start cur=178,261 dyend=262 dpc=2231 dpitch=1024 doff=0 clip 0,0-1535,1535 compat=0
[M8B] end cur=178,262
[M8T] IN2 9aee=0000
[M8T] OUT2 a6e8=0000
[M8T] OUT2 86e8=0118
[M8T] OUT2 82e8=00f4
[M8B] start cur=280,244 dyend=267 dpc=2211 dpitch=1024 doff=0 clip 0,0-1535,1535 compat=0
[M8B] end cur=280,267
[M8T] IN2 9aee=0000
[M8T] OUT2 a6e8=0000
[M8T] OUT2 86e8=00bd
[M8T] OUT2 82e8=010a
[M8B] start cur=189,266 dyend=267 dpc=2211 dpitch=1024 doff=0 clip 0,0-1535,1535 compat=0
[M8B] end cur=189,267
[M8T] IN2 9aee=0000
[M8T] OUT2 a6e8=ffff
[M8T] OUT2 86e8=00bd
[M8T] OUT2 82e8=00f4
[M8B] start cur=189,244 dyend=266 dpc=2211 dpitch=1024 doff=0 clip 0,0-1535,1535 compat=0
[M8B] end cur=189,266
[M8T] IN2 9aee=0000
[M8T] OUT2 a6e8=ffff
[M8T] OUT2 86e8=00be
[M8T] OUT2 82e8=00f4
[M8B] start cur=190,244 dyend=245 dpc=2211 dpitch=1024 doff=0 clip 0,0-1535,1535 compat=0
[M8B] end cur=190,245
[M8T] IN2 9aee=0000
[M8T] OUT2 a6e8=f8f8
[M8T] OUT2 86e8=0117
[M8T] OUT2 82e8=00f5
[M8B] start cur=279,245 dyend=266 dpc=2211 dpitch=1024 doff=0 clip 0,0-1535,1535 compat=0
[M8B] end cur=279,266
[M8T] IN2 9aee=0000
[M8T] OUT2 a6e8=f8f8
[M8T] OUT2 86e8=00be
[M8T] OUT2 82e8=0109
[M8B] start cur=190,265 dyend=266 dpc=2211 dpitch=1024 doff=0 clip 0,0-1535,1535 compat=0
[M8B] end cur=190,266
[M8T] IN2 9aee=0000
[M8T] OUT2 a6e8=0707
[M8T] OUT2 86e8=00be
[M8T] OUT2 82e8=00f5
[M8B] start cur=190,245 dyend=265 dpc=2211 dpitch=1024 doff=0 clip 0,0-1535,1535 compat=0
[M8B] end cur=190,265
[M8T] IN2 9aee=0000
[M8T] OUT2 a6e8=0707
[M8T] OUT2 86e8=00bf
[M8T] OUT2 82e8=00f5
[M8B] start cur=191,245 dyend=246 dpc=2211 dpitch=1024 doff=0 clip 0,0-1535,1535 compat=0
[M8B] end cur=191,246
[M8T] IN2 9aee=0000
[M8T] OUT2 a6e8=0707
[M8T] OUT2 86e8=00bf
[M8T] OUT2 82e8=00f6
[M8B] start cur=191,246 dyend=265 dpc=2211 dpitch=1024 doff=0 clip 0,0-1535,1535 compat=0
[M8B] end cur=191,265
[M8T] IN2 9aee=0000
[M8T] OUT2 daee=00c9
[M8T] OUT2 deee=00f8
[M8T] OUT2 e2ee=0116
[M8T] OUT2 e6ee=0104
[M8T] IN2 9aee=f000
[M8T] IN2 9aee=0000
[M8T] OUT2 a6e8=0007
[M8T] IN2 9aee=e000
[M8T] IN2 9aee=0000
[M8T] OUT2 86e8=00d4
[M8T] OUT2 82e8=00f8
[M8B] start cur=212,248 dyend=261 dpc=2211 dpitch=1024 doff=0 clip 201,248-278,260 compat=0
[M8B] end cur=212,261
[M8T] IN2 9aee=0000
[M8T] OUT2 a6e8=0000
[M8T] IN2 9aee=f800
[M8T] IN2 9aee=0000
[M8T] OUT2 86e8=00d5
[M8T] OUT2 82e8=00fa
[M8B] start cur=213,250 dyend=259 dpc=3251 dpitch=1024 doff=0 clip 201,248-278,260 compat=0
[M8T] OUT2 e2e8=21fc
[M8T] OUT2 e2e8=420f
[M8T] OUT2 e2e8=f810
[M8T] OUT2 e2e8=0000
[M8T] OUT2 86e8=00dc
[M8T] OUT2 82e8=00fd
[M8B] start cur=220,253 dyend=259 dpc=3251 dpitch=1024 doff=0 clip 201,248-278,260 compat=0
[M8T] OUT2 e2e8=63b6
[M8T] OUT2 e2e8=c418
[M8T] IN2 9aee=0000
[M8T] OUT2 86e8=00e2
[M8T] OUT2 82e8=00fa
[M8B] start cur=226,250 dyend=259 dpc=3251 dpitch=1024 doff=0 clip 201,248-278,260 compat=0
[M8T] OUT2 e2e8=4208
[M8T] OUT2 e2e8=c6f8
[M8T] OUT2 e2e8=7831
[M8T] OUT2 e2e8=0000
[M8T] OUT2 86e8=00eb
[M8T] OUT2 82e8=00fa
[M8B] start cur=235,250 dyend=259 dpc=3251 dpitch=1024 doff=0 clip 201,248-278,260 compat=0
[M8T] OUT2 e2e8=08f9
[M8T] OUT2 e2e8=1042
[M8T] IN2 9aee=0000
[M8T] OUT2 e2e8=2084
[M8T] OUT2 e2e8=0000
[M8T] OUT2 86e8=00f2
[M8T] OUT2 82e8=00fd
[M8B] start cur=242,253 dyend=259 dpc=3251 dpitch=1024 doff=0 clip 201,248-278,260 compat=0
[M8T] OUT2 e2e8=5f70
[M8T] OUT2 e2e8=bc18
[M8T] OUT2 86e8=00f8
[M8T] OUT2 82e8=00fd
[M8B] start cur=248,253 dyend=259 dpc=3251 dpitch=1024 doff=0 clip 201,248-278,260 compat=0
[M8T] OUT2 e2e8=4269
[M8T] OUT2 e2e8=0096
[M8T] IN2 9aee=0000
[M8T] OUT2 86e8=00fd
[M8T] OUT2 82e8=00fa
[M8B] start cur=253,250 dyend=259 dpc=3251 dpitch=1024 doff=0 clip 201,248-278,260 compat=0
[M8T] OUT2 e2e8=2184
[M8T] OUT2 e2e8=622a
[M8T] OUT2 e2e8=8892
[M8T] OUT2 e2e8=0000
[M8T] IN2 9aee=8000
[M8T] IN2 9aee=0000
[M8T] OUT2 daee=0000
[M8T] OUT2 deee=0000
[M8T] OUT2 e2ee=05ff
[M8T] OUT2 e6ee=05ff
[M8T] IN2 9aee=f000
[M8T] IN2 9aee=0000
[M8T] OUT2 daee=00d4
[M8T] OUT2 deee=0104
[M8T] OUT2 e2ee=00da
[M8T] OUT2 e6ee=0104
[M8T] IN2 9aee=f000
[M8T] IN2 9aee=0000
[M8T] OUT2 a6e8=0000
[M8T] IN2 9aee=e000
[M8T] IN2 9aee=0000
[M8T] OUT2 86e8=00d4
[M8T] OUT2 82e8=0104
[M8B] start cur=212,260 dyend=261 dpc=2211 dpitch=1024 doff=0 clip 212,260-218,260 compat=0
[M8B] end cur=212,261
[M8T] IN2 9aee=0000
[M8T] OUT2 daee=0000
[M8T] OUT2 deee=0000
[M8T] OUT2 e2ee=05ff
[M8T] OUT2 e6ee=05ff
[M8T] IN2 9aee=f000
[M8T] IN2 9aee=0000
[M8T] OUT2 a6e8=0000
[M8T] OUT2 86e8=0178
[M8T] OUT2 82e8=00f4
[M8B] start cur=376,244 dyend=267 dpc=2211 dpitch=1024 doff=0 clip 0,0-1535,1535 compat=0
[M8B] end cur=376,267
[M8T] IN2 9aee=0000
[M8T] OUT2 a6e8=0000
[M8T] OUT2 86e8=011f
[M8T] OUT2 82e8=010a
[M8B] start cur=287,266 dyend=267 dpc=2211 dpitch=1024 doff=0 clip 0,0-1535,1535 compat=0
[M8B] end cur=287,267
[M8T] IN2 9aee=0000
[M8T] OUT2 a6e8=ffff
[M8T] OUT2 86e8=011f
[M8T] OUT2 82e8=00f4
[M8B] start cur=287,244 dyend=266 dpc=2211 dpitch=1024 doff=0 clip 0,0-1535,1535 compat=0
[M8B] end cur=287,266
[M8T] IN2 9aee=0000
[M8T] OUT2 a6e8=ffff
[M8T] OUT2 86e8=0120
[M8T] OUT2 82e8=00f4
[M8B] start cur=288,244 dyend=245 dpc=2211 dpitch=1024 doff=0 clip 0,0-1535,1535 compat=0
[M8B] end cur=288,245
[M8T] IN2 9aee=0000
[M8T] OUT2 a6e8=f8f8
[M8T] OUT2 86e8=0177
[M8T] OUT2 82e8=00f5
[M8B] start cur=375,245 dyend=266 dpc=2211 dpitch=1024 doff=0 clip 0,0-1535,1535 compat=0
[M8B] end cur=375,266
[M8T] IN2 9aee=0000
[M8T] OUT2 a6e8=f8f8
[M8T] OUT2 86e8=0120
[M8T] OUT2 82e8=0109
[M8B] start cur=288,265 dyend=266 dpc=2211 dpitch=1024 doff=0 clip 0,0-1535,1535 compat=0
[M8B] end cur=288,266
[M8T] IN2 9aee=0000
[M8T] OUT2 a6e8=0707
[M8T] OUT2 86e8=0120
[M8T] OUT2 82e8=00f5
[M8B] start cur=288,245 dyend=265 dpc=2211 dpitch=1024 doff=0 clip 0,0-1535,1535 compat=0
[M8B] end cur=288,265
[M8T] IN2 9aee=0000
[M8T] OUT2 a6e8=0707
[M8T] OUT2 86e8=0121
[M8T] OUT2 82e8=00f5
[M8B] start cur=289,245 dyend=246 dpc=2211 dpitch=1024 doff=0 clip 0,0-1535,1535 compat=0
[M8B] end cur=289,246
[M8T] IN2 9aee=0000
[M8T] OUT2 a6e8=0707
[M8T] OUT2 86e8=0121
[M8T] OUT2 82e8=00f6
[M8B] start cur=289,246 dyend=265 dpc=2211 dpitch=1024 doff=0 clip 0,0-1535,1535 compat=0
[M8B] end cur=289,265
[M8T] IN2 9aee=0000
[M8T] OUT2 daee=0130
[M8T] OUT2 deee=00f8
[M8T] OUT2 e2ee=0176
[M8T] OUT2 e6ee=0104
[M8T] IN2 9aee=f000
[M8T] IN2 9aee=0000
[M8T] OUT2 a6e8=0007
[M8T] IN2 9aee=e000
[M8T] IN2 9aee=0000
[M8T] OUT2 86e8=013b
[M8T] OUT2 82e8=00f8
[M8B] start cur=315,248 dyend=261 dpc=2211 dpitch=1024 doff=0 clip 304,248-374,260 compat=0
[M8B] end cur=315,261
[M8T] IN2 9aee=0000
[M8T] OUT2 a6e8=0000
[M8T] IN2 9aee=f800
[M8T] IN2 9aee=0000
[M8T] OUT2 86e8=013c
[M8T] OUT2 82e8=00fa
[M8B] start cur=316,250 dyend=259 dpc=3251 dpitch=1024 doff=0 clip 304,248-374,260 compat=0
[M8T] OUT2 e2e8=187a
[M8T] OUT2 e2e8=8220
[M8T] OUT2 e2e8=2108
[M8T] OUT2 e2e8=0078
[M8T] OUT2 86e8=0143
[M8T] OUT2 82e8=00fd
[M8B] start cur=323,253 dyend=259 dpc=3251 dpitch=1024 doff=0 clip 304,248-374,260 compat=0
[M8T] OUT2 e2e8=5f70
[M8T] OUT2 e2e8=bc18
[M8T] IN2 9aee=0000
[M8T] OUT2 86e8=0149
[M8T] OUT2 82e8=00fd
[M8B] start cur=329,253 dyend=259 dpc=3251 dpitch=1024 doff=0 clip 304,248-374,260 compat=0
[M8T] OUT2 e2e8=63b6
[M8T] OUT2 e2e8=c418
[M8T] OUT2 86e8=014f
[M8T] OUT2 82e8=00fd
[M8B] start cur=335,253 dyend=259 dpc=3251 dpitch=1024 doff=0 clip 304,248-374,260 compat=0
[M8T] OUT2 e2e8=6174
[M8T] OUT2 e2e8=b808
[M8T] IN2 9aee=0000
[M8T] OUT2 86e8=0155
[M8T] OUT2 82e8=00fd
[M8B] start cur=341,253 dyend=259 dpc=3251 dpitch=1024 doff=0 clip 304,248-374,260 compat=0
[M8T] OUT2 e2e8=7f74
[M8T] OUT2 e2e8=b808
[M8T] OUT2 86e8=015b
[M8T] OUT2 82e8=00fa
[M8B] start cur=347,250 dyend=259 dpc=3251 dpitch=1024 doff=0 clip 304,248-374,260 compat=0
[M8T] OUT2 e2e8=80ff
[M8T] OUT2 e2e8=0000
[M8T] IN2 9aee=8000
[M8T] IN2 9aee=0000
[M8T] OUT2 daee=0000
[M8T] OUT2 deee=0000
[M8T] OUT2 e2ee=05ff
[M8T] OUT2 e6ee=05ff
[M8T] IN2 9aee=f000
[M8T] IN2 9aee=0000
[M8T] OUT2 a6e8=0707
[M8T] OUT2 86e8=0068
[M8T] OUT2 82e8=0073
[M8B] start cur=104,115 dyend=131 dpc=2211 dpitch=1024 doff=0 clip 0,0-1535,1535 compat=0
[M8B] end cur=104,131
[M8T] IN2 9aee=0000
[M8T] OUT2 daee=0068
[M8T] OUT2 deee=0073
[M8T] OUT2 e2ee=016e
[M8T] OUT2 e6ee=007f
[M8T] IN2 9aee=f000
[M8T] IN2 9aee=0000
[M8T] OUT2 a6e8=0007
[M8T] IN2 9aee=e000
[M8T] IN2 9aee=0000
[M8T] OUT2 86e8=0068
[M8T] OUT2 82e8=0073
[M8B] start cur=104,115 dyend=128 dpc=2211 dpitch=1024 doff=0 clip 104,115-366,127 compat=0
[M8B] end cur=104,128
[M8T] IN2 9aee=0000
[M8T] OUT2 a6e8=0000
[M8T] IN2 9aee=f800
[M8T] IN2 9aee=0000
[M8T] OUT2 86e8=0069
[M8T] OUT2 82e8=0075
[M8B] start cur=105,117 dyend=126 dpc=3251 dpitch=1024 doff=0 clip 104,115-366,127 compat=0
[M8T] OUT2 e2e8=187a
[M8T] OUT2 e2e8=8220
[M8T] OUT2 e2e8=2108
[M8T] OUT2 e2e8=0078
[M8T] OUT2 86e8=0070
[M8T] OUT2 82e8=0075
[M8B] start cur=112,117 dyend=126 dpc=3251 dpitch=1024 doff=0 clip 104,115-366,127 compat=0
[M8T] OUT2 e2e8=80ff
[M8T] OUT2 e2e8=0000
[M8T] IN2 9aee=8000
[M8T] IN2 9aee=0000
[M8T] OUT2 86e8=0072
[M8T] OUT2 82e8=0075
[M8B] start cur=114,117 dyend=126 dpc=3251 dpitch=1024 doff=0 clip 104,115-366,127 compat=0
[M8T] OUT2 e2e8=809f
[M8T] OUT2 e2e8=0000
[M8T] OUT2 86e8=0074
[M8T] OUT2 82e8=0078
[M8B] start cur=116,120 dyend=126 dpc=3251 dpitch=1024 doff=0 clip 104,115-366,127 compat=0
[M8T] OUT2 e2e8=6174
[M8T] OUT2 e2e8=b808
[M8T] IN2 9aee=0000
[M8T] OUT2 86e8=007a
[M8T] OUT2 82e8=0075
[M8B] start cur=122,117 dyend=126 dpc=3251 dpitch=1024 doff=0 clip 104,115-366,127 compat=0
[M8T] OUT2 e2e8=2184
[M8T] OUT2 e2e8=622a
[M8T] OUT2 e2e8=8892
[M8T] OUT2 e2e8=0000
[M8T] OUT2 86e8=0083
[M8T] OUT2 82e8=0075
[M8B] start cur=131,117 dyend=126 dpc=3251 dpitch=1024 doff=0 clip 104,115-366,127 compat=0
[M8T] OUT2 e2e8=187a
[M8T] OUT2 e2e8=8220
[M8T] IN2 9aee=0000
[M8T] OUT2 e2e8=2108
[M8T] OUT2 e2e8=0078
[M8T] OUT2 86e8=008a
[M8T] OUT2 82e8=0078
[M8B] start cur=138,120 dyend=126 dpc=3251 dpitch=1024 doff=0 clip 104,115-366,127 compat=0
[M8T] OUT2 e2e8=5f70
[M8T] OUT2 e2e8=bc18
[M8T] OUT2 86e8=0090
[M8T] OUT2 82e8=0078
[M8B] start cur=144,120 dyend=126 dpc=3251 dpitch=1024 doff=0 clip 104,115-366,127 compat=0
[M8T] OUT2 e2e8=63b6
[M8T] OUT2 e2e8=c418
[M8T] IN2 9aee=0000
[M8T] OUT2 86e8=0096
[M8T] OUT2 82e8=0078
[M8B] start cur=150,120 dyend=126 dpc=3251 dpitch=1024 doff=0 clip 104,115-366,127 compat=0
[M8T] OUT2 e2e8=6174
[M8T] OUT2 e2e8=b808
[M8T] OUT2 86e8=009c
[M8T] OUT2 82e8=0078
[M8B] start cur=156,120 dyend=126 dpc=3251 dpitch=1024 doff=0 clip 104,115-366,127 compat=0
[M8T] OUT2 e2e8=7f74
[M8T] OUT2 e2e8=b808
[M8T] IN2 9aee=0000
[M8T] OUT2 86e8=00a2
[M8T] OUT2 82e8=0075
[M8B] start cur=162,117 dyend=126 dpc=3251 dpitch=1024 doff=0 clip 104,115-366,127 compat=0
[M8T] OUT2 e2e8=80ff
[M8T] OUT2 e2e8=0000
[M8T] OUT2 86e8=00a7
[M8T] OUT2 82e8=0076
[M8B] start cur=167,118 dyend=126 dpc=3251 dpitch=1024 doff=0 clip 104,115-366,127 compat=0
[M8T] OUT2 e2e8=a9ae
[M8T] OUT2 e2e8=0000
[M8T] IN2 9aee=8000
[M8T] IN2 9aee=0000
[M8T] OUT2 86e8=00aa
[M8T] OUT2 82e8=0078
[M8B] start cur=170,120 dyend=126 dpc=3251 dpitch=1024 doff=0 clip 104,115-366,127 compat=0
[M8T] OUT2 e2e8=6374
[M8T] OUT2 e2e8=b818
[M8T] OUT2 86e8=00b3
[M8T] OUT2 82e8=0075
[M8B] start cur=179,117 dyend=126 dpc=3251 dpitch=1024 doff=0 clip 104,115-366,127 compat=0
[M8T] OUT2 e2e8=809f
[M8T] OUT2 e2e8=0000
[M8T] IN2 9aee=8000
[M8T] IN2 9aee=0000
[M8T] OUT2 86e8=00b5
[M8T] OUT2 82e8=0078
[M8B] start cur=181,120 dyend=128 dpc=3251 dpitch=1024 doff=0 clip 104,115-366,127 compat=0
[M8T] OUT2 e2e8=637c
[M8T] OUT2 e2e8=bc18
[M8T] OUT2 e2e8=003e
[M8T] OUT2 e2e8=0000
[M8T] OUT2 86e8=00bb
[M8T] OUT2 82e8=0078
[M8B] start cur=187,120 dyend=126 dpc=3251 dpitch=1024 doff=0 clip 104,115-366,127 compat=0
[M8T] OUT2 e2e8=63b6
[M8T] OUT2 e2e8=c418
[M8T] IN2 9aee=0000
[M8T] OUT2 86e8=00c1
[M8T] OUT2 82e8=0078
[M8B] start cur=193,120 dyend=126 dpc=3251 dpitch=1024 doff=0 clip 104,115-366,127 compat=0
[M8T] OUT2 e2e8=6374
[M8T] OUT2 e2e8=b818
[M8T] OUT2 86e8=00c7
[M8T] OUT2 82e8=0078
[M8B] start cur=199,120 dyend=126 dpc=3251 dpitch=1024 doff=0 clip 104,115-366,127 compat=0
[M8T] OUT2 e2e8=a0ea
[M8T] OUT2 e2e8=0000
[M8T] IN2 9aee=8000
[M8T] IN2 9aee=0000
[M8T] OUT2 86e8=00ca
[M8T] OUT2 82e8=0078
[M8B] start cur=202,120 dyend=126 dpc=3251 dpitch=1024 doff=0 clip 104,115-366,127 compat=0
[M8T] OUT2 e2e8=7f74
[M8T] OUT2 e2e8=b808
[M8T] OUT2 86e8=00d3
[M8T] OUT2 82e8=0078
[M8B] start cur=211,120 dyend=126 dpc=3251 dpitch=1024 doff=0 clip 104,115-366,127 compat=0
[M8T] OUT2 e2e8=5f70
[M8T] OUT2 e2e8=bc18
[M8T] IN2 9aee=0000
[M8T] OUT2 86e8=00d9
[M8T] OUT2 82e8=0078
[M8B] start cur=217,120 dyend=126 dpc=3251 dpitch=1024 doff=0 clip 104,115-366,127 compat=0
[M8T] OUT2 e2e8=63b6
[M8T] OUT2 e2e8=c418
[M8T] OUT2 86e8=00df
[M8T] OUT2 82e8=0075
[M8B] start cur=223,117 dyend=126 dpc=3251 dpitch=1024 doff=0 clip 104,115-366,127 compat=0
[M8T] OUT2 e2e8=4208
[M8T] OUT2 e2e8=c6f8
[M8T] OUT2 e2e8=7831
[M8T] OUT2 e2e8=0000
[M8T] IN2 9aee=8000
[M8T] IN2 9aee=0000
[M8T] OUT2 86e8=00e8
[M8T] OUT2 82e8=0078
[M8B] start cur=232,120 dyend=126 dpc=3251 dpitch=1024 doff=0 clip 104,115-366,127 compat=0
[M8T] OUT2 e2e8=a0ea
[M8T] OUT2 e2e8=0000
[M8T] OUT2 86e8=00eb
[M8T] OUT2 82e8=0078
[M8B] start cur=235,120 dyend=126 dpc=3251 dpitch=1024 doff=0 clip 104,115-366,127 compat=0
[M8T] OUT2 e2e8=7f74
[M8T] OUT2 e2e8=b808
[M8T] IN2 9aee=0000
[M8T] OUT2 86e8=00f1
[M8T] OUT2 82e8=0076
[M8B] start cur=241,118 dyend=126 dpc=3251 dpitch=1024 doff=0 clip 104,115-366,127 compat=0
[M8T] OUT2 e2e8=a9ae
[M8T] OUT2 e2e8=0000
[M8T] OUT2 86e8=00f4
[M8T] OUT2 82e8=0078
[M8B] start cur=244,120 dyend=126 dpc=3251 dpitch=1024 doff=0 clip 104,115-366,127 compat=0
[M8T] OUT2 e2e8=638c
[M8T] OUT2 e2e8=b419
[M8T] IN2 9aee=0000
[M8T] OUT2 86e8=00fa
[M8T] OUT2 82e8=0078
[M8B] start cur=250,120 dyend=126 dpc=3251 dpitch=1024 doff=0 clip 104,115-366,127 compat=0
[M8T] OUT2 e2e8=a0ea
[M8T] OUT2 e2e8=0000
[M8T] OUT2 86e8=00fd
[M8T] OUT2 82e8=0078
[M8B] start cur=253,120 dyend=126 dpc=3251 dpitch=1024 doff=0 clip 104,115-366,127 compat=0
[M8T] OUT2 e2e8=63b6
[M8T] OUT2 e2e8=c418
[M8T] IN2 9aee=0000
[M8T] OUT2 86e8=0106
[M8T] OUT2 82e8=0076
[M8B] start cur=262,118 dyend=126 dpc=3251 dpitch=1024 doff=0 clip 104,115-366,127 compat=0
[M8T] OUT2 e2e8=a9ae
[M8T] OUT2 e2e8=0000
[M8T] OUT2 86e8=0109
[M8T] OUT2 82e8=0078
[M8B] start cur=265,120 dyend=126 dpc=3251 dpitch=1024 doff=0 clip 104,115-366,127 compat=0
[M8T] OUT2 e2e8=6374
[M8T] OUT2 e2e8=b818
[M8T] IN2 9aee=0000
[M8T] OUT2 86e8=0111
[M8T] OUT2 82e8=0075
[M8B] start cur=273,117 dyend=126 dpc=3251 dpitch=1024 doff=0 clip 104,115-366,127 compat=0
[M8T] OUT2 e2e8=3080
[M8T] OUT2 e2e8=1105
[M8T] OUT2 e2e8=2422
[M8T] OUT2 e2e8=5544
[M8T] OUT2 e2e8=a00a
[M8T] OUT2 e2e8=1188
[M8T] OUT2 e2e8=0000
*** 1 repeats ***
[M8T] IN2 9aee=8000
[M8T] IN2 9aee=0000
[M8T] OUT2 86e8=011d
[M8T] OUT2 82e8=0075
[M8B] start cur=285,117 dyend=126 dpc=3251 dpitch=1024 doff=0 clip 104,115-366,127 compat=0
[M8T] OUT2 e2e8=809f
[M8T] OUT2 e2e8=0000
[M8T] OUT2 86e8=011f
[M8T] OUT2 82e8=0078
[M8B] start cur=287,120 dyend=126 dpc=3251 dpitch=1024 doff=0 clip 104,115-366,127 compat=0
[M8T] OUT2 e2e8=63b6
[M8T] OUT2 e2e8=c418
[M8T] IN2 9aee=0000
[M8T] OUT2 86e8=0125
[M8T] OUT2 82e8=0075
[M8B] start cur=293,117 dyend=126 dpc=3251 dpitch=1024 doff=0 clip 104,115-366,127 compat=0
[M8T] OUT2 e2e8=4208
[M8T] OUT2 e2e8=c6f8
[M8T] OUT2 e2e8=7831
[M8T] OUT2 e2e8=0000
[M8T] OUT2 86e8=012b
[M8T] OUT2 82e8=0078
[M8B] start cur=299,120 dyend=126 dpc=3251 dpitch=1024 doff=0 clip 104,115-366,127 compat=0
[M8T] OUT2 e2e8=6374
[M8T] OUT2 e2e8=b818
[M8T] IN2 9aee=0000
[M8T] OUT2 86e8=0131
[M8T] OUT2 82e8=0078
[M8B] start cur=305,120 dyend=126 dpc=3251 dpitch=1024 doff=0 clip 104,115-366,127 compat=0
[M8T] OUT2 e2e8=2693
[M8T] OUT2 e2e8=54ad
[M8T] OUT2 e2e8=8048
[M8T] OUT2 e2e8=0000
[M8T] OUT2 86e8=0139
[M8T] OUT2 82e8=0078
[M8B] start cur=313,120 dyend=126 dpc=3251 dpitch=1024 doff=0 clip 104,115-366,127 compat=0
[M8T] OUT2 e2e8=4269
[M8T] OUT2 e2e8=0096
[M8T] IN2 9aee=0000
[M8T] OUT2 86e8=013e
[M8T] OUT2 82e8=007d
[M8B] start cur=318,125 dyend=126 dpc=3251 dpitch=1024 doff=0 clip 104,115-366,127 compat=0
[M8T] OUT2 e2e8=0080
[M8T] OUT2 e2e8=0000
[M8T] IN2 9aee=8000
[M8T] IN2 9aee=0000
[M8T] OUT2 daee=0000
[M8T] OUT2 deee=0000
[M8T] OUT2 e2ee=05ff
[M8T] OUT2 e6ee=05ff
[M8T] IN2 9aee=f000
[M8T] IN2 9aee=0000
[M8T] OUT2 a6e8=0707
[M8T] OUT2 86e8=005d
[M8T] OUT2 82e8=0073
[M8B] start cur=93,115 dyend=128 dpc=2211 dpitch=1024 doff=0 clip 0,0-1535,1535 compat=0
[M8B] end cur=93,128
[M8T] IN2 9aee=0000
[M8T] OUT2 daee=005d
[M8T] OUT2 deee=0073
[M8T] OUT2 e2ee=0068
[M8T] OUT2 e6ee=007f
[M8T] IN2 9aee=f000
[M8T] IN2 9aee=0000
[M8T] OUT2 a6e8=0007
[M8T] IN2 9aee=e000
[M8T] IN2 9aee=0000
[M8T] OUT2 86e8=005d
[M8T] OUT2 82e8=0073
[M8B] start cur=93,115 dyend=128 dpc=2211 dpitch=1024 doff=0 clip 93,115-104,127 compat=0
[M8B] end cur=93,128
[M8T] IN2 9aee=0000
[M8T] OUT2 a6e8=0000
[M8T] IN2 9aee=f800
[M8T] IN2 9aee=0000
[M8T] OUT2 86e8=005e
[M8T] OUT2 82e8=007a
[M8B] start cur=94,122 dyend=123 dpc=3251 dpitch=1024 doff=0 clip 93,115-104,127 compat=0
[M8T] OUT2 e2e8=00c0
[M8T] OUT2 e2e8=0000
[M8T] IN2 9aee=8000
[M8T] IN2 9aee=0000
[M8T] OUT2 daee=0000
[M8T] OUT2 deee=0000
[M8T] OUT2 e2ee=05ff
[M8T] OUT2 e6ee=05ff
[M8T] IN2 9aee=f000
[M8T] IN2 9aee=0000
[M8T] OUT2 a6e8=0707
[M8T] OUT2 86e8=005d
[M8T] OUT2 82e8=0092
[M8B] start cur=93,146 dyend=159 dpc=2211 dpitch=1024 doff=0 clip 0,0-1535,1535 compat=0
[M8B] end cur=93,159
[M8T] IN2 9aee=0000
[M8T] OUT2 daee=005d
[M8T] OUT2 deee=0092
[M8T] OUT2 e2ee=0068
[M8T] OUT2 e6ee=009e
[M8T] IN2 9aee=f000
[M8T] IN2 9aee=0000
[M8T] OUT2 a6e8=0007
[M8T] IN2 9aee=e000
[M8T] IN2 9aee=0000
[M8T] OUT2 86e8=005d
[M8T] OUT2 82e8=0092
[M8B] start cur=93,146 dyend=159 dpc=2211 dpitch=1024 doff=0 clip 93,146-104,158 compat=0
[M8B] end cur=93,159
[M8T] IN2 9aee=0000
[M8T] OUT2 a6e8=0000
[M8T] IN2 9aee=f800
[M8T] IN2 9aee=0000
[M8T] OUT2 86e8=005e
[M8T] OUT2 82e8=0099
[M8B] start cur=94,153 dyend=154 dpc=3251 dpitch=1024 doff=0 clip 93,146-104,158 compat=0
[M8T] OUT2 e2e8=00c0
[M8T] OUT2 e2e8=0000
[M8T] IN2 9aee=8000
[M8T] IN2 9aee=0000
[M8T] OUT2 daee=0000
[M8T] OUT2 deee=0000
[M8T] OUT2 e2ee=05ff
[M8T] OUT2 e6ee=05ff
[M8T] IN2 9aee=f000
[M8T] IN2 9aee=0000
[M8T] OUT2 a6e8=0707
[M8T] OUT2 86e8=005d
[M8T] OUT2 82e8=00be
[M8B] start cur=93,190 dyend=203 dpc=2211 dpitch=1024 doff=0 clip 0,0-1535,1535 compat=0
[M8B] end cur=93,203
[M8T] IN2 9aee=0000
[M8T] OUT2 daee=005d
[M8T] OUT2 deee=00be
[M8T] OUT2 e2ee=0068
[M8T] OUT2 e6ee=00ca
[M8T] IN2 9aee=f000
[M8T] IN2 9aee=0000
[M8T] OUT2 a6e8=0007
[M8T] IN2 9aee=e000
[M8T] IN2 9aee=0000
[M8T] OUT2 86e8=005d
[M8T] OUT2 82e8=00be
[M8B] start cur=93,190 dyend=203 dpc=2211 dpitch=1024 doff=0 clip 93,190-104,202 compat=0
[M8B] end cur=93,203
[M8T] IN2 9aee=0000
[M8T] OUT2 a6e8=0000
[M8T] IN2 9aee=f800
[M8T] IN2 9aee=0000
[M8T] OUT2 86e8=005e
[M8T] OUT2 82e8=00c5
[M8B] start cur=94,197 dyend=198 dpc=3251 dpitch=1024 doff=0 clip 93,190-104,202 compat=0
[M8T] OUT2 e2e8=00c0
[M8T] OUT2 e2e8=0000
[M8T] IN2 9aee=8000
[M8T] IN2 9aee=0000
[M8T] OUT2 daee=0000
[M8T] OUT2 deee=0000
[M8T] OUT2 e2ee=05ff
[M8T] OUT2 e6ee=05ff
[M8T] IN2 9aee=f000
[M8T] IN2 9aee=0000
[M8T] IN2 9ae8=0000
[M8T] OUT2 daee=0030
[M8T] OUT2 e2ee=004f
[M8T] OUT2 86e8=0030
[M8T] OUT2 82e8=0047
[M8B] start cur=48,71 dyend=103 dpc=5211 dpitch=1024 doff=0 clip 48,0-79,1535 compat=0
[M8T] OUT2 e2e8=0707
*** 5 repeats ***
[M8T] OUT2 e2e8=0307
[M8T] OUT2 e2e8=0303
[M8T] OUT2 e2e8=0707
*** 13 repeats ***
[M8T] OUT2 e2e8=fb03
[M8T] OUT2 e2e8=07fb
[M8T] OUT2 e2e8=0700
[M8T] OUT2 e2e8=0707
*** 11 repeats ***
[M8T] OUT2 e2e8=0307
[M8T] OUT2 e2e8=fbfb
*** 1 repeats ***
[M8T] OUT2 e2e8=0007
[M8T] OUT2 e2e8=07f8
[M8T] OUT2 e2e8=0707
*** 10 repeats ***
[M8T] OUT2 e2e8=0307
[M8T] OUT2 e2e8=fbfb
*** 1 repeats ***
[M8T] OUT2 e2e8=00fb
[M8T] OUT2 e2e8=f8f8
[M8T] OUT2 e2e8=0707
*** 10 repeats ***
[M8T] OUT2 e2e8=fb03
[M8T] OUT2 e2e8=fbfb
*** 1 repeats ***
[M8T] OUT2 e2e8=07fb
[M8T] OUT2 e2e8=f800
[M8T] OUT2 e2e8=07f8
[M8T] OUT2 e2e8=0707
*** 9 repeats ***
[M8T] OUT2 e2e8=fb03
[M8T] OUT2 e2e8=fbfb
*** 2 repeats ***
[M8T] OUT2 e2e8=f800
[M8T] OUT2 e2e8=07f8
[M8T] OUT2 e2e8=0707
*** 8 repeats ***
[M8T] OUT2 e2e8=0307
[M8T] OUT2 e2e8=fbfb
*** 3 repeats ***
[M8T] OUT2 e2e8=0007
[M8T] OUT2 e2e8=f8f8
[M8T] OUT2 e2e8=0707
*** 8 repeats ***
[M8T] OUT2 e2e8=0307
[M8T] OUT2 e2e8=fbfb
*** 3 repeats ***
[M8T] OUT2 e2e8=00fb
[M8T] OUT2 e2e8=f8f8
[M8T] OUT2 e2e8=0707
*** 8 repeats ***
[M8T] OUT2 e2e8=fb03
[M8T] OUT2 e2e8=fbfb
*** 3 repeats ***
[M8T] OUT2 e2e8=07fb
[M8T] OUT2 e2e8=f800
[M8T] OUT2 e2e8=07f8
[M8T] OUT2 e2e8=0707
*** 7 repeats ***
[M8T] OUT2 e2e8=fb03
[M8T] OUT2 e2e8=fbfb
[M8T] OUT2 e2e8=0007
[M8T] OUT2 e2e8=0000
[M8T] OUT2 e2e8=fb07
[M8T] OUT2 e2e8=fbfb
[M8T] OUT2 e2e8=f800
[M8T] OUT2 e2e8=07f8
[M8T] OUT2 e2e8=0707
*** 6 repeats ***
[M8T] OUT2 e2e8=0307
[M8T] OUT2 e2e8=fbfb
*** 1 repeats ***
[M8T] OUT2 e2e8=0000
*** 1 repeats ***
[M8T] OUT2 e2e8=fb00
[M8T] OUT2 e2e8=fbfb
[M8T] OUT2 e2e8=0007
[M8T] OUT2 e2e8=f8f8
[M8T] OUT2 e2e8=0707
*** 6 repeats ***
[M8T] OUT2 e2e8=0307
[M8T] OUT2 e2e8=fbfb
*** 1 repeats ***
[M8T] OUT2 e2e8=0000
*** 1 repeats ***
[M8T] OUT2 e2e8=fb00
[M8T] OUT2 e2e8=fbfb
[M8T] OUT2 e2e8=00fb
[M8T] OUT2 e2e8=f8f8
[M8T] OUT2 e2e8=0707
*** 6 repeats ***
[M8T] OUT2 e2e8=fb03
[M8T] OUT2 e2e8=fbfb
*** 1 repeats ***
[M8T] OUT2 e2e8=0000
*** 1 repeats ***
[M8T] OUT2 e2e8=fb00
[M8T] OUT2 e2e8=fbfb
[M8T] OUT2 e2e8=07fb
[M8T] OUT2 e2e8=f800
[M8T] OUT2 e2e8=07f8
[M8T] OUT2 e2e8=0707
*** 5 repeats ***
[M8T] OUT2 e2e8=fb03
[M8T] OUT2 e2e8=fbfb
*** 1 repeats ***
[M8T] OUT2 e2e8=0000
*** 1 repeats ***
[M8T] OUT2 e2e8=fb00
[M8T] OUT2 e2e8=fbfb
*** 1 repeats ***
[M8T] OUT2 e2e8=f800
[M8T] OUT2 e2e8=07f8
[M8T] OUT2 e2e8=0707
*** 4 repeats ***
[M8T] OUT2 e2e8=0307
[M8T] OUT2 e2e8=fbfb
*** 2 repeats ***
[M8T] OUT2 e2e8=0000
*** 1 repeats ***
[M8T] OUT2 e2e8=fb00
[M8T] OUT2 e2e8=fbfb
*** 1 repeats ***
[M8T] OUT2 e2e8=0007
[M8T] OUT2 e2e8=f8f8
[M8T] OUT2 e2e8=0707
*** 4 repeats ***
[M8T] OUT2 e2e8=0307
[M8T] OUT2 e2e8=fbfb
*** 2 repeats ***
[M8T] OUT2 e2e8=0003
[M8T] OUT2 e2e8=0000
[M8T] OUT2 e2e8=fb03
[M8T] OUT2 e2e8=fbfb
*** 1 repeats ***
[M8T] OUT2 e2e8=00fb
[M8T] OUT2 e2e8=f8f8
[M8T] OUT2 e2e8=0707
*** 4 repeats ***
[M8T] OUT2 e2e8=fb03
[M8T] OUT2 e2e8=fbfb
*** 2 repeats ***
[M8T] OUT2 e2e8=0007
[M8T] OUT2 e2e8=0000
[M8T] OUT2 e2e8=fb07
[M8T] OUT2 e2e8=fbfb
*** 1 repeats ***
[M8T] OUT2 e2e8=07fb
[M8T] OUT2 e2e8=f800
[M8T] OUT2 e2e8=07f8
[M8T] OUT2 e2e8=0707
*** 3 repeats ***
[M8T] OUT2 e2e8=fb03
[M8T] OUT2 e2e8=fbfb
*** 2 repeats ***
[M8T] OUT2 e2e8=00fb
[M8T] OUT2 e2e8=0000
[M8T] OUT2 e2e8=fbfb
*** 3 repeats ***
[M8T] OUT2 e2e8=f800
[M8T] OUT2 e2e8=07f8
[M8T] OUT2 e2e8=0707
*** 2 repeats ***
[M8T] OUT2 e2e8=0307
[M8T] OUT2 e2e8=fbfb
*** 3 repeats ***
[M8T] OUT2 e2e8=03fb
[M8T] OUT2 e2e8=0300
[M8T] OUT2 e2e8=fbfb
*** 3 repeats ***
[M8T] OUT2 e2e8=0007
[M8T] OUT2 e2e8=f8f8
[M8T] OUT2 e2e8=0707
*** 2 repeats ***
[M8T] OUT2 e2e8=0307
[M8T] OUT2 e2e8=fbfb
*** 3 repeats ***
[M8T] OUT2 e2e8=07fb
[M8T] OUT2 e2e8=0700
[M8T] OUT2 e2e8=fbfb
*** 3 repeats ***
[M8T] OUT2 e2e8=00fb
[M8T] OUT2 e2e8=f8f8
[M8T] OUT2 e2e8=0707
*** 2 repeats ***
[M8T] OUT2 e2e8=fb03
[M8T] OUT2 e2e8=fbfb
*** 4 repeats ***
[M8T] OUT2 e2e8=fb00
[M8T] OUT2 e2e8=fbfb
*** 3 repeats ***
[M8T] OUT2 e2e8=07fb
[M8T] OUT2 e2e8=f800
[M8T] OUT2 e2e8=07f8
[M8T] OUT2 e2e8=0707
*** 1 repeats ***
[M8T] OUT2 e2e8=fb03
[M8T] OUT2 e2e8=fbfb
*** 10 repeats ***
[M8T] OUT2 e2e8=f800
[M8T] OUT2 e2e8=07f8
[M8T] OUT2 e2e8=0707
[M8T] OUT2 e2e8=0307
[M8T] OUT2 e2e8=fbfb
*** 4 repeats ***
[M8T] OUT2 e2e8=07fb
[M8T] OUT2 e2e8=0000
[M8T] OUT2 e2e8=fb07
[M8T] OUT2 e2e8=fbfb
*** 3 repeats ***
[M8T] OUT2 e2e8=0007
[M8T] OUT2 e2e8=f8f8
[M8T] OUT2 e2e8=0707
[M8T] OUT2 e2e8=0307
[M8T] OUT2 e2e8=fbfb
*** 4 repeats ***
[M8T] OUT2 e2e8=00fb
[M8T] OUT2 e2e8=0000
[M8T] OUT2 e2e8=fb00
[M8T] OUT2 e2e8=fbfb
*** 3 repeats ***
[M8T] OUT2 e2e8=00fb
[M8T] OUT2 e2e8=f8f8
[M8T] OUT2 e2e8=0707
[M8T] OUT2 e2e8=fb03
[M8T] OUT2 e2e8=fbfb
*** 4 repeats ***
[M8T] OUT2 e2e8=00fb
[M8T] OUT2 e2e8=0000
[M8T] OUT2 e2e8=fb00
[M8T] OUT2 e2e8=fbfb
*** 3 repeats ***
[M8T] OUT2 e2e8=07fb
[M8T] OUT2 e2e8=f800
[M8T] OUT2 e2e8=07f8
[M8T] OUT2 e2e8=fb03
[M8T] OUT2 e2e8=fbfb
*** 4 repeats ***
[M8T] OUT2 e2e8=07fb
[M8T] OUT2 e2e8=0000
[M8T] OUT2 e2e8=fb07
[M8T] OUT2 e2e8=fbfb
*** 4 repeats ***
[M8T] OUT2 e2e8=f800
[M8T] OUT2 e2e8=07f8
[M8T] OUT2 e2e8=fb03
[M8T] OUT2 e2e8=fbfb
*** 12 repeats ***
[M8T] OUT2 e2e8=f800
[M8T] OUT2 e2e8=f8f8
[M8T] OUT2 e2e8=fb03
[M8T] OUT2 e2e8=fbfb
*** 11 repeats ***
[M8T] OUT2 e2e8=07fb
[M8T] OUT2 e2e8=f800
[M8T] OUT2 e2e8=f8f8
[M8T] OUT2 e2e8=0307
[M8T] OUT2 e2e8=fbfb
*** 11 repeats ***
[M8T] OUT2 e2e8=0007
[M8T] OUT2 e2e8=f8f8
*** 1 repeats ***
[M8T] OUT2 e2e8=0707
[M8T] OUT2 e2e8=0003
[M8T] OUT2 e2e8=0000
*** 10 repeats ***
[M8T] OUT2 e2e8=f800
[M8T] OUT2 e2e8=f8f8
*** 1 repeats ***
[M8T] OUT2 e2e8=0707
*** 1 repeats ***
[M8T] OUT2 e2e8=f8f8
*** 12 repeats ***
[M8T] OUT2 e2e8=07f8
[M8T] OUT2 e2e8=0707
*** 1 repeats ***
[M8T] OUT2 e2e8=f807
[M8T] OUT2 e2e8=f8f8
*** 11 repeats ***
[M8T] OUT2 e2e8=0707
[M8B] end cur=48,103
[M8T] IN2 9aee=0000
[M8T] OUT2 daee=0000
[M8T] OUT2 e2ee=05ff
[M8T] IN2 9aee=c000
[M8T] IN2 9aee=0000
[M8T] OUT2 daee=0000
[M8T] OUT2 deee=0000
[M8T] OUT2 e2ee=03ff
[M8T] OUT2 e6ee=02ff
[M8T] IN2 9aee=fc00
[M8T] IN2 9aee=0000
[M8T] OUT2 8ee8=0010
[M8T] OUT2 8ae8=0300
[M8T] OUT2 86e8=01f0
[M8T] OUT2 82e8=0170
[M8B] start cur=496,368 dyend=400 dpc=6211 dpitch=1024 doff=0 clip 0,0-1023,767 compat=0
[M8B] end cur=496,400
[M8T] OUT2 e2ee=05ff
[M8T] OUT2 e6ee=05ff
[M8T] IN2 9aee=c000
[M8T] IN2 9aee=0000
[M8T] IN2 9aee=e000
[M8T] IN2 9aee=0000
[M8T] OUT2 86e8=0010
[M8T] OUT2 82e8=0301
[M8B] start cur=16,769 dyend=770 dpc=3251 dpitch=1024 doff=0 clip 0,0-1535,1535 compat=0
[M8T] IN2 9aee=0000
[M8T] OUT2 e2e8=ff7f
[M8T] OUT2 e2e8=ffff
[M8T] OUT2 e2e8=ff3f
[M8T] OUT2 e2e8=ffff
[M8T] OUT2 e2e8=ff1f
[M8T] OUT2 e2e8=ffff
[M8T] OUT2 e2e8=ff0f
[M8T] OUT2 e2e8=ffff
[M8T] OUT2 e2e8=ff07
[M8T] OUT2 e2e8=ffff
[M8T] OUT2 e2e8=ff03
[M8T] OUT2 e2e8=ffff
[M8T] OUT2 e2e8=ff01
[M8T] OUT2 e2e8=ffff
[M8T] OUT2 e2e8=ff00
[M8T] OUT2 e2e8=ffff
[M8T] OUT2 e2e8=7f00
[M8T] OUT2 e2e8=ffff
[M8T] OUT2 e2e8=3f00
[M8T] OUT2 e2e8=ffff
[M8T] OUT2 e2e8=1f00
[M8T] OUT2 e2e8=ffff
[M8T] OUT2 e2e8=ff01
[M8T] OUT2 e2e8=ffff
[M8T] OUT2 e2e8=ff10
[M8T] OUT2 e2e8=ffff
[M8T] OUT2 e2e8=ff30
[M8T] OUT2 e2e8=ffff
[M8T] OUT2 e2e8=7f78
[M8T] OUT2 e2e8=ffff
[M8T] OUT2 e2e8=7ff8
[M8T] OUT2 e2e8=ffff
[M8T] OUT2 e2e8=3ffc
[M8T] OUT2 e2e8=ffff
[M8T] OUT2 e2e8=3ffc
[M8T] OUT2 e2e8=ffff
[M8T] OUT2 e2e8=7ffe
[M8T] OUT2 e2e8=ffff
*** 25 repeats ***
[M8T] IN2 9aee=0000
[M8T] OUT2 86e8=0000
[M8T] OUT2 82e8=0302
[M8T] OUT2 caee=0010
[M8X] scan cur=0,770 to=16 compat=0 dpc=3251 dp_compat=0 frgd_sel=1 bkgd_sel=0 mono=2 fmix=02 cmd_back=0 pixw=1 pitch=1024 off=0 dstp=1024
[M8T] IN2 9aee=0000
[M8T] OUT2 e2e8=ffff
[M8T] IN2 9aee=0000
[M8T] OUT2 86e8=0010
[M8T] OUT2 82e8=0301
[M8B] start cur=16,769 dyend=770 dpc=3251 dpitch=1024 doff=0 clip 0,0-1535,1535 compat=0
[M8T] IN2 9aee=0000
[M8T] OUT2 e2e8=0000
*** 3 repeats ***
[M8T] OUT2 e2e8=0040
[M8T] OUT2 e2e8=0000
[M8T] OUT2 e2e8=0060
[M8T] OUT2 e2e8=0000
[M8T] OUT2 e2e8=0070
[M8T] OUT2 e2e8=0000
[M8T] OUT2 e2e8=0078
[M8T] OUT2 e2e8=0000
[M8T] OUT2 e2e8=007c
[M8T] OUT2 e2e8=0000
[M8T] OUT2 e2e8=007e
[M8T] OUT2 e2e8=0000
[M8T] OUT2 e2e8=007f
[M8T] OUT2 e2e8=0000
[M8T] OUT2 e2e8=807f
[M8T] OUT2 e2e8=0000
[M8T] OUT2 e2e8=007c
[M8T] OUT2 e2e8=0000
[M8T] OUT2 e2e8=006c
[M8T] OUT2 e2e8=0000
[M8T] OUT2 e2e8=0046
[M8T] OUT2 e2e8=0000
[M8T] OUT2 e2e8=0006
[M8T] OUT2 e2e8=0000
[M8T] OUT2 e2e8=0003
[M8T] OUT2 e2e8=0000
[M8T] OUT2 e2e8=0003
[M8T] OUT2 e2e8=0000
[M8T] OUT2 e2e8=8001
[M8T] OUT2 e2e8=0000
[M8T] OUT2 e2e8=8001
[M8T] OUT2 e2e8=0000
*** 27 repeats ***
[M8T] IN2 9aee=0000
[M8T] OUT2 86e8=0000
[M8T] OUT2 82e8=0302
[M8T] OUT2 caee=0010
[M8X] scan cur=0,770 to=16 compat=0 dpc=3251 dp_compat=0 frgd_sel=1 bkgd_sel=0 mono=2 fmix=02 cmd_back=0 pixw=1 pitch=1024 off=0 dstp=1024
[M8T] IN2 9aee=0000
[M8T] OUT2 e2e8=0000
[M8T] IN2 9aee=0000
[M8T] IN2 9aee=8000
[M8T] IN2 9aee=0000
[M8T] OUT2 8ee8=0200
[M8T] OUT2 8ae8=0180
[M8T] IN2 9aee=fe00
[M8T] IN2 9aee=0000
[M8T] OUT2 86e8=0010
[M8T] OUT2 82e8=0300
[M8B] start cur=16,768 dyend=769 dpc=6211 dpitch=1024 doff=0 clip 0,0-1535,1535 compat=0
[M8B] end cur=0,769
[M8T] IN2 9aee=0000
[M8T] OUT2 8ae8=019f
[M8T] OUT2 8ee8=0210
[M8T] IN2 9aee=f000
[M8T] IN2 9aee=0000
[M8T] OUT2 86e8=0000
[M8T] OUT2 82e8=0301
[M8T] OUT2 caee=0010
[M8X] scan cur=0,769 to=16 compat=0 dpc=6211 dp_compat=0 frgd_sel=3 bkgd_sel=0 mono=0 fmix=07 cmd_back=1 pixw=1 pitch=1024 off=0 dstp=1024
[M8Y] count=-1 width=16 dx=0 dy=769 dest=0c0400 clip l=0 t=0 r=1535 b=1535 cmp=0 fc=00000000 wm=000000ff
[M8T] IN2 9aee=0000
[M8T] OUT2 daee=0000
[M8T] OUT2 deee=0000
[M8T] OUT2 e2ee=03ff
[M8T] OUT2 e6ee=02ff
[M8T] OUT2 a6e8=ffff
[M8T] IN2 9aee=ff00
[M8T] IN2 9aee=0000
[M8T] OUT2 8ae8=0301
[M8T] OUT2 8ee8=0010
[M8T] OUT2 82e8=0180
[M8T] OUT2 86e8=0200
[M8B] start cur=512,384 dyend=416 dpc=2071 dpitch=1024 doff=0 clip 0,0-1023,767 compat=0
[M8T] IN2 9aee=0000
[M8T] OUT2 8ae8=0301
[M8T] OUT2 8ee8=0010
[M8T] OUT2 82e8=0180
[M8T] OUT2 86e8=0200
[M8B] start cur=512,384 dyend=416 dpc=2071 dpitch=1024 doff=0 clip 0,0-1023,767 compat=0
[M8T] OUT2 e2ee=05ff
[M8T] OUT2 e6ee=05ff
